ch0_ped,ch0_peak_max,ch0_peak_max_t,ch0_peak_max_10ns,ch0_peak_max_t_10ns,ch0_half_max_left,ch0_half_max_right,ch0_ninth_max_left,ch0_ninth_max_right,ch0_oneth_max_left,ch0_oneth_max_right,ch0_ninth_max_10ns_left,ch0_ninth_max_10ns_right,ch0_e_max_left,ch0_e_max_right,ch0_e_max_10ns_left,ch0_e_max_10ns_right,ch0_integ,ch0_integ_left,ch0_integ_right,ch1_ped,ch1_peak_max,ch1_peak_max_t,ch1_peak_max_10ns,ch1_peak_max_t_10ns,ch1_half_max_left,ch1_half_max_right,ch1_ninth_max_left,ch1_ninth_max_right,ch1_oneth_max_left,ch1_oneth_max_right,ch1_ninth_max_10ns_left,ch1_ninth_max_10ns_right,ch1_e_max_left,ch1_e_max_right,ch1_e_max_10ns_left,ch1_e_max_10ns_right,ch1_integ,ch1_integ_left,ch1_integ_right,proj_max,proj_max_t,proj_theta,proj_half_max_left,proj_half_max_right,proj_ninth_max_left,proj_ninth_max_right,proj_oneth_max_left,proj_oneth_max_right,proj_e_max_left,proj_e_max_right,proj_integ,proj_integ_left,proj_integ_right,proj_integ_peak,proj_max_10ns,proj_max_t_10ns,proj_theta_10ns,proj_oneth_max_10ns_left,proj_oneth_max_10ns_right,proj_ninth_max_10ns_left,proj_ninth_max_10ns_right,proj_e_max_10ns_left,proj_e_max_10ns_right
0.009430075,0.022185698,0.0128,0.021187162,0.01,0.015305705923500954,0.07172852961750469,0.010666184504323018,0.013599276756484511,0.019255291242460226,0.551191359131481,0.21083352361666624,0.0,0.016765790985450665,0.09408026844907741,0.2171655198504391,0.0,10.685667,0.70225203,10.0952,-0.0007527083,0.014428555,0.0072,0.012517642,0.01,0.008521700385428994,0.02244340021204138,0.0016709442909464542,0.004651573818244124,0.012399248024763847,0.051998496049527686,0.21079167339765723,0.0,0.010084166603556922,0.03133145819680345,0.2169080005720958,0.0,2.6869903,0.21971053,2.5016966,0.025500845,0.0128,0.5155969,0.015234428387948537,0.052297985889625614,0.009924060674347084,0.00934830228438444,0.018948854629010702,0.46626567154562937,0.01654257241689552,0.07281574418394618,5.3106737,0.8152211,9.923778,2.280329,0.024608681,0.01,0.5336366,0.02585344623458056,0.6216714557087897,0.010571785239201005,0.0101556702023536,0.0182770217015603,0.0732413622295013
0.009509513,0.024769023,0.0136,0.023646226,0.01,0.016349963294491135,0.06123306415960156,0.012081526139477683,0.011411968236380422,0.019851752905534842,0.31262771278435325,0.21100488341612886,0.0,0.0176426530692489,0.08222392861355665,0.21724167349594692,0.0,9.812948,0.85616213,9.0707035,-0.00038258475,0.016725363,0.008,0.013576064,0.01,0.009721199478846667,0.018848396838655787,0.002582623634449601,0.0028848377562166664,0.013050471043177412,0.043854239542504656,0.2110985303743013,0.0,0.010841743265940477,0.02338853276187591,0.21704562251871395,0.0,2.1628804,0.29579827,1.9133484,0.028723335,0.0056,0.5679272,0.008205297094701747,0.050783515273896594,0.003236695662563625,0.012682168178152957,0.011600886613755893,0.17511988980569956,0.009361277956505137,0.06761502850629163,4.717936,0.4299061,9.098577,2.1280434,0.027266346,0.01,0.521182,0.025973468185972945,0.3392665173184111,0.011075924507847505,0.00778491539151665,0.018444507873423888,0.06226312673734393
0.009439173,0.02495031,0.0152,0.023929585,0.01,0.01723273004646003,0.05937639553429027,0.013074409972299191,0.01006509325946445,0.020818531530063546,0.1919030072022161,0.21089295072554498,0.0,0.01844610094456957,0.07817400629713055,0.21697567414422245,0.0,9.296258,0.93245125,8.459042,-0.00013305286,0.01682369,0.008799999999999999,0.013855281,0.01,0.009527199243077758,0.019018000297180402,0.00258247228094001,0.0026867423651334207,0.013060436398545108,0.04175493307113756,0.21078174167434885,0.0,0.01100952767889021,0.022285749568999275,0.21673521408909988,0.0,1.8950279,0.2894384,1.6246243,0.029054672,0.0064,0.55995154,0.00832875784908124,0.04938895023759438,0.003242381293480321,0.011881477496962282,0.011715462526457667,0.1399616874803687,0.009371314095606384,0.06289494390897363,4.441539,0.44551355,8.503489,2.1427033,0.027651288,0.01,0.5248368,0.02482940851488017,0.19175422666544367,0.010692537618986009,0.007600848704670636,0.017766792305571853,0.06007571801346946
0.009480446,0.024132399,0.0144,0.023018477,0.01,0.015637749517333984,0.06035099806933601,0.01131673331654497,0.012440159959707878,0.01907035990934273,0.23755179954671365,0.21069625316627605,0.0,0.016818763156693513,0.08066467540393764,0.21672635193519466,0.0,9.219927,0.82792383,8.481455,0.00022408387,0.01565488,0.0096,0.013498144,0.01,0.009657713775281036,0.019001998329370943,0.0028001138230785276,0.002850099143301477,0.013160719883995762,0.04073453309277905,0.21036201842486524,0.0,0.010933769237255636,0.02253703824413022,0.21645408692449516,0.0,1.705096,0.2919987,1.4356202,0.02737802,0.0136,0.50876516,0.014764287918897435,0.043771405079252076,0.009908293163339521,0.00731246815099191,0.01808409298080446,0.14234401703046165,0.015877642507129943,0.061347417457095085,4.441372,0.89599115,8.075246,2.3888874,0.026684267,0.01,0.530363,0.02322399827802876,0.16939963456176488,0.010100288411911792,0.008300985618430656,0.017103572389168348,0.06101745744261775
0.0095392475,0.023518857,0.012,0.02242712,0.01,0.015799499286493754,0.059838397716779984,0.011519875611160886,0.011759729819721258,0.019412533460178884,0.18315640057080498,0.21111437954913984,0.0,0.017052501249426134,0.07839917457969872,0.21762387159052496,0.0,8.565,0.747074,7.9317064,0.00053136057,0.015463557,0.0064,0.012996065,0.0,0.008757332619390264,0.019414399537364263,0.0018137589575291258,0.002933599563066246,0.012702399956226327,0.042243839937801245,0.20071328695616303,0.0,0.01048663987043301,0.02289138222032828,0.20722990312652761,0.0,1.4684349,0.23383641,1.2801266,0.026664747,0.012,0.4906631,0.01577805288266259,0.0436099773304751,0.01100674485337322,0.006112994257258742,0.019166780767240016,0.13989624782183774,0.016942030081606527,0.05990747647598633,4.1232243,0.8633177,7.505816,2.3760173,0.025575722,0.0,0.5330246,0.016954340040564803,0.16787652314444962,0.00151744231536874,0.016765313913921,0.00959206778412998,0.06930795511619649
0.009348194,0.021269042,0.016,0.020310447,0.01,0.015248628269237677,0.0631403978846638,0.010630560045176025,0.013947232099387225,0.019036790851319117,0.33242544447242506,0.2101039047277154,0.0,0.016541278706706908,0.08564767224024138,0.2161784275110395,0.0,8.477241,0.7280495,7.8082213,0.00065009703,0.013605518,0.0112,0.012311476,0.01,0.009511465345871965,0.02062239939921649,0.002364479261068891,0.003157375124694589,0.013352901738086212,0.04816063987170438,,0.0,0.010902799559607865,0.025112131935439905,0.21580702946130143,0.0,1.6797018,0.25900105,1.4308658,0.02424313,0.016,0.5005422,0.015256689915583366,0.047729924580384206,0.009972159953062509,0.007906086389492131,0.0188784857654407,0.17910134321111346,0.016418117495816252,0.064693538972641,4.121682,0.83603704,7.465664,2.1515782,0.02375051,0.01,0.54494005,0.019456516495658105,0.33002993039706596,0.004652396497428271,0.011212901149349544,0.015758713011685473,0.06567784130403193
0.0093375435,0.018949775,0.0144,0.018412786,0.01,0.015169949634852672,0.06943973138588097,0.010252768034919837,0.014463840174599162,0.0193812134642827,0.3693745615713926,0.21047576358056239,0.0,0.01679744874125131,0.09145731205125478,0.21662203881760345,0.0,8.133078,0.636839,7.562359,0.00078344345,0.012080729,0.008799999999999999,0.010870175,0.01,0.008872866686433964,0.022037200411231767,0.0016558133607487888,0.004967440082246355,0.012637629118132463,0.048306959782938814,0.21006709411623703,0.0,0.010057297892885982,0.028495497049167727,0.21632765762677592,0.0,1.5949402,0.1985198,1.4172994,0.02175672,0.0144,0.51359284,0.015078866664884573,0.0511576987817409,0.009606360606434692,0.01106029960062096,0.01915192269289637,0.33503844377832215,0.016603698555543087,0.06901280963959025,3.9336987,0.7320824,7.206011,1.9587308,0.021382034,0.01,0.5333013,0.02297057468649527,0.39324060189134497,0.007354918281191658,0.010960541323763775,0.016885100274417367,0.06922435327761603
0.009298489,0.016769858,0.0136,0.016179612,0.01,0.014866153975295265,0.07343000083941911,0.009348667266385837,0.02243066856935001,0.01920350054562241,0.4453426681216598,0.2104683361112297,0.0,0.016303001912578156,0.092727204885166,0.21675268456581978,0.0,7.3752995,0.53228664,6.904213,0.0008530156,0.0105037615,0.008799999999999999,0.009353504,0.01,0.008947771560097273,0.02263440210756281,0.002089377112381908,0.00404688556190965,0.013403653323648223,0.051340639968863136,0.21036421627240426,0.0,0.010778779900266046,0.03060901977775345,0.2165032375156198,0.0,1.4261117,0.18618234,1.2598345,0.01931141,0.0152,0.5188475,0.016369533904451738,0.051589809486230744,0.010654563755391335,0.01046699744976028,0.020575296100263447,0.31390752335663535,0.017778341357721866,0.07016559858725611,3.5559125,0.6897991,6.4881563,1.7815201,0.018688709,0.01,0.52416414,0.024239074956572466,0.41880476217715873,0.008016715099439652,0.012966164459906226,0.017284277044570685,0.07414575712033789
0.009322676,0.016412828,0.0184,0.015738262,0.02,0.017397733008757948,0.07037279610509528,0.012286910769747328,0.012717276924368338,0.022011104507680693,0.4070277612692017,0.2184346136501934,0.0,0.01896739070167173,0.0940086903726276,0.22612488017454216,0.0,7.258028,0.64522874,6.668448,0.00093766156,0.010419116,0.012,0.0094543835,0.01,0.008448913833569395,0.02098559965944869,0.002877695945511778,0.001997119931889738,0.014516053238878612,0.051148160004819115,,0.0,0.012079982455827486,0.02927995278718976,0.21582336830806456,0.0,1.4531292,0.21499448,1.2509061,0.018787945,0.0184,0.50827986,0.01737950767563566,0.05103357000882503,0.010973283379096211,0.007813918741343183,0.021765570380508872,0.27675146216138996,0.018944254596734347,0.07179971492250996,3.523846,0.7418803,6.361205,1.7721195,0.018276066,0.01,0.54370415,0.019658083983898324,0.4095296576493499,0.004112483609273169,0.014461635067015208,0.01571921037204014,0.0766971278718227
0.009248563,0.016819784,0.0152,0.016105276,0.01,0.014967272727272711,0.07272,0.009145601074456455,0.014976001790760795,0.01915022237145231,0.39728800033576767,0.21008925168432654,0.0,0.016162620404496102,0.09275452870825357,0.21626668444350233,0.0,7.613505,0.551902,7.1193404,0.00092351524,0.010433262,0.0112,0.009644778,0.01,0.009438239673842327,0.02133040009424061,0.0031991197069973624,0.004799119706997366,0.01426402668185583,0.05039472011785428,,0.0,0.011528793500799203,0.029550777489338813,0.2159621049926062,0.0,1.5434568,0.21756029,1.3435531,0.01937731,0.0152,0.5196068,0.01484380883307399,0.052580507825941335,0.008170392775753453,0.010723892528428853,0.01890049972059883,0.329542971476648,0.01604643297589637,0.07199316572515335,3.6875093,0.63717663,6.7982225,1.7185519,0.018772364,0.01,0.5395796,0.019893305030458847,0.41931087021601776,0.0047961850746112596,0.01366689155191551,0.01606075297624791,0.07482633515728264
0.00920263,0.016532872,0.0152,0.015787298,0.01,0.015480560060438167,0.07400560060438176,0.009521125493158752,0.021053520915526452,0.019849008243095795,0.42249008243095776,0.2102643585283475,0.0,0.017039703836855095,0.09525195202252928,0.21646258726501005,0.0,7.365314,0.55837435,6.862051,0.000884323,0.010240547,0.010400000000000001,0.009350024,0.01,0.008863201055385662,0.022463201182291333,0.003310879716207637,0.0031663198645829364,0.01393125341657469,0.050317504194139835,,0.0,0.011506108831560368,0.02955369591581199,0.21614650923966405,0.0,1.4375913,0.1933158,1.2529933,0.018975412,0.0152,0.51299477,0.015373393267336995,0.05271766174266538,0.009066411397768525,0.01051161453131879,0.01958508957401582,0.32317688459407445,0.016901228162472942,0.07236341987371923,3.561397,0.63851315,6.5383987,1.709371,0.018348344,0.01,0.53470135,0.02181890487174854,0.4188471604859431,0.005756541689335748,0.013594282786227188,0.016523677553969093,0.07497744026105144
0.009280516,0.016565936,0.0128,0.016073324,0.01,0.015577066509975111,0.07092479811970116,0.009857493270656686,0.014114986541313409,0.019710464333081518,0.335900928666163,0.21067491595548812,0.0,0.016764753481174285,0.09335327560326183,0.21717267135578128,0.0,7.186798,0.5306321,6.736126,0.0007138714,0.010758859,0.0072,0.009140149,0.01,0.007939300404705455,0.021757201375056223,0.0017704798774871961,0.0022557198162308028,0.012933991182352748,0.05096118409743292,0.21081310437792142,0.0,0.010369061268416817,0.03013038806249984,0.21698874215084943,0.0,1.470638,0.16447584,1.3321894,0.019030994,0.0136,0.5146372,0.01632659157511298,0.05099269263308021,0.01041375282179838,0.010188531373969434,0.020201081267614246,0.29094086181816853,0.01751977763517243,0.06986554614953763,3.4898891,0.6496459,6.4175596,1.7499269,0.018490376,0.01,0.51705146,0.026071024809247518,0.3879679986962906,0.010273188139935668,0.011132409835735537,0.018453974844436727,0.07213362180280476
0.009333549,0.016180057,0.0144,0.01565638,0.01,0.015484872599070512,0.07196679929488795,0.009677786619659219,0.02015557323931839,0.019755609352994405,0.40616674736282493,0.21034156059786083,0.0,0.017023182544832982,0.09847387029672638,0.21664102890018594,0.0,7.1154585,0.5312677,6.6397114,0.0003356311,0.010209472,0.008799999999999999,0.009202995,0.01,0.0088038405130108,0.023209601278671207,0.0026062627477258502,0.006243839234080828,0.012998912067956007,0.05329728019485303,0.2102079871468963,0.0,0.010360794480508183,0.031862779937634915,0.21640783142762857,0.0,1.5048443,0.18064997,1.3496985,0.018653333,0.0144,0.5208263,0.015375398064632827,0.053573776522049525,0.00876695801148594,0.010373194708528858,0.01948437318864344,0.3123513418453443,0.016927468704716286,0.07119480089050392,3.4604073,0.6184545,6.365287,1.6798146,0.018160874,0.01,0.5314089,0.02369414168813847,0.42022362635817345,0.00675921666932993,0.012362459911707742,0.017023644925171836,0.07429369548676432
0.009284289,0.016895007,0.0136,0.016477842,0.01,0.014750799966423254,0.07405559976496263,0.009922780659783439,0.02211644905565349,0.019026684499659587,0.4229467201656454,0.21043931028099214,0.0,0.016100644497716712,0.09690322249399355,0.21671547638645802,0.0,7.608068,0.5324939,7.1354275,-0.00038559953,0.011278562,0.0096,0.010026265,0.01,0.008435734327143427,0.021853601490715156,0.00299628914733662,0.0026907228683415805,0.013566632772198045,0.05230824018735325,0.2101844043270854,0.0,0.011398808455137714,0.03109702083724754,0.21639209425220648,0.0,1.7154158,0.20190188,1.5271072,0.019634224,0.0136,0.53457034,0.014629200365428687,0.05344133297210889,0.008786953636304043,0.012591030251002356,0.01857406044495128,0.29250633982247737,0.01595866749886418,0.07348649109225712,3.7103016,0.6152984,6.8644423,1.7591809,0.019288473,0.01,0.5466239,0.023832896823876692,0.41377664331495,0.007294342060126055,0.012183695176852615,0.017063926067779105,0.07399571739355455
0.009239242,0.018271435,0.0136,0.017561365,0.01,0.016076685973306484,0.07026840090657266,0.011237471969673424,0.013991573127395839,0.019904832524692894,0.36208624393519684,0.2107574772228887,0.0,0.01732000847718973,0.09004005824906552,0.2170940846237979,0.0,7.8405075,0.61319226,7.310618,-0.0013742188,0.012267182,0.008,0.010708767,0.01,0.009179400703188867,0.021839200562230182,0.0024927051135624424,0.0033158813454159186,0.01336194669620163,0.05011433602588188,0.21067346532748385,0.0,0.01083329474914217,0.030366550423204977,0.2168534784598483,0.0,1.8319489,0.20911695,1.6529167,0.02132282,0.0136,0.541579,0.01595496581151656,0.05035928037678699,0.010582220390906331,0.008417292741009772,0.0196950881669095,0.2948604619440346,0.01719348402497485,0.06779367685651418,3.8314247,0.71692145,7.0361648,1.924581,0.020568889,0.01,0.5475879,0.025689821621689646,0.35990481706455707,0.010351556284094557,0.01019091288109093,0.018090759886428887,0.07012464165774204
0.009346863,0.019717094,0.0136,0.01898927,0.01,0.01590475540259472,0.06868559724670527,0.011357457716593444,0.012554279862335265,0.019783605450628145,0.3311770408797113,0.21076100480957505,0.0,0.017266833554490223,0.09013466745624912,0.2170873834376929,0.0,8.154158,0.668524,7.577003,-0.002505693,0.013746517,0.008,0.01176603,0.01,0.008970133529667692,0.021455199978313973,0.002476017837875952,0.0035710395428268514,0.013141585380546075,0.05267871968097443,0.21074651040819967,0.0,0.010661258445639442,0.030351325091876134,0.216865654997897,0.0,2.0493617,0.23149502,1.8501534,0.023085428,0.0136,0.54699254,0.015810569809518712,0.049225313634416824,0.010106987069965634,0.007167576262489406,0.01953522525068529,0.23119582595309768,0.017104308003639792,0.06691902570009998,4.0151606,0.7849876,7.342095,2.0752025,0.022339022,0.01,0.5547173,0.02564027317817015,0.36827495517035264,0.01041083611767789,0.009183076213928242,0.018075741023164442,0.06764509991990003
0.009426302,0.02141283,0.016,0.020303346,0.01,0.015914228154117336,0.06259959707882146,0.011048871130510998,0.011813280058199725,0.019754182969385192,0.3375195205237975,0.21033523155058936,0.0,0.017263073540976802,0.08853279909285316,0.21640309055004395,0.0,8.589075,0.7514266,7.891653,-0.0037461638,0.015102942,0.010400000000000001,0.013748605,0.01,0.009271428948434322,0.02146000022489201,0.0025620001269034674,0.004005000632508529,0.013015000226314532,0.0530450007178477,,0.0,0.010746696490498062,0.030133392681092167,0.21597437691442778,0.0,2.4638968,0.2831587,2.1983633,0.02493866,0.016,0.5382249,0.015869764781803908,0.04788538636433551,0.010613750570448974,0.007645728092891619,0.019475755112537217,0.20234376689708353,0.017132696651518155,0.06310591533144305,4.318888,0.89257604,7.8040524,2.2375088,0.024520399,0.01,0.5952318,0.019839781630204598,0.33599016821191513,0.005684035611229845,0.009515227716431625,0.016199415445873055,0.06596621030001751
0.009571644,0.021378437,0.0136,0.020548545,0.01,0.015276800134307041,0.06613760094014941,0.011074094579641815,0.01245376009401494,0.019109669292849366,0.3142838425249727,0.2108013383904642,0.0,0.016602449374635123,0.08956040984219918,0.21691353163270224,0.0,8.749399,0.71265745,8.123871,-0.004895726,0.016252503,0.008799999999999999,0.014081854,0.01,0.009216401079483377,0.02129312086358671,0.0025792363482865766,0.0030032821435455877,0.012990897903292989,0.0572295202943879,0.21051096444787934,0.0,0.010848043921543284,0.030320109900328802,0.2165982714126707,0.0,2.7033398,0.28644416,2.4480102,0.025518194,0.0136,0.5776057,0.015179802748689507,0.045133952216104646,0.010380385895132122,0.007323131543252958,0.0187884889384733,0.1943096331526776,0.01640510200921899,0.06577602880444781,4.4030404,0.85487616,8.0451145,2.265302,0.024910664,0.01,0.60078984,0.024465748202107705,0.34790763725985085,0.01031737249492636,0.008207546336101745,0.017507759388639597,0.06501970753251633
0.0098252725,0.021679552,0.0136,0.020765336,0.01,0.015513399367637614,0.06548039620582558,0.011530195248887777,0.01221607386888273,0.01919309023755559,0.28228944380088977,0.21087124740057453,0.0,0.016820704559565774,0.08620704555220818,0.21696627570306876,0.0,8.577094,0.7174872,7.930708,-0.005934437,0.017059308,0.008799999999999999,0.014638199,0.01,0.00940813279341387,0.021116532802158965,0.002856976198393295,0.002871220219390101,0.013072783659333299,0.058881959052540955,0.210611707107249,0.0,0.010830697718402007,0.029599766843727615,0.21663321644172703,0.0,2.725253,0.29778305,2.4511392,0.026333157,0.0064,0.65378624,0.008065819571217525,0.05058296609345992,0.0030337311207610583,0.013197129105013281,0.011661641759750456,0.19261206899204386,0.009279260593395382,0.06847529540008049,4.232936,0.39682782,8.12385,1.9569333,0.025406219,0.01,0.61402994,0.02460546485838641,0.277112469547282,0.010502745242444362,0.007962110704829153,0.017633625894786033,0.06399644013478809
0.00999813,0.022505231,0.0128,0.021222666,0.01,0.016537505542635063,0.06251253140826547,0.01245704671436597,0.010627508100394532,0.020077980441534464,0.24761589568818376,0.21116220194515203,0.0,0.017698749241983933,0.08624437158892773,0.2176305641263557,0.0,8.566999,0.75851715,7.9206133,-0.0070065428,0.018247366,0.0072,0.015469122,0.0,0.009649745572434632,0.02107359974940665,0.0027736811668701193,0.0022877165927734583,0.013260330497861832,0.05512623939166674,0.200895406911578,0.0,0.0110446491014628,0.030295109915031773,0.20721341537178084,0.0,3.0145576,0.3039871,2.7571406,0.027285505,0.0072,0.73253536,0.010720981714561685,0.04563112521668012,0.005597320346580636,0.009758243004123464,0.014041578494785972,0.15962076503595984,0.01183336408555283,0.0610175539465814,4.1927047,0.5445188,7.9415436,2.1369085,0.026111655,0.0,0.634062,0.016793800854397602,0.2874721490299604,0.0014863670499904913,0.01624608684268825,0.009395626060663744,0.07124819579256571
0.009925569,0.021801151,0.0064,0.020922441,0.01,0.007289959875765953,0.07459919751531939,0.0032472582587394754,0.02065992042306724,0.010748809311956119,0.3331696419038026,0.21069283309411246,0.0,0.008410521193012027,0.09776833908819213,0.21663610717172901,0.0,8.905947,0.31784055,8.631016,-0.00801696,0.018214203,0.0096,0.016145593,0.01,0.009114754519703911,0.021547541389902114,0.0026966551811103724,0.0031666491801773887,0.012618689214787355,0.06094951327917849,0.2101451766312924,0.0,0.010473985522770998,0.030929474646279233,0.2162424057951057,0.0,3.394765,0.3266591,3.0935178,0.027378015,0.008,0.68883574,0.008539424560079396,0.049215024785939615,0.003425585247252002,0.01212869361520609,0.011900634658308309,0.18392742733598202,0.00964441583034577,0.0674700574543452,4.5165577,0.47490147,8.609959,2.0360658,0.0264278,0.01,0.65723747,0.02152288272729862,0.32466108692414936,0.008866501147345076,0.007674562649493219,0.01675992648252283,0.06417315409530269
0.010123502,0.021825116,0.0392,0.020902023,0.04,0.0059178494082095315,0.07587139763283808,0.0018937107361705785,0.022334276840426426,0.009433372653492188,0.301408520104088,0.22137256461522256,0.0,0.007053878123290542,0.09957551249316234,0.2293541183660623,0.0,8.908384,0.30195028,8.7299795,-0.008883134,0.018500611,0.044,0.017048871,0.04,0.00950207944792228,0.02191725668336911,0.0027955182162821986,0.0031928291460515323,0.012916130977806462,0.06103871980145237,0.22015153389154785,0.0,0.010825897971464837,0.03062829156045801,0.22803850348275484,0.0,3.5713675,0.3646097,3.270816,0.02738402,0.041600000000000005,0.6748581,0.008020414926712875,0.05074717084232671,0.002979478719073995,0.012472973981148662,0.011476248118912008,0.2149785621227046,0.009183589015767393,0.06825844401089771,4.593485,0.4992519,8.828732,2.030924,0.026973294,0.04,0.68421495,0.01832772856861048,0.330583152118581,0.002343883729508676,0.011315020043746427,0.013614955472286354,0.0669880098112969
0.010517147,0.022208111,0.0048,0.020739153,0.01,0.007119283577869374,0.07282212932650606,0.0029548663841921096,0.004006627381851761,0.010461301413022192,0.2612597605976664,0.21103525303486226,0.0,0.008260189714671242,0.09722322514941141,0.21711664021326021,0.0,8.709343,0.28908575,8.483674,-0.009522965,0.01879258,0.0072,0.016278708,0.01,0.008402332987517138,0.023475998629227442,0.0017765595056231176,0.004513119578487438,0.01175825856908332,0.06594519820126442,0.2108206956150695,0.0,0.009627555390343287,0.03257911020322236,0.2168085446993507,0.0,3.6037173,0.27314907,3.359983,0.027924597,0.0072,0.73822474,0.009242794210366856,0.04627512597031186,0.004208467456669132,0.01045352760705273,0.012480426538193796,0.17919454308720134,0.010367951848325584,0.06596185257860634,4.4336033,0.49530616,8.445497,2.0932071,0.026364915,0.01,0.6654819,0.0251668716433916,0.2969907843821237,0.010897019469616255,0.007414411280944546,0.017946523930060392,0.06362971656411744
0.010658495,0.022510557,0.004,0.021139232,0.01,0.005997725969418616,0.07168919835473851,0.0019870272978746014,0.014286269969713857,0.009504112280701747,0.3084274152046783,0.21100221713535905,0.0,0.007166764375910589,0.09905043969159771,0.21704573180662767,0.0,9.091119,0.2474831,8.907388,-0.010167437,0.01966896,0.008,0.017192192,0.01,0.00885426702872528,0.022883733631761143,0.0021570230723140416,0.003861706982086298,0.012209440670981985,0.06533216989012401,0.2106003996307906,0.0,0.010128251960934857,0.03251605625024043,0.216652597589407,0.0,3.9157526,0.31909007,3.6381602,0.02846316,0.0064,0.7079714,0.008185026447780182,0.05067774522977694,0.003218724339896107,0.012540062320801766,0.01150619311923324,0.19598834147310798,0.0092297599399908,0.06825811392290258,4.726378,0.44979715,9.082315,2.1012783,0.027247727,0.01,0.6827884,0.024690288679393647,0.30816175374679133,0.0106352475457615,0.007159483701597021,0.017640020123324975,0.06342417639022042
0.011005098,0.02316249,0.0024,0.021626964,0.0,0.006594844101215312,0.07335359691093762,0.002550144145051627,0.003528777350073747,0.0100840536855163,0.2663709887797644,0.20117336111754747,0.0,0.00785724891757186,0.09438661579936085,0.20784121875374645,0.0,8.700136,0.22669408,8.574099,-0.010594145,0.020443529,0.0056,0.017934294,0.0,0.008615400308423843,0.02290464049347812,0.001970462764248532,0.003940925528497076,0.012036117824263828,0.06867088543339973,0.20074943019673108,0.0,0.009972395746836992,0.03238611055753348,0.2072647903999457,0.0,3.8287878,0.2831817,3.6022146,0.029426396,0.0056,0.76805055,0.009538779636932077,0.046696931054738405,0.004416333320955119,0.010284685327043202,0.012759771093211884,0.17665259696570354,0.010671940866569276,0.06121465626746123,4.458853,0.48986596,8.547388,2.1997669,0.02809563,0.0,0.6923273,0.017014808397303013,0.2638128136719988,0.0015633251420688766,0.014187035620292903,0.00988209962435306,0.07017289493023836
0.010844445,0.023212194,0.0032,0.02144146,0.0,0.006320456644002343,0.07248639301603291,0.0021669479836577466,0.0039843203223369405,0.009755030875810417,0.2709177624443885,0.20116724593109758,0.0,0.0074428416134447615,0.09819992752940894,0.20740423794741117,0.0,9.237571,0.22797564,9.080246,-0.0111208055,0.020970188,0.0072,0.017440565,0.0,0.009028333608870936,0.021979999571633577,0.0021590765101732814,0.002940888357399112,0.012539385132988355,0.06870600224490328,0.2010747285966814,0.0,0.010412760237473685,0.03189104099089021,0.20709792713940983,0.0,4.232652,0.34674782,3.9552913,0.029676711,0.0056,0.7361719,0.008404164641830993,0.04892656857081365,0.0032160715956198144,0.01147527998500142,0.011757164083735734,0.18632022781902255,0.00945919565226327,0.06669501369353223,4.8437448,0.44807327,9.341755,2.1637976,0.027638908,0.0,0.6828608,0.01614386569314135,0.36647109173326087,0.0013786014626875698,0.016715977632868834,0.008714415854316256,0.07392456199754499
0.01086486,0.022747984,0.004,0.021385536,0.01,0.006421725934074676,0.07587093091580627,0.002543039992325293,0.004467093315425726,0.009941151951649454,0.3471057597582473,0.21103895518181057,0.0,0.007630246658728175,0.09912098663491263,0.21713689120181318,0.0,9.447483,0.25051796,9.259536,-0.0113587435,0.020860266,0.008,0.017845474,0.01,0.009025771618484078,0.022260134078690916,0.0023991289898245213,0.0029990189089930666,0.012585760773899664,0.06984315149178606,0.21084798094224555,0.0,0.010565322778300242,0.033075162179229504,0.21683967165541457,0.0,4.327738,0.36094698,4.0193014,0.029501999,0.008,0.78536,0.010052146913471324,0.04656163920968674,0.004692083503155982,0.0098766590770256,0.01349120734554922,0.1967651118478758,0.011198636935172498,0.06301544112085444,4.870345,0.58786666,9.242515,2.249115,0.027853223,0.01,0.6954056,0.025240878691861184,0.3663009144565652,0.010914323887952335,0.007294731933048997,0.017994320071454125,0.06477949767159429
0.011039936,0.020353941,0.0128,0.019506292,0.01,0.015904294203148265,0.071781589859817,0.012107629513976325,0.012276295139763289,0.019549063184276474,0.4768868845798707,0.21104136524136718,0.0,0.01719800203594632,0.09652400950108274,0.21739177613350297,0.0,9.526591,0.6815897,8.955207,-0.011380542,0.018794902,0.0064,0.016114056,0.01,0.00800514405700319,0.026418004168524026,0.001707466377757828,0.0051534398252264975,0.011886987319160927,0.07995240570584078,0.21103137320716397,0.0,0.009740595975193037,0.04049208584259773,0.21705718767776486,0.0,4.609503,0.2678721,4.392206,0.026349735,0.0064,0.79417586,0.00924905732801576,0.052353109416078195,0.004114533532992209,0.012217360900036077,0.012644919553101772,0.40739041705842066,0.010422105560574893,0.07014328826399685,4.9824123,0.4526023,9.608118,2.010822,0.025301348,0.01,0.6904514,0.02616252552427994,0.5225918736706753,0.011100976250176373,0.00782269704088102,0.018649084629798123,0.06957332676976968
0.0109735895,0.019865543,0.0056,0.01915547,0.01,0.006526299840510365,0.08467359914938861,0.0023026843877370085,0.022641386496544385,0.01027645351017095,0.6057174421220516,0.21064385358383597,0.0,0.00787882975111361,0.11258198567112103,0.21666427799419216,0.0,10.025969,0.25656265,9.820048,-0.011312594,0.018379092,0.0096,0.016658343,0.01,0.009220160942491066,0.02886720212469747,0.0024755922601464586,0.003176063817824912,0.013012289233848513,0.08626144702178243,0.21007204161209111,0.0,0.010783661246543352,0.03978497281189635,0.21628519002031288,0.0,5.067636,0.3319176,4.772419,0.02576545,0.0144,0.69036317,0.015126349655987449,0.05174127188542609,0.009975573439087976,0.010066693311830214,0.018596240653466885,0.4399839637051519,0.01627406278229405,0.07514674958201005,5.4786644,0.8608548,10.190243,2.29453,0.025385674,0.01,0.71578556,0.021973687338225432,0.597543379032719,0.007699338466666319,0.009499355619354699,0.016732499915687458,0.07465042162225236
0.010821812,0.019462578,0.0488,0.018606056,0.049999999999999996,0.01555786653235964,0.08234199949634853,0.011483359959707923,0.02094453319902627,0.019315569468389457,0.7567756007722657,0.2314309912593676,0.0,0.01679395121312109,0.11330308939893896,0.2393871811015812,0.0,11.054683,0.7094136,10.577827,-0.01103732,0.017292144,0.0432,0.016067676,0.04,0.008525200595642582,0.031610400934265676,0.001991300537933421,0.00916520033573353,0.012597600925854931,0.10624340294287733,0.22068123170751655,0.0,0.01012859275588662,0.042907260128819506,0.2282268678069879,0.0,5.4942284,0.31969878,5.292933,0.025058934,0.0488,0.6814309,0.015255235012827962,0.05838304636662317,0.009716918407492904,0.00986422410958464,0.018972376296540732,0.6495703059713591,0.01650142856710836,0.08072593510202086,6.023353,0.8981488,11.413694,2.2580822,0.024462946,0.04,0.7165895,0.018382100590190117,0.7848739568682607,0.002360965120116916,0.015646929697466644,0.013669287047696413,0.08812572589720465
0.010665375,0.018176686,0.0152,0.017688513,0.02,0.014948614893878038,0.09144399787347156,0.010672342866736198,0.023421280013430704,0.01908705460039832,0.8951115201208765,0.22012135186684992,0.0,0.016405360292382692,0.12924824263144438,0.22631195147160058,0.0,11.629728,0.60843253,11.115593,-0.010831154,0.016390257,0.010400000000000001,0.015425525,0.01,0.008428161665488642,0.03587040416372165,0.0024154527502813833,0.009254084688042154,0.013244111411825452,0.4445911490929341,,0.0,0.01060624695329725,0.04988121204941296,0.21587811768069903,0.0,6.0200753,0.29540944,5.7577887,0.023714276,0.016800000000000002,0.6974427,0.01625108386888469,0.061959138509546687,0.010583472388562904,0.011377125445970086,0.02025879750449967,0.7712953231199332,0.017578100284887658,0.08947911187819074,6.3902445,0.87120014,12.020856,2.202277,0.0233163,0.01,0.7229196,0.019774935992889056,0.9332318320072025,0.0046091842332971564,0.013859840844067217,0.015941342720267215,0.09560043030455512
0.01075613,0.016865497,0.0216,0.016488273,0.02,0.02356959959707883,0.09805782782314638,0.018426825596687103,0.023872190930595262,0.027840785696298144,0.9779243213296398,0.2204355176986444,0.0,0.024990148020107336,0.14043596173166298,0.22688361855881875,0.0,11.675329,0.87554866,10.946176,-0.010379632,0.014663247,0.008,0.013999993,0.01,0.008820356311304295,0.04324580169532536,0.0025316636895200187,0.011143327470077314,0.013181221536445856,0.5231499236706622,0.21023425669253334,0.0,0.010468124632656645,0.054383123835463815,0.21662828288376357,0.0,6.1544685,0.24695809,5.9594345,0.02194521,0.016,0.71763897,0.017617195544893046,0.06913705306736921,0.011017767615920911,0.010171379071917463,0.02186577396762086,0.9023059230452133,0.019027671830297094,0.10076494817906295,6.4214783,0.8367623,12.144025,2.1213393,0.02147493,0.01,0.71011716,0.025074998839671566,1.0452766597681595,0.007775790055121945,0.015704639256047228,0.017552189458032358,0.11070192213018905
0.0104468055,0.015288698,0.0264,0.014791649,0.03,0.024880000000000017,0.12716,0.0118373333333333,0.023955999999999998,0.029702000839419134,1.3862040016788382,0.22506676803129835,0.0,0.0263349973095691,0.2124424852026301,0.23569139116303323,0.0,13.258565,0.8409011,12.602194,-0.010063542,0.012955716,0.017599999999999998,0.01227391,0.01,0.013738560577523139,0.051092803444066054,0.0074346388871040295,0.007338555548416117,0.019674507921421627,0.8348470463316587,0.20074208064069937,0.0,0.01658049577533493,0.07350082597006603,0.21557819012871782,0.0,7.1181555,0.4242476,6.7610188,0.01937118,0.017599999999999998,0.7326124,0.015694496786068567,0.09949536551536843,0.006678416589861718,0.019686733949801843,0.020696495066725856,1.2047511154876231,0.017283378310169656,0.14468285437986986,7.3087673,0.6700247,14.085863,1.82698,0.01889696,0.02,0.67698514,0.029415189858126283,1.4498577901742908,0.012305542459404534,0.02106734921117878,0.024948465178074742,0.16874324482303632
0.010509603,0.014893055,0.031200000000000002,0.014524707,0.03,0.03007051408425368,0.14003119952992527,0.017369359858977623,0.032338719717955176,0.03500538713077217,1.37436969683539,0.22472974686963834,0.0,0.0315081657678973,0.24716055169739026,0.2357404484295081,0.0,13.768372,0.9912156,12.997278,-0.0095656365,0.012573764,0.02,0.011748176,0.01,0.016730577571289495,0.05259173252800446,0.00796875865683296,0.0031750069154293584,0.022696480087432566,0.8639188401979053,0.20278406085520206,0.0,0.019309177789273782,0.0782789040113323,0.2156686428851919,0.0,7.2499914,0.48460582,6.839052,0.018657073,0.02,0.73953015,0.018321039219870543,0.1046156911125745,0.008616098180279277,0.020538004615245783,0.02344351829742186,1.3367545430680317,0.02019233066814086,0.18123741137407154,7.528968,0.76085883,14.45279,1.8893833,0.018361771,0.02,0.6785853,0.029634237971715577,,0.012207375105443816,0.02296877200820882,0.02513964746096654,0.20568513316843054
0.010225575,0.015066134,0.0344,0.014524707,0.03,0.03223175959036348,0.13795879795181734,0.01771587979518172,0.026063519180726927,0.03762452562027079,,0.2237258804548485,0.0,0.033827054005959326,0.2631352706198299,0.23535553671575446,0.0,14.100771,1.0739204,13.283748,-0.009160494,0.011936715,0.016800000000000002,0.011361586,0.02,0.012396799416198109,0.06119253143138641,0.006517756859217389,0.014258878712975662,0.018264959494313962,0.8863299187878314,0.21328510260560804,0.0,0.015094058860016775,0.08842920579733239,0.22536831134064533,0.0,7.3036766,0.35609916,7.011242,0.018411959,0.024,0.67272836,0.02166540757003936,0.11243661036895383,0.010861972387265178,0.024989787445238755,0.02685733258065238,1.4358430880707205,0.023275441787453475,0.209413532700972,7.78982,0.8973421,14.878799,1.9891468,0.018141424,0.02,0.6767705,0.029150638871631926,,0.011233631871574586,0.02660978548913496,0.024400145423405347,0.23143613323730483
0.010070024,0.014999788,0.0408,0.014476111,0.03,0.0410309335273324,0.11967840174599179,0.022963136069839674,0.016503920087299586,0.04618822597162762,1.4717882259716277,0.22548727726899892,0.0,0.042728023636326044,0.2285840712110698,0.23612681377608383,0.0,13.93402,1.3711356,12.873131,-0.008592091,0.012064031,0.017599999999999998,0.011488901,0.01,0.015869466576709738,0.05467226648675277,0.008961679946025832,0.009174453297350555,0.022063779529337763,0.7767034120678693,0.20206510728906943,0.0,0.0183068327248327,0.08190683334094166,0.21607236897941093,0.0,7.0470715,0.43461746,6.6827455,0.018699847,0.0232,0.66917306,0.02290632264366868,0.10711294483537875,0.013016842986974916,0.019041892327469976,0.028163415831074238,1.3413990453070905,0.02477868655926204,0.18272894173474108,7.6502504,0.9471357,14.557358,2.0285373,0.018083895,0.02,0.6588756,0.03305709193947784,,0.013009688892829345,0.02478453331877184,0.02623634151817953,0.22115648403346963
0.01000967,0.014394452,0.045599999999999995,0.014092673,0.04,0.04524228513868402,0.13277399899269707,0.031189599597078815,0.02052639973138588,0.050823644384752426,,0.23422970242521962,0.0,0.046845450797257174,0.2678022644583691,0.24582154760428432,0.0,14.179212,1.4675994,13.063515,-0.007971044,0.011327031,0.016,0.010802921,0.01,0.013579066296308702,0.06147439760971534,0.00607162650731434,0.015014879521943065,0.02025565271286282,0.7735669578819175,0.2041497990820035,0.0,0.015959892433958067,0.0926997310848952,0.21592797121768537,0.0,7.1511974,0.3550566,6.8694305,0.017506808,0.0216,0.6693978,0.02092776777465774,0.12633633568379785,0.009863121996125027,0.02784359621355547,0.026550836559208982,1.4805850809197,0.02277916748205694,0.2492526113011033,7.7783456,0.8093645,14.945501,1.8842783,0.017321417,0.02,0.66660184,0.03202162180840055,,0.012129297066749629,0.030076149136657286,0.025797149840845107,0.2819451830138093
0.009811072,0.014482101,0.0344,0.014069374,0.03,0.03168433308150761,0.16370599848904557,0.01241059984890453,0.042410599848904565,0.03755351125287966,,0.22292861240871445,0.0,0.03400077804131565,0.30680856013004487,0.23511564836119236,0.0,14.5749655,1.0032758,13.842928,-0.0072029675,0.011138722,0.0184,0.010443002,0.02,0.01440495919809805,0.060406199392992,0.006084961728444614,0.012242479599049024,0.021032927012042183,0.9781823171946282,0.21321545029235195,0.0,0.016192736235220443,0.08854455227316735,0.2254490273434537,0.0,7.01785,0.37066653,6.723328,0.017456826,0.0344,0.59241366,0.03157770018677643,0.12396086504128334,0.019820222541701966,0.0213930183753558,0.037461184436337405,1.551893899222046,0.03387023928718177,0.2647104455110126,8.004923,1.2693818,15.038427,2.0296004,0.017021444,0.03,0.5978147,0.03938142741869377,,0.02044795096464256,0.02618270451181337,0.03436479213560887,0.3056613095702087
0.009756262,0.01609019,0.0408,0.015544322,0.03,0.03956095962394024,0.12296191924788047,0.023601913875598075,0.022900478468899522,0.0455362142197599,1.3934086426592798,0.22403808375469625,0.0,0.04130423586574052,0.22613453020062171,0.23563496075043822,0.0,14.602594,1.41803,13.494661,-0.0063231136,0.011650311,0.0184,0.011056628,0.01,0.01529479856068883,0.05312986570712588,0.008545971427959466,0.01067930476129281,0.02153446862194737,0.7927235467109848,0.20323539467084004,0.0,0.017772763414856493,0.07550233593263594,0.21577431373114203,0.0,6.5347905,0.42529145,6.184148,0.019053945,0.024,0.62746686,0.02259299756039727,0.10983130295782251,0.011735171800560511,0.023934720490701358,0.028395566214927205,1.3655957220327646,0.024343120169932127,0.18617758906945636,7.8288007,0.961028,14.902252,2.0786147,0.018649926,0.02,0.6247478,0.03032613016818942,1.5549335925176757,0.0116263696214007,0.030506827051988664,0.025343846072836768,0.21750736875539253
0.009663066,0.016405283,0.044,0.015877169,0.03,0.04341323626595849,0.10317279946277176,0.02871455989255437,0.013543039928369565,0.04872620847813314,1.393477014130222,0.225227775062835,0.0,0.04508204292252153,0.17265810028407946,0.23590764925931762,0.0,13.892967,1.6228585,12.589544,-0.0055381088,0.01167698,0.0184,0.011264186,0.01,0.01615451428151805,0.048270399876309315,0.009628157167641212,0.008614078583820598,0.02218137625989825,0.6055267201789499,0.20019455117916635,0.0,0.01875427567161946,0.06390855181748828,0.2158880408346088,0.0,5.841505,0.43613556,5.4607143,0.019531291,0.0232,0.6042876,0.022399752847617447,0.095454522599298,0.01207666047826533,0.021893639072680434,0.027688634989787034,1.2463464123305417,0.024165067805883973,0.15952902697246102,7.3758125,0.97979325,13.960168,2.1215885,0.019078985,0.02,0.6035222,0.031219036359565064,1.422409803683043,0.012507581202478236,0.024360134897469275,0.02580004576332584,0.16775989334672786
0.009584959,0.016705288,0.0256,0.016044034,0.02,0.023462719382187514,0.11660906460729174,0.010211358348023168,0.03204543339209266,0.028744137281001534,1.3102696536556704,0.21471737255187834,0.0,0.025345141765101335,0.18567084998143407,0.22558826130426854,0.0,13.627133,0.8776503,12.94125,-0.0048945667,0.011729158,0.0152,0.011260706,0.01,0.011612320246739046,0.04655386707789843,0.005223079968997081,0.010446159937994207,0.01720772014581844,0.6558461761166547,,0.0,0.013430643899432743,0.059976609455487766,0.21540134681277148,0.0,5.4995584,0.3154047,5.237967,0.019768247,0.0256,0.5641253,0.023221599879960832,0.08742774798045932,0.013225347719844195,0.01676612648812193,0.028523208214862823,1.2406065384132536,0.025160726015763885,0.13981858730800104,7.228092,1.0680257,13.594113,2.1636488,0.019354215,0.02,0.5935354,0.029254086662701084,1.4196278090115828,0.011744341862354304,0.021478275893908914,0.024683495892488597,0.1471887882901142
0.009403446,0.01755249,0.024,0.016846858,0.02,0.023452431151489327,0.1008816049693612,0.010371263930160331,0.023928159825400818,0.028430689028792085,1.2051068902879207,0.21617633460792665,0.0,0.02530040091491992,0.158000801725333,0.2260294770052236,0.0,12.924168,0.9019337,12.201226,-0.004295088,0.011941355,0.0192,0.011625961,0.01,0.017193600205615896,0.03319360020561588,0.010927742980145195,0.002919357450363038,0.022372053878191217,0.45993712120839425,,0.0,0.019226215606924554,0.05083932346302694,0.21591900280463108,0.0,4.921995,0.47054157,4.5061865,0.020479027,0.024,0.5411907,0.02337395490753511,0.08039072425885191,0.014016264927297744,0.013891306869562515,0.02820864848095771,1.0002695294065425,0.025165708463601322,0.11694494057822927,6.806425,1.0839018,12.715457,2.2315266,0.019848071,0.02,0.5571026,0.031095344607263514,1.2196721280375282,0.013621593767099824,0.018162581505878416,0.02594951283463629,0.1258398000074263
0.009440504,0.017848277,0.0248,0.017457739,0.02,0.024743499538319474,0.0982493321021853,0.012278266543551852,0.02381739981532779,0.029342640006715374,1.1047132000335766,0.2167429260159244,0.0,0.02604594872010712,0.13813784569239904,0.22613219737861032,0.0,12.712141,0.9857636,11.9037695,-0.0037540488,0.012327943,0.0184,0.011836299,0.01,0.01612720233888067,0.032063599563066245,0.010126359220669155,0.002905441110325766,0.022016551581964725,0.09413724095486796,,0.0,0.018752927219700267,0.045921545838611376,0.2159222562604531,0.0,4.591875,0.45853058,4.1814003,0.021170713,0.016800000000000002,0.6148477,0.016210864863657068,0.07857822705848773,0.008192810126582298,0.017920819460543733,0.02103139062750256,1.032454883216263,0.017901068532244924,0.10844645864442196,6.516403,0.7582808,12.405535,2.011395,0.020421216,0.01,0.61824745,0.021066195957186125,1.1974553115385198,0.004133436786438907,0.024567154639586152,0.016039186953735154,0.11870738792233253
0.009458698,0.01871767,0.0256,0.018229496,0.02,0.024668240073868898,0.09209413357956295,0.013316080024622989,0.018374120036934435,0.029229814227221415,0.9966683280449927,0.21669882351322237,0.0,0.02615582052109685,0.12230467524402176,0.2259962020442247,0.0,12.446312,1.0542933,11.550735,-0.003290002,0.012791524,0.012,0.012318435,0.01,0.008926401856961001,0.03486320025220022,0.0032036124057691724,0.010137547096817376,0.014262751760232822,0.0820568795152569,,0.0,0.011512344083719653,0.043893203940998264,0.21567184666444453,0.0,4.222793,0.26845348,3.9894946,0.022036571,0.016,0.57476187,0.014823812156842813,0.07262848736934642,0.007771593686317192,0.015508538664490685,0.01926986206083684,0.9007855386429982,0.016384185579675206,0.1045244357515761,6.3710594,0.7296947,12.125011,2.0298135,0.021467531,0.01,0.61115885,0.019698002266921647,1.062412492388285,0.0036561880903081346,0.021541169115606527,0.015551261536678,0.10737388423880738
0.009440726,0.019401334,0.024,0.018575879,0.02,0.025195938244580884,0.08188679929488794,0.013196479811970129,0.014789439435910339,0.02955874680321217,0.9266762404096365,0.22016144638661397,0.0,0.026523012325555373,0.11670753068481479,0.22663238513619993,0.0,12.051443,1.0748278,11.144107,-0.0028463642,0.01315956,0.008799999999999999,0.012273677,0.01,0.008119200476771083,0.03234900013453356,0.002608799887910891,0.01013960033412581,0.013211279909657606,0.08171279947551939,0.21000735765470274,0.0,0.01037393623113353,0.04314787240993182,0.21638473210963263,0.0,3.8588154,0.21889228,3.668188,0.022687785,0.0144,0.5816022,0.015438322786116352,0.06856707151683192,0.008217788388497002,0.012429988774698385,0.01970377828419191,0.799876836150791,0.01681020737931149,0.09510228852687755,6.09494,0.7393404,11.566257,2.079079,0.021998573,0.01,0.59189,0.024078896562269136,0.9738408851252256,0.00627694932369586,0.01734510001263698,0.017042192842197254,0.09823460337062592
0.009418536,0.019090679,0.024,0.018367296,0.02,0.02533635524217243,0.08480906572651724,0.012882719717955207,0.016482719717955174,0.029828896163854594,0.9303629872128487,0.22019737108531423,0.0,0.026892197517043907,0.12047139089582772,0.22669763022451192,0.0,12.186135,1.0684817,11.290115,-0.0024363527,0.012517642,0.008,0.011974981,0.01,0.007768799890766695,0.033596319478635644,0.001887263690702821,0.01141210635238934,0.01272520880729703,0.09166343957651985,0.21001939150349383,0.0,0.009887994708948236,0.046895977346835246,0.21638572895492428,0.0,3.8697155,0.20492403,3.7048292,0.022140892,0.0152,0.5694604,0.01624825075275512,0.06797112343704058,0.009401482277041259,0.012461262234625733,0.020693045912764912,0.8693579322723741,0.017863942736520266,0.0943741641071446,6.1747646,0.78546953,11.696782,2.0971656,0.021681415,0.01,0.58513916,0.024420992525933796,0.9768513294641066,0.006413593701960566,0.017163988119246035,0.01721803902533715,0.09812345410103708
0.0092763,0.019232916,0.0248,0.018713677,0.02,0.02571166624695711,0.07833499874087131,0.018134000167883826,0.01466700008394191,0.030134333585159087,0.9386706676739696,0.22012217225479386,0.0,0.027235574984928554,0.11646247450544775,0.22654593276960913,0.0,12.083065,1.114411,11.137117,-0.0020822305,0.01251138,0.008799999999999999,0.011973356,0.01,0.008152000012850977,0.03317999987952218,0.0021053337706234744,0.011144000085673284,0.013165333130454428,0.08168799820889469,,0.0,0.010420580477314435,0.04256464390116541,0.21626197188026428,0.0,3.7422817,0.20890158,3.5604668,0.02247585,0.0152,0.5718418,0.015853249738719842,0.06984026007300412,0.009233570516663075,0.013802657157146273,0.02025030842975616,0.789581655448092,0.01747027765285438,0.09260636114992339,6.092986,0.77463347,11.526099,2.103123,0.021955239,0.01,0.57681024,0.0234883669332158,0.9475813676862048,0.005845607139031372,0.01781826086771424,0.01685912296081078,0.0965480773797088
0.009399009,0.019775895,0.0224,0.019247781,0.02,0.023274800078345786,0.08249760094014942,0.01632975942247963,0.016753172948319756,0.02771812946425689,0.8286452276784464,0.22012436665586357,0.0,0.024779796686490226,0.11706867846218658,0.22654400571677907,0.0,12.142422,1.0271893,11.269922,-0.0017079329,0.01306471,0.008799999999999999,0.012368989,0.01,0.008467199781533326,0.031733759985606916,0.0018534402107562983,0.010204586947675039,0.013013759982936744,0.07190476798756025,,0.0,0.010275566210161832,0.04204445776270228,0.21626681230227626,0.0,3.64952,0.21026161,3.462139,0.023106406,0.016800000000000002,0.570822,0.017485954365976202,0.06137416731447706,0.011025279529631416,0.011880410042627345,0.021858210979314115,0.7783947179876561,0.019008736750331583,0.09086833222430946,6.0946245,0.88654137,11.428988,2.2296007,0.022611292,0.01,0.57880867,0.023415138510775365,0.8989407400883795,0.005892854455631564,0.016360668825485893,0.016837615212200063,0.0949177111451197
0.009369053,0.02135913,0.0128,0.020591367,0.01,0.015043256946193241,0.0796342662077842,0.010166853241556828,0.014325139931167631,0.019214005450628156,0.7141050408797112,0.21064595657556906,0.0,0.016463576155268538,0.10605121410967612,0.21702569672710828,0.0,11.445555,0.6724294,10.897247,-0.0012960662,0.014276192,0.0072,0.012652843,0.01,0.007882667380609746,0.02462400118871444,0.001407086771738841,0.00541653580072394,0.012206628616669286,0.06312320005461668,0.21053806750801982,0.0,0.009732849755229154,0.03553067418727645,0.2167468988672441,0.0,3.0973492,0.2090502,2.923883,0.024884827,0.0128,0.53881097,0.01486456956286147,0.0579517589452047,0.00919456860320115,0.011570899884794266,0.018929835583610565,0.5894626813973184,0.016230759511701352,0.07976830202503359,5.70662,0.7837871,10.759127,2.2278497,0.024168134,0.01,0.5509936,0.025490420684190197,0.7029543997500404,0.010051767133732598,0.012010854777362334,0.01792203120729802,0.0804817530308084
0.009402338,0.02165869,0.012,0.021064008,0.01,0.015072372925935272,0.07402853129634293,0.010179679864200625,0.014904279694451439,0.01898462973222531,0.6420513585718682,0.21078941457353972,0.0,0.016493251540932122,0.10037300616372846,0.21727037519683187,0.0,10.789181,0.656541,10.2430935,-0.0009396254,0.014383566,0.0072,0.012379889,0.01,0.00933946681837956,0.02220459944138453,0.0023319537043517812,0.003523679209670292,0.013159595392545497,0.05952828012726486,0.21097365892223524,0.0,0.010741202594092147,0.03206592437164736,0.21712218478413847,0.0,2.7454307,0.2305972,2.5534117,0.02510181,0.0112,0.5386269,0.014188816111796268,0.05478384608667811,0.00879924706987299,0.011898886266737938,0.01790256200139893,0.5214882513944208,0.015504217693733382,0.0751576157611952,5.334936,0.7159116,10.069156,2.2066498,0.024432644,0.01,0.53134644,0.026249682454673576,0.6340202817349315,0.010606895274728245,0.00955849902171893,0.01875847224755546,0.07596914090173358
0.00940855,0.022318171,0.0136,0.021395078,0.01,0.015550879431433441,0.0684631914715017,0.011208420686339605,0.012948771258289261,0.019415584140574718,0.5213445873695403,0.21076052028035788,0.0,0.017029159925840805,0.09046243933256728,0.21697196522906698,0.0,10.058921,0.73454463,9.421633,-0.00062956574,0.015001134,0.008799999999999999,0.012756275,0.01,0.009549759767140403,0.02073719960804472,0.0027916265185234804,0.0021277508908675038,0.01342898668074249,0.05004348008549918,0.21068590911875326,0.0,0.011182295801477721,0.028955739450370065,0.21676858304172028,0.0,2.4718964,0.2706503,2.2307131,0.02555596,0.0136,0.5088489,0.015535206063022361,0.05019613800702431,0.010588932106361335,0.008349732074552422,0.019191272211791465,0.40952214245777574,0.016885990089884537,0.06902593632040964,4.9943767,0.8543412,9.236641,2.3051267,0.024909275,0.01,0.5376389,0.025108628403699953,0.47943946462247944,0.01038540620022566,0.009082907874781044,0.017814838710370182,0.06923971988854215
0.009527265,0.02475127,0.0128,0.02371723,0.01,0.016237963416588445,0.061527039032989166,0.012022458216005453,0.011729408075211951,0.019945742410252116,0.26862336338453785,0.21109848438222728,0.0,0.01772859220735472,0.08120740232207718,0.21753378319711994,0.0,9.781883,0.83332443,9.074475,-0.00030188114,0.016760612,0.0064,0.013940624,0.0,0.008939876587259277,0.02082729952451327,0.0014454595836278258,0.0030545588896742273,0.012370283639770196,0.04563655985120967,0.20090559645973366,0.0,0.010115107537883567,0.023674099770424884,0.2071874826137584,0.0,2.1004975,0.2356991,1.9017531,0.028529452,0.0064,0.62794685,0.009748261765947746,0.04719568561475306,0.004827272108361104,0.011231574092983358,0.013273464506401161,0.1595601886846275,0.01097902376748475,0.06261647774522959,4.574928,0.50612503,8.747046,2.201663,0.027187593,0.01,0.5107975,0.026738198755600493,0.34280703516151273,0.011446161829323103,0.007618078288100202,0.01932095380575582,0.062302810980377356
0.009288725,0.024878863,0.0056,0.023804884,0.01,0.00673501118402537,0.07069839670947704,0.0026081785332315575,0.021187808410979597,0.010265861319125042,0.29105136506337614,0.21074249795553174,0.0,0.007918016033629648,0.09134908818496308,0.21672252860928917,0.0,9.677925,0.32602397,9.406988,-5.513213e-05,0.01674577,0.010400000000000001,0.014250452,0.01,0.010161199959840723,0.01792239928034441,0.0032353436714132387,0.0018441796247510123,0.013906227701635089,0.04119047975318087,0.21031329492560372,0.0,0.011673690450769526,0.021715833747258766,0.216393301648837,0.0,1.9887183,0.33891255,1.6779629,0.028918369,0.008799999999999999,0.6126783,0.009748332118060579,0.04561701456056426,0.004693670936253511,0.010568760304111396,0.013204520402832532,0.14360875844484028,0.01086084528129927,0.06083986264309898,4.5306244,0.58327794,8.547786,2.2054062,0.027744329,0.01,0.53941566,0.02292090587964253,0.16809488968594727,0.010152651605211106,0.007963905280835612,0.017068119640004938,0.06081581136101134
0.009304037,0.023975963,0.0144,0.022955239,0.01,0.016046666107053898,0.06081999496348527,0.011560998405103646,0.0055479980189764135,0.01955747364886656,0.28679733310948824,0.21074939111053836,0.0,0.01734594076614635,0.07829366434149593,0.2168293424615017,0.0,9.200733,0.8241695,8.464702,0.00021735855,0.015661605,0.008799999999999999,0.01315237,0.01,0.009365440202017272,0.019875733374741977,0.0024405435969928474,0.0028010878347879027,0.012723263999605888,0.04262447982370053,0.21060964736003485,0.0,0.010607954334509987,0.0227806814650462,0.21659985843553908,0.0,1.7805817,0.26767072,1.5370795,0.027229166,0.0136,0.50235635,0.015184330117378294,0.043880815550284,0.010234715045690153,0.006284021940978018,0.018593336289740182,0.14367163521423762,0.016362727304782356,0.061576932200236814,4.460662,0.8933269,8.11525,2.393792,0.02645615,0.01,0.5202977,0.024142812560123874,0.17710403574380562,0.010340445811034514,0.007925505962179079,0.01743800220982479,0.06168045182911969
0.00937926,0.02390074,0.0152,0.022844512,0.01,0.015748439519852265,0.060742197599261305,0.011502812973484197,0.011854218722784514,0.01936336000918941,0.3023519200872996,0.2105647193276989,0.0,0.017043419495745095,0.08166906571383346,0.21654271482911494,0.0,9.23657,0.8331485,8.475464,0.0004893854,0.015505532,0.0096,0.013436921,0.01,0.008965421548259064,0.01981776007196556,0.0020634320449492405,0.0030139651738096762,0.012679985389310786,0.042226613402032535,0.21011773633375308,0.0,0.010544481330197232,0.02376454795664333,0.2162278431401516,0.0,1.6670632,0.27069664,1.4145166,0.027186962,0.008799999999999999,0.5914129,0.00929198802959204,0.049372410706073525,0.004382944101909288,0.011558840864117256,0.012758536429669813,0.15023289134174914,0.010467129158495254,0.06509340046891905,4.2986093,0.52604824,8.123964,2.081299,0.026503256,0.01,0.5316907,0.02125028568536507,0.29446801252018096,0.008330884212745034,0.00875466503084999,0.01669486574359084,0.061791067084537625
0.0093430905,0.02316027,0.0496,0.021966463,0.04,0.016418699739780097,0.06109919583648116,0.01198569150148096,0.011774960127591706,0.020229327329017725,0.32717971291866027,0.22145760879096119,0.0,0.017786065790720933,0.08156311844225567,0.229472937806606,0.0,9.173886,0.9023167,8.437188,0.0006911445,0.014955912,0.044,0.0135227265,0.04,0.00969819925464244,0.01853093233952323,0.002786426478364137,0.0022237113928686727,0.013460639964367693,0.04323352001389512,,0.0,0.011076608693707841,0.02230643520636981,0.22813620371059315,0.0,1.7742041,0.30481482,1.4996264,0.026328137,0.0496,0.49561262,0.016393734699539343,0.04439264921595768,0.01132237014893135,0.005113208818761826,0.020082157367583384,0.18712934271627232,0.017641878847432235,0.061258362002250745,4.4569106,1.0289246,8.047615,2.3833013,0.025795149,0.04,0.55181676,0.018464411541243352,0.31805665722379606,0.0025765820994935497,0.012679531395913692,0.01403485342430244,0.06563732368812396
0.009348861,0.020491736,0.0152,0.019581959,0.01,0.01641739947956016,0.06302613055765412,0.011710811382523298,0.012093919919415762,0.020434183358762813,0.3638968528498279,0.21059549298108382,0.0,0.017937506478147226,0.08300010223380837,0.2167483456982694,0.0,8.342657,0.7429443,7.69028,0.0008734234,0.013034331,0.008799999999999999,0.011234734,0.01,0.008937714292926557,0.02051280005011879,0.002024100060841283,0.0027309336246225013,0.012955866521457256,0.04333519969719878,0.21042538752039205,0.0,0.010670444626531298,0.024422669388319836,0.216502375694261,0.0,1.5624729,0.21774206,1.3604821,0.02328742,0.0152,0.49504197,0.016419707925978445,0.04623008293157852,0.011329401941348852,0.00937602078444518,0.020292749272450828,0.17759101917009715,0.017798736604613032,0.06383334808598484,4.041697,0.84731585,7.3249073,2.1236618,0.022575922,0.01,0.5208783,0.02388037458375251,0.3600060934288418,0.00961000235485713,0.010367852110707492,0.01725135195391019,0.06680875344707751
0.009391687,0.019117529,0.0152,0.018269883,0.01,0.016488266151822927,0.06823099806933601,0.010892399899269685,0.012092399899269706,0.020681784475911902,0.36668773272895155,0.21051379657191976,0.0,0.01804603429228882,0.08782730936091444,0.21677804439474502,0.0,7.8366218,0.6862648,7.233284,0.0010009722,0.011747247,0.008799999999999999,0.010485673,0.01,0.008874857032705767,0.021531000679696356,0.0026130999807235183,0.004104799845788087,0.01317146666860026,0.0496477333742066,0.21032994156425128,0.0,0.010886421628207427,0.029616054070518538,0.2165245438494226,0.0,1.4847841,0.21352135,1.3001863,0.021742184,0.0152,0.49644205,0.016415172200997676,0.050516663907484945,0.010408009119319649,0.00749402696390479,0.020491430850253664,0.21339133215587466,0.017961869551126167,0.06848903531974061,3.7989047,0.7892896,6.89709,1.9854681,0.021065088,0.01,0.5210313,0.02435595987425174,0.3385283349885813,0.008312991480634793,0.010484636302165387,0.017324899281328,0.06963280375072929
0.009413654,0.018207973,0.016,0.017511217,0.01,0.016404479811970123,0.07002239905985058,0.010854826603990023,0.011882239905985057,0.020497188809343925,0.33196010722180247,0.2102647945609708,0.0,0.017871895929597575,0.09109542647161335,0.21647124256956082,0.0,7.8604774,0.6574684,7.271119,0.0010865459,0.011313813,0.008799999999999999,0.01029806,0.01,0.007942933101301832,0.02260960048191158,0.001401151962989161,0.004735253271648569,0.011905184051204741,0.052130368031015846,,0.0,0.009708362838355378,0.029556969133294045,0.2161260405986506,0.0,1.4452442,0.17542927,1.2838368,0.020791784,0.016,0.50385207,0.016335745656946437,0.049407119017194044,0.010525630374409593,0.010007764935596637,0.020332688628022108,0.3107515811818732,0.017754869539494532,0.06991992296798344,3.7907088,0.7530572,6.896679,1.9054452,0.020314842,0.01,0.5316114,0.02168128873060368,0.3833339123911798,0.005851881342391039,0.011743609812002415,0.016515790217940703,0.07146590142861839
0.009331774,0.018289853,0.0144,0.017575344,0.01,0.016294999860096825,0.06856999916058089,0.010317599932846451,0.013096999916058087,0.020424333641120347,0.36547300092336105,0.2105772277603014,0.0,0.01768033815418562,0.09128202876006819,0.2168790535257817,0.0,7.6402445,0.6286787,7.0861683,0.0010805164,0.011203889,0.008,0.009988696,0.01,0.008249598406476889,0.021908267059335365,0.002185983936259072,0.004264958776590407,0.012716927957206236,0.04838463977060978,0.21049171088497057,0.0,0.010143735763241511,0.03046241355030836,0.21665949830869735,0.0,1.3909777,0.19426563,1.2316575,0.02081086,0.0144,0.49732676,0.0161358806627587,0.05075627373068432,0.010148336835331338,0.010001552758995348,0.020208047639059305,0.26144393116034675,0.017480902733090626,0.06791830922093929,3.6891592,0.7266303,6.7352524,1.9018344,0.020215506,0.01,0.51681143,0.02492210148298099,0.3961549246250789,0.009469343435709448,0.011071204609713066,0.017645445840798572,0.07000888453889287
0.009376375,0.018578097,0.0152,0.017894655,0.01,0.016967630707242914,0.06788959959707883,0.011897919919415745,0.012465279946277176,0.021142051387712444,0.33828128263241836,0.21060217101798231,0.0,0.018329065973000023,0.08877964294150008,0.2168979945482497,0.0,7.83851,0.68183994,7.2407193,0.0010185972,0.0114977155,0.008799999999999999,0.0101712085,0.01,0.008515799259864617,0.02095439911649543,0.002788773372743026,0.003966320118229129,0.013532639924571868,0.048193759524031834,0.21043820424489143,0.0,0.011260427229662263,0.02898128181032266,0.2166518034109841,0.0,1.4121974,0.20507437,1.2275994,0.021149052,0.0152,0.49821624,0.016943851011934293,0.04943961102431933,0.011179198992750253,0.00928014071075886,0.02092728330565378,0.21097183551697185,0.018251048699205467,0.06844138855996845,3.780232,0.77884483,6.8662333,1.9602225,0.020583294,0.01,0.51685524,0.02498590589589192,0.38513542427055797,0.009547648464594332,0.01063409546013964,0.017637930503128414,0.06971638237798812
0.009409216,0.017990513,0.0096,0.017533405,0.01,0.015081600061987863,0.0693536002686141,0.010043039704524472,0.014572158818097862,0.019122676617598793,0.3327747213967934,0.2110844474828689,0.0,0.016488854620023446,0.0923996895284413,0.21836640809725724,0.0,7.291977,0.49669945,6.9114237,0.0008977736,0.011386632,0.0048,0.010292031,0.0,0.008816000115658834,0.021626666845152437,0.0025819998333388413,0.0031712000257019843,0.013337999973143451,0.04935200002409559,0.20057256097329537,0.0,0.010979912760004346,0.028553130255022107,0.20777241172471603,0.0,1.2843008,0.15593424,1.1683472,0.020694252,0.0112,0.51691425,0.01660263275985162,0.049901842352904326,0.010849679669763555,0.00839161470629161,0.020536723895413025,0.2421500192843076,0.01795023332651158,0.06699335940838552,3.4869845,0.65694505,6.4451284,1.8994864,0.019756397,0.01,0.47894883,0.027835963164502858,0.3194382077420551,0.011916628664983052,0.008730919235188948,0.022579392970352215,0.06794066785986294
0.009216165,0.018183565,0.016,0.01744243,0.01,0.015368342866736204,0.06938920003357676,0.010585226671143574,0.01414227200537228,0.019745658814282342,0.29753370782618427,0.21005331179488143,0.0,0.017005685999884872,0.09183980113591024,0.2162372075175503,0.0,7.840508,0.63313997,7.272229,0.0004144795,0.011522066,0.0112,0.010543419,0.01,0.009736799483551248,0.02173679948355125,0.003191572330243298,0.0023915723302432986,0.013495413273692294,0.04998899193791691,,0.0,0.011272226877737056,0.02781000861954288,0.2158615516581521,0.0,1.6365674,0.22235611,1.4190388,0.020929025,0.016,0.5179813,0.015363177971937921,0.051500071818026655,0.009339112949358424,0.010513551481095744,0.019461900035852887,0.2972503009285398,0.016838974433132807,0.06910431090424357,3.8111513,0.72390646,6.9588623,1.8759202,0.020381412,0.01,0.54369956,0.019758442740241546,0.39916495615089664,0.004623671911973518,0.012670654374700399,0.0159351229306057,0.07116754636732416
0.009252557,0.018147172,0.0152,0.017326154,0.01,0.015244685877372877,0.07155640057080499,0.010498647267421574,0.020057023822714685,0.019280507121072196,0.4061886951509555,0.2102564087918334,0.0,0.016610339758282723,0.0923712449264852,0.2164209551254198,0.0,7.9558935,0.6102097,7.407364,-0.00030466402,0.011661442,0.0112,0.010668879,0.01,0.00996559987534556,0.021165599526441297,0.0035056997509118446,0.0022113985092848407,0.014201039993968061,0.05090259998544224,,0.0,0.011885789116126215,0.029211578048787004,0.21605432279092268,0.0,1.8727647,0.24137804,1.6487426,0.020966876,0.0152,0.5246162,0.015238083480436536,0.05148495099609191,0.009040965384330274,0.010564339612379209,0.019040247406572418,0.32876590745012185,0.016474536742578448,0.07143319181080005,3.9119933,0.70422304,7.184282,1.8660558,0.020347496,0.01,0.5519325,0.020462789497396015,0.4265286950858817,0.005480079241576447,0.01214850416414647,0.016308492995089168,0.07212633577449913
0.009190204,0.018986166,0.016800000000000002,0.01796544,0.01,0.015496693248272186,0.06911259968102072,0.010415013290802744,0.012338015948963318,0.019467858268744705,0.3645369081395674,0.20837212619638426,0.0,0.016862520607454645,0.0908689042935049,0.21607067989763348,0.0,8.148167,0.65688443,7.5479355,-0.0013371138,0.012577938,0.0112,0.011636395,0.01,0.00859653344470862,0.021929866336467988,0.001969480177343712,0.0037694790338482407,0.012778662872567292,0.05296709320778636,,0.0,0.010659537676057745,0.031027458260604043,0.21567849722445,0.0,1.9977627,0.23466386,1.7800016,0.021977974,0.016800000000000002,0.52788895,0.015466510595132196,0.05026896790326748,0.00973542679127727,0.00873989877162148,0.019174131028641933,0.2558972542016137,0.016781095906721565,0.06901338179320962,4.0226355,0.7694227,7.3359904,1.9608133,0.021404734,0.01,0.57476366,0.019342025656670217,0.41413389092887254,0.0038404970366424603,0.012444628984309427,0.015429470182722298,0.07204644034839365
0.009356406,0.020706087,0.012,0.019698676,0.01,0.015554266207784214,0.06366279862335264,0.011047176985525993,0.012443412966227368,0.019444012061807098,0.316393039200873,0.21100298133602408,0.0,0.016851807318548573,0.08918855478039403,0.21758582305016697,0.0,8.0841465,0.64859,7.5391684,-0.0024549053,0.014275497,0.0064,0.012114123,0.0,0.008740933128699271,0.021689120206386615,0.0020415196814029058,0.00404982304182998,0.012604675579655122,0.051521039804906056,0.20098421724856202,0.0,0.010211662537178836,0.030643051825577104,0.2072249848648329,0.0,1.9321327,0.21325415,1.7572749,0.02393147,0.0128,0.534373,0.01619530114462941,0.04660678832292746,0.011329297626317202,0.006634929223369952,0.019956898084086377,0.19255047695166058,0.017493494342654323,0.06304618785898991,3.9705794,0.808407,7.243828,2.1670527,0.022923835,0.01,0.53687763,0.026867090281275166,0.3324446120418754,0.011244251454157207,0.008218501334230834,0.01944410435045931,0.066164470494528
0.009302927,0.021314308,0.0488,0.020293582,0.04,0.015202444388483127,0.06564399899269706,0.010995542828362796,0.013284399899269701,0.018874613660147133,0.36302384098044155,0.22142040761191023,0.0,0.0164249530836978,0.0912582238619616,0.22911327624531522,0.0,8.865116,0.7627311,8.256674,-0.003705812,0.015294496,0.044,0.014042198,0.04,0.009022971939529272,0.020794400638877924,0.002279346474348222,0.0029931662629700214,0.01293694431177928,0.0523423606302102,0.22024954184194018,0.0,0.010645670545781832,0.030275593937660758,0.2280172454084682,0.0,2.523033,0.3050562,2.2653842,0.025259515,0.0488,0.5664468,0.015043586156835044,0.04744268619299195,0.009818061228713213,0.007667789538588021,0.018614935547068764,0.2022808053640594,0.016207278880827743,0.06482805346437139,4.417227,0.9001466,8.092429,2.2235115,0.024678186,0.04,0.60530454,0.018296373275774443,0.3735878095413841,0.002268252874328738,0.013451307973260848,0.013455875248375762,0.06975307722352027
0.009645537,0.020527905,0.0152,0.019640317,0.01,0.015937305111178874,0.06820439855619911,0.012028697101605668,0.011600351884495928,0.019761056101177975,0.3382079207588349,0.2105958361377598,0.0,0.01733099762518914,0.08798832145927901,0.2166294673078316,0.0,8.434634,0.7277917,7.7775974,-0.0048502726,0.015743237,0.0096,0.013674626,0.01,0.008941759300906005,0.021302932168176657,0.002008821921014669,0.0026102927884512402,0.0130796533480785,0.056955840941013004,0.21010546354219575,0.0,0.01069121357753511,0.030691883272822736,0.216272331158155,0.0,2.6240275,0.27640173,2.3705535,0.02446433,0.0152,0.57517827,0.015915396586692943,0.047983172525051965,0.010927438171987934,0.008156548233844194,0.01948950961756409,0.18558794707370488,0.017095588105105433,0.06729076395371239,4.252446,0.8706725,7.7095947,2.202879,0.023931935,0.01,0.6082066,0.022338129570621278,0.3405529063688324,0.008111967098434505,0.009196798101136255,0.01684000471450162,0.06723932753789347
0.009731411,0.020663928,0.016,0.019944983,0.01,0.015488187792870848,0.06856639749293489,0.01153634907625742,0.013379967967766304,0.019131159909342752,0.32769855854948376,0.2102698318755429,0.0,0.0167323296092286,0.09149247206921447,0.2162770062852476,0.0,8.766925,0.7336745,8.0912485,-0.0059963567,0.016193599,0.010400000000000001,0.014913472,0.01,0.00838280036043002,0.02295177206010593,0.002041387227731002,0.0038620814324573246,0.012486574707918544,0.06027616064929575,,0.0,0.010285295571456026,0.03211177296809067,0.21586091773687804,0.0,2.9755988,0.28540155,2.7091374,0.025303796,0.010400000000000001,0.6944555,0.009731488131677587,0.049816202180085686,0.004416010692511873,0.01183691352186694,0.013251294079434775,0.22076162222596413,0.010864214880658028,0.06819013814409883,4.320405,0.53429514,8.15212,1.964449,0.024904095,0.01,0.64204705,0.019496541281172383,0.32904138427278184,0.0049394054589430424,0.009965708850956564,0.015849575482829722,0.06752824004039797
0.009853897,0.021096183,0.0136,0.020008888,0.01,0.015956329664578016,0.06221440107445648,0.01200095995970787,0.011042303903298915,0.01965648056744731,0.3005678963597191,0.21095349284102408,0.0,0.01726822492066667,0.08995102977786673,0.2171383833657818,0.0,8.502205,0.71205187,7.8782306,-0.0070341397,0.016883522,0.008,0.014355737,0.01,0.00900605648929236,0.021480299548308136,0.002149861866633182,0.002874746521200763,0.013094210709722802,0.06054543898798568,0.21087606059929484,0.0,0.010602702915713962,0.030726486744167423,0.21690017513633036,0.0,3.0515468,0.2915235,2.8029423,0.025582274,0.0072,0.7147611,0.009387520878052419,0.04967444672281814,0.004393837256264033,0.011672128701502636,0.012949404146626877,0.2060520859386249,0.010588405169520048,0.06707136509238641,4.2106934,0.46737635,8.032378,1.9631095,0.024626058,0.01,0.6223535,0.025529142274022407,0.3369945557222108,0.010831586788162682,0.007984283894796789,0.018096702511799095,0.06584043929982196
0.010131935,0.0204853,0.0144,0.019579962,0.01,0.015857013122918942,0.06835173228126136,0.011720849182212077,0.011795173228126135,0.01945996637021917,0.31103484025854106,0.21075429623278538,0.0,0.017115928035445403,0.09148538830128593,0.21679414530556584,0.0,8.2012,0.7067541,7.563245,-0.007933706,0.01685546,0.008799999999999999,0.014949185,0.01,0.009127288790999319,0.02313640043693375,0.002153640451671799,0.004061303867910456,0.012655172696754698,0.06626207249953314,0.21037225180504004,0.0,0.010393575338667598,0.03250335127794636,0.21643473889619144,0.0,3.1562507,0.28676793,2.8935003,0.025261408,0.0128,0.6472308,0.014065023728296183,0.04759446416611737,0.00919653610741334,0.00810092889859167,0.017481851104840917,0.1934163142521799,0.015198439106067916,0.06473675606832148,4.2228575,0.7703877,7.743216,2.168845,0.024634384,0.01,0.65208155,0.02337383921088062,0.3046051811205419,0.01010641394136094,0.008159543502161198,0.017158838736870338,0.06613168198129694
0.0102628535,0.020909125,0.0136,0.019812953,0.01,0.01578451391636986,0.0680915974145891,0.011559741562223553,0.01222554676963541,0.019185898308188915,0.2911556803971652,0.21093012094570096,0.0,0.01686446687556263,0.09142563406446919,0.21704341393465887,0.0,8.483009,0.7020591,7.8650265,-0.008735409,0.017657164,0.008,0.015203588,0.01,0.008993168964396637,0.02282779905103641,0.0020529303381780213,0.003396447155999554,0.012482677073820605,0.06361003887425304,0.21068165999373334,0.0,0.010283869862518577,0.03285160935437015,0.21672344848551195,0.0,3.3293705,0.27706715,3.0749688,0.026036195,0.008,0.74527997,0.009872739031706532,0.048363487301144294,0.004764133886337322,0.010746925911513407,0.013286211727408317,0.2028122991066423,0.011022886800151264,0.06471674294790247,4.246026,0.5019599,8.05665,2.002861,0.02497403,0.01,0.65451676,0.02495023375039381,0.32360977980359956,0.010625012805987807,0.007880436603352402,0.017790924162717728,0.06541429114254943
0.010285931,0.021218894,0.0056,0.02012716,0.01,0.00653124947536303,0.07409999160580878,0.0024111097307330056,0.004449993788298492,0.010140000156691576,0.3470250005875934,0.2107325213063793,0.0,0.007728579913190696,0.09991443843743238,0.21669423089820183,0.0,8.73464,0.2627262,8.504533,-0.009536417,0.01834222,0.0096,0.016282884,0.01,0.009345732739868162,0.022037200411231767,0.0024935522897715145,0.002909145116769698,0.013007224947221356,0.06774696243999949,0.21024522976846205,0.0,0.010799578574536372,0.031998524609495704,0.21634810234869248,0.0,3.6023293,0.33256269,3.291342,0.02658227,0.008,0.7317958,0.00875816934788454,0.04853985367345813,0.003899963322994245,0.011997922701405182,0.01211060383437948,0.18070634784822037,0.009863976775270886,0.06835001639762488,4.45273,0.4643632,8.485476,2.0009322,0.025888896,0.01,0.68020505,0.022190480411231162,0.2974560347377082,0.009611052679983417,0.007527700148398486,0.016879922289774283,0.06496109178885566
0.010520254,0.020762675,0.0152,0.019919463,0.01,0.015461084769339597,0.07102759338537731,0.011613154963226999,0.012274202904390161,0.018955957267970554,0.35313935901955845,0.2105397550044077,0.0,0.016679722794939334,0.09287833676963603,0.21645748655708794,0.0,8.775246,0.72983134,8.118653,-0.010167205,0.01850919,0.010400000000000001,0.01661683,0.01,0.009562602079848694,0.022562603284626826,0.0024770089980972443,0.0028528700856426865,0.012844227484468819,0.06986536593201825,,0.0,0.010795144394312318,0.03318057755774942,0.21605883134993686,0.0,3.8562686,0.35558668,3.5302079,0.026841292,0.008799999999999999,0.7431613,0.008746936689954691,0.04972456312768593,0.0034436757468060478,0.011598030441551686,0.012030789475714301,0.19272773994703746,0.009885046260052922,0.06842011874092882,4.535365,0.49802497,8.630356,1.9987793,0.025940394,0.01,0.69525,0.019846912881171123,0.3352326282575669,0.006525770336080612,0.008454979315838098,0.016314612459127315,0.0663714359061268
0.010819815,0.021572597,0.0032,0.020356603,0.01,0.006231955007135048,0.07491503802568623,0.0024236684854080977,0.004577513640560732,0.00977109712079241,0.28799922661518235,0.2111048969876853,0.0,0.007364557728574073,0.10050886561430239,0.2173810880660816,0.0,8.564222,0.22359577,8.4148855,-0.010564925,0.019022867,0.008,0.016151857,0.01,0.009820218116394927,0.02160447985606888,0.0033022242731887215,0.0029622335025380735,0.01326135515715141,0.06633008215591252,0.21106163361537864,0.0,0.011183038557842792,0.03174063488433369,0.21709175677342332,0.0,3.7318506,0.3431009,3.4389522,0.027540201,0.0064,0.7451742,0.009155013937676404,0.04845521164689052,0.003880585413130484,0.011056430323062137,0.012495530736007777,0.21428546307593688,0.010248578456344967,0.0660653913644686,4.412506,0.46934763,8.448275,2.0677166,0.02598603,0.01,0.67073154,0.026205655500116266,0.3440635680071294,0.011212958290861438,0.0071338492809204235,0.01860131622711634,0.0652053905465604
0.010729059,0.022218095,0.0056,0.020811267,0.01,0.006539021983454131,0.07268373261702901,0.0025080320322336774,0.013340160161168473,0.010054684686197152,0.3345843243515487,0.21080374727143994,0.0,0.00771493022466675,0.10023437202200072,0.2167210489076119,0.0,9.174995,0.2875504,8.935791,-0.011006475,0.01992823,0.008799999999999999,0.01776222,0.01,0.008395466818379554,0.022986400865833898,0.0019457599220373142,0.004283235451605302,0.011941226965285386,0.0701420844310223,0.21020353378704904,0.0,0.00981481047938114,0.033237006272499266,0.21630658575010456,0.0,4.1216846,0.3289764,3.823916,0.028628584,0.008799999999999999,0.7699447,0.00939600978771814,0.0471965953333931,0.004147557331309781,0.010354539556645535,0.01270262965390134,0.20228787159028297,0.010438242511826547,0.06303018493063761,4.7281327,0.5606638,8.958887,2.1492147,0.027360652,0.01,0.7065169,0.02182972104574603,0.32694148874383444,0.009861096062378963,0.007710355998945991,0.01683545476083175,0.06431971905782492
0.011032836,0.023023805,0.0016,0.021590352,0.0,0.006300399376964469,0.07270359439268027,0.0025274034098627,0.003667147262094629,0.009770227895834522,0.24127098754861637,0.2012035660057952,0.0,0.007625766973666487,0.09774110644699649,0.20811978305105985,0.0,8.701578,0.17565754,8.617478,-0.011038942,0.020656418,0.0056,0.018546065,0.0,0.009204800110304268,0.022414399537364262,0.0027216449232957984,0.0034171720470986366,0.012616480331595539,0.07048789436483968,0.20061860214198346,0.0,0.010537466095127457,0.03216226321794728,0.20737332463766503,0.0,3.873776,0.3074924,3.6358392,0.029160675,0.0056,0.78717995,0.010102792421194816,0.042349422588356535,0.004958048129049303,0.010444115292343232,0.013351423411711949,0.1735280519017004,0.011220637979520961,0.0638644819923108,4.443011,0.49905562,8.510418,2.2370949,0.02846225,0.0,0.70969456,0.01732625606543614,0.23986990910583023,0.001680128344753129,0.013288703800291039,0.010887581819440799,0.06905540712324033
0.010818706,0.02212845,0.016,0.020872511,0.01,0.016787732542414002,0.0663263952544839,0.0129111304203926,0.004755814320490216,0.020306032776847813,0.3942012786032066,0.21074420572712874,0.0,0.01800375826867362,0.09123006614938896,0.2166509071441618,0.0,9.685356,0.83095413,8.940226,-0.011212873,0.020134628,0.0096,0.017950065,0.01,0.009050844728911217,0.022909601151233222,0.0023491520446699723,0.0034702170899844867,0.012624922889391791,0.07485592238000387,0.21010400931956377,0.0,0.010435950675885488,0.03380372041647581,0.21622213247316946,0.0,4.4537773,0.36361435,4.1240053,0.028472895,0.008,0.7403839,0.008496245442490545,0.04952095015755457,0.003466021423666598,0.011732445666085164,0.01188748844824854,0.3223689426274679,0.009578008890238288,0.06926589102712646,5.0771065,0.49899465,9.718389,2.117884,0.02752938,0.01,0.71026284,0.02109777630582613,0.3967003999735886,0.008678476387995033,0.007825975736902491,0.016695145747553538,0.06623846717807128
0.01078076,0.020391218,0.0144,0.01943706,0.01,0.01588773317664177,0.07195799882481323,0.0120233221109454,0.01231719790704832,0.019548753403350747,0.5238822019642407,0.21084250126988932,0.0,0.017208871800544603,0.098956991468119,0.21684753951421099,0.0,9.722305,0.7075146,9.101659,-0.01116023,0.018342681,0.008799999999999999,0.016394664,0.01,0.009496573374578883,0.02855866971162985,0.002625521043500612,0.0035638026087515236,0.012822831546810175,0.08214840519180107,0.21042444719206138,0.0,0.010635066439643332,0.03903922594777628,0.21654322826245126,0.0,4.7138605,0.32728654,4.429311,0.026213624,0.008799999999999999,0.7750313,0.010113092005461023,0.051937262432185445,0.005048815781971598,0.011748747419568153,0.013497358471588177,0.39024111016516755,0.01123369163047987,0.07231743568074865,5.122038,0.5416989,9.77833,2.0519712,0.02542802,0.01,0.7006934,0.023775023618747185,0.5244223452606631,0.010237401470188914,0.00874906927753891,0.01728216451817744,0.07130855592220395
0.010775657,0.019619681,0.0152,0.018669961,0.01,0.015681028408341444,0.08216719885839,0.010968359942919505,0.013157813257225998,0.01943728018611123,0.7317739742018523,0.21038880108406302,0.0,0.016958952430447472,0.11420506680525298,0.2164884687271388,0.0,10.961487,0.66765076,10.385221,-0.010963806,0.017102677,0.0112,0.0160962,0.01,0.010366401079483376,0.030039681295380066,0.00405996782435277,0.008233279787530254,0.014287320974134626,0.09993237807620638,,0.0,0.012015684329201713,0.046462737358798425,0.21610034997580582,0.0,5.556265,0.37215465,5.228116,0.025207771,0.0152,0.67881274,0.015387410629199303,0.05592364835409188,0.009578510072568953,0.0084884981828547,0.019104921889458955,0.6533880685868624,0.01668134453634948,0.08190662216683554,6.010069,0.8546522,11.270941,2.2445798,0.024650661,0.01,0.71150225,0.020858262053320403,0.765067917512333,0.005555618850836623,0.010444462872101046,0.016365261633464384,0.08319433711811643
0.01083801,0.017560255,0.0144,0.01690344,0.02,0.015355418297810638,0.0995032004253057,0.010110319818685458,0.02291032053264016,0.019305207603611006,1.0374524278799073,0.22035316666574198,0.0,0.016741430715463048,0.1400192996505097,0.2265836227804769,0.0,11.878253,0.580147,11.410273,-0.0106511945,0.015166717,0.0112,0.01468899,0.01,0.011017143434125546,0.03877333533237129,0.004677332940664655,0.008821332219580627,0.015175112081280667,0.4911626681302499,,0.0,0.01259389991274552,0.05094510398483698,0.21620882211481826,0.0,6.2153425,0.3528706,5.918501,0.022902792,0.0144,0.6970647,0.014983111293252659,0.06695248278803388,0.008267144137894455,0.01301295592628755,0.019001865295700193,0.8631004777124021,0.016415878865561947,0.09648262386215717,6.5487366,0.74742466,12.479316,2.0594287,0.022340482,0.01,0.717503,0.022524443529267017,1.04921539499351,0.00585949041685879,0.01400484392842686,0.01665445648957899,0.10038782820429361
0.010622326,0.016444558,0.0256,0.015885377,0.02,0.024298836259853622,0.1076217997145975,0.012509573295279642,0.024485813257225996,0.028939620582556884,1.2965584823302276,0.2162653833887828,0.0,0.025753808274184758,0.16125110484916355,0.22586131982375918,0.0,12.697275,0.8975769,11.963684,-0.010349716,0.01393761,0.0184,0.013478436,0.01,0.015620001767011489,0.04269333568934867,0.009443200539741702,0.005204000674677119,0.020522183060797578,0.6379146704791279,,0.0,0.017816793081200013,0.059184722421705985,0.2156061399595669,0.0,6.583148,0.5012451,6.144844,0.021303622,0.0184,0.71317285,0.01676756897464138,0.07874213057579275,0.008618161595866787,0.012353873344525274,0.02114854041844419,1.0406939287086563,0.01826143202979192,0.11501862516851435,6.954879,0.7911145,13.251957,2.0110567,0.020296752,0.01,0.72624725,0.01936604190590593,1.3172595161090785,0.0034119563520771832,0.0233136797424923,0.015232055752406593,0.1321409580183254
0.010500061,0.015457339,0.0328,0.014836026,0.03,0.03289485699895672,0.11670933266179805,0.019786399899269693,0.023189119919415767,0.03763448923211804,1.5102776007722656,0.22693737568629924,0.0,0.034477602464478015,0.20221340661446202,0.23618718412388337,0.0,13.444956,1.1291981,12.560919,-0.009977736,0.012753956,0.016800000000000002,0.012429288,0.01,0.015199360021075607,0.05039680010280794,0.009028479268594947,0.007199354880164491,0.02079917744537975,0.8415971210621325,,0.0,0.017204512849620275,0.07301128171792721,0.2159868846914085,0.0,7.0944986,0.44027647,6.7253027,0.019455384,0.016,0.70704365,0.0156428548971116,0.09748766024402751,0.0063440497433912245,0.021657378270321215,0.02064085577671681,1.2439583875327518,0.017396901244741955,0.15515630091444768,7.4152575,0.6552114,14.3185215,1.8403428,0.018832365,0.02,0.6651058,0.031978427536335875,1.5196844376869882,0.014067386571902318,0.020236515141527057,0.026185268623134948,0.17629313896610269
0.010488522,0.01458129,0.044,0.014226255,0.04,0.042306327236098056,0.14498986653235962,0.02731391991941573,0.02411391991941576,0.04805632149752373,,0.2338840245294101,0.0,0.04422369556610374,0.28923032557775774,0.24553458570015052,0.0,14.300591,1.408444,13.220398,-0.009598568,0.012026927,0.0184,0.011428607,0.02,0.015017760714515181,0.059888803572575984,0.008297760714515153,0.012365920238171733,0.02113498046751465,0.886226615476879,0.21372740997572723,0.0,0.01705037029036271,0.09462592582407418,0.22556370453537133,0.0,7.6620917,0.41424763,7.317478,0.018277189,0.0264,0.67680895,0.024385146811688265,0.11666920980926432,0.0135123534200201,0.024543367145176586,0.0298006988457239,1.4371144505712,0.026293422042501013,0.22697222323848737,7.973611,1.017747,15.152037,2.0496237,0.017945478,0.02,0.69040793,0.029566276391017964,,0.011525058938731049,0.028315482335134663,0.024910373318072557,0.2764983881066235
0.010367589,0.014147481,0.041600000000000005,0.013841263,0.04,0.04036759954111753,0.15435139931167632,0.02270055972467053,0.030300559724670523,0.04595252043985561,,0.23363736809917013,0.0,0.04237361470973988,0.3151208448302132,0.24555725494636077,0.0,14.266085,1.2775421,13.30283,-0.009096025,0.011640338,0.017599999999999998,0.010926064,0.02,0.014638798753453693,0.06415519501381482,0.005215516931182901,0.013207758465591465,0.021335871445197382,1.0129396780826319,0.21430725021004773,0.0,0.016655284128596803,0.09058292619289518,0.2258042851938598,0.0,7.495,0.38938448,7.1805344,0.017537836,0.028,0.6739247,0.026304146993230464,0.1207617840670939,0.015030106855358553,0.020443085219065966,0.03210448251271896,1.5007344974135333,0.028580301978163015,0.2430843694683164,7.912261,1.0535275,15.011147,2.0026968,0.017184915,0.02,0.6890366,0.030304044736269232,,0.011468484566928012,0.032392658822668965,0.025368300122896554,0.31256010522481603
0.010150129,0.0144758895,0.031200000000000002,0.014138606,0.03,0.03225896012759171,0.15259653375863902,0.015207584051036702,0.0340189601275917,0.03754903211244487,,0.22469955647200857,0.0,0.033997177838830654,0.3149560489029451,0.23621094484594277,0.0,14.549229,0.9891925,13.827398,-0.008610179,0.011618306,0.016800000000000002,0.011089558,0.01,0.015855838964339317,0.061679194242755246,0.006807919745550317,0.009338613163700228,0.02242851073980696,0.9349808508824008,0.20526249927597326,0.0,0.017973953347066116,0.08942325524471678,0.21630057040358594,0.0,7.4821267,0.40972695,7.1502686,0.017752303,0.020800000000000003,0.6794182,0.021489235536561454,0.12773994493011906,0.010075115131252914,0.027492432764086305,0.026975745590444966,1.4454753729738585,0.02335290221767614,0.2605760533070956,8.009864,0.8206309,15.407605,1.9110819,0.01742587,0.02,0.6699506,0.0346343275198003,,0.012955877678824878,0.030127485922809283,0.026814135828747112,0.3041208039833631
0.010086668,0.014761248,0.035199999999999995,0.014503849,0.04,0.03434548524421102,0.14227279890315903,0.019281226447298468,0.03372183967094771,0.0398881245324902,1.3919482801981027,0.23382923107286094,0.0,0.03591011103953911,0.29185617816879883,0.24565620621562753,0.0,14.278512,1.1164414,13.426427,-0.007947157,0.011766959,0.017599999999999998,0.0111222565,0.01,0.015284570547360498,0.05514799851008953,0.007259196812953814,0.010859196812953798,0.02088853182191483,0.8743109324289456,0.2032996187992371,0.0,0.016918071411281654,0.08302951785282041,0.2158651703582107,0.0,7.1578064,0.39928767,6.824324,0.018046325,0.0248,0.64430034,0.023600038312824197,0.12070990817111234,0.013049432673853608,0.025405127840101627,0.029233242520266912,1.375899514560004,0.025507051760035256,0.2318710488379253,7.857609,0.9606215,14.962725,2.0114849,0.017749332,0.02,0.66786706,0.030333785692030234,,0.012004512206929049,0.029418130820815187,0.02545371928100941,0.2551355103772404
0.01008711,0.014538908,0.0424,0.014139494,0.04,0.04153613363552422,0.14550420045328633,0.02296112012087633,0.030020840090657263,0.04787860713985919,1.4855834166596713,0.23363589569152474,0.0,0.043883435230643544,0.2807337412727606,0.2457419361926964,0.0,14.26387,1.3387278,13.2395935,-0.007125279,0.011061033,0.0184,0.010476627,0.01,0.016271359841676034,0.06205226652387805,0.007415682708989243,0.010307841354494635,0.022780372638380685,0.831170559354238,0.20437522256458368,0.0,0.01847979802189384,0.08781313146204839,0.21599127014992844,0.0,6.9303055,0.40776253,6.593113,0.017387442,0.0232,0.64701414,0.02228887298525824,0.1294010401891253,0.011475941620028515,0.029354530656155474,0.028414736321578902,1.4382267611678912,0.024525157756029013,0.23675173021393606,7.7792974,0.8511335,14.898975,1.9036773,0.017057404,0.02,0.64902425,0.03272716540040307,,0.011808779544221224,0.03196232765541284,0.025881029603877507,0.28937106801036133
0.00973607,0.015888484,0.036,0.015608894,0.03,0.03427582193122357,0.13464119869050614,0.020128239738101274,0.03145647947620247,0.0397583317144536,1.5255694406670584,0.22361345539404237,0.0,0.036281876445317496,0.22627292163712218,0.23538687309245598,0.0,14.692571,1.206514,13.762823,-0.006303401,0.011862505,0.017599999999999998,0.011185336,0.01,0.01401215992083794,0.053230399394397575,0.006194771359420884,0.013246078519565633,0.020409813142067926,0.8181529595347944,0.20306112741715793,0.0,0.0169906809992066,0.07573476814309006,0.2156481269446032,0.0,6.612363,0.38516212,6.2828236,0.018991033,0.0256,0.62105966,0.023627138239253873,0.10781320741591012,0.013146538403313934,0.02541680380178756,0.02911335149290221,1.4335686957059892,0.025770830104706512,0.19165239333165313,7.898315,1.0113541,14.991209,2.115582,0.018690461,0.02,0.63476974,0.02962936556794922,1.5663379003173767,0.011388694446599743,0.030147359461159838,0.024887207877961615,0.20877022076642004
0.009651749,0.0164166,0.0328,0.016066004,0.03,0.03159829933685887,0.11679319734743558,0.01875931839167297,0.02471863678334593,0.03690394694871147,1.375778507512801,0.2247421862103603,0.0,0.033242587926877926,0.18550646962968304,0.23573204219293567,0.0,13.803875,1.164824,12.869023,-0.005581012,0.011835836,0.017599999999999998,0.011381299,0.01,0.014407400565443686,0.04460740095217633,0.008241481719462809,0.009282963438925653,0.020521476194332762,0.5943733214394807,,0.0,0.017003077207546995,0.06547282135360898,0.21568745614751283,0.0,5.807764,0.3963499,5.458976,0.019525297,0.02,0.65124816,0.01851728716905045,0.0919869783690846,0.009622305741765104,0.026006524103772456,0.02368657050489337,1.2239353830860145,0.02026573587517414,0.15027819285177146,7.2495766,0.8048459,13.84369,1.9885792,0.019294819,0.02,0.6049358,0.02983035946329963,1.4277900727904447,0.012123215616924057,0.022816151331347036,0.02525294344849165,0.15863252864151378
0.009625344,0.016886799,0.024,0.01647407,0.03,0.026037046019539094,0.10705631965080166,0.013688159825400817,0.02897631965080164,0.030958688357256778,1.0999973767145135,0.22870166401944586,0.0,0.027396557941260426,0.16448451092746877,0.23681509902034117,0.0,12.997391,0.9467563,12.248045,-0.004884131,0.012066583,0.0144,0.011491453,0.01,0.014245119959904922,0.039006399988755394,0.008108373492685632,0.0054812801195142325,0.02022101336703149,0.4207086932528006,0.21010719362151364,0.0,0.017047199494566168,0.05490413268397018,0.2166016848571723,0.0,5.142305,0.37776905,4.8141565,0.02003939,0.0144,0.64618284,0.016221355833911592,0.08579374078606322,0.006224245380884304,0.021584349274658146,0.021013952768897934,1.108948989561042,0.017613190075010426,0.1287241454914851,6.736683,0.6711944,12.943953,1.9100702,0.019558115,0.01,0.628033,0.02575749335265236,1.24826275539355,0.0060312568747949765,0.025775291494799298,0.01769110229632915,0.13705021961807348
0.009492871,0.018350651,0.0248,0.017733777,0.02,0.025432654624817815,0.09031973362433196,0.01325397985394111,0.021707959707882144,0.03012388024287193,1.0359773125828926,0.21872444667086027,0.0,0.026987783288268338,0.12791029507012638,0.2264338674501677,0.0,12.552819,1.0351882,11.69186,-0.0042496338,0.012707574,0.008799999999999999,0.012239123,0.01,0.007918399572705358,0.03855920034777964,0.0014810509334159633,0.011983677442672985,0.012767360278223715,0.10225312150613634,,0.0,0.010170048036178015,0.05217004776844916,0.2161670781981611,0.0,4.5875845,0.20308213,4.4115667,0.021529226,0.0152,0.62470967,0.015710663344532305,0.0732479696861501,0.007792787497596737,0.018022055034098785,0.020249842112350733,0.908600635396503,0.017282310631771908,0.10846106942388636,6.4325542,0.731099,12.25521,2.0240858,0.021031618,0.01,0.6211113,0.02326992354063549,1.1274805756444415,0.00529225490908324,0.02113220125388399,0.0167298304569821,0.11186384488713982
0.009265427,0.019576633,0.0504,0.019203847,0.049999999999999996,0.016348266599513137,0.09408959959707883,0.005505279946277187,0.028438613279610506,0.020726351174218234,0.9775606413162091,0.23100577192193741,0.0,0.018002240566216007,0.12682912567256602,0.23873259119944423,0.0,12.334363,0.7328762,11.891014,-0.0037913856,0.013872675,0.044,0.012727053,0.04,0.007971200305853382,0.031764000353402294,0.0019928003919552793,0.010123733855940372,0.01315680038713581,0.0853408023228146,0.2209453335923839,0.0,0.010518320640911225,0.04425076323071484,0.22800938081697125,0.0,4.192183,0.25502366,4.025442,0.023405772,0.0504,0.5801108,0.016161412705384553,0.06747935942941445,0.00926895186049178,0.01304522431036377,0.020439113573422218,0.804705589040008,0.017703229549438492,0.09622197299945691,6.3071456,0.86932355,12.043652,2.1990163,0.022641758,0.049999999999999996,0.5582931,0.028172652342085415,1.0327761099766322,0.011644711320630776,0.013736558128785208,0.023075804954729762,0.09574409886155408
0.009528153,0.020645289,0.0128,0.020050604,0.01,0.014201599932846466,0.08420799966423236,0.009281066621897661,0.02432159993284647,0.01832360026861411,0.7142592014326087,0.21050534642673946,0.0,0.015713332878099298,0.11489999317148934,0.21677423953265484,0.0,11.544411,0.62152475,11.025173,-0.0032686668,0.014741397,0.008799999999999999,0.01333604,0.01,0.008713200379104273,0.028713200379104284,0.002367223084054694,0.0031426403970956757,0.013153503985661518,0.06997834650056775,0.21016992838898865,0.0,0.010610022124218313,0.039098040074172884,0.2164301817786678,0.0,3.6829143,0.24493636,3.4651537,0.024683785,0.0144,0.5882809,0.015633905635446765,0.059502974316435094,0.009744449193705077,0.012210902600073908,0.019664274651477534,0.6319350620953268,0.017055125479479783,0.08238868310213071,5.823757,0.82876426,10.931194,2.2590084,0.02408063,0.01,0.58693045,0.024170314946762018,0.7623911321108053,0.00759520301359693,0.013589527196568729,0.01722312711781363,0.08535333379525482
0.009418093,0.021642938,0.0152,0.020560078,0.01,0.0154952525812138,0.07454292957273567,0.010550718374884582,0.01500287349953832,0.019578239822043136,0.5869703674305381,0.21036342848888695,0.0,0.016880554354421658,0.10172360330374083,0.21648816910039492,0.0,11.130127,0.7363567,10.493281,-0.0028927454,0.015061198,0.0096,0.013776434,0.01,0.008392666103989905,0.023191199640172206,0.0020988997754090633,0.0047970652694819165,0.012792799769266458,0.06312079756313539,,0.0,0.010406064872850358,0.03302122706715431,0.21611355966043103,0.0,3.281367,0.26360387,3.046213,0.02535377,0.0152,0.5478662,0.015393545376231077,0.054282936422869445,0.009965403364586201,0.011303298955793732,0.01932886258541621,0.5370783150902647,0.01667303292748948,0.07506509607460556,5.6051264,0.87181956,10.443876,2.2869415,0.024748879,0.01,0.59034634,0.021277184453130857,0.6490310535691942,0.005963768837995929,0.012093257299225885,0.016475298793943695,0.07806622981927445
0.0093333265,0.020840116,0.0136,0.020263184,0.01,0.016231435159810598,0.079583599429195,0.011113440443213314,0.015113440443213295,0.020345851998417083,0.7928419279778394,0.210695719057837,0.0,0.017527714051316343,0.10979599890614285,0.2171574454827101,0.0,11.521112,0.7055957,10.943958,-0.0024595435,0.014280135,0.0072,0.012814484,0.01,0.008343599975636698,0.0268616012336953,0.0019315406618053658,0.004663080657889187,0.012589240035865623,0.06793544013099968,0.2106540273631519,0.0,0.010382648468131538,0.03835951310004939,0.21688619879458373,0.0,3.3954659,0.22449706,3.2141147,0.02459481,0.0112,0.56828195,0.013678725519257159,0.0610952429294186,0.007764356512709083,0.013587641507179888,0.01772675669131704,0.6095686494916519,0.014988621668627137,0.08226019295681344,5.7688456,0.6871673,10.975644,2.1520977,0.023975143,0.01,0.56390464,0.02595180530973316,0.7859499107179754,0.010208679379283509,0.011677781223193861,0.01828092168613061,0.08253117902898807
0.00932423,0.020849211,0.0128,0.02003263,0.01,0.014131510861150765,0.08179179887517839,0.009119062728591826,0.02348668782002854,0.0185786399011884,0.7367001369452338,0.2105298129367852,0.0,0.015693587204633923,0.11102945925097293,0.21678656057400328,0.0,11.457979,0.61696553,10.935411,-0.0020928984,0.014029443,0.008799999999999999,0.012800337,0.01,0.008970971247084162,0.028879359956820703,0.0022732801936214855,0.006039677440082246,0.013589279870566497,0.06777855969093385,0.21021386332367098,0.0,0.010887247166809038,0.03649630580222686,0.2164977588908117,0.0,3.3714628,0.24872097,3.156949,0.024407173,0.0136,0.55542004,0.014856890714407973,0.060875516807034014,0.008781450974684276,0.012005552784704904,0.019095319706291684,0.5990938088236065,0.016298840921674492,0.08130074680063099,5.756689,0.77537376,10.843113,2.201875,0.023772987,0.01,0.5685853,0.02436889802263998,0.7613531800188758,0.007967638205134265,0.013433367449225261,0.01733913057409197,0.08419859263694955
0.009308253,0.020532342,0.0152,0.019924344,0.02,0.015695576458737606,0.0830749332661798,0.010268319538879085,0.02234356551666247,0.019877790061277573,0.8918815469934805,0.22028552333240914,0.0,0.017198942418369823,0.1135851938571773,0.22648905962360832,0.0,11.950813,0.7048209,11.352135,-0.0017693882,0.013821887,0.008799999999999999,0.012801494,0.01,0.007680797404099485,0.029520199431143347,0.0013920195816805063,0.005384039179385442,0.012342543868033271,0.07125635970599865,,0.0,0.009770911329652835,0.04009334199963962,0.2161234694297202,0.0,3.4165688,0.21382368,3.2301157,0.02421361,0.016,0.5672442,0.016321408162926675,0.061252355809499476,0.009734381296899755,0.011795666084971694,0.020426901491236958,0.7219974330412771,0.01773678962752051,0.08213303380898798,5.9574456,0.87160504,11.157921,2.252791,0.023667501,0.01,0.5714939,0.021857109641371296,0.84978304703388,0.005680139097751109,0.014580636800971507,0.016511949000191706,0.08712356641970612
0.009352633,0.021042705,0.0152,0.020261629,0.01,0.015374215369118429,0.08048826659951314,0.010386479308318621,0.022386479308318642,0.01954203561002455,0.6748927734967402,0.21028081032837342,0.0,0.01679409316757774,0.1083556987568332,0.21645155702160088,0.0,11.372993,0.7079718,10.75612,-0.0013431432,0.014207316,0.0096,0.013043143,0.01,0.007722080156396442,0.025403466555291396,0.002086011602610597,0.004501040609137056,0.012836453122278272,0.06148374373941425,,0.0,0.010173440178488364,0.03316095978669601,0.21604527862435588,0.0,3.1375847,0.23935382,2.922607,0.02457811,0.0152,0.5430116,0.015233805916360824,0.059423341592871486,0.009316796232016714,0.011277688752933177,0.019380079634887488,0.5818568707189525,0.016630585547719557,0.08045750753910225,5.6791515,0.8274743,10.625973,2.2290533,0.024096828,0.01,0.57195914,0.020953987047285877,0.6778354554619568,0.005489206911446374,0.013018773543006592,0.016362388777951722,0.08108175881856675
0.009292497,0.02265612,0.0152,0.0217064,0.01,0.0170550998908755,0.06694693304233472,0.01265959122154136,0.011368160496936114,0.020790382719158333,0.44764537778897,0.2107811414351643,0.0,0.018487644063736295,0.0884326184215696,0.21693981344926574,0.0,10.083665,0.8360303,9.351183,-0.0009644394,0.0152200535,0.008799999999999999,0.013146805,0.01,0.00938080015035648,0.021304003084238257,0.0027572579225705793,0.0030601606050237647,0.013275600091496337,0.05022680019306594,0.21058957445754203,0.0,0.010877771625232754,0.029755543375395866,0.21666161775964762,0.0,2.4531121,0.2748376,2.2123928,0.026129302,0.0152,0.5214915,0.016944665604324928,0.04926084720422605,0.012020317620622608,0.005295162072407959,0.02056140507404834,0.3716214549471399,0.01825523340379946,0.06693721343728395,4.9826956,0.9741149,9.103025,2.4135735,0.025377277,0.01,0.54457456,0.024797939013361088,0.4462640967413768,0.010363087099305873,0.009228200888796164,0.017656698434200847,0.06851446358661799
0.009430296,0.02340591,0.0144,0.022580452,0.01,0.01564616449652135,0.06359493214695432,0.01143406861651738,0.012812826771873863,0.01932736920451048,0.36317852913623777,0.21068082524624537,0.0,0.016983301638954573,0.08607068278503428,0.21672830307051705,0.0,10.041392,0.8001928,9.328882,-0.0006534522,0.015836693,0.0096,0.013772722,0.01,0.009714577972248116,0.020057800552592688,0.002811477104788173,0.0025754160508899312,0.01325258292577596,0.04957872038376238,0.21030878757519694,0.0,0.011035923958033574,0.025155671491607665,0.21641193684129753,0.0,2.433516,0.3008613,2.167055,0.027190752,0.008,0.61647785,0.00908964840429644,0.05027408179642115,0.0037734634763955913,0.012379880585789795,0.012620627168633337,0.3199565350103346,0.010329638056228213,0.06749165704785366,4.7999725,0.49833697,9.172232,2.0751762,0.026449287,0.01,0.5476963,0.02327074710300799,0.4371652031792055,0.010025621191006593,0.00889959826017197,0.01710829369529982,0.06562780710043133
0.011474411,0.021250846,-0.0264,0.020447578,-0.03,0.014516589130847753,0.0597537983715269,0.010591448893365805,0.013641013346764038,0.01770038738750677,0.14391789339377153,0.190601438376132,0.0,0.0156270635068744,0.0786150199042163,0.19606792396395875,0.0,2.7758193,-0.5749668,4.0841236,0.00069439114,0.014836712,-0.031200000000000002,0.012443432,-0.03,0.00799737105707327,0.01879079868919874,0.0015818128629398415,0.003039386151735215,0.012010573369652958,0.04270896004080187,0.1902951185571814,0.0,0.009809625494215879,0.022976470175668492,0.19589135452689083,0.0,-1.2231932,-0.37623468,-0.48688853,0.024660133,-0.031200000000000002,0.6455623,0.009556391389856209,0.04321475953676201,0.004341834511284014,0.011458990537625216,0.012654501208331613,0.10871252346444028,0.010611795026116535,0.05764628072185438,0.7406433,-0.89902246,3.168172,1.8141782,0.023936216,-0.03,0.5466846,0.01963979974057551,0.1124052084814374,0.010007395443169075,0.008307003118357968,0.01641439589016727,0.05704729226797642
0.009384807,0.025781317,0.004,0.02435674,0.01,0.006727439603794164,0.06967439603794175,0.0023530585462552154,0.01419658703377263,0.010245392159825405,0.32222696079912694,0.2110731103896456,0.0,0.007919508967992305,0.08983656277594616,0.2172565473338046,0.0,9.831366,0.29691264,9.615238,2.6499127e-05,0.017243905,0.0072,0.01384415,0.0,0.008821969740265013,0.019342803444066057,0.0015871411360277763,0.0034138739935767903,0.012134007272488315,0.042358026679160665,0.2011008435980492,0.0,0.010067012088277533,0.023040828979905115,0.2070584584839996,0.0,1.9223927,0.25573957,1.7023131,0.029828483,0.0072,0.6164006,0.009747465622918753,0.04488196615463159,0.004638307027797009,0.010222655682352439,0.013148708229625845,0.14264791464517038,0.010875678308173655,0.058972778013198966,4.566693,0.5563268,8.674818,2.2628658,0.027993377,0.01,0.51541275,0.02597144376350279,0.30372412381000585,0.011217190977479063,0.007656656536812637,0.018475897648556484,0.060618360499082244
0.009517723,0.024538917,0.004,0.023664644,0.01,0.006639526872858505,0.06975653040096254,0.0024072247713234447,0.022023480567447327,0.010026193352788097,0.26042264349869887,0.2110083119582277,0.0,0.007813716676912419,0.08952345009221192,0.21715797184336708,0.0,9.1003275,0.2803205,8.891302,0.00031638282,0.016490208,0.008,0.013387294,0.01,0.009269371874028275,0.018428535552979415,0.002125193169994418,0.003022140511408758,0.012685291403180917,0.041438815910242295,0.21102382541208337,0.0,0.010639778035815199,0.022388159176678905,0.21698843185624198,0.0,1.7213295,0.27406025,1.4801462,0.028700484,0.0072,0.60223025,0.009615466617262518,0.04653437803039563,0.004452507456877902,0.010723001521628868,0.012905514496981916,0.14055381095279376,0.010684377966724423,0.06059479100773769,4.237224,0.5279682,8.031427,2.1823192,0.027188877,0.01,0.51482356,0.025681038711146655,0.17781112101547458,0.011034495166434368,0.007791342737228437,0.018232249981178443,0.05994210686049947
0.009485993,0.024126852,0.0136,0.02316382,0.01,0.01595161875981821,0.06046133131872745,0.011836072739482461,0.011966133355717844,0.019498400067153535,0.25194280030219085,0.21093850172854783,0.0,0.017264930195106443,0.08089218587797903,0.2171159994172062,0.0,9.155024,0.83289456,8.430086,0.0005455069,0.016029177,0.008799999999999999,0.012963368,0.01,0.00961586668174873,0.017482533359035317,0.002982379521943085,0.001709839362590759,0.013560946642153886,0.04166627211749008,0.2109840116410725,0.0,0.011336175970318345,0.02191774411303407,0.21692113899261345,0.0,1.6262478,0.29458123,1.3628013,0.027916893,0.0072,0.6014854,0.009402820979367198,0.046409799821221676,0.0043289040603871395,0.010597481784496808,0.01283638406349396,0.1398025491435717,0.010580725921538487,0.060643064396807556,4.2342606,0.51095355,8.04281,2.117965,0.026544517,0.01,0.51021314,0.02555592258610723,0.1774451192713739,0.010885303169607851,0.007841187089844968,0.0181117961365392,0.060152268850778436
0.009324007,0.02417789,0.0144,0.023077283,0.01,0.01583839973138588,0.060153598925543526,0.011548508016452616,0.011558398898686734,0.01948837692881234,0.24228373463163486,0.21079711661197337,0.0,0.017100075916723335,0.08030068325050996,0.2168399801201756,0.0,9.086238,0.84410554,8.335561,0.0006579818,0.015684796,0.008799999999999999,0.013073523,0.01,0.009063399305043095,0.01866143910120229,0.0020016484837700774,0.0024842859277036428,0.012728068541059928,0.04203859188572906,0.2105712531367941,0.0,0.010567045381619573,0.022350567972031103,0.216568406153869,0.0,1.7464913,0.26544443,1.5057719,0.02763418,0.0072,0.56831735,0.008561283233009953,0.048802082275955845,0.003523356761545074,0.01186443706327439,0.011978558887192684,0.14935460519726904,0.009748534962652548,0.06288655011242848,4.2989697,0.47310925,8.194935,2.0662866,0.026523158,0.01,0.51543075,0.024056763799553023,0.16735940640947292,0.010407279296751,0.008073109500969481,0.01741949931312206,0.06026493858831373
0.009532146,0.023082163,0.0144,0.022194576,0.01,0.016000977456933154,0.061072531408265476,0.011760877025098626,0.01196087702509863,0.019761980441534478,0.22227833741291028,0.2107571326559452,0.0,0.017343364848602688,0.08120236929347924,0.2168607757324604,0.0,8.655758,0.8114174,7.9328175,0.00092815346,0.01495081,0.008799999999999999,0.012497234,0.01,0.009293800010843005,0.019058400455138718,0.0019030079306561673,0.00225250614102607,0.012803535867848494,0.04161178623050055,0.210576692014475,0.0,0.010700290707064141,0.023067829404902,0.21663659062423488,0.0,1.6030567,0.26243886,1.3723092,0.02605721,0.0064,0.52656806,0.007992204857409934,0.05181909562657331,0.0028505471029956425,0.014160866841398707,0.011509641383165035,0.15108943348591344,0.009168634385959195,0.06895487772897511,4.1444345,0.40941143,7.9495687,1.9592807,0.025471158,0.01,0.512827,0.02439578441947454,0.286768963811887,0.010330644950578217,0.008443454878316093,0.01747821030050915,0.06149547608660867
0.0093204575,0.021962471,0.0504,0.02087961,0.049999999999999996,0.016170056241081147,0.0618602624583788,0.011423613464282698,0.01180722692856543,0.02025580308518811,0.3310313600268614,0.2313183126002955,0.0,0.017511977203031166,0.08430120415051,0.23876040712936777,0.0,8.787785,0.8261275,8.105007,0.000979173,0.013856209,0.0448,0.0124554895,0.04,0.009433200115926594,0.019949800006425496,0.002659973548373273,0.002794980161279959,0.013276232705022447,0.0429096399089287,0.22019812822605692,0.0,0.010892190430242863,0.023414855699949402,0.2277389354573643,0.0,1.5947081,0.26956308,1.3525972,0.024862517,0.0504,0.48781997,0.016107822506838967,0.04546599373827605,0.010829026328933285,0.005959615914089049,0.019926472706355614,0.18016399176040063,0.017406255718716058,0.06211025019673478,4.255095,0.9394791,7.7127075,2.2473836,0.024106998,0.04,0.54296327,0.018154433978168356,0.3388345848111191,0.002085800465368308,0.014899316209848874,0.012960490532075822,0.06895472857985845
0.009365058,0.020586487,0.016800000000000002,0.019716652,0.01,0.016787142977059875,0.06340666722627941,0.012103666694647292,0.012111000083941911,0.020861231518250905,0.3215960097372618,0.21027372632995325,0.0,0.018255465191664506,0.08663197787496743,0.21642057682234941,0.0,8.441073,0.7847615,7.7405443,0.0010434111,0.012980296,0.0096,0.011602769,0.01,0.00838880196620189,0.020794400983100945,0.0014925869415347733,0.004051840262160251,0.012542811513676408,0.04739989341715031,,0.0,0.010378853761084746,0.02615242116854483,0.216086790253853,0.0,1.5996945,0.22159366,1.3995585,0.023400214,0.016800000000000002,0.4954468,0.01684162031283599,0.04785276760668937,0.011348598406975406,0.005564937472823725,0.020651803436557245,0.21630194345624806,0.018140620367120892,0.06356543100803803,4.093311,0.8991686,7.3745155,2.1468055,0.022877293,0.01,0.5319027,0.020439998743628892,0.33593499261710286,0.005732925844500727,0.010834379346064035,0.01634783676492745,0.06650824479088871
0.0093173515,0.019191863,0.0144,0.018211078,0.01,0.015170856807089511,0.06973066509975097,0.009639733176641766,0.013647679811970112,0.018995815250308305,0.3188485327513361,0.21040121305287238,0.0,0.01644502448919093,0.08773768273502669,0.21655554342441316,0.0,7.8933163,0.6228112,7.338352,0.0010596447,0.011804528,0.0096,0.010677458,0.01,0.009245943164255005,0.020980399826511596,0.002745360292734722,0.0036721599306046393,0.013388764402416974,0.04929887955407055,0.21001130596627848,0.0,0.010580320259868676,0.029081922283366646,0.21627726271626574,0.0,1.4454758,0.21192767,1.2476592,0.021671096,0.0144,0.48301792,0.015071960205341385,0.051365035512979294,0.009250737122451164,0.009208882348040985,0.018851928005322177,0.23876886046373857,0.01637464520350063,0.07021892758382928,3.8308282,0.71235466,7.016479,1.9276607,0.02111046,0.01,0.5302975,0.022542468436069073,0.36399381123914043,0.0067623267441929615,0.011192904531994913,0.01676034098475654,0.06947353505681039
0.009420532,0.019421529,0.016800000000000002,0.018329797,0.01,0.016168333193430133,0.06700999916058087,0.011000666834550475,0.012301000251825739,0.02015661608197897,0.35907866968857555,0.2101033336852389,0.0,0.017627482260055696,0.08866108135518364,0.21623727576049231,0.0,8.119544,0.69933116,7.480259,0.001008625,0.011971502,0.0112,0.01097894,0.01,0.009762199846792236,0.020579519549958597,0.002779931086630495,0.0034595142324744537,0.013592853372183753,0.04717856011415957,,0.0,0.01121751029726447,0.027003373785008097,0.21583653957340673,0.0,1.560966,0.23518339,1.3413501,0.022061126,0.016800000000000002,0.49419516,0.016130159459297782,0.048660939189261516,0.01034243327535537,0.01010184626679952,0.019993609811806753,0.2767681665677007,0.017467852692951463,0.06740384919867559,3.9442248,0.8013489,7.1489964,1.9954957,0.021366294,0.01,0.5396594,0.01958768296510712,0.35569148386715116,0.004680763844456308,0.012683870429754067,0.015845704407273543,0.06986532514286398
0.009494425,0.01890384,0.0128,0.018176017,0.01,0.01430357335124095,0.07043840006715353,0.008966143742130454,0.014430718710652218,0.018434560228322017,0.286269120456644,0.2105230778908934,0.0,0.015640184560640955,0.0914270970002461,0.21680182398841266,0.0,7.850047,0.5726734,7.350779,0.0008585813,0.011889637,0.008799999999999999,0.010423985,0.01,0.008605067835748468,0.020602171585799207,0.0024290057003332095,0.004050759975583113,0.013302736030379719,0.049675786845714755,0.21043012452843227,0.0,0.010865310548931256,0.027926551867729413,0.21657246763283108,0.0,1.4771315,0.2089148,1.288591,0.02173684,0.0128,0.5162665,0.01424214163960951,0.051487263733214286,0.008215698497241783,0.008697999170185239,0.018180183409382877,0.2518959052062529,0.015488569437502975,0.06703677284641625,3.7780514,0.6576014,6.974,1.8792831,0.020952974,0.01,0.5207079,0.024501842453411485,0.3562150608748704,0.008707935733831818,0.01052348207550022,0.017403905581321055,0.06931275967001489
0.009289391,0.017666545,0.012,0.017271567,0.01,0.014219519964184793,0.0726463997313859,0.00852309331542574,0.021427711978510868,0.018504704574834205,0.34132352287417106,0.21062032896674507,0.0,0.015412305776166021,0.09572305714188073,0.2170377656804811,0.0,7.5726776,0.52797836,7.1277747,0.00039268023,0.011427911,0.008799999999999999,0.009915878,0.01,0.009022402493092614,0.021674134065124997,0.0030692115580778136,0.002371121570391312,0.014226719929078627,0.04936031974844207,0.2106648075451034,0.0,0.011506569724011114,0.028879806623438257,0.21682409597181546,0.0,1.5208459,0.20697047,1.3316097,0.020375928,0.012,0.52158576,0.014110256921831751,0.05325819694843838,0.008211617019492223,0.011991441291040617,0.018303270501779118,0.2733965660486635,0.015343026884058463,0.07172674679860688,3.6617548,0.6043439,6.8014174,1.7949106,0.019915614,0.01,0.5211694,0.025637089259045214,0.36816274346703537,0.01008700818492521,0.010611538437427518,0.018005672337350447,0.0708100044127991
0.009235693,0.017609295,0.0136,0.017050114,0.01,0.014668184336439162,0.07214319818685469,0.009699611324963144,0.015659455854948375,0.01861078859828999,0.35595850672934326,0.2104407715909618,0.0,0.016021843013072884,0.09493105746820998,0.2166470674902368,0.0,7.61417,0.5541635,7.1222253,-0.00038931007,0.011514181,0.008799999999999999,0.010410304,0.01,0.008173332048234078,0.02266399965944897,0.0017859985221358328,0.005847998029514444,0.013036999968500048,0.052632000048191185,0.21003923089778387,0.0,0.010235942680183371,0.031405218693700096,0.21632856538667977,0.0,1.7715374,0.19262193,1.5989985,0.020606572,0.0136,0.5461175,0.014460784357262491,0.05212637472741203,0.008324481979838174,0.010466613386613388,0.018348725013103195,0.2623021539403453,0.01581735930577338,0.06997580466008385,3.7133796,0.6418948,6.849186,1.8105807,0.019977007,0.01,0.548156,0.02336766329357644,0.3919691191952274,0.006986167808872778,0.012054791535603957,0.016951093411906017,0.07176745223207996
0.009288948,0.0006918749,0.664,0.00024808105,1.37,0.9816236002686142,0.0004988802148912952,0.0001662934049638352,9.977604297825904e-05,1.0586449609670108,0.001289921934021657,,,0.981788381100564,0.0006307048804511929,1.571907974418844,,0.15266582,0.033868756,0.2035068,-0.0013707401,0.0006683557,0.2432,0.00023237061,0.8099999999999999,0.6019527997447875,0.00046111987476717635,0.00011527997447874441,9.222397495343518e-05,0.6432,0.0008750394402192097,,,0.6325148336039944,0.0005829667058495641,0.96233460710627,,0.09461758,0.01423155,0.10458958,0.00071291195,0.2432,1.2153778,0.6017324915719896,0.0004898555868998823,0.00010357393783133374,9.797124536588524e-05,0.6371065007203173,0.0009615051250150023,0.6283696962961718,0.0006192955323989649,0.070914574,0.024664536,0.15411212,0.0077382554,0.00027209983,0.8099999999999999,1.023607,1.1613271370909428,0.04078998013976765,0.001099258833957748,0.0012231921510276037,0.8409578882577409,0.007732049060622741
0.009274746,0.01845783,0.016,0.017516987,0.01,0.01615869050616975,0.07007279778393352,0.011369706818881331,0.011103040152214664,0.020458208410979617,0.383145521027449,0.21034791861509128,0.0,0.017610806665088696,0.09452967989035098,0.216503643204851,0.0,8.034224,0.6642639,7.4419804,-0.0024894595,0.012338842,0.008799999999999999,0.011471511,0.01,0.00789413305721564,0.02512159930604639,0.0016732800400216094,0.006256480434363554,0.012202377052965858,0.057272213055859264,,0.0,0.009764742709152098,0.033670723723547104,0.2161352358400237,0.0,2.1006134,0.19005792,1.9232043,0.02151951,0.016,0.5399675,0.016162417813071307,0.04870729662876814,0.01049981876471561,0.008354134544280465,0.020191345918558406,0.3085124087879945,0.01748840388242638,0.07059045457194199,3.9855497,0.7785843,7.2650843,1.9560597,0.02093897,0.01,0.57979757,0.021667729696209007,0.3947835148525199,0.006003812227755248,0.010858990053045964,0.016532727108143987,0.07230044679527098
0.009227483,0.019281732,0.0472,0.018380832,0.049999999999999996,0.014455076742278925,0.07223866588320882,0.009871885647132149,0.014703199529925286,0.018528586832312066,0.4021644012423403,0.23147386237675907,0.0,0.015868075581816358,0.09197699651272263,0.23967293620284078,0.0,8.405345,0.6469362,7.900751,-0.003706044,0.013787333,0.0424,0.012743751,0.04,0.008306845021628033,0.022787200963823164,0.00174246513376238,0.003912327957334702,0.01251008034966353,0.05413696137912432,0.22017893297953922,0.0,0.010189904756287888,0.03303233368249941,0.2284158573085246,0.0,2.469115,0.24954343,2.269675,0.022766551,0.048,0.5697067,0.015126678978737346,0.04867954722328929,0.009347595403223113,0.007810707465397211,0.01912031210953264,0.29723765716514294,0.016486388698625887,0.07030687408443925,4.2048006,0.81081593,7.750919,2.029276,0.02223534,0.04,0.6103209,0.01858905899306279,0.3991169759925632,0.0027129271504817607,0.014097099964950783,0.014259255841883344,0.07348689180849662
0.009606039,0.018459382,0.0144,0.017727122,0.01,0.016503938167096065,0.0708377990430622,0.012042519936204144,0.011636746411483252,0.02029921598254009,0.40059843196508016,0.21070739865676874,0.0,0.017952625722158975,0.09623418965755545,0.21696079399400336,0.0,7.9089603,0.64814657,7.338464,-0.004824995,0.01374675,0.008,0.0122764595,0.01,0.008570266704773394,0.023724320503758917,0.0020568636238777346,0.0031855394494565443,0.012775888344239273,0.061358883490808036,0.21047039146309818,0.0,0.010462694716848818,0.032376168552870815,0.2166804598836577,0.0,2.4917257,0.22074057,2.2976198,0.022148376,0.0144,0.58548933,0.01636295103716884,0.04977410522923213,0.010581138819800572,0.009372538721161408,0.020014785435460907,0.2607913120008729,0.017667381034796925,0.07066801851676893,3.984302,0.7776416,7.273857,2.019516,0.021562982,0.01,0.605691,0.025042265936760375,0.388855106455653,0.010106949068198645,0.009619858733588157,0.017698440088173086,0.0716504401298952
0.0096785985,0.018830616,0.048,0.017965218,0.049999999999999996,0.015077828542648514,0.07266994279958269,0.010637791991941594,0.01379447997985394,0.01900009892231501,0.3475006429950474,0.23150742706253705,0.0,0.01654604586465066,0.09740960775730166,0.2396699028405912,0.0,8.117213,0.6647788,7.576228,-0.0059170444,0.014374984,0.0432,0.013340679,0.04,0.009198133662282816,0.023996266791606706,0.002452961155301182,0.003839255927520399,0.01308598397622891,0.06222991985205309,0.22035988653045632,0.0,0.010706585834965154,0.032546099882883206,0.22838578105266782,0.0,2.773839,0.28043678,2.5333517,0.022741951,0.0496,0.59524286,0.01659742206726505,0.05064793662452127,0.01147943268561521,0.007950373550175806,0.02027604451163461,0.2703053790140991,0.017922370281707754,0.06777611299987958,4.1382356,0.89088196,7.5180144,2.0986347,0.022326985,0.04,0.64039695,0.018533195863806355,0.3793987156945576,0.0026534760007004363,0.01403036316659806,0.01416364671027786,0.07485998721951742
0.009803304,0.019038755,0.0144,0.018239927,0.01,0.015708235294117637,0.07096000000000001,0.011315999999999986,0.013032000000000002,0.019629333892946077,0.3685760033576765,0.21066032467072646,0.0,0.017038500754466307,0.09751550206319688,0.21677956249813965,0.0,8.190883,0.6428803,7.615282,-0.006920041,0.015146075,0.008,0.01353664,0.01,0.008027644233236287,0.024924397609715352,0.0016708129323823413,0.0046499512787520425,0.011884783433795247,0.06542391699873398,0.21024932501953603,0.0,0.009423188701704157,0.033513768747804686,0.2164096599789687,0.0,2.9543765,0.22310877,2.753545,0.023301389,0.008,0.70759416,0.009069292795900583,0.05318773717159827,0.003593485865831326,0.013430600097617028,0.01277114510491583,0.22064535363943882,0.01043472369644496,0.0722714064262391,4.0724235,0.41586933,7.7810955,1.786593,0.022714216,0.01,0.6384539,0.023578205572059405,0.36706348824405066,0.009037677146622016,0.009424598755246684,0.017125440770031093,0.06991947261253112
0.0099615175,0.01910244,0.0152,0.018312486,0.01,0.01605797319454937,0.07153391958364812,0.01176231993060801,0.01248695979182406,0.019797830185511612,0.339188427656062,0.21059987574432512,0.0,0.017506777744475267,0.09515592581491754,0.21665201399468906,0.0,8.20475,0.68550366,7.5927587,-0.007927213,0.015573479,0.0096,0.014135655,0.01,0.00930463920837883,0.02383079901047356,0.0029063764790115782,0.0037489270706162047,0.013055750398190865,0.06875087680829851,0.21016598412381865,0.0,0.010874604876655713,0.032779768130884054,0.21631594123482406,0.0,3.1428008,0.2929201,2.8770354,0.023585752,0.0152,0.62679017,0.016002071191505363,0.04977667864845435,0.010764419158461123,0.007474914666128712,0.019555598335096694,0.24596615390993418,0.01715188081110796,0.06846279292391134,4.244274,0.84848094,7.7205667,2.1361146,0.02313361,0.01,0.657379,0.02236328007456294,0.3754573981785727,0.008118494376102632,0.009499908211688318,0.016832191653558513,0.06935606985808256
0.010161003,0.020012438,0.016,0.01906272,0.01,0.015956693136349665,0.06710719957789209,0.0121164342435035,0.011686015881809788,0.019716920087299604,0.31426768034919833,0.21044224445481635,0.0,0.017441033239992337,0.09320774929994238,0.21643980688519218,0.0,8.373502,0.7227875,7.7171307,-0.008761151,0.016755277,0.010400000000000001,0.015192224,0.01,0.009177777440637828,0.022699999598407017,0.002326666220452853,0.0033199987149007243,0.013102499812380665,0.06721999869482236,,0.0,0.01066716411453258,0.03293656781737546,0.2159889118896635,0.0,3.33111,0.31632075,3.0440092,0.024736755,0.0136,0.65823096,0.013424094496804264,0.04772082220019301,0.008573744178903008,0.008876087369866555,0.016952834500209426,0.23909555246654854,0.01475682838125008,0.0666204273068648,4.330888,0.7511937,7.9767632,2.1085637,0.024376033,0.01,0.67288446,0.01981667913215162,0.33323107216410636,0.005893957006322808,0.00907815234650578,0.01621601974178276,0.06738483761046592
0.010319216,0.020408968,0.0048,0.019268418,0.01,0.006455713925963255,0.07799666582724755,0.002511599899269686,0.02070319979853941,0.010103666470802228,0.3039109994124066,0.21092065248473083,0.0,0.007763928441865119,0.10171142753492077,0.21692620061020723,0.0,8.3365555,0.25194144,8.137292,-0.009452698,0.01767873,0.008799999999999999,0.015271536,0.01,0.009169371988769172,0.022246401722033026,0.0024246410865492634,0.002919425817644412,0.013110880058913744,0.06848704024866646,0.21052246129463556,0.0,0.010825042144637972,0.03254010096230359,0.21661446494607312,0.0,3.4466012,0.30304867,3.1685448,0.02568571,0.008799999999999999,0.75910306,0.010243562286994893,0.04790656069162658,0.005014627818908957,0.010192778556657086,0.01358785010547913,0.18794541528427003,0.011500269172571142,0.066217342556225,4.2099895,0.5354249,7.949469,1.9917552,0.024586415,0.01,0.67019296,0.024257731823878286,0.34223963047262007,0.010467218350943526,0.008205476147997479,0.01748683726665348,0.06693030294339976
0.010519144,0.020874733,0.0048,0.019716427,0.01,0.0059536993200705185,0.07845918912112819,0.002095619544729607,0.004725907496012755,0.009474503720601796,0.2788666408125577,0.210811967709536,0.0,0.007149750981875332,0.10104858889729347,0.21676825929152788,0.0,8.517293,0.22814949,8.321801,-0.010050092,0.018276125,0.008799999999999999,0.016212154,0.01,0.008561601233695319,0.02348928098695624,0.002176160251557667,0.004152319604189424,0.012390294294229989,0.06878058858845995,0.21026406565297964,0.0,0.010192758448892164,0.03315097636184348,0.21636234236665314,0.0,3.7341702,0.30407554,3.4570413,0.02635496,0.008799999999999999,0.76628107,0.009718748434822282,0.0485713255631332,0.0045848926020204545,0.011289362741367043,0.01311465042066643,0.19757789029715583,0.010816451303491022,0.06754631235446519,4.3630815,0.52169085,8.254843,2.0200832,0.025525898,0.01,0.68817127,0.02269563659074997,0.32458071491467605,0.010067063912054905,0.007876880401520181,0.01700267586808728,0.06589163682161367
0.010492073,0.021567494,0.0064,0.020249426,0.01,0.006615512611359918,0.0784391975153194,0.002653667661977897,0.0037756736338453788,0.0100683670335422,0.33118741319007244,0.21061326806341538,0.0,0.007673555648096271,0.10115166736072202,0.21649210546444425,0.0,9.048068,0.30095965,8.793331,-0.010586261,0.019276109,0.010400000000000001,0.017267793,0.01,0.009129600711944432,0.021956572414687292,0.002590836028873809,0.003385599485961469,0.012783832145885708,0.0690464058728801,,0.0,0.01069049883762059,0.032411164002302296,0.21599932963999424,0.0,3.9730344,0.35571864,3.6395526,0.027312223,0.008799999999999999,0.7423891,0.008795971829583731,0.04978909287629922,0.0038430061905810817,0.011451270254861399,0.012066367122403153,0.21116843210404354,0.009793766622513887,0.06828624144496079,4.676545,0.5059436,8.901047,2.0422177,0.026612327,0.01,0.7060912,0.01976230883561712,0.318865503962693,0.006721656100099196,0.00784967381307407,0.01628117590445662,0.06548445314748699
0.010773661,0.022395391,0.0056,0.02114833,0.01,0.007072429989216698,0.07594158985981701,0.003012359198132026,0.02007415361369932,0.01034394101092571,0.3263469758415177,0.21085719145949972,0.0,0.008070935630818439,0.0983461402257887,0.2167873613041114,0.0,9.086568,0.3009916,8.836267,-0.010877768,0.020263337,0.0096,0.01770772,0.01,0.009673439957249048,0.02223386664953201,0.00284753910007089,0.002708923891916204,0.013190678405024074,0.06914096272547773,0.21036342955311224,0.0,0.010940891491556068,0.03132416032428143,0.21642596764825778,0.0,4.155196,0.38966218,3.8077998,0.028667394,0.008799999999999999,0.76801425,0.009797265402541916,0.04672220533663191,0.004862007101019708,0.010815492075193512,0.013138880292370413,0.20386191589299094,0.01092503790005494,0.06490406482339824,4.7112703,0.5859018,8.909799,2.1892157,0.027582878,0.01,0.69708097,0.02293472193863117,0.3261412599711073,0.010216418543597712,0.007405829565015608,0.01710154036782491,0.06434558939487678
0.010743704,0.02298009,0.0048,0.02136468,0.01,0.006886820677985588,0.07161653096057528,0.0028746093278835816,0.0031233070874954498,0.01037953411135336,0.3549646423235121,0.2110338212916064,0.0,0.00808115081321971,0.09957093272558741,0.2170883753229467,0.0,9.427514,0.29527605,9.198517,-0.011068859,0.02022252,0.008799999999999999,0.0176298,0.01,0.009746734045045332,0.022080402236072737,0.003239128845481082,0.0029074513727614004,0.013248090691785638,0.06956944933496112,0.21073521398457062,0.0,0.01102320463304136,0.03209723992222751,0.2167531158204482,0.0,4.2416983,0.3746291,3.9068248,0.029076582,0.0064,0.73094916,0.00826703109108812,0.049576362977271714,0.0033358088540138852,0.011891137290439509,0.01166358557954395,0.21579864313509686,0.009363376259972848,0.06833247358011425,4.9254155,0.45842028,9.470022,2.1497152,0.027699448,0.01,0.6899097,0.02496797569559554,0.37276599687014217,0.010800827637402578,0.007226048907299646,0.017812340176467743,0.06487392083201379
0.0107059805,0.020687895,0.0064,0.01964498,0.01,0.006961599932846457,0.08044639973138588,0.003230418889892917,0.0038585605640896526,0.010503863582400982,0.4159708180307228,0.21068672618361772,0.0,0.008293386420076695,0.10674709136061342,0.21659760398845487,0.0,9.787433,0.29374102,9.537799,-0.011048916,0.018811136,0.010400000000000001,0.01695124,0.01,0.009521333502299785,0.023246003156512415,0.003217838720041118,0.0030445974241894848,0.0132575438733375,0.07920561331362848,,0.0,0.011169928552899546,0.03403914050893962,0.2161600093380667,0.0,4.632,0.3765627,4.2966623,0.026912732,0.008799999999999999,0.7501301,0.009032690725738122,0.05144813496530731,0.00365112370232996,0.01078550994838806,0.012485733899463275,0.36948082775818814,0.010194946786466198,0.07043840833026287,5.1591396,0.5101538,9.871338,2.028184,0.025947444,0.01,0.71192366,0.020693952324006018,0.5146075891376664,0.007599675509593951,0.008378059884791594,0.016580807506673595,0.06962553659829179
0.010718185,0.019677153,0.016,0.0188872,0.01,0.016196106662189777,0.07858053331094883,0.012271665453324476,0.011929439995523095,0.02003534904246262,0.5838982955314922,0.21050657109876791,0.0,0.01765915250583239,0.10616242919582858,0.21649447507458375,0.0,10.126823,0.7223744,9.487981,-0.0110132005,0.017615885,0.010400000000000001,0.016386779,0.01,0.009496100631203989,0.02959376085304753,0.0031192212298400135,0.0037845899462400122,0.01321414191564936,0.09109192250851378,,0.0,0.010894340188369734,0.0403252839987573,0.21610342448770228,0.0,5.1132026,0.345232,4.8029113,0.025429782,0.016,0.6860035,0.015970096392672713,0.05099460491284473,0.011005924333590246,0.006913704720462336,0.019632788974668983,0.45118659482416684,0.017216093252529343,0.07232433137035565,5.5374637,0.92425644,10.243318,2.300829,0.025005056,0.01,0.71463084,0.019942382477743482,0.6159118873630746,0.006166246993696163,0.009447656574940545,0.016332646663910353,0.07692302281251494
0.010846443,0.018883206,0.0128,0.018155383,0.01,0.015279926741603913,0.08375973138588097,0.010935973362433196,0.013615840174599183,0.019267325826528032,0.7558685123142785,0.2108148759047422,0.0,0.016774501406578973,0.11741141971425444,0.21717072591511383,0.0,10.824908,0.60772604,10.32564,-0.010816311,0.016607322,0.0072,0.015141671,0.01,0.008481599946454253,0.033289603546874,0.0021315838019922008,0.009857916854076975,0.012435698364131803,0.12312128381417466,0.210635314906463,0.0,0.010063682340725062,0.04661393572620134,0.2168195830007072,0.0,5.555101,0.25437647,5.345457,0.024250742,0.0128,0.67826086,0.01509246153898025,0.060143011572467306,0.009764307994986256,0.011201722247675513,0.018872207390285303,0.6910878643989838,0.01637760106443261,0.0836814080073505,5.9572353,0.77512753,11.259865,2.178535,0.023640813,0.01,0.6951342,0.025660164264479163,0.8092071680176144,0.010367603241335531,0.010372870221324102,0.018092469829501568,0.08541677501070069
0.010650507,0.01630543,0.0232,0.015653051,0.02,0.024398891966758995,0.10118559556786703,0.013252371247097017,0.02187855687064551,0.02882378712331065,1.2693070420548982,0.22027896938298105,0.0,0.02570273840247596,0.1503595844086659,0.22668676189880924,0.0,12.29553,0.8797701,11.583685,-0.010549387,0.014021328,0.010400000000000001,0.013594618,0.01,0.009833760655271591,0.04658440210756281,0.0040081950780697755,0.010436880915950828,0.014829316229629195,0.636772769304168,,0.0,0.011843728711513585,0.061374914670443016,0.21629399917614667,0.0,6.519255,0.29027036,6.275985,0.020875799,0.0152,0.6995618,0.016071518528496382,0.07644574008931468,0.009046124624737011,0.014157401195170536,0.020433299246440266,1.0813358655834646,0.01745964868449819,0.11889456817450288,6.802623,0.7258759,13.011441,1.9711642,0.020605356,0.01,0.7205013,0.023802058973503647,1.270550776639441,0.005775632779216409,0.016932810458114667,0.016924442461403188,0.12209595775116455
0.010472989,0.015373463,0.0232,0.015013989,0.02,0.0228282002854025,0.12034186742773999,0.011177024091328805,0.029371280114161,0.027470761353143646,1.3478830454125745,0.21720159185952437,0.0,0.024258915808006397,0.1974356626886784,0.22608982000262673,0.0,12.818989,0.7795177,12.196124,-0.010271562,0.013163736,0.016800000000000002,0.012788046,0.01,0.014870134292874126,0.04635260071965559,0.008536415510480766,0.005960691811775793,0.020023121169386014,0.6823055320935963,,0.0,0.017001385461259406,0.0631619392261036,0.21591128177577662,0.0,6.80682,0.43949023,6.4251003,0.01978132,0.0152,0.68950343,0.014489045679958054,0.09089681446996871,0.006682781085708212,0.017508954184774383,0.019072353790755232,1.2079877989222494,0.016001308193978502,0.13756290304189844,7.110415,0.62201893,13.717574,1.8119023,0.019273052,0.01,0.7255133,0.019923999937496575,1.4194444778981918,0.004009965677223306,0.023492886498587558,0.01583800470603464,0.15144056761741925
0.010609013,0.01512649,0.033600000000000005,0.014656068,0.03,0.032555866140630677,0.129833799210946,0.01963567978958563,0.022253519684378407,0.03769389350569404,1.3581633610341644,0.22491510476295734,0.0,0.03412233094560992,0.2124728191047182,0.2357494879468577,0.0,13.630572,1.091834,12.771387,-0.009915585,0.012575852,0.017599999999999998,0.012088846,0.01,0.014916480113088755,0.05392746685514789,0.008492158324230559,0.010358824990897212,0.02088138710310036,0.8380883229454476,0.2009381856748044,0.0,0.01674940176002756,0.08131145355784054,0.21575367802005255,0.0,7.3196807,0.43210605,6.959297,0.01877443,0.0256,0.65363723,0.02420338380087569,0.10077691132387694,0.015572837321473344,0.016701408029023538,0.029406741994781986,1.31039806674487,0.025966468500979775,0.18329262085214973,7.6359696,1.0456724,14.42971,2.1069298,0.018543957,0.02,0.6794834,0.029730644223639757,1.5352329402673672,0.012552563234609338,0.0220036688711703,0.025337325505744204,0.20480911633288343
0.010441259,0.015516141,0.061599999999999995,0.015001341,0.06,0.024793333146795795,0.13273999832116176,0.012341142809176017,0.032393999832116174,0.030378400738688836,1.2719784007386887,0.23967815103761203,0.0,0.026720149758452865,0.2293608229996413,0.24736598930355225,0.0,13.529388,0.86655205,13.0889225,-0.009526213,0.012650293,0.0512,0.012265327,0.049999999999999996,0.012862742677228926,0.05563919874060272,0.0062255682066439475,0.011975947011073273,0.018704596492886957,0.8677101126911133,0.23039296950131233,0.0,0.015195781881172299,0.07837047315126623,0.23710014898003132,0.0,7.108065,0.3902014,6.902364,0.019446632,0.061599999999999995,0.6470209,0.02457119460086833,0.0966094925205334,0.014719786531307545,0.015194836413801753,0.029616320640073537,1.2814646859655596,0.0265893683318789,0.17264013465675618,7.53985,1.1170281,14.43329,2.157201,0.018913865,0.049999999999999996,0.7055903,0.027013268600582733,1.5057076675327488,0.007464116858372734,0.027409970053440553,0.019284810076641606,0.19278044328761335
0.010261743,0.0146971205,0.033600000000000005,0.014364275,0.03,0.033023400067153534,0.14371744010744564,0.01929872005372281,0.03289872005372282,0.038330774186929324,,0.22429802990750483,0.0,0.03482095568469886,0.2607577201617862,0.23575453119247228,0.0,14.14016,1.0557897,13.338225,-0.00916606,0.011826327,0.0152,0.011506295,0.01,0.012599599410862902,0.06399679367731156,0.005759353595065204,0.014879676797532607,0.019172372320997375,0.7351447446604866,0.20251507349705133,0.0,0.015396164501572138,0.08738849389860841,0.21589579087849942,0.0,7.398062,0.35006395,7.116063,0.018243287,0.0264,0.66425997,0.025483547895970196,0.11571204440188397,0.01520784953767661,0.019873803087932407,0.030903868796470665,1.4981950804772934,0.02740927892909349,0.2074675750384757,7.847158,1.039743,14.87818,2.0583434,0.017912928,0.02,0.672809,0.031211807774310783,,0.01217923570549381,0.026931698317606285,0.025616650586190132,0.2527255048241061
0.010259969,0.014920792,0.0408,0.014428181,0.04,0.04102419961386722,0.13699359691093765,0.02217935969109376,0.02297935969109376,0.04694282705168025,1.5560142405775201,0.23524173785143696,0.0,0.0430552799847048,0.25973602644374477,0.24615615631484972,0.0,14.195411,1.3646678,13.148945,-0.008721031,0.011729158,0.017599999999999998,0.011367384,0.01,0.016252319841419012,0.06126159802094712,0.009897439285915062,0.010164105238639616,0.022492319848572515,0.9980154395039518,0.20341028533018893,0.0,0.018392202611153336,0.08638440522230668,0.21621782643018914,0.0,7.345536,0.43460467,6.9886317,0.01848703,0.0224,0.6711782,0.02232303148469232,0.11095076343960152,0.011716326245006348,0.023797616714840205,0.02783538323391208,1.393287710421847,0.02442822307455481,0.20543674908709927,7.842266,0.90369296,14.986523,2.0013509,0.01796793,0.02,0.66054404,0.03386595767151064,,0.012923447557728096,0.026896260153267713,0.02645694953158163,0.2569177443994161
0.010163887,0.01523877,0.044,0.014905925,0.03,0.04343777759124018,0.11893999832116177,0.030293999832116152,0.015893999832116177,0.048641714813349154,1.453923000923361,0.22529496535665608,0.0,0.04522340076688479,0.21825740823930204,0.23591158948046384,0.0,13.707349,1.5113844,12.499564,-0.008085373,0.012368988,0.0184,0.011715009,0.01,0.01573375870050968,0.048444799036176836,0.008733438416760874,0.004666879778962925,0.02186794337538904,0.7182009575987944,,0.0,0.018308728922318825,0.07851454808168509,0.21588363204883027,0.0,6.806465,0.44819728,6.4240513,0.019037398,0.024,0.6523868,0.023085410335399775,0.10039621027158155,0.01352920921767427,0.018622332708911393,0.02834066700149642,1.2997430434290071,0.025048222043924533,0.17432546313733605,7.5122347,0.98010373,14.235392,2.0834215,0.018563835,0.02,0.6504968,0.03084497228650669,1.5334918482484032,0.012675272459968738,0.024496468903318185,0.025713031847033323,0.19556593281442453
0.009941769,0.015460889,0.0344,0.015057037,0.03,0.03291173312068049,0.12867039872408292,0.018987039872408334,0.030348159489633167,0.038306688424410325,1.5078833605305129,0.2242797233969266,0.0,0.0344099730663575,0.23403490585782552,0.2355626345298846,0.0,13.843483,1.1289725,12.96122,-0.007303152,0.011818673,0.016800000000000002,0.011340945,0.01,0.013192600252601824,0.05172346665310176,0.007238521415935611,0.013638521415935603,0.019531857460275158,0.7981466792365314,0.20127919463704483,0.0,0.015820516569799745,0.07350872305356089,0.21562764700174983,0.0,6.543601,0.36268184,6.235861,0.018677276,0.016800000000000002,0.6851427,0.015151778361871173,0.10869639093049357,0.004485161717172378,0.030261198967976924,0.02011189068784206,1.3039218016150689,0.01665568789796689,0.17825872329001927,7.430045,0.6011181,14.392334,1.751983,0.018427465,0.02,0.63826734,0.029558474817866127,1.5484569008629405,0.011835626172014457,0.025541907171516925,0.024968451147023955,0.19407652068359765
0.0097580375,0.016421258,0.0224,0.016137231,0.03,0.02226693360194745,0.12640106774112314,0.010613548672318757,0.03488021533898542,0.027641441786283895,1.413441441786284,0.22611902023834812,0.0,0.023967920478232464,0.202847125395198,0.23610740668054175,0.0,13.826399,0.793392,13.203978,-0.006562673,0.012353683,0.016800000000000002,0.011899147,0.01,0.01422700010943413,0.0443386671128811,0.008904641096444947,0.005330801580672106,0.02078697130760174,0.5783817598295959,,0.0,0.017269225221027727,0.05822563362803694,0.21598588584520695,0.0,6.0451183,0.41731173,5.6861258,0.019879019,0.02,0.6557797,0.01959918285470476,0.09034689172775674,0.010354182939935072,0.019747015983843947,0.02472971009071402,1.2506927028841772,0.021327638628512207,0.14414790812808467,7.322301,0.86733645,13.941326,2.0758328,0.019587632,0.02,0.6129455,0.03198315632880337,1.4641931705310298,0.013373294608615608,0.020907622864400805,0.026059429235552545,0.15176280353412455
0.009827048,0.01779458,0.024,0.016938057,0.02,0.025058030722739887,0.09903859984890456,0.01280771996978092,0.02214362662637455,0.029982560803923704,1.1541389628137328,0.2189026044859075,0.0,0.026878514399393046,0.14870132591890747,0.22658899869233734,0.0,12.762735,0.9482618,11.979883,-0.0057261847,0.012792684,0.016800000000000002,0.012194362,0.01,0.01577679890231252,0.03566519857755859,0.010403259333033476,0.003213037332133907,0.02172933972301612,0.4590869435048839,,0.0,0.018365243766558206,0.05019146232019162,0.21634907492803276,0.0,5.2697372,0.4635151,4.8643637,0.021009548,0.024,0.56052554,0.024941140395331105,0.0747826980823515,0.016233148681586547,0.011539948662211225,0.029592984837095538,1.0175668563754798,0.026774236494796513,0.11473877790334364,6.8056436,1.1623834,12.62854,2.3209672,0.02040561,0.01,0.6405027,0.024454090244092085,1.1691746467610649,0.005510486605032056,0.023765796700275763,0.01711457197700639,0.12571534239246795
0.009561215,0.00064150523,0.6352,0.00022433903,0.8999999999999999,1.0122376014997623,0.0007709348330954979,6.60801285510388e-05,0.00015418696661909955,1.0352000000000001,0.0017630480987156885,,,1.0349239425451002,0.0010619712725501809,1.294311857412791,,-0.034279954,-0.011985205,-0.01839402,-0.0051754066,0.0007625108,0.6424,0.00019665781,0.45999999999999996,1.0361152014039696,0.00037577176886017817,6.576006662435247e-05,7.515435377203561e-05,1.0402449082192082,0.0006763891839483208,,0.0,1.0364627315867811,0.0004750661210477829,0.6968600006444002,0.0,0.08627112,0.040517364,0.07826376,0.0007877262,0.6424,1.3170935,1.0360697668280439,0.0003873081824986096,6.243611253048583e-05,7.746163649972186e-05,1.040040130899304,0.0006971547284974972,1.0363176589179097,0.0004896509295197882,0.037452813,0.03604514,0.071028285,0.00893152,0.00026462233,0.88,3.0643928,1.28,0.00717379442024869,0.001844406716123501,0.0007970882689165207,0.9308343631135284,0.00503855881983199
0.009518611,0.02076578,0.0144,0.019856002,0.01,0.01533775964632473,0.08286639469487116,0.01009554671367414,0.015924426760681606,0.01947380942603104,0.7439119045076807,0.210465166975745,0.0,0.016703512591319622,0.11234972542615833,0.21663780710278074,0.0,11.469963,0.68894404,10.887928,-0.0044836276,0.015144684,0.0096,0.014050083,0.01,0.008707333221779709,0.029977714568304666,0.0029061002859345994,0.004848802287476706,0.013567200073089952,0.07241306709485432,,0.0,0.011008168623111669,0.03988300462683305,0.2163368281408132,0.0,4.0369205,0.2834646,3.7931867,0.024843374,0.0144,0.5810844,0.0151303790276168,0.060324500211408935,0.00937402015880498,0.011788651248400497,0.019158696438968354,0.6378722039043282,0.016494947087422815,0.08412460095249204,5.901682,0.826817,11.0929365,2.2488744,0.024324179,0.01,0.61580765,0.023198353503287663,0.7489029937320506,0.006741429277927295,0.012653007378996448,0.016881068500051697,0.08406453196615891
0.00950796,0.021331172,1.1687999999999998,0.020567846,1.17,0.015456549987408653,0.0788523998992697,0.010686773328856362,0.014993653319902626,0.01945179039704526,,0.7913315968381347,,0.016645900558361244,0.10280873668350073,0.7991980688810957,,0.037835613,0.76615375,6.8042955,-0.003926819,0.0155155035,1.1632,0.014272482,1.16,0.008653866542440483,0.024774399751547476,0.0017841068237341461,0.004476160605281758,0.012540160173604998,0.06274176217053049,0.7805124703506139,,0.010147588023937351,0.032733246352253956,0.7881604920176513,,-0.01020308,0.2574392,1.9114165,0.025371397,1.1672,0.5959105,0.013747859915480332,0.05616984451787436,0.008210440874009873,0.01285873050113095,0.01753500635421842,0.3982160019925672,0.014864028366814818,0.07735026810944111,0.012793791,0.79327595,6.6897798,2.214288,0.024700433,1.16,0.61605895,0.018382691404524677,,0.0023746296063671935,0.016612268475147646,0.013693533681057773,0.08102920786398547
0.009497974,0.02123021,0.0128,0.020471323,0.01,0.016233800050365153,0.0779352002014606,0.01121201779568537,0.01565408008058423,0.020013342166605344,0.666191149388623,0.21084141945395865,0.0,0.017358301377857422,0.10358301377857437,0.2173921691992338,0.0,11.007864,0.6842917,10.4404745,-0.0034465399,0.0151511775,0.0072,0.013105759,0.01,0.009033300302299221,0.02542213393126067,0.002306660361654667,0.003751094047848527,0.013134502013442443,0.06229317398118334,0.2109389159546806,0.0,0.010773111119349732,0.03383866735730941,0.21708855399702506,0.0,3.3623037,0.24136713,3.1614726,0.025050016,0.0128,0.5595147,0.01607632520923371,0.054279681842375534,0.010098484685887433,0.009994459576700362,0.019694208779624023,0.5647526982266708,0.01721043795082351,0.07790026697130308,5.5569663,0.81366926,10.425162,2.29394,0.024307115,0.01,0.5694557,0.02645431251804851,0.6646372737020404,0.010682875182164082,0.01055205023656899,0.018904894645065368,0.07944617181327887
0.009400783,0.020994555,0.012,0.02027561,0.01,0.014219413413917572,0.08144560060438177,0.009046080080584216,0.016779413413917567,0.01817906875830163,0.6526147229637091,0.21068391218325164,0.0,0.01568074555081107,0.1070973096043256,0.217033087917334,0.0,11.125249,0.619789,10.61777,-0.0029957122,0.014816304,0.008,0.0131836785,0.01,0.008785199949934713,0.02477779915143459,0.0022024713172981592,0.003955560463920837,0.013090923528350321,0.06506671949849034,0.21057336456051606,0.0,0.010601534539742306,0.03661688155586493,0.21675703620006695,0.0,3.340735,0.24483241,3.1283083,0.024919838,0.0128,0.5689193,0.01485373548893226,0.057411357858369004,0.009092410186955703,0.011445934349310976,0.018731510386544095,0.54852630889298,0.016249203099301075,0.07669434999379589,5.5862837,0.78059256,10.510605,2.2265446,0.024184907,0.01,0.57653236,0.02544584017863691,0.7008743399156867,0.010144353026648645,0.011432247338518739,0.017907401102923614,0.07991364134759683
0.0093521895,0.021486942,0.0152,0.020457339,0.01,0.016041649878284214,0.07784439967542461,0.010848879711239805,0.012897759422479645,0.020064969864853538,0.6573279035675312,0.2104409418787947,0.0,0.01761867799770803,0.10513620388035144,0.21662261782471576,0.0,11.066552,0.7497431,10.420833,-0.002632546,0.015032905,0.0096,0.013608996,0.01,0.008752799374585037,0.02392919906187753,0.002485742389586403,0.005185841097474781,0.013178759957210242,0.06213627991649873,,0.0,0.010766270788522343,0.03332050682763545,0.21623442791806527,0.0,3.2850778,0.27122718,3.045286,0.025327945,0.0152,0.55793697,0.015919998744415263,0.054660275996728146,0.010018757224482625,0.009227203788063286,0.019785274288194068,0.5339512761004811,0.017227724028607873,0.07761587303556104,5.5637712,0.8846187,10.352972,2.2916896,0.024570458,0.01,0.58701277,0.022790278287794622,0.6696952023469305,0.0067415172532219,0.011723104175043035,0.016801434676922185,0.07909341392128773
0.0094567025,0.021049583,0.0136,0.02014868,0.01,0.015499199969006078,0.07836319986569294,0.010235583715269012,0.020777918576345176,0.019553944662908634,0.7151006403089063,0.2106330050528048,0.0,0.016930152832497426,0.10554275043868952,0.21692599841057286,0.0,11.288339,0.6796453,10.713405,-0.0021902996,0.014242798,0.008,0.012925565,0.01,0.00884160022810488,0.02571093283357317,0.002028319784585437,0.005826555291396253,0.012769920038606506,0.06603904055387723,0.21035337892015518,0.0,0.010368411811675514,0.03872892651284185,0.21661568258145839,0.0,3.3440986,0.22902761,3.1492968,0.02466257,0.0136,0.54812455,0.015364386816462093,0.05989120306957089,0.009550933333333341,0.011555037303046443,0.019224052026493153,0.5955519289128733,0.01679091721991313,0.08054305226424077,5.6886015,0.79996496,10.689519,2.2307582,0.023938244,0.01,0.5703832,0.024994655926164597,0.7357594690037637,0.009376361211509233,0.012449983312672828,0.017608332432666886,0.08093326408145117
0.009392574,0.020226125,0.0128,0.01965363,0.01,0.015410066314110646,0.08486039788466382,0.009846039788466395,0.023692079576932756,0.01956193767779364,0.8628287195500713,0.21067029985239788,0.0,0.016943859419524688,0.116989468343861,0.2171478216874475,0.0,11.714493,0.63755935,11.195919,-0.001852411,0.0135570485,0.008799999999999999,0.0124299815,0.01,0.009455732806800324,0.028861200134667604,0.003950688249874292,0.007790688506893743,0.014578095982381318,0.07019365315540081,0.21048377631578596,0.0,0.01183250195753476,0.03758500364600499,0.21681336622402841,0.0,3.4562254,0.26122364,3.2349858,0.023938049,0.012,0.5729573,0.014410759920734336,0.06356267502499391,0.007916680800263476,0.012698581050658382,0.01837531596695526,0.6431918097105952,0.01593844242672212,0.08309068807296831,5.8586955,0.70006025,11.137651,2.135839,0.023254454,0.01,0.5639402,0.02592370814428641,0.8363350034207562,0.010029369371841028,0.013715148724258565,0.018239450906935916,0.0860906646262964
0.009257439,0.020139365,0.0152,0.019744389,0.02,0.015027199641847845,0.08740266487590587,0.009615200033576774,0.027321600268614122,0.01953033864750209,0.8366736006043817,0.2191388844433186,0.0,0.016779401405345968,0.12027880281069199,0.22627738579512638,0.0,12.129552,0.666188,11.571924,-0.0015622955,0.013498841,0.0112,0.012566575,0.01,0.009227732940664646,0.0288831989333676,0.0031283189128082085,0.0029283187688748957,0.014377439996004158,0.06950975997269165,,0.0,0.011717789070571236,0.03887852604704749,0.2159712808671329,0.0,3.5664973,0.2742977,3.3260098,0.02374088,0.016800000000000002,0.55803174,0.016420364010000865,0.06155974563450088,0.009499416841907032,0.01232551141919044,0.020897799838524907,0.7407780899536471,0.0180820135900417,0.08592436969741332,6.0890045,0.8728226,11.429276,2.2345839,0.023157697,0.01,0.5735914,0.020647605448177942,0.9166712029469858,0.004565395439563318,0.01705807955081109,0.01612976659285451,0.08996222453880508
0.009181993,0.020547654,0.0592,0.02007723,0.049999999999999996,0.02440470588235294,0.07583999999999999,0.018459428571428543,0.015007999999999992,0.028778667226279413,0.8655488013430706,0.23093719628237114,0.0,0.025775355909430347,0.10882749099801954,0.23827656594545057,0.0,12.0319195,1.1819122,11.175617,-0.0012281175,0.0133965695,0.0448,0.012213845,0.04,0.007642719912613212,0.03030679978153313,0.002234674456816083,0.010008543583268676,0.013254925715302034,0.06959223977518816,0.22100963039647967,0.0,0.010402792231960575,0.04001256504942928,0.22764124294770732,0.0,3.4529786,0.24665807,3.2811356,0.023940207,0.0496,0.54783094,0.01463857461000007,0.06427048100077971,0.007998584476656287,0.013718015454561168,0.01888486974111811,0.6799365670854675,0.015982684689243343,0.08781881436639552,6.0347805,0.8094282,11.539199,2.1615973,0.023262814,0.049999999999999996,0.529497,0.027809457230301787,0.9123389002140989,0.011232546542895393,0.01257466034118824,0.021944341252013118,0.0870938255910157
0.009394571,0.020889819,0.016,0.020201938,0.02,0.016010326991903412,0.08055226615182293,0.011043786563697904,0.021572543876437505,0.020286915619724503,0.8237822405775203,0.2201904277424717,0.0,0.01764287085754354,0.10760727296673063,0.22640614805595527,0.0,11.571481,0.7432676,10.926426,-0.00082042516,0.013684599,0.0096,0.012715228,0.01,0.008161439824070067,0.02800719973976844,0.0016801794319861074,0.005920717727944483,0.012681079981041466,0.06257295989189113,,0.0,0.010498560246735723,0.03408128439499908,0.21600850715159864,0.0,3.207621,0.22810745,3.0044708,0.024297541,0.016800000000000002,0.53601575,0.016686947811791017,0.05908370473184958,0.010906929793556674,0.010547077582633133,0.020892884327847833,0.6351309815492107,0.018265370052247907,0.08022219192211491,5.7933817,0.9110833,10.782766,2.2897067,0.023802817,0.01,0.5635493,0.020989899526789983,0.7551524313035214,0.005211818420961407,0.014540047293670482,0.01631822991706109,0.0841244404677571
0.009363728,0.022141097,0.0144,0.021342266,0.01,0.015613222925030005,0.07063746495425165,0.011036494720053724,0.013752989440107444,0.01948343376660273,0.5398948796552785,0.2105826221797728,0.0,0.016932137344835427,0.09257259497608923,0.21674590388854192,0.0,10.54554,0.76140463,9.895161,-0.00045517166,0.014478879,0.008799999999999999,0.012878721,0.01,0.00907817151131603,0.022149440540512322,0.002064906763620002,0.003917888456774951,0.0128234584558772,0.052101653552977994,0.21025982651449082,0.0,0.010540482268449933,0.03078632627349778,0.21638561035399187,0.0,2.6207805,0.23905346,2.4039476,0.025352478,0.0136,0.526486,0.01480090314501822,0.051807097242508225,0.00963574465534084,0.011221671797685451,0.01834205819673175,0.45141370067862563,0.016027028497499894,0.0715367430257041,5.2171907,0.8243427,9.716578,2.2609584,0.02492697,0.01,0.54294306,0.02368581216879754,0.5546473240984693,0.008756463851830817,0.009855956076490539,0.017149399381039102,0.07088939355979954
0.009191979,0.023755176,0.0152,0.022916408,0.01,0.0156341532521034,0.06281099806933602,0.011348368285454172,0.013388131285150671,0.01927551130884094,0.41353980088978426,0.2104886285214882,0.0,0.01707974571744148,0.08347466006627159,0.21652628548344915,0.0,10.067131,0.8337381,9.322446,-0.0002044802,0.015735582,0.0096,0.013898879,0.01,0.008776481398188025,0.020741203495470026,0.0018937839748120497,0.003714121955921094,0.012606770052645105,0.04994166415403188,,0.0,0.010318837264470176,0.02462604652175343,0.2161658056809814,0.0,2.345623,0.2646689,2.0970187,0.027261522,0.008799999999999999,0.6049267,0.009117964825599621,0.050590249060878105,0.0039604066022598085,0.012288857604483255,0.012634816853297707,0.3070150336001857,0.010437629011064929,0.06769801572435975,4.807308,0.5210224,9.156338,2.1009333,0.026801875,0.01,0.5451878,0.021008288934148994,0.41011999688835354,0.007284775879718523,0.009368385175057371,0.01658569790360822,0.06510327009648641
0.009392795,0.024331,0.0144,0.02321264,0.01,0.015986666186998583,0.061773329975656856,0.011727109368442052,0.011714664458074045,0.019640941452985134,0.3262992009401494,0.21080185074999994,0.0,0.017227734634975605,0.08149974114318709,0.21686559140931175,0.0,9.824266,0.8415668,9.073145,0.0001723686,0.015938502,0.008799999999999999,0.013549861,0.01,0.00930915565074797,0.020218240348518362,0.0024745602605536075,0.003319296345022898,0.012731221294289207,0.044284160143288426,0.2105662138570974,0.0,0.01069443801322559,0.023188876327646168,0.21658921707308393,0.0,1.9886023,0.28252575,1.7381427,0.028003003,0.0064,0.5414059,0.007925644584323162,0.051273448184626626,0.0028737406534437467,0.01275120506212844,0.011396926002141936,0.16710237402355707,0.009025560441092467,0.06874622886343681,4.7220287,0.42406806,9.088679,2.0663884,0.02687797,0.01,0.5283686,0.024244396472687557,0.356201586074509,0.010403860030587495,0.0083176222799146,0.017474728826986308,0.06335489961340642
0.0092556635,0.026132358,0.0504,0.024894172,0.04,0.016550719382187527,0.05835359691093763,0.012260205825568663,0.010806125936851697,0.019932746691289593,0.29186432009849184,0.2213331825841324,0.0,0.017671890859882567,0.0790219416115066,0.22887075044120866,0.0,10.097642,1.0099046,9.281505,0.00038456346,0.017117748,0.0448,0.015257854,0.04,0.00972086671856141,0.019281300117566385,0.002707338958492437,0.0021016802092564376,0.013112714670488367,0.041830240213005056,0.22001742989374817,0.0,0.010973380327722226,0.0218634861857167,0.22771189232713976,0.0,1.9764271,0.33633745,1.6763395,0.030030536,0.0432,0.59248936,0.009161117341089813,0.04673934589205345,0.003964729723391884,0.011623085447161988,0.012455390677797003,0.14930974519474816,0.01027490804454037,0.06122168748237959,4.7401114,0.6196103,9.019561,2.264009,0.02919798,0.04,0.54985714,0.018115033955098527,0.24573353714735302,0.0021473997385262323,0.012601765554857045,0.013109860304410147,0.06407487745172179
0.009367277,0.024134621,0.0144,0.023051763,0.01,0.01585622168126324,0.061270663420912724,0.011585884937499395,0.011514626195569795,0.019565976782654617,0.20127386843504297,0.21078194135342404,0.0,0.017200243596632435,0.07880414114275128,0.21682868620041987,0.0,9.057723,0.83907276,8.309931,0.0006431397,0.015699638,0.008799999999999999,0.013060537,0.01,0.009108342694276371,0.01675973253907165,0.0018052794020004513,0.002646335282400564,0.012857093293368099,0.04205702392130058,0.21053866798247825,0.0,0.010705772867868744,0.02234487947839219,0.21658059740328955,0.0,1.6059557,0.2594,1.3675554,0.027411627,0.008799999999999999,0.6098402,0.010222621700869967,0.04584138134668464,0.005101692424733619,0.01069300457381807,0.013647521412466767,0.13433373030704876,0.011453026296960569,0.06067067983162879,4.1723814,0.57227355,7.8438816,2.1309543,0.026494555,0.01,0.515479,0.024085984124049064,0.18748498673294944,0.010361623731102726,0.008033219120252422,0.017426486859458235,0.060920391323447426
0.009400118,0.022437552,0.0144,0.02176742,0.01,0.016326239458294867,0.06142339796860572,0.012081558969193338,0.01225410109004569,0.01996230870637519,0.29100212070846976,0.21077674524335807,0.0,0.017719421529094052,0.08066700122165196,0.2169483490062296,0.0,8.5584545,0.80082804,7.8421717,0.0008330716,0.014582077,0.008799999999999999,0.012184159,0.01,0.009567734369980098,0.020087899943023946,0.002540071715550903,0.0025151616912675668,0.01321457612092936,0.04221822015390558,0.21067570106719194,0.0,0.011017761199238385,0.022959075035266386,0.21670353225592986,0.0,1.4822332,0.25103834,1.2521815,0.025641982,0.0128,0.5141622,0.01465461554091421,0.04558522451379846,0.009726122377860792,0.007018237432816949,0.018195556735777746,0.13492153343717891,0.015920354368092738,0.06280269316808151,4.0904303,0.8101412,7.4522467,2.2477627,0.024945429,0.01,0.5102925,0.024908783685286193,0.17638576405699694,0.01041781295750667,0.008463597457471805,0.017719386804726865,0.06264302112770889
0.009438284,0.021622745,0.0136,0.020752909,0.01,0.015072250062956436,0.062326000167883824,0.010448900025182593,0.01393186670024343,0.018741387235233196,0.28544026950949947,0.21066952242285703,0.0,0.01635969886509697,0.08335518184155188,0.21680294307573633,0.0,8.469696,0.69579846,7.848386,0.0008938312,0.013709644,0.008799999999999999,0.011974979,0.01,0.009215599756099029,0.020498720041123176,0.002151245271241669,0.0037646791976980684,0.0129253866762097,0.04304282646686956,0.21038630788055926,0.0,0.010744592270549266,0.023638102554324525,0.21654433245060634,0.0,1.6204499,0.23399596,1.4087188,0.024538841,0.0128,0.52044076,0.014258390650556885,0.04704337516757927,0.008981652020555793,0.008885335125146984,0.01772227954670393,0.15582846802527614,0.01544925975096894,0.0630950065552301,4.0770497,0.75006896,7.4801855,2.1366777,0.023960037,0.01,0.52335596,0.02416492052597782,0.30758518866147755,0.0100524631594147,0.009257755070609244,0.017341359205957686,0.06379778835556167
0.00939812,0.020331528,0.0144,0.019506073,0.01,0.015361599803705075,0.06505039872408293,0.010506016083270378,0.01326504020817594,0.019395120624527817,0.3207804824981113,0.21050192294084152,0.0,0.016847848861880402,0.08556747096637486,0.21666322341832023,0.0,8.272764,0.6687146,7.6658754,0.0010144227,0.012429518,0.008799999999999999,0.011242154,0.01,0.008639656970680244,0.020959200026772866,0.002525047161614157,0.003962586797746791,0.012739954218390904,0.0437966134444051,0.2101658703898147,0.0,0.010375953218688847,0.028607625556370243,0.21638767678260024,0.0,1.4766678,0.20883876,1.2855763,0.023302589,0.0144,0.5104988,0.01526841735277285,0.04752695803379515,0.009802693428747398,0.009682232039776485,0.019140580409895528,0.1975387171029674,0.016643456227640626,0.06453115271495077,3.9697561,0.7670804,7.237426,2.066106,0.022513837,0.01,0.5228417,0.023407390632067406,0.32738677188942666,0.007821917781624636,0.010619138277711012,0.017026819483803024,0.06727595860534484
0.009386582,0.019122632,0.0144,0.018301614,0.01,0.016542826603990035,0.06669039984330842,0.01091769596239401,0.011529493270656705,0.020809632502308387,0.384848162511542,0.210644795607275,0.0,0.017966139782931715,0.08847196312827767,0.21700725443041627,0.0,7.852711,0.67280775,7.2677917,0.001001436,0.012210596,0.008,0.010290407,0.01,0.008522402493092612,0.02073060069294893,0.001774926410939861,0.0026122422884313386,0.013185026705110294,0.04875508011157264,0.21065967062938262,0.0,0.01071698576391632,0.027084290402829073,0.21684724492273577,0.0,1.5070472,0.1983899,1.3340447,0.021746451,0.0144,0.49631152,0.0165480372420981,0.04967875433839051,0.010620862860142915,0.00911913819389297,0.020631780616511424,0.26865104925331534,0.0178832410252518,0.06674234825783072,3.8114376,0.77035916,6.942993,1.9861242,0.020996226,0.01,0.512213,0.025511786862328734,0.3840442602228298,0.010136565584637366,0.010196071633861265,0.0180346103669622,0.06820635104596713
0.00935352,0.018157158,0.017599999999999998,0.01750922,0.01,0.017589353582705372,0.067930798287585,0.0126730798287585,0.0130730798287585,0.021819240045888227,0.38211544027532945,0.21021233815194593,0.0,0.018995924451896417,0.09177962100890605,0.21635812861342518,0.0,7.855483,0.7182909,7.197115,0.0009163262,0.011368079,0.008799999999999999,0.010431175,0.01,0.0070432000231317494,0.02304320002313177,0.001173866149057949,0.007360799651417522,0.011912685657243082,0.05179626656278791,,0.0,0.009397309937413594,0.03118924054203832,0.216069319943221,0.0,1.492785,0.16731621,1.3360158,0.020848708,0.0144,0.5244905,0.014326365845465762,0.051890258141718076,0.008603271179668172,0.010695948363390224,0.018423448789776784,0.26707743515673726,0.015691398491579092,0.07076197272647601,3.7735438,0.6585244,6.943118,1.8364516,0.020380927,0.01,0.5372911,0.020419555064146947,0.3867465192810733,0.005385098489680545,0.012285832749388046,0.01629088629024416,0.07171282047919121
0.009531703,0.017202336,0.0136,0.016629843,0.01,0.016772799942439815,0.07020959959707883,0.011760767967766287,0.01960383983883152,0.021275869569530596,0.3614781884216122,0.210832685480165,0.0,0.018327929523691913,0.09300180584985451,0.21740257747547467,0.0,7.2498174,0.59312546,6.74123,0.00080988085,0.010778803,0.0072,0.009229666,0.01,0.009095799837957157,0.022597199957966572,0.002972773548408668,0.0038122136578914237,0.013705952066442796,0.049243253426342296,0.211094177974154,0.0,0.01103475515813816,0.029568088211160005,0.21729015974843485,0.0,1.3451763,0.18341428,1.1923497,0.019709153,0.0136,0.50986683,0.01670784561899659,0.051344630594933535,0.010982848948574883,0.01064112090152938,0.021063901718985156,0.2620975156623219,0.018351735772372785,0.0702934839338152,3.4921193,0.68654543,6.388444,1.8404044,0.019019423,0.01,0.5066786,0.02658389858543494,0.3660759581649452,0.010751772494190775,0.011633993317594729,0.019195115379167335,0.07186756971702993
0.009264317,0.015250753,0.020800000000000003,0.014864652,0.01,0.023848599848904542,0.06632773272895157,0.017749159909342734,0.012465546545790311,0.027982289496283962,0.37515395269033824,0.21068842972047436,0.0,0.02532355851594052,0.09155601332173241,0.21728713892561047,0.0,6.9743314,0.7857141,6.280904,0.00030084504,0.009896398,0.0064,0.008514233,0.01,0.00807702834732313,0.02386959963214107,0.001661119802094936,0.004409280747925774,0.013121508636404725,0.051950186836210395,0.21092732451356735,0.0,0.009912035746717538,0.03167203607119038,0.21719296768272212,0.0,1.4037329,0.1339439,1.291258,0.01753813,0.0136,0.5291217,0.01652702211218966,0.05497167909104245,0.010335005000846286,0.011177986222880317,0.020698301405758776,0.32144699513254515,0.01796964696043092,0.07307706925945606,3.3645835,0.59854466,6.2076426,1.6408055,0.017130382,0.01,0.5201672,0.02646929613067428,0.4189467929302311,0.010358695093820317,0.01212680379861351,0.018837202533840126,0.07601678356383469
0.009318681,0.016749667,0.016800000000000002,0.015884269,0.01,0.016232266711435704,0.07238720053722823,0.010019360026861433,0.012419360026861411,0.0206107741869293,0.39436565589412126,0.21003250365801923,0.0,0.017811075857150128,0.09794398670079134,0.2162728902058864,0.0,7.449526,0.6044514,6.900996,-0.00048949383,0.01080269,0.0112,0.010046674,0.01,0.009658199707338872,0.022865599235369006,0.002779017565680533,0.0030632801691508524,0.014055615999794373,0.05276951988538532,,0.0,0.011301814683531393,0.02958254065274328,0.21591428078772887,0.0,1.7525208,0.22035056,1.5505298,0.019373126,0.017599999999999998,0.54884297,0.01689125613249571,0.051684184893505784,0.010779399188200795,0.008649696014559026,0.021245463154104707,0.3415107414147303,0.01847385146252873,0.0709556486370525,3.6348476,0.74212956,6.5871983,1.7910182,0.01879483,0.01,0.5639687,0.019869785262889152,0.4214751376969941,0.004462107521936503,0.013233389922769824,0.015958039334913892,0.07594721822437511
0.009454261,0.01650314,0.0152,0.015739817,0.01,0.015309839670947713,0.07494919835473852,0.009739934793922612,0.015149836984806512,0.019408829651335828,0.3871742815411735,0.21022564649830744,0.0,0.016678486475149294,0.10027344194486884,0.2164275721312835,0.0,7.4367666,0.54780906,6.938607,-0.0014263979,0.010811966,0.012,0.010213647,0.01,0.011016266802494418,0.02149920016063719,0.004576586861216174,0.007411904819275173,0.015548408882126248,0.05518713600596286,,0.0,0.012955316216390247,0.031153160822373713,0.21610712205526375,0.0,1.8436604,0.25118488,1.6052598,0.01923678,0.0152,0.5396374,0.015298033028466669,0.05515549212855146,0.009560763992172178,0.012284117884959094,0.019210874564947335,0.32078336473057206,0.016584972277799263,0.07476900826845774,3.6636415,0.641806,6.7361913,1.737109,0.01876327,0.01,0.5756052,0.02114961734812468,0.41557208340896545,0.005333414163062856,0.013487401753321757,0.016356481760144134,0.07646663864456135
0.009330442,0.016072216,0.016800000000000002,0.015357707,0.01,0.016354479979853932,0.07417239989926971,0.010957791991941575,0.014994479979853939,0.020655627372524896,0.4053834410587873,0.2100742101901163,0.0,0.01783801690136497,0.10045620517507622,0.21627013803611042,0.0,7.3411293,0.57336974,6.8094635,-0.002605877,0.011179771,0.010400000000000001,0.010437668,0.01,0.008441599826511766,0.02496640107948339,0.001952212298400036,0.006113273790400301,0.01330325346175391,0.06035488012947362,,0.0,0.01063572292286999,0.033319075590440624,0.215911447703204,0.0,2.0797417,0.20078322,1.8939843,0.018939938,0.016800000000000002,0.5574845,0.016248444249494468,0.05412675869240959,0.010516545446874442,0.011212875614614964,0.02040759204695464,0.34056309285442765,0.017663739312883356,0.07391154311099053,3.6649463,0.68320346,6.6934643,1.7448909,0.0185689,0.01,0.5969285,0.019800192491269897,0.426499940104305,0.004495615703423184,0.013090935268022501,0.01592560431646888,0.07703678202146833
0.009466022,0.017157068,0.0128,0.016393743,0.01,0.014905599597078798,0.07465599597078822,0.00965302845630822,0.01898559959707882,0.018780061497136284,0.40894079946277173,0.2106711326073362,0.0,0.016169299607772063,0.09995022415716645,0.21694115893900526,0.0,7.720459,0.5271558,7.262242,-0.0036990866,0.01227298,0.008,0.01095575,0.01,0.00836880100237745,0.023984400532511944,0.002333505365289466,0.0045168817066118345,0.013058240330316176,0.05988153649558528,0.21053904127500098,0.0,0.010480548743817961,0.03356246967065938,0.21674300069020305,0.0,2.180854,0.2094883,2.0046048,0.020348929,0.0136,0.5777542,0.015506871210677129,0.051913103361923243,0.009857301840258015,0.010616628655029353,0.01937450073586447,0.33654560410177614,0.01680462897741154,0.07113939160156339,3.8292108,0.6738463,7.064228,1.8349915,0.019717589,0.01,0.5891245,0.02509751003401867,0.428386726899384,0.010105218178117567,0.011378037313634765,0.017781798935045074,0.07459110654236611
0.009524381,0.018651988,0.0144,0.017835407,0.01,0.016483039816447036,0.07082279862335264,0.011181139931167627,0.011524559724670527,0.02034420817594223,0.3594420817594225,0.21075097511600988,0.0,0.017763415649527315,0.09461464902069493,0.21697844409737463,0.0,7.9872913,0.652503,7.414131,-0.0049585733,0.013880327,0.008,0.0121595785,0.01,0.008760800293430201,0.023770600601987484,0.002053783454136328,0.0037254959412281238,0.012778832233352933,0.06189416117739071,0.21053076338807378,0.0,0.010366862937728,0.03297830088423437,0.21669257439426806,0.0,2.5288303,0.2229259,2.3337965,0.022255361,0.0144,0.5770244,0.016337216804377476,0.050233472470184067,0.010667946190986823,0.007859357177912878,0.01996610912668052,0.23997539409397745,0.01759975662738693,0.07047928258289145,4.0368123,0.7803067,7.377055,2.023527,0.021586038,0.01,0.5983834,0.02504663846088661,0.37769226807377204,0.010235356957391417,0.009374105473808689,0.017733349178089455,0.07204119387249672
0.009710108,0.018577209,0.016800000000000002,0.017401153,0.01,0.01558755570478561,0.07165866756204706,0.010674399899269703,0.011931733064719209,0.019612062013701918,0.37435136123562496,0.20980479807100622,0.0,0.01704211348336462,0.09595793823922025,0.21607750353329083,0.0,8.189551,0.64644825,7.597974,-0.00603694,0.013915113,0.010400000000000001,0.01299676,0.01,0.008114628428887636,0.02480239992289404,0.0016000687527322499,0.005600160423226029,0.012133693236685486,0.06608086365027337,,0.0,0.009785825539846155,0.03421732115973182,0.21570429120659504,0.0,2.8103642,0.2328048,2.591212,0.022211777,0.016800000000000002,0.5801736,0.015532183576403166,0.05123444241926069,0.01022733842928833,0.008699226729583672,0.019256993699597342,0.3375344463715897,0.0169545795858809,0.07172460871932766,4.1950145,0.78523904,7.6629972,1.9923333,0.021719024,0.01,0.64150834,0.019255856905620948,0.39803230253375627,0.0039860239927610765,0.012130124414244119,0.01543616145762712,0.07410483043143648
0.009984595,0.018857464,0.0112,0.018138519,0.01,0.015445107800786492,0.07071728028204483,0.011110808770997118,0.012798639469487118,0.01915150140479259,0.2783938809703685,0.21107894494720353,0.0,0.016767943023562475,0.09897560116493732,0.21780808049159592,0.0,7.792244,0.579682,7.319603,-0.00697709,0.014855264,0.0064,0.01316698,0.0,0.009249510904146836,0.02428186510741288,0.0030054574190767655,0.00432455760457495,0.013686839546956025,0.0645210371945508,0.20095736508524029,0.0,0.011038678903507116,0.03279669694147265,0.20738823060675615,0.0,2.7795186,0.23644438,2.588427,0.023036655,0.0112,0.6118529,0.01530064774861462,0.049581652783344345,0.010231282136924164,0.009745641166698637,0.018956629549717764,0.2551271888266782,0.016518806134453643,0.06954471217397735,3.9875646,0.7085004,7.3828325,2.055627,0.022096656,0.01,0.6078607,0.027138584054019785,0.3636228871708088,0.011526471408418929,0.008252621063535089,0.020214879050230436,0.06881013677427592
0.010131268,0.019709328,0.0136,0.018817302,0.01,0.015709270643538185,0.07061920031338313,0.011501152018802988,0.011952880047007472,0.019570805200448328,0.295951844203811,0.21090787912088915,0.0,0.01701169708595603,0.09251697041530389,0.2170590365089959,0.0,8.142732,0.67366374,7.5584774,-0.007872251,0.016446143,0.008799999999999999,0.014117799,0.01,0.00969169981903201,0.022066719784103322,0.002918340936837376,0.0032244545824498265,0.013442380833421612,0.06634409505554237,0.21071919633846095,0.0,0.011117303603121855,0.03193123659914312,0.2167741309149742,0.0,3.1320171,0.29572892,2.8657877,0.024668083,0.008,0.7234796,0.009882628236964274,0.049292638959798574,0.004586843943381337,0.011216408329654431,0.013581175084832102,0.2014703419397991,0.011224901499312817,0.0683516475488459,4.0882087,0.48194665,7.769064,1.9018452,0.02352452,0.01,0.64366513,0.0251407665145981,0.36132749345019394,0.01062473320190172,0.008475540004308356,0.01784661605716572,0.06768547622165037
0.0101607805,0.020456456,0.0032,0.019355847,0.01,0.0070206585983675724,0.0725585326953748,0.0028833600641689373,0.019935748653931478,0.01058093578443718,0.2543521651976832,0.2112097228998537,0.0,0.008379960913990316,0.0982797654839418,0.2177215553877477,0.0,8.129528,0.22498976,7.9824114,-0.008689723,0.017147664,0.0056,0.014879614,0.0,0.008155359381739252,0.023388398766304698,0.0017192262106355428,0.004446143288569043,0.011834033839106542,0.06763823684379619,0.20092220125608762,0.0,0.00971672979202358,0.03266146929024621,0.20724946546652712,0.0,3.1031444,0.24368906,2.9206338,0.025686784,0.0056,0.730937,0.0091660751220576,0.04871791044355441,0.004105667765224689,0.010969652649942848,0.012595436598625975,0.18956166107989578,0.01038161495509994,0.0673426072999249,4.0621963,0.42089692,7.807768,1.9370345,0.024379002,0.0,0.6564967,0.01687947333147619,0.3239092583604754,0.0015115881190423863,0.016459578471522355,0.009555056192524631,0.07373487503581216
0.010273504,0.021009423,0.0056,0.01982893,0.01,0.006784049777553946,0.07667239822043147,0.0027957467192702553,0.013191493438540527,0.010285591426732708,0.32688516142029717,0.21082639319351262,0.0,0.008119982660198867,0.09963193757671591,0.21676579171624813,0.0,8.463927,0.28556946,8.229604,-0.009396576,0.018086424,0.008799999999999999,0.015762717,0.01,0.00850836328853743,0.022665333376169976,0.0021195993703013757,0.003295679496241085,0.01247897141645808,0.06695280015822769,0.2103172747444646,0.0,0.010252194725986829,0.032415706240079695,0.21643090490657327,0.0,3.3925667,0.30327868,3.1214676,0.026402177,0.008799999999999999,0.75465214,0.009762463461473773,0.047079192279994235,0.004580523953223837,0.010093886819773473,0.01316993973233616,0.1735424526066763,0.010944351277727492,0.06463069705836079,4.2450414,0.53428924,8.020668,2.011238,0.025330806,0.01,0.67164505,0.023016495957832603,0.31724011523369805,0.010158158307930237,0.007791925932037515,0.017099929172678545,0.06563077720189671
0.010462782,0.022151526,0.0048,0.020624876,0.01,0.006214577539009679,0.07341247914043482,0.0022191644981672653,0.004257493494501804,0.009646027029295737,0.2918761621757744,0.21087745448628317,0.0,0.007335017167145452,0.09804133154394094,0.21685949937081178,0.0,8.711675,0.24578941,8.505088,-0.010096241,0.019365855,0.0096,0.016638631,0.01,0.009645067677372526,0.021361120990295912,0.003032830080669191,0.002226855147893509,0.013350005855228846,0.06301669600976677,0.2105156996228186,0.0,0.011368140864739008,0.030819464168081744,0.21652799271572143,0.0,3.7138772,0.366499,3.3745968,0.027727947,0.0072,0.7274524,0.008473091992908712,0.048301851983254096,0.0033658145928798146,0.011575010732814953,0.01170771766381972,0.17984434638620928,0.00955941707671668,0.0677151336309104,4.4880548,0.44831663,8.576871,2.0480356,0.026499612,0.01,0.678829,0.0236047984802272,0.29660441142674904,0.010395501651040745,0.007432505529892764,0.017284311324645144,0.06443164968571477
0.010772772,0.021952486,0.0048,0.020643292,0.01,0.0075261642990109515,0.07251493102772881,0.0040793859928929125,0.012314473936036262,0.011015332059391357,0.2950521290019306,0.21114650196891793,0.0,0.008756359130186684,0.09882905260658674,0.21728687788891143,0.0,8.654536,0.29932708,8.420436,-0.010521095,0.019442849,0.0072,0.016553288,0.01,0.008788291594440806,0.022623735783589283,0.002276781468868467,0.004235707994099268,0.012117551770385081,0.06876408790079033,0.2110232919782993,0.0,0.010214936950938409,0.032798059627863085,0.2170047465080873,0.0,3.8027,0.30647475,3.5406446,0.028180702,0.0072,0.7613991,0.009648541984165331,0.04617782258617905,0.004513252755562007,0.009840774745256605,0.012919394561317358,0.17428648988404083,0.01078455953540656,0.06358088988718909,4.444193,0.5217662,8.450586,2.131413,0.026460476,0.01,0.6758818,0.02580603494964137,0.30894714632136183,0.011238259688357033,0.007181063562087291,0.01838495946939638,0.06442773941134627
0.010656055,0.022845842,0.0064,0.02121268,0.01,0.0063358146562578896,0.07398279526567615,0.0022873120792411554,0.0037182780228404945,0.009756357671550132,0.36306452010408796,0.2105776415643023,0.0,0.007434760465656654,0.09657665659292997,0.21643139598209304,0.0,9.372372,0.3013734,9.11142,-0.010919279,0.020536754,0.010400000000000001,0.018342914,0.01,0.008903734145443605,0.022207468568613595,0.0020711206243963715,0.0034737936329961015,0.0124423913407069,0.06948016280568736,,0.0,0.010290994582758867,0.03219123007766151,0.21589497102468666,0.0,4.1984487,0.36640128,3.8570814,0.028950322,0.010400000000000001,0.7886169,0.009932793487082063,0.04610286578351096,0.004886206836389328,0.010066826670202653,0.013252308942075934,0.20630586432742443,0.011059708927441807,0.06357581887361305,4.792096,0.62732494,9.011876,2.2022,0.028043544,0.01,0.71297485,0.019577033610988222,0.3438967245912885,0.006088031589035196,0.007915520363227995,0.01609009664389006,0.06490677515987768
0.010796071,0.022372982,0.0024,0.0209129,0.0,0.006266357406990165,0.07353039536640645,0.0024101652749546243,0.004577379683932484,0.009811143891250778,0.29829736153781583,0.20119157749031072,0.0,0.007573418346910966,0.09905823118352505,0.2077695213930474,0.0,8.934238,0.20446183,8.815079,-0.010999983,0.019805785,0.0064,0.017301189,0.0,0.009312320246739045,0.0222410674891302,0.0024864627642485174,0.00347743794041423,0.012654542939517297,0.07098177086679947,0.2008460446700789,0.0,0.01068100015245077,0.03318850298854898,0.20725520300657002,0.0,4.0797124,0.31031504,3.8306446,0.028415607,0.0064,0.7712105,0.010125933020475805,0.045352119756611645,0.0047980384501626755,0.009956568564439982,0.013409100503428818,0.2247769149407373,0.011263582784288064,0.06593906936566345,4.6250134,0.51708627,8.845708,2.1759753,0.027141858,0.0,0.69116557,0.016935103018739926,0.35405942853115674,0.001525064650812382,0.015146015429494753,0.009640247193211807,0.07301952983500927
0.010815821,0.019690467,0.0128,0.018869448,0.01,0.01612164414225358,0.0732631981868547,0.012169070788860245,0.01229896012759171,0.019737021715126958,0.42547266028708136,0.2110758464358887,0.0,0.017303689703365037,0.1024739830718727,0.2174115983262264,0.0,9.400553,0.6534618,8.845588,-0.011012738,0.017731376,0.0064,0.015458687,0.01,0.008397477499964452,0.029891801066632404,0.002329181391762495,0.0050334382831073695,0.012050097004876534,0.08312524256248796,0.2110326517676695,0.0,0.009923578331824728,0.041132523854482114,0.21713145285072374,0.0,4.565673,0.26076093,4.3574204,0.025300175,0.0048,0.72638994,0.007860957013804728,0.0573051841894148,0.002670366977344656,0.013544974718462341,0.011263139383059843,0.43339653188569494,0.008965173033965403,0.07829599127402771,5.0300217,0.33505526,9.809597,1.8822087,0.024393175,0.01,0.68636566,0.026277467693594618,0.5338856091394077,0.011154520471682333,0.007751544273108457,0.018785470830112203,0.07239706919603658
0.0107004335,0.019805854,0.0152,0.0188872,0.01,0.015716084065616087,0.07340186574890177,0.011790093399367652,0.01293622415848233,0.019310840594308726,0.5070650435658525,0.21063787794142982,0.0,0.016992118365288796,0.10155796461487364,0.21659271736644742,0.0,9.758696,0.7012766,9.140269,-0.010989315,0.018171767,0.010400000000000001,0.01639072,0.01,0.009622031043169728,0.02428640364968194,0.0027671597699672475,0.002367159835909214,0.013175701955652312,0.08841776456981303,,0.0,0.010860766702217552,0.03802536562426818,0.2160743659075604,0.0,4.8350325,0.351199,4.5205665,0.025677456,0.010400000000000001,0.7862281,0.01055504614619931,0.05086870619375023,0.005116326428711636,0.010533081562320508,0.01402580543822869,0.46613005871307217,0.011726882247553158,0.07311433943442695,5.1582155,0.58456725,9.803852,2.0181923,0.02500764,0.01,0.7147499,0.020208846035160023,0.5592798377431547,0.0068350624788406835,0.009106578353868435,0.01646442980967464,0.0739013753740531
0.010647401,0.018971298,0.0128,0.018292293,0.01,0.014430522828971561,0.08219839838831529,0.010053262150591808,0.015239679677663051,0.01822244577952056,0.7319571204566441,0.21069238160722192,0.0,0.015820772523157986,0.1174175107002635,0.21683606330893343,0.0,10.710742,0.58347887,10.219684,-0.010755784,0.016778702,0.008,0.0153779825,0.01,0.008135099941467796,0.03189616012336953,0.002070559777560993,0.009176157553170985,0.012215453691460699,0.1140463609201311,0.21029668450632957,0.0,0.00973058752732445,0.04517528879478212,0.21648711396329567,0.0,5.389868,0.27203307,5.1672373,0.024500199,0.0128,0.6851369,0.014012449297756302,0.0579852984856458,0.008660174604902341,0.011476438927404438,0.017790198224909362,0.6381123057363538,0.015420429157667741,0.08153610656568183,5.852135,0.74794364,11.06781,2.1418982,0.023897495,0.01,0.69905895,0.023976345073007437,0.7749058886559591,0.009207561035648624,0.01055326042815085,0.017245308236084896,0.08229523020004442
0.010701099,0.016809579,0.0112,0.01611726,0.01,0.014220319986569302,0.10300319986569294,0.008460319986569311,0.024430159993284645,0.018298905113353886,1.1093428832368,0.21068695207252833,0.0,0.015377132141475156,0.15261705713180118,0.21725338890629056,0.0,11.775627,0.46409702,11.419483,-0.010403519,0.014455227,0.0072,0.013495133,0.01,0.008833200523075312,0.03966640141441097,0.0026773117008288866,0.010893279252072223,0.013173121672912203,0.5845860308289549,0.21061565964140608,0.0,0.010531104703836535,0.05354738326459168,0.21692992719015886,0.0,6.0752726,0.23820883,5.8888187,0.021649675,0.0112,0.6818064,0.013811743573811465,0.07354579218796975,0.007194937539913462,0.014745214223163994,0.017965506964999396,0.9454290828298206,0.015078534740362968,0.11059324263592142,6.4858165,0.5996095,12.496495,1.9082577,0.021021053,0.01,0.6970802,0.02610818247047618,1.1062197145786703,0.01012825963193471,0.014021871557460406,0.018434564369588884,0.10999668195161363
0.010537784,0.016750999,0.0248,0.01614744,0.02,0.024699332941604417,0.09719199529925292,0.016878393687568178,0.020439196843784098,0.029129371946612945,1.1311528018131454,0.21940908492283379,0.0,0.026261116156571458,0.14595004540914314,0.22629839123741835,0.0,12.228739,0.9412338,11.454098,-0.010077225,0.014012979,0.0128,0.013716139,0.01,0.010948001432883393,0.03954000514039709,0.005495429021868449,0.00908933624622502,0.015984334278137065,0.6047530028422754,,0.0,0.013385570589403095,0.05718268487023887,0.2159405616204122,0.0,6.2166185,0.3534736,5.9105015,0.021531994,0.0144,0.6875459,0.013925783827860232,0.07587005955830865,0.0074376882221668895,0.014119293540047935,0.018306916425745477,0.9982288203531278,0.015535438410805772,0.1099727161264865,6.6978855,0.66208225,12.850649,1.9155246,0.020903876,0.01,0.71570927,0.020244184552839856,1.2201796554961442,0.004554087712919497,0.017780621654758952,0.016086600172977868,0.11732353102062298
0.0104816435,0.015919551,0.0224,0.015635524,0.02,0.022021599559771312,0.11193146534598059,0.011739436917652984,0.02613943691765298,0.02675856070799009,1.2964549624779653,0.21741350919924524,0.0,0.023646696586963615,0.17254008929218373,0.2261478497892069,0.0,12.559477,0.7903156,11.923078,-0.009870826,0.01345872,0.017599999999999998,0.0130644785,0.01,0.01600559982008608,0.04134266671128811,0.009697120221037085,0.004961867035061791,0.02064630015428711,0.6670568002945015,,0.0,0.017642312699321067,0.05887404683283903,0.2158591129135731,0.0,6.512064,0.47792324,6.0962543,0.020425828,0.017599999999999998,0.7193647,0.016918878981706076,0.08062305593527688,0.010014066500850004,0.013352611029363576,0.021377628652090926,1.091136592417613,0.01849765512692588,0.12183789555430016,6.8691955,0.77019346,13.10187,1.9732525,0.01990244,0.01,0.7160713,0.019946691306617127,1.30957155026724,0.004122301682266852,0.0226440872489204,0.015893687229723598,0.13648319684314536
0.010363816,0.015260738,0.0264,0.014856886,0.02,0.025093784553396743,0.13101919919415764,0.012467946612943797,0.031667946612943844,0.029919223609262375,1.3183172826324185,0.21523078123688408,0.0,0.02661432142553422,0.20957876694091063,0.22570382573667117,0.0,13.430311,0.8456442,12.761959,-0.009486556,0.012610637,0.0192,0.01203087,0.01,0.01587559942732878,0.05015119885465757,0.009580096157398747,0.0047004806271284385,0.02143043177083491,0.7175681064062199,0.20128132978403734,0.0,0.01833250746646122,0.07019752239938369,0.21556041995341768,0.0,6.9764566,0.45682698,6.581055,0.019288432,0.0192,0.71258605,0.01742333884059408,0.09971901386385856,0.008842417920021581,0.02119129597346425,0.022181446574869233,1.2662075405351365,0.01916827610660503,0.16535538633780614,7.3617597,0.73773426,14.126013,1.8962336,0.01888593,0.02,0.66540927,0.029427931987210557,1.4991648181878117,0.012205520932355681,0.020524634310335358,0.024984318890663458,0.17561123355096872
0.010279274,0.015900023,0.07039999999999999,0.015118947,0.06,0.03317239989926975,0.11404133299756568,0.019892959959707877,0.015021599932846469,0.038397600700315344,1.3287944016340691,0.23976007982945527,0.0,0.034985706283900256,0.19383567827755135,0.24714644229251262,0.0,13.153496,1.1913028,12.430555,-0.009108316,0.0124643035,0.0528,0.0120978905,0.049999999999999996,0.013874700135437252,0.051159520047934164,0.007966586821056899,0.007699919842147396,0.019548920100498707,0.783948920326937,0.23034936943116346,0.0,0.01590659271426521,0.07038644455938381,0.23682909268854666,0.0,6.70988,0.4149113,6.482844,0.019356621,0.06,0.6459998,0.022609971269723247,0.09490306859395532,0.014450537566527782,0.01880552433066249,0.027593336122698747,1.3021462213493948,0.024380174035614165,0.15364130380326715,7.2711854,1.0180367,13.971604,2.1112857,0.018936848,0.049999999999999996,0.6930083,0.026367915264251,1.4389163086388705,0.007176656821692049,0.02627810507314689,0.018572677064766768,0.16977964746190505
0.010272839,0.0155736115,0.0344,0.015045498,0.03,0.033614720053722846,0.11666944010744565,0.020014722739864012,0.022207361369932007,0.03846624057752038,1.3716662405775202,0.22528212450028556,0.0,0.03517595530955905,0.19432786592867707,0.23582728534391517,0.0,13.246358,1.1631429,12.316832,-0.00856055,0.012380352,0.0184,0.011902623,0.01,0.015581598663496744,0.04547699832937095,0.009708318704619934,0.006941593523099655,0.021608265713611945,0.7341581306637198,,0.0,0.018298300540511084,0.06946440076606118,0.21577387103243859,0.0,6.564239,0.4610859,6.1767225,0.019048577,0.02,0.69951737,0.018952967305224958,0.0935428590330056,0.010082971106359582,0.020788819792331888,0.023672562151132844,1.151983069538607,0.020629019836811403,0.14719437753494316,7.180933,0.8034634,13.712503,1.9497929,0.01874382,0.02,0.64768577,0.029859952973961438,1.435305748218455,0.012637137581118977,0.021173686690532118,0.025505872672554303,0.1653785159138354
0.010177423,0.015669027,0.020800000000000003,0.015220797,0.02,0.022735563746251228,0.12369120120876353,0.008612280701754389,0.03369824561403509,0.027476018168760538,1.3709613878396152,0.21865063653300568,0.0,0.024165318087927243,0.1878061658598293,0.22671460363110837,0.0,12.951014,0.7458258,12.37741,-0.007965245,0.012364814,0.016800000000000002,0.011975212,0.01,0.016530878797663035,0.04286359863217521,0.010026175245493733,0.0038654398252264957,0.022235582283803387,0.6759779120349547,,0.0,0.01912090667924631,0.06432543975784416,0.21654046990250936,0.0,6.2654266,0.46739188,5.8751273,0.01928258,0.0152,0.6883055,0.016853512425602457,0.09034234803184857,0.00806173934953008,0.02127783634093159,0.021493561458965905,1.2406092762235255,0.01837345317394975,0.1485068718110759,6.991178,0.6796426,13.452568,1.8709241,0.018875686,0.01,0.68726456,0.025348862267390828,1.404818878088769,0.00565557294936724,0.025659676785738467,0.017499788477717645,0.15435097642857942
0.010010778,0.016057571,0.024,0.015662596,0.02,0.022790181543462813,0.12294599848904558,0.010494598505833983,0.03298919701166792,0.027561121329639903,1.2893028033240996,0.21515315964182197,0.0,0.024448681062971402,0.18749736149637783,0.22578369635953638,0.0,13.154828,0.79811054,12.515764,-0.007236826,0.012332115,0.02,0.011794093,0.01,0.01681769981516677,0.04094159866349676,0.01112708007959568,0.005061663526210359,0.02276247882097573,0.5870874365005979,,0.0,0.019568976515804432,0.06219427823527794,0.21569347054371138,0.0,6.0623927,0.4903546,5.6389313,0.019562008,0.024,0.60788995,0.02252673853728211,0.08633834301978763,0.013376261029483704,0.014443158328958216,0.027247415139845587,1.224346250568768,0.02427009097507098,0.13359324226357935,7.1303306,1.0018152,13.4343605,2.1276486,0.019331114,0.02,0.6262569,0.029569018249237047,1.388460075561305,0.0122971597469013,0.017586099113234468,0.025194185445800557,0.14467194569852698
0.010032746,0.017477933,0.020800000000000003,0.017043015,0.02,0.02344586623389946,0.10207093203503177,0.011160512112817923,0.024602560564089656,0.027985253756400562,1.0431410150256022,0.22018198067003542,0.0,0.02499089141009713,0.15348778984969264,0.22706477825277535,0.0,12.650124,0.8724956,11.956251,-0.006335636,0.013054274,0.0152,0.012469869,0.01,0.015505466822038625,0.035058200539741693,0.010121313371457927,0.0037032834286448626,0.021408434087802606,0.5134647595009403,0.21032876817091342,0.0,0.018304616648171398,0.0523464635184932,0.21678469173626916,0.0,5.374327,0.45560053,4.9817085,0.02121442,0.0144,0.65591335,0.016762460983017036,0.07904854052094036,0.008527637308037584,0.017793525956751915,0.021328288695377933,0.938356950655708,0.01844999007416136,0.11938450954222031,6.651412,0.7401941,12.710763,2.0444338,0.020754207,0.01,0.64454615,0.026092143374104638,1.1098903853187323,0.007658100871974938,0.02083404963656808,0.01830398321683667,0.12335997746775924
0.009851457,0.017992066,0.024,0.017455077,0.02,0.024066646262324912,0.09963320070511206,0.012194655787794818,0.024843319734743553,0.02871595238814739,1.0215797619407372,0.21741662594283168,0.0,0.025560677004278432,0.1489016925106961,0.22622455594664734,0.0,12.674197,0.9592144,11.881138,-0.0055715027,0.012985863,0.0096,0.012540599,0.01,0.007656685204967379,0.04059919882253015,0.0018932258133607322,0.012319784960054833,0.013179279682500464,0.11595855935459953,,0.0,0.009958488491431399,0.058716976982862795,0.21598697305186634,0.0,5.0453672,0.22135593,4.856131,0.021583276,0.0144,0.63887256,0.014160214759535212,0.0793805022824171,0.006162386769486875,0.019927346621613655,0.01881275233795909,0.9534025278570059,0.015707703400879427,0.11112966634036736,6.5914764,0.6594703,12.638599,1.9537992,0.020934582,0.01,0.6422986,0.021437421902577254,1.1189065273306575,0.004388878757621058,0.023368788935675653,0.016169955728981975,0.11741547556571524
0.009605151,0.018349322,0.020800000000000003,0.01796766,0.02,0.02169674281397274,0.09415439939561825,0.01050771996978092,0.02603087987912364,0.026523160468955483,0.9959593085424885,0.22000261133613755,0.0,0.023243511219509308,0.1310783706099505,0.22650735188264928,0.0,12.46029,0.8748139,11.733133,-0.0049365414,0.013162575,0.0096,0.0127034,0.01,0.008601279635546416,0.0387031992883777,0.003027093533808829,0.011027093533808817,0.014059057612555399,0.11053151805211274,,0.0,0.01090077288748921,0.05260463732493531,0.21627572969318512,0.0,4.79885,0.24025361,4.591757,0.022157736,0.0136,0.60392094,0.014229857705365794,0.07332241326561831,0.007266243785573942,0.017012409154054275,0.018862103293655806,0.8829617436221772,0.015777503100264902,0.10477849389162978,6.4906993,0.66611826,12.427729,2.0094829,0.021629617,0.01,0.6277374,0.023539797414237642,1.0580182543069563,0.005602972603010698,0.01953084167026344,0.01683539354618958,0.10848941882234679
0.009575861,0.020153787,0.0144,0.019452592,0.01,0.015617333221410764,0.08875333277372058,0.010516499958029045,0.02244399988807745,0.019972533579562926,0.8766626678978148,0.21046236868871657,0.0,0.01700398388950998,0.11992987874325484,0.21672053250459364,0.0,12.088612,0.6711941,11.525216,-0.0042626206,0.014459863,0.0096,0.013532237,0.01,0.009513600633982287,0.030616320413287264,0.0029751465813742926,0.009035264031253565,0.013855268953443738,0.0812934413284707,0.21005176384325483,0.0,0.01133294280109767,0.04076559296996337,0.21634999961374637,0.0,4.2241864,0.27751127,3.9820757,0.02427543,0.0144,0.591306,0.015411531344890272,0.06361594323576356,0.008775561150794055,0.012705349715009492,0.019670129845466542,0.7126466343600064,0.016778901415466726,0.0914893737460134,6.195441,0.80449295,11.700918,2.2209382,0.023696512,0.01,0.6078019,0.0237983724113122,0.8563187597143768,0.006936715583264146,0.014289069665895271,0.01706443667955405,0.09100204368637815
0.009409437,0.020874953,0.0144,0.0199563,0.01,0.015577333445255864,0.08421500041970957,0.010210400067153524,0.014350666778589214,0.019790572124090113,0.7526936019474524,0.21045880114491164,0.0,0.01700978596785485,0.11197339431866542,0.21670798716822653,0.0,11.663904,0.6956033,11.082089,-0.0037185668,0.014727484,0.008799999999999999,0.013609693,0.01,0.008560959969157601,0.029800799974298013,0.002192191556590069,0.009680136587694257,0.012831080223014761,0.07372432126244813,0.21005402104301643,0.0,0.01033661327120667,0.040876505324518274,0.2163347999416088,0.0,3.8155663,0.24529846,3.599197,0.024867512,0.0152,0.58269036,0.016182053400282073,0.060017780776337286,0.009530474483506305,0.010148092361460402,0.020254083203597974,0.627118890882125,0.017567943744885905,0.08344587300817018,5.9193945,0.874498,11.085275,2.2914686,0.024155281,0.01,0.59852576,0.0236790702966033,0.7714424756905638,0.0069558669873479315,0.013485999194282582,0.017027835708200597,0.08612038135498817
0.009361064,0.02059048,0.06,0.020057926,0.049999999999999996,0.02463964996222612,0.07711719969780913,0.01914114664652061,0.012711719969780912,0.028756773645970315,0.8246054814068664,0.2309288276667694,0.0,0.026132155718608645,0.10732509003026056,0.23802112631035602,0.0,11.759317,1.1871116,10.881716,-0.0033164397,0.014325356,0.0448,0.012799408,0.04,0.008301760343635306,0.03193919997429809,0.0014354409496883818,0.010470881757048453,0.012450152732280367,0.07883792009851082,0.22110455268767518,0.0,0.009745960621753966,0.04203788157217838,0.2275934599774396,0.0,3.9243293,0.24854118,3.7622266,0.02460037,0.052000000000000005,0.5872116,0.016397046042901545,0.05968678498241498,0.010225780704354202,0.011352335299184942,0.02048204536361627,0.6573789131711135,0.017888355810396026,0.08737018763223764,5.9818716,0.93259406,11.314903,2.2854435,0.023664942,0.049999999999999996,0.5593884,0.027570355380522858,0.8249993351253043,0.011128789155701141,0.012284870234313752,0.02110919732626165,0.08741245991939782
0.00950219,0.020671252,0.0144,0.01979254,0.02,0.015029199847039173,0.08446279862335263,0.009501706930803901,0.022926280198102913,0.01935329193797893,0.829515362377235,0.2203360943641201,0.0,0.016501309009407942,0.11341832613171109,0.22656817989627842,0.0,11.795266,0.6614683,11.227876,-0.00280694,0.013931811,0.0096,0.01323609,0.01,0.008811999604832272,0.03120999967203218,0.0028029995763196895,0.009802999977912398,0.013434222198176212,0.07401799995549008,,0.0,0.010926571362272897,0.04075942707556562,0.21618412627033212,0.0,3.7203674,0.25342792,3.4956496,0.024421496,0.0144,0.56153864,0.014879555338708496,0.06181049205579743,0.008710007327150788,0.013456420241690453,0.01910153818404765,0.6454799524479591,0.01634206352326096,0.08529371184440598,5.982501,0.7815272,11.282593,2.202859,0.02379572,0.01,0.5898522,0.022757761183738196,0.7699941634281654,0.005928683569246402,0.014365773672980272,0.016710710447786638,0.08787388707455998
0.009491539,0.01946147,0.0248,0.018880099,0.02,0.02410492325772102,0.08294100058759339,0.013005466745012472,0.02168656009401494,0.028678229353287545,0.9271650703153418,0.21780509759779412,0.0,0.02553109359621021,0.11276807225024424,0.2261190791513163,0.0,12.307848,1.0670855,11.390749,-0.0023519385,0.012897043,0.010400000000000001,0.012437867,0.01,0.008322598950034808,0.03257807913307342,0.002312259453251045,0.011224518730321919,0.013110339775474267,0.08164135959350745,,0.0,0.010160732412011838,0.042646590747223524,0.21584084004654458,0.0,3.8251894,0.23759137,3.6190238,0.022877635,0.0184,0.58061093,0.01753300241647639,0.0639718030190547,0.01126309740133279,0.012210315563190723,0.021998255719370537,0.7542812206364207,0.018979250114770047,0.0894751963461661,6.1945915,0.90720344,11.603988,2.2157097,0.0222322,0.01,0.59372556,0.019855037108133047,0.9646770478812943,0.004126513023994392,0.01938433372120644,0.01584089181373514,0.09893495898930521
0.0094469385,0.019284172,0.0224,0.018578539,0.02,0.024337485819812675,0.08436240073868882,0.012584159825400822,0.017104958952404933,0.029194967636577304,0.8939446440023503,0.22034250692812982,0.0,0.025935436597002582,0.11637402773754416,0.22694089600806056,0.0,12.281107,1.0378883,11.430133,-0.0019987442,0.012543847,0.008,0.0118434895,0.01,0.007741333664127114,0.03207200089956949,0.002530880035982773,0.010775733363318982,0.013436199924149059,0.08356319976118588,0.21023344278204156,0.0,0.010345137983556787,0.045353121311568705,0.21666092593591865,0.0,3.8438575,0.21478286,3.6720147,0.022477908,0.0136,0.5491265,0.015396999112814957,0.0691800985566701,0.007972873841031788,0.013880509128310622,0.020061638824173316,0.84793495783679,0.016985861889684383,0.09692878638739519,6.2409096,0.7331313,11.88967,2.0764463,0.021905402,0.01,0.5712277,0.025579165275072244,0.9968569441940718,0.007201658410945697,0.017383977971233436,0.017779203239998792,0.09864155122837041
0.009357514,0.018375061,0.0224,0.017966771,0.02,0.023404290805308165,0.09256179971459749,0.011883146590559317,0.0243123599429195,0.02807041372170456,1.0684224823302275,0.21918180808470236,0.0,0.02508864885764292,0.13113810818159605,0.22652554902943348,0.0,12.463397,0.94213384,11.684093,-0.0016499562,0.011615292,0.0096,0.011225688,0.01,0.009133759664332592,0.03713375966433261,0.0034681953384850203,0.011737920066825162,0.014531977067019943,0.08777461301470033,,0.0,0.011242770219159,0.04781887428520448,0.2163614140718803,0.0,3.8684397,0.23043755,3.678276,0.02127155,0.016,0.5776399,0.016831769860313487,0.07316884723965261,0.009709915289536275,0.01784617423148809,0.021490791990914748,0.9159388868314736,0.018524595000486897,0.10154119462786436,6.276806,0.77407485,11.913625,2.054099,0.020720748,0.01,0.5725305,0.024169151654538437,1.1192126534265525,0.005658522677851749,0.021715709069542947,0.017034375718527315,0.10862641889640899
0.009303593,0.017985187,0.024,0.017621277,0.02,0.023204160161168465,0.09602080080584235,0.012294719829877704,0.02704207974481659,0.02799345263416176,1.0703574421220514,0.21601041065692198,0.0,0.02470580154462136,0.13649385479762927,0.22593079737166827,0.0,12.619945,0.93717027,11.846855,-0.0012877176,0.011253053,0.0136,0.011021147,0.01,0.01048383980929143,0.03720639979438412,0.004752768051198291,0.00898794662554349,0.016534911990850106,0.08302485313906935,,0.0,0.013307682803979514,0.04549536601572326,0.2157145249579379,0.0,3.8603234,0.28616762,3.606153,0.020684665,0.016,0.56856453,0.015061878044844025,0.07797935722215484,0.005659462552755213,0.020767430947568936,0.019804890956021927,0.8703221376604791,0.016592633685180772,0.10982560880433193,6.3564973,0.68532693,12.1470785,1.9245014,0.020179512,0.02,0.5090125,0.02986830101438322,1.157496175409416,0.01331997449794578,0.017090433281612066,0.025630472109234147,0.10975448516844806
0.009294273,0.018660199,0.0584,0.01801226,0.06,0.024339599876885224,0.09069173284087412,0.012485013234841517,0.022327519852262227,0.029224613671339467,1.0433476820280365,0.2408713052067462,0.0,0.02598655216302186,0.12301735739028147,0.24871626527865687,0.0,12.356553,1.0386235,11.649146,-0.000953076,0.011614133,0.0448,0.01082565,0.04,0.00861620028272182,0.03323240056544368,0.0033161378265808704,0.010603241254816603,0.014552773519217408,0.08125832038613198,0.22114223973866526,0.0,0.01202515676095245,0.04585156781158026,0.2281512468778871,0.0,3.7210634,0.2512815,3.5526993,0.021392735,0.0496,0.5419408,0.015479502211806995,0.07594730142311015,0.006769760162425609,0.020000256919135415,0.02021654223761707,0.8550061229195102,0.01715965123910637,0.104678050710283,6.252648,0.75100535,12.043989,1.9975083,0.020860802,0.049999999999999996,0.5295697,0.028258104875714663,1.079072961640103,0.011116493417180707,0.017113362435958627,0.02309051818048424,0.10363318519915829
0.009351078,0.020045724,0.0232,0.01947323,0.02,0.02407645717163723,0.08053520020146059,0.017227040040292105,0.01975136002686141,0.028345132880047006,0.8788867274406111,0.2200987021266523,0.0,0.025440515127065463,0.11088360588945816,0.2265380080705038,0.0,12.118237,1.0792878,11.202246,-0.00057529943,0.012859705,0.0096,0.01202484,0.01,0.008290399505236792,0.030152319803122947,0.0025858132663178364,0.009890773629762898,0.013841813280403358,0.07032544006072088,,0.0,0.010810469591000628,0.04004187840604768,0.2161997003330661,0.0,3.4210916,0.22217801,3.2218833,0.023197826,0.016,0.5461022,0.016694228281819868,0.06353743823699981,0.009941475704128925,0.012734080814748453,0.020977743817363125,0.7495899154030183,0.01808167106077494,0.0898768353425096,6.0662417,0.8383723,11.414927,2.1982903,0.022592954,0.01,0.56124246,0.023373922497007624,0.8893148207861511,0.005694175880767603,0.017746862681483525,0.01679164814250356,0.09355419669608571
0.009379926,0.022457743,0.0152,0.02152134,0.01,0.015828184078156393,0.07008319650801646,0.011214867688175173,0.013048319986569292,0.019566975975824744,0.5454348798791236,0.21045311497882674,0.0,0.017147565310857954,0.09158052248686355,0.21654486596196504,0.0,10.5205765,0.795898,9.8342495,-0.00020007399,0.014687596,0.0096,0.013050334,0.01,0.008952457205931887,0.021422399518088418,0.0020533438497206133,0.0034666879992803455,0.012861612314762261,0.05280031998950504,,0.0,0.010553472363839227,0.029351852690187794,0.21621126349036168,0.0,2.5159588,0.25125173,2.2833562,0.025582725,0.0152,0.49944606,0.01579057648182411,0.051701387086195184,0.01055173612142239,0.010184494787099287,0.019341205855627912,0.428582634824818,0.016946839671559927,0.07116456245083266,5.220229,0.91075516,9.638153,2.3267162,0.025169011,0.01,0.5451051,0.021833442994379552,0.516985830983013,0.006946266651107748,0.010787221514648783,0.01665816627537069,0.07134896008566176
0.009216165,0.024174783,0.0496,0.02313187,0.04,0.015064266301052977,0.06418919835473852,0.010756258106841141,0.013277117786632042,0.018805874686716833,0.42376074853801177,0.22133844247565257,0.0,0.016363953263078476,0.08449786757872227,0.22855752680029467,0.0,10.360814,0.8670193,9.708879,5.1776988e-05,0.016175047,0.0448,0.014273409,0.04,0.00907480053371728,0.019932800197048028,0.0021899206451198553,0.002793279903617684,0.012759679948167742,0.04461856005702625,0.22026657730127386,0.0,0.010412966415862774,0.024235658236248854,0.22757379644680667,0.0,2.2606292,0.30605966,2.0155034,0.027832696,0.044,0.6150344,0.009319966841471433,0.0493962552391876,0.004216719090147307,0.012155920499872394,0.012839216201902854,0.1927685763105394,0.01052673158130492,0.06612214230946016,4.883292,0.6052896,9.351788,2.1347268,0.027181126,0.04,0.5528586,0.01796102931706159,0.4283623231486789,0.0019312300474081212,0.014063222298109709,0.01238117400645436,0.06940907780688572
0.00932312,0.025732055,0.0048,0.024666948,0.01,0.006474818625511126,0.06932373037857802,0.002125302922377705,0.02055904015221467,0.010026734613829058,0.2761960538347463,0.2108530417034348,0.0,0.007664257895838364,0.08896171930558902,0.21689149131830815,0.0,9.806513,0.30722445,9.560873,0.00038294014,0.017235326,0.008799999999999999,0.014220535,0.01,0.00924266636681018,0.018751999400287007,0.001854578198527679,0.0027818672977915093,0.012601223488946744,0.04204415997378401,0.21058327213570577,0.0,0.01056905121365203,0.022591679587231493,0.21662132375099283,0.0,1.8292819,0.28772232,1.5697782,0.029791856,0.008,0.5979584,0.009509932956390002,0.04671251887412062,0.0043605973241492395,0.010830138597287887,0.012947475493612774,0.14476189413645738,0.010615930681300234,0.06066496517490356,4.567379,0.56537104,8.643274,2.261696,0.028472478,0.01,0.52296203,0.024334004736839887,0.17505540658154814,0.010506088043386796,0.007585856691047917,0.017503588260329862,0.05958487841092446
0.009371272,0.025351057,0.0152,0.024059616,0.01,0.016449879627297923,0.05873253084865273,0.012189959987688508,0.004679519852262234,0.020032229916897498,0.21430522622345338,0.2107695123170803,0.0,0.017708255351441358,0.07868714908148605,0.21678329536520335,0.0,9.388569,0.9171282,8.563112,0.00057681435,0.01634573,0.008,0.01387824,0.01,0.008055314312727569,0.019696800102807943,0.0012434035537350154,0.004019359056737133,0.011658080038030857,0.043165653281786606,0.21047231832486754,0.0,0.009606215674391705,0.023610877428625394,0.21652635378654778,0.0,1.7638843,0.23654883,1.5463557,0.028932275,0.0064,0.5107342,0.00759943236838808,0.05046390906017035,0.0026727848215189623,0.012922907453675673,0.011032811082874287,0.15172433293481738,0.008763588950122449,0.06708512466418362,4.526336,0.42609233,8.688925,2.1149166,0.02777536,0.01,0.52320635,0.0236274731214872,0.1629106775281391,0.010299464965468274,0.007662457189691093,0.017255305114579258,0.05946799136733054
0.009425415,0.023965534,0.0144,0.022975873,0.01,0.014844577259203287,0.06224047813313188,0.010370951625112958,0.013060058423570888,0.018513195332829673,0.23416216032905232,0.21051058164429204,0.0,0.016061672924617236,0.08168669169846893,0.21650333418841414,0.0,9.035754,0.78348976,8.318361,0.00082820153,0.015514577,0.010400000000000001,0.013394946,0.01,0.00935999944924315,0.018179999036175544,0.002700443091125044,0.0021839983722075867,0.01316133330600269,0.04068399976908384,0.21003136212809534,0.0,0.011004441630791553,0.02223109057668104,0.2162105511949024,0.0,1.6235807,0.29790765,1.3445965,0.027220491,0.0072,0.5109698,0.007578864869450717,0.05191429530698829,0.0026145561681397795,0.013635435688533032,0.011070231498360228,0.15194808731628848,0.008702342917012539,0.06939647495907082,4.3377957,0.41444683,8.306449,2.006905,0.0265954,0.01,0.5278261,0.02091446028752486,0.18234392542934474,0.007636064195558063,0.008317902588471328,0.016606360019960176,0.061555009312762
0.009342425,0.022384297,0.0136,0.021399071,0.01,0.016276564306911358,0.06077539830437336,0.011717538487366754,0.011905758271276276,0.02002893032821289,0.25663144262570303,0.2109024327048872,0.0,0.017576642247183645,0.0812262759549386,0.21717426231531514,0.0,8.549136,0.7647124,7.8818913,0.0009794048,0.013855977,0.008,0.011722432,0.01,0.009799771321305025,0.020174799830929298,0.0026599465345871977,0.003179840647690032,0.01332371199459617,0.042812373324980196,0.21097487549339441,0.0,0.011048361682031329,0.024214350019749094,0.21705206284709114,0.0,1.4417658,0.24043006,1.2302666,0.025398308,0.0136,0.49212617,0.016244332585778558,0.04411728405300061,0.011055684699186531,0.006962223698561513,0.01980695916519426,0.15432199400260954,0.017429874681938965,0.061597502733153335,4.1079235,0.8733657,7.4435873,2.2934198,0.024399504,0.01,0.5011533,0.02590042317728937,0.3036730469193237,0.010816283048840206,0.009021235333777302,0.01841129770168159,0.06315315480086654
0.0093779275,0.020795513,0.0128,0.01994343,0.01,0.015298114664652075,0.06472453510170961,0.010713531388279308,0.012948679929488793,0.019183499392820158,0.33835874848205044,0.21084289581539223,0.0,0.016587336046545127,0.08518471279126716,0.2171340570717249,0.0,8.283526,0.6613442,7.707926,0.0010777335,0.013061928,0.008,0.01105825,0.01,0.009243199921823179,0.020619732940664638,0.002726479785308311,0.002652958619803378,0.013225546623174112,0.04510655930733149,0.21090239512945133,0.0,0.010951743612248356,0.025765694060585053,0.21697845730031842,0.0,1.5106418,0.22499055,1.3174633,0.023733824,0.0128,0.5028818,0.015231440227642362,0.04906196021325618,0.009786972912518059,0.008483695712555691,0.01893190556153086,0.17733645307010557,0.016499187634697866,0.06495916769908708,3.99303,0.75842845,7.3203278,2.1052275,0.022804061,0.01,0.50627697,0.02580855914397276,0.3383301569506727,0.010659653215492781,0.009705945495986516,0.01825314393206014,0.0656949083595895
0.009422974,0.01842055,0.0128,0.017972317,0.01,0.014831630862212569,0.07121120120876352,0.010120559724670512,0.01584111944934105,0.01897126021992781,0.3539800545062816,0.2106753522921787,0.0,0.016396647594284514,0.09225325648888212,0.2169763123934009,0.0,7.703152,0.5848619,7.195674,0.0011241147,0.011508151,0.008,0.010214109,0.01,0.008324800006425494,0.02176640000856733,0.0023879680010280933,0.005313280001713464,0.013332320040139256,0.050864640004979755,0.21059096851174408,0.0,0.010744487300692255,0.028589363074492204,0.21681751328652427,0.0,1.4271555,0.18746805,1.2587911,0.021242978,0.0128,0.52137345,0.014734465780661368,0.0527005691782959,0.009141413380859876,0.012145161076911902,0.018820311218745927,0.22622430113624764,0.016195360691287713,0.07029821088252099,3.6952527,0.6665969,6.8013344,1.8923604,0.020672016,0.01,0.5168031,0.025363955304637854,0.3636360875064932,0.010158575323488819,0.010965577137793392,0.017914652838097424,0.06962924871316341
0.0094573675,0.017609518,0.0152,0.01687282,0.02,0.01485286119236257,0.07102906516690449,0.008765813481071109,0.02154872022160664,0.019116087635356327,0.34536924099722993,0.2200713035430494,0.0,0.01624210243667858,0.09477262526703081,0.2262904729906733,0.0,7.573454,0.57027906,7.050665,0.0011041708,0.011180235,0.010400000000000001,0.010187673,0.01,0.007789332098213435,0.022083997935813438,0.0020162281232179342,0.0023522667009359803,0.013177799923132534,0.05111119940805174,,0.0,0.010394178344386818,0.02985308261858905,0.21595118765846993,0.0,1.4473313,0.19713017,1.2641249,0.020203939,0.0152,0.51236326,0.01473601290208585,0.052357645362648884,0.008490925423077215,0.012379650898948689,0.018902116862221784,0.3175490828298316,0.016176059792503247,0.07092280389300579,3.6552358,0.6559913,6.704631,1.7961857,0.01967953,0.01,0.5441355,0.01989607799138625,0.3787498787559304,0.0046894160914397525,0.013214988486680177,0.016035952738104556,0.07323755549544814
0.009473123,0.017149968,0.0144,0.016502028,0.01,0.01522303970452449,0.07316607940904894,0.009673215881809801,0.02145535980301631,0.019327817342399068,0.42084736069839673,0.21036227171919336,0.0,0.016535533422564593,0.09432284443317018,0.2166040289095153,0.0,7.446417,0.5671047,6.9431543,0.0010197567,0.010916788,0.008799999999999999,0.00974334,0.01,0.008019732699351016,0.022459198098053072,0.0015219743408511478,0.004965922356220054,0.012954062284422571,0.052693279948194456,0.21005685961846834,0.0,0.010230044205712876,0.030902577189364667,0.21636869330652397,0.0,1.4913937,0.17466676,1.3355522,0.019674249,0.0144,0.51214325,0.01516705185133892,0.05209239941496745,0.008740105439017862,0.011483410258509031,0.01908408876164003,0.21259069042724646,0.016500460524494973,0.07324884760749965,3.610933,0.65142065,6.6365714,1.7683138,0.019163758,0.01,0.5333551,0.023282710547255975,0.3921024115339427,0.006591083603945478,0.012640290538666927,0.016875516855852056,0.07365894037248694
0.009379482,0.017243609,0.048,0.01670218,0.049999999999999996,0.014935999845030344,0.07314199949634853,0.009477866532359621,0.021308399899269703,0.01927804478767357,0.3829170671815104,0.23127775431885958,0.0,0.016555037953900776,0.09619534007542091,0.2393921626384433,0.0,7.576449,0.5949147,7.1026993,0.00078692206,0.010801762,0.0432,0.0100132795,0.04,0.008687466149057946,0.021715600185937614,0.002664640556998074,0.0029262397995245145,0.013484039994917294,0.04957446394134812,0.22035562425889602,0.0,0.011021731836765048,0.02983622000536742,0.22838354322881382,0.0,1.60039,0.21072738,1.4153283,0.01975638,0.048,0.50986147,0.01484486395677568,0.053110037781364736,0.009007471385089776,0.011698262662807525,0.019012298765072044,0.32723348749313685,0.016452962356984152,0.0729765491794959,3.6969488,0.68196976,6.8317924,1.7704043,0.019011462,0.04,0.5547102,0.01855351151398139,0.42513009238362043,0.0026528092934995583,0.01716671716517131,0.014172766463717252,0.07723415525919053
0.009377263,0.016247293,0.016,0.015665924,0.01,0.016815999633707997,0.07045866532359607,0.011273599117410731,0.014115193821875255,0.02114880043955036,0.3918368048350542,0.21030363523202328,0.0,0.018223108147177206,0.09542709555190666,0.2165711893866431,0.0,7.2518144,0.5872018,6.719928,0.00041981332,0.009893383,0.010400000000000001,0.009332168,0.01,0.01013220057186918,0.022842933502894815,0.003906439980964523,0.007906439980964505,0.014381315549897545,0.05075796007711594,0.21003624563572404,0.0,0.012193379092871555,0.03038675808866843,0.21629005999452217,0.0,1.540906,0.20812815,1.348887,0.018689526,0.0152,0.5288463,0.015881720965082287,0.05323647146034099,0.010189978600799532,0.010790341448238308,0.020076708487929862,0.3335726707738351,0.01735472505462581,0.07120774852408294,3.5192938,0.6417901,6.452757,1.7067062,0.018234871,0.01,0.5372507,0.02311518066904469,0.4220258352295598,0.006237118190210609,0.012696248158217656,0.016831154259569773,0.07518954328029173
0.00945293,0.016282573,0.016800000000000002,0.015528125,0.02,0.016307371299061058,0.07495159909342734,0.005340639637370896,0.013228127927474187,0.020726576345169133,0.3813552544838971,0.2196229404090914,0.0,0.017801363735328684,0.09950750076704148,0.22622439730415142,0.0,7.269677,0.58436495,6.7366805,-0.00028703906,0.010600235,0.0096,0.009862771,0.01,0.007741800522673429,0.0236557336845938,0.0011426886482544432,0.0052567197841033204,0.012524191981590957,0.05927365331497606,,0.0,0.009478719763268646,0.03255743952653729,0.21590877682637638,0.0,1.7686384,0.17820102,1.6137245,0.018843587,0.016,0.53903764,0.015413547808557816,0.05270667138625482,0.008485477939146268,0.01109553669664031,0.019750684492630306,0.3638551005475132,0.016824328215792092,0.07504774774605265,3.5733597,0.6480251,6.555161,1.6993569,0.018350637,0.01,0.56742465,0.019837162528390094,0.41621582547179525,0.004374224198502148,0.013804320533234226,0.015912198985427253,0.07712483572270058
0.009491096,0.017021047,0.0128,0.01660832,0.01,0.01598046615741905,0.07314139847225719,0.010697013069743525,0.02013655670276169,0.020006453454209667,0.3564290405439436,0.2107530016640216,0.0,0.017465075964151536,0.09518090877843079,0.21732304937698993,0.0,7.348893,0.54634756,6.874256,-0.0012828475,0.011596044,0.0072,0.010042267,0.01,0.009067066475062075,0.022401199961447023,0.002533413330763142,0.0036001199961447007,0.013600719942799742,0.05653477301789533,0.21096286391947167,0.0,0.010737267814250025,0.03075453588551973,0.21717710785634325,0.0,1.7313013,0.1841044,1.572213,0.019905524,0.0128,0.5450688,0.015867671002551834,0.05156838758493702,0.010137942102308216,0.01084411641743044,0.01985577686788465,0.25655544103763095,0.017249311095585244,0.07172352559615824,3.5908084,0.6427099,6.6151195,1.8221022,0.019408332,0.01,0.5438337,0.026442553011302865,0.3852500468955168,0.01052687661491241,0.010423752000520103,0.01890439862538308,0.07217802802950941
0.009632667,0.017323269,0.008799999999999999,0.016475623,0.01,0.014773476938573912,0.07441380005036514,0.009281840456980398,0.014297012899073838,0.018834946808808307,0.30550484042642495,0.21120428233322772,0.0,0.0160507664325331,0.09271947677724035,0.21872702182739084,0.0,7.0835037,0.44269675,6.7530994,-0.0024038858,0.011789454,0.0032,0.011014884,0.0,0.00809565722750317,0.025044933332173176,0.0015048466601188012,0.008311306731778363,0.01245065998080886,0.05900264017489389,0.20048793213662008,0.0,0.009837834679045863,0.03330809090843312,0.2078737088730907,0.0,1.7306056,0.13294944,1.6492064,0.020508712,0.008799999999999999,0.5648321,0.014620092460881915,0.051889961391879874,0.00883878085148931,0.008610548937421868,0.018634092571839074,0.19753745995248523,0.01589289484584674,0.06870623953454671,3.4548159,0.53211856,6.5028124,1.7860764,0.019414589,0.0,0.6032854,0.01800988801294167,0.37928398994443957,0.0021480916110767365,0.01737946407356098,0.013071268814223061,0.07738515672099928
0.009586955,0.019255105,0.0144,0.018385269,0.01,0.015881332997565684,0.06950999748174262,0.011235500041970953,0.012894666778589215,0.01985040020146057,0.35503900075547723,0.21064150915228655,0.0,0.01718522596323064,0.09028180689743015,0.2168095065117173,0.0,8.084039,0.65295416,7.5002275,-0.0036037732,0.013916969,0.008799999999999999,0.012094179,0.01,0.009121760586005258,0.022804401465013172,0.0025456146092315522,0.0029339206237015123,0.013068427168003747,0.05947194825874243,0.210468634671954,0.0,0.01058683780904321,0.030173675456933856,0.21655964033346886,0.0,2.2273524,0.2392969,2.0079684,0.022659661,0.0144,0.55528057,0.01579093018636754,0.04957570488823312,0.010498255475012456,0.008036848018261971,0.019585688784710963,0.2638839612371704,0.017061855333213225,0.0688581399127486,4.021826,0.7757517,7.33813,2.0424566,0.02200653,0.01,0.58185226,0.02418757218046295,0.36302997007314247,0.010027422828951912,0.010100248018354784,0.01737097575380112,0.06994439183492139
0.009738067,0.020546323,0.0112,0.019627668,0.01,0.01555167990150817,0.06811879963065559,0.01124611552272495,0.012469173284087408,0.01930272031200561,0.3263338410140183,0.2111659106622403,0.0,0.016988377828531746,0.09162445588545638,0.21793636306173203,0.0,8.189329,0.63610244,7.6738625,-0.0047528716,0.015529882,0.0064,0.013595778,0.0,0.009057599946454276,0.021253256747624003,0.002739319539934468,0.0029857593865792805,0.013287931466393321,0.053415520489782965,0.20077268161032633,0.0,0.011029903229410411,0.030088155787761323,0.20731823342691005,0.0,2.4206452,0.24693093,2.2205095,0.024489878,0.0112,0.5754048,0.015446158808771588,0.04785898571259889,0.0106024389740709,0.006708248677733623,0.019017265606995626,0.187092317617615,0.016751397557567542,0.0642865495632374,4.093936,0.76395607,7.553871,2.1840272,0.023607345,0.0,0.61372054,0.0172583107214696,0.35038791570942335,0.0016331805787270072,0.0167447932618213,0.010499997225937677,0.07335703157821653
0.0095960535,0.021354027,0.0152,0.02050638,0.01,0.015251957746292191,0.06849359858977587,0.01097974394359103,0.012898719717955172,0.018928056566973283,0.32379232054618207,0.21039889919146354,0.0,0.0165108650172971,0.08951012673585508,0.21641350164986475,0.0,8.857459,0.7318196,8.193766,-0.0059738616,0.016287059,0.0096,0.014900254,0.01,0.00851695945511792,0.022830799545931587,0.0019273913769838598,0.0042092388010851025,0.012094386601913084,0.060566319870927976,,0.0,0.009919261023630405,0.03135778290876994,0.21603484225694838,0.0,2.891996,0.28087273,2.6362023,0.025708716,0.016,0.5905863,0.015922614887792043,0.04641422610258715,0.010948437909019369,0.006919041478602791,0.019394954662635428,0.2164875234791521,0.01707410546925535,0.06509269152200137,4.4837675,0.93624145,8.105627,2.3088272,0.025348159,0.01,0.6283664,0.019885419911641552,0.3250356431989761,0.00599255680046781,0.009338129106410721,0.016273353634098486,0.06637976016933658
0.009792432,0.020713855,0.0152,0.019741947,0.01,0.0158377331952955,0.06907919751531941,0.01168507631846037,0.011467919751531937,0.019544468731637697,0.32854085408097594,0.21059960765125219,0.0,0.017156250674027977,0.09120625606625193,0.21659229551611542,0.0,8.49832,0.7379796,7.8421702,-0.006957147,0.016574621,0.010400000000000001,0.014779663,0.01,0.009747100347076867,0.02135536079162115,0.002870596500246302,0.0030588421255541994,0.013408445695056753,0.06065911904525252,,0.0,0.011220375973632919,0.03125705268362139,0.2161807290232757,0.0,3.0139785,0.32464734,2.715978,0.025211189,0.0152,0.6065604,0.01569445623368565,0.045336658173550294,0.010534792980939392,0.006157034007748603,0.019175353505280462,0.20218912797775257,0.016890679463837613,0.06590819740372009,4.350219,0.8971554,7.8887453,2.245304,0.024661364,0.01,0.6426318,0.021293352144610367,0.32834662234597484,0.007546296122140887,0.008654264588418163,0.01664219680738377,0.066697945035852
0.010125055,0.020492181,0.0136,0.019648975,0.01,0.01591749979014521,0.06573999832116176,0.012078400044769023,0.012235200134307058,0.01948200050365149,0.2589946686812726,0.2109226652069883,0.0,0.0171001184056704,0.09155053282551685,0.21706758944922241,0.0,8.088366,0.693961,7.4710493,-0.0078059253,0.016611727,0.008,0.014552392,0.01,0.009326198355072939,0.022243541917184532,0.002632619514232465,0.003776826018976632,0.012734510116594856,0.06277431621812107,0.21073568725176378,0.0,0.010603362683964541,0.032223538406414856,0.2167935771198153,0.0,3.0204694,0.28101107,2.772561,0.02532516,0.0064,0.68548,0.00855259030972975,0.05173177678766736,0.003486676458545435,0.013767198855423607,0.011905766207407442,0.21963895491583504,0.009659206344092218,0.06775194047166025,4.08671,0.40160897,7.8362,1.9022043,0.024451058,0.01,0.6374698,0.025179373774726274,0.2893183948451077,0.01067110803626278,0.007695189400889506,0.017962896365021734,0.06550116106438555
0.010205604,0.021077324,0.004,0.020092098,0.01,0.006249349450180489,0.07359653040096253,0.0024613774996932987,0.004798953748006375,0.009562785528414315,0.31007625632502306,0.21095642364498218,0.0,0.007514953847866127,0.09922305642053023,0.21707243244616856,0.0,8.516516,0.21632485,8.340551,-0.008609251,0.017646959,0.008799999999999999,0.015272231,0.01,0.009953713477937618,0.021295198869112637,0.003288654208992193,0.0026437990747285238,0.013385119558311726,0.06266279882386723,0.21075878312331653,0.0,0.011214721431248381,0.03125397862065769,0.21679440147931894,0.0,3.2723203,0.33354646,2.9803495,0.02607973,0.0072,0.73119813,0.00925840009545068,0.049354779764601106,0.004281640560028472,0.011895101197310146,0.012467594631455222,0.19376980812311875,0.010470839264215692,0.06760926283177222,4.2623057,0.45973444,8.128081,1.9912554,0.02523754,0.01,0.64994097,0.025137401316756538,0.3261935166950829,0.01073200891796354,0.007463937680892763,0.017882189411278306,0.06484580185230866
0.0104510235,0.021386648,0.0136,0.020183964,0.01,0.0166476201584293,0.06278639757287957,0.012812996104107742,0.004073644589943761,0.019980411059546805,0.2558628774168275,0.21108588840348577,0.0,0.01774244014830547,0.08875968079096246,0.2173458757812869,0.0,8.517843,0.75061977,7.8727884,-0.009238415,0.018276123,0.0064,0.015363371,0.01,0.007824639850928497,0.022774399751547474,0.0014761596414572978,0.0038010307924064915,0.011725567854869542,0.06238058612535466,0.2110934520075026,0.0,0.00951583444991893,0.031926462511921036,0.2170744358016984,0.0,3.322762,0.25978008,3.1110308,0.026969966,0.0064,0.7445586,0.009143368986377982,0.04830274042721824,0.003984393379913217,0.011015827186819928,0.012456535057027622,0.17586828297339882,0.010232507441840245,0.06605582772766633,4.2577863,0.46156222,8.147394,2.0139186,0.025365835,0.01,0.6506099,0.02609713408538063,0.3201476743097801,0.011219008841961014,0.00725630269115881,0.01856830694007918,0.06471443095683978
0.010298357,0.021539314,0.04,0.020558527,0.04,0.005903449173172157,0.07762759338537731,0.00221191041108641,0.014146202904390162,0.00950417679050306,0.3327264530065195,0.2213105683626321,0.0,0.0071859303398967315,0.100629147573058,0.22887198395389333,0.0,9.002025,0.3102243,8.826726,-0.010019711,0.018941466,0.0448,0.017202163,0.04,0.009367700636124118,0.02195693370369131,0.0027853694564575564,0.0028268324442067005,0.013067907107495466,0.0684074426524449,0.2203169053076683,0.0,0.010893836040856059,0.03156150833513608,0.2277727254076938,0.0,3.750981,0.37880847,3.445096,0.027456172,0.044,0.7555057,0.00963718695991629,0.04838727779815659,0.0044360603757953865,0.010243888123649755,0.01310855153523953,0.21894186503654092,0.010818506171026273,0.06542990976676712,4.562342,0.6119516,8.668066,2.0882416,0.026806109,0.04,0.696746,0.018047717054190286,0.3299967625396405,0.0020458517312230387,0.011927934940332667,0.012805049354995646,0.06858058932069303
0.010631869,0.02198244,0.004,0.0205623,0.01,0.007003299336858891,0.07442639469487115,0.0028955047495787764,0.003081318640731466,0.010372751912354533,0.32946375959036345,0.2111305222948882,0.0,0.00817866518865667,0.09859463858447653,0.21737539049270435,0.0,8.799765,0.26387614,8.610044,-0.010383573,0.019421281,0.0072,0.016230242,0.0,0.00885425505970593,0.022332268842768104,0.0022363053395874884,0.0034798717470924624,0.01249958907826881,0.06854856197391249,0.20109588432126968,0.0,0.010330777879025982,0.03197502801798158,0.20708125829160973,0.0,3.7446046,0.30994523,3.484869,0.028053664,0.0056,0.7197865,0.008296249830017676,0.048992620244599154,0.003365612980839751,0.011636499249231906,0.011639880104063423,0.19799206870806252,0.00945774308013829,0.06825365496126956,4.5427427,0.41961956,8.758175,2.0513408,0.026144328,0.01,0.6656884,0.02613198239900939,0.32945278256151356,0.011333422921620767,0.007105137965770519,0.01861577852768114,0.06500216480451705
0.01057129,0.022486813,0.0384,0.0213507,0.04,0.006311412854304853,0.07397423856291448,0.0025133899590888175,0.014053558408635905,0.009840453584785972,0.327042721508716,0.22140829011219215,0.0,0.007472902597508982,0.10124676948131757,0.23063049414420572,0.0,9.279619,0.3311896,9.075919,-0.01083324,0.020102855,0.041600000000000005,0.018562993,0.04,0.008122545719530444,0.023149600976675445,0.0017527997723538647,0.004467400937315515,0.011751650093834722,0.07094213318162043,,0.0,0.009660599644483226,0.03331814865987558,0.2286990279569364,0.0,4.1250453,0.34680313,3.849308,0.028959908,0.0408,0.7290133,0.008363680256151109,0.04982982927983563,0.0032963605471019947,0.011505269854720345,0.011812566599730599,0.2118454946709486,0.009445390895908713,0.06799341964600336,4.8344355,0.55268806,9.264133,2.1311245,0.028291998,0.04,0.715668,0.018749125755629308,0.3416912777630911,0.003114712517906994,0.009076413451052449,0.014700867678538216,0.06524184603477803
0.0107346065,0.023211084,0.0056,0.021276142,0.01,0.006160132814758845,0.07296079688855313,0.0021280393295288833,0.0037841202048182645,0.009771416032905246,0.3337141603290523,0.21076097479519584,0.0,0.007449736132615862,0.0987315742174391,0.21663629867067752,0.0,9.250549,0.28652936,9.012455,-0.010977488,0.020363055,0.010400000000000001,0.018030073,0.01,0.010027290129643188,0.021561402043307844,0.003244913119396779,0.0024898263830880917,0.013320123067037731,0.06854736395702955,0.21016330045516649,0.0,0.011242494012466705,0.03184147738389597,0.21622406645691683,0.0,4.187201,0.40040436,3.8091924,0.029245468,0.008799999999999999,0.7592133,0.009211389815890425,0.04695543845175084,0.0039892023621410765,0.010477581642482055,0.012536291483206423,0.21717367589890976,0.010302474611322578,0.0639898048351924,4.7962036,0.5573181,9.089677,2.1769924,0.02788831,0.01,0.703001,0.020682377278710293,0.33168788451207043,0.009277490265477936,0.007635328974879391,0.016682579607883455,0.06435047369052306
0.01081804,0.022905754,0.0056,0.021370227,0.01,0.00680907949299085,0.073781589859817,0.0030795899165432274,0.0033032637848945325,0.01027234396037943,0.34464687920758835,0.2108722142227002,0.0,0.008147528684801137,0.09933434833707377,0.2168076944239485,0.0,9.467565,0.3136841,9.210165,-0.010941774,0.02032734,0.0096,0.017957252,0.01,0.009710200401727116,0.022130601967402717,0.0030024491421962464,0.003032070203137476,0.013101129277874043,0.07151016320760778,0.21035270179555876,0.0,0.011188586875852025,0.031170325858881562,0.21639961818783646,0.0,4.322401,0.39017776,3.9719896,0.028921328,0.008799999999999999,0.77377474,0.009844568553019007,0.04759373984962986,0.0046597386849924535,0.010471518848415531,0.013028100416784354,0.2422093207647415,0.010982133484621681,0.06618230970791228,4.896303,0.59437954,9.272753,2.2127109,0.02791325,0.01,0.69883156,0.022933257877557907,0.34421450694375055,0.010224417156676466,0.007257403264080582,0.01710496819029579,0.06509676703474318
0.010728836,0.022440216,0.0056,0.021104397,0.01,0.006782540872304617,0.07736773160972607,0.0028129024800008662,0.004445157055317722,0.010275040429075717,0.2974893954503484,0.21083265623385922,0.0,0.007914057450090831,0.09957028725045408,0.21677552335662326,0.0,9.5168295,0.3109885,9.271633,-0.010804022,0.02018959,0.008799999999999999,0.01771746,0.01,0.00872472029056048,0.022447201696331038,0.0018756337016511224,0.004047062797608803,0.012197664740268191,0.07114124248770626,0.21029357541734772,0.0,0.010091714376044138,0.033350286747356926,0.21638307186936107,0.0,4.2767177,0.32625178,3.9752383,0.02873224,0.008799999999999999,0.7791582,0.00970802243056105,0.04610121181437198,0.0042579209522554265,0.01077823487731269,0.012988380178394892,0.26069073780059754,0.010768904358360169,0.06516308787261879,4.8882213,0.57587814,9.273781,2.1770303,0.027555471,0.01,0.6983755,0.02262775890409195,0.3996666516489457,0.0101122439075872,0.007553286510342684,0.016995424930969134,0.06540473541185089
0.01062743,0.020544548,0.0032,0.019563762,0.01,0.006051105811249227,0.0809562662637455,0.0021517199697809247,0.02216275195164946,0.009637417467112754,0.4573238445395786,0.21107818750449509,0.0,0.007252551310459557,0.10762041048367639,0.21731024727107512,0.0,9.433504,0.2065118,9.294819,-0.0105503155,0.018312536,0.0072,0.01583113,0.01,0.008957200284970532,0.024790668037439227,0.002292709823317,0.003966877443688734,0.012522115105513603,0.07850961145982675,0.21091866908297052,0.0,0.010241540227092947,0.03835488250450891,0.21697893164667284,0.0,4.3316793,0.28783497,4.0914235,0.026408406,0.0056,0.7185709,0.008225096593034869,0.05176864865172877,0.0029771393600610736,0.012879192700790333,0.011588531641433428,0.36793702962075,0.009269657670323613,0.07285971677561107,4.9763155,0.39122802,9.648797,1.9643579,0.025166754,0.01,0.68032974,0.02591913287240331,0.49150958477362366,0.011043489671145252,0.008003455786487595,0.01843699542295305,0.06959273045323573
0.010602356,0.01923824,0.0112,0.01850598,0.01,0.014750707759461239,0.07979184017459917,0.010963537647947623,0.014667959707882145,0.018670546909538597,0.6920465629144632,0.21104872894004595,0.0,0.016116977441546217,0.11224337592850415,0.21760387323154745,0.0,10.177856,0.5754178,9.715202,-0.010249764,0.016968403,0.0072,0.014779201,0.01,0.009671938802146497,0.02893520529460901,0.003063379811090408,0.0039023461629077525,0.01347755802419356,0.08872112306817041,0.2111311325232794,0.0,0.011066956883536885,0.04060043487889667,0.2172656322583326,0.0,4.9095907,0.29323718,4.673045,0.024536407,0.0112,0.6696015,0.014482790789247703,0.05519237830041602,0.009500496541339224,0.009580749617223381,0.01826194548938379,0.5479820260425058,0.015833086694447,0.07938777401534074,5.5136976,0.73436064,10.42225,2.1761487,0.02368324,0.01,0.67389745,0.026748657871820427,0.692032317910095,0.011215342942021422,0.0093694451363026,0.019261293497751096,0.07969219889710898
0.010515372,0.018770482,0.0144,0.017900648,0.01,0.015005199601875486,0.0894363972131285,0.010066912045664412,0.014378186742774,0.01900100382317255,0.840505521027449,0.21042113291845777,0.0,0.01634717068968148,0.12078491034496792,0.21655527205461617,0.0,11.205906,0.61172205,10.69399,-0.009963358,0.015986275,0.0096,0.015040095,0.01,0.009021029478078162,0.03194720212039677,0.0027829443183442887,0.009809813741422653,0.013242269622807135,0.13575498896956453,,0.0,0.01055630553633855,0.04962984050882806,0.21618584578742048,0.0,5.496893,0.2926244,5.242259,0.023991982,0.0144,0.6723425,0.014749694136315111,0.060695893088469836,0.008489926120922156,0.010698519979395098,0.018612905878147193,0.7063880206572335,0.01607424674233048,0.08760735803303525,6.0953417,0.7748026,11.523983,2.1335254,0.023380281,0.01,0.6987762,0.021695087390256447,0.8426100203517597,0.006078920630431313,0.01230566151341174,0.016544025614836217,0.08909166626277085
0.010527576,0.01864733,0.016,0.017968325,0.02,0.015487771102397118,0.08832575908671199,0.010369152085956512,0.0223228802148913,0.01949020487422704,0.8678039479560145,0.22001121804613868,0.0,0.016962088078258605,0.12371868185042757,0.2262397511150456,0.0,11.50114,0.65092695,10.951502,-0.009567028,0.015937805,0.010400000000000001,0.015144683,0.01,0.008436000420869685,0.03272666795176594,0.002359201696331047,0.0098980042408276,0.012843384646133837,0.11348199973294058,,0.0,0.01038466315344922,0.047169326286367844,0.21579018195849622,0.0,5.564723,0.28533837,5.3179746,0.023765564,0.017599999999999998,0.683607,0.016764136153350456,0.060640128189383434,0.010820955935906797,0.010098450111789004,0.0206198106589904,0.753518471193997,0.018222182110571656,0.08665203470461358,6.2157364,0.9154261,11.637472,2.2269757,0.023296436,0.01,0.70769733,0.019643215581041602,0.8591479942585177,0.004314583372860952,0.014313404122086395,0.01577743973871158,0.0928618809896531
0.010465446,0.016934285,0.0224,0.016423922,0.02,0.024360913767672764,0.09581759758247294,0.01363007902531449,0.02370527658860069,0.02892167100366546,1.071031679677663,0.22031788672444327,0.0,0.02587854538826391,0.14759515090451913,0.226901877944368,0.0,12.256475,0.9067114,11.521553,-0.009181135,0.0136966575,0.008,0.013320969,0.01,0.008412200411231788,0.043778400362122404,0.002762439675754058,0.011962440403521173,0.013521120536757962,0.5508619607583284,0.2101567842887883,0.0,0.010266734525775293,0.06133387620456719,0.2165970580177091,0.0,6.002797,0.23748788,5.8186626,0.02143676,0.0144,0.69311064,0.016021257170246783,0.07495092394720301,0.008725780515399129,0.013994333459040428,0.020612248162736296,0.9431917336030112,0.01765106456951139,0.11251132946697355,6.631915,0.7351708,12.671406,2.013054,0.020954514,0.01,0.68892634,0.025275693101603734,1.1390080278533206,0.00704414070424761,0.017629148053407317,0.017649402185871493,0.11787898987120879
0.010228681,0.015950616,0.0264,0.015418064,0.03,0.02434515496609679,0.11596879823162372,0.012450212261115302,0.029433757855563947,0.02923894031730042,1.1862371741794677,0.22498397261535114,0.0,0.02615742149656394,0.17037548761898688,0.235591262036963,0.0,12.84173,0.87160945,12.136319,-0.008893803,0.01294551,0.02,0.012384295,0.01,0.015971520914990697,0.04333152080935487,0.01043288176909623,0.00573152734048705,0.021642631631084035,0.6030612284336057,,0.0,0.018539775325432536,0.0595429965381217,0.21545981355686236,0.0,6.418955,0.497424,5.9852886,0.01969565,0.0264,0.6268919,0.024239382901752378,0.08313397625013617,0.01574987247064391,0.014101443382595247,0.028737762046761192,1.129584146592108,0.02580713594932158,0.13498763960045812,7.082745,1.1127743,13.235735,2.190693,0.019395933,0.02,0.6594392,0.029137886103747446,1.3451906520166612,0.012325463197790114,0.01837733389761504,0.024727516904888915,0.14403968761272856
0.0102255745,0.01539898,0.0224,0.0149329975,0.02,0.024511759926131117,0.12374351985226224,0.012387939981532781,0.030751759926131123,0.029691460673214123,1.342331685385713,0.2184363017397887,0.0,0.026218763433676896,0.19992921057991994,0.2268217308645826,0.0,13.1421795,0.7947748,12.538841,-0.008359255,0.012179056,0.0136,0.01177554,0.01,0.013544799541954445,0.051806798175159034,0.007602725695559956,0.008601362847779988,0.019653059038470384,0.7788244734305725,0.21012050796671344,0.0,0.01638306299878277,0.07227882923771656,0.21666275577260183,0.0,6.548238,0.3737424,6.2425847,0.018868398,0.0224,0.6161221,0.024274272574392262,0.09241951920582407,0.015286786330457882,0.015768300389476814,0.029314089461629916,1.3198971579473966,0.026113910450312822,0.1519925224409056,7.2548637,1.014975,13.7068205,2.104085,0.018471802,0.01,0.69123244,0.025756700198444664,1.4798288931763295,0.006180759505662508,0.027307966900376433,0.017935825623733165,0.18165178396069
0.010020098,0.01604825,0.0328,0.015493508,0.02,0.03263230000839422,0.10692920003357675,0.019857226671143598,0.0195716800134307,0.03739501153056631,1.2633451268362292,0.216252114170206,0.0,0.03411899773423338,0.17014939413452207,0.22606019693943216,0.0,12.953123,1.166857,12.00873,-0.007827956,0.012807293,0.016800000000000002,0.012106934,0.01,0.014245198547837798,0.042193598063783755,0.007687230739574625,0.00560903842446829,0.020512543056815002,0.6605627151710838,,0.0,0.01661103509629679,0.06075172471920422,0.2158974279925275,0.0,6.167562,0.4288006,5.8074102,0.019846221,0.016800000000000002,0.70145065,0.01605225162069246,0.08448218491606113,0.005485491511469263,0.01890679863826476,0.02110148601660476,1.143780418770274,0.017897421689557495,0.1374512517943727,6.9375353,0.6975306,13.315844,1.8750175,0.019138265,0.02,0.6273999,0.03105717465269471,1.3289757946562841,0.013485591692852452,0.01804943054586909,0.025934533400224637,0.14623502057927043
0.0100562675,0.015790185,0.0248,0.015350828,0.03,0.023125332736413064,0.1217279946277176,0.011077118710652213,0.03249279677663057,0.02827840040292117,1.3526540804835054,0.22517091394413963,0.0,0.0248700649015213,0.1861235718420258,0.23575627375360234,0.0,13.340443,0.810776,12.70382,-0.0071115964,0.012090933,0.017599999999999998,0.011603929,0.01,0.013636533132715612,0.045654799735752,0.008285479411345387,0.0070854788381142855,0.019982467823790147,0.6871590921047436,,0.0,0.01652183146728862,0.06436549328475906,0.21556308596969967,0.0,6.0848894,0.40200755,5.741667,0.019363392,0.017599999999999998,0.6743916,0.015577250120716871,0.09118495369625079,0.005949398160442251,0.02040678162143381,0.020677443723014173,1.2480871494712238,0.01744483342196463,0.14981475298481028,7.109793,0.67389756,13.682895,1.8296102,0.01890012,0.02,0.6236739,0.029494734807853005,1.432207460702112,0.012351045038785103,0.019675047196167132,0.025015572415925787,0.15695456657919332
0.009985704,0.016970232,0.024,0.016468745,0.03,0.024543854459986414,0.1133911995299253,0.011318239905985046,0.030859119952992526,0.029429847729371298,1.2108427750076949,0.22714461776273615,0.0,0.026294930456836934,0.17431643485612305,0.23635419130538,0.0,13.365295,0.9069534,12.649013,-0.0062505263,0.012389397,0.0112,0.012208508,0.01,0.009877028532613394,0.04757973347612195,0.004429567388088117,0.010049278927373345,0.015561508303656093,0.6284326396414577,,0.0,0.012548423100392664,0.06456653060425689,0.2161869360230842,0.0,5.727405,0.2726241,5.4994407,0.020389449,0.0152,0.6530828,0.0155506659696106,0.08719131940273647,0.007291796082961173,0.022651792830859156,0.0204266264427029,1.0845116118788758,0.01734817272784694,0.1306579657370714,7.047549,0.67692137,13.559381,1.9230717,0.019836394,0.01,0.66296965,0.02365189064902367,1.308808197391739,0.004607221377652095,0.026376781106093285,0.016640938885511075,0.13926793005069948
0.009834814,0.017232072,0.0232,0.016708396,0.02,0.023577199697809102,0.1082631981868547,0.011146467764545651,0.027812640308906237,0.028765505112062464,1.1895425085201041,0.2175877790623964,0.0,0.025214274830073057,0.1598356866404949,0.22634882480208438,0.0,13.095692,0.8810626,12.380297,-0.0055267448,0.012593243,0.016800000000000002,0.0121804485,0.01,0.015006057059522435,0.04034746681837957,0.009172120204490602,0.004344242015348841,0.02107453980805349,0.5318981593581739,,0.0,0.018065208624581237,0.05324055591705103,0.2161194673403033,0.0,5.336294,0.44249505,4.951561,0.020809488,0.016800000000000002,0.6499773,0.017046747456263164,0.08053536675734208,0.007259029287544127,0.018060017511955274,0.021718352005936185,1.051052823385468,0.018631157367675996,0.12467996860839102,6.827402,0.75898033,13.0308695,2.005252,0.020107454,0.01,0.65073055,0.023199204549918306,1.2486143409884694,0.0045554629515535084,0.024955646007491464,0.016521632052155014,0.13272833636699038
0.009551895,0.017625937,0.0264,0.017088948,0.02,0.0257042186152637,0.09931546825596688,0.013977319902627369,0.02390927961050951,0.030797941240661476,1.2119945099750973,0.21650364662867663,0.0,0.02741061367540933,0.15808449400309743,0.2260448511646055,0.0,13.304386,0.99436355,12.476046,-0.004891088,0.012537355,0.016800000000000002,0.0121848555,0.01,0.014683199468825615,0.036824799203238445,0.008449982908179663,0.005464273817309788,0.019921325877086657,0.5138492812185942,,0.0,0.01683474051379753,0.05307792438941144,0.21581856346089862,0.0,5.2053843,0.42292613,4.835492,0.021043995,0.016,0.6245702,0.015133313331493174,0.08099975314451778,0.0060366067551167355,0.021840191957636933,0.01993913813112922,1.103809609239205,0.016802236129775702,0.1211989987638592,6.918277,0.68082124,13.266877,1.95835,0.020346971,0.02,0.57374024,0.0302044083013687,1.2999008567908001,0.013749441251453191,0.017165814699144046,0.025837821434111844,0.12250511840200136
0.00964354,0.018643778,0.0224,0.018097911,0.02,0.022401454179162554,0.09120799798539411,0.011328639838831532,0.023160799798539407,0.026926254496615593,1.037294399731386,0.21900482462943419,0.0,0.024148102207678723,0.13377722587054547,0.22632438359857293,0.0,12.629705,0.9358456,11.843304,-0.00423456,0.012924408,0.0096,0.012678585,0.01,0.008276959875216972,0.038946200122084426,0.0021146201728458438,0.011829240345691704,0.013065264228246314,0.10132632127650389,,0.0,0.010351770635950788,0.05069148485512817,0.21597738018838994,0.0,4.6106596,0.23170872,4.4163218,0.022346068,0.016800000000000002,0.6103887,0.016681386185220342,0.06929632321907844,0.009407853150054825,0.01379020661523456,0.020956424116324708,0.8954359887161827,0.018257171753050444,0.0974303623947829,6.495933,0.82242054,12.293445,2.1239765,0.021763945,0.01,0.6218626,0.021198447714861644,1.0267278901229127,0.004652789104485677,0.01946443781033183,0.016213971258260285,0.10519366585599658
0.00958518,0.019256879,0.0256,0.018679949,0.02,0.025252200117518667,0.0866088004700747,0.014542639469487131,0.019647546489829037,0.029696752388147386,0.944483761940737,0.21804637328733714,0.0,0.026690131596693163,0.12308585476965045,0.22617482105146194,0.0,12.294533,1.1000745,11.346588,-0.0036870274,0.013304503,0.0112,0.0127989445,0.01,0.008849333321731727,0.03156533337616997,0.0032541716158287727,0.009993067103600418,0.014334755839110131,0.09650640082527427,,0.0,0.011424845828256865,0.048423614260244184,0.2158444996300559,0.0,4.292367,0.25924435,4.0539665,0.02268597,0.0144,0.6016687,0.013892452925627094,0.07062490810414523,0.007034900373620076,0.015855032943182697,0.01820741209387006,0.8091850197376018,0.015317645503697712,0.10241299982364176,6.282539,0.68076885,11.974991,2.038317,0.02225758,0.01,0.61265016,0.019916851781115883,0.9759577649994846,0.004240563414669651,0.019502321183593147,0.015917166176213016,0.10245458992458385
0.0095001925,0.019785661,0.0152,0.018986832,0.02,0.016508300176278,0.08831093427348274,0.005253312112817912,0.02193328028204482,0.02105707512801141,0.8390663505973865,0.22038877159444376,0.0,0.01827273279541728,0.11674546559083453,0.22676393646033194,0.0,12.007512,0.69355845,11.431689,-0.0031861076,0.01338335,0.0096,0.012743287,0.01,0.009553599600334427,0.03148399890766562,0.0036067201696330813,0.009825955448146736,0.014117066254185785,0.07995119902212026,0.2100336964499513,0.0,0.01172249357441019,0.041983741689374764,0.21639022284226272,0.0,3.8816576,0.25835338,3.6546206,0.023504218,0.0152,0.5702021,0.01630780553982577,0.06353627512734163,0.009533606046981185,0.011915282448082213,0.020741887116190582,0.6935196521225903,0.017945596529927204,0.08995265920234258,6.101577,0.82118535,11.502739,2.195911,0.022800528,0.01,0.5930625,0.024375036808743786,0.9056093504951263,0.0067479575748889435,0.015698560369897478,0.017243786197982374,0.09375533445207096
0.009449824,0.01983603,0.0248,0.019010574,0.02,0.025051028048590388,0.08015719634013262,0.012787859984890473,0.01430287987912363,0.029594708493722328,0.9215814797280282,0.2196785905175762,0.0,0.02661922167502139,0.11860285937628519,0.22641704352950037,0.0,12.261911,1.1219621,11.314412,-0.002767052,0.013196202,0.0096,0.012509759,0.01,0.007987066555380715,0.03117413309344814,0.002329211672818701,0.010501491571890596,0.013371146584182408,0.0806467731111898,,0.0,0.01061375364828541,0.04397564318936038,0.2161347915902445,0.0,3.9163284,0.23155256,3.7145693,0.022916034,0.0152,0.57094884,0.015406419794529346,0.06879561193278869,0.008687490703004778,0.013749408107118211,0.01978350250463509,0.7830122532473509,0.01685723599669409,0.09482774616796691,6.2167683,0.77899694,11.777025,2.1254425,0.022387931,0.01,0.5929049,0.022469500320323875,0.956647965412347,0.00523007980826172,0.017830048410218957,0.016522064666274473,0.09815829527428303
0.009474232,0.019478777,0.0256,0.01869326,0.02,0.024540491899605468,0.08367546489829038,0.01294842676068165,0.013511320070511207,0.02904673250295409,0.9876037612692016,0.21707451567394134,0.0,0.026185539996674244,0.11492769916418198,0.22604155620415442,0.0,12.25104,1.0923082,11.315745,-0.0023621425,0.012675338,0.0112,0.012243992,0.01,0.008731400597571156,0.03253140059757116,0.0025241867463428208,0.010372560239028465,0.01387060801210564,0.08276869344981322,,0.0,0.010942189127248503,0.045893233358177694,0.21572634682470423,0.0,3.950883,0.24210343,3.7324266,0.022615304,0.016800000000000002,0.5703983,0.01565520587033575,0.06982336052104807,0.008250015393791364,0.013837672415716552,0.020013433799245743,0.7931431871099376,0.017300966075324366,0.09644404385589042,6.222439,0.797879,11.759953,2.10455,0.021895306,0.01,0.5934281,0.01969590844505241,0.9760447895154883,0.003872686342841973,0.020364752145161598,0.015648838171583888,0.10089641059238111
0.009346641,0.018718781,0.024,0.018430315,0.02,0.023142932930412145,0.09157727927474188,0.012174320154453107,0.024765760205937494,0.027897280617812475,0.9327585085201041,0.21666591632096302,0.0,0.02460850563947297,0.12291907895262183,0.22597669206648316,0.0,12.54095,0.9819814,11.70462,-0.0019982804,0.01242743,0.010400000000000001,0.011991445,0.01,0.0075450668251622575,0.034823466983657826,0.0015548161106211864,0.011124693396731564,0.01294583990335659,0.08838890644148888,,0.0,0.010099753610436073,0.046699261636471,0.2156677263275748,0.0,3.9718704,0.20544906,3.7872722,0.022062942,0.0184,0.58567315,0.017214934041544665,0.06967307685443523,0.010533688378746136,0.013776475174985278,0.02187063717944143,0.7995935131972236,0.018838005669397216,0.09744607552027583,6.323185,0.85041726,11.910901,2.1379583,0.021418363,0.01,0.5942259,0.019649813900034657,1.0813662667328585,0.0037090377284059173,0.02231522483808551,0.015549187681114773,0.10540840327857257
0.009427856,0.019857999,0.0232,0.019147927,0.02,0.0243661327961051,0.07989839838831529,0.012979680013430698,0.015706240017907602,0.028739040040292138,0.9482171201208763,0.2201652820769892,0.0,0.025931156650533648,0.11390385550177883,0.22665634004477617,0.0,12.147525,1.073761,11.243517,-0.0016093724,0.012850197,0.0096,0.012298259,0.01,0.009364399537364261,0.031482199485358416,0.002866536382078357,0.009933150934909723,0.01397397985156613,0.07114795971619414,,0.0,0.011364228971660395,0.040842287822921805,0.2163121530756826,0.0,3.6897552,0.2554371,3.4805753,0.023125239,0.016,0.58315986,0.016930913670025572,0.06428792977949047,0.009463680751173705,0.0116630603124382,0.02127255427479604,0.7415117721225537,0.018438841534033735,0.08987384657898202,6.0858407,0.85723966,11.453333,2.1942847,0.022474151,0.01,0.57903665,0.024185550619006263,0.9653132469454235,0.006067730245722131,0.017005416098351527,0.01705095568647934,0.094614760729213
0.009310916,0.019309247,0.024,0.018892081,0.02,0.024058228345984572,0.0856151968437841,0.012704607873751321,0.02246460787375136,0.028664811502440306,1.0159024536780548,0.2182646588547335,0.0,0.025528217660336895,0.11960259856592642,0.22629943982871925,0.0,12.471384,1.0426617,11.586902,-0.0012415681,0.012366439,0.010400000000000001,0.011874798,0.01,0.008864999452829352,0.032264999252032814,0.0029864001799138804,0.010310666966523161,0.013826857071553877,0.07559399963655822,,0.0,0.010988753779205171,0.04033252419127703,0.21604412365247366,0.0,3.5617433,0.23580301,3.3532586,0.022407304,0.016,0.54178894,0.01589354514561637,0.06969513361281504,0.008884689736948257,0.015874786652853447,0.020454206666645585,0.7997951924193512,0.017371526420647522,0.0950857730703817,6.2610044,0.77943504,11.857688,2.1116128,0.021835309,0.01,0.5749998,0.02179766286663124,1.0531623938385384,0.004721938828943096,0.02097082984666517,0.016304353000881802,0.09932928847512394
0.009331996,0.020397652,0.016,0.019758588,0.02,0.015995946612943863,0.08316959959707881,0.010553919919415785,0.023353919919415763,0.02033619732806437,0.7973852826324184,0.22005357779340415,0.0,0.017490098413910072,0.11096187989680519,0.22633102108063957,0.0,11.894342,0.711086,11.284792,-0.0008846634,0.013285022,0.010400000000000001,0.0124919005,0.01,0.008876266358242856,0.029409599946454267,0.002707306514644324,0.0091657581623228,0.01360918401883955,0.06842296004248856,,0.0,0.011084663293835091,0.04006773048803088,0.21600404531601144,0.0,3.3274012,0.24662474,3.1068575,0.023754064,0.017599999999999998,0.5471113,0.017426841703733317,0.06110886778510051,0.010549385647462986,0.011067295929741596,0.02159174087321858,0.6583826268163119,0.01887784063301906,0.08392441982956884,5.9445615,0.9245572,11.079254,2.2783208,0.023181526,0.01,0.5690988,0.020747032370786015,0.8351826078742676,0.004939163553931394,0.01645252270452886,0.01623367459564179,0.08894080288184941
0.009346863,0.022157962,0.016800000000000002,0.020977471,0.01,0.015682532807297367,0.07177139763283807,0.01062530105167225,0.014392369120568564,0.0197380061858732,0.503965680069392,0.2094045917153104,0.0,0.017042475129071453,0.09819821726900009,0.21611559289323554,0.0,11.009082,0.7788067,10.319649,-0.0005198737,0.014427627,0.012,0.013258816,0.01,0.009895066627667485,0.022190133650324486,0.002790816295058812,0.0023108162950587923,0.013798340079889431,0.05758672042665296,,0.0,0.011346865188215179,0.03088696431965363,0.21568851758576296,0.0,2.8704286,0.2933419,2.5979376,0.025533682,0.016800000000000002,0.5200518,0.015625628333292663,0.05465854748783656,0.009952999004474715,0.01033792987944136,0.019471629627927724,0.48713953023242423,0.01691255022785126,0.07340906395903712,5.489999,0.9011282,10.168863,2.3072386,0.02481633,0.01,0.5636532,0.019405074352490954,0.6154798908801337,0.00406151298581733,0.01354704674713415,0.015551481148810211,0.07719194443862647
0.009262543,0.023573663,0.0152,0.022748206,0.01,0.016275694659295778,0.062277917569042225,0.011872537178579296,0.012599700974925352,0.01988322503059462,0.4261937585270993,0.2106203346655333,0.0,0.017563155671706136,0.083061833768898,0.2166721877171667,0.0,9.906476,0.83763564,9.150916,-0.00020563975,0.015736744,0.0096,0.013695961,0.01,0.009469485317740781,0.019977279444837112,0.0023428784846557848,0.0031314541999386365,0.012811551928811967,0.0488577595320637,0.21019568076730244,0.0,0.010756238088707187,0.02394369874411083,0.21630968398771389,0.0,2.175983,0.2858003,1.9139283,0.027113078,0.008799999999999999,0.6087692,0.009734413877240968,0.04907421733451313,0.004623263309804315,0.01229816485816745,0.013167170471022156,0.25740457812460693,0.0108446500249152,0.06720973753013093,4.6855774,0.53824306,8.893402,2.1109784,0.026552971,0.01,0.5419385,0.022746568742026484,0.3936888886250191,0.009019368015063166,0.009117199971347871,0.016952514578912104,0.06516167939915725
0.00932889,0.025171543,0.0144,0.023942232,0.01,0.01703669291250453,0.05958346456252274,0.012772231120064908,0.010583360026861414,0.020607536036262898,0.29578357357508606,0.21099630154813065,0.0,0.01833954194846983,0.08033038091786682,0.21720732887182015,0.0,9.822933,0.91428465,9.025213,8.980973e-05,0.016484875,0.0072,0.013558209,0.01,0.008806108890178847,0.020433598920516608,0.0018573434931058272,0.0038433592495020243,0.012196746660125156,0.04396095876245188,0.2110718342290844,0.0,0.01017216839259454,0.024298770097725225,0.21704073218508538,0.0,2.0110974,0.25844088,1.7975109,0.028972158,0.0064,0.5907494,0.008899986559367107,0.048584553891542696,0.0037048568032258117,0.011792419967865944,0.012342280632575921,0.15336901792737298,0.010138136153668757,0.062345128228486084,4.639162,0.48552734,8.88807,2.1836102,0.027514644,0.01,0.51526266,0.02587950415018945,0.3344977072118608,0.011044814709357026,0.0081217877629431,0.018392599027438762,0.06134778861679675
0.009553671,0.02583435,0.0048,0.024551785,0.01,0.007182307369454201,0.06833999160580878,0.003291400050365155,0.020489714429614704,0.010820545561380596,0.26462600117518675,0.2109952554656995,0.0,0.008515973210693029,0.08825020151932098,0.2171346172906832,0.0,9.601591,0.33954695,9.3370905,0.00047338384,0.016797021,0.008,0.013582791,0.01,0.009371555449257402,0.019485999875506258,0.002265422074039452,0.0026486001166628015,0.012891600045982431,0.04196640012261977,0.21107140100807498,0.0,0.010750345841472563,0.022651037524417716,0.2169741098314087,0.0,1.715416,0.27882636,1.4663478,0.029393423,0.0072,0.59869546,0.009555945660532006,0.04616435538429539,0.004679774918245811,0.010965291554359654,0.012983314138209516,0.1383383844784071,0.010746516704095667,0.061415981831919465,4.449175,0.54431665,8.439188,2.2508476,0.028058551,0.01,0.5053199,0.02554517294812399,0.16652962090117962,0.011049737201226862,0.007876520655184998,0.018270076805243177,0.05983241656448931
0.00951018,0.02443551,0.0056,0.023512421,0.01,0.007568035835565433,0.06844839419121967,0.003347214353739855,0.02080645345420969,0.010973926522846206,0.24915484730966173,0.2108736379093207,0.0,0.008765310319753462,0.08928779287778113,0.21694296258302553,0.0,9.086788,0.35381523,8.799876,0.0007363663,0.015954271,0.008,0.01326415,0.01,0.008767361048640987,0.018718399408854332,0.0018207365213382218,0.0034345611458786508,0.012083280047563675,0.042609462923627016,0.21076400210223512,0.0,0.010025318959005063,0.023194945781083578,0.2167575361734377,0.0,1.5744164,0.25270998,1.3487711,0.028222056,0.0072,0.59088343,0.009000958749404299,0.04782263642681155,0.0038254958586574506,0.011461389672538815,0.012357545381690625,0.13905181467671798,0.01006365272132507,0.06297749357997019,4.211606,0.49811912,7.9994154,2.1267366,0.026995769,0.01,0.51362973,0.024755528803819756,0.17358781080780628,0.010650211338629489,0.008226598605707715,0.0177172700620482,0.06057893919548882
0.009385917,0.023117444,0.0112,0.022269797,0.01,0.014782985981700676,0.06295746495425167,0.01057453440004133,0.013167236800134305,0.018348723433297208,0.2103051597414589,0.2110787176595892,0.0,0.015988395683121052,0.08216791366242071,0.2175253802379998,0.0,8.674061,0.68720233,8.093135,0.0008775977,0.015001366,0.008,0.012594173,0.0,0.010649973387764385,0.0180299199304763,0.0035357027935961015,0.0017499831651995124,0.014114927897447524,0.04057463951495583,0.20084121315892312,0.0,0.011742397123091405,0.021541323132507798,0.20722043466014856,0.0,1.4632169,0.27821597,1.2243527,0.026468594,0.0056,0.58145183,0.009018422436644415,0.04930253362240024,0.0038609655691348057,0.012385173498677604,0.012555214615245131,0.13714547129403903,0.01023347046043582,0.06234976139403821,4.0261364,0.41776332,7.7267976,2.0175078,0.025222916,0.01,0.4887529,0.026765950857048467,0.24866754264673305,0.01144803783460766,0.008026555927071669,0.019399975325784947,0.06141108294082125
0.009361065,0.02203281,0.0136,0.021273922,0.01,0.016164649542516597,0.06265859817006632,0.011869554268446245,0.01293737597582473,0.019986369932007073,0.2885963837824226,0.21086228896736167,0.0,0.017521615143798998,0.08150605678924627,0.21717615003764043,0.0,8.438407,0.75552166,7.7787066,0.0010262501,0.013809131,0.008799999999999999,0.0115642715,0.01,0.010433600125049907,0.018909200799571903,0.0031896230188553547,0.0025454719760457873,0.014149582244941485,0.04247311986305668,0.21095039146554248,0.0,0.011637400297353589,0.02220813451356428,0.2170615670581054,0.0,1.4195025,0.26940724,1.1857402,0.025011621,0.0136,0.49302965,0.016044306604822485,0.0451126523969368,0.011108827541622712,0.007191772701529153,0.01980610374965904,0.1639507728347205,0.017386112833342352,0.06275081287296014,4.052632,0.8640661,7.342697,2.2699542,0.024213882,0.01,0.49790788,0.026003966258487877,0.2947553652935672,0.010718027711034993,0.008745134748414242,0.018368204604445566,0.06336103949334519
0.009249228,0.02048042,0.0152,0.019530702,0.01,0.01644904583874113,0.06221253196787822,0.011691880130949402,0.011753504104759505,0.020571040277304563,0.37250153694283555,0.21056960957449158,0.0,0.017984283009854427,0.08467426327239896,0.2167713656495243,0.0,8.279086,0.73144543,7.6295943,0.0010408602,0.01275094,0.008799999999999999,0.011141505,0.01,0.00879320023212058,0.02079320023212059,0.00213287976589836,0.003199456146860908,0.013197552016359304,0.04399183978844075,0.2103509843773328,0.0,0.01046823591269481,0.028502354236381495,0.21647866025634188,0.0,1.5511098,0.21669203,1.3546845,0.023308171,0.0152,0.49770656,0.01634344198820404,0.04774041384852341,0.010866249289030929,0.007679707276923905,0.02039488409402056,0.2255571561120376,0.017869485217480816,0.06641484217631587,4.007592,0.8374976,7.263912,2.1183887,0.022485139,0.01,0.51841646,0.024115083325577442,0.3615643384481116,0.008985882058691531,0.010541551941928417,0.017301211244993907,0.06723336789960441
0.009460918,0.01893735,0.0128,0.018058637,0.01,0.015221107387533994,0.06986859900948543,0.009610976110131788,0.013627440275329467,0.01931762954144824,0.35344696247796525,0.21066582338552534,0.0,0.016565378609203162,0.08957176684294813,0.21707576525956773,0.0,7.7791524,0.5840403,7.271453,0.001143827,0.011604392,0.008,0.010018148,0.01,0.009603466552197733,0.02160779974940564,0.002400891399932061,0.0030677068103477124,0.013407019881686893,0.05041871965690544,0.21070078150471674,0.0,0.010968181257339164,0.02930454389979923,0.21689675888285828,0.0,1.4161396,0.19372018,1.2459197,0.021515751,0.0128,0.4945927,0.015129625556653719,0.052119637210478936,0.008769511455100291,0.006297427412388855,0.019086841977301358,0.20288647581353395,0.016478269613514115,0.07039687751310686,3.7595596,0.66819906,6.930478,1.9055439,0.020651337,0.01,0.5064878,0.025775077002678014,0.37646806291577406,0.010192681502358454,0.010743885028378515,0.01816677334791258,0.07044720464134943
0.009404112,0.018106567,0.0136,0.017387621,0.01,0.015679927352090544,0.07023960043649795,0.010263960043649786,0.015663960043649797,0.019722507587416158,0.33278376138112425,0.21060108405318953,0.0,0.017029877436461355,0.09177621662381322,0.21696889689396087,0.0,7.7196856,0.58154285,7.209323,0.0011605241,0.011007928,0.008,0.009871584,0.01,0.008893399315082933,0.021493399515879495,0.002199120028272182,0.0044986800424082745,0.013144060010573184,0.04857624007248759,0.2104894486645533,0.0,0.010667531883964285,0.030001946203679297,0.21672933213756848,0.0,1.3243049,0.17147394,1.1628977,0.020723421,0.0136,0.5079884,0.015579309206317204,0.05102173339161029,0.009544866121988254,0.011243688761773757,0.01947478363105888,0.2783276477433064,0.016870921991383195,0.06792916211705831,3.6945245,0.66247076,6.794231,1.8616772,0.019994438,0.01,0.5163584,0.02537452055803996,0.3920869352004468,0.00964497396570394,0.011662811720939671,0.017810197985343307,0.07075110944061383
0.009368387,0.018364187,0.0144,0.017458849,0.01,0.01583709103118822,0.07050133355717843,0.009820799462771765,0.012620799462771753,0.020143127614599778,0.37652480125353255,0.2104809589641038,0.0,0.017362859775463903,0.09170287584133499,0.21675790784730217,0.0,7.7488623,0.6162612,7.2136474,0.0011006923,0.01141562,0.008799999999999999,0.0100612845,0.01,0.008089998534186588,0.02128999933737202,0.0021690000321274963,0.004112666688084988,0.013326285579096339,0.048694666319511616,0.21026174161043684,0.0,0.010623226635488073,0.028892905832041918,0.21656596096824635,0.0,1.387151,0.19744553,1.2141485,0.02092194,0.0144,0.4996551,0.01572465740980797,0.05152585267234607,0.008745621816847961,0.008702905486203463,0.01994787903781703,0.2600013588555909,0.01715801373953327,0.07049118517299327,3.733082,0.7078564,6.8434896,1.8706945,0.020150453,0.01,0.5228,0.02443653352799508,0.3979357650971413,0.007826650509142894,0.010941526672414686,0.017331520340284713,0.07068781223956849
0.009245678,0.017932156,0.0144,0.017377414,0.01,0.015505039536640654,0.07032519768320322,0.010418582894337624,0.018865040208175934,0.01951219455336909,0.3933853618735835,0.21040539841027486,0.0,0.016862246232560163,0.09533369043058397,0.21663625301105918,0.0,7.953785,0.60185397,7.4241176,0.00085487077,0.011313582,0.0096,0.010325657,0.01,0.008742665372644842,0.021245599462186383,0.0027756992546424043,0.004468531345713122,0.013807199972404805,0.04956259986431169,0.21001404448208977,0.0,0.011135200225686639,0.02987040045137324,0.2163523721896613,0.0,1.516092,0.20775154,1.3275515,0.020626765,0.0136,0.5276661,0.014473119196890684,0.05182463292657042,0.008423740048111677,0.011803181176784923,0.018531021358005637,0.30717592480674727,0.015862041571758165,0.07044846406045752,3.8176641,0.6495071,7.0595555,1.8219748,0.0202137,0.01,0.5361438,0.023406633918406285,0.39681976431143023,0.006747169858244178,0.011551604606955151,0.016915372338555626,0.07123000600562224
0.009398566,0.017779266,0.0144,0.01688724,0.01,0.014990836290377955,0.07164959959707883,0.009603306420585931,0.016409919247880465,0.019213735376350315,0.3710757119785109,0.21036923998672974,0.0,0.01653120327962124,0.0932394738833649,0.21657274849009264,0.0,7.637025,0.5739086,7.127329,0.0004193495,0.011285288,0.0096,0.010269536,0.01,0.008530402236072723,0.02195506709949466,0.002773260404022767,0.002693039902332454,0.013386080040195019,0.050558239870017625,,0.0,0.010602902070191522,0.03133913765220225,0.2162311920438434,0.0,1.6684549,0.20053276,1.4829291,0.020460527,0.0144,0.5177106,0.014835014296596182,0.0521668034205494,0.009208450846549386,0.00878739825072886,0.019020225192094904,0.21106134257131348,0.016446999058918756,0.07034913454367575,3.7309656,0.6615245,6.8663855,1.8155549,0.019764671,0.01,0.5463716,0.022654384903038505,0.4108505882180152,0.00636661436692819,0.012488910165364709,0.01672862487542737,0.071638197582983
0.009404335,0.017329704,0.0144,0.016730582,0.01,0.015206532919219898,0.07243919751531941,0.00937913580122554,0.021327954143732532,0.01940611177705027,0.38446111777050285,0.2103726389053087,0.0,0.016537519862998444,0.09898775932063404,0.21660258111318356,0.0,7.539612,0.57541215,7.0283613,-0.00033272474,0.011457595,0.008799999999999999,0.010344442,0.01,0.007840600060439783,0.023360685967240315,0.0017174931494929751,0.005050826304340551,0.01279308002673606,0.052372320113891806,0.2100054987903425,0.0,0.010436887808750225,0.031056292794593526,0.21634179632851408,0.0,1.7611014,0.18606915,1.592969,0.020088734,0.0136,0.5517434,0.0144035205959402,0.052477414281148174,0.008247851432906874,0.011623819917241377,0.01832062415674191,0.28847609960397796,0.015680025083719556,0.07247595658868859,3.6719728,0.62719405,6.780795,1.7736912,0.019670276,0.01,0.5537635,0.023162455931574115,0.3827196566369179,0.006506488985606182,0.012086893057114382,0.016836509161879006,0.07305583118552968
0.009404556,0.01821707,0.0136,0.017378299,0.01,0.01465212327838367,0.07207760261898766,0.008335519180726942,0.013711839726908981,0.018701968605724824,0.35661968605724836,0.2104094273095857,0.0,0.01611017883772761,0.09196646479311929,0.2166555437349481,0.0,7.7378793,0.55996346,7.2392774,-0.0013781611,0.012271125,0.010400000000000001,0.011139419,0.01,0.010226239436099332,0.0207827997666744,0.0033808905737968413,0.003666234016577781,0.014636014439465817,0.05404903965256162,0.21001073106203436,0.0,0.011889605309494436,0.030358421016308725,0.21633117634517607,0.0,1.8800693,0.24659488,1.6516409,0.02133844,0.0136,0.5477071,0.01452231067343032,0.051599853503025664,0.008022475735145872,0.007928697646769185,0.0183787578277253,0.283439915670991,0.01597879107696899,0.07117730320041453,3.7924995,0.656578,6.992199,1.8563354,0.020641994,0.01,0.5700194,0.02350165857401379,0.36574297611309714,0.006665367124633902,0.010509374946762294,0.016948190778770213,0.07128035374447021
0.009418759,0.01886856,0.016800000000000002,0.018038664,0.01,0.01637509275581297,0.0692043985561991,0.011500659951313674,0.01240263980525476,0.020324751649458586,0.386274586082431,0.21014259590228676,0.0,0.01768584025066766,0.09100088139439383,0.21625416398682437,0.0,8.271983,0.6979968,7.6382456,-0.0025242453,0.013069348,0.010400000000000001,0.012062872,0.01,0.008628265988420753,0.02276159967872561,0.002127119837274631,0.0036542401850542952,0.013044079830452393,0.053450879643171,,0.0,0.010314008372022591,0.03203961158813326,0.21586743579969164,0.0,2.1558065,0.2393612,1.9368863,0.022251239,0.016800000000000002,0.5586378,0.016203514812626964,0.050591765481736765,0.010654231408600208,0.008533158582458901,0.020062935147208055,0.28553959762042,0.017439346346882396,0.06790461293353195,4.0785522,0.8217602,7.4030046,2.0151443,0.021700375,0.01,0.5894249,0.01967718597495761,0.37839348430083924,0.0047370920614887525,0.011585272440973182,0.015914202982147428,0.07050813006660706
0.009450933,0.020722508,0.0152,0.019728411,0.01,0.0165364569318032,0.0651103970452447,0.011848868487006985,0.011157013234841489,0.02048524809311957,0.2814196803491984,0.21068068327571984,0.0,0.018002886436727067,0.08842597793054349,0.21681365976566355,0.0,8.603388,0.7373884,7.944797,-0.003721118,0.014845989,0.008799999999999999,0.013009286,0.01,0.009121360340743786,0.02161359956306625,0.002649191164593412,0.0029071197349486294,0.012823060369131964,0.053784483068817064,0.21046785816243124,0.0,0.010693292681854018,0.030648779866229617,0.21656723901446073,0.0,2.3286955,0.25616664,2.0942373,0.024335364,0.0152,0.5518829,0.01647334399011543,0.047028841502591893,0.011239186468245453,0.005453246319868674,0.02023932104276887,0.25352138825282095,0.017913055418074603,0.06466384192126493,4.2735167,0.87870103,7.7516775,2.2174644,0.02363158,0.01,0.5829681,0.02410771077019433,0.31914514245147485,0.010096009277768445,0.009316200065499899,0.017331347234351143,0.06677442753653215
0.00958629,0.021141892,0.0136,0.01992146,0.01,0.015777788179991196,0.06354079968661686,0.011374605604921408,0.011293830940988835,0.019514308546485837,0.3375000799127004,0.210855968310511,0.0,0.017150793482556447,0.08849087230086494,0.21705377792642586,0.0,8.459375,0.6957513,7.846718,-0.0049108,0.015571857,0.008,0.01344759,0.01,0.008823519868020413,0.02151470001495934,0.0023239194404471165,0.004114505343871148,0.01300833461325942,0.05669168053668905,0.21071148526054412,0.0,0.010639384581634976,0.030062399938546064,0.21681193601508336,0.0,2.60304,0.26129612,2.3783221,0.025014054,0.0136,0.56385595,0.015735094508819884,0.04637658563294848,0.010660320733660956,0.0055314941793867655,0.019266316787421918,0.22374968939027723,0.01698922585533528,0.06376465838547794,4.2705307,0.8383796,7.7958083,2.2205288,0.024035437,0.01,0.5937705,0.025307130766401186,0.33926052349924724,0.010554804754633836,0.008192870689178983,0.0179678689386099,0.06582022137308212
0.009743171,0.021095961,0.0128,0.02002198,0.01,0.01571834274681919,0.06800811406506696,0.011521135969109355,0.012270453230364584,0.01936681626234645,0.30890224393519683,0.2110085453983291,0.0,0.017144954309724427,0.08867082637695277,0.21731121960755614,0.0,8.475908,0.68040365,7.883222,-0.006035781,0.016348977,0.008,0.013774809,0.01,0.00949076422517278,0.021899601619225086,0.0028879681167382387,0.002819921408305339,0.013526426789478319,0.059172374132307574,0.2110658176915318,0.0,0.011075098297097703,0.030025294589703762,0.21708159500138313,0.0,2.7244434,0.2953922,2.4714332,0.025412489,0.012,0.606918,0.014741966547513903,0.04615365155065308,0.009863738377985282,0.007102365739795377,0.018267778389711702,0.1719959125670182,0.016105842682580078,0.06495464139239426,4.258024,0.78148293,7.830901,2.2207255,0.024302777,0.01,0.6026162,0.02612749206497618,0.30859083897090983,0.01107513004352441,0.00844629889289816,0.018586672202218112,0.06569491682792661
0.009949535,0.020112958,0.0152,0.01920318,0.01,0.01672751985226223,0.06625639889196676,0.012544728839642949,0.011767519852262232,0.02048820284842891,0.33577434757547775,0.2107672341099936,0.0,0.01803947170956703,0.0924736605148045,0.2168440678191475,0.0,8.209631,0.7415761,7.544829,-0.0070622005,0.016331814,0.0096,0.014300311,0.01,0.009389866992225143,0.02216960097667545,0.0032075386644629814,0.002155949367088606,0.013462350676445158,0.06030527839941046,0.21034370788626003,0.0,0.011129666686055589,0.030942110993901196,0.2164518020191676,0.0,3.0066726,0.3122801,2.7260652,0.024722254,0.0096,0.7216335,0.010806239552035822,0.04846885689257801,0.005532047009974121,0.01027969945121122,0.014378627053717537,0.19199751558339379,0.011968448456453734,0.06652412251740297,4.0747204,0.56078446,7.657221,1.9544476,0.02394287,0.01,0.64009047,0.023814745957265515,0.3348659216861997,0.01010495012450157,0.00827980925989981,0.017267494594227557,0.06644706561234967
0.010014329,0.020048164,0.048,0.019191641,0.04,0.01539137125109428,0.07026979937882985,0.011125583950306373,0.012651167900612775,0.018966837482861865,0.35432564056073196,0.22145264990006586,0.0,0.016705222230008438,0.0948445833625317,0.22986320850797556,0.0,8.461485,0.726219,7.867466,-0.007930923,0.016504817,0.0432,0.0152989,0.04,0.009276571175485878,0.022747199853498917,0.002523400088149719,0.0035696003120948214,0.013073732770188144,0.06749493126396791,0.2201813716603031,0.0,0.01068434491321168,0.03239520685270552,0.2283755811208007,0.0,3.215619,0.3226004,2.944984,0.024830194,0.048,0.63104624,0.015158756868649014,0.04693742529189474,0.010086250890584415,0.00685579423749014,0.01866934546117027,0.2910417393488182,0.01634745253828014,0.06448816401787283,4.3645372,0.88819844,7.9832015,2.192083,0.024543338,0.04,0.6730098,0.018547483862455964,0.34159849672849185,0.002731746252391574,0.011667991045460156,0.014259133338756058,0.0694462186543681
0.010243105,0.020041285,0.0048,0.019087128,0.01,0.006554533143065009,0.07866359942919499,0.002583431060372868,0.021721554220479427,0.0100786201628473,0.31028597420185233,0.2108687693262531,0.0,0.007830387806950194,0.10207349026255183,0.216910473229084,0.0,8.196873,0.2415199,8.000715,-0.008625021,0.016967008,0.008799999999999999,0.01484274,0.01,0.0092757711151653,0.022632599755831137,0.0026340089439259827,0.003126519282435574,0.01301105108280294,0.06227735783589283,0.21047948158774282,0.0,0.01067665661476749,0.032396536112334416,0.21657202342094473,0.0,3.1702824,0.29723752,2.9040532,0.024946414,0.0064,0.6743131,0.007924096693599359,0.05176824649002244,0.0027447547003953787,0.014626652211149562,0.011317141403625466,0.19881339350669655,0.009139631865175442,0.07067942333033302,4.191136,0.37525234,8.062677,1.8573275,0.024179028,0.01,0.6609516,0.02421745178705983,0.31500573870363346,0.010359644120863935,0.008375352198551263,0.01746679989690641,0.0664166769553243
0.010323653,0.02040453,0.0136,0.019379368,0.01,0.015153555499594268,0.06958799966423235,0.011071279979853944,0.012222559959707882,0.018975950306387993,0.2887038012255519,0.21084334297236382,0.0,0.01658590230756104,0.09290131615292711,0.21689763557253303,0.0,8.386929,0.6647858,7.7922444,-0.009301031,0.017527064,0.008799999999999999,0.015416711,0.01,0.009238533650145564,0.022515600873062567,0.002649247702885032,0.004023119257212619,0.012875665596968339,0.06563232210948623,0.21048771987453505,0.0,0.01067744083954567,0.0330195279468372,0.21658884290359648,0.0,3.4036994,0.31183904,3.1268024,0.025669243,0.008,0.7332022,0.009382142518783802,0.049442047623741964,0.004027290003387679,0.011734727252361573,0.012946766608562348,0.20762632273328713,0.010566961672563184,0.06713654707791479,4.254858,0.48252383,8.090678,1.9618137,0.024763577,0.01,0.6720044,0.024198343234928713,0.2848326382294874,0.010317568232521168,0.007739144405572018,0.017429108332575396,0.06679325092486864
0.010518478,0.020098757,0.0128,0.019193416,0.01,0.01523846666107056,0.07002053331094883,0.01149930181696086,0.012548719997761545,0.018775392439631788,0.3002769621981589,0.21101936551895104,0.0,0.016500446704316208,0.0911217868172649,0.21713670075011732,0.0,8.09225,0.65039104,7.519312,-0.009882887,0.017529152,0.0072,0.015163702,0.01,0.008409943444222745,0.02391740201639703,0.001689392904014494,0.0048234825247280184,0.012126560853033425,0.07042264537685536,0.21083195220107956,0.0,0.009819089511829132,0.034224081540289164,0.21686415934833234,0.0,3.4499679,0.26351407,3.2217712,0.025518738,0.008,0.7572327,0.01014260037971044,0.0487066300872349,0.005102551365690669,0.010815446605006829,0.013540413679726906,0.2047452448576409,0.011397140286650074,0.06666768460363996,4.125393,0.5117907,7.811635,1.9868708,0.024460686,0.01,0.6686425,0.025348243895980643,0.3150100597194247,0.010887256859977015,0.007850890114580804,0.018084848483809993,0.06664820631003521
0.010677801,0.020050382,0.004,0.019247115,0.01,0.007112479700047561,0.0784574391001427,0.0033274953153955723,0.020828719550071345,0.010624381432049041,0.3525833917233275,0.21108304797387836,0.0,0.008413460345151452,0.10243768896642409,0.2173678520898853,0.0,8.169245,0.25052494,7.9903955,-0.010368036,0.018014302,0.0064,0.015259248,0.01,0.008149244870985967,0.023690534172931526,0.0016476264930354774,0.004307159609329821,0.011741110656529781,0.07032888435535334,0.21108634279944605,0.0,0.009710249622034098,0.03376066573885343,0.2170858299845092,0.0,3.542035,0.24923047,3.3309994,0.025979146,0.0064,0.76621634,0.009168202629234658,0.04877082340703177,0.004106263359482227,0.011411329374904546,0.012495979246534035,0.20064663666737817,0.010342765001391082,0.06624384311568002,4.17118,0.43903154,7.986574,1.9517746,0.024562085,0.01,0.6703396,0.0261203304553306,0.3353606777343779,0.011214733490368261,0.0073941713155921875,0.01864526193642504,0.06564496915704002
0.0107694445,0.020846328,0.0144,0.019785661,0.01,0.01569729958868461,0.06837839670947704,0.01198126222520682,0.00555784000671535,0.01948719060245603,0.3213607467472509,0.21083775651809228,0.0,0.017042963699261872,0.09261631028597582,0.21684523443640766,0.0,8.539259,0.72899884,7.8906546,-0.010717289,0.018827368,0.008799999999999999,0.016239287,0.01,0.00910436444220527,0.02338960195720305,0.0021649352095782885,0.002884230179638519,0.0125937609230004,0.06936880409624846,0.2104515577052357,0.0,0.010331871624256564,0.033454972720453495,0.21649857958034938,0.0,3.781828,0.31990314,3.4931037,0.026720013,0.008799999999999999,0.7818828,0.009879063948792781,0.046814464427633706,0.004638827433012648,0.010260083226148133,0.013424770547892468,0.20700700171687067,0.01108611954777839,0.06603827567706654,4.362048,0.546666,8.244164,2.0445602,0.025596615,0.01,0.68727213,0.02353249689071397,0.3328856272616768,0.01027007980253863,0.007940553130928141,0.017225401057526922,0.06651711365137748
0.010815821,0.021354694,0.004,0.020129824,0.01,0.006054977475586884,0.07869826576009402,0.002499884458621318,0.020849480063795854,0.009718752153110062,0.29889064114832536,0.2109954318034247,0.0,0.007364108680745221,0.09946670642484405,0.21706895801168513,0.0,8.579978,0.23052625,8.404457,-0.0108068045,0.019032838,0.008,0.016430842,0.01,0.009023346001774325,0.022614201953350895,0.002341419874060284,0.003590194141783166,0.012387902978661124,0.07258225108329418,0.21075373358745125,0.0,0.01033373562729721,0.03315150885305725,0.21671723827057454,0.0,3.743795,0.3105952,3.4668982,0.027226351,0.008,0.77408135,0.009855316258970105,0.04766646307968754,0.004603767454163562,0.011096685985488063,0.01315306176965355,0.1783198324251558,0.010942692058393277,0.0655740782450704,4.376182,0.5296876,8.293341,2.0832183,0.02598427,0.01,0.6845675,0.024837780086033306,0.3267563083260308,0.010771093446430981,0.007502303902113203,0.01778913652518703,0.06559681910381983
0.010757905,0.021634508,0.004,0.02048952,0.01,0.00588563753882313,0.07799967766305715,0.00211996595321757,0.015066551610285677,0.009341007164689108,0.31429928044992866,0.2109812132683847,0.0,0.007100626781613392,0.09911553927751254,0.216967440105722,0.0,8.864783,0.2196232,8.69015,-0.01089632,0.019586168,0.008,0.017151143,0.01,0.00866284504661603,0.022795086331133363,0.002126092960619826,0.00391937462487569,0.012172720777346923,0.07000904452868985,0.21059585527594793,0.0,0.010078845348970118,0.03300274513137006,0.21661513396176565,0.0,3.9780207,0.31705692,3.6985726,0.028052468,0.0072,0.75003433,0.008866574312525473,0.04906313750317496,0.003610331620299803,0.011347064645489794,0.01206823140835927,0.203063036807254,0.009854441551161927,0.06685152199234273,4.598864,0.47736543,8.786732,2.084763,0.026720444,0.01,0.69693905,0.02423649005733999,0.32244356552829484,0.010598023972092533,0.007237895366725044,0.0175194828186784,0.06456124224344835
0.010772107,0.023173584,0.0024,0.02147829,0.0,0.0061380700273058215,0.0712867976160497,0.002107816589540107,0.003415633879833841,0.009834409429145626,0.28878496029547557,0.20114729813865995,0.0,0.007543990333262628,0.0968237969985153,0.20771360002278402,0.0,8.911824,0.21497737,8.7886715,-0.010726565,0.020575948,0.0064,0.017742043,0.0,0.00885272758470878,0.022140000550756832,0.0021995545711078193,0.0030565697028666875,0.012485250670723418,0.06996066841136507,0.2008067832888922,0.0,0.010302389245042422,0.03177861296193146,0.20718364506633777,0.0,4.0218506,0.31455985,3.7660575,0.029205022,0.0056,0.7651199,0.009102688305558559,0.04760194002195594,0.0040752612310603125,0.01013834716842983,0.012529038647646165,0.1935379475452383,0.010378891835403874,0.06588586845503604,4.6068606,0.47382775,8.851946,2.1731288,0.027858518,0.0,0.69042176,0.01684063679899246,0.3362184979154526,0.001497005823802553,0.014609293035191167,0.00946288157911688,0.07080491741123558
0.0107401535,0.020431824,0.0136,0.019610805,0.01,0.016590826603990035,0.07206239905985058,0.012825575370151545,0.01238649596239402,0.020199488334872288,0.43109616251154204,0.21107065644710407,0.0,0.01785193097976644,0.09824234457224332,0.2173662053256595,0.0,9.4670105,0.7164327,8.851913,-0.010480512,0.018474638,0.008799999999999999,0.015826263,0.01,0.010510933978738332,0.02213280215896678,0.003857706907122383,0.002382079814946694,0.014119760941595541,0.07862323526435251,0.21097707396079066,0.0,0.011979237757659756,0.03308580758374872,0.21702739765061466,0.0,4.3844395,0.3669563,4.070205,0.026338995,0.0096,0.7409697,0.012268482423307477,0.048473182165533646,0.007033259353997391,0.009396360915383177,0.015696221125670717,0.37756953657282427,0.01341564123550079,0.06912910898053137,4.9722047,0.6528445,9.392359,2.1643057,0.025200285,0.01,0.67900527,0.02614061459179389,0.48301200740128347,0.011080667807621864,0.007714166301749777,0.018511001055592547,0.07021052856648385
0.010500949,0.01989439,0.0152,0.018926919,0.01,0.015074986541313411,0.07973119952992529,0.010927217735993372,0.01278623990598506,0.01899318880934393,0.7237523216654075,0.21037887445894643,0.0,0.01636733993366138,0.10773871946929098,0.21637144893454086,0.0,10.6370735,0.6713148,10.054594,-0.010294057,0.017360557,0.010400000000000001,0.016085068,0.01,0.009086000162645222,0.029097600241598277,0.00248639964017284,0.0042591993831523475,0.01293984052727601,0.09389920392275766,,0.0,0.010682054621078168,0.04021881259631931,0.21593205568127316,0.0,5.1372056,0.31739783,4.850801,0.02542434,0.016,0.6791134,0.015691544445569208,0.05245435021737992,0.010201422719818491,0.006539136074638242,0.019367898385973695,0.5742998904244804,0.016880097288853813,0.07355102085004994,5.7518606,0.8980059,10.7065115,2.2650905,0.02483863,0.01,0.7044077,0.019740818463359986,0.7134752285022001,0.005290054411384304,0.010108506968120733,0.016070649776608478,0.07944263167213839
0.010549767,0.01917988,0.0152,0.018434308,0.01,0.016695732952796652,0.08017439771677999,0.01203829318111866,0.013409919695570665,0.02031913132112577,0.7444678384957609,0.21061250556132718,0.0,0.017844339315969092,0.11185518760589176,0.21675570347775602,0.0,11.043808,0.6872287,10.4573345,-0.009859232,0.01657787,0.008799999999999999,0.0152884675,0.01,0.008899000735919389,0.030994005011887166,0.002287521943070124,0.009679203238450168,0.01285384113980158,0.10097947011073273,0.21014416194168759,0.0,0.01047853072137209,0.04294971552266605,0.21636844401126606,0.0,5.2203455,0.27565476,4.9759154,0.02437728,0.016,0.6725398,0.017122133972870233,0.05541724647745346,0.011500935527494812,0.008456281276047578,0.020761314561393057,0.6431771885811989,0.018338838863333557,0.07902838606020057,5.9455366,0.916226,11.086035,2.2827098,0.023949131,0.01,0.69238204,0.02339543587188061,0.8108679695972254,0.007868635375561794,0.011030948853582752,0.017017138467841447,0.08399121401599569
0.010508937,0.018222174,0.0128,0.01769406,0.01,0.0158060001678838,0.09416533422871373,0.011084799798539416,0.02072319986569294,0.019830187078541665,0.8423705612356249,0.21077539077327856,0.0,0.017158122006696884,0.12785558608705963,0.2172852553614497,0.0,11.4327965,0.59288234,10.960378,-0.009450611,0.015473528,0.0072,0.01424906,0.01,0.008459467353836908,0.03354460022910887,0.00258756854788835,0.010135135979130057,0.01309828374053359,0.13345622403751198,0.2106428862802571,0.0,0.010588316883751395,0.050683170350050925,0.21692798574476232,0.0,5.4733524,0.24863961,5.2734485,0.023461271,0.0128,0.68139994,0.01549832404885051,0.06277007888592909,0.009275917154496575,0.010807350935402641,0.01948178153169483,0.7566805880081895,0.016838921849918233,0.09263450844029548,6.163659,0.7506116,11.712507,2.117707,0.022718174,0.01,0.67796546,0.02611771036750362,0.9073101052490309,0.010303228385387442,0.01090410999792983,0.01848595085045268,0.09489450465831636
0.010256197,0.0159231,0.0224,0.015470431,0.02,0.02340065413642851,0.11180719550071351,0.011560479700047562,0.023560479700047567,0.027955530574442493,1.2060664793083185,0.22001625847457687,0.0,0.02492513982289365,0.1654882685006913,0.22658011492908253,0.0,12.448083,0.82381773,11.790381,-0.009193426,0.013245134,0.016800000000000002,0.012869444,0.01,0.01582280087386753,0.04164560165616836,0.009979415708196802,0.004169123562295188,0.02144069347099944,0.6342441601792709,,0.0,0.018329410486620734,0.05968234690631034,0.21623877414409348,0.0,6.3176093,0.48726812,5.9064384,0.020372592,0.0184,0.70777494,0.019111758808152263,0.07818059688111921,0.010690534055972875,0.011051192848621307,0.02366850014634483,1.0295822562368255,0.020601945921051218,0.11668851769378344,6.782772,0.85962033,12.867565,2.0388153,0.019865416,0.01,0.7047346,0.02374050480869933,1.2865681119412853,0.005201397748775847,0.01963627998667928,0.016825645729684313,0.13102041083843616
0.010194953,0.015207705,0.035199999999999995,0.014661839,0.03,0.03385914283315947,0.1261069999160581,0.01976559993284645,0.022282799966423236,0.038876711790107904,1.3909452030554856,0.22466129819669423,0.0,0.035303162401479085,0.20795263526240218,0.23566438270049447,0.0,13.524285,1.1480596,12.628265,-0.008811707,0.012051741,0.02,0.011597203,0.01,0.016793600205615895,0.051187200411231766,0.010852479421706083,0.0080787198830562,0.022804845347901618,0.7631389861714756,0.20086378275172947,0.0,0.019051437684765506,0.07656006260012518,0.21565497581126733,0.0,6.9363365,0.4863161,6.530963,0.018653795,0.0216,0.68625224,0.020080655780590175,0.10313717645632539,0.01085760274989043,0.018829827436374923,0.025010849168346568,1.3277673950710467,0.02155189012504279,0.16923454350522793,7.4289484,0.83823544,14.196089,1.9478801,0.018338146,0.02,0.65944815,0.029588141484047766,1.5267332661837578,0.012058571560234058,0.022044392010434316,0.025114986535711026,0.19853712628975623
0.010178089,0.01511362,0.035199999999999995,0.0147674605,0.03,0.033048879711239806,0.1320887971123982,0.019448879711239805,0.027099253140826545,0.03804798415176697,1.292735968303534,0.22379395487441464,0.0,0.034648697984878844,0.2506956596673606,0.23531830902399953,0.0,13.753725,1.109987,12.878342,-0.008391491,0.012211293,0.0192,0.011418171,0.01,0.014765599533348814,0.051462397995245136,0.00821247702885048,0.0058124770288504775,0.021244927227296147,0.8517561592016325,0.20211774268265575,0.0,0.017456987535932694,0.07481863374822502,0.2154592175463891,0.0,6.932626,0.42493317,6.5683,0.018507427,0.024,0.6556606,0.021717964708657563,0.10449733540094268,0.01194941981637403,0.02437920870928115,0.0266487442249419,1.3039357154489062,0.023258912520878448,0.1887691178589209,7.5642653,0.89881164,14.401562,2.004318,0.018259963,0.02,0.661934,0.029148515225575055,1.507808260063168,0.011477188839945853,0.02579966564846228,0.024448850666842787,0.20514741274342654
0.010113295,0.0152893625,0.0344,0.014938766,0.03,0.03309029967262654,0.11837413246033746,0.0205561198690506,0.026312239738101234,0.038270053666862536,1.376644064400235,0.22455856175328323,0.0,0.034811000374739796,0.22909600083841813,0.2356753590992242,0.0,13.582199,1.136217,12.690617,-0.0078272605,0.0119949225,0.017599999999999998,0.011484725,0.01,0.014553155139009231,0.051659464141093,0.008055134614148937,0.007068918530893523,0.02049622237339977,0.848560370376072,0.20107318641155747,0.0,0.016852044484650195,0.07103742237230283,0.21566232067740948,0.0,6.7342267,0.4016972,6.3968024,0.018716734,0.0256,0.6250152,0.023876019081677805,0.10073979139312217,0.013882342928523394,0.020693265993265993,0.02918795795409669,1.3477161935734154,0.025765351148500943,0.17088157519290537,7.477401,1.0265856,14.132073,2.0831745,0.01844297,0.02,0.6492746,0.02968566509841395,1.552769720330994,0.012087152161206446,0.022876401081140033,0.02513180901926596,0.19041899473672322
0.009885851,0.0152949095,0.0264,0.014944312,0.03,0.024292799462771745,0.13418559892554352,0.011304746523405811,0.032476159713478274,0.029608045568466607,1.4494512637958532,0.22404417748718872,0.0,0.02609132880971156,0.23502832231176626,0.23545145315134758,0.0,13.914711,0.81770587,13.293843,-0.0071329316,0.011880361,0.02,0.0111336205,0.01,0.015645799331748367,0.0497831973269935,0.009849159866349691,0.003849160169231171,0.022176975537351793,0.8117899183961961,0.20180825480786072,0.0,0.01887088112223919,0.06793754841924858,0.21549200736570748,0.0,6.5199456,0.45010677,6.1424007,0.018564254,0.028,0.62333286,0.0257511682181354,0.09759027588993792,0.01530235273638773,0.020382372085343693,0.03088810242617083,1.3619199965430524,0.027642356426945798,0.16071675714279327,7.5519285,1.1045997,14.226192,2.0988836,0.018287605,0.02,0.6399313,0.02930057223753046,1.569436428788545,0.011476417940352092,0.024468896104844817,0.024626994608517094,0.1986476446347246
0.009929786,0.016027614,0.0344,0.015610448,0.03,0.03513155488402026,0.11179466465206078,0.021956793418954113,0.022951358683790817,0.040291927382614855,1.4656112012087634,0.226027577227102,0.0,0.036505290499708104,0.1889264517035291,0.23627754755398941,0.0,13.630906,1.2471762,12.646128,-0.0062973714,0.011740521,0.0184,0.011374108,0.01,0.017220160299941927,0.041380160171432104,0.010950027629634405,0.00810016577780633,0.023328776887738923,0.6558253594335526,,0.0,0.02008027771956986,0.06256055492554616,0.21623622679208132,0.0,5.972763,0.45955214,5.573187,0.019282332,0.0216,0.60991013,0.022004484105210713,0.09594917794112426,0.011374745597666788,0.019072280538203184,0.027223301627623684,1.187772666867514,0.023634453238250173,0.15820049059919591,7.297204,0.9256601,13.852482,2.0734406,0.018760493,0.02,0.5989268,0.03403073327375566,1.486309930242395,0.013705568484745925,0.022118694216690434,0.026658244768067264,0.17083168270763657
0.009666394,0.017067645,0.0248,0.01638864,0.03,0.023833359858977613,0.11117786619659197,0.010768906572651758,0.02415335985897759,0.02884005379743885,1.2321802420884747,0.2253751490233502,0.0,0.02521933089745462,0.16673110181820086,0.23578490707240063,0.0,13.394032,0.8825305,12.686402,-0.0056301756,0.012116907,0.0184,0.011671646,0.01,0.01524979995642716,0.040999199225730795,0.009489958776507637,0.0043598342221936644,0.021167141827473552,0.6573461866377877,,0.0,0.01804936296236524,0.054948089019254714,0.21571635718084003,0.0,5.5695934,0.4335214,5.189266,0.020219812,0.0248,0.56590265,0.02368182673576175,0.08379660101186687,0.013893505305379313,0.014256362135661655,0.02848289822800616,1.146297149299328,0.02511889756088317,0.12600840455471796,7.146131,1.0757487,13.401499,2.2118063,0.019683328,0.02,0.5926584,0.029723052297961204,1.3356167819479803,0.01264556756480367,0.019572805262096454,0.0253716025495266,0.14071022773344238
0.009697905,0.017590877,0.024,0.017191462,0.02,0.024421999496348507,0.09793999832116176,0.01277099974817429,0.023161332997565686,0.029269499706203305,0.988625999608271,0.2176252769825783,0.0,0.026022270664305642,0.14995563306288903,0.22632376870536333,0.0,12.680631,0.9443042,11.890677,-0.0049077854,0.012554051,0.016800000000000002,0.012220106,0.01,0.015426800517653511,0.03458144030482506,0.009382680292721214,0.005130722182732352,0.020858826842555574,0.12065098699875743,,0.0,0.017764392127259453,0.0454502478470153,0.21611448258339408,0.0,4.9621134,0.44888297,4.566944,0.02125151,0.016800000000000002,0.63197184,0.017030324940811897,0.0776269876268948,0.007931863133377737,0.015019785689020194,0.021660870688191607,0.97667567025738,0.01847731544923854,0.11083067270389166,6.5814257,0.78002095,12.506516,2.038561,0.020560289,0.01,0.63646305,0.022741192789511405,1.1537923560263208,0.004679254777080857,0.022094549947131788,0.01646340328087213,0.1214651506442306
0.009622015,0.019441942,0.016,0.018634237,0.02,0.01501957323931838,0.09323119952992528,0.0031237439435910347,0.02296374394359103,0.019714040348079106,0.9479421210442374,0.21761763690498098,0.0,0.01663774631106794,0.13021520942174747,0.2261082666210135,0.0,12.421014,0.6430593,11.884911,-0.004259606,0.013761127,0.010400000000000001,0.013204552,0.01,0.007574240868982725,0.0333785337840099,0.0018490402450255714,0.010747120735076781,0.012774693949127504,0.09914938789825502,,0.0,0.009763009313361317,0.048603761969019096,0.21569076258461617,0.0,4.4747624,0.22669776,4.2690606,0.02335974,0.016,0.58758086,0.014751054136230504,0.0676209592284873,0.007756321080003317,0.012432632966386978,0.01938131511719348,0.7711846671025674,0.016376140470573317,0.09756113792151565,6.409197,0.7648808,12.161113,2.1079845,0.022499373,0.01,0.6272065,0.01960962975132347,0.9689150986834403,0.0038343810808665777,0.018453535629717143,0.015582384110135405,0.10177776592921697
0.009607813,0.020232784,0.0136,0.019651415,0.01,0.016278733036738595,0.08734479644086292,0.010247240157810802,0.021788960631243165,0.020464331834370617,0.8469001291362378,0.21063604872743652,0.0,0.01778998964175248,0.12090990637706983,0.2171576565283358,0.0,11.894231,0.6840963,11.338602,-0.0036798385,0.0141089875,0.0072,0.013125704,0.01,0.007978534037370947,0.03136780150075198,0.0022371386550722036,0.010822374083866002,0.01302312931726692,0.07586938795180077,0.21052783779336742,0.0,0.010473213662922217,0.04184404573908831,0.21683648760407492,0.0,3.914011,0.22368294,3.7324276,0.024147749,0.0136,0.5774186,0.01599945750407778,0.0628636803397264,0.009722282853991692,0.011974340980872175,0.020212023705897718,0.6719899503772738,0.017602842330148725,0.08806301009315569,6.051193,0.81542045,11.424802,2.2465181,0.023631804,0.01,0.58887434,0.025963127435758224,0.8076502705794361,0.009925000977853529,0.013559847093457523,0.01826025197461732,0.08910088003730515
0.0094347345,0.021071551,0.0488,0.0201884,0.049999999999999996,0.015598050029379647,0.08159376009401494,0.009865626458490715,0.021798439687736086,0.01981106478378497,0.7693146140630683,0.23128606133728874,0.0,0.01697449144080301,0.11364287943888525,0.2392908336811709,0.0,11.9701185,0.7616976,11.483942,-0.0031863395,0.01465907,0.044,0.013624766,0.04,0.00913687982966021,0.029389599544861283,0.002822752297114948,0.003728440371393689,0.013677979695198338,0.06871191874164811,0.2206144220212418,0.0,0.011190164987586921,0.039177051611371735,0.22819139981885656,0.0,3.8126655,0.3044157,3.589339,0.02490061,0.0488,0.56193364,0.015412269694119369,0.06051180948377486,0.009179422289348257,0.011727178897393728,0.01948171325557405,0.7067733390497346,0.016749653942679108,0.08523014808305303,6.080454,0.89536494,11.546474,2.262163,0.023872495,0.04,0.6073955,0.01846769299851914,0.8063323833169284,0.0024465660909625342,0.019242610501911464,0.013850378375229368,0.09230930710888216
0.009518611,0.02143147,0.0128,0.020645954,0.01,0.014964426312991417,0.08103319734743557,0.010093325754577836,0.021490656056408965,0.01897863483589358,0.6079598408461345,0.21068190457392008,0.0,0.01645520968505325,0.10564167748042606,0.2170228481351514,0.0,11.286011,0.67185795,10.729271,-0.0027501227,0.015266435,0.008,0.013281311,0.01,0.008340444064071107,0.02353199897192058,0.0021732797554458103,0.003433200071483503,0.012932799853998585,0.06659759907553264,0.21060454477670926,0.0,0.010222499010081038,0.0334449979749849,0.21673131202776844,0.0,3.3213708,0.249977,3.106625,0.025281766,0.0128,0.5591531,0.014736489278914633,0.05795995392146184,0.009225221088294166,0.011629066860326682,0.01869536591632268,0.5111839504583962,0.016208644587322033,0.0811987174528486,5.6645436,0.7937914,10.655877,2.2574677,0.024548903,0.01,0.5716428,0.02536257031078989,0.695944630076649,0.010168812036371263,0.011570063114901939,0.01785554793698637,0.0792686883918858
0.009404556,0.021323627,0.0144,0.020662375,0.01,0.015554850163686752,0.07963880130949383,0.0102751038361454,0.02179510383614539,0.01950998255873601,0.6743898430286241,0.21044423858289565,0.0,0.016879454987789085,0.10699591224167808,0.2166768768684583,0.0,11.38409,0.71662265,10.773207,-0.002401103,0.014685509,0.008799999999999999,0.013498145,0.01,0.008825999786352396,0.026129999036175543,0.002018857454952695,0.008710667394889588,0.012878800015421165,0.06479400019878859,0.21003679173873882,0.0,0.010404223163317693,0.036046454643855454,0.21634989342404234,0.0,3.3548822,0.25110886,3.1415281,0.025128257,0.0144,0.5574789,0.01538296776862885,0.05564088657439199,0.009506788644075096,0.011646265884473215,0.01927308878707963,0.5797647985482443,0.016700276454354072,0.07981493096296986,5.7176685,0.8446418,10.704572,2.2836063,0.024680635,0.01,0.57867175,0.023576149016844,0.649082196685176,0.006897543385850611,0.012145386143938354,0.016986551180339687,0.08030553385189178
0.009405666,0.020878723,0.0152,0.020164216,0.02,0.01594412309758568,0.08349120008953805,0.010690943742130457,0.022254718710652235,0.019963748701898293,0.8382308272755254,0.2202901115351313,0.0,0.017311712768513964,0.11198799291973176,0.22653266985759765,0.0,11.824886,0.724362,11.21356,-0.0019618708,0.014246277,0.0096,0.013216609,0.01,0.008068959069588119,0.02848619915203613,0.002428620176239156,0.004438160273297778,0.013322948239365041,0.07002021261685527,,0.0,0.010739170339382235,0.0351102921524589,0.21617346493010195,0.0,3.4188874,0.2427934,3.1962569,0.02457826,0.016800000000000002,0.5726811,0.017333271808510655,0.058918597154415366,0.0114125299426501,0.01050294655023208,0.021314519330212445,0.6079176635426745,0.018676631057849,0.08119043066013833,5.8954453,0.9417408,10.969458,2.3299096,0.024005799,0.01,0.5830337,0.022511773143307323,0.7861698198710432,0.005908355949608506,0.014281931762499471,0.016647538119820806,0.08489277322730501
0.009371716,0.020690778,0.0128,0.020207042,0.01,0.014662249643246878,0.0834489985729875,0.00968653336691009,0.024729800050365146,0.018882523216395792,0.759174560362629,0.21059855831186883,0.0,0.015940488331391407,0.11250244165695698,0.2168950182420435,0.0,11.76087,0.63570815,11.233198,-0.0015933709,0.01399373,0.008799999999999999,0.012885214,0.01,0.009014719824712757,0.028624532780027443,0.0026068399741775465,0.008613680363683093,0.01342658906792335,0.06904623987357848,0.21023303630533924,0.0,0.010869941230766334,0.03825736724967786,0.21651825750069426,0.0,3.3417792,0.24614787,3.1288886,0.024471032,0.0128,0.5632555,0.014431024288971639,0.06190068387212231,0.008623752269960686,0.014032963657499724,0.018533747932176586,0.6715327225788197,0.01576438653072255,0.08270076819052039,5.864191,0.7414948,11.1009445,2.1962793,0.02396567,0.01,0.5676511,0.024806643399389188,0.8095435778556596,0.008571235096970895,0.013785560571493289,0.017504839120114184,0.08402039584194607
0.009260101,0.021024289,0.0152,0.020327533,0.01,0.01666141526063966,0.07979839838831529,0.01135193593553263,0.022071935935532614,0.020646506878573383,0.6830790412714403,0.21050279432796729,0.0,0.01804481799250452,0.107142483965021,0.21675394940885628,0.0,11.371552,0.7577232,10.731823,-0.0012673096,0.013783622,0.008,0.012726127,0.01,0.008243600362638609,0.026249600548309025,0.0018156798913174497,0.005554880485767524,0.012435258074762078,0.06399391955889012,0.2101685063139658,0.0,0.00973044982674005,0.03611314983493641,0.21641597061062676,0.0,3.1298158,0.21568823,2.9449859,0.024643403,0.0152,0.5488201,0.01641590019587443,0.058292105964219944,0.010464607120083973,0.010868750683664366,0.020410257122605663,0.63081191510966,0.01781860330843201,0.0791361798917376,5.6671495,0.882003,10.573416,2.2878268,0.023982553,0.01,0.55935663,0.024058199354808494,0.7330010082603347,0.00766747754936759,0.013328271630241036,0.017186613172170125,0.08197634632418627
0.009363728,0.0219192,0.0144,0.021138122,0.01,0.01533904935784435,0.07262478972550994,0.010600449745503374,0.014868315733512405,0.019246045640416834,0.5375689277931671,0.21052896739699725,0.0,0.01679279938724171,0.096353196017071,0.21667027317580312,0.0,10.673796,0.72612303,10.036064,-0.00089370774,0.014685508,0.008799999999999999,0.013131732,0.01,0.008576666880849872,0.022710000542150895,0.0019045712994060068,0.004532001542119131,0.012435272758470865,0.053397000059234985,0.21012030098838205,0.0,0.010040586988021186,0.03162322850382699,0.2163432105703884,0.0,2.757258,0.23464349,2.5441353,0.025398163,0.0144,0.5295726,0.015240285223145656,0.05524846246277624,0.010024268744654546,0.011236591032013804,0.019035049443672097,0.46876654445282073,0.01652939689388886,0.07198491262920359,5.3023005,0.8440701,9.850849,2.2949693,0.024884986,0.01,0.555887,0.023120166890296546,0.5597409905682023,0.00780454286295118,0.011439643348008762,0.016937689939192212,0.07340827012469872
0.009575416,0.022262255,0.0144,0.021316972,0.01,0.016916349366238547,0.06846539746495425,0.01222293592179667,0.012013073784940818,0.020679430286241904,0.4310902948599569,0.21084357410158686,0.0,0.018241875462045573,0.0906233357975764,0.21712357806864924,0.0,9.772231,0.7830854,9.081688,-0.00049761066,0.014637271,0.008,0.012577938,0.01,0.009348933703691319,0.02129872052509072,0.0025623406429901023,0.0034597451330959116,0.012869783115332803,0.05097769615619084,0.21079081011044495,0.0,0.010966917089055324,0.028559022330066262,0.21688726685022175,0.0,2.3321724,0.24095322,2.1183543,0.025556082,0.0144,0.5133304,0.016885260247667157,0.04973645287288304,0.01164325354300172,0.00839204289693593,0.020445749840348117,0.3567404589190298,0.018114976374936486,0.06847179649028821,4.8290057,0.90821946,8.847719,2.3617558,0.02475112,0.01,0.5330663,0.02566593714120636,0.4382858092937331,0.010597581231845154,0.00972859794199365,0.018225095506015237,0.06887898479405921
0.009418093,0.023529062,0.0136,0.02256603,0.01,0.016037672214463963,0.063476262906069,0.011643519460292963,0.01216095783317944,0.019638435397371676,0.36309183715269033,0.21087276942445163,0.0,0.01711355812264169,0.08304880924151002,0.21709569127414766,0.0,9.753256,0.80447906,9.059607,-0.00021259695,0.015511793,0.008799999999999999,0.0130257495,0.01,0.009911039716764344,0.019703466555291396,0.002990207776290117,0.0025574392590493257,0.013430512921971149,0.04831872004112317,0.21083774789720647,0.0,0.01130417047311248,0.026816682171344457,0.21689043087422355,0.0,2.1871147,0.28967777,1.9338721,0.026862606,0.0136,0.5034901,0.015914085762041716,0.04529793141121169,0.011065358196791112,0.006018268593877081,0.01943408237839785,0.22214513827638907,0.01698325034681061,0.06389424656189913,4.7990828,0.9259808,8.787848,2.423213,0.026055627,0.01,0.52350724,0.025576342644768386,0.38523336024663973,0.010677082276786294,0.008518847282114548,0.01806446505999837,0.06515176176500469
0.009297379,0.025424952,0.0144,0.024444168,0.01,0.015314666144361444,0.061831995299252915,0.011193280214891275,0.012583200537228235,0.018772509359523203,0.3078488014773777,0.21064838224991117,0.0,0.016625546907714898,0.07996179708219447,0.21664699139575674,0.0,10.039285,0.8582802,9.269968,7.6822944e-05,0.016729768,0.0096,0.01443389,0.01,0.008951999400287012,0.019311996401722032,0.002358399761672854,0.003248913815735122,0.012852430737141322,0.04274079988353794,0.21020014717360244,0.0,0.01078168330192707,0.022826980426871896,0.21631521091198763,0.0,2.099454,0.3066645,1.822325,0.029254457,0.008,0.5895852,0.008799606338673448,0.048205203614195016,0.003676617866411334,0.011793842705567778,0.01210680926851187,0.1530503329114084,0.009975169279285274,0.06366244290091753,4.755849,0.5283258,9.053007,2.2007377,0.028387574,0.01,0.533393,0.02229016479038151,0.26952911758369,0.009460626331135202,0.008068711629807981,0.016888061799123336,0.06159834946628136
0.0093357675,0.02560846,0.004,0.02442353,0.01,0.0067960838888962375,0.0691751979630096,0.002690365470655752,0.020865121463946937,0.010263443458406801,0.24219721729203395,0.2110676014221792,0.0,0.008066165893720336,0.08956090777778372,0.21726668230580298,0.0,9.71121,0.28979096,9.492641,0.00035650271,0.016681995,0.008,0.013708946,0.01,0.009667927377340629,0.018869439585170622,0.0025849060806614034,0.0029418881260421317,0.01301422768759694,0.041997851441769915,0.21108449022226133,0.0,0.010910966845874009,0.022917845181715312,0.21707834918113642,0.0,1.8121212,0.28288385,1.5616615,0.029290905,0.0056,0.5445874,0.00827707068828513,0.049385860880885944,0.0035310753526376177,0.012806720337735016,0.011665786722670055,0.14464079178187722,0.009447968538861823,0.06649111445557085,4.622597,0.4329896,8.893985,2.193066,0.028007926,0.01,0.511478,0.026046038713317118,0.1996161744190681,0.011175213401385805,0.007503513564224219,0.01848889960132695,0.060527993279311215
0.009225485,0.025607795,0.016,0.024604822,0.01,0.015520151894888748,0.06128079744816587,0.011204617273765097,0.012064641987744481,0.018899171111772466,0.24579392148633145,0.210291638360073,0.0,0.01665085354420744,0.080359388986282,0.2162491975620222,0.0,9.813393,0.9026986,8.980392,0.00052718626,0.017091079,0.0112,0.01494826,0.01,0.00930648929932704,0.016452800445501084,0.00202738319966038,0.0023702413232850805,0.01295179426550676,0.04173127989297538,,0.0,0.010758602181256948,0.021962519427428703,0.21580384417428505,0.0,1.9197259,0.3203915,1.6126809,0.02958389,0.008799999999999999,0.5318922,0.00817829346707008,0.049648158841108236,0.0032315733134536456,0.012499027409372239,0.011466984680285805,0.14148692707176433,0.009233229950874739,0.06389866076802048,4.71564,0.513939,8.9638195,2.1894088,0.028789714,0.01,0.5459406,0.01943922004600161,0.17043824170520308,0.005381480226771629,0.008772264280837409,0.015898681452902252,0.060387035432412306
0.0095911715,0.023799777,0.0024,0.023014264,0.01,0.006144710633574914,0.07100159713478273,0.001778267957845901,0.02258047376815243,0.009462984434249757,0.22244864198774447,0.21108912128851218,0.0,0.0072903456223261855,0.09087794893431354,0.21753046363344414,0.0,8.636451,0.20142582,8.511967,0.0008687852,0.015937805,0.0064,0.013196665,0.0,0.008858000338944657,0.018036000771059563,0.0014745010602069215,0.0031708574700325507,0.01244700005982063,0.04296400026906739,0.2007730626827966,0.0,0.010107712797698195,0.022917996318562065,0.20715055213806946,0.0,1.4864078,0.23176783,1.299027,0.027366407,0.0064,0.62166035,0.009945799376643437,0.04621105901303903,0.004794787816703137,0.011232494456172713,0.013243765938172008,0.12547900974687,0.010984638357748145,0.05967585528177517,3.943171,0.48920408,7.494013,2.1114872,0.02613,0.0,0.529427,0.016742708772871567,0.1729903752970382,0.0014781730828399729,0.017168252066157,0.009343833148231583,0.06889927121290407
0.009501747,0.02322351,0.012,0.022322606,0.01,0.01485454091180668,0.0615454391001427,0.010595453370267795,0.01318636011080332,0.01847921171349426,0.2606363213296399,0.2109638447437551,0.0,0.016156880226935937,0.08186284124814755,0.21728687700810795,0.0,8.732422,0.71832865,8.120208,0.0009807963,0.014898167,0.0072,0.0120178815,0.01,0.008678719593395227,0.019797867005789633,0.0013478717568337288,0.0031696804921930223,0.012500942249328273,0.042569493236165615,0.21111207063263407,0.0,0.010414491982312667,0.022754780222559928,0.21709894724098694,0.0,1.5097144,0.22124112,1.3156083,0.026411459,0.012,0.49641263,0.014795682764413414,0.043947176145968235,0.009903645626162642,0.007129670412692418,0.018300602548836878,0.14935502364644568,0.016045769634209048,0.06169762821731227,4.1987143,0.8176249,7.6886845,2.3099053,0.025352087,0.01,0.49387252,0.026191777208365893,0.26174345175244373,0.01100397602646197,0.008147806176050662,0.018614804552827022,0.0620925410387021
0.009414098,0.022201674,0.012,0.02137178,0.01,0.015002699571896256,0.06301079828758499,0.010400863997313855,0.013601439995523093,0.018592809397543944,0.3240388798791236,0.21091593064530126,0.0,0.016239593182913493,0.08289847443592563,0.21728405337817716,0.0,8.507306,0.6793809,7.923051,0.0010781973,0.0138731375,0.0072,0.011521602,0.0,0.009176266925471055,0.020364400340551307,0.002281646762926721,0.003723842446829015,0.012558516361408692,0.0436478932190667,0.20112208564925277,0.0,0.010445776970458837,0.02363451571154678,0.20714139640355977,0.0,1.3833249,0.22586067,1.1947844,0.025301073,0.012,0.5001736,0.014908358095129687,0.04525245483228456,0.009561257345999776,0.006942410891354452,0.018346403982144103,0.14071450929710974,0.016059862220953167,0.06303721421615478,4.0642834,0.7811028,7.451171,2.216817,0.024270825,0.01,0.4937662,0.026244264239057243,0.29545916738895134,0.01093069948685475,0.008448478757719676,0.01867202465422203,0.06338828330291353
0.009433624,0.02118361,0.0112,0.020544546,0.01,0.015564400235037374,0.06517280282044824,0.011047455922101925,0.013134911844203814,0.019362217601419797,0.3015355232099387,0.21109475945826595,0.0,0.016839545427702385,0.0835384089554644,0.21785476371989604,0.0,8.184891,0.65388274,7.6518946,0.0010983731,0.013389149,0.0056,0.011714781,0.0,0.008729333556440542,0.02107759985414135,0.002072932927278225,0.004145866730207517,0.01250349087986424,0.04317946649023342,0.20073573437877945,0.0,0.010466063847339727,0.02447855357138936,0.207346672102209,0.0,1.3639607,0.18961644,1.2164681,0.024306333,0.0096,0.52172303,0.013862111995188296,0.04714244610500191,0.008842518632319388,0.009049753294803274,0.017499843129914552,0.17227265055048743,0.015100895782765064,0.06532986613549295,3.8878756,0.6530493,7.245076,2.0958714,0.02319141,0.01,0.4824329,0.027262731416107824,0.2995793929994549,0.011620821129045566,0.008398403662954733,0.020698692709054854,0.06411424163665218
0.009280737,0.019672273,0.016,0.018869005,0.01,0.015554933266179797,0.06513099974817427,0.010373100142701243,0.013892400570805001,0.01970526752287419,0.32071580256862253,0.2101683586837325,0.0,0.017112695295547976,0.08726503752971182,0.21629466220986845,0.0,8.106896,0.6878193,7.478928,0.0010410922,0.012170942,0.0112,0.011169103,0.01,0.010064266122285061,0.020997599409390187,0.0032661867005789645,0.0031194241470153573,0.01399629700057185,0.04517407901143837,,0.0,0.011370901628385627,0.025339959993020335,0.21596438575219482,0.0,1.4832766,0.2378827,1.2485869,0.022376541,0.016,0.49672654,0.01555468469119005,0.049383398043458385,0.010078681240187778,0.009656409779820371,0.019528036763032105,0.23824642237609878,0.016931881890201565,0.06529915144618255,3.9170055,0.78414565,7.106658,2.018817,0.021926884,0.01,0.53446347,0.019838152523965105,0.34446198531879385,0.005128838926507839,0.011322659141817107,0.01610006917272905,0.06842471622017829
0.0093033705,0.020093432,0.0512,0.019334543,0.049999999999999996,0.016731905925805222,0.06761413357956293,0.01174808002462296,0.012422120036934443,0.020666462669166233,0.36373210934833095,0.23126504852768692,0.0,0.018141761548260363,0.08732822055854819,0.23854831341113475,0.0,8.314813,0.7826471,7.665986,0.0009752306,0.012584663,0.045599999999999995,0.011290622,0.04,0.00970639958073716,0.020053199843780276,0.003185320084776322,0.0019706401400758212,0.01408573083031224,0.04551434629173933,0.22042760856276772,0.0,0.011680707662137683,0.02312106149320651,0.22777081121860718,0.0,1.5734885,0.26019585,1.3374072,0.022833481,0.0512,0.49493703,0.016681458219823524,0.047125882033562015,0.011181858641589678,0.008035042260155547,0.020501445012679323,0.25991004958985137,0.018057931980327704,0.06538424267414981,4.032197,0.88721746,7.3077135,2.1069615,0.022137348,0.04,0.53521496,0.018010391547750755,0.36517293979008814,0.002000457660164869,0.016332284577357453,0.012647376940470991,0.07298106636053453
0.009293386,0.01832824,0.016,0.01768474,0.01,0.016652184749691698,0.06911960043649795,0.011763135801225554,0.019007839503063884,0.0208491931350778,0.3615482248971712,0.21038301788381022,0.0,0.01813850235443015,0.09157967690062539,0.21655967753134728,0.0,7.8924303,0.6770414,7.2875395,0.00085927703,0.011541082,0.010400000000000001,0.010423291,0.01,0.009537599946454247,0.02054468594848823,0.0033270931494929754,0.003454186639251214,0.014126304025329273,0.0499157599787758,,0.0,0.01185549637682575,0.02876649015653422,0.21634731419206865,0.0,1.5215416,0.23746903,1.3079553,0.020894958,0.016,0.50087875,0.016640325050437423,0.0499620658686648,0.011281394734857076,0.009788043802462823,0.02062861197012548,0.30691478399901795,0.018068118388395307,0.06636521636299018,3.8267853,0.77951115,6.9501514,1.940794,0.020527907,0.01,0.53258497,0.022885357350303438,0.38532923846996275,0.006608856154944931,0.011230341669923804,0.016805995472669012,0.06897602275252171
0.00945648,0.018165147,0.0112,0.017672535,0.01,0.014675905807298977,0.07154519936204147,0.00929972567783093,0.014949039872408294,0.018643884038063836,0.3702706811046756,0.21082100763685563,0.0,0.015899638151266073,0.09219782743937235,0.21743043969553735,0.0,7.54372,0.52223736,7.1036983,0.00054341974,0.011393125,0.0056,0.009857901,0.01,0.00824319984945987,0.02295040015421181,0.001406719998286553,0.005553493328192936,0.01188584728086271,0.05205738660512474,0.2111340978142796,0.0,0.009787523395874223,0.031221927984234947,0.21731425681450062,0.0,1.35109,0.1488546,1.2330494,0.020849435,0.0112,0.51304555,0.014631372188354,0.05218690633511609,0.008983569494210588,0.01217710068563761,0.018404441658971565,0.20762965872974773,0.015842935177706612,0.06956960000265955,3.6178262,0.60523903,6.719104,1.8452855,0.020236023,0.01,0.50881886,0.026700087138190512,0.35782863989989855,0.01074929653927299,0.009667146280412977,0.01920183206252595,0.06921758526447522
0.009295161,0.01888121,0.0136,0.018197766,0.01,0.01587266627493773,0.06855733176641764,0.010007200201460592,0.012007200201460585,0.01978068597330648,0.38463240090657264,0.21060372023457255,0.0,0.017143032202499124,0.09071485429818744,0.21699680735234825,0.0,7.9641037,0.62334424,7.4253373,-0.00032901423,0.012033652,0.008,0.010600466,0.01,0.009585333814352816,0.021956001413609202,0.002557485703270595,0.0037003428461277205,0.013191288998042911,0.05136080029476935,0.2106684460751459,0.0,0.011146863213245433,0.030293726284228304,0.21684812808022874,0.0,1.7393024,0.2036978,1.5630529,0.021731041,0.0144,0.51790357,0.016634681549255355,0.049117517082306356,0.010306677882332723,0.009082746600884964,0.020344448921192224,0.25650275910277287,0.01789045377282173,0.06635185973922296,3.8903706,0.7658409,7.1073065,1.9822241,0.02106012,0.01,0.5274634,0.025536432565367164,0.3836456599782204,0.010062233449704153,0.00981502546954592,0.017941071218522495,0.06941400107109028
0.009306256,0.018204423,0.0152,0.017387843,0.01,0.01628799990406637,0.07140799966423235,0.01072639973138589,0.01256319986569294,0.020485236754347807,0.3429376042978259,0.2104626424484896,0.0,0.0176981908685957,0.09554366783402667,0.21669351002037043,0.0,7.9117355,0.6470429,7.3445673,-0.0013869737,0.01204803,0.0096,0.010962707,0.01,0.009580800616847636,0.022380800616847652,0.0032390407556368702,0.003678080708088279,0.013772982796035147,0.05380543940082276,0.2101460676855413,0.0,0.011367985337153368,0.03067194147718205,0.21640338300692863,0.0,1.938278,0.22612034,1.7307214,0.021152982,0.0152,0.5343343,0.01619108760768995,0.05114129893070057,0.01002023057840006,0.008618169048496568,0.02023507798755636,0.3231909888039334,0.017611663505735578,0.07138069966971136,3.8980026,0.7533789,7.1229463,1.9292042,0.020555241,0.01,0.5625311,0.023760538039662365,0.4112993774305183,0.007331917511608594,0.011179832889754387,0.017088311124201783,0.07207415369049447
0.009637992,0.019204069,0.010400000000000001,0.018520627,0.01,0.015227249643246886,0.07027866476398333,0.010230900025182564,0.01288240006715353,0.018896042200691864,0.32794160060438177,0.21108437374041272,0.0,0.016395399615983932,0.09176549629011443,0.2180174745420623,0.0,7.671976,0.5514318,7.227738,-0.0024882997,0.013381263,0.0048,0.011952717,0.0,0.007940199631739461,0.022992159776264395,0.0018032159262224923,0.0045080397897264745,0.012299187555305935,0.05197788770452385,0.20075658313833392,0.0,0.00995093109528807,0.03145973009835121,0.2074198552156134,0.0,1.9040716,0.16939028,1.7774503,0.022639614,0.010400000000000001,0.55812275,0.01506993631065816,0.04915397246154732,0.009511923563015034,0.00962201342603405,0.018676895982411953,0.19189302504005354,0.016245213690501668,0.0671372904331852,3.7580726,0.6531348,6.9788,1.995822,0.021544313,0.01,0.5362069,0.02741298570455683,0.34343148365080983,0.011700563605988208,0.008274285922763483,0.02127360922119422,0.06799633465849975
0.009476673,0.01836685,0.016800000000000002,0.017714474,0.01,0.017032122890959452,0.07101759758247293,0.011949074216642066,0.01321450650549819,0.020871971123982213,0.3863958411819021,0.21026948172785107,0.0,0.018274334160431952,0.09270500319207822,0.21641357362081515,0.0,8.1394005,0.6895954,7.5083265,-0.0038136488,0.013431124,0.010400000000000001,0.012350437,0.01,0.009383200539741711,0.022226560431793354,0.0026583194114245543,0.003716639391827989,0.013246080280942214,0.06099904320439182,,0.0,0.011041759132544167,0.03203516679868962,0.21604028044781198,0.0,2.3974557,0.24966766,2.1629977,0.021932567,0.016,0.5874348,0.016102739321546232,0.05036275504930175,0.01045605536120538,0.00855949049585671,0.019768924894095333,0.2151764655885736,0.01733149757865317,0.06853018076809997,4.051845,0.7811571,7.381393,1.9963223,0.021594811,0.01,0.60884076,0.020310476237241346,0.4140943476187953,0.005413147628930446,0.011274525693123467,0.016283867665994194,0.07041925475375348
0.0097953165,0.018159155,0.012,0.017706485,0.01,0.014847771582065208,0.07346880214891295,0.01043263992896641,0.021473439771677996,0.01881741751507957,0.3790146150703713,0.21083578680042325,0.0,0.016212950124114285,0.09949208745648547,0.21724210808842584,0.0,7.904413,0.5646534,7.427557,-0.004948833,0.013754634,0.0072,0.011871549,0.01,0.009064114217656561,0.02344880064575979,0.0024985364555126124,0.004744877594294158,0.013020784106550673,0.06286928035516895,0.21094012228712405,0.0,0.010465560236065949,0.03279668084317305,0.21709739702784356,0.0,2.4625049,0.21429703,2.276747,0.021968236,0.012,0.59774,0.014732225564669124,0.05193699849295724,0.009339422508243206,0.010092946280755827,0.01854279743144207,0.29893345182979075,0.015951811004660112,0.07222565496146983,3.9598508,0.676097,7.3355026,1.9489274,0.021317907,0.01,0.5906265,0.026174677351944453,0.38152767382816666,0.01068140067450507,0.009442845285497178,0.01853330744368151,0.0715822939192662
0.009838808,0.018670406,0.0144,0.017822761,0.01,0.016006588156289945,0.07203733288564314,0.011443733288564316,0.012772479946277173,0.01979725744984471,0.38538080214891296,0.21064995658406233,0.0,0.017130661369352946,0.09647464910344267,0.21680667303301146,0.0,8.084372,0.63781196,7.5203094,-0.0061192666,0.014229346,0.0096,0.0128379045,0.01,0.009657280041380181,0.024143199930926052,0.003627160465566885,0.004072428857897851,0.013944439557835812,0.061377758465591466,0.2103192509817803,0.0,0.01160518579830905,0.03245704545025117,0.21652336350113915,0.0,2.7033381,0.28394467,2.4531105,0.022566905,0.0136,0.6051457,0.01506701543793929,0.05200938157400583,0.009393731934774314,0.010537491097466808,0.01871702131339639,0.2999313062967355,0.016178872708688778,0.06943213375793071,4.0933113,0.7325482,7.5342455,2.0050752,0.021965029,0.01,0.62422687,0.024144789552483063,0.38318079986724196,0.009317808110937733,0.010236993297783102,0.017323478807424166,0.07062587705224084
0.009846353,0.018440964,0.0144,0.017690951,0.01,0.015525653431825187,0.07176160049245922,0.010774746579367092,0.012698986317468307,0.019439387000195846,0.36303632200117514,0.21056595066661085,0.0,0.01701685459084388,0.09882640897624949,0.21673399945697444,0.0,8.11699,0.620234,7.5644665,-0.007200649,0.014499055,0.008799999999999999,0.013251394,0.01,0.008745256669600212,0.025104199061877528,0.0025093959449276554,0.0082016776971021,0.012769186445692231,0.06787674578276884,0.21017523622028106,0.0,0.010279483913515741,0.03641664548163849,0.21641362341765935,0.0,3.0364728,0.2562811,2.8145375,0.022692109,0.0144,0.62209445,0.015397934687497901,0.05062797189317202,0.009811431248512463,0.009893608145430525,0.019062236122230115,0.2807697676826112,0.016709631684035685,0.07104032278102775,4.18291,0.76717293,7.678824,2.0252347,0.022103602,0.01,0.64289236,0.023555910688110374,0.3877370814610322,0.007892487399853963,0.010221683199971578,0.01704174071145559,0.07165152043519839
0.010231566,0.018610494,0.0128,0.0176519,0.01,0.016293499958029044,0.06925919986569294,0.01162435554063254,0.012603839973138586,0.020131067125549133,0.32143456110131785,0.21094642821298093,0.0,0.017663501649835506,0.0962751737271131,0.2175194394999643,0.0,7.614394,0.59487945,7.096487,-0.007988204,0.015170656,0.0064,0.013009283,0.01,0.008392621751892192,0.024966799125331063,0.0017238171535313086,0.0044333620069957275,0.012620047303672572,0.06860047355908243,0.21107580839990828,0.0,0.010373587237636274,0.03405409497552747,0.21726369482942795,0.0,2.9330406,0.21270621,2.7535446,0.022816133,0.0128,0.61690545,0.01620496390575868,0.0479493833978762,0.010588600083056463,0.0071876568190208205,0.019811272975546627,0.27508779902390107,0.01739487700279251,0.06912341744571103,3.9538283,0.74284416,7.2528462,2.0647883,0.021927858,0.01,0.635123,0.026712220887717564,0.3519772319429706,0.01099252598601602,0.00919808684890279,0.019190211419124383,0.06943473875059074
0.010332529,0.019397117,0.0128,0.018669296,0.01,0.015542133355717852,0.07073200033576765,0.011420710969342553,0.011931066454013822,0.01939125728196086,0.3030258673158175,0.2109738780114462,0.0,0.016947942584786595,0.09310272712250407,0.21724418211329075,0.0,7.9149523,0.6323973,7.3599877,-0.008799879,0.016562099,0.0072,0.014136353,0.01,0.00859335941547306,0.023766797184037528,0.0020226718959455866,0.003637785988134249,0.012621861278406095,0.07011011861560743,0.2109164535599035,0.0,0.01032883053437863,0.032230643989216934,0.21698842535659102,0.0,3.112073,0.2528262,2.8947768,0.024426982,0.0072,0.745072,0.009661586112714532,0.04876164415617845,0.004392081210988499,0.011700894074512573,0.013374541159211596,0.203793594622638,0.010984743539161491,0.06719193973152825,3.963931,0.44298226,7.554305,1.8857249,0.023417495,0.01,0.648092,0.02587185983547933,0.3211589655070668,0.010897843099337336,0.00818117170413068,0.018410572448747404,0.0681403809011621
0.0103795715,0.01979387,0.0144,0.018799772,0.01,0.01563749315873415,0.07125413246033745,0.011284059934525295,0.011936239738101227,0.01917827012507346,0.3599130805002938,0.21073328440831093,0.0,0.016930545739504442,0.09470963851183112,0.21675235652450575,0.0,8.331009,0.67249686,7.7247868,-0.009489571,0.017019883,0.010400000000000001,0.015197095,0.01,0.01031880100237745,0.022237599862922744,0.003704728978401454,0.002847521773003885,0.014037156757561614,0.06862075935235078,0.21026648437308815,0.0,0.011803015109912166,0.03262713440705223,0.2164078004569651,0.0,3.3398073,0.34716094,3.0142097,0.02495395,0.008,0.7379306,0.008907696724580774,0.05080141392741862,0.00366685698965598,0.012450631263288386,0.01240092000516638,0.1887467844760188,0.010179592561269327,0.06995461339103645,4.2053413,0.44325903,8.01586,1.8897159,0.024174018,0.01,0.6798213,0.023087736675565653,0.32726067500144956,0.009677150852526708,0.008283645478097524,0.017048509994571717,0.06842683816065345
0.010524692,0.019094007,0.0144,0.018379498,0.01,0.016002449844707462,0.07008783950306388,0.01193678395030638,0.012483919751531935,0.01954441014018298,0.32318509370715465,0.21078336618944307,0.0,0.01718781028609901,0.0943431146684621,0.21683762584985997,0.0,8.040989,0.66936904,7.44209,-0.01004615,0.016532881,0.008,0.0149744665,0.01,0.008261828879852419,0.02423280215896678,0.0017642325328722564,0.005006557861594805,0.012019926885310542,0.06985905288183512,0.21034197212752498,0.0,0.009820214536600905,0.0341677394740369,0.21647104164016148,0.0,3.4508963,0.26451045,3.2224677,0.0243475,0.008,0.74645156,0.009293991307190344,0.0517525498356404,0.003942606109390544,0.012256350811618544,0.012684572874616652,0.22839576373505135,0.010409099797035923,0.06922344157214809,4.123102,0.4549995,7.8542438,1.8667189,0.023707395,0.01,0.6836629,0.023709899877943457,0.3414918926227774,0.010086654366952316,0.008415844994987976,0.01723035070480421,0.06813690497540113
0.010543552,0.01951894,0.0152,0.018396141,0.01,0.015997943183317147,0.07039040152214666,0.011545706595036245,0.004734847914043481,0.019619154968761633,0.2966227231875542,0.21059380346878626,0.0,0.017131077902498737,0.09258872284582709,0.21658767990209826,0.0,8.0151415,0.6793461,7.3980455,-0.010509267,0.016996,0.010400000000000001,0.0154097555,0.01,0.00951862852526997,0.024076801610653446,0.003258453064510104,0.002575359037034855,0.013538194984702885,0.07197824308423413,0.21002535946633544,0.0,0.011451275889384806,0.033530741044034945,0.21621771489494515,0.0,3.6267967,0.33272067,3.3172011,0.024631958,0.0152,0.6560245,0.01581228056254513,0.04809276844086561,0.010538040556308944,0.004930990094281042,0.01919294392346319,0.20335875128937475,0.01683979923872712,0.06953876225045767,4.2818136,0.85826457,7.774457,2.1737661,0.023997469,0.01,0.6972877,0.021220073891911967,0.3345525811889691,0.0073397384515030235,0.007980718376297354,0.016616083768831516,0.06917705989856428
0.010659827,0.020401202,0.0024,0.019486988,0.0,0.0060270768197638065,0.0783519986569294,0.002282763611944165,0.014318399955230978,0.009519573619855054,0.2907936042978259,0.20118741344715357,0.0,0.007388192277108374,0.10147749219759022,0.20760824766244912,0.0,8.296061,0.18563041,8.186444,-0.010749754,0.018859833,0.0064,0.01585432,0.0,0.008710000214183219,0.023265000321274817,0.0019791116053181667,0.0032302853838316143,0.012292333276887167,0.07290266615262696,0.20098066479338614,0.0,0.010013238218548486,0.032562882367874316,0.20717801082940673,0.0,3.6709714,0.28543124,3.4464858,0.02697895,0.0064,0.7740784,0.009600283366454323,0.0467715734226342,0.00392567493226893,0.009790203733919263,0.013031698806058194,0.18226012132649136,0.010767361501200457,0.06477689012806404,4.2492237,0.4769785,8.126362,2.0137298,0.025121747,0.0,0.68296975,0.01664821525276686,0.29998220341496695,0.0014496334197063733,0.016437782077879735,0.009163428013927373,0.074893547359228
0.010821146,0.02134937,0.0056,0.020088995,0.01,0.006974728744179629,0.07328519432552673,0.0029072353702350026,0.003697027449005286,0.010411286338776653,0.3388733612020482,0.21085673509491037,0.0,0.008250507527673746,0.09945456774906376,0.21684411736492487,0.0,8.61992,0.29488182,8.377386,-0.010880087,0.01910612,0.0096,0.016782412,0.01,0.00955096061170725,0.021877401529268137,0.0031535479449120883,0.0025273062177386535,0.013189152537835116,0.06925932213089327,0.2104281451195151,0.0,0.011086587082811456,0.03177521161127935,0.21645254590312338,0.0,3.8541813,0.36745474,3.520699,0.027453505,0.0072,0.72369176,0.008264945055878705,0.048796436185098144,0.0030911999152969656,0.01198268722809987,0.01160996277809354,0.1966168324071954,0.009471767109952725,0.067401738963036,4.5057726,0.4539576,8.619911,2.0195005,0.026176652,0.01,0.6959587,0.023301115497709902,0.32041891159676006,0.010269813618841609,0.0073586921006608035,0.017179971440899992,0.0641587995765757
0.010774326,0.022949468,0.0056,0.021476071,0.01,0.006971199529925297,0.07424639749293489,0.0029959877832232452,0.002989568236380423,0.010362809106764782,0.3725768546405887,0.21086998442965976,0.0,0.007991404031408501,0.09830114636119797,0.21682934042619323,0.0,9.521154,0.3187722,9.265529,-0.010891218,0.020508692,0.008799999999999999,0.017906697,0.01,0.008831636807579753,0.02257400244168862,0.0023642301796385256,0.0036916018762449395,0.012274800388608446,0.0720732024673906,0.21040981512377951,0.0,0.010240158593414844,0.032128507499564384,0.21642030286631087,0.0,4.281353,0.35167372,3.966887,0.029237175,0.008,0.76637393,0.009056739377438953,0.047535191052818775,0.003959040281080888,0.011100147690257627,0.012238821438082413,0.21189342482243193,0.010092203050656553,0.06663480543677838,4.914282,0.5424364,9.362209,2.1807323,0.027961964,0.01,0.6950122,0.022978871462557324,0.3727863340214166,0.010274975838838287,0.007361098988607243,0.017109985762061443,0.0653331594295088
0.010805612,0.022474388,0.004,0.021018744,0.01,0.006590355260826164,0.07405659867371779,0.002564115290400878,0.0038810540382639533,0.010017680565048977,0.3741237639553429,0.21107909273722805,0.0,0.007721845166885759,0.09974563444590508,0.21720948171155544,0.0,9.235908,0.26041725,9.047518,-0.010708476,0.020094045,0.008799999999999999,0.01706534,0.01,0.009764701204978929,0.020771760608686782,0.003332941325296133,0.0027727053501723606,0.013598584753433805,0.06847433888977239,0.21092476319687098,0.0,0.011369514258852678,0.031017084967879374,0.21692126542020634,0.0,4.1834917,0.38444024,3.846067,0.028767718,0.0072,0.7676722,0.009394361430645723,0.04688689738059413,0.004330852509898887,0.010520564494415402,0.012750231237636217,0.20318484939694254,0.010610266204041227,0.06599142586072049,4.775391,0.52540463,9.116859,2.1613932,0.027074222,0.01,0.68196136,0.025570359089568485,0.37557409046179546,0.011044660445907937,0.007071420787464701,0.018161261073874328,0.06521862242864049
0.010574175,0.019932112,0.0128,0.019040085,0.01,0.014485929261656838,0.07346079744816587,0.010317215948963303,0.013754431897926635,0.018084340132628222,0.5358747210610257,0.21080778321332302,0.0,0.015656624992106707,0.1051123437204002,0.21691357824366922,0.0,9.917017,0.6316128,9.387128,-0.010557735,0.017740186,0.008799999999999999,0.015884932,0.01,0.009099402428837628,0.026998804857675255,0.0026639527533631278,0.003719764826832873,0.012697538211040364,0.08135568656428709,0.21041061049769688,0.0,0.010597901963765572,0.0394842643140099,0.21652000755021866,0.0,4.7618637,0.3207576,4.4875174,0.025487646,0.0128,0.6728795,0.014229487966307214,0.05169536266259477,0.009265088412779095,0.007753617370057063,0.017598083986327263,0.43596619808599835,0.015321866972259294,0.07270628770206984,5.361597,0.79993725,10.03737,2.2104683,0.024796288,0.01,0.695302,0.024110987744234365,0.6194398344970589,0.010166585160313275,0.008635650134765641,0.017333011813267803,0.0737733426786899
0.010505387,0.019113312,0.0144,0.018478686,0.01,0.016373527468083012,0.08563626738297098,0.012198596852823993,0.014193919695570661,0.0202882746579367,0.7488179226055569,0.21076211597277972,0.0,0.017647822618045483,0.11166346785413649,0.2169614542223361,0.0,10.914223,0.6843002,10.342394,-0.010240952,0.016611729,0.008,0.015326965,0.01,0.008482255347578939,0.031852406348390414,0.00250609685456393,0.009865852282767087,0.01266238777603885,0.11114865514360983,0.2104010337296076,0.0,0.010284709228770316,0.04311177373219049,0.2165622783653799,0.0,5.406336,0.26408386,5.1755886,0.024565361,0.0136,0.6863836,0.015224977936008598,0.055916396431827525,0.009963473267167547,0.009949359061319935,0.01897770804087777,0.6175209486793715,0.016508166981946806,0.08288340745645541,5.934426,0.8107632,11.174297,2.2051306,0.024007866,0.01,0.6924363,0.024613326277872785,0.764696533912482,0.010080354454602087,0.010147539808190645,0.017527195762417805,0.08406717464428531
0.0104468055,0.016398182,0.0216,0.015812375,0.02,0.024688000000000012,0.09198666666666667,0.018155999999999995,0.016712,0.028802000839419133,1.1662040016788382,0.2207066013807903,0.0,0.026067448625080807,0.14144731162529622,0.22732883567752732,0.0,11.780509,0.86819446,11.079315,-0.009924399,0.013976106,0.0072,0.013118053,0.01,0.008522561648522697,0.04113760262374084,0.0028106414038074944,0.011214189599826513,0.013271186621982723,0.5694610186553577,0.2105704729472742,0.0,0.010335261604261587,0.057438153880661307,0.2168913342758081,0.0,5.98019,0.22703448,5.8025494,0.021088764,0.012,0.68831396,0.014730916094001395,0.07315415028667335,0.008349277742954792,0.013840551637732096,0.01882575340788908,0.9644765150217274,0.01611291309547787,0.11056550038951529,6.448566,0.62452084,12.40011,1.9079795,0.020518113,0.01,0.6936397,0.02621907297296403,1.138805190301419,0.010141015013968298,0.014866377023558584,0.018528300533461176,0.11318841744516693
0.010343181,0.016612755,0.0152,0.01608464,0.02,0.01574566117169993,0.10381871904641987,0.0047787190464198825,0.024789359523209938,0.01998258892119379,1.165434746355522,0.2201098035924522,0.0,0.01704799652389752,0.15625997288836613,0.22644343573607884,0.0,12.084171,0.5585161,11.6328335,-0.0096275555,0.013911171,0.0112,0.013498377,0.01,0.010394400179913919,0.03983776007196556,0.003999719367009539,0.009599550987034975,0.01501998199524378,0.5787899196812955,,0.0,0.01222694101154616,0.05656735298455554,0.21614956626243645,0.0,6.0873256,0.3198609,5.823183,0.021373233,0.0152,0.68048257,0.015477996075976216,0.07277609147991972,0.00832776685054264,0.012783060609956622,0.019603387854605216,1.010333642709265,0.01679321152444263,0.11039648724706559,6.6113024,0.7215954,12.6275425,1.9575613,0.020821895,0.01,0.7053207,0.021787471679662714,1.167348800754855,0.005181043081041566,0.01655795141162993,0.016406733127426562,0.1162976667599926
0.0103116715,0.0154238315,0.024,0.014793646,0.02,0.023767266291726128,0.12060359775035674,0.011173813033380884,0.029521439100142693,0.02892756551666248,1.3960464793083187,0.21648096446223053,0.0,0.02550010065866545,0.20390090298959976,0.22611697440186235,0.0,13.012367,0.7965245,12.392164,-0.009241199,0.01236528,0.0192,0.012082352,0.01,0.017628444576127323,0.04505600038552823,0.011532799563067101,0.004443732453756627,0.022798080191736653,0.7263904009606107,,0.0,0.019589638433894198,0.06548186765050552,0.21593330606685904,0.0,6.6067986,0.49388784,6.1798577,0.01908409,0.0192,0.70487225,0.018678254303811537,0.0902222336214488,0.010404729542783753,0.019014755716348513,0.023583766423405542,1.2455033804510933,0.02037869327411436,0.14387118750876082,7.096116,0.7913331,13.55441,1.9322392,0.018583806,0.02,0.65005547,0.0313764785554244,1.4064446111045417,0.013814020793102913,0.01828788356834858,0.02604018630893066,0.16519799338145497
0.010299022,0.014992687,0.032,0.014548893,0.02,0.03357106662189762,0.12205279946277177,0.021362111978510893,0.02387018663085145,0.039461880718542765,1.398031681916114,0.2180921299672062,0.0,0.03602582885164561,0.22696788628975695,0.22682453350245502,0.0,13.320917,1.124171,12.456407,-0.0088235345,0.012063568,0.0144,0.011664689,0.01,0.014669200093705013,0.05184304002840067,0.006880760136220534,0.009923040544882085,0.02050081787571494,0.8074536805909042,0.2100369034408684,0.0,0.01723023536102801,0.07421164604224509,0.21662605428678625,0.0,6.781308,0.38887465,6.465219,0.018550983,0.020800000000000003,0.6595858,0.02228024339958588,0.10030196729583366,0.012410014941967074,0.021198280262269904,0.027935047489293402,1.2743829428417537,0.02455921107467061,0.16447345476466624,7.3411584,0.91717654,13.969957,2.0330956,0.018153757,0.02,0.6411207,0.03582172511228087,1.5377973842050063,0.01559840293211124,0.021497747867941834,0.027907142231122038,0.1890097461690732
0.0099346675,0.0145804025,0.0368,0.014212054,0.03,0.033873279946277174,0.14765546657712864,0.02005663997313859,0.031656639973138584,0.03923658770530792,,0.22330377567366327,0.0,0.035607076126729,0.3092141526657427,0.2351347996969678,0.0,14.4099865,1.1211994,13.581647,-0.008462222,0.011702256,0.0192,0.011099299,0.02,0.014256265929876418,0.05729219944740731,0.007534751373849212,0.013236879778962922,0.020612766787291823,0.9175773057510161,0.21276190303025033,0.0,0.01674529770229101,0.0839589732629882,0.22513142115318566,0.0,7.3207207,0.39346772,7.0030084,0.017933143,0.0256,0.6526425,0.022224257934315164,0.11519971162372665,0.01255758236532247,0.025895017305304316,0.027659458417443602,1.5070265782662062,0.024227913754635663,0.23827263159157822,7.9471292,0.92467564,15.194715,1.9635124,0.017691914,0.02,0.67816556,0.028840787234101554,,0.010804318893767331,0.02848301749616729,0.02380032348148589,0.27124199480732225
0.009975275,0.015094537,0.024,0.014668495,0.03,0.02346999972019362,0.13520999916058088,0.0106419998321162,0.03744199983211618,0.028629666974453676,1.493452001231148,0.22534437711020994,0.0,0.025280000352965865,0.24453333503219282,0.23595384395706975,0.0,13.6177025,0.7647901,13.038552,-0.007826565,0.0118782725,0.0184,0.011381991,0.01,0.0160439993454032,0.0521759943455632,0.00995904105892182,0.007798401764869667,0.02219382729485401,0.8220783952338928,0.20104458962048177,0.0,0.01915088478742382,0.0695345129841506,0.21596938379310401,0.0,6.6840186,0.4455573,6.3099527,0.018716693,0.024,0.6326313,0.023091004102027864,0.10270977227738706,0.01235173727289366,0.01737719447937987,0.02843454056117089,1.335069803342824,0.025152616071770308,0.18146816475246527,7.4671917,0.9751146,14.161674,2.0457304,0.018261889,0.02,0.6478262,0.031612510785518994,1.521764755360175,0.012532407052286842,0.02270257810579883,0.025848362113137142,0.19552442449075538
0.0099413255,0.015239435,0.0328,0.014897715,0.03,0.033482488411352686,0.1229423957021741,0.0209961597134783,0.022347119785108706,0.038482719829877714,1.4005240797448166,0.22599397574405714,0.0,0.035043406408285724,0.2069514914826573,0.23622033598760206,0.0,13.358859,1.13169,12.478594,-0.0071078865,0.011739362,0.0152,0.011201338,0.01,0.013539360069266787,0.05104840005140397,0.006899872486229378,0.00809936002056159,0.019858847829107615,0.8020988478366767,,0.0,0.016399619779620296,0.07119923955924057,0.2161987720982775,0.0,6.21499,0.3584131,5.914207,0.018395571,0.016800000000000002,0.67584366,0.01721173167354327,0.09598797195694556,0.0074832008263158506,0.02676837691788092,0.022223593306331394,1.3253236725672468,0.018860754677656997,0.16363271572189295,7.155065,0.676595,13.785346,1.8131384,0.017958703,0.02,0.6159767,0.03373599977879813,1.5441968117184859,0.01409060495094856,0.023065051940052685,0.02659797400219304,0.18563006162792928
0.009786441,0.01617096,0.0368,0.015789296,0.03,0.033766754898943284,0.1123503970452447,0.020715038361453844,0.02303007672290775,0.03909024024175269,1.329270720725258,0.2235619360010047,0.0,0.035370626692954286,0.1829687550809498,0.23511720851388276,0.0,13.606497,1.2463115,12.609514,-0.0063706543,0.0118138045,0.020800000000000003,0.011243314,0.02,0.015992266384837465,0.045553601490715155,0.009964388195917764,0.009116905917598584,0.02157786178621368,0.662318826598842,0.21198167301202167,0.0,0.018280593823659593,0.06072039582915896,0.2251658830866348,0.0,5.963256,0.45286974,5.571333,0.019375745,0.028,0.6038673,0.024638304767840465,0.09036821515709152,0.014720446556607657,0.01755177617154901,0.029666151878179562,1.2094769480371375,0.02650816468368448,0.14214726026731908,7.2931232,1.1130357,13.677636,2.1688485,0.019152686,0.02,0.6273925,0.028675097190554624,1.3388049014470866,0.010947014300639069,0.023324629919806703,0.02372210880768648,0.15654954409812116
0.009874977,0.017080959,0.032,0.016535092,0.02,0.0330651333277372,0.09892719997761548,0.020479079996642304,0.018716319986569294,0.03757477761389118,1.1446822955314921,0.21784816497321627,0.0,0.0345053991610956,0.15092699536310758,0.2264692085086973,0.0,12.805119,1.2549715,11.7755165,-0.005536253,0.012254892,0.016800000000000002,0.011902392,0.01,0.01576879962812477,0.039137598792006685,0.0100110068752811,0.003655034376405578,0.021727908478049132,0.5030238398847428,,0.0,0.018835149044216175,0.05248201495627776,0.21633227581959033,0.0,5.2656794,0.4484282,4.881873,0.02023806,0.0144,0.64326036,0.015353998932662717,0.0871819905882353,0.005994687999999996,0.022534130898568733,0.01982877085825121,1.0285375177739364,0.01690069859552723,0.13106865654899164,6.7021685,0.64854795,12.885506,1.8967695,0.01977311,0.01,0.6459389,0.024320291275032914,1.2245971048224638,0.00507416653880405,0.026045171020975713,0.016970838072901912,0.13481200917054229
0.009646867,0.018418552,0.0224,0.017899312,0.02,0.024514571596455245,0.09200400235037354,0.013493599709001365,0.02149359970900137,0.028961029367677568,1.0253636027868713,0.22034668289500667,0.0,0.026104606408340985,0.13515066837386958,0.22697068041992477,0.0,12.5430565,1.0187558,11.728474,-0.0049126553,0.0132546425,0.008,0.012568198,0.01,0.008230999807235094,0.03772399922894044,0.002248265308034797,0.010886199306449377,0.013687900001280059,0.10850106661124682,0.21022280410165772,0.0,0.010825770028875605,0.05145154040759861,0.2166513093597815,0.0,4.785284,0.22071053,4.6046286,0.022196477,0.0152,0.62698126,0.017061171191516268,0.07085485168615362,0.008494029603604986,0.012002750690189475,0.021463134650375557,0.8710682011112789,0.018653850007887423,0.10155732949671614,6.482468,0.8286817,12.301523,2.1343174,0.021689875,0.01,0.6180537,0.025606937589903823,1.0593639036275908,0.007399459750730415,0.017972324512331554,0.017843299812493923,0.10829531192496038
0.009540357,0.020744033,0.0144,0.019967394,0.01,0.015284857118873743,0.08118799966423235,0.010351519986569292,0.022052533310948818,0.01940108271241006,0.7342546015277428,0.21044143876754973,0.0,0.016650004285523254,0.11091001285656982,0.2166246605264488,0.0,11.44023,0.68580395,10.858416,-0.0043110894,0.014972146,0.010400000000000001,0.013970308,0.01,0.009778400489255091,0.028949601619225086,0.0036299786571452387,0.0055765874188781085,0.01424087172489617,0.0723226150681805,,0.0,0.011729654228659318,0.03892413502880273,0.21625288072379636,0.0,3.8926759,0.3028858,3.6199536,0.024921943,0.0144,0.58744353,0.01510554197705801,0.05941078614844487,0.009253105375544145,0.012162506869387498,0.01910872911081051,0.615091811826715,0.016424687563515544,0.08138047542988072,5.839925,0.81929475,10.967814,2.250715,0.024369368,0.01,0.61049503,0.022895412641755968,0.7303915604501208,0.006513451363208205,0.013115647111591869,0.016794219647316453,0.08321036660694209
0.009468685,0.021481397,0.016800000000000002,0.020456232,0.02,0.01540309286773554,0.07980927860320657,0.010581546657712852,0.014714879991046195,0.01958213813786315,0.7110508798791237,0.21864049958909917,0.0,0.016879351159969566,0.10810363874652466,0.2260716552125758,0.0,11.719707,0.7571548,11.06489,-0.00385029,0.015438974,0.0112,0.014409308,0.01,0.008153068174516465,0.028229602261774723,0.002031480643713621,0.004883949313678505,0.012561897418895933,0.07113328188925468,,0.0,0.01014437297015279,0.039266236794335184,0.21553473306516022,0.0,3.8338873,0.26325557,3.5866745,0.025415897,0.016800000000000002,0.56386584,0.015299974575834405,0.05852946898129659,0.009589817968708395,0.011549453237331999,0.019137939673630353,0.6135147193346674,0.01662140461840636,0.07990242775371746,5.977246,0.8909532,11.164185,2.3085535,0.02500719,0.01,0.6140797,0.01922035484959842,0.7082912209907261,0.0036583200109649282,0.01396916919793416,0.015278852876998173,0.08320579174696445
0.009700788,0.02158214,0.0128,0.02088982,0.01,0.015213099555107874,0.07540191857634516,0.010505627984707324,0.021926984638630066,0.019043818976468264,0.528428642323512,0.21071789028312973,0.0,0.016531339347878884,0.10179252255454575,0.21705580675645125,0.0,10.714738,0.6833294,10.140247,-0.0033201503,0.015604556,0.008799999999999999,0.013647261,0.01,0.009257600443358343,0.02301013351610252,0.0032332796317606606,0.002153215586301507,0.013956388564347435,0.061898240131936726,0.21061584523417934,0.0,0.01144546050863405,0.03233092132538502,0.21678735326894785,0.0,3.363347,0.2874979,3.1145105,0.02571503,0.0128,0.57483673,0.014984568528800948,0.05265191039493824,0.00938150976472093,0.009878414630495307,0.01879411394120898,0.39914619059125805,0.016278476067393466,0.0752046566268311,5.4106607,0.80988276,10.128595,2.2883527,0.024952602,0.01,0.5786896,0.02549525382988996,0.56499393087664,0.010237068300070434,0.010376733946398235,0.017998124725630973,0.07648496073902349
0.009614248,0.021446781,0.0152,0.020532565,0.01,0.015351542972263179,0.07972160161168472,0.010209188617476685,0.01426608008058423,0.019259914585875823,0.7079788896163854,0.21026481185701723,0.0,0.016941841590884268,0.10698438268019816,0.2164350103550412,0.0,11.577919,0.7095935,10.95705,-0.0028683953,0.014920894,0.0096,0.013928331,0.01,0.008610285601511806,0.025071997686821307,0.0018867994602583167,0.004764798654933026,0.012640872610896985,0.0699623996500115,,0.0,0.010267301598361747,0.03509460315286698,0.21603523445230924,0.0,3.4797635,0.25490275,3.2506392,0.02548214,0.0152,0.57048386,0.015207634791613963,0.05666394195220645,0.00939430116793128,0.010771879204089738,0.019081749063018377,0.5846989104450538,0.016702410635405795,0.07970245814007064,5.811823,0.84358686,10.87329,2.289033,0.024810977,0.01,0.59604967,0.02104018344520178,0.7158020485504271,0.005386277515591332,0.01282354473960271,0.016360570388826972,0.08115188481370494
0.009729191,0.02133184,0.012,0.020675022,0.01,0.016456699823721964,0.07850719717955175,0.011527146926326988,0.020645360194745235,0.020494843616217576,0.7157443223369429,0.21096782997499308,0.0,0.017744945950069767,0.10202924269262503,0.21788465482172448,0.0,11.069109,0.6809171,10.527014,-0.0023714188,0.014655825,0.0048,0.013069581,0.0,0.0074929331682340025,0.026985866049819014,0.0016639394076300505,0.006911515774593583,0.012127607240432554,0.06390183955752471,0.2010127678021235,0.0,0.00966518117283381,0.03438339871160759,0.20742609461139472,0.0,3.1290045,0.18713215,2.9921794,0.025058502,0.012,0.5523736,0.016328065333464203,0.056458148691237636,0.01046762810071673,0.010226059107605674,0.02014415617745358,0.5397710948163761,0.017569112082733998,0.07936804444662145,5.532372,0.8108423,10.404682,2.3209405,0.024239087,0.01,0.5491623,0.027251722013375213,0.6796264137216127,0.011252693164360537,0.010232633157979558,0.02074363950506417,0.0786106161159768
0.009336656,0.021502476,0.016,0.020730276,0.01,0.016055569029308662,0.07916119869050618,0.01112921135374322,0.022140895895240497,0.01996716585722679,0.7397701610005876,0.2102489289501547,0.0,0.017314619157544304,0.10610175057710751,0.21636811900916755,0.0,11.597553,0.7865076,10.933416,-0.0021311631,0.014763429,0.0112,0.013756952,0.01,0.009446971559769327,0.023332200439142074,0.003273220217824337,0.004292880871297307,0.014047183964222859,0.06447183961961062,,0.0,0.011671480244275199,0.03259771387685785,0.21595401383329907,0.0,3.312675,0.30112275,3.032995,0.025261028,0.0136,0.58512485,0.013509257900664897,0.05842793576131087,0.007793426415871272,0.013911734046884993,0.017245102451202865,0.6029331302783502,0.014755399215964008,0.08011677346060747,5.748911,0.76337326,10.839611,2.2008555,0.024879673,0.01,0.58588797,0.019919674305794572,0.6685182786863751,0.005161733768000332,0.013325141576231778,0.0161572473673349,0.07963973359564176
0.009501082,0.021448998,0.0128,0.020610228,0.01,0.016133099974817423,0.08010591991941576,0.00893295928817256,0.02133318371526903,0.020285234329843752,0.6735966403089062,0.21078293852212598,0.0,0.017410203603007223,0.10744081441202893,0.2174224368409148,0.0,11.372438,0.6985509,10.811705,-0.0016692043,0.01430147,0.0072,0.012525064,0.01,0.008990743045121279,0.026045066764833844,0.002466761737049137,0.005333523742209084,0.013533613246015829,0.06144067178510588,0.21096081672865932,0.0,0.011019065440044825,0.03279526511998478,0.21717875305025264,0.0,3.162167,0.24082503,2.965046,0.024974944,0.0128,0.53783333,0.016033212046105746,0.059430770298280415,0.009361391745692527,0.011410506874975966,0.020009070059307986,0.5826838012080773,0.017315173770098363,0.08054138785473755,5.6933937,0.8202401,10.711811,2.293745,0.0241176,0.01,0.5460701,0.02665605214948627,0.7085955999190087,0.010573837822746839,0.01226014774724948,0.01905510807415354,0.08157733224919513
0.009466244,0.0204853,0.0128,0.01981961,0.01,0.015643679789585623,0.08586379921094603,0.004892759842189207,0.02385701312291894,0.02018138293101174,0.8636696805170823,0.210563744098274,0.0,0.017114231493452644,0.11354269415064296,0.21720922472490362,0.0,11.875811,0.6477295,11.361898,-0.0013331714,0.01338567,0.008,0.012022057,0.01,0.008896000000000005,0.029087999807235497,0.003139199250359752,0.00443519501381482,0.014035199980009565,0.06915839969157649,0.21069963837029348,0.0,0.011329599360004931,0.040259198720009826,0.2169576069958163,0.0,3.3559258,0.24704587,3.158341,0.023738345,0.0128,0.5296926,0.015527621014465103,0.06532561718151263,0.00890769909981891,0.013632913941813518,0.019898165765049134,0.7399749499057858,0.016991536163741737,0.08637079892808204,5.972011,0.76136065,11.327465,2.192591,0.023180742,0.01,0.54523915,0.026209242173750483,0.8469282429597521,0.009803965838736843,0.015150245238420587,0.018569716459580617,0.08925644497724554
0.009410547,0.020651946,0.0232,0.019964067,0.01,0.025817066621897627,0.07285599932846469,0.019618239973138586,0.012963733288564316,0.029940061962045322,0.7766736018355298,0.21059676894828114,0.0,0.027083145987955956,0.10293033580729563,0.21709444713497567,0.0,11.710168,1.1664413,10.712075,-0.0009702371,0.013370596,0.008,0.012160041,0.01,0.009130999807235094,0.02953099987651012,0.0028707995582476996,0.009089256972516117,0.013585266723971789,0.06924464007209402,0.2105418172037598,0.0,0.011325988236074636,0.0387779638417927,0.21683165961725345,0.0,3.2226954,0.23416114,3.0276616,0.023921004,0.0136,0.547049,0.01612501327851669,0.06126740533492338,0.009784948754806056,0.013115607948535427,0.020024955094810774,0.7110517267199417,0.01739140979217377,0.08633663991193537,5.838785,0.7971782,11.0079,2.228048,0.023375852,0.01,0.54708123,0.025820963679713173,0.8036737892802974,0.009624785068862352,0.014496553521437541,0.018232735888756367,0.08696577723817582
0.009438507,0.020956831,0.016,0.020255636,0.01,0.016538540892055652,0.08118506505498195,0.011377759758247293,0.021577759758247286,0.020693290534150355,0.7447993580122556,0.21031029976947616,0.0,0.017908570312866596,0.1097599921900663,0.21651705774809968,0.0,11.759204,0.7617842,11.106827,-0.00064208865,0.013506261,0.0112,0.01268531,0.01,0.010248000867441988,0.02704800086744201,0.004302628670564809,0.003106133564651201,0.014723657206062989,0.0611328003791039,,0.0,0.011973047490490172,0.03403450788223513,0.21611627237688633,0.0,3.1372375,0.29469812,2.8726313,0.0242648,0.016,0.5282864,0.016401372117066104,0.06029789720067523,0.010420157268512094,0.011691488022821663,0.020477088244529932,0.6527464522453748,0.017763473627910118,0.08272053305362852,5.8687167,0.8838591,10.967092,2.2807705,0.023899956,0.01,0.5595054,0.022172744847863583,0.7713252525812871,0.005786882539894407,0.01431462620692547,0.016582631109181564,0.08380084969051259
0.009442279,0.02161875,0.012,0.020970812,0.01,0.014871349785948132,0.07537079828758499,0.010087591035003788,0.02199610643834466,0.01900632537004394,0.6246737201376648,0.21079560242721587,0.0,0.01635264079758376,0.10244565705539097,0.21727950165483098,0.0,11.067219,0.65292,10.532891,-0.00033295667,0.014008803,0.008,0.012301968,0.01,0.009646514600497858,0.02228140003252901,0.0030294580544863946,0.003616281886525732,0.013773260025837498,0.0580620268873287,0.2108303425374945,0.0,0.011372291990328858,0.0312984042940863,0.2170232777521808,0.0,2.7665343,0.25045213,2.5548031,0.024973096,0.0128,0.52428603,0.015570561681641856,0.05523038827733915,0.010142484629591218,0.010985854263509478,0.01955934643461842,0.5206420642501953,0.016958250702239774,0.0745102215662196,5.4828005,0.80796075,10.286315,2.2787862,0.02431282,0.01,0.53052574,0.02624893886668538,0.6799656479023438,0.010516580561065822,0.010987490155221914,0.018676616214744684,0.07683022020348068
0.009461362,0.02293105,0.012,0.021919198,0.01,0.014948488392698935,0.06846819776714515,0.010089091244858538,0.01313363686728784,0.018614069425557503,0.4214027603458406,0.21087747460772516,0.0,0.016132396583082527,0.08922366906586404,0.2172673843428964,0.0,10.02608,0.69493335,9.443601,7.2880524e-05,0.014646548,0.0072,0.0122857345,0.01,0.009375200026772883,0.021375200026772866,0.0024459200932279604,0.003461023933329156,0.012676405329033968,0.05014608005959642,0.2110612217957473,0.0,0.010592283690992826,0.029769135173311475,0.21714455151879408,0.0,2.150589,0.23537812,1.9583384,0.026201094,0.012,0.50495875,0.014937916485220968,0.05149353852345353,0.0093769373392377,0.008241033346338711,0.018365893690086753,0.369469879916179,0.015978453197977298,0.06854726971325563,4.9075813,0.80307215,9.134066,2.301645,0.025127487,0.01,0.5108697,0.026234827166313153,0.4592769859957859,0.010818908023553037,0.008983846638967449,0.018657857767304477,0.0682861009083811
0.009327336,0.02339792,0.016,0.022372758,0.01,0.01620917613482061,0.06278533143064999,0.011767120020146057,0.012545200033576762,0.019768933434063638,0.38554693393771505,0.21045157304841586,0.0,0.01752037166348259,0.0862615795698011,0.2164447663843422,0.0,10.251527,0.8438031,9.49153,0.00023104106,0.015184108,0.0112,0.013556122,0.01,0.010277999938957874,0.019695000466852002,0.003210857424136202,0.002095200900853143,0.013785499976375013,0.04697100003714737,,0.0,0.011721396592283873,0.023510475353173067,0.2160638232954333,0.0,2.2389457,0.31942868,1.9465111,0.026757594,0.016,0.50651526,0.016174030283073126,0.04708888671579827,0.01106865228705151,0.006363898999448516,0.019574986720512833,0.359861592179365,0.01729721736818342,0.06492977363047327,5.0252676,0.9748376,9.166127,2.4203663,0.026159294,0.01,0.5447617,0.019932898161934744,0.43937100048171956,0.006710806315275449,0.01023690558498619,0.01638980029718695,0.0668834718144353
0.009355295,0.025477983,0.004,0.024324121,0.01,0.007072759506421562,0.07061839670947705,0.0026882764283479446,0.020453005815975343,0.010546967984554702,0.32924645323036456,0.21105408343897683,0.0,0.008310814846643779,0.08966355588975967,0.21733970036742994,0.0,9.741163,0.30134845,9.524149,0.00049100874,0.01654749,0.008,0.013583719,0.0,0.009647199522907202,0.01894159866349675,0.002901663286590565,0.002512959554213738,0.01324998394764939,0.041149759817194806,0.20103719341449583,0.0,0.011154780461783276,0.022083463595679812,0.2070940202753699,0.0,1.7819731,0.2835981,1.5278032,0.029131902,0.0056,0.56590176,0.008538711562035223,0.04992213975167861,0.0034532295626879656,0.012495164649793925,0.01185823868726493,0.15841458927479635,0.009698671553629946,0.06488105906674875,4.589011,0.4401757,8.827749,2.1831577,0.027743217,0.01,0.50171465,0.026273841587615223,0.31823309335868594,0.011235197334178224,0.007670533040475643,0.018735644481837566,0.06167984840594022
0.009464024,0.025369255,0.0056,0.024339654,0.01,0.006933159741458894,0.06986319482917822,0.0026577201376647283,0.021048773608662804,0.010293073673018262,0.2468779227174795,0.21076319090488496,0.0,0.008119502070839736,0.0892063070408551,0.2167594693452019,0.0,9.654627,0.33934695,9.376591,0.0007282496,0.016774062,0.0096,0.014088579,0.01,0.009510800307887939,0.015110800307887957,0.0023572957056870567,0.002346621152734048,0.013154045715646224,0.04111888014382393,0.21038355717520327,0.0,0.011063670768757175,0.021792509981481568,0.21641693839840262,0.0,1.7143724,0.3080986,1.4349244,0.029205918,0.008799999999999999,0.5973183,0.009995374405875737,0.046110705708868764,0.004841239346387784,0.010557771881065261,0.013257133965063395,0.13196888458116235,0.011042064162861335,0.06019827615743513,4.4735537,0.6014475,8.420989,2.243149,0.028123064,0.01,0.52470964,0.023320562215765506,0.16180440807941274,0.010240913303894176,0.007788694816480088,0.017193159295567997,0.05998844203360694
0.009466465,0.024257328,0.0136,0.023076834,0.01,0.015844968300883146,0.06035146590559333,0.011349088088642656,0.0119844115552038,0.01937752517516701,0.28270896398891965,0.21090037841046702,0.0,0.017075747071553588,0.08044086182199103,0.21705194296167546,0.0,9.071371,0.8115737,8.353535,0.0008557984,0.015602932,0.008,0.012662351,0.01,0.008828099872192978,0.01965619980080961,0.0018764957969289301,0.0030549853284499552,0.01262189538573225,0.04181058001725094,0.21092958587792898,0.0,0.010403960541797824,0.02267458757442732,0.2168784631570728,0.0,1.547863,0.24775638,1.3243047,0.027275877,0.0136,0.47491264,0.015804735494054513,0.04397783021539275,0.010970641650101698,0.005326909836722765,0.01918081150444059,0.1521216600955825,0.016960651238244553,0.060972910044029174,4.387622,0.9282591,7.9434276,2.4372532,0.026322525,0.01,0.5018476,0.025320962306686,0.16986871462888317,0.010788968186643686,0.008192181496502096,0.018001751778600125,0.06065541722778778
0.009326227,0.02339903,0.0144,0.02236499,0.01,0.016130665995131358,0.06088999748174263,0.011767198724082936,0.012174397448165869,0.019813777740470277,0.23020959986569298,0.21076841555683729,0.0,0.017444809026303208,0.0803702742999522,0.2168838576698279,0.0,8.819959,0.81609243,8.093024,0.00089638215,0.014634721,0.008799999999999999,0.012612492,0.01,0.009480800161172738,0.019410599955322745,0.002699565085688573,0.002882826357886281,0.013172719968903311,0.042518159849663575,0.2106015575680287,0.0,0.010940381438029816,0.023408319593100683,0.21669160554047265,0.0,1.5887947,0.26162446,1.3524814,0.026442198,0.0144,0.4844904,0.01613032218942867,0.04429791857076342,0.01124997162887894,0.006249049534044736,0.01963891671598103,0.1446022372799415,0.01731056522736817,0.06134277876208777,4.272442,0.93335015,7.703732,2.3819952,0.02567621,0.01,0.513482,0.02461800013841668,0.19991732083124972,0.010364899029026162,0.0085609515860181,0.01760400673555523,0.06186366189419382
0.009498419,0.02167356,0.0112,0.021074437,0.01,0.0150099420800806,0.06346783782422563,0.010635652256638423,0.01381391353983044,0.01878932556271061,0.22232527893897422,0.21104955779972698,0.0,0.01634578528908405,0.08198677933626054,0.21761629631254045,0.0,8.211516,0.6389689,7.6627655,0.0010332072,0.014150035,0.0064,0.011881985,0.0,0.008642560044207359,0.019737600214182926,0.0016325121883438442,0.003456256351191366,0.012873671266544534,0.043421013581214536,0.2008184294732647,0.0,0.010628286593841676,0.023027788017465706,0.207260710640483,0.0,1.3881954,0.21056788,1.2165842,0.024949592,0.0096,0.55308807,0.013295601197625956,0.04602848347705543,0.008169695027637907,0.008963025304381977,0.016917112358723715,0.15944984649608412,0.01456707661601963,0.062134571532458584,3.8582375,0.6376273,7.1732655,2.1104822,0.023824558,0.01,0.4852299,0.026946177320269556,0.2785024438512403,0.01142559296306068,0.008146514454003731,0.019700326958156822,0.06280387599621608
0.009349526,0.020823915,0.0136,0.019829815,0.01,0.014873800050365161,0.0646152002014606,0.010043039771678013,0.0137537997145975,0.018909771654015414,0.2559873606312432,0.21062746606603402,0.0,0.01620815475156232,0.08451416564822702,0.21679676411149565,0.0,8.32524,0.66730624,7.740098,0.00093603827,0.012855763,0.008,0.01136692,0.01,0.008443499763562068,0.020749777651251144,0.0013410670062657573,0.00428986699222515,0.01244527988340942,0.04475659982063843,0.2103328984529219,0.0,0.0099083205527053,0.027633280972628255,0.21652812111679828,0.0,1.5467035,0.1958315,1.3739327,0.023715414,0.0136,0.4989717,0.014840345291790572,0.047831759965522865,0.009329427638800007,0.008832504780683802,0.018773549162680456,0.16762397171091956,0.016136932835912512,0.06462182779213951,4.0251594,0.7623295,7.3736115,2.079739,0.022856694,0.01,0.5204982,0.024208182452461244,0.3576017168136923,0.009579884520861483,0.010016098352536909,0.017308204038222925,0.06603444774203655
0.009278519,0.020229232,0.0512,0.019528039,0.049999999999999996,0.015308249811130735,0.06804399899269704,0.010423299924452295,0.01392879979853941,0.01915184008506112,0.3766194003189793,0.23101020216152246,0.0,0.016683635781045633,0.08705090734313684,0.2377872312994472,0.0,8.349205,0.7211561,7.777598,0.00088339543,0.012676498,0.045599999999999995,0.0108908145,0.04,0.008166200115859647,0.02122592011026143,0.0014576527189147782,0.004386480113088735,0.012511327956268086,0.05047831994501186,0.22096524606973222,0.0,0.009954965778713359,0.028828253325273608,0.22745601160725235,0.0,1.6358714,0.22960827,1.4403739,0.023067245,0.052000000000000005,0.5112001,0.01597127260980951,0.04854141466403432,0.01058101922890073,0.009332877278182472,0.01975234860400933,0.24871340975686226,0.017342860200581255,0.06690935350362727,4.0410666,0.86969393,7.3625355,2.088817,0.02214182,0.049999999999999996,0.490807,0.02740374235156878,0.36693460792405685,0.011277603939047224,0.00872025179304613,0.020081843475474415,0.06693304468647998
0.009304037,0.018539486,0.0152,0.017638586,0.01,0.01529538435710183,0.06947999888077451,0.009741999832116153,0.013883999664232349,0.019391200067153523,0.3429560003357677,0.21024016763321318,0.0,0.016653990369549912,0.09032546801482223,0.21640070778735224,0.0,7.8493814,0.6098171,7.2895355,0.0007468022,0.011537603,0.0096,0.010443002,0.01,0.007800160155368395,0.021533599991432673,0.0018228799992656606,0.0031920319989719196,0.01286306280078702,0.05011035987763458,,0.0,0.010189726047900513,0.03031780990705915,0.21608112252646758,0.0,1.5288466,0.19332318,1.3502783,0.021134265,0.0152,0.5007472,0.015238035089629646,0.05102309410807443,0.008717240886936225,0.00948795052229175,0.019174246450079546,0.28475324897314425,0.016562211255513194,0.07082846316475112,3.8098183,0.70034695,6.9721017,1.8780931,0.020498194,0.01,0.5345567,0.020677934911863573,0.3758690082730884,0.005496810517624695,0.012046632626803838,0.01633486733165114,0.07128458587918621
0.009281403,0.017674534,0.0152,0.017066536,0.01,0.016717045761256304,0.07004053163211059,0.011586080080584224,0.012586080080584231,0.021107063064359454,0.36143296096701083,0.2105101993795153,0.0,0.018179955379936063,0.09191982171542176,0.21681627966190387,0.0,7.6858444,0.62948805,7.1244454,0.00034003734,0.01101674,0.008799999999999999,0.010042731,0.01,0.008934666263289363,0.021400666243208893,0.002350100046886018,0.004400799974298014,0.013667866549222935,0.04946906667719733,0.21035998281928456,0.0,0.010978031287934663,0.030823109062065316,0.21659469149578053,0.0,1.5416017,0.2082803,1.3644246,0.02023743,0.0152,0.5087408,0.01665913320453178,0.05092973386500946,0.01101991432276286,0.00958448118088631,0.020939997502341066,0.29193832859579305,0.01806625756305739,0.06989020983930411,3.7316887,0.7325464,6.807029,1.8815907,0.0198021,0.01,0.53188044,0.024672555443290136,0.36595405577961126,0.008316830064336856,0.011135142210582899,0.017439303975421153,0.07152238974897239
0.009226595,0.017618392,0.016,0.0169527,0.01,0.01687461339153306,0.07095960043649795,0.011903838831528584,0.014351919415764287,0.02108496026495118,0.3805115209714877,0.21040414859057052,0.0,0.01819035886854758,0.0950758966416734,0.2166278902370273,0.0,7.6615458,0.6408331,7.0784016,-0.00042942996,0.011438347,0.008799999999999999,0.010422595,0.01,0.007819466282922257,0.0234116799272635,0.002363893422433557,0.004745840133650322,0.012775017160222342,0.052625119544111955,,0.0,0.010164992325842651,0.032071232261258215,0.21626228221438445,0.0,1.7514774,0.18681313,1.5835767,0.02039759,0.016,0.52813447,0.0168147011109319,0.05020392379411451,0.01086720465720905,0.008573463818631387,0.02084382820477217,0.2575779937967414,0.018030735986361606,0.07034774801234013,3.75013,0.746057,6.8164835,1.8896972,0.019900365,0.01,0.55123395,0.02305740189102899,0.41003527980640614,0.006670317135664803,0.012208249972178595,0.016836716122106736,0.07272827047527683
0.0092856195,0.016782729,0.0152,0.015979461,0.02,0.014807093203503154,0.07432659951313692,0.00882531990262737,0.020660255922101904,0.01912350257888206,0.42782788080248463,0.2200231348572565,0.0,0.01620946805361932,0.09669822738680445,0.2262968077770762,0.0,7.676857,0.545643,7.1904593,-0.0014665178,0.011083993,0.010400000000000001,0.01039291,0.01,0.00828719976868215,0.024958999710852664,0.0020157332562273952,0.006282399922894042,0.013406199826260718,0.05966068562717276,,0.0,0.01048488090888968,0.03228488070809313,0.21585649730331344,0.0,1.9223925,0.19389273,1.739418,0.01958236,0.016,0.55221,0.01543228473096806,0.05413606777935348,0.008613167656368523,0.010650219820040526,0.019677726403857832,0.30317796972491423,0.01691396970639803,0.07334264957266566,3.7721274,0.6723255,6.930811,1.7649685,0.01900984,0.01,0.5784325,0.019898741036901486,0.4463621895346033,0.004479515400181739,0.013839699501277964,0.015980567494200883,0.07623963670083501
0.009438951,0.0006528208,0.3216,0.00011583026,0.51,0.5873884000671535,0.00047072005372282376,7.845334228713909e-05,9.414401074456473e-05,0.7216,0.002478826827835138,,0.0,0.7114877591170554,0.0005951036468221601,0.8887458928290597,0.0,-0.034615733,-0.008252744,-0.06701268,-0.002587092,0.00060921937,-0.045599999999999995,0.00015931982,1.1400000000000001,0.3544,0.0004203198107211117,8.406396214422785e-05,8.406396214422236e-05,0.3544,0.0007565756592980011,,,0.3544,0.0005313855872794855,1.5011422048676961,,-0.009392875,-0.0038850668,-0.00823334,0.0006791996,1.4944,3.0982163,1.8736049063656628,0.0012073594999073146,0.00016340043981472263,0.00023966486908515386,1.8907755258742822,0.0038199689685602667,1.8738207921059944,0.0015311881387468497,0.017087936,0.05550773,0.027301425,0.018560814,0.00029246457,1.49,3.136043,1.8645116301325277,0.04961371792147483,0.0010994295364903906,0.0013766181229496375,1.640807212946014,0.008701886171724451
0.009706336,0.016694859,0.0144,0.016073547,0.01,0.0156989594560564,0.07419653152018803,0.009959768171092264,0.021345971179943475,0.01959466202696826,0.40624709409888354,0.2104357992003599,0.0,0.017035297432012885,0.10243138847690834,0.21664876161357674,0.0,7.323819,0.5460636,6.8243294,-0.003740598,0.011966631,0.008799999999999999,0.010960156,0.01,0.008693601418961862,0.025493601418961884,0.002291233309773179,0.005328083274432948,0.012917573841286322,0.06131757380193896,0.2101411008893808,0.0,0.010312698324960729,0.037662962524509784,0.21640943409228544,0.0,2.1450245,0.20385203,1.9601946,0.019824702,0.0144,0.5695865,0.015470538628205894,0.052779475594447775,0.00969328356402948,0.01127835954760966,0.0193601117543285,0.31418939221251274,0.016932091797994188,0.07401585974012215,3.662171,0.6560814,6.719741,1.8006481,0.019454662,0.01,0.59845793,0.023549342613527317,0.3887558541025802,0.007070155677370522,0.011896369797346798,0.017030681821249304,0.07517845288680489
0.009798645,0.018377725,0.012,0.0176144,0.01,0.014341049693612011,0.07116419877444807,0.009675226727104837,0.013541893393771508,0.018670816217577428,0.36455408108788717,0.21073616877611373,0.0,0.01598318331866312,0.09748228323064191,0.21716347583966317,0.0,7.820203,0.5470437,7.355994,-0.004937933,0.013627781,0.0072,0.0119534135,0.01,0.008305599206452779,0.024315885300431772,0.002091112478961986,0.0031780261267355496,0.012783650673795818,0.062340052481527554,0.210785963029758,0.0,0.010152790908111137,0.03261116297059413,0.21695501979160645,0.0,2.487897,0.22465642,2.3074734,0.022273365,0.012,0.6004195,0.014276336711341946,0.052272487591286214,0.007908401789069876,0.0071133552785377155,0.018368636287596975,0.2311862319164954,0.015764830786785616,0.0705848458304049,3.9290366,0.66594887,7.2883444,1.9211628,0.021287348,0.01,0.59622955,0.025949753176237777,0.39394150140758205,0.010388830691635178,0.009179387047468191,0.018281958299887578,0.07089601127765512
0.011384986,0.016347589,-0.024,0.015664145,-0.03,0.016515839838831516,0.06153439939561823,0.01231250278807065,0.011893759758247293,0.01993048014773776,0.16297753647276086,0.19042585263526818,0.0,0.017783963013316178,0.0880371114132303,0.19594339847154701,0.0,2.3884993,-0.35118988,3.3220193,-0.00514062,0.013250699,-0.031200000000000002,0.011664456,-0.03,0.007330057404859735,0.023255201439311188,0.0013060118481427253,0.0034284170333209645,0.011986524405990668,0.05313936001084302,,0.0,0.009378896823810783,0.031364828168840744,0.19573402363506762,0.0,-0.71404165,-0.39189678,0.03501773,0.019993898,-0.024,0.6135157,0.016336525139710966,0.04380645101794272,0.011013568857527935,0.0070368840155129436,0.019734328624928733,0.1189983924363725,0.017608546179902033,0.05944980910582589,0.7708998,-0.37645245,2.6045566,1.7867156,0.019530104,-0.03,0.6400745,0.01944656058722877,0.1304066872160218,0.006685615890695331,0.010079729659577354,0.016074419696268903,0.06213983506363941
0.009989698,0.017853824,0.0136,0.017006177,0.01,0.015551058902533577,0.07618400067153529,0.011018399731385898,0.01255786630851451,0.0195330288400427,0.3439541345868659,0.2107135825444376,0.0,0.01662511147898972,0.09988833609242294,0.21697998147848974,0.0,7.736214,0.59003294,7.221414,-0.0071403533,0.014322806,0.008,0.012736564,0.01,0.008352199126132474,0.028101466016174838,0.0020704388614020447,0.004446959240934695,0.012816979682645979,0.07213583756345178,0.2104690623395884,0.0,0.010294947427559736,0.03686463114914961,0.21666596512316458,0.0,2.9144902,0.2314115,2.7108757,0.021896277,0.012,0.65160125,0.013773080857669174,0.052620413341085685,0.008045385622459116,0.010651427965989462,0.017629969951196426,0.3141835038654327,0.014925832333291375,0.0723828982342423,3.9593465,0.637977,7.3571367,1.8887109,0.021246884,0.01,0.64282066,0.025034943281408175,0.3986510917613435,0.010093489187625551,0.009739100440558727,0.017644502734459735,0.07319425652650692
0.010129271,0.018158047,0.0152,0.017496793,0.01,0.015620369215272241,0.07275493326617981,0.011236619994963485,0.013430986653235957,0.01944547473948028,0.33428732927054483,0.21043931131964666,0.0,0.016951022484489296,0.09745443055483492,0.21653257911218268,0.0,7.9930615,0.63186175,7.4247837,-0.008050587,0.014885179,0.0096,0.013721005,0.01,0.008818599393092107,0.028074397460327655,0.002381394424505015,0.005023253657178352,0.012955987108242015,0.07134261026244788,,0.0,0.010483387180616546,0.03737241988551236,0.21617039125727497,0.0,3.1608887,0.2722728,2.9176183,0.022603571,0.0136,0.6461332,0.01382821877806382,0.052334026676336354,0.008539982044041062,0.009003480750931549,0.017509005239775662,0.28639335057360316,0.01513522550897046,0.07095076367362338,4.1424932,0.6967478,7.6551476,1.9610838,0.022235192,0.01,0.665033,0.021090591862455453,0.35764802571662474,0.006300760951778201,0.010074106114293279,0.016492461572941364,0.07171386793287411
0.0102573065,0.019028548,0.0136,0.018167589,0.01,0.015087699571896247,0.07095079828758499,0.010732063997313844,0.013430159993284646,0.018899050650549816,0.3602857597582473,0.2107070881211805,0.0,0.01653711643280617,0.09496548967885256,0.21683463247151571,0.0,7.974531,0.6156521,7.423561,-0.008800111,0.015982563,0.008,0.014257175,0.01,0.008219200049568054,0.02676719957913168,0.0018024440800089906,0.004742294056699498,0.012336826248670558,0.07082095761887407,0.21038766447138094,0.0,0.009875264438935254,0.03576772439938897,0.21652071730523367,0.0,3.174572,0.24485418,2.95542,0.023908496,0.0136,0.65031904,0.014914141754146886,0.04985985887505801,0.00959915662490771,0.006339016256804131,0.01860520405093448,0.19186721955407135,0.01626217245267171,0.06700696959320093,4.1344347,0.76811177,7.572011,2.0868988,0.023093902,0.01,0.6653782,0.023987841823728005,0.340989106123872,0.010022368344661815,0.008699581876496748,0.017276713331353263,0.06923919804431451
0.0106331995,0.020871624,0.0128,0.01970001,0.01,0.015861646742806896,0.0688159982092392,0.012103542876329584,0.011416533422871368,0.019569244578751522,0.2918154674725091,0.2111019689251758,0.0,0.017168774040271634,0.08956580530203735,0.21739079600986824,0.0,8.450945,0.6844279,7.8573704,-0.009459191,0.018033084,0.0072,0.015175991,0.01,0.00914618212618061,0.022521601038358544,0.0021241608944290876,0.0031552011180363665,0.012620800040694803,0.06278719970121471,0.21108515805596773,0.0,0.01042049276705011,0.032922956684598305,0.21713694291568336,0.0,3.4412668,0.2901712,3.1975327,0.026220914,0.0096,0.7106932,0.01244725356442882,0.046752794536835895,0.007490868429533384,0.008536658068134995,0.015942765144874423,0.20395893988181862,0.013664086820953115,0.06566673740168748,4.3249984,0.6544156,8.088392,2.149812,0.02486767,0.01,0.6564012,0.026243203734926723,0.3557426786719782,0.011241817528785702,0.0076753572580427285,0.018742109842285613,0.066250473613207
0.010606128,0.021009644,0.0048,0.020011108,0.01,0.006290917386345109,0.07813639889196676,0.0024624267047203374,0.0215898240913288,0.009902475535870372,0.295885521027449,0.2108687945415889,0.0,0.007542261009599816,0.0999401745431991,0.21687777297762745,0.0,8.670624,0.25397652,8.468698,-0.010051715,0.018393703,0.008,0.016325092,0.01,0.00829466702601785,0.02346300146380545,0.0016862997046285725,0.004972599062684483,0.011888350552686324,0.06990680524320504,0.21041726587018014,0.0,0.009614575444003457,0.03367287725904001,0.21652398669959955,0.0,3.7138782,0.2846807,3.462723,0.027017424,0.008,0.74886644,0.00917146607425475,0.04974385496227368,0.003972549782035412,0.011328749657380852,0.012656440002876116,0.21507882256594582,0.010330793717229973,0.0676155285169966,4.4396677,0.50108904,8.4452095,2.0350995,0.025825435,0.01,0.68430203,0.02378199597390619,0.3120555105567255,0.01028142019269069,0.007899053931488369,0.017265010928222253,0.06568623483085319
0.010617001,0.02110972,0.0056,0.01985822,0.01,0.007347434784540883,0.07845319566859733,0.003324712886374937,0.014010633761437087,0.010873237992993064,0.3205971739556227,0.21091691465601708,0.0,0.008601122186261956,0.10101683279392952,0.21692360824659385,0.0,8.687154,0.3011126,8.442402,-0.010512746,0.018854734,0.008799999999999999,0.01623882,0.01,0.00911294574990543,0.02248080061684765,0.0023260600340952353,0.002736159695003101,0.012823027303656044,0.06693816444016971,0.21055933898210846,0.0,0.01058932998249311,0.03342928124056399,0.21657883441877193,0.0,3.830527,0.33326793,3.5327587,0.02684761,0.008799999999999999,0.7786052,0.01020702500181469,0.04615211684086876,0.005108260766314288,0.01019614470417725,0.013637058873447358,0.19185457363051125,0.011360988699953124,0.06530915284907747,4.43723,0.56341,8.382581,2.0660126,0.02565245,0.01,0.68546367,0.02408364651465284,0.3501237198112913,0.010484793956912099,0.0076796209947326945,0.017460129046959382,0.06666224030419365
0.010620774,0.020995,0.0504,0.01993433,0.04,0.01607182144622584,0.06473855720641315,0.012241425721093309,0.0039897557290355075,0.01942058647415988,0.30946175942247967,0.22131368254488656,0.0,0.017230871108448537,0.0908313125783923,0.22862981060026014,0.0,8.853022,0.7842688,8.21662,-0.0108619975,0.018856123,0.045599999999999995,0.017061165,0.04,0.010058836766955483,0.02114906937394247,0.0031261813275075836,0.0025682417700100676,0.013448926245978692,0.0714849676919308,0.2204451902170893,0.0,0.011339709492895417,0.032211784143186976,0.2277162854405849,0.0,3.9828887,0.40602717,3.6454642,0.026767042,0.045599999999999995,0.78165215,0.010970073746175512,0.046329077448065296,0.005682969596258045,0.009530505734328024,0.01417676197781384,0.23990822141749946,0.01203451782206912,0.0654882926287451,4.5445976,0.67383146,8.558403,2.10745,0.026238538,0.04,0.70789117,0.017894878892659064,0.3715392582730287,0.001926685808092685,0.012667287997214513,0.012343645053207411,0.07041970790104213
0.010677801,0.023045992,0.0064,0.021581471,0.01,0.006976690399334576,0.07196239626178684,0.0033012456245330667,0.004617440443213282,0.010363345961727236,0.3399892393183917,0.21075611350868842,0.0,0.008235680220107589,0.09886056099048417,0.21662652121973525,0.0,9.410536,0.3328487,9.122292,-0.010961254,0.02057873,0.0096,0.018282851,0.01,0.00904328906586752,0.022329867848958,0.0023747384822977438,0.003639581571676411,0.01232723491910051,0.07014532185178603,0.21009943257877498,0.0,0.010407046500176513,0.032836994124158,0.2162004787546558,0.0,4.261874,0.3749686,3.9251451,0.029596115,0.008799999999999999,0.7580173,0.009163770930881764,0.047477315711870555,0.003899248332302932,0.010505832193952649,0.012424613640489907,0.23262106803581045,0.01019523988360902,0.06653152265386233,4.881951,0.5694135,9.257206,2.1980515,0.028284669,0.01,0.7028401,0.020332999546980944,0.3564543441788828,0.008853460263192118,0.007315814170846038,0.01662560497295736,0.06513630244005006
0.01085665,0.02164671,0.0032,0.020213256,0.0,0.006424577445740897,0.07864847880466717,0.002291680013430687,0.00440282671591259,0.010004489489978823,0.38671908033241,0.20116066999445234,0.0,0.007644293681278077,0.10093220260958574,0.20747547674317707,0.0,8.953874,0.21902837,8.802984,-0.010863854,0.019437749,0.0072,0.016385853,0.0,0.009181700186339414,0.022084533830238385,0.002746427949740928,0.0030021414894300566,0.012642690077893802,0.07117412232915743,0.2010746602238583,0.0,0.010648245139093387,0.032592981054841805,0.20715455152695544,0.0,4.147777,0.3072334,3.8808517,0.027639361,0.0072,0.7799773,0.010184191701405462,0.047690357799233946,0.0049427526910607415,0.009849929717870754,0.013534696613134339,0.229483069008213,0.011287030537573491,0.06592328231687518,4.6412764,0.52180284,8.848266,2.1161115,0.026020605,0.0,0.6812005,0.016370765969898643,0.3877576801907224,0.0014072525500315436,0.016733446104327563,0.008895532683388581,0.07728225750439223
0.010628762,0.020543218,0.0064,0.019775452,0.01,0.006383199529925287,0.0814879968661686,0.002582980670466941,0.0222063936875682,0.009922514324087752,0.4990576002686141,0.21047853358098273,0.0,0.007622881357965572,0.11001737290067293,0.21643165754790472,0.0,9.683804,0.2680338,9.448815,-0.010819095,0.01869727,0.0112,0.016981157,0.01,0.009863563738321863,0.02281983997326998,0.002812479092079184,0.0030249573308595273,0.013492754886169859,0.07923285570476986,,0.0,0.011310181849475156,0.03557127286454712,0.2159193308190973,0.0,4.6233015,0.37809658,4.2759047,0.026570737,0.0112,0.78056216,0.010879829575786973,0.048704367906084775,0.005551544330326987,0.009427611915446112,0.014283765686579545,0.37348157901713447,0.012063449721703864,0.06705723291954062,5.0669184,0.62630326,9.564598,2.1030521,0.026065841,0.01,0.7095225,0.019723905842787343,0.49679493065051766,0.005689208434207629,0.008923750219203845,0.01612720367601014,0.07105845366220709
0.010628096,0.018879656,0.0152,0.018098578,0.01,0.015890456763919383,0.08083319734743559,0.011335546713674148,0.01387109342734827,0.01964722932167306,0.7500597612692016,0.21050772107127325,0.0,0.01702827110228013,0.11001046733568132,0.21656766959726584,0.0,10.398867,0.6618726,9.831034,-0.01053037,0.016669242,0.0096,0.01544941,0.01,0.008870319933239125,0.030901066632397355,0.002433404156582219,0.004540127481847972,0.012553717690153688,0.10415288249196313,,0.0,0.01049361953273592,0.04125958236120636,0.2161433287276079,0.0,5.112043,0.29927555,4.8502197,0.024359988,0.0152,0.68403804,0.015545768295658718,0.056533764982930675,0.009995713384799411,0.007725564529184283,0.019074722170265252,0.5349198375375017,0.0166913425118672,0.07595685644481937,5.6449237,0.84233665,10.550947,2.1772997,0.023795856,0.01,0.7065951,0.021080753876683716,0.7401707439428572,0.006369390457558168,0.010429302971892205,0.016502217519363142,0.0794768955191653
0.010495846,0.017569574,0.012,0.017032582,0.01,0.014516213212456979,0.0937431981868547,0.009573727658860071,0.02368954609810011,0.01844641756437877,0.8910725860264695,0.21065845118006443,0.0,0.015698544145942513,0.13256035796575097,0.21709885533736709,0.0,11.213226,0.51939285,10.798944,-0.010229819,0.015209155,0.008,0.0140264295,0.01,0.0091055337542477,0.037116601558382104,0.002677031640158566,0.009693282786095223,0.013336627370215546,0.43654650927812416,0.2104748346785213,0.0,0.010847169517282736,0.05102603739996772,0.2167681957135111,0.0,5.605079,0.26223937,5.3907967,0.022568861,0.012,0.678544,0.01418720470366602,0.06399452886188188,0.00778603298100138,0.012703467766434377,0.01815043570239395,0.7710715277731895,0.015497806745018352,0.09536562372920157,6.1237206,0.6602034,11.703679,2.0010657,0.022064667,0.01,0.6889103,0.025607397596362134,0.9660662400245342,0.009735663471274308,0.011936001433679934,0.0179931411491944,0.09617493544006785
0.010516704,0.017548716,0.020800000000000003,0.017020602,0.01,0.023627529392013683,0.08883399983211618,0.018881700329157546,0.01696339964744397,0.027807490976244433,0.8710706001846722,0.21076456162403562,0.0,0.024932167069413893,0.12452866827765557,0.2172248824107944,0.0,11.372105,0.9113394,10.618321,-0.009860159,0.014839495,0.0072,0.014018545,0.01,0.008665200582578338,0.03759780087386751,0.002605462904848855,0.011038243283402272,0.013082684748473275,0.4822688330013494,0.21057765661446823,0.0,0.010610729379801113,0.05157950583657313,0.21688722136587388,0.0,5.6210785,0.23959173,5.429059,0.022673404,0.0136,0.69338846,0.01618930829849478,0.063076255443621,0.009812311491220499,0.010746056522498399,0.020202227722534282,0.8326706844658104,0.01745488419527678,0.09331035002660708,6.1694036,0.76716006,11.706924,2.096299,0.022050405,0.01,0.6889796,0.025962258688565925,0.9334302263954989,0.010219917725046344,0.012522775731542578,0.018332614223136545,0.09813069791082087
0.010324096,0.01663184,0.0232,0.016272368,0.02,0.023196866728224085,0.09759248014773776,0.0170641600492459,0.02479248014773776,0.027433232804499268,1.0213830820112484,0.21922543293376545,0.0,0.024500495180520283,0.1527034662636419,0.2262675509160442,0.0,12.115463,0.87220466,11.388084,-0.009600654,0.014116176,0.012,0.013786868,0.01,0.010379200025701993,0.040115999866135676,0.004248457330114479,0.009646400436933754,0.01515039987791565,0.5702263994731093,,0.0,0.012262609458034831,0.05732116098806258,0.21591961600058637,0.0,6.1395044,0.32185897,5.863535,0.021505961,0.016,0.69477063,0.015626205365339912,0.07255062630442147,0.008917109793125518,0.012652594960797747,0.01978586165003494,0.9375045340697834,0.01698398225073256,0.1088021498419699,6.618837,0.7373092,12.615375,1.986103,0.021031171,0.01,0.71490335,0.019919635682513075,1.130725018258629,0.004490506561948066,0.016856334022410366,0.015996359115339302,0.11517037820288954
0.010363817,0.015926428,0.0224,0.0155136995,0.02,0.02334191958364813,0.11501919583648117,0.01209461305576542,0.030683839167296223,0.028119319902627376,1.1822386398052547,0.21936459673411346,0.0,0.02488452981058076,0.17353056943976192,0.22652362055483377,0.0,12.771941,0.819016,12.118677,-0.009186237,0.013237946,0.016,0.012834427,0.01,0.01520948585761348,0.04214439981553483,0.00917775835849984,0.005283318768874895,0.02065707454370422,0.6359498805912458,,0.0,0.01735555687328815,0.0612333351872239,0.21625130290784683,0.0,6.4283457,0.45472157,6.0399017,0.020380052,0.0152,0.69953835,0.01573113823531253,0.08317886583800507,0.006982683960446911,0.017264275235766673,0.020518997081721047,1.09155517784608,0.017386469679437824,0.130316367360933,6.9556503,0.68894094,13.356346,1.9083545,0.019821603,0.01,0.7042953,0.023617570344948432,1.2784363798331142,0.00517808720430068,0.021853467548794837,0.016791204972426144,0.14126607022384505
0.010221137,0.015625315,0.020800000000000003,0.01518596,0.03,0.022348177621086186,0.12448339964744398,0.010573343943591045,0.03366671971795518,0.027355609352994407,1.2892668280589832,0.228978547859342,0.0,0.02392192546727756,0.18840962582139278,0.2366892708531753,0.0,12.87812,0.7538303,12.296751,-0.008764165,0.012699921,0.016800000000000002,0.012254658,0.01,0.015850866470912252,0.04313679881770867,0.010387358050076045,0.003192414842230222,0.02191763502624972,0.7148587162285626,,0.0,0.019097817122318384,0.06289345317850552,0.21639371454748674,0.0,6.4195304,0.46360755,6.0194917,0.019463798,0.0152,0.7030297,0.01646911401581224,0.08948736731372235,0.007744536728537333,0.020555050578405697,0.0211449426605468,1.138168144061677,0.018100629424625866,0.1460075259302214,6.9874907,0.682186,13.436939,1.875431,0.019102328,0.01,0.69648707,0.024843086607478283,1.3642387926435993,0.005509527460112195,0.024852634460787983,0.01727856138565393,0.1561750054058934
0.009982376,0.015420281,0.036,0.015069685,0.03,0.03443585418526745,0.11453146534598059,0.02206377584151769,0.02237295973586278,0.03921747989591204,1.3332939839167297,0.22482461395752437,0.0,0.03582847240202386,0.20554236224912256,0.23564959619971362,0.0,13.207636,1.2148038,12.237059,-0.0082831895,0.012334898,0.017599999999999998,0.011875723,0.01,0.0144302383859153,0.048151191929576564,0.008102046649103658,0.007727558311379553,0.020053831834660425,0.6742960753068175,,0.0,0.016194970204475974,0.06688499546525224,0.21555589826769958,0.0,6.508349,0.41045955,6.1579375,0.01916942,0.016800000000000002,0.68331826,0.014795974941550093,0.09794216671588939,0.005764225524119684,0.024424575615713415,0.019652614478643134,1.1549838420844456,0.016512551104613568,0.16053721987309377,7.175729,0.6301481,13.850936,1.782326,0.01873233,0.02,0.65568763,0.029357381339985694,1.408857765395938,0.012434878387837075,0.02238431998741444,0.024918408519350874,0.16235126218615203
0.009828601,0.015685005,0.0232,0.015347722,0.03,0.02326097764347073,0.12134879879123647,0.010945528862027458,0.03363658658608243,0.028287538282175412,1.3700939222697892,0.22678234262968114,0.0,0.024909132040171426,0.19654566111693425,0.23618526607553333,0.0,13.127645,0.8035032,12.5034485,-0.007647069,0.012278546,0.0152,0.011898219,0.01,0.013365256098911277,0.043985598320803614,0.007610193407440739,0.0069742707704170135,0.019507038872219076,0.6215380259148127,,0.0,0.015987299810486775,0.06557459962097358,0.21607250097013955,0.0,6.2213655,0.38109294,5.902957,0.019361371,0.024,0.62644213,0.023711153076944536,0.08824271345800944,0.015224445257283106,0.0161047801595091,0.02886531705359107,1.2143696180108046,0.02554114704330368,0.13987379215198747,7.1411614,1.0512959,13.43458,2.139865,0.018874502,0.02,0.6244842,0.03242148073705586,1.4485757966819413,0.014053982681686108,0.019286634592296806,0.026292622947844038,0.1547550720918449
0.0097280815,0.016673112,0.0248,0.016122809,0.02,0.02361111995299252,0.10786223990598505,0.01173703998433084,0.024274079968661686,0.028525020733652307,1.2086000552897396,0.21582994910849834,0.0,0.02519938167873861,0.16239835002580752,0.2258695859464369,0.0,12.90475,0.8768785,12.191572,-0.0069109974,0.0124701,0.017599999999999998,0.01217326,0.01,0.015108799900405027,0.0422176026473045,0.009033921052067944,0.004775440789050953,0.020743893031620792,0.6031579197877982,,0.0,0.0174369241413754,0.0551948733506583,0.21572757687433403,0.0,5.698881,0.42989236,5.3206406,0.020149713,0.016800000000000002,0.6527372,0.015472137133124035,0.08718151171419485,0.007283151805859734,0.02066186303300834,0.020365286009168267,1.1247206625172823,0.01711463441383444,0.12986334502984234,6.8565683,0.68985724,13.145463,1.8977822,0.019657291,0.02,0.609045,0.029680585940841553,1.33614485374729,0.013212672710998418,0.017463843000183037,0.025445261585664625,0.1293591461332038
0.009807299,0.018590968,0.0224,0.01800516,0.02,0.02534043042829749,0.0895127977839335,0.014201024091328781,0.020468373485548,0.029772775700753526,0.9487486947032654,0.22051821519319947,0.0,0.026633651660748454,0.1287365156268264,0.2272290218334128,0.0,12.1302185,1.014284,11.287231,-0.0060060965,0.013768316,0.0072,0.013040128,0.01,0.008379199721133681,0.03983200004283664,0.0023748003277003133,0.010974800327700313,0.013321421996774779,0.10957319976346167,0.210478660413377,0.0,0.010671821628056796,0.05181159859490177,0.21686387956000192,0.0,4.8563633,0.22144325,4.6787224,0.022570524,0.0136,0.63676924,0.01628671590325198,0.07363259705504802,0.008876063375430522,0.01325346373091989,0.020608014473582625,0.8198439797177847,0.0176282180195476,0.10061825846563607,6.3202744,0.753986,12.019617,2.1260808,0.02216665,0.01,0.6289263,0.026210096272973472,0.9515781843174947,0.00883670558323999,0.01567929193673247,0.018487891151598605,0.10316026741595022
0.00960049,0.019574415,0.0152,0.018948667,0.02,0.0155064728371603,0.09048560060438178,0.010128560060438168,0.023302848048350543,0.01998772634936622,0.8366056337782255,0.22011440741534694,0.0,0.01711564397252573,0.12467300476352414,0.2264589920294036,0.0,12.06476,0.6662543,11.513124,-0.0054439544,0.014481662,0.0096,0.013693179,0.01,0.008391360605795308,0.03337840069395361,0.002331894664696165,0.010097841997044272,0.0132402802217096,0.09016112072648232,,0.0,0.010394680373952905,0.04557872152785641,0.2161076622558831,0.0,4.6499667,0.25563207,4.42896,0.023743205,0.0152,0.6016165,0.015262381506462272,0.06587511764336539,0.008994671402407312,0.012618314956177547,0.019680247410933906,0.7415965282915847,0.01685489593365487,0.09335984095335728,6.28911,0.80434054,11.89414,2.1784701,0.02319903,0.01,0.63136595,0.022114919845820466,0.930895893972911,0.005245937572129691,0.015679955026472795,0.01647646411047468,0.09560708879201249
0.009648865,0.019858886,0.016,0.019219823,0.02,0.016474799798539424,0.0897322655922102,0.011179839838831505,0.0215731197851087,0.020633874350949145,0.8308371204566439,0.22022466106860927,0.0,0.01782104102035246,0.1157718714591856,0.2264564293421367,0.0,11.797592,0.71994543,11.189817,-0.0046545435,0.014503926,0.010400000000000001,0.013682975,0.01,0.009206720415857444,0.03003359892051661,0.0029508397412535484,0.009403358754101254,0.0138575604466821,0.0845720966803697,,0.0,0.011285453779299405,0.04202726838173282,0.21605318202248733,0.0,4.258045,0.2720755,4.0112963,0.024096629,0.016800000000000002,0.61020404,0.01700708625729967,0.06071650905866921,0.01045437337060339,0.010425228296131317,0.021098093685627466,0.7023025327003161,0.0183841767176747,0.08876123100558307,6.0542507,0.9049407,11.319688,2.2641664,0.02352066,0.01,0.6208698,0.021510813225179035,0.8311966102706413,0.005286461028358999,0.014515615590071614,0.016398851536582555,0.09103064461383341
0.0095709795,0.020824358,0.0144,0.020025529,0.01,0.014962685661522208,0.0767387996306556,0.010203103701838337,0.02180517283639721,0.01884623000083943,0.6583396800134307,0.21039406023282836,0.0,0.01640774574844404,0.10691618622666067,0.2165287410164726,0.0,11.1371155,0.6800092,10.554859,-0.0041046925,0.01511361,0.010400000000000001,0.013949436,0.01,0.009619543135996127,0.025912267343485614,0.003318194575280904,0.0038068395255583644,0.013509749692312698,0.06986156147978066,,0.0,0.011228498879574817,0.03782269758084444,0.21614648659609145,0.0,3.7349799,0.2942219,3.4692147,0.02500295,0.016,0.58651227,0.01634085614871183,0.05524074094104922,0.010567956775892708,0.010119096572597776,0.02019995953271941,0.5902750555676164,0.017709131118180083,0.07517921339396784,5.6714993,0.90962917,10.54248,2.300002,0.024405094,0.01,0.6084287,0.021685981429670563,0.7028934076904911,0.006129309090636924,0.012313244279916149,0.016549766872925177,0.07990561719843625
0.009481555,0.021246629,0.0152,0.020327976,0.01,0.015128571188737394,0.08034999916058087,0.010314999916058104,0.021373333109488232,0.018981176510090292,0.7437400003357677,0.21028114862802666,0.0,0.016452554085476412,0.10802043268381117,0.21634277087463358,0.0,11.503801,0.7122891,10.888038,-0.0035643484,0.0153849395,0.010400000000000001,0.014132641,0.01,0.008845466781879304,0.02515760088350457,0.002226820436672278,0.004053640525605601,0.013048276492532523,0.0670827604306283,,0.0,0.01075425596787377,0.03497420462298736,0.2159372905056613,0.0,3.6888287,0.28148505,3.4374413,0.025126629,0.0152,0.5631415,0.015028379758160463,0.056476532362410854,0.009653191269938499,0.011851065975738078,0.018769710466631884,0.6239011391650168,0.01628952367840134,0.08028015139311956,5.8483367,0.84628683,10.95315,2.2702203,0.024757992,0.01,0.6075182,0.019888787753526316,0.7148039540645191,0.00521931672179761,0.012734731761929253,0.01614939197103176,0.08084855382769464
0.009506628,0.02166535,0.016,0.020684564,0.01,0.0164318500797448,0.07492740031897926,0.012035160021265302,0.013410960127591706,0.020442663500857407,0.5711493222530009,0.2104453642580642,0.0,0.01774995150898594,0.101716456538939,0.21654505489584439,0.0,11.153984,0.7876212,10.46455,-0.0030812859,0.015481645,0.0096,0.013964973,0.01,0.00835159924259615,0.023103199897192058,0.0021351595129473935,0.0037802126839298344,0.012877626550996684,0.06166575926701224,,0.0,0.01043539614621859,0.03335928280013229,0.21614429029852028,0.0,3.3051376,0.27318445,3.0637224,0.02553271,0.016,0.5575894,0.01632215594653385,0.05476194488643806,0.011229035731825661,0.009232643560199658,0.02008635853392925,0.49257346342633174,0.01762857235427209,0.07506724032144266,5.6067066,0.9352197,10.384087,2.354738,0.0249574,0.01,0.59384567,0.021519660804442182,0.6545099811270566,0.00651596616669508,0.012022287004150032,0.01657139621338949,0.07795958068298521
0.009475785,0.0212524,0.0152,0.020307116,0.02,0.01604434243503497,0.07940693136349647,0.0110310400402921,0.021262080080584233,0.020206908320618593,0.7094391471501721,0.22046511264848676,0.0,0.017604797153667324,0.10763358006560418,0.22663404429932005,0.0,11.398845,0.7378571,10.763776,-0.0026928417,0.014977247,0.008799999999999999,0.013520871,0.01,0.008116599349619946,0.026866397866735205,0.0018190400548920478,0.004766641071772792,0.012527228951291408,0.06964987956470306,0.21000612372803798,0.0,0.009971878705714289,0.034306261457141336,0.21627617710229824,0.0,3.436281,0.2427582,3.2215352,0.024977013,0.0152,0.55314136,0.015923907117297676,0.05710378777789288,0.010192815567619936,0.011519412860466417,0.019914562530282773,0.5567515142273726,0.017338837645450165,0.07979637271435033,5.752162,0.87439585,10.737587,2.3041713,0.02438919,0.01,0.5876174,0.02292987082763233,0.7334914659401319,0.006967080241014613,0.01337983519600635,0.01684741488641656,0.08129002567479542
0.009523493,0.02042805,0.016800000000000002,0.019726856,0.02,0.017111446190005746,0.08561626682335824,0.01142595175018887,0.021129758750944343,0.02152627444208606,0.8317678421892051,0.22010576984125202,0.0,0.018546910820193805,0.11556994668197358,0.22643857440201495,0.0,12.045563,0.75490755,11.395626,-0.0022471165,0.013603894,0.0096,0.013019488,0.01,0.008354799608312716,0.031064399537364264,0.0024650845085882793,0.010328587033348326,0.013324548386957985,0.07353436778387216,,0.0,0.010592146623447752,0.04084310592282263,0.21608190587363615,0.0,3.6695795,0.2433779,3.458312,0.024226703,0.016800000000000002,0.56758094,0.01691335816815922,0.06056734076937323,0.009992003473425484,0.01087622065641999,0.02129022016471399,0.6807357650587136,0.018362249405064722,0.08461350200012437,6.0648046,0.8954173,11.345202,2.2783542,0.02342888,0.01,0.58920777,0.021949115816341236,0.864537128641757,0.005262886720873112,0.016116387020589387,0.016449342007753033,0.0894489594662974
0.0095814075,0.019815395,0.0216,0.019207396,0.01,0.02515333333333333,0.07906,0.013829333333333351,0.013829333333333336,0.02958400051656563,0.858864002238451,0.21069660389249928,0.0,0.02670133743924357,0.11395869272271217,0.21750020093811565,0.0,12.004625,1.0607121,11.123694,-0.0018630786,0.013219856,0.0064,0.0119119,0.01,0.007468000669321646,0.0320020015381001,0.0021029712803919665,0.009973600205615881,0.01326089981598875,0.073229066212331,0.21083252472424166,0.0,0.01029349318895911,0.04141361305394569,0.21715946176678472,0.0,3.5691636,0.19506145,3.413786,0.02322373,0.0128,0.57552433,0.01611446093764471,0.06453652680328356,0.009231947544968989,0.011989938610471637,0.02048108823956695,0.7539521535352552,0.01773507716302547,0.08951978947398002,6.0066853,0.7471055,11.400857,2.1676757,0.022601271,0.01,0.5551204,0.026805353803592807,0.8687064772033823,0.010298117872662901,0.014936587240584168,0.01931344629318943,0.09272895084280545
0.009475785,0.019477224,0.0264,0.018922482,0.02,0.025758628149320655,0.08062079409048938,0.014168832032233696,0.02068138672038949,0.030472494677319675,0.9847987207252581,0.2168073402169574,0.0,0.02713661669063099,0.12132533899273427,0.22603132581294033,0.0,12.504558,1.1210729,11.541304,-0.0015026954,0.012511613,0.0112,0.012015331,0.01,0.008390199511662285,0.03238039986586803,0.0028257952749440847,0.010316080447214545,0.014088943970519859,0.07822235993746189,,0.0,0.011413804764724091,0.04448282966162719,0.21581911596419848,0.0,3.861831,0.24661542,3.6433744,0.022402829,0.016800000000000002,0.555571,0.01604452433067472,0.07172342643614356,0.008384388187993908,0.018495166785189712,0.02058837708429201,0.8831789215283171,0.017452542722072986,0.09751536134472523,6.330353,0.7870582,11.980286,2.123515,0.021818802,0.01,0.58318704,0.019895676015299985,1.0448314896335076,0.003965109119472032,0.022282886779313126,0.01580359865848244,0.1022954700743775
0.009400341,0.018332236,0.0248,0.017835185,0.02,0.024499199194157655,0.09704639637370939,0.012603093315425758,0.02270463997313859,0.02948522655922102,1.1079223463443297,0.21637059018175397,0.0,0.026163102525828708,0.13857861397327462,0.2260895013790344,0.0,12.9286,0.99595845,12.109137,-0.001105207,0.011418403,0.016,0.010996332,0.01,0.013694800167062886,0.03458960033412581,0.007877920066825164,0.005369480016706289,0.01961446875963643,0.0845012809013356,,0.0,0.016485421780709296,0.044599318138129215,0.2158763057796279,0.0,3.929548,0.36244473,3.6037188,0.020839842,0.0248,0.49562308,0.024468729539281593,0.07224291589387952,0.015030135639060792,0.013440063690002307,0.029222096136030586,0.9916794598264524,0.026117686714787713,0.10872231130450213,6.620875,1.1602126,12.26325,2.3113244,0.020390464,0.02,0.50601566,0.03158114385569313,1.1868895389892062,0.013584919574134702,0.01760786041910243,0.026064194663423093,0.1099921771573861
0.009481554,0.018472917,0.0248,0.018064626,0.02,0.024083333613139715,0.09225000083941912,0.012439999776154856,0.023729999832116173,0.029190000615574037,1.0486160014773778,0.21635084106357277,0.0,0.025861420154123835,0.13164961522660107,0.22606745741512943,0.0,12.582,1.0065249,11.744784,-0.00073833007,0.011631293,0.0112,0.01116748,0.01,0.008231000378501495,0.03772400244168862,0.0030062015678211083,0.010404961246287273,0.014127900064524739,0.07891160039878196,,0.0,0.011081602923493574,0.04616320584698711,0.2158015057839981,0.0,3.7393842,0.2297549,3.5415673,0.021363005,0.0184,0.5564513,0.01743475998693143,0.0715570482423952,0.008563851974334557,0.017538648677793884,0.022524955365698863,0.9299915672907413,0.019303294141828974,0.1046865771378877,6.3294344,0.836184,11.958665,2.0841112,0.020584961,0.01,0.57341826,0.02007652907272849,1.0905148889469558,0.0037850184062926217,0.024443566905083584,0.015793445824743912,0.11239539388947663
0.009345531,0.019940322,0.0504,0.019452149,0.049999999999999996,0.015480945338553011,0.08874519936204146,0.005326026581605493,0.023794519936204146,0.02005479312897296,0.8751506811046756,0.23091663486599728,0.0,0.016898984495938293,0.12064339901587513,0.23823041492640884,0.0,12.107029,0.7064118,11.669892,-0.00047766662,0.012646119,0.0464,0.011491222,0.04,0.009684959704170614,0.02974159954486128,0.0035812402814367488,0.008903565756274316,0.01484769451462944,0.07177487985505165,0.22110765125711465,0.0,0.012075226178540378,0.04025075407951958,0.227722580227092,0.0,3.419584,0.2841658,3.218057,0.023178112,0.0512,0.5534146,0.015967444066546342,0.06372588993617875,0.009108885590038245,0.014314801256795176,0.020561726659089345,0.808720119264994,0.017504728039517338,0.09024442773865242,6.048594,0.86163765,11.516096,2.1675925,0.022466436,0.049999999999999996,0.52398646,0.027828752572103214,0.9494436502888758,0.011100713849346562,0.014620803284718495,0.021839947747087578,0.0920211489529039
0.009671055,0.021611873,0.0128,0.02102606,0.01,0.016332060773944432,0.0763722633537592,0.011547918408461328,0.01319666945353815,0.020303588540729833,0.5628625598925544,0.21085199455654685,0.0,0.01778364518334829,0.09890112266005383,0.21746553235167662,0.0,10.706082,0.71475303,10.118055,1.5831405e-05,0.014123829,0.0056,0.011906799,0.0,0.007760343029319756,0.02392239959198262,0.0010827203361242481,0.003918060224912227,0.011810032055169267,0.05345015998975937,0.2011304433469058,0.0,0.009599477380484087,0.032398430535078175,0.2073143877811375,0.0,2.5541072,0.17241633,2.415195,0.024794338,0.0128,0.5122468,0.01621577841710018,0.055099123514675816,0.010898462241157904,0.011438447195550247,0.020090286428378297,0.48865812439659695,0.017640890147337905,0.0768927764930857,5.2918854,0.8248223,9.890604,2.3022256,0.024131412,0.01,0.51292056,0.02670096666742275,0.5678833071411937,0.010854813330562792,0.011090189540410045,0.01934602934175892,0.07750067935557149
0.009318461,0.022408262,0.0152,0.021671562,0.01,0.01610586574890176,0.06911759724670528,0.011615757441450523,0.013359595735750861,0.019942258708973395,0.5237030663420913,0.2105222575228282,0.0,0.017407527740697697,0.09093549933255819,0.2166262689619556,0.0,10.395759,0.7956424,9.691902,0.00019671884,0.014754617,0.0096,0.012941104,0.01,0.009124600012850988,0.021324599762658703,0.0024644090467338627,0.003029946989654951,0.013201556341704737,0.05080342395150039,0.21010821493029666,0.0,0.010695654169113321,0.028382616676453275,0.21628415608398605,0.0,2.2637599,0.25921446,2.0223446,0.02560567,0.0136,0.5227229,0.014423408422132708,0.05241398801931119,0.009250896830052945,0.012028116637616727,0.018102263928293134,0.39756366400648063,0.015665099267637424,0.0695719247422057,5.0688515,0.812178,9.410564,2.2684555,0.025241408,0.01,0.5383189,0.022666552266342562,0.4966953724735323,0.007813920742033601,0.010647700852575255,0.016866324129136315,0.06953942291531912
0.00933599,0.024054958,0.0144,0.023012042,0.01,0.01655498631746832,0.062054132460337454,0.011968120036934442,0.011788992059095102,0.020131126358406116,0.4148523213296399,0.21082648632146003,0.0,0.017842052661649906,0.08240821064659969,0.21701443121268968,0.0,9.967832,0.8561549,9.224921,0.00045042505,0.015544493,0.008799999999999999,0.013188316,0.01,0.009702899453582086,0.019207732013964744,0.0027027371340705487,0.002674947775690768,0.013283796282360526,0.043721758658356355,0.21068798551863996,0.0,0.011181150308413407,0.02334816316153387,0.2167988824055345,0.0,1.9789782,0.28874642,1.7285186,0.027297871,0.0136,0.5009258,0.015685588436341776,0.046290249080259194,0.010497045993236451,0.007076890040330097,0.019081745185761747,0.31649896160242286,0.016889253936410432,0.06309602925307184,4.846774,0.9311482,8.879731,2.4446037,0.026523307,0.01,0.5204089,0.025270142104475896,0.40156167320430936,0.01050486016709513,0.008586467725051493,0.01784020380922584,0.06428525652690381
0.00922127,0.025057266,0.0504,0.023881212,0.049999999999999996,0.015491494386936849,0.06218459833795014,0.011006768001343061,0.012916920003357675,0.018970456006043787,0.3637045600604382,0.23130314728113074,0.0,0.016789417397383388,0.0829523782882252,0.23826333363072705,0.0,10.217354,0.894234,9.515493,0.00058284396,0.0163397,0.045599999999999995,0.014271092,0.04,0.009538056450215663,0.01899439938422409,0.002409159545074817,0.002574655272119771,0.012882439954758046,0.04272975992249249,0.22038010271003178,0.0,0.010805059938822432,0.023220240283973768,0.22747712024535618,0.0,2.041245,0.31928763,1.7685225,0.028677143,0.0448,0.5964325,0.00973762936189023,0.04767431895966535,0.0044666722733037205,0.011655491137493028,0.013146682287455679,0.1686180679346551,0.010916567927499454,0.0650494388192291,4.7999153,0.6256208,9.139964,2.2110903,0.02780519,0.04,0.5389705,0.017703008741338948,0.3650711670815639,0.0017955389160822222,0.014699427380112555,0.011688158037270923,0.06834975057950152
0.009389689,0.025110744,0.0072,0.02421872,0.01,0.007429510618651876,0.06857706371191134,0.003108853409440644,0.020986605844755427,0.010808219026538883,0.20075123230084782,0.2104734645114569,0.0,0.008593619904922389,0.08901331445330378,0.21643260426027291,0.0,9.421744,0.38728487,9.080911,0.0008184614,0.016220037,0.010400000000000001,0.014258103,0.01,0.009294200245272895,0.018792266915119194,0.0024790722233243743,0.0030843883285715918,0.012859706676336145,0.041958239696877515,,0.0,0.010672218581510106,0.022467768435084988,0.21606114590499115,0.0,1.7042842,0.2965645,1.423445,0.028912222,0.008,0.5338748,0.008045933603663525,0.04975371780966253,0.003040095594572949,0.013007829902512542,0.01134723873859498,0.14433954242837185,0.009198522153250996,0.06539173689129044,4.488947,0.48005116,8.546416,2.1410644,0.028104085,0.01,0.53208596,0.019847116243878277,0.15850587237515598,0.006872317428940349,0.008665317425767819,0.016350920423094807,0.06039265623416275
0.009499972,0.023225287,0.0128,0.022466399,0.01,0.015096310473152562,0.06266679425837321,0.010831518277941949,0.01338667371778729,0.018654146009549642,0.2239040964324687,0.21087777203179295,0.0,0.016412972542763464,0.08245189017105392,0.2170476766291712,0.0,8.780351,0.74251354,8.123314,0.001036454,0.014726555,0.008,0.012296171,0.01,0.009160160348133104,0.019867200338408567,0.0020933879500524655,0.0031600546167191404,0.012753573391238615,0.04248096002206086,0.21085590102461244,0.0,0.010662547315082248,0.02340509488718412,0.21688971201892748,0.0,1.493017,0.23776212,1.2810539,0.026222879,0.0072,0.575083,0.009442119835312632,0.048649977242603844,0.0046107445368650584,0.012775108339582428,0.012767618921381473,0.14035853702753956,0.010680608240814718,0.06455177648962052,4.0900326,0.47607747,7.7759085,2.0422645,0.025611226,0.01,0.50077856,0.02537881220262534,0.21160681964094633,0.010705259002556674,0.008413505006522793,0.018020153986256133,0.061900513773599335
0.009511511,0.021327622,0.0144,0.020724064,0.01,0.01666290851094677,0.06324599681020734,0.012234400006104852,0.012844600016788381,0.020500350037773844,0.2606411201208763,0.21079458778992416,0.0,0.01814357298057353,0.0815025054320073,0.21706318070111902,0.0,8.29839,0.7728138,7.6193857,0.0011259702,0.013361552,0.0072,0.011390342,0.01,0.008098559887939519,0.021161599885947614,0.0017835054415882496,0.0044061860229764405,0.012124276230426905,0.04548351928098768,0.21080157884605466,0.0,0.009852489955854844,0.025824136872225588,0.21687116410461235,0.0,1.415096,0.1999928,1.2439487,0.024124246,0.0152,0.48628724,0.01740520711079366,0.04634919815038122,0.01242901129023967,0.007914133941005187,0.021050215475425967,0.15594534290102283,0.0187689125257225,0.06251097987514483,3.9988658,0.92989,7.167277,2.2673786,0.023647973,0.01,0.5025508,0.025551832283743536,0.3133576059078149,0.010511717336027288,0.009345885638695308,0.01803148269647103,0.06449832093807881
0.009350191,0.02026851,0.0152,0.019500747,0.01,0.016328738223918296,0.06489119897031255,0.011502453454209673,0.012969120120876351,0.020161040543943593,0.2982441621757744,0.21050029011618396,0.0,0.017575449859081254,0.08819132380219084,0.21667617797444003,0.0,8.224168,0.71326786,7.584661,0.0010997646,0.012576083,0.008799999999999999,0.01103622,0.01,0.008645800289749423,0.02164579933174838,0.0015845801092935746,0.003538320375248987,0.012440813296550732,0.044644879517044114,0.21021020656248046,0.0,0.010349546118642002,0.025511706409500783,0.21640773040573974,0.0,1.4868714,0.19802439,1.2999544,0.023038551,0.016,0.49542883,0.017031532939557566,0.04712083570495865,0.011380272190615779,0.004741794450160748,0.02070286481699977,0.18950029380054967,0.018293305027593715,0.06438678834978143,3.971103,0.8572118,7.160267,2.123884,0.022407077,0.01,0.51499754,0.023503490561053084,0.3467840301258337,0.007939910038644414,0.010573624147127066,0.017047712805290303,0.06741480603665077
0.009301595,0.018763825,0.0152,0.018031565,0.01,0.01650406670583957,0.06868293349002491,0.011321626682335818,0.014329760094014933,0.020669804323771586,0.3619226158538292,0.21049088146252665,0.0,0.017884036027870615,0.09112439511445043,0.2167594594776649,0.0,7.899644,0.6703654,7.3080664,0.0010710082,0.011561258,0.008799999999999999,0.010443467,0.01,0.009047066595540037,0.02197059976928475,0.0025970604216322044,0.004155296022617746,0.013112617064069444,0.04989415941038098,0.21024246224412144,0.0,0.010838269928134832,0.029805242173155787,0.21653526353912522,0.0,1.4388666,0.1976478,1.2575153,0.021454068,0.0152,0.50617665,0.01646907234356486,0.050439169252299014,0.010399804425311276,0.00938014938364624,0.02037446776903098,0.26684880195242777,0.017750306440964595,0.06857057339955064,3.80334,0.7676962,6.9182673,1.965571,0.020837547,0.01,0.5249677,0.02433022638551563,0.36510584878935715,0.007855781654654025,0.011237390574369406,0.017241937949397795,0.07011167381087165
0.009227705,0.018282972,0.0144,0.01751077,0.01,0.015327679901508144,0.07015759926131117,0.009836607672290757,0.015583038361453867,0.019403642975676212,0.35821578622793027,0.21038813914796697,0.0,0.016611058753419186,0.09303317586375494,0.2166294829328522,0.0,7.8580346,0.5979799,7.3261476,0.00094114017,0.011343265,0.008799999999999999,0.010220835,0.01,0.007855066697901657,0.022910133395803355,0.0021565199511662286,0.004285215502770187,0.012804339977776817,0.05020868010615113,0.2100929604584397,0.0,0.010147026239296338,0.03016756536488052,0.2163703023815738,0.0,1.5348762,0.18685023,1.3672075,0.020984532,0.0144,0.51303375,0.015255904265329401,0.05168094261141837,0.008863087063813646,0.008796138258145585,0.019167341217638977,0.3134664131174391,0.016476595934636497,0.0699120876159023,3.7998695,0.6858956,6.9820943,1.8640809,0.020275418,0.01,0.5283393,0.023397094517379955,0.4031189716969472,0.006819888353559592,0.011603797738425426,0.016924339123416204,0.07199181273562473
0.009160248,0.017240945,0.0512,0.016877033,0.049999999999999996,0.015913200145499285,0.07107920087299589,0.010215842087811962,0.02123167900612776,0.0202804658623505,0.39516170816195195,0.23098732945336392,0.0,0.017481934031900258,0.09686107074533774,0.2380901772827433,0.0,7.7280045,0.6371888,7.224743,0.0007356707,0.010621107,0.0448,0.009582164,0.04,0.00823986613567149,0.023146399580200906,0.002031959937030115,0.008127839748120537,0.01285007986972314,0.050287639919470516,0.2209244630709614,0.0,0.01049009784065229,0.03150415635951554,0.22767298634645855,0.0,1.590302,0.20003736,1.4212418,0.019893805,0.0512,0.5223503,0.01580441870035893,0.052648020029635687,0.009497257329247987,0.010373001660419906,0.02001683400968959,0.17979558055735598,0.017375694148672027,0.0707801133014198,3.7454493,0.73289746,6.8899865,1.8202947,0.019156374,0.049999999999999996,0.49279505,0.027702035836988444,0.4480181385964562,0.01135178654547964,0.010488002911398986,0.02157440703673501,0.0712535363687411
0.009412544,0.016101062,0.0152,0.01552413,0.01,0.016124880047007493,0.07171220011751868,0.01062330667711276,0.019715680013430707,0.020440653963457272,0.33332196189037183,0.21036597670223448,0.0,0.017665298224075743,0.09498768710029509,0.21662694053226028,0.0,7.064202,0.5647425,6.55983,0.00038317204,0.010277884,0.008799999999999999,0.009285322,0.01,0.008265028472948098,0.022655201439311188,0.0019455227141296743,0.003945522714129667,0.01323133721061986,0.05230968009837026,0.21013048247905064,0.0,0.010537320551491257,0.0320119619181994,0.2163931439373091,0.0,1.4537089,0.17092842,1.2969397,0.018503744,0.0152,0.5152864,0.016036616418075755,0.052722790689905714,0.010307232408188519,0.012033867210568365,0.02027225835456852,0.30782299285401504,0.01759824792339732,0.07184286027849777,3.4316459,0.6512958,6.2719617,1.7083778,0.018089108,0.01,0.5390374,0.02359430564141576,0.4004957065918643,0.006741271459307541,0.01304628127901762,0.01700862983611053,0.07435477647896217
0.009358846,0.016376657,0.0232,0.015773097,0.02,0.023653533115084384,0.06794746579367078,0.01790423973810125,0.01270423973810123,0.02778969350009793,0.39593816100058754,0.2202162490383101,0.0,0.024904383024990876,0.09224383316947955,0.2264682692291366,0.0,7.324485,0.86718917,6.522993,-0.00040276066,0.010600003,0.0112,0.009876454,0.01,0.010055466416786566,0.021522133693161128,0.0038626559146694036,0.002856639786673518,0.01490195201603801,0.05141951995566412,,0.0,0.012078593182002032,0.03052574910382826,0.2161996437681705,0.0,1.7627249,0.22722061,1.5505301,0.018946309,0.0128,0.57176316,0.013131609335493705,0.055749568619883075,0.006905306117589635,0.013903123308498244,0.017196176441737772,0.3342387047597658,0.014341985482730616,0.0732858243852471,3.5566752,0.5284072,6.631534,1.6304079,0.018557446,0.01,0.5612085,0.022080051712432578,0.39874299310344824,0.005543327375280783,0.013142734194448202,0.01651002949286088,0.07584418063197457
0.009361508,0.016263047,0.016,0.015637297,0.02,0.016114549651641073,0.07741093147541901,0.010465819189121112,0.013531638378242257,0.020171004672766456,0.3471912917221283,0.22010749153905207,0.0,0.017177166208107383,0.10106299789639361,0.2263365728493953,0.0,7.350669,0.5668545,6.8345366,-0.0014055263,0.010907047,0.008799999999999999,0.010239155,0.01,0.007205120473944226,0.025946514688553104,0.001072512342967002,0.006162559596478825,0.012087680054723752,0.05830869341343777,,0.0,0.009309690276793936,0.03478927747370919,0.2159841072581201,0.0,1.8902735,0.16835701,1.7397659,0.01920307,0.016,0.5606714,0.015922230784145085,0.053600294895479274,0.009799013416400748,0.010670080522703755,0.019936362714927464,0.3241025868243866,0.01705224882629964,0.07337611798620002,3.6152153,0.6702199,6.6159883,1.7372733,0.018624537,0.01,0.5820852,0.020003374050605132,0.43257435538343547,0.004995559494677692,0.01329396585100996,0.01617248591084277,0.07601641883355305
0.009528374,0.016429026,0.0128,0.015931975,0.01,0.01760311995299253,0.07321559976496264,0.012215413301995022,0.011846239905985052,0.021701616586921862,0.3878540414673046,0.21098413314462647,0.0,0.019040210048408928,0.09904126197149932,0.21802536460250463,0.0,7.179366,0.5659122,6.717154,-0.0024620944,0.011499803,0.0048,0.010117637,0.0,0.008094080114630742,0.023074488994552608,0.0015890133650324513,0.004767040095097347,0.012825839988850748,0.05965167988703182,0.2009529134278124,0.0,0.010030589831620182,0.03195882466754808,0.20765093906137327,0.0,1.8299778,0.14213851,1.7230686,0.019289682,0.0128,0.5515751,0.017449346624603002,0.05134700173743592,0.011276181415855945,0.00912244998819157,0.02145449973260793,0.31199783629787076,0.018952759957499166,0.07221966562697046,3.5368145,0.6691269,6.515539,1.8206034,0.018614177,0.01,0.54349715,0.027520460737489573,0.4162810829199671,0.011397739795921211,0.009800256739913053,0.02144477792009852,0.07470348854297332
0.009431185,0.017413802,0.0144,0.016641602,0.01,0.01486012255519181,0.07259079660874675,0.009939079660874678,0.015756318643498704,0.018855170409712855,0.3981034372534206,0.21037168912155946,0.0,0.016297933862749463,0.1003542149101852,0.21650186506605382,0.0,7.8554816,0.56553644,7.353328,-0.003773529,0.012231469,0.0096,0.011456899,0.01,0.008731467797554023,0.02526480113088736,0.0024731476548339746,0.008219443552014392,0.013327769423027712,0.06074992455069259,,0.0,0.010694389940341761,0.032181300103913554,0.21616554250632974,0.0,2.2994754,0.22069053,2.1007311,0.020824319,0.0144,0.5804347,0.01470548943282197,0.053173656982841724,0.009024235570069596,0.010581532287593183,0.018607881878702576,0.2767515082424659,0.0161126584160957,0.071908524063719,3.914974,0.67329645,7.2257595,1.8373971,0.020204045,0.01,0.60293174,0.02170962306390443,0.4047116021316903,0.00607721859758918,0.011924831405230554,0.01655181577044246,0.07408039296763479
0.009544795,0.019075368,0.0136,0.018258788,0.01,0.01569015361369934,0.06959066565936373,0.011219299924452298,0.012477199697809117,0.019665973418394468,0.32949480063795855,0.21077594367157068,0.0,0.017184024245930005,0.09276348376044197,0.21703459703194022,0.0,8.150606,0.63443875,7.594533,-0.005002635,0.014156297,0.008,0.012472651,0.01,0.008544799243935267,0.023547771330615506,0.002507430586790588,0.0041668752811154595,0.012863810798476878,0.06117547964776268,0.21062410300693324,0.0,0.01055804137886398,0.032434613672872786,0.21674451285261312,0.0,2.5513241,0.23186792,2.3486373,0.022760741,0.0136,0.57703847,0.015558466928374355,0.05037643328651421,0.010272411561613124,0.009157993205988289,0.01932960588096821,0.2669828649795967,0.01697017570521675,0.06904942645947351,4.1113687,0.7609366,7.547318,2.047967,0.022112222,0.01,0.59929615,0.025270128467993234,0.3748177199513225,0.010345440817417638,0.009423675305201145,0.017850737744571674,0.06934713655181877
0.009835702,0.019561099,0.0144,0.018970853,0.01,0.0163787076819764,0.06910773328856432,0.012144959847785321,0.012504638630067993,0.02010321239240907,0.3767354402753295,0.21078718160789273,0.0,0.017668136913556738,0.0963583272444874,0.2169515603045845,0.0,8.409226,0.6987746,7.792576,-0.0060851765,0.015470745,0.008799999999999999,0.013425325,0.01,0.009452685567548542,0.022142199965061435,0.0027473755702627843,0.0030684391898268526,0.013286383757643308,0.060554612385537554,0.21060450164112587,0.0,0.011147102802461041,0.03147102759974712,0.2167117550804518,0.0,2.7929704,0.27983359,2.544598,0.023825066,0.008799999999999999,0.706726,0.010591833880349259,0.05120423399028463,0.005501117355692577,0.012058613865305072,0.014135164183974393,0.2542216728785568,0.011763982373580074,0.06773858754950579,4.1043787,0.5118019,7.7671824,1.8975025,0.023240754,0.01,0.61586285,0.024847491587145425,0.3695188028894379,0.01035286934064395,0.00893194566935447,0.017658139769145577,0.06900961847781957
0.009991917,0.020181525,0.0136,0.019276187,0.01,0.014708888702351305,0.07037999832116176,0.01041900008394191,0.013038000167883826,0.018597867069587846,0.3618840030219089,0.2106740427999357,0.0,0.015892412083352746,0.09279309062514571,0.21672764691605606,0.0,8.626245,0.6465638,8.055082,-0.007145455,0.01606721,0.008799999999999999,0.014485606,0.01,0.008902639511469898,0.023256598927947167,0.002377055323523746,0.003980879436269785,0.012535962792697728,0.06388375786368737,0.21023397875414693,0.0,0.010239360897668212,0.03273446589635725,0.21637548832309772,0.0,3.1698194,0.27285966,2.9246936,0.024817716,0.0136,0.6211835,0.014568023602432185,0.04716007795122144,0.0094514781071332,0.007519665178571428,0.01827930909366346,0.27030799757836965,0.015686422335356293,0.06540730733714394,4.429803,0.7922887,8.14761,2.1542704,0.024112321,0.01,0.64444554,0.023090064777634325,0.3607218113986393,0.009121177638564645,0.008581052380384206,0.017032344542841003,0.06726212423480402
0.010117733,0.020166656,0.0064,0.019283507,0.01,0.00694664626232493,0.0783688004700747,0.002994661721724924,0.021435319734743555,0.010538101592098247,0.3367343047762948,0.21059487794575188,0.0,0.008277554141483325,0.10157280680173875,0.21656170003373337,0.0,8.526501,0.28225133,8.282858,-0.008091171,0.016896972,0.0096,0.015171584,0.01,0.008777758786866298,0.023017759079613377,0.0021841951351852912,0.0036192520722225785,0.012647988985635674,0.06850396700832864,,0.0,0.010463649512027542,0.031858218372249225,0.2161984193838284,0.0,3.2959757,0.2873935,3.024181,0.025221182,0.0096,0.7341436,0.009851818612335956,0.04821707728653392,0.004678536362096975,0.011261606805143425,0.013379924419701593,0.20378827764184237,0.01115669220851114,0.06829401995259857,4.2691293,0.5187184,8.065738,1.9542757,0.024536312,0.01,0.6666184,0.0209871570148632,0.3370049915375505,0.007348827452931843,0.009036153305821401,0.016590570076654033,0.06775540024379399
0.01013371,0.021371115,0.0504,0.02032376,0.04,0.015963252693136386,0.0648621975992613,0.011860974733484455,0.011803249111614763,0.019529833859584594,0.3374292800581997,0.22131002663148056,0.0,0.017056014024146318,0.09033608414487801,0.22854969573905073,0.0,8.782125,0.80039644,8.1399555,-0.008972187,0.018009894,0.0448,0.016395822,0.04,0.009036444490454142,0.022725333723622048,0.002368800788194221,0.0038042682430551064,0.012785866808919945,0.062357600018071696,0.22050151490450953,0.0,0.010409048373189763,0.03247238705819326,0.22762129521672442,0.0,3.5389001,0.34550416,3.2629313,0.02697109,0.0432,0.7083102,0.008419148245191082,0.05054428053292213,0.0030334166497667865,0.011974463019638185,0.01188125593093364,0.21998758240169528,0.00950058612319781,0.0671358285646504,4.485965,0.5103459,8.6093445,1.9985119,0.026112797,0.04,0.6788322,0.017815693740438763,0.3452962945910134,0.0018860180184179852,0.013359186736054789,0.012153813187625602,0.06909296458133347
0.010535564,0.021524003,0.0048,0.020392327,0.01,0.00671999955230981,0.07679999776154901,0.002792726173851315,0.013759993956182319,0.010177391537925315,0.3045760010744565,0.21092985918531149,0.0,0.007982653281724197,0.10032627644732789,0.2169686195439142,0.0,8.739634,0.24852511,8.526169,-0.009644021,0.01868173,0.008799999999999999,0.01633483,0.01,0.009382844638637243,0.022463657319492524,0.0028698739684783507,0.0034963725931161484,0.013107852386073818,0.06880069363186882,0.2105903487143873,0.0,0.010764985275277876,0.032337389479378774,0.21662982249678503,0.0,3.6867416,0.33755654,3.383639,0.027186368,0.008,0.75173545,0.009596702577908628,0.04845009534816527,0.004404209202924585,0.010754806536106113,0.013061292392633594,0.2190319047964418,0.010767457850329492,0.06765310079085272,4.451024,0.50864106,8.448575,2.0728106,0.026128024,0.01,0.6753676,0.02442832424959107,0.30403236567534947,0.010535412364514656,0.00726914765607753,0.017573095262132767,0.06557929746070108
0.010562858,0.020720068,0.016,0.019663839,0.01,0.015455079996642326,0.06951693332214108,0.01165403199865691,0.005870159993284642,0.0190039304121548,0.2948314432972383,0.21034408412608563,0.0,0.016631488156419755,0.0968136113966255,0.2163055160633421,0.0,8.817186,0.7174483,8.149721,-0.010336033,0.018446114,0.0112,0.016767107,0.01,0.009318972059449562,0.022338800441752283,0.0028466502816885167,0.003490819309381004,0.013075936695516703,0.07097968308958871,,0.0,0.010865169715705178,0.032511801837759154,0.21581878521295011,0.0,3.9056652,0.3619113,3.5673132,0.02628326,0.0112,0.77794904,0.010436395454027253,0.047940061569710236,0.005323848364160222,0.010157452090603515,0.013749553633019877,0.21551868000886937,0.011516868639901076,0.06723178126742534,4.511018,0.5992593,8.463535,2.056047,0.025841873,0.01,0.70605206,0.019422736266405352,0.3674629156840041,0.005018770990300894,0.008757287350749753,0.015820646597545007,0.0677484426459188
0.010750582,0.020310447,0.0136,0.019467238,0.01,0.015223599988807747,0.07162479979853942,0.01116035428283626,0.013148319986569288,0.018764979197219055,0.37030232317636197,0.21085500133627566,0.0,0.016413369441348004,0.09497380273752397,0.2168724633926118,0.0,8.803206,0.679969,8.203642,-0.010709403,0.018123763,0.008799999999999999,0.016101534,0.01,0.00922013373046416,0.023064161151448947,0.002980831716250077,0.003726039645312599,0.012666960770646074,0.07253436189363204,0.21049022254004998,0.0,0.01068638786731326,0.03354712369300405,0.21652118311169258,0.0,3.891982,0.32379502,3.600707,0.026173253,0.0072,0.73461616,0.008605151235493531,0.05187162065229904,0.0035076072351233963,0.012890379843578829,0.011892026968067694,0.29504152988976295,0.009597359174918664,0.0702163580356988,4.57078,0.4459974,8.762445,1.9580336,0.025263267,0.01,0.69105387,0.023740365340138396,0.3599995328065957,0.010326939243552574,0.007934698264010356,0.017305608433774964,0.0680358694547487
0.010899918,0.020826804,0.0024,0.019743944,0.01,0.00555649506541472,0.08097159909342734,0.0018015698663797592,0.015017268530177116,0.009223702062172968,0.36319110618651895,0.21115870056420377,0.0,0.006932957076330512,0.10612731322128828,0.21749529322085304,0.0,8.784681,0.17272392,8.677283,-0.011004156,0.018766377,0.0072,0.01594175,0.01,0.009261466751447416,0.022912532629386393,0.0025579177108098067,0.0036737531324294755,0.012783981662778115,0.07186384244682902,0.2111072096549234,0.0,0.010686994773767174,0.03464393753011495,0.21715733216712063,0.0,3.9799898,0.30526626,3.7216454,0.026742127,0.0072,0.77785563,0.01014279998459765,0.04786875651728221,0.004996675295326485,0.010781881642417349,0.0135264223818936,0.2534240138805431,0.011394003634039883,0.06684253501414952,4.5256767,0.5122723,8.630089,2.0751994,0.02537642,0.01,0.6792519,0.026401809571873828,0.3835658633632093,0.01134587015662227,0.007427552551938599,0.01891092287102502,0.0674079055761036
0.010860643,0.022641253,0.004,0.021274365,0.01,0.00686463138455556,0.07840933210218529,0.0028804000431701298,0.0037876001007302942,0.010133150339964732,0.33595506757323934,0.21109587001386423,0.0,0.007959873552859154,0.09826624517619724,0.21727526189580787,0.0,9.443158,0.2547027,9.249886,-0.011111762,0.02049733,0.0072,0.0176356,0.01,0.008609891898404203,0.023508809355522714,0.002054177215189884,0.003948354430379746,0.01211172365675775,0.07095861798467254,0.21089274314615147,0.0,0.010011351858585612,0.033148246224969986,0.21690904566672706,0.0,4.3719153,0.3160589,4.1019754,0.029249508,0.0072,0.77648354,0.009688479185321421,0.04808328685454296,0.004248277736427099,0.010647202879382095,0.012779458293456081,0.23163147777760154,0.010741045641011988,0.06625131431940558,4.900155,0.5276083,9.355494,2.2106311,0.027633552,0.01,0.6921517,0.02569627004094407,0.3725120162706263,0.011038907767949625,0.007024302500987194,0.018295288407119373,0.06628812077911465
0.010925216,0.021689095,0.0016,0.020774879,0.01,0.005294483602610171,0.08069759422479644,0.0015639015463752913,0.02301950742885923,0.008796757469431168,0.39838378734715574,0.21118012859292834,0.0,0.006307503703063776,0.10601919258811306,0.2176250521544393,0.0,9.270188,0.16226375,9.194522,-0.010986764,0.01967661,0.0072,0.01699113,0.0,0.009497511905016881,0.022375521429030393,0.0030375531709824375,0.0031972813010916206,0.013116452391056873,0.07028984450298785,0.20103989594336358,0.0,0.010977274137343056,0.03265341566328188,0.20719507121883993,0.0,4.2011147,0.33267802,3.920507,0.028258672,0.0048,0.7199856,0.008198075950151769,0.052287786521571025,0.0032983315081976344,0.012317438781618478,0.011451982907478987,0.24217468857561106,0.009209816953519022,0.07017940257159962,4.8697867,0.39781302,9.448609,2.085048,0.02675593,0.0,0.68806237,0.016665971712839324,0.39127146696544435,0.0014587911965152501,0.01668185268324187,0.009221327169523192,0.07683332585399079
0.010615448,0.020445582,0.0048,0.019424856,0.01,0.006906999916058067,0.0804559993284647,0.003074239973138583,0.021085599932846467,0.010445440286521716,0.4349704010744565,0.2109534635040277,0.0,0.00816410232745743,0.10859486978338811,0.21704259264622883,0.0,9.696896,0.27057257,9.494526,-0.010908148,0.018438462,0.008799999999999999,0.016151857,0.01,0.009782400432260328,0.02340319989719206,0.0028458961137310325,0.0031737557026280294,0.013149395170641946,0.08089153248088414,0.21062333042599338,0.0,0.011067588814735154,0.03864276691392642,0.21669494468297346,0.0,4.512451,0.3378881,4.216306,0.026397562,0.0072,0.7610828,0.009024538338178583,0.05290991168724455,0.003648488882572565,0.011594003883858579,0.012397028940945529,0.3871181602869505,0.010114301425189478,0.07246496754881161,5.066843,0.4655029,9.7505455,1.9931732,0.02526277,0.01,0.69365805,0.024834393930052913,0.5222028644220912,0.010578775261516994,0.008454685599692301,0.017710205251027632,0.07183456471223322
0.010632089,0.01976325,0.016,0.018822407,0.01,0.016175142641292224,0.07525199697809117,0.012131854612608094,0.011970080147737767,0.01987374156754113,0.6317756011080333,0.21046650176146095,0.0,0.017575362005335046,0.10149323535645192,0.21647837333461833,0.0,10.238881,0.7250621,9.607584,-0.0105802305,0.01764673,0.0096,0.016065124,0.01,0.008509399989759367,0.02977504052072139,0.0016583460772344552,0.004487519115851697,0.0123716910779523,0.0890584551788762,,0.0,0.010080077735892928,0.040192187028603235,0.21606697073584072,0.0,4.8985734,0.30070427,4.627706,0.025198769,0.0096,0.7758195,0.009531341975578242,0.055781967722876954,0.004187238707588403,0.011992444519647528,0.013034355587597565,0.5101870108154033,0.010796742062536896,0.07632087566007716,5.3697376,0.5148018,10.29397,1.9500792,0.024746135,0.01,0.7065287,0.019931320181592726,0.6093274968321623,0.005988826070218849,0.009536993367775819,0.016301967857829284,0.07638093032419822
0.0105488775,0.01929172,0.0136,0.018488452,0.01,0.015395999888077449,0.08118799966423235,0.011225866756204687,0.014302080214891292,0.01903491821588873,0.6559187219340217,0.21076364641974007,0.0,0.016742033219453015,0.10858262457294875,0.2169061081557783,0.0,10.468433,0.6294248,9.932997,-0.010256722,0.01697536,0.008,0.0153798405,0.01,0.008219901147853533,0.030559204523549446,0.0015639797918139266,0.0047279595836278365,0.012354351937447838,0.09830328856904196,0.2103837446318964,0.0,0.010125612170291152,0.04283295959477243,0.2165061781539747,0.0,4.9534225,0.26766294,4.722907,0.024727078,0.0136,0.6758332,0.015173686513229588,0.05472102634984518,0.009921110649518596,0.008547304114478679,0.01870917399294035,0.5527342326412253,0.016424497661861007,0.08054778902781597,5.6329637,0.7996563,10.569654,2.1997397,0.024049165,0.01,0.6938693,0.024209814087796034,0.701914239872193,0.010075349550490458,0.010007310803333338,0.01739410556773308,0.079746999261147
0.010285931,0.018778026,0.0496,0.018138964,0.049999999999999996,0.01592666655474413,0.08683333277372059,0.01169249995802902,0.013969999832116173,0.019835384899495694,0.888710000615574,0.23126150012210347,0.0,0.01710685550330236,0.12132970718097678,0.23901795547361454,0.0,11.209456,0.6987536,10.76655,-0.0099916505,0.016362429,0.044,0.015272467,0.04,0.008740799839362809,0.03182239999357453,0.0025269938774198637,0.008822239285484803,0.012800091884545327,0.11680064640493479,0.2206770119909991,0.0,0.01057598409623606,0.04575984173392828,0.2279868441298242,0.0,5.427785,0.31932336,5.2267213,0.024087965,0.0496,0.6768325,0.015610839519872025,0.0601061122779538,0.0100912389478377,0.010509371712296654,0.01946268897649425,0.7399209360771479,0.016857343154862883,0.08592503696540076,6.0690084,0.8819824,11.537977,2.1840765,0.023340922,0.04,0.71328497,0.0181970834680277,0.8904787616466162,0.0021708931974685442,0.01672571690407765,0.01319929234641819,0.09278923425825
0.010353832,0.01837728,0.0152,0.01790242,0.01,0.016350472440343992,0.09117103936875681,0.011675173228126142,0.022225519684378407,0.020347097216726024,0.9758765601723608,0.21051359151693194,0.0,0.01786875315059842,0.12534063602709444,0.21672826445600488,0.0,11.662346,0.65993387,11.111378,-0.0095496345,0.015804458,0.008799999999999999,0.014969593,0.01,0.008553333391341266,0.036120002570198546,0.0024420006291623396,0.010617334122239384,0.012775999883172882,0.12474719942556109,0.21001012240795394,0.0,0.01046176170508088,0.05017547544010197,0.21633113422744493,0.0,5.6627035,0.2719339,5.430332,0.023779195,0.0136,0.6948271,0.014427970386044034,0.062293276055136904,0.008466361675717054,0.01219492161851025,0.018307737093484818,0.7956762059397802,0.015821021290140742,0.0924836675812852,6.29208,0.7430498,11.952091,2.118897,0.023336353,0.01,0.69641423,0.02338507187575672,0.9304462307876011,0.006777903528850402,0.012563950960407959,0.016902894409030724,0.09373375595939214
0.010218252,0.017181477,0.0248,0.016617859,0.02,0.02494953851319501,0.09337200033576765,0.013897200321498167,0.02038880550658944,0.029229920255183426,1.0254330675172778,0.21938951855253652,0.0,0.02639121508666626,0.14037803771666563,0.22631722916684352,0.0,12.302408,0.97153574,11.49892,-0.009218008,0.014081391,0.010400000000000001,0.013775275,0.01,0.008992000257019845,0.04228800038552979,0.0029525331648429984,0.010952533904487801,0.013729600284327945,0.5474368012336929,,0.0,0.011090197659674776,0.057352944761828145,0.21594923423739448,0.0,6.0360746,0.27232388,5.805791,0.021639235,0.016,0.6945207,0.015934621820382293,0.07347608299126711,0.009156519829453829,0.013187168130691455,0.02000999782976328,0.9821971005106658,0.017261575928117827,0.10996192052439056,6.657939,0.7640403,12.680218,2.0226588,0.021231687,0.01,0.7060159,0.02046492439032029,1.1726228604371896,0.0046930707051493666,0.018090719505277558,0.01614527219567165,0.11477310139930848
0.010054048,0.017012836,0.0144,0.016622297,0.02,0.015248727211678624,0.1031119997761549,0.009067199865692963,0.03246679996642324,0.019556089500732152,1.121334935168863,0.22011692394798718,0.0,0.016611037872587258,0.15114349234363428,0.22649266732307713,0.0,12.309288,0.54632837,11.865051,-0.008854611,0.013949901,0.010400000000000001,0.013588126,0.01,0.009415300095478777,0.04203060056182821,0.003364895200154206,0.010424476000771055,0.014129120479954918,0.5549101631773244,,0.0,0.011606386613028052,0.0592191606166214,0.21615563336413188,0.0,5.970563,0.28094935,5.7319307,0.021854518,0.0152,0.67859,0.015554952231217247,0.07412233977810027,0.008474229149265147,0.013290398692574253,0.01976977799877054,0.9742832299033191,0.01707904024138561,0.11012423372844157,6.664985,0.730089,12.717906,2.0117803,0.021250322,0.01,0.6937586,0.02257759104820664,1.1290803761205064,0.005235911771333548,0.017542302855274246,0.016552555912201186,0.11494707134103807
0.010123946,0.015611557,0.0592,0.01525652,0.06,0.022914153768668986,0.120094666330899,0.011614199949634895,0.032428399899269704,0.027612356100245324,1.317455602451104,0.2403885736710009,0.0,0.024594568536025055,0.174259424760068,0.2475848649954832,0.0,12.6062975,0.813146,12.1447525,-0.008311946,0.01259556,0.053599999999999995,0.01195086,0.049999999999999996,0.015108399317291969,0.04572519758401336,0.00956336181970055,0.004690085459101716,0.021168451904857194,0.6495621422908965,0.23066537826989433,0.0,0.0177902538122401,0.062131778213774774,0.23724449714035864,0.0,6.1748667,0.45878345,5.872228,0.019556284,0.0528,0.69207734,0.01624160337815656,0.08792291405457855,0.00745984644430464,0.021545911234544166,0.020936476174742622,1.1897948686886168,0.017842981822889032,0.13626117595809442,6.823142,0.716795,13.268093,1.8693398,0.019191911,0.049999999999999996,0.67219234,0.027197457290208574,1.3473681953550778,0.009529806806536456,0.021457155563638645,0.019537112867283213,0.14789113678920365
0.009893839,0.016174508,0.0608,0.015744029,0.06,0.025531815405278033,0.10370453342287136,0.013532545085201035,0.0214313627130026,0.030680373485547988,1.3109881606088587,0.24061185804094648,0.0,0.027147880964819886,0.16217415060449852,0.2481237998514975,0.0,12.614395,0.95739824,12.033691,-0.0077616316,0.012740968,0.052000000000000005,0.011929294,0.049999999999999996,0.015307428271135176,0.04058799920484642,0.009330132016824063,0.005195198567120063,0.0206126218054379,0.618356798175159,0.2309582711737897,0.0,0.017394320669546597,0.05636592319128491,0.23767704440400958,0.0,5.9324102,0.45095658,5.6348734,0.020113364,0.0512,0.6638616,0.015675156307622548,0.08388140956771432,0.008025794662534644,0.016628584836302772,0.0207841547162584,1.1722106183821293,0.01743417269131578,0.1257185138903451,6.795333,0.72219753,13.2126465,1.8893772,0.019632982,0.049999999999999996,0.6530542,0.027718775619121134,1.3570929197391652,0.010455211784823249,0.018733599489848908,0.02152331206035683,0.13392208691805574
0.009855673,0.016323624,0.061599999999999995,0.01587983,0.06,0.025304266487590578,0.10948373261702903,0.013795748510031082,0.02754255989255435,0.0301045946924728,1.2645660814236548,0.24047463885964931,0.0,0.026755789515555628,0.174401052075567,0.24754494577678,0.0,12.607962,0.9625747,12.03347,-0.006994716,0.012785726,0.053599999999999995,0.011950862,0.049999999999999996,0.014826599895184336,0.03565319898718317,0.009070213433571098,0.003605320150356616,0.020615959935725004,0.5556957594936709,0.23062135523187835,0.0,0.017232224774396218,0.05388056193599053,0.2370918049297466,0.0,5.6755743,0.4598696,5.366211,0.020387344,0.053599999999999995,0.6778764,0.01677855008963725,0.0818696718063179,0.007607272861166894,0.014092629565751948,0.021597551929668314,1.0623930043797243,0.018489637318744825,0.11966273782704194,6.689901,0.78961885,12.9484825,1.9392906,0.019782333,0.049999999999999996,0.6486584,0.026933122640692347,1.3081557375265642,0.009205292152692194,0.01878670212425312,0.019323942536476936,0.13223401036524893
0.009629116,0.01721587,0.0256,0.016674442,0.02,0.023897090878566587,0.10503399983211617,0.01166893375434929,0.02593560023447807,0.028510200061557408,1.2151444801477378,0.21520975639212467,0.0,0.02530861470331033,0.15261722887294454,0.22566621770153011,0.0,12.993284,0.92065907,12.243051,-0.0062310467,0.012485871,0.016,0.012170478,0.01,0.012568000457816152,0.04196800065861271,0.007153600298784976,0.008738133773121682,0.017905920469317698,0.475188267105028,,0.0,0.014750485151759996,0.055626697128548674,0.21547430155512923,0.0,5.523329,0.3676099,5.2026014,0.020671532,0.0256,0.58659554,0.023649240434196462,0.07892284409400516,0.015277597138551029,0.014533682800316031,0.028303477755432866,1.0352982971551057,0.02506124021840983,0.1182670868021091,6.939259,1.1300522,12.930729,2.2648473,0.02022546,0.02,0.6016048,0.029241522118580505,1.2787725851292169,0.012429155735053713,0.017106102998649893,0.024895017841480464,0.1250412981140751
0.009466022,0.01771181,0.0216,0.01738784,0.02,0.02165046122852218,0.09888533199026274,0.010592799798539453,0.027985599597078817,0.02652189086025196,1.1269407994627718,0.21795973044713587,0.0,0.0231921528572464,0.14584312557854628,0.22627525429691953,0.0,12.664544,0.8522349,11.959578,-0.0055051777,0.012687629,0.0096,0.012390788,0.01,0.007922667216402123,0.03995360028015119,0.002792267771852039,0.012788401657778063,0.01302026678952443,0.4279164801159159,,0.0,0.010148145267930977,0.05844443614093653,0.2160692806544464,0.0,5.0291348,0.2173061,4.8405943,0.021517536,0.016800000000000002,0.6306147,0.01660038887000437,0.07248920668904664,0.009558581854624753,0.016509559865589815,0.021198260710403156,0.9975999298888775,0.018121311391855216,0.10669403421482859,6.5970488,0.78269315,12.534275,2.059662,0.02084108,0.01,0.6366895,0.02167415825994162,1.179261687680868,0.0046869055742448755,0.022447518112252318,0.016279232409257036,0.11894637271214148
0.009626454,0.018106122,0.0136,0.017688954,0.02,0.01596775959036345,0.09882586530121155,0.004527759590363485,0.032842586530121155,0.020361513795530438,0.9788998931139651,0.22030343643102765,0.0,0.017102420303795864,0.14286331040159034,0.2268984383752107,0.0,12.219086,0.5763833,11.756431,-0.0048031956,0.013145182,0.008799999999999999,0.01240308,0.01,0.009073200861016494,0.038336600494160336,0.003093856367897615,0.010467321582754036,0.014202940254725582,0.11282352243349367,0.21024905722621318,0.0,0.011389826361794074,0.050132196323722227,0.21664442845354723,0.0,4.722438,0.24656187,4.520911,0.0221054,0.0136,0.6109885,0.015540494989659466,0.07155414642563743,0.00710572475120689,0.01561444028836102,0.019975680218648584,0.8415554805738413,0.016860374497866405,0.10329832535763707,6.3587904,0.70055985,12.141864,2.0297654,0.021451714,0.01,0.61650354,0.0253782701510832,0.9983553726717292,0.007120458828359162,0.017223239873615893,0.01774736293734307,0.1065267670476864
0.009604706,0.019792097,0.0608,0.019210728,0.049999999999999996,0.025420941038213275,0.08063899941240661,0.019767800218248976,0.013023733624331962,0.029836733988080233,0.8398802692856543,0.2309366269833002,0.0,0.027001243110508312,0.11495279699864366,0.23808343768205145,0.0,11.957695,1.1912943,11.083643,-0.0041930485,0.014274338,0.045599999999999995,0.012664902,0.04,0.008405942892286385,0.03161386622116559,0.002308052646233591,0.010062078969350382,0.013503488222476245,0.08151744080768408,0.22118123212824728,0.0,0.010950464966852178,0.04235108539097267,0.22770574137545513,0.0,4.30373,0.282103,4.114726,0.023558242,0.0496,0.5904044,0.01411432810118049,0.06600533457068232,0.00798973979279899,0.014781353818368963,0.018256985109284325,0.7813283993002464,0.01562725336412768,0.09384086958356654,6.164658,0.7744339,11.824058,2.1164834,0.022958891,0.049999999999999996,0.5794855,0.027690161242029207,0.899644408779137,0.011110294910755129,0.012797053034525961,0.021270926848950964,0.09339387991828797
0.009488655,0.019464353,0.0152,0.01890961,0.02,0.015563199865692923,0.09094359942919501,0.00923487954335601,0.029908719885838993,0.019834261507037126,0.8839827845211113,0.22016608581994063,0.0,0.017039796923602125,0.12551735900037686,0.22643284265685537,0.0,12.22541,0.66947025,11.67555,-0.003693057,0.014006253,0.0112,0.013157474,0.01,0.00943893422433548,0.030716802673006496,0.0037804802599572212,0.008431680909850286,0.014495040374338396,0.0799234140245735,,0.0,0.011736817401230702,0.041471021616799546,0.21601537646066787,0.0,4.0787807,0.29825673,3.818349,0.02345019,0.016,0.5916356,0.016065367108179955,0.06588611216730038,0.009354254572682066,0.012292533063923586,0.020317543172430258,0.7862497604027602,0.01762150595409589,0.09016811909757134,6.211134,0.84275836,11.710348,2.1863678,0.022971237,0.01,0.6098937,0.021300063789556276,0.9264009451043339,0.005018261742830816,0.016241739755587292,0.016314335714000237,0.09490138795471208
0.00949975,0.019786105,0.0144,0.019200297,0.02,0.016448581305373047,0.09006719717955175,0.005555626738297087,0.02393344010744565,0.020682465996118934,0.9124019219340217,0.22049249866843418,0.0,0.018098848301887075,0.12349193811320941,0.2269847895796632,0.0,12.185025,0.6831835,11.62984,-0.0032127772,0.013525973,0.008,0.012742128,0.01,0.008465000190756519,0.03180857137284014,0.0024532000472273466,0.010577333633189828,0.013398499958962203,0.08158800006425496,0.21025588071630585,0.0,0.010744499009789297,0.04206316395821789,0.2166256777966407,0.0,3.9316344,0.22559905,3.742862,0.023581887,0.0144,0.5752831,0.01618413057612579,0.0670080649894619,0.008911415310484927,0.01292179331762049,0.020498289875763975,0.7599734010493329,0.017855280194083344,0.0925348235439494,6.1813984,0.80989456,11.687903,2.2053194,0.022984592,0.01,0.5876141,0.025460254613584112,0.9166089260168487,0.007929917878186714,0.015195870169747104,0.01777545064934195,0.09440978878904316
0.0094371755,0.02040342,0.0232,0.019724416,0.01,0.024673845895563363,0.07651999888077451,0.01935885704692355,0.013703999776154895,0.028900666722627918,0.776721600134307,0.21047650159937936,0.0,0.0261855408835675,0.10819757236994473,0.21679161490359727,0.0,11.871707,1.126748,10.903126,-0.0028036933,0.013928564,0.0096,0.0129638305,0.01,0.009721256849317024,0.030424399167096702,0.003401219999738942,0.008301219899340684,0.014248783902620061,0.07096261297989558,0.21012997547963178,0.0,0.011728772249639587,0.03998175600998565,0.21646701590367587,0.0,3.6429102,0.28270933,3.4075246,0.024162725,0.0152,0.5738346,0.01654642869579875,0.06144525634703606,0.01013511678342038,0.011074363898128384,0.020648601268293213,0.695004927511994,0.01799603665139534,0.08452313791774818,5.9738693,0.86737984,11.211861,2.2644365,0.023603253,0.01,0.58145356,0.02446264719464679,0.8398384388037793,0.007281306095618519,0.014193376883353443,0.017316463126066568,0.08883537902699132
0.00933,0.018513525,0.0264,0.01802979,0.02,0.02599587625670729,0.08918927826743893,0.014768659951313656,0.020274639805254756,0.03065435164945857,1.0957811721648618,0.21710323336972187,0.0,0.027420392787021772,0.12229588353954664,0.2261088398104446,0.0,12.500671,1.0844524,11.583795,-0.0024910828,0.0119926045,0.0152,0.011807079,0.01,0.012895066761531916,0.032570400950973466,0.0075820114557420765,0.006537040095097345,0.018166671980413503,0.08581667986318724,,0.0,0.01526043210892949,0.04415108139331042,0.215806590561304,0.0,4.06614,0.35386956,3.7463408,0.021687271,0.0152,0.58593535,0.014557492148287292,0.07334076923076924,0.006663726857231404,0.015943330575203522,0.01902861828599607,0.931753231207122,0.016040953807891903,0.10375941662470783,6.331995,0.678818,12.088909,1.9723052,0.021012755,0.01,0.5966816,0.019958674667967174,1.1346985222184596,0.004081488103723103,0.02223756795267122,0.015885760131290214,0.10814278339447282
0.009463359,0.017936371,0.0264,0.017426008,0.02,0.024791039928369583,0.09435519964184784,0.012986623957021767,0.023777706595036235,0.029876775752410097,1.0837990423906656,0.215719763536869,0.0,0.026632082818885783,0.13331058224051165,0.22580266269173993,0.0,12.621498,1.0212072,11.780066,-0.0020977685,0.01159929,0.012,0.011330278,0.01,0.008935599836417668,0.03947119985435542,0.0027205439825226676,0.011200543982522649,0.014313831001768676,0.09401223959447128,,0.0,0.011237367934379927,0.04978683989700047,0.21559840572832492,0.0,4.06614,0.23135215,3.8562648,0.020798678,0.016800000000000002,0.5715883,0.015031360600978998,0.0801115631261669,0.006813671694809454,0.021806281513710765,0.020055400930991802,0.8647391868402304,0.01690748194572211,0.11042677421558227,6.4074373,0.7081266,12.227237,1.9398823,0.020139657,0.02,0.52513057,0.02951245371549966,1.1658152595780655,0.013095378837861986,0.01745127118374735,0.02527359240208405,0.11126065591468379
0.009594944,0.019469012,0.0224,0.018838825,0.02,0.02398259996082711,0.08389559976496265,0.013709559640728593,0.015079412854304818,0.028462013374744674,0.893590693416156,0.22028352120490713,0.0,0.025396162423058376,0.114369299384467,0.22678560797694802,0.0,12.348674,1.0320725,11.486826,-0.0016954099,0.01247242,0.008,0.012068901,0.01,0.008356399881931747,0.03422559987791606,0.002143588639722429,0.011001024095611387,0.013264607896446796,0.08156151989016423,0.21009391319680595,0.0,0.010398946259280955,0.04586491043072437,0.21652807126970577,0.0,3.7183962,0.20592585,3.547944,0.022653868,0.0136,0.5647554,0.01501380849890711,0.07118005664221004,0.007680904930867246,0.015110804674978535,0.019443107896635458,0.7983357585471742,0.01651661983587264,0.09649573787091605,6.2106423,0.72484857,11.825,2.0862224,0.022223923,0.01,0.5740758,0.02492358715011122,0.9591755158520205,0.006652711154577631,0.017404616704359343,0.017435685573818558,0.09759944649023192
0.009470016,0.01892825,0.0344,0.018511083,0.02,0.03487439987528628,0.07932079912700411,0.023224159825400787,0.012024159825400818,0.03968820596946912,1.051708720893142,0.2185997764713814,0.0,0.03654738367447767,0.1131369172236776,0.22637411577216285,0.0,12.743319,1.5192059,11.46253,-0.0013593767,0.012020433,0.0096,0.011732869,0.01,0.008166599935343584,0.03276659950021736,0.0025561834475003706,0.011746641125421167,0.013634217046769845,0.0830131730351548,,0.0,0.011146217902332,0.04760784215307792,0.2161454370245293,0.0,3.7825181,0.21261035,3.5946734,0.022204958,0.0144,0.55965763,0.014672243117876951,0.07307801961535064,0.006312168923571244,0.015620723580128643,0.01941120214380153,0.9453549774714259,0.01635697776637203,0.10073757983609978,6.403641,0.6913304,12.23409,2.019926,0.021431144,0.01,0.57933563,0.02298603272558836,1.1020414371804688,0.0049738755804634134,0.0216139427930078,0.01659008960606343,0.10478796257708652
0.009361065,0.021034274,0.016,0.020146687,0.02,0.01623341482155888,0.08311719634013263,0.005983439939561868,0.02199171996978091,0.020673461260807515,0.8543403837824226,0.2201404976601275,0.0,0.01775153065129389,0.11347295913341951,0.22642959156588666,0.0,12.272785,0.7470895,11.645926,-0.0010013127,0.013517625,0.0096,0.012766246,0.01,0.008686240533444288,0.029806240753323984,0.0024751772115443145,0.009903748726374827,0.01319544012747715,0.07076808068009828,,0.0,0.010369135393516488,0.039076541450115694,0.21607807981004765,0.0,3.4392967,0.22410017,3.2271018,0.024454907,0.016,0.53528184,0.01608031315229873,0.061792442330712745,0.009740719639394092,0.011244188739278035,0.020402639414007627,0.745214725868057,0.01753766365888514,0.08692774147092233,6.1552277,0.86300796,11.56344,2.2672346,0.023783475,0.01,0.56660366,0.021707103348993752,0.8594446216609416,0.005177629636838432,0.015665118454353203,0.01640283348344262,0.08974963640815325
0.009465357,0.020486187,0.0152,0.019918133,0.02,0.01624167212289094,0.08852919667590027,0.010595279778393342,0.023292919667590024,0.020688085749891845,0.8670362786871485,0.2203230299971596,0.0,0.017714568186691076,0.11459160591981306,0.22665619627442815,0.0,12.108801,0.7172928,11.507461,-0.00063165283,0.013379872,0.0096,0.012396586,0.01,0.008718666175830777,0.028939000213848334,0.0032392000554928926,0.008871866724674542,0.013908080023067534,0.06948080041524729,,0.0,0.010964616359117416,0.039576156501600936,0.21634917199293163,0.0,3.4318752,0.2466748,3.2164335,0.02391376,0.0152,0.542018,0.015987503243551828,0.06158685676024365,0.009847134504713176,0.012941197171489305,0.020375677756833466,0.7054386892409654,0.01749902737800835,0.08877766426922622,6.0718136,0.83217627,11.431801,2.229838,0.023400506,0.01,0.55831426,0.023805964839008736,0.8648085907570209,0.006353999215046855,0.015148161907278582,0.016977508250698176,0.08979575736169763
0.009515505,0.022322165,0.0144,0.02140351,0.01,0.015629849324267614,0.07251939729707042,0.010870786727584528,0.013299101418618314,0.019485863411695573,0.5852298389994123,0.21054403488130255,0.0,0.017058942553168026,0.09423577021267206,0.2167414212653756,0.0,10.840662,0.7479096,10.192723,-0.00027219707,0.014179951,0.008,0.012974035,0.01,0.008152667447541898,0.023505333824169205,0.0014425780496315384,0.005927733727430443,0.012006971565768753,0.055749600317794024,0.21021507228594374,0.0,0.009803201537780205,0.032834517335141755,0.21640415466514284,0.0,2.707862,0.21856768,2.515379,0.025783798,0.0152,0.5241615,0.01634508681845914,0.05189956406440061,0.010923519734459068,0.007018413977264056,0.02010830187069846,0.4743904603691475,0.017659174132730143,0.07200206413184139,5.3702435,0.9170995,9.929704,2.3559527,0.0250287,0.01,0.5449394,0.02381339923859109,0.5812800389826043,0.008214093549055548,0.010973671539717934,0.017141941278625835,0.07394911057312556
0.00942475,0.024299044,0.016800000000000002,0.02312743,0.01,0.016353222826274806,0.06280478804667171,0.012095059918723337,0.011580238477971636,0.019958155055525093,0.40049772718878535,0.21024307331387854,0.0,0.017616837084373855,0.08417678935059185,0.21625443242125142,0.0,9.968273,0.8864211,9.152359,1.4208054e-05,0.015864756,0.010400000000000001,0.014218216,0.01,0.008642665295894131,0.020961142177220827,0.0018677813142321156,0.003557598955858237,0.012377723096579757,0.04466207991987411,,0.0,0.010232448730498117,0.02438938342022751,0.21582557898946203,0.0,2.1214848,0.26874307,1.8622129,0.027707404,0.016800000000000002,0.50124,0.016297794461414106,0.04396663695685304,0.011351131808898844,0.005279630958482835,0.01975742155724929,0.16793865012479775,0.017430242384549047,0.06418139077143095,4.8807263,1.0191749,8.811113,2.493226,0.027148401,0.01,0.5512143,0.01952293155315722,0.37243752582876644,0.00515720053216711,0.009802504299262276,0.01591011394032563,0.06547470330365374
0.0095368065,0.025962163,0.0056,0.024657406,0.01,0.0070800396205825565,0.06880015848233023,0.0027323200898824325,0.02058669352807857,0.010480090237555624,0.27104072190044487,0.21079307217976587,0.0,0.008251544270956446,0.08878349349026056,0.21682672170597825,0.0,9.8328085,0.3502922,9.544565,0.00033284823,0.01705351,0.008799999999999999,0.014363389,0.01,0.009253600687528115,0.02017554364288927,0.0020236812586629637,0.0030850848120142394,0.012681076503510304,0.042938368221756645,0.21051745865079066,0.0,0.010351399584295951,0.023328965186082504,0.21653597889524745,0.0,1.9899938,0.2862808,1.7302579,0.029487768,0.0064,0.53233224,0.007801571967946666,0.049880855419408454,0.002919476186028987,0.013098705524151944,0.011067864335238164,0.14065501799884067,0.008877422812337226,0.06690228547700777,4.741105,0.4442194,9.106499,2.1829686,0.028535848,0.01,0.52746606,0.023863467306659347,0.17786948953827558,0.010361531362571412,0.008143730365031014,0.017324984217433937,0.06023145945684558
0.009534588,0.025187742,0.004,0.024215832,0.01,0.00618043951985228,0.07050219759926131,0.0019829829118250017,0.022032352153110047,0.009615049422035235,0.28732792008729957,0.21091905764633734,0.0,0.007431800537557683,0.08850105255339898,0.21701637437008303,0.0,9.59915,0.26890895,9.397668,0.00066030084,0.016842011,0.008,0.013664885,0.01,0.00890826636484694,0.0172991968129538,0.0018244266236397378,0.003073279270065565,0.012343505468649664,0.041792853284214,0.2108819175340691,0.0,0.010142415180705484,0.023293056726411118,0.21680012675770938,0.0,1.7662036,0.26747593,1.5284989,0.029202387,0.008,0.6147253,0.009947538540440838,0.04461952177221828,0.004877594667627454,0.010633045413168805,0.01334538776445079,0.13652733067807155,0.01108729605849794,0.06013824616271135,4.4302406,0.57678914,8.368454,2.2388852,0.027805315,0.01,0.5137524,0.02504209848231277,0.17347736370338218,0.010796753197170618,0.007863856801496929,0.017865960690715638,0.05992293596141467
0.009288726,0.024435068,0.0392,0.023467598,0.04,0.006044759506421542,0.07062379753210778,0.0018679357475746654,0.021902379454420685,0.00957006474719492,0.26464283992277343,0.2213634396339188,0.0,0.007328678258856416,0.08977356517712859,0.22935953892444463,0.0,9.359723,0.3273548,9.156687,0.0008560303,0.015834607,0.044,0.0141556,0.04,0.009702399840647831,0.018856000265051992,0.0022655997686825686,0.002246399427212895,0.013112320027244094,0.0412646401202852,,0.0,0.011077991440929419,0.0222644764896935,0.22805844546779894,0.0,1.629842,0.31532854,1.3513219,0.027838094,0.0424,0.5700258,0.00915432618325949,0.048549197423851824,0.00411806115803165,0.011720635781004974,0.01253109930184628,0.14786837276889836,0.010313647485976253,0.06318960960717375,4.37969,0.5753146,8.31737,2.1247365,0.02740637,0.04,0.54276747,0.01837761124421746,0.16595394477095965,0.002528965477175902,0.011848585982517819,0.013929984350811822,0.06416153403574254
0.009278519,0.023224842,0.0512,0.022235181,0.049999999999999996,0.016330094774416104,0.06153299756568455,0.0120678533916348,0.011986596826995717,0.020136971423774776,0.31807939998321166,0.2312805526792317,0.0,0.017652871436213535,0.08105742850236358,0.23834857352764188,0.0,9.154469,0.8993394,8.426868,0.0009620118,0.014916952,0.045599999999999995,0.013038507,0.04,0.009464599530938722,0.018931679628735713,0.00248646018756408,0.0023729205487373903,0.013136124413576271,0.042312559925223356,0.22033773991251032,0.0,0.010954651980132804,0.02265582179099056,0.22754328346761613,0.0,1.6883986,0.3023028,1.4270396,0.026217846,0.045599999999999995,0.6052428,0.010666629336494043,0.04691310374507993,0.005613238597641702,0.01115498758637559,0.01422870411980375,0.1430602947407096,0.011862443199128665,0.06424180149806774,4.2444696,0.65684086,7.9803853,2.0921113,0.025638375,0.04,0.53350484,0.01783723945108626,0.3450908680402204,0.0018496148256126332,0.015124922643061369,0.011994870386133697,0.06879413552944127
0.009599825,0.00060289446,-0.1536,0.00023010765,-0.39,0.23707472038949048,0.00027170024343154537,8.694407789807883e-05,5.434004868630902e-05,0.24639999999999998,0.0004890604381767816,,0.0,0.23954795695538889,0.00034349461942360726,0.01,0.0,-0.34094328,0.0,-0.28413767,0.0010765739,0.00077201833,0.8952,0.00011340252,0.74,1.2040877332524347,0.00033290000593604903,8.877333120271941e-05,6.658000118720982e-05,1.2861312533390807,0.0005992200106848883,,,1.2856556422126344,0.000420865875572651,1.1216531355496606,,-0.01588559,-0.015932927,-0.028594563,0.0007774573,-0.3696,-2.7847726,0.0005550268420984821,0.000555026821321257,0.0001110053850414772,0.0001110053642642514,0.029883867846935794,0.0047805575006388155,0.0016972000025558258,0.0007016877289168621,0.1625084,0.0,0.17377815,-0.0037420648,0.00036515985,1.49,3.08504,1.8680601653731712,,0.0026239268693245776,0.004195122318197834,1.864041453511848,0.04360667330711178
0.009443609,0.018288966,0.0144,0.01772091,0.01,0.015624057272367507,0.0715368018131453,0.010317472072525834,0.014593680181314532,0.01973448529288321,0.33262874999300485,0.21043734962134855,0.0,0.017040001288114538,0.0917120032037973,0.2167033007843173,0.0,7.824643,0.6081546,7.279443,0.0011178534,0.0112825055,0.008799999999999999,0.010136886,0.01,0.008730199832937114,0.021492080019854767,0.0024973598473946824,0.003946039966587417,0.013211487791515264,0.05022871948455497,0.21027165511843546,0.0,0.010641055091818135,0.030268424742277575,0.21652085473340713,0.0,1.4103417,0.19299844,1.2340925,0.020792292,0.0144,0.495769,0.015558291798933806,0.05194287840380739,0.009979411154757327,0.010819793783526235,0.01964291284219148,0.26549533652642665,0.01699785954103045,0.07204847288373861,3.7767458,0.6983434,6.9205875,1.8939639,0.020415364,0.01,0.5195991,0.0240996561529321,0.39156009544914366,0.007539984136363954,0.011655359673715678,0.017196658553937566,0.0712287389827424
0.009284066,0.018781355,0.017599999999999998,0.017898206,0.01,0.017431999916058066,0.06737066621897646,0.012247466577128625,0.011971199865692934,0.02152675579432366,0.34694080214891293,0.2102053575524599,0.0,0.018933810317870392,0.08960107321633447,0.21638635461638875,0.0,8.007152,0.7287896,7.3414607,0.001051296,0.011465017,0.0096,0.01043535,0.01,0.007910079748377758,0.02188759982088965,0.00158875925922207,0.005036691297736081,0.012684388605136156,0.04919767996613565,,0.0,0.01015015519493918,0.030200619776396185,0.21609085456248864,0.0,1.5278032,0.20043997,1.3478432,0.021312349,0.017599999999999998,0.49231106,0.017408362275860418,0.047747001949700274,0.011793040739538628,0.008376275116200472,0.02145042709593704,0.2982849480759188,0.01883822415658242,0.06824181029102817,3.8891912,0.8387032,7.0084724,1.9936342,0.02071816,0.01,0.5278547,0.020532189958536406,0.3986945115007971,0.0053628378958249815,0.012210408856910014,0.016294914730723493,0.07128346869523944
0.009793541,0.0005201269,-0.252,0.00013402625,-0.24,0.148,0.0006250672934329444,9.376009401494229e-05,0.00012501345868658892,0.148,0.00128768169226895,,0.0,0.148,0.0007902357736605738,0.15109011564510214,0.0,-0.3022223,0.0,-0.1868359,0.0011366376,0.00048004754,0.0584,0.0001832066,0.56,0.4576280000903585,0.0005520001432349034,0.4545655998975937,0.0001104000286469806,0.45829040048391995,0.002180800676282814,,0.0,0.4578467918657725,0.000697861278030182,0.8105098842430875,0.0,-0.026668977,0.0017811256,-0.036872882,0.0008483559,1.4784,2.8447568,1.8520049411767363,0.0005671648824694673,0.00017577005337079753,0.00011343297649389335,1.877170675092153,0.002247493906088754,1.8752222536829428,0.0007170331649090655,0.14060229,0.123047985,0.06493369,0.02464993,0.00035433672,1.57,-3.108863,1.9279103352876275,,0.0019464377098628916,0.00815599514455792,1.710739662670721,
0.009316241,0.0171959,0.012,0.016818678,0.01,0.013571142689259023,0.07533199921654216,0.008399885647132168,0.024079839905985057,0.017770400354954384,0.35933093416156026,0.2105157074890735,0.0,0.014907081237760756,0.09837789262372136,0.21681956496494437,0.0,7.4758186,0.49968535,7.0513296,0.000809649,0.011010942,0.0096,0.009842131,0.01,0.00972800000000002,0.020992000257019854,0.0031327999999999972,0.0030656001799134174,0.014195200031056537,0.049971199588768646,0.2102553899566406,0.0,0.011473644421724976,0.03000523391605665,0.2164972903677561,0.0,1.5141203,0.20350295,1.3234929,0.0199931,0.012,0.53534687,0.013376231500880569,0.05424692647295253,0.007624358686574805,0.012988807384920392,0.0174244301723088,0.2615226332526045,0.01472977185366849,0.07084194095319671,3.601151,0.5662423,6.708606,1.731221,0.019486802,0.01,0.52945906,0.02456787510647956,0.3664555045176037,0.008062048855218292,0.012071272850846828,0.017379701441586237,0.07260832823622385
0.009356183,0.016934061,0.0128,0.01653021,0.01,0.015446571452554826,0.07341733344525589,0.009768400906572652,0.021936801813145303,0.019691133495621033,0.41174680097372623,0.21062614383906647,0.0,0.016644957697859262,0.09666148430594895,0.21710755715153846,0.0,7.411246,0.5335645,6.950366,0.0004151752,0.0107096955,0.008,0.009568713,0.01,0.008944798560688833,0.021744798560688814,0.0028188959408598294,0.0072944798560688785,0.013750106657302832,0.053633546583813516,0.21070587794121115,0.0,0.011300648607226458,0.029969044668609352,0.21693978627742533,0.0,1.4836248,0.18783167,1.3226814,0.019614618,0.0128,0.5289472,0.01528471846507291,0.052648838317595405,0.008983285083470901,0.011571903905380088,0.01947859395110895,0.23028348402692808,0.016523298906226228,0.07300371939181352,3.5735455,0.6173381,6.606891,1.7624807,0.01909995,0.01,0.52473193,0.025944157470819674,0.41234847058823526,0.010111017759008193,0.010894959964079912,0.01825592430867502,0.07264992785842783
0.009486436,0.017025707,0.0136,0.01641771,0.01,0.014998645823244169,0.07326079856739136,0.009469118716698722,0.015634559604466126,0.01900736036262906,0.3517627747838496,0.2104685576818968,0.0,0.01636939641709573,0.09740053821049413,0.21674574862090953,0.0,7.273339,0.5359418,6.792932,-0.00032043367,0.011329351,0.008799999999999999,0.010137349,0.01,0.007980399585020587,0.022627466550650916,0.0019166396528400129,0.0038164801130887286,0.013194831985452675,0.05354831951519727,0.21022310678057712,0.0,0.010552394002683058,0.03151565390002767,0.21646588415696488,0.0,1.6612655,0.19231394,1.4868714,0.01983179,0.0136,0.5384475,0.014830534918102876,0.052642319102075195,0.009001802331305998,0.00984903355709473,0.0187339603339341,0.21908313380278896,0.016279106196243585,0.0724497038891267,3.5480537,0.62532514,6.5294323,1.7606447,0.019295258,0.01,0.553162,0.024176799240660855,0.3930192094936673,0.007576385430082836,0.011193611233782043,0.017227782230033812,0.07298667727766012
0.009321788,0.017634148,0.052000000000000005,0.017185917,0.049999999999999996,0.01650506662189764,0.06952933322141079,0.011416457123670443,0.019915199865692935,0.02061821580819915,0.4460184027532947,0.23095905431852382,0.0,0.017831282865718275,0.09799179803053333,0.237960879703608,0.0,7.9017506,0.6766262,7.360322,-0.001348941,0.011662137,0.0464,0.010488688,0.04,0.00985760084495105,0.022257600701984775,0.0030922972385313188,0.00828202660155497,0.013738240078390937,0.05187157336874493,0.22097131865569183,0.0,0.011428991701057932,0.03097218552076662,0.22753259209028528,0.0,1.9338721,0.2580456,1.7207496,0.02064444,0.052000000000000005,0.54681695,0.016409741856838446,0.05134014173563098,0.010765192098116223,0.008598121636702524,0.020411436148495613,0.36737205591675554,0.01765466815950722,0.06934350068240867,3.877553,0.79353434,7.1031885,1.9000621,0.019905431,0.049999999999999996,0.5288689,0.027553692856031375,0.44255052169211206,0.011253622054211121,0.009592756228944737,0.02093228320071688,0.07176380303341501
0.009448048,0.018284528,0.0144,0.017627712,0.01,0.016086215317461846,0.07206415982540082,0.010912022832200137,0.013984159825400817,0.02013267465314002,0.4059524817146535,0.21061068362567248,0.0,0.01734265246951586,0.09343494619129346,0.21684000753122687,0.0,8.025902,0.6366724,7.471382,-0.0024971124,0.012694355,0.008,0.011265809,0.01,0.007798239738097209,0.02274779972149517,0.0019116476391960987,0.004379120349547002,0.01249157329159739,0.05267472003930259,0.21036278703017247,0.0,0.009946886284928179,0.03187252713781443,0.21654105752688557,0.0,2.1218326,0.1971524,1.9483662,0.021375012,0.0144,0.5444428,0.015998319514033618,0.05117299857993195,0.010379798690478174,0.009584155007452275,0.01986736727859866,0.330303947027159,0.017176040712647684,0.07169418234914984,3.9822354,0.7460677,7.305029,1.9497645,0.020920197,0.01,0.5686719,0.024474560299484267,0.40752518479020006,0.009276291120526636,0.01049760616471471,0.01743061068727947,0.07195406402068476
0.00951506,0.019216051,0.0144,0.01827077,0.01,0.015234228633785414,0.07071980021824897,0.01045116803491983,0.01341861339153306,0.01939188069056213,0.36710256828674553,0.2105232481388326,0.0,0.016689601303824384,0.09238561434206811,0.21666314142693086,0.0,8.203865,0.6356856,7.6360297,-0.0036861,0.013419529,0.008799999999999999,0.012297099,0.01,0.009013257390172884,0.02314640022328555,0.0024458555548415913,0.0046861854875198455,0.012811549383189322,0.06084234772676541,0.21011935660365558,0.0,0.010410438564677906,0.033087543624523326,0.21632618221141822,0.0,2.371482,0.22550298,2.1680996,0.022487428,0.0144,0.54616207,0.015282623664196946,0.051774202476545295,0.00987613957767876,0.008968545937845792,0.019083518976443427,0.3226641451098154,0.01656218162862665,0.07076920677561836,4.121088,0.75356996,7.559402,2.0158937,0.022023616,0.01,0.5924072,0.02312869941606003,0.40212775245796506,0.007621974198131482,0.010046581907361823,0.01695980803114601,0.07006462240462918
0.009527487,0.020313108,0.0152,0.019492092,0.01,0.016587261750253445,0.06910860068832367,0.012230859900948554,0.011861719801897085,0.02053887039368756,0.35831096314950056,0.21068101116245286,0.0,0.017886621413517604,0.09229297070665214,0.21679761366121786,0.0,8.613263,0.7382142,7.9537854,-0.0049033794,0.015216576,0.008,0.013375235,0.01,0.007923000218868038,0.022923000620460744,0.0016998217995673713,0.0041122995245132694,0.012165706821435333,0.06088560182242958,0.2103539253458916,0.0,0.009781734240800869,0.031590636026790506,0.2164993101725087,0.0,2.6654234,0.23092392,2.4569392,0.024249991,0.0152,0.577822,0.01647623848572289,0.04639931768719487,0.011259864503893642,0.006847176735408472,0.020163672014012216,0.2863826122461201,0.01770717237784015,0.06719619589395416,4.335397,0.8823136,7.870363,2.207864,0.023639763,0.01,0.6013957,0.023889621353895902,0.3750230206357195,0.010002451593527723,0.009269817445048721,0.017240789768733576,0.06857956651256418
0.009756485,0.02086075,0.0144,0.019795645,0.01,0.016000488728466555,0.06613626570413274,0.011476523583861808,0.01224029323707994,0.019654213417648315,0.34577584151766977,0.21072306423132897,0.0,0.017256837809918806,0.09108205371902556,0.2168294452807407,0.0,8.495656,0.71070576,7.8554835,-0.0060009947,0.01596633,0.008,0.014185284,0.01,0.008352581915891779,0.02316960097667545,0.001757298440570503,0.004738560853303633,0.012316074688838899,0.06037056009188452,0.21042267694250397,0.0,0.009888026995476593,0.032408095062517,0.21657323372628592,0.0,2.7657223,0.24863954,2.540541,0.02505598,0.0144,0.5870728,0.015878052210938538,0.047463399616219974,0.010578794128659865,0.008236756609132612,0.019398724039146234,0.23810383297926127,0.017005547359994808,0.06594326331604844,4.3025994,0.8636772,7.8156796,2.2464285,0.024353437,0.01,0.6217711,0.024143553038525525,0.3175184430800295,0.010109991639858507,0.00927773780379634,0.017356931353852263,0.06711881964764686
0.009977051,0.02086208,0.017599999999999998,0.019743718,0.01,0.015772399899269703,0.06987119952992529,0.011449190930542728,0.005560679593721146,0.019681439929686302,0.3413948262682224,0.2075546893094721,0.0,0.017077723012119985,0.09314406108483976,0.21596828702089102,0.0,8.763263,0.75769067,8.062068,-0.007113916,0.01661544,0.0112,0.015455904,0.01,0.007929398394030705,0.023929398394030726,0.0016966827376975744,0.005063510891216341,0.01199763972974788,0.06226194603928918,,0.0,0.00970527161929931,0.032421086759039985,0.2154170953616926,0.0,3.275569,0.2844866,3.0109632,0.025352491,0.016800000000000002,0.6270668,0.014855407266921338,0.04831139957846545,0.009754934810082386,0.007537418092909536,0.018583206103305154,0.271117065660927,0.01606894657372618,0.06862341139166489,4.509042,0.87813497,8.200056,2.2287123,0.025073878,0.01,0.6641811,0.018951591376010837,0.3449329091829563,0.0033598278635088266,0.010867636493403977,0.014970707397066362,0.06993033043619362
0.010121506,0.020828575,0.016,0.019909922,0.01,0.016558399770887945,0.06829855922101906,0.012451546601751578,0.0038597941744312925,0.020264469313634983,0.3087890132348415,0.21056120501823256,0.0,0.017883462529743974,0.09146770023795175,0.21657898275637022,0.0,8.938894,0.7829374,8.245466,-0.008074936,0.017228598,0.0096,0.015433638,0.01,0.00894754207834735,0.022858197326993512,0.002381092548566039,0.0035716388228490643,0.012852638737682946,0.06788951337957679,0.21005858340876665,0.0,0.010631610553953397,0.032448197076839776,0.2162496938525301,0.0,3.4420738,0.30741084,3.1612344,0.025770077,0.010400000000000001,0.73225796,0.010840042284198034,0.04827482860255014,0.005638131697615609,0.00959252647890928,0.014309760011217849,0.2631380955851138,0.011995711288537858,0.06713631916046794,4.4743795,0.60295343,8.416893,2.051011,0.02519131,0.01,0.6594183,0.02150117067976694,0.3157709846907546,0.007450220430305947,0.00886775103253425,0.016658800580212584,0.06827768898026888
0.01030102,0.02064906,0.0136,0.019579519,0.01,0.016162279862335253,0.07014853241556841,0.012085941296622741,0.003844559724670528,0.019706805450628147,0.3382010408797112,0.21096482151920223,0.0,0.01742883500616599,0.09385859253391308,0.21716729478182215,0.0,8.668514,0.70331746,8.058964,-0.008835825,0.01740972,0.008,0.015025717,0.01,0.009271466732349474,0.02295253271648568,0.0028009602891469515,0.003402879264923213,0.013073578539927393,0.07005183916597141,0.21084428733669974,0.0,0.010680520398101044,0.03236364287016073,0.2168844343283355,0.0,3.3798118,0.3026217,3.1182206,0.025554936,0.0128,0.6373346,0.0152092564043935,0.04822318405286204,0.010315754702898493,0.007093166959121298,0.01856606759501565,0.25754507998077486,0.016270721565719896,0.066326408242825,4.488963,0.82962793,8.249342,2.262449,0.024680551,0.01,0.6545571,0.025535445143308095,0.3524494469686539,0.010820691259760764,0.008285338750896518,0.01818197854679582,0.06787947954409958
0.010291479,0.020547654,0.016,0.019358287,0.01,0.015715555182480374,0.07129599865692941,0.011512888888888892,0.012069333333333331,0.019488000000000012,0.388672,0.2103763193235146,0.0,0.016865767329283562,0.09402748764034306,0.21635086200805242,0.0,8.962417,0.72968584,8.30649,-0.009678112,0.017440332,0.010400000000000001,0.016025698,0.01,0.008976320118229113,0.02408160059114567,0.0024036264073622076,0.0040081594165649265,0.012505209234500944,0.07174688260328724,,0.0,0.010403799586925196,0.03415359781219329,0.21588935681593774,0.0,3.7441401,0.31847754,3.447763,0.025719639,0.016,0.6453171,0.015554320581131605,0.04987296519605153,0.010370321904370667,0.005953902969879941,0.01906753371273953,0.30182522935306505,0.01662318459083608,0.06780068431922641,4.7060375,0.91272706,8.5758915,2.2757642,0.025130983,0.01,0.6914916,0.019615142833209306,0.38797285101657025,0.005309299985558126,0.009482303033795759,0.015995815020461632,0.06956195823711266
0.01057839,0.019927897,0.012,0.019169008,0.01,0.014190350037773851,0.07276140015109543,0.010197426676739679,0.014192280030219084,0.017694434843088584,0.3327073626010801,0.21087800619080033,0.0,0.015287868743345005,0.10043016240683032,0.21703172738636106,0.0,8.707127,0.5917039,8.188997,-0.0102493,0.017779613,0.008,0.015455904,0.01,0.008666700668251634,0.0236889342243355,0.0023238169284291415,0.004044453083167339,0.012533374081648571,0.0760004921930219,0.21068573725354284,0.0,0.010234046783754865,0.03464682183780445,0.21675838097730427,0.0,3.7709274,0.30083254,3.5135105,0.02558149,0.012,0.67773217,0.013853687079177916,0.04892963381303806,0.008732543438161839,0.008548281638542921,0.017338847103813622,0.281560512579488,0.015038829848909746,0.06921334970254864,4.5736494,0.75818866,8.478156,2.1850374,0.02462389,0.01,0.6785684,0.025021105832073686,0.3838058044207686,0.01053274447933383,0.008200055081176504,0.017733657543017287,0.06918881066113716
0.010697327,0.019587064,0.0136,0.018659534,0.01,0.014872628461104933,0.07221679845546881,0.011165420129270524,0.012744672206832872,0.01863924994672916,0.37837756232686975,0.21079637524795106,0.0,0.016229791373698847,0.1010553323958363,0.21682690768350293,0.0,8.590854,0.6239981,8.026125,-0.010780599,0.017383285,0.0096,0.015718192,0.01,0.009795800544961321,0.02396640107948339,0.0033770306763358346,0.003598318932887833,0.013329302016385781,0.07944650988455525,0.21031138674334268,0.0,0.011186570890027997,0.03595299813532193,0.21642220840358958,0.0,3.9303637,0.3301885,3.6247106,0.024923585,0.0136,0.66667086,0.01472273415016657,0.05107515821517263,0.00970343841207955,0.007958609080583622,0.018238506623401964,0.34373169183193275,0.015961334507363565,0.07078653606056842,4.5909257,0.79825205,8.449653,2.1898184,0.024397537,0.01,0.7000465,0.023352449914228614,0.398005484439893,0.010062597328901787,0.008386466996320362,0.017125290735342132,0.06967283107244025
0.011035277,0.019692907,0.0112,0.018641116,0.01,0.015677688799350834,0.07086613279610508,0.01179996440862924,0.011639935935532614,0.01939980825428802,0.3239323746047735,0.21121658492673157,0.0,0.01709171144295933,0.09807954726515443,0.21803097312604017,0.0,8.281416,0.599067,7.79058,-0.010958471,0.01732925,0.0064,0.015636329,0.0,0.009898000385529805,0.023145000963824453,0.0034222867830137602,0.003977999100430509,0.01350033397482248,0.07880400950973462,0.20083838633325624,0.0,0.011323521303009511,0.03898816980980919,0.20743122606951314,0.0,3.7600272,0.2950794,3.5278885,0.025106061,0.004,0.72419196,0.008332869315164089,0.051700817039499636,0.003289905831418582,0.013913793658041807,0.011782263807545814,0.2959596924726748,0.009557255478454,0.07264370881199146,4.347101,0.32982263,8.471024,1.8789107,0.024188252,0.0,0.7029132,0.017309172496390277,0.4046560174564985,0.0016511199186872716,0.015756620047366963,0.010657316085945752,0.07665683145407948
0.0107450355,0.02064884,0.0496,0.019650303,0.04,0.015720281847314617,0.0728223957021741,0.011753540685118606,0.0055222368840762166,0.019228617284838857,0.41020032099387227,0.22136016625498708,0.0,0.016877421755160504,0.09892904245943218,0.228904589703085,0.0,9.375367,0.7555468,8.785343,-0.011213337,0.01874365,0.0448,0.01717132,0.04,0.009665920452354931,0.023686401507849814,0.0031045501693577537,0.00297728372850136,0.013227612231325202,0.08019328535629376,0.22043186064446518,0.0,0.011009051799566532,0.03658160886758893,0.22781573098881802,0.0,4.3190393,0.39150068,4.0164003,0.026676422,0.044,0.77299625,0.009821200007322114,0.04944686671614887,0.004512549626192321,0.010800416920709578,0.013142788125376045,0.2951124826814167,0.010886961660752604,0.0676149983805785,4.8635015,0.5948429,9.298391,2.0492163,0.026095755,0.04,0.71817553,0.01799562193059529,0.43907636513175385,0.0020667775679947906,0.012740931698129935,0.012848827536544363,0.0739223034280323
0.010883721,0.02239628,0.0032,0.021073774,0.01,0.0059760417412203426,0.07918159769439548,0.0021457460117154823,0.0044744766685413506,0.009502139211034363,0.38284688166988445,0.21109765422469978,0.0,0.007225310052706573,0.10361617820028499,0.2173044858321463,0.0,9.4886465,0.22410399,9.336426,-0.011102253,0.020371867,0.0072,0.017366353,0.01,0.008782286742365112,0.023158667034346863,0.0020110397738225404,0.003313799717278156,0.01227473363992749,0.07484840133650324,0.21097028326821193,0.0,0.010052863208751614,0.033811453047301744,0.21696604727479507,0.0,4.366693,0.314763,4.095362,0.02875111,0.0072,0.7874544,0.009679942354185414,0.04857884768196667,0.004681311462873737,0.01105960136781848,0.013069973393695226,0.2398339671748531,0.010785459614727051,0.0662405605392425,4.8948684,0.53587043,9.344916,2.1926107,0.027307402,0.01,0.6892489,0.025827493180858526,0.388347591524372,0.011117648564735277,0.007259261276562032,0.018393208013743487,0.06752592286467982
0.010718629,0.022339474,0.0064,0.021265492,0.01,0.006996470291969718,0.07754799899269706,0.003142332434689797,0.02104399965463982,0.010510750524636934,0.4657720083941912,0.2106656814015148,0.0,0.00826431456829896,0.09985549419941996,0.21657617951810187,0.0,10.009663,0.33111545,9.73451,-0.0109582385,0.020343807,0.0096,0.018205626,0.01,0.009017920359313166,0.02312640236458266,0.002448427880178997,0.003417919424275518,0.012688170922349808,0.07432256248795219,0.2100603870189302,0.0,0.010541974387435493,0.032674776360689106,0.2162071792989681,0.0,4.6130953,0.36960822,4.282396,0.028769493,0.0096,0.7854327,0.009981021009629193,0.048998511700424796,0.004675100169694452,0.010808804548869459,0.0132803882275683,0.3013650637496336,0.011076616515780052,0.06719873361192662,5.16986,0.61661375,9.797878,2.215942,0.027994035,0.01,0.7080312,0.02076028439433358,0.44900345342749354,0.00791074056606753,0.00803893400971785,0.016612086276883743,0.06746389589030251
0.010579945,0.021590572,0.04,0.020552091,0.04,0.005949472977331243,0.0811466621897647,0.0020590749601276004,0.021394662413609784,0.009660799910461992,0.5067039995523098,0.22132689982236922,0.0,0.007294618643658578,0.10680425847109815,0.2288766862827923,0.0,9.872416,0.29494536,9.727295,-0.01074419,0.019434039,0.0448,0.01773184,0.04,0.00940453371910071,0.02314693396731564,0.0027808154263068902,0.002704073764698323,0.013058230210892634,0.07195781672927047,0.2203749727685538,0.0,0.01077038286191464,0.034377871226478666,0.22775908833959896,0.0,4.60046,0.39072385,4.2943425,0.027833736,0.0432,0.75559384,0.008819236057464696,0.051228687697873386,0.0037224263683016037,0.011719659134163481,0.012371108286327308,0.3413229914217391,0.009950024814426433,0.07123574654792572,5.170206,0.5532113,9.958998,2.0829043,0.027144182,0.04,0.7118642,0.018001216285227814,0.48784110303872985,0.0020385057926688432,0.012323971930533965,0.012766417959576656,0.07310109961570654
0.010578391,0.020038843,0.0496,0.019160131,0.049999999999999996,0.014480430815721684,0.07846140015109544,0.010337426564817178,0.014409823755561149,0.01811344902394212,0.6222210412154788,0.23129907823752419,0.0,0.015849057138628084,0.1053786190264736,0.23824391100638884,0.0,10.3174305,0.6733614,9.847009,-0.010333482,0.017979749,0.045599999999999995,0.016105942,0.04,0.009137334275739432,0.026008001884812268,0.002550599820086063,0.004286399794384117,0.012780178325213729,0.08231080247341202,0.22076564038761015,0.0,0.010708715114048209,0.03921329896218643,0.2275266691150071,0.0,4.9113297,0.3424627,4.661334,0.025946878,0.045599999999999995,0.76556516,0.010180872204894878,0.05173192616428331,0.004973494113149536,0.01100435990078189,0.013748342316409982,0.5125256846262132,0.011420535685090999,0.0768598938363257,5.421026,0.5872872,10.453157,2.0287654,0.025016634,0.04,0.69946605,0.01757519039367203,0.6278510517287663,0.001721994348235043,0.015680880485907878,0.011219475269916472,0.08209647542896344
0.010426613,0.019081138,0.016,0.018246805,0.01,0.01599948579582929,0.08199640057080501,0.011794080032617421,0.013279280114160994,0.019939190548140688,0.7734270487702509,0.21035944496970926,0.0,0.01735504912871661,0.11405689593401092,0.2164015339758038,0.0,10.906347,0.69329184,10.318764,-0.00998562,0.016356397,0.0096,0.01533137,0.01,0.008204000669321658,0.03107466855147894,0.002280800562230161,0.009214134252535056,0.012236320170114869,0.09998773415579686,,0.0,0.01009335413449894,0.043244513972010824,0.2160125430914285,0.0,5.229966,0.281702,4.9848404,0.024178145,0.016,0.6613082,0.015810227605748923,0.05764423497997329,0.010532609549305062,0.00978695796460176,0.019603080348079765,0.6420361024764645,0.017101455746367948,0.0826923129069628,5.9095783,0.875105,11.059624,2.2050958,0.02383268,0.01,0.6987901,0.01987006819003241,0.8227398713394829,0.005368074091166548,0.011607717214888744,0.016165516677502437,0.08407816126890366
0.010307676,0.018978179,0.0144,0.018099466,0.01,0.01556846638126417,0.0815053991437925,0.01120843206581044,0.012656864131620916,0.01956606814791858,0.7031862953076471,0.21060542290368642,0.0,0.016875116458379125,0.11874027950010992,0.21674974266461372,0.0,10.925207,0.6447993,10.383114,-0.009557984,0.016044715,0.0096,0.0149408365,0.01,0.00961653350134802,0.03047440082246354,0.0031674391184219075,0.008933951294737516,0.013420712893698283,0.10787594687992162,0.21009512343873704,0.0,0.011157423022870715,0.04199140996224474,0.2163350934290273,0.0,5.1900787,0.31239375,4.921994,0.024032082,0.0152,0.6679628,0.016113892125123448,0.058449755090345966,0.010572875956441248,0.01001235521868278,0.019928322309578698,0.6134362822326209,0.01734167764177928,0.0839775661653669,5.895945,0.8632034,11.050005,2.1994686,0.02346954,0.01,0.6900885,0.02326720739501084,0.7941047020169016,0.00763013522768766,0.011357831400253688,0.016963379551822866,0.0856769344729839
0.010166773,0.017898647,0.017599999999999998,0.01724627,0.02,0.01632354282836277,0.0962647997985394,0.010626479644086294,0.02135098642939086,0.020442560047524056,0.9564766403089062,0.2168318058130266,0.0,0.017678097166988618,0.1383936571140349,0.22593029015670613,0.0,12.028809,0.6523963,11.489377,-0.009215688,0.014890745,0.012,0.014190387,0.01,0.008841999411666074,0.0385679971406656,0.003174719094264947,0.009968398766304697,0.013651377270758849,0.45591559902131756,,0.0,0.010974153496906183,0.05087076818392014,0.21556092353980777,0.0,5.926149,0.30218366,5.6703553,0.022488592,0.017599999999999998,0.6503054,0.01608205685082794,0.07131786941428793,0.009744425090266668,0.012211133516768967,0.0200712689829355,0.9086859438928501,0.017359356648979928,0.10305108324818027,6.5807905,0.82307965,12.466043,2.096028,0.021925222,0.01,0.70392853,0.01925056316681008,1.1086879033547798,0.00346002203700138,0.01786474392618144,0.015194755450399099,0.10723966221987055
0.010112629,0.015400977,0.0224,0.014974934,0.02,0.024240599764962643,0.12208119952992529,0.01190495962394025,0.030176239905985055,0.028793849258979435,1.3101148811102716,0.21934956713687423,0.0,0.025674591682334175,0.16874918320813417,0.2267593001218833,0.0,12.760847,0.7842602,12.137319,-0.008755353,0.012575155,0.0152,0.011976834,0.01,0.014882856775685923,0.04384499935745037,0.008667999343682186,0.0038151991659719107,0.02076488861253324,0.6894946658375997,0.21004372041461927,0.0,0.01771297964329224,0.06520855538298735,0.21655589229147643,0.0,6.5085835,0.4210036,6.159332,0.019221976,0.017599999999999998,0.69728976,0.018998329343693242,0.08913295828941745,0.01073377984785734,0.01807162191756822,0.02372537823709499,1.1612955394315347,0.020627177771618516,0.13545895062461238,6.980859,0.780056,13.330432,1.9605671,0.01877605,0.01,0.6917401,0.02530806006035313,1.3842108644550766,0.005977221449727352,0.025631015400454718,0.017469243757883533,0.15219865558788306
0.010147246,0.015033515,0.0264,0.014745049,0.03,0.024657142377474794,0.12686666554744117,0.012413333109488212,0.033419999664232355,0.029506666741281697,1.257590000167884,0.22470000133685225,0.0,0.026280207465222066,0.21590728910022097,0.23556959124183888,0.0,13.103235,0.8303382,12.453964,-0.00827345,0.011977298,0.0184,0.011522761,0.01,0.014529398252264993,0.05171759300905995,0.00900705705126834,0.011572702692282976,0.020395278762610863,0.7663858362783526,0.20160110712209453,0.0,0.0170070804126437,0.07105885027014036,0.21547029747111543,0.0,6.6741633,0.42850026,6.32839,0.018777292,0.028,0.65226096,0.025772950636136237,0.09094855712676762,0.016178834125156662,0.01306688487799714,0.030749610770963817,1.2069621134292172,0.027539554730331522,0.1551871008832364,7.232216,1.1334056,13.553448,2.1138117,0.01846595,0.02,0.6578814,0.029241608949370956,1.3993311043092527,0.011947774236005628,0.021282748702889983,0.024700020973525482,0.17548733082162074
0.009985039,0.015528567,0.0256,0.01489838,0.03,0.02382053293787367,0.1215949321469543,0.010399239822043181,0.02479847964408629,0.029138948615558047,1.371986320154453,0.22492853805376162,0.0,0.02548893495597531,0.207894571134846,0.23566860152363,0.0,13.295507,0.8106213,12.665098,-0.0076915952,0.012207117,0.02,0.011590245,0.01,0.016255198226563017,0.044970132151042,0.009705521429030433,0.0030740285720405216,0.022233118779906136,0.7397987124134316,,0.0,0.019109424185197392,0.06701884837039479,0.21557984466107746,0.0,6.4472427,0.469173,6.0462756,0.018923935,0.0256,0.60837436,0.023651151762274003,0.09000354974237333,0.014511608385056845,0.015146847252342567,0.02875110638234764,1.2759250611360977,0.025414167809323363,0.15085853239079522,7.297412,1.0237209,13.767639,2.0841606,0.018564625,0.02,0.6432946,0.029439751328220895,1.5168517636988608,0.012172450739815446,0.020678518194303462,0.024916655185844832,0.16796425681696542
0.009864104,0.00056051277,-0.2672,0.00015222243,1.25,0.11448416083270377,0.00033680069391980747,6.736013878396534e-05,6.736013878396147e-05,0.1328,0.0006062412490556536,,,0.1328,0.00042579728570886943,1.4714727600562776,,-0.09874124,0.0,-0.06434722,-0.006959466,0.00057536084,-0.30479999999999996,0.00018111894,0.78,0.015496199571801117,0.0004961996239080432,6.615997199556886e-05,9.923992478160868e-05,0.09138631883312986,0.0020931595705963413,,,0.07770926456192867,0.0006273159671105449,0.9439035547857035,,0.048351794,0.0,0.024929207,0.00071583886,-0.15760000000000002,2.4447823,0.16244723951003842,0.0006903668410521511,7.919753928917998e-05,0.0001380733682104301,0.22888485426939,0.0012796794568516981,0.2250427938819908,0.000878877498048453,0.053377472,0.0,0.08117066,-0.0001552552,0.00024366778,1.08,-2.9316223,1.4365663612797368,0.011292041872892221,0.0014357680144502184,0.0011640429673501552,1.431478015882331,0.007358154910218328
0.009602044,0.015911562,0.0256,0.015671914,0.02,0.025218400067153517,0.1186828003021909,0.013157706706958743,0.03182437337362545,0.03054301463387337,1.4589526959344135,0.21570713148468473,0.0,0.02676549448935589,0.19892395657992765,0.2259853407224207,0.0,13.423102,0.8847409,12.718356,-0.006154517,0.01171362,0.016800000000000002,0.011370399,0.01,0.014651000519059107,0.04440800131722146,0.008816321248600434,0.006840803187046201,0.02052240020159975,0.5471868802340164,,0.0,0.017085681959247357,0.062361818940419665,0.21590797543190796,0.0,5.8192415,0.39615282,5.4746275,0.019288085,0.0256,0.6006958,0.024886948582843522,0.09083595569693567,0.015178331061152859,0.018360859329751303,0.030158395245778,1.1887807966072566,0.026543163727500405,0.13989210188851478,7.1812096,1.0915352,13.461085,2.1635556,0.018998634,0.02,0.6007767,0.03144650872688317,1.4532252611158263,0.01286219599134185,0.021086352760277767,0.02588188971665552,0.15613222286473522
0.009446716,0.016732581,0.035199999999999995,0.016359793,0.03,0.034032560060438165,0.10570853353479392,0.0213807314458395,0.021232560060438173,0.03899845420036004,1.2574310146338734,0.22515968794005334,0.0,0.035688842402904764,0.15182203578072132,0.23580870984576702,0.0,13.234933,1.2983124,12.181366,-0.005517933,0.012004664,0.0184,0.011513021,0.01,0.015137334359626537,0.0411530007068046,0.009720267228777583,0.005427467317067947,0.021214160375626127,0.6469805346410995,,0.0,0.017830951389527172,0.05585158539529427,0.21573006371866366,0.0,5.5065165,0.42864788,5.1289716,0.019850088,0.016800000000000002,0.6276471,0.01551536028464384,0.09140885184726424,0.006981545740024921,0.02305931680218254,0.020230448270240366,1.1746633066689447,0.017140087009725177,0.1326866525605787,6.9730816,0.67025363,13.403418,1.879009,0.019495362,0.02,0.5956549,0.02972360325473666,1.388478473410549,0.012661963743032984,0.020393158832058802,0.025369171841445277,0.13891225617337688
0.009476451,0.016813794,0.0224,0.016418818,0.02,0.02237729958868463,0.11087279890315901,0.010430919835473833,0.030707893113965143,0.02724473154177308,1.150156560396206,0.21654785548840555,0.0,0.02397953410979385,0.1619727121225314,0.2261674439865126,0.0,12.83241,0.81599295,12.169825,-0.0048082974,0.01199075,0.0096,0.011526935,0.01,0.007693999657306858,0.045081998971920584,0.001778799074728522,0.011068198612092784,0.013365520010987576,0.5252276002903518,,0.0,0.010073517212864909,0.05949407075307405,0.2160641448184436,0.0,5.1697865,0.20962548,5.0002623,0.020024197,0.017599999999999998,0.64201826,0.017226904730677187,0.08279733659915214,0.008536659443282907,0.01964560995787006,0.022114682081324555,1.0775651222610425,0.019103378484415907,0.1214674206540368,6.686534,0.76191455,12.74671,1.9614522,0.01944782,0.02,0.56563246,0.032175432807517834,1.278873313428323,0.01399573828974674,0.01759337938983841,0.026210199447651374,0.1290581426829432
0.009510401,0.018222176,0.0136,0.017760629,0.01,0.01614133299756568,0.09929599597078823,0.009667840107445636,0.030969600268614117,0.020350254985004906,0.9764505609670109,0.2105230487180413,0.0,0.017527352395859907,0.1319277905730895,0.21706744497383265,0.0,12.139982,0.589332,11.662238,-0.0041230125,0.0131607205,0.0072,0.01216816,0.01,0.0078000000000000005,0.0362,0.0019349998243030312,0.011026665417267939,0.012972000215253956,0.09657333412759554,0.21042149659901352,0.0,0.010074568336468429,0.05019654810772016,0.21679310036969418,0.0,4.3707514,0.19804879,4.210736,0.02201242,0.0136,0.5955976,0.01586900360875211,0.07032651792663049,0.008919788476910754,0.012568522205572143,0.01999011739721086,0.8391838961939864,0.01726818307644862,0.10200849134257597,6.2508235,0.7125409,11.911663,2.0548675,0.021529144,0.01,0.60066926,0.025787223417645676,0.9793000209967742,0.008359523931786511,0.016723854596556845,0.01809663086327774,0.10414908370129597
0.009620239,0.020442253,0.0128,0.019638987,0.01,0.015633333669100965,0.08330000503651473,0.003789999944038709,0.021139999664232346,0.02012166753406641,0.7479650026021993,0.21065803760428709,0.0,0.017164547913685508,0.12018728748211302,0.21726512786621735,0.0,11.671226,0.6399515,11.150211,-0.003561566,0.0141066685,0.0064,0.012914667,0.01,0.007180457334179346,0.03193160072848919,0.0015046631838986286,0.009888773586926258,0.01247216031601738,0.08179688183022048,0.2106447211607052,0.0,0.009883820121241114,0.042064404722651744,0.21695235486585193,0.0,3.8815439,0.19811751,3.7226877,0.024322271,0.0128,0.5726376,0.01547988641930242,0.06311607948913213,0.008547923371647493,0.010875873761204864,0.019778631108985794,0.6839054315116059,0.016909998181240508,0.08471367620640433,5.956294,0.76282996,11.276148,2.204965,0.023504857,0.01,0.5817019,0.026274918499932978,0.8094864945761557,0.010108972429766752,0.012297167301594062,0.018592946576297537,0.08901287156166451
0.009478891,0.01991791,0.0128,0.019389797,0.01,0.014333973306471945,0.08780191991941577,0.00890884570277367,0.024761919919415756,0.01863810716584126,0.8566857619966983,0.2104495605711964,0.0,0.015774040528320075,0.12299232422656044,0.21682610519568882,0.0,11.859726,0.60144943,11.366893,-0.0031123613,0.013657464,0.0096,0.012855066,0.01,0.009582720555162906,0.030778400314045818,0.003303787830109877,0.00927424232688642,0.014311608808990696,0.07100111974257868,0.2101349515183665,0.0,0.011945368738418666,0.04036294946855798,0.21652224087776792,0.0,3.8181157,0.27054435,3.5831938,0.023701003,0.016,0.5728075,0.017395844411596775,0.06196096074110043,0.011324792832080446,0.01039135910208256,0.02149263162007951,0.7344035826646216,0.01883898942173073,0.08690029567207079,6.0180507,0.90004003,11.269247,2.274124,0.02326407,0.01,0.58544666,0.024763920969049096,0.8784178736859151,0.0070915529624050325,0.014439550662193977,0.017366501460336324,0.09034275296323166
0.009399231,0.019886624,0.016,0.019362949,0.02,0.016035485364128046,0.08929679509779233,0.01058484009065728,0.02713936036262906,0.020354520271971797,0.9174635608159154,0.22004167923490328,0.0,0.01748683651177821,0.12008067938044617,0.2263643069479749,0.0,12.16317,0.7101822,11.570704,-0.0027250769,0.013618041,0.0096,0.012977976,0.01,0.007739656626457645,0.031144399432548917,0.001874439903095572,0.010748878750883506,0.012778152602113731,0.07511989288172848,,0.0,0.010247752943739124,0.04256516851860839,0.21596919605600984,0.0,3.8311028,0.22530401,3.628416,0.023843478,0.016,0.58439,0.0157092147405609,0.06220799177516688,0.009180838917845631,0.012235660862801413,0.020061375827250368,0.7071848629312495,0.01722545470967957,0.08876769280940025,6.1291304,0.83241135,11.542267,2.198639,0.02308919,0.01,0.5968988,0.02095251120060034,0.8583431048575839,0.00487551873584799,0.016964031446980832,0.016240562885061392,0.09318442946363328
0.009233251,0.019941654,0.016,0.019280402,0.02,0.016176553861650837,0.0883476001007303,0.00539476001007306,0.02238952002014606,0.020520757805198808,0.8831528417694956,0.22006149207168546,0.0,0.017637912967317333,0.11909762275229221,0.22639511268446727,0.0,12.209104,0.7021392,11.614419,-0.0023832459,0.013392163,0.0096,0.012775291,0.01,0.0077495994610620525,0.0314991984193279,0.0021679353467593957,0.010813225992134141,0.012951423639864061,0.0787785590236468,,0.0,0.010160591617414411,0.0420014785628117,0.21605627598052543,0.0,3.727904,0.22581969,3.523594,0.023640413,0.016,0.566954,0.015971659305410685,0.06298905150095568,0.009167900548404896,0.011622659944718405,0.02030384599224576,0.7751412615937092,0.017393212268644858,0.0900232206778308,6.150502,0.8242872,11.585014,2.189645,0.022936791,0.01,0.5907428,0.02161173975123262,0.9176968686122454,0.005006971647441034,0.016568873669265634,0.01635079370558856,0.09357545732576442
0.009448714,0.020169986,0.0144,0.019455478,0.02,0.01613803591187625,0.0855183950306388,0.008871840174599174,0.022235920087299587,0.02020931231427853,0.7774418747346837,0.2204420429453382,0.0,0.017656429770698468,0.11358339669555968,0.22683142516249116,0.0,11.894564,0.67686397,11.328281,-0.0019423907,0.013531075,0.008799999999999999,0.012408645,0.01,0.008855519501381469,0.02966940011023731,0.0027261689762756304,0.004667760393240378,0.01370245979722681,0.07067322616594235,0.21022924984435587,0.0,0.011328340070241484,0.04076234836069345,0.2165620278126245,0.0,3.507244,0.23852263,3.298296,0.023601435,0.0144,0.54599994,0.0159078571126945,0.06440852572073939,0.009148158572316425,0.013164385853140573,0.01995961544937454,0.6703651999008464,0.017509348273465227,0.08901816692191451,5.9932055,0.7957603,11.3055725,2.1933126,0.023068264,0.01,0.5679556,0.024841692928109324,0.8364892189690144,0.007357237100442973,0.015128397269590189,0.017449596082250593,0.09037408377930917
0.009363948,0.020920442,0.0152,0.020214811,0.01,0.016093090664896274,0.0808559993284647,0.01028480080584236,0.021561600268614114,0.020440229089470085,0.7733408018131454,0.21038103752676449,0.0,0.01761284337421812,0.10927706021835625,0.21664249329137242,0.0,11.684429,0.7326422,11.06467,-0.0016870612,0.013971467,0.008799999999999999,0.013043839,0.01,0.007755199625179876,0.028996796890059757,0.002087871477428052,0.009767871991466953,0.012839359887268347,0.06737711927215263,,0.0,0.01031654680450565,0.038833093809807824,0.2163395076433396,0.0,3.391175,0.2317918,3.1894157,0.024590146,0.0136,0.5702954,0.014339985398530462,0.060441414335075896,0.008107625894384,0.01261345910898301,0.018534030599363815,0.5847806113701547,0.01586194389496077,0.08258319354458009,5.8330493,0.76074994,11.01406,2.1910715,0.02405785,0.01,0.5730369,0.023510893260308592,0.7488862356952415,0.00638020078216428,0.013406057047519293,0.016903670790883184,0.08420104218225505
0.009623125,0.020661265,0.0216,0.019946756,0.02,0.02377782830281444,0.07528959623940233,0.017699583849576084,0.01544895962394023,0.027925418663085157,0.7214406399731386,0.22052117515061548,0.0,0.02521329310796377,0.10394320260088231,0.2269642487050136,0.0,11.534424,1.0823882,10.615769,-0.0011944909,0.013362942,0.008,0.012514163,0.01,0.008528229041407712,0.03081952032101754,0.0025048817708668136,0.010469921086978348,0.013177567967641244,0.06712522657381834,0.21033837014368542,0.0,0.010584810142861079,0.039655696505117806,0.21666310346152837,0.0,3.2133026,0.2252113,3.0203562,0.024013625,0.0152,0.5613507,0.017189813904591712,0.05967030966364122,0.010886383130246894,0.01178179702044137,0.021239171443295027,0.609956416389021,0.018590955808791748,0.08230326169022441,5.737426,0.88550127,10.723072,2.289969,0.023487223,0.01,0.56191444,0.02538967315331433,0.7341375824559339,0.008520488325013034,0.01466597699194464,0.01781107508299918,0.08646231628926458
0.009397234,0.021774745,0.0152,0.020953724,0.01,0.015925199697809103,0.07402599848904559,0.011062600016788382,0.020433600044769018,0.019942484274145456,0.6367024004029211,0.21046622041815358,0.0,0.017431998488155975,0.09962398941709188,0.21659404241207197,0.0,11.188487,0.7602456,10.528788,-0.00090994133,0.014353882,0.0096,0.013166518,0.01,0.009235111022661478,0.022703199653666024,0.0028378997884608453,0.0046758004562102405,0.013241100159470125,0.059528800832904134,,0.0,0.010750013577155824,0.03233338753038484,0.21625437744345224,0.0,2.907302,0.26054293,2.6691334,0.025305424,0.016,0.5431343,0.016639243869450548,0.05333867522634302,0.011158663024889983,0.010491620146692067,0.0205239763689583,0.5151425884459404,0.01800834301073651,0.07317769994915084,5.540471,0.9340731,10.250905,2.3579335,0.024747036,0.01,0.561013,0.02266630699026578,0.6587131674733828,0.00704348512970256,0.012329373924371358,0.01681926718013493,0.07674203533386997
0.00929028,0.022325493,0.0496,0.0215311,0.049999999999999996,0.015120684966003502,0.07349652984134979,0.010409790716024507,0.014848953580122549,0.01892242815312984,0.6012406393016033,0.23120101770083576,0.0,0.016509890760536928,0.09723956304214784,0.238493774322708,0.0,10.896247,0.77461714,10.357925,-0.0006395377,0.014895152,0.0448,0.01337848,0.04,0.00905474310091804,0.02196902868407133,0.002215327418673405,0.0037691589025252185,0.012961220040051376,0.05433795203170979,0.22051286302642065,0.0,0.010680062835642639,0.0305607562771404,0.22770534258183706,0.0,2.7748828,0.27780044,2.5571222,0.02585472,0.0496,0.5286321,0.015017814271226417,0.05317882901898738,0.009594372575828767,0.010096703616797466,0.01872630857804388,0.458391256143449,0.016309711018718736,0.0737874508513318,5.404203,0.8943726,10.1516285,2.3064833,0.024898246,0.04,0.5672635,0.017946231376837075,0.6375316235005154,0.0019685541565585395,0.017271369167202667,0.012516223183900122,0.07893120851230248
0.009437397,0.023731655,0.0152,0.022493467,0.01,0.01663795953999834,0.06395919079996643,0.01210107521958439,0.011102365810909724,0.020345752768175317,0.3839016402249643,0.21070537427531044,0.0,0.01791046565948327,0.0845891501839109,0.21680586256144013,0.0,9.957736,0.8432475,9.199513,-0.000247383,0.015662532,0.008799999999999999,0.013468692,0.01,0.009138399837220777,0.020975771188205553,0.0021507597439040637,0.0032812151898734174,0.01271190153430207,0.04969094402513652,0.2104509180481471,0.0,0.01059338942612194,0.0257537255414387,0.2164893117454731,0.0,2.3174462,0.2631476,2.0781183,0.026959663,0.0144,0.5029802,0.015840329469721474,0.04637112099114817,0.010598044824159887,0.008218676635661906,0.01931976878708356,0.3145930405065694,0.016977576401544094,0.06543357443023931,4.9207835,0.92181486,9.004855,2.4238248,0.026217587,0.01,0.53952366,0.023907712709981297,0.3964386203360934,0.010155239362806724,0.009227885088804493,0.01730630294223225,0.06628289797687494
0.009448492,0.02593953,0.0152,0.024772353,0.01,0.016035959372114484,0.06023972914742998,0.011710384151766992,0.011586263073952826,0.019596883820396305,0.2901469120456644,0.21063512068919588,0.0,0.0173239337432135,0.0810861614755686,0.2166393067308211,0.0,9.922232,0.9186481,9.087012,7.705484e-05,0.017077396,0.0096,0.014656288,0.01,0.009390134007296502,0.018837068688556193,0.002458223607273658,0.002998026764001125,0.012727510054262757,0.04280803207445218,0.21024971125043732,0.0,0.010565197578772495,0.023055592740492157,0.21633539430883283,0.0,2.0003135,0.31347698,1.7194741,0.029650234,0.008,0.5713465,0.008730080861582383,0.048445487475064455,0.003644600198807166,0.011994404432500577,0.012140031757753012,0.14476142563083097,0.009879100690745372,0.06474192130401796,4.71401,0.5343895,8.960978,2.236686,0.02878326,0.01,0.53424895,0.02221351464651491,0.1977751828024778,0.009497515743254964,0.008058930777627175,0.016875370272508336,0.0611039777933384
0.0094615845,0.02559359,0.0048,0.024555113,0.01,0.006839528937739806,0.06997439838831528,0.0026533999832116023,0.021610879946277174,0.010204072617385146,0.21144479879123645,0.21091271058339375,0.0,0.007930161919805551,0.08928468266504642,0.21698828476759557,0.0,9.616346,0.31024715,9.36538,0.00035812607,0.017144186,0.008799999999999999,0.014096929,0.01,0.009363085523356678,0.018185399665874187,0.0024571202010591603,0.0024897594916520275,0.013016992036340434,0.041627440054696985,0.21075419682730964,0.0,0.010916924058729864,0.022728206701393472,0.21673533859374444,0.0,1.722257,0.30088723,1.4476794,0.029680612,0.0072,0.5873802,0.009011408667981323,0.04808891687566621,0.0038872777928164854,0.011031152077021196,0.012320998028363601,0.13962287438446389,0.010149845804545293,0.06179966462984754,4.4795227,0.51635194,8.51449,2.2351081,0.028313901,0.01,0.5211527,0.024877420630142453,0.17375032352014866,0.010709965715821853,0.007826225966686987,0.017769920018628153,0.060326030086200876
0.009576306,0.024813179,0.0144,0.023703696,0.01,0.01637149403349722,0.060364596659111903,0.011949168001343059,0.01129722667114357,0.019820243495501107,0.22860837113517446,0.21085016933947362,0.0,0.017537951154952814,0.07983232475133653,0.21693481096136086,0.0,9.344187,0.8746177,8.564886,0.00064731407,0.01627523,0.008,0.013362479,0.01,0.008727110727168565,0.01895733363318983,0.0017252924556687504,0.0030035999574311717,0.01224708568184683,0.041971839909657575,0.21079323641612457,0.0,0.010065303481687897,0.02289659210402908,0.21675141558987887,0.0,1.6581348,0.2612015,1.4294746,0.02846575,0.0072,0.5938157,0.009028583166463705,0.04812226656025539,0.0038223826941217796,0.011575765339881984,0.01236155005044393,0.1374906053349285,0.010100742120965924,0.06134890963622241,4.336172,0.50144464,8.247563,2.1401858,0.027210679,0.01,0.5133231,0.024730191435541258,0.16513906780730686,0.010626335363947845,0.008084081269005053,0.017716185792929832,0.06064986747693758
0.009450267,0.024051629,0.0144,0.022951022,0.01,0.016486945201193523,0.05903759814208567,0.012178546685693481,0.004490426704720333,0.02014606129734693,0.2078207605137245,0.21089041947048975,0.0,0.01781188852184714,0.07947529397169842,0.21701389164549872,0.0,8.997366,0.84941804,8.237591,0.0008840911,0.01557464,0.008,0.012717545,0.01,0.009015899782386622,0.0195090663753775,0.0021727179849643564,0.002843179496241084,0.012459080035423857,0.04158179199283558,0.21089540610574156,0.0,0.010332625701360804,0.022864826930402225,0.21685556832296649,0.0,1.4581151,0.25514776,1.2350205,0.027363207,0.008,0.60551035,0.01001178055837927,0.04700055802325841,0.004828463410639051,0.010620049521567946,0.013482733418093359,0.1354820858583581,0.011236607581920407,0.061209328062753365,4.113836,0.5407661,7.761888,2.1193476,0.026239002,0.01,0.5059984,0.0251531122801655,0.16858861266285446,0.010754636368605758,0.008369530111863411,0.01793073621863428,0.060800614035561015
0.009443167,0.022727348,0.0136,0.021813132,0.01,0.01652307333430531,0.06070767867036011,0.012141977143816485,0.011548460001678836,0.020238284451159782,0.22871485335347938,0.21092596294689134,0.0,0.017724367985286336,0.08109747194114526,0.21725724392324852,0.0,8.623025,0.77840376,7.9382515,0.001041324,0.014721685,0.008,0.011883144,0.0,0.009718480548640355,0.018794935109266758,0.0025113922765533517,0.002139240869287595,0.013484386729553943,0.04140421332901398,0.20110166578716043,0.0,0.011133803778898528,0.02273474511561356,0.2071527943965308,0.0,1.4574193,0.2535077,1.2371076,0.025683217,0.0128,0.49368936,0.015676053923083372,0.04525094210960773,0.010871395839804746,0.0071402311880080505,0.019285660223342712,0.16799425624943137,0.01684681260612847,0.062047082694205606,4.141997,0.84162617,7.5390816,2.302027,0.02480451,0.01,0.49619195,0.026169517266800852,0.29851329468916477,0.010968751036343392,0.008214538404455666,0.018648425289335507,0.06265999585318863
0.009316907,0.021522224,0.0152,0.020563629,0.01,0.016170971447758167,0.06223872005372282,0.01147187187106524,0.011839572903550743,0.01998158232369865,0.28463424091328804,0.21055244748572569,0.0,0.017415632534324186,0.08309900605071993,0.21667824568387856,0.0,8.426091,0.7668775,7.7413177,0.0010619637,0.013425558,0.008799999999999999,0.0118253995,0.01,0.008879288769581033,0.020771199854355417,0.0019437864060774246,0.0038875737325708383,0.012720560001666627,0.04408223972611336,0.2102330127626584,0.0,0.010318944357706597,0.026075777756339902,0.21643646335999323,0.0,1.5333687,0.22578648,1.3306822,0.02443518,0.0152,0.4932716,0.01612679565583926,0.04576598040053209,0.010957731479446328,0.007632959663466427,0.019810986539286386,0.1677090686610515,0.017355129835725437,0.06343139523664525,4.0738344,0.8784529,7.3552155,2.204374,0.023721358,0.01,0.52188224,0.02328313768554061,0.3059736147632582,0.008478877899873822,0.010019013154152809,0.017001367239036468,0.06487984948928056
0.00943318,0.020185519,0.0136,0.019391127,0.01,0.014683885791032617,0.06479146702481882,0.009617208912765681,0.01367744010744564,0.018759595243291644,0.2998969643246873,0.21050384112594084,0.0,0.01617174220514403,0.086134796717066,0.21670396771654782,0.0,8.087257,0.6364082,7.5192018,0.0011595966,0.012748158,0.008799999999999999,0.011004219,0.01,0.008788398789599569,0.0209294662554349,0.001799419898738279,0.0034651202638737175,0.012796519993946003,0.04635823913464715,0.21030780753932193,0.0,0.010166439651148811,0.025199092607554135,0.21645127693532276,0.0,1.4170674,0.20707062,1.2241207,0.022992393,0.0136,0.49929222,0.014622897604255513,0.04709080860910056,0.009067552155907424,0.007808815180479178,0.01857128598823656,0.22302493666664197,0.01600729175525571,0.06760119416517134,3.8892384,0.7268174,7.1200953,2.0155966,0.022295933,0.01,0.51616997,0.023712366403134906,0.31512737105496813,0.008224049324901799,0.010397406898894528,0.01711082193697443,0.06726920591008465
0.009359512,0.019704446,0.016,0.018861238,0.01,0.015874285234617626,0.06551999664232351,0.010951999999999998,0.013002666666666666,0.019892000000000007,0.310272,0.21026867248073053,0.0,0.017185514146234482,0.08890584114150427,0.21634474025618738,0.0,8.0107,0.6899219,7.3765187,0.0011377974,0.012306143,0.010400000000000001,0.011146609,0.01,0.00865040042858027,0.02067533367379517,0.0020817327398681296,0.003155770605453175,0.013112622207031108,0.04750339993925901,,0.0,0.010646956546089176,0.02827826095088995,0.2159546504525357,0.0,1.4792182,0.22739865,1.2714297,0.022358965,0.016,0.49223837,0.015821456019648166,0.05139700601693167,0.010251143423802705,0.009855389118604082,0.019709058185281722,0.25353118130357616,0.017043086159454286,0.06707701385352795,3.8793628,0.79198116,7.025683,2.0240982,0.021908747,0.01,0.5337604,0.019840549636065533,0.35260082999015063,0.005421813909193887,0.01150594673851286,0.01615660839839606,0.06841720546238099
0.009446716,0.019950086,0.0144,0.01916457,0.01,0.015994276969567817,0.0639752002014606,0.01093085335347937,0.012528373373625449,0.019803887517837664,0.33826608780324013,0.21057563993162384,0.0,0.017295092978303048,0.08873282542406072,0.21681988628121265,0.0,8.11444,0.67855436,7.5117683,0.0011208683,0.012439026,0.010400000000000001,0.010978012,0.01,0.010127599660252553,0.0189104008288857,0.003545520143931117,0.0020606935252414902,0.01476387186446068,0.04301935946869203,0.21027528259418904,0.0,0.012161010076243293,0.023962272871076332,0.21650106774353747,0.0,1.4482585,0.25929785,1.2105539,0.022748768,0.0144,0.5012672,0.015847968782376667,0.0466321276513324,0.010266759090242614,0.007650814341548725,0.019633582561836282,0.20703874942129566,0.017113698684687005,0.06587589435571767,3.906049,0.77550846,7.116076,2.039233,0.022086136,0.01,0.5202008,0.02445784633651506,0.34559512040755375,0.008733340796837083,0.009435545387630058,0.017364740506720083,0.06700219355966447
0.009318238,0.019856667,0.0144,0.018955765,0.01,0.015574299924452271,0.06369719969780911,0.010386293293041218,0.012505919919415761,0.019718560324255622,0.3832598445395786,0.21053128104173893,0.0,0.01700659404560956,0.08682637574889078,0.2167514413112604,0.0,8.131191,0.67262846,7.5373964,0.0009163262,0.0124116605,0.008799999999999999,0.010848608,0.01,0.008069333690304895,0.021215999485960292,0.0023526401079483547,0.0031408001349354244,0.012889599922894105,0.045422933405441665,0.21027422413968624,0.0,0.01035495785093449,0.027132436753790967,0.21649115818587022,0.0,1.465188,0.20233417,1.278503,0.02254299,0.0144,0.4931722,0.015486439296251455,0.0487392996521451,0.009965223163110614,0.008210446879983702,0.019614650809233126,0.2165671175106091,0.01694892151535332,0.06396323905328567,3.9279475,0.7641294,7.1702595,2.013633,0.021840634,0.01,0.5198117,0.024130382754968382,0.3719155536186782,0.008337113108125323,0.010106402338388836,0.017253044115863148,0.06747599313231414
0.009342203,0.01861227,0.0112,0.018079717,0.01,0.015135885647132183,0.07022047981197012,0.010374354258852872,0.01422047981197011,0.01919857500209855,0.3390368650046168,0.2109729096977233,0.0,0.01658890763044005,0.09094453732829977,0.2176389792838556,0.0,7.5839944,0.5544924,7.121561,0.0005042275,0.011780178,0.0072,0.010258869,0.0,0.010491085896166395,0.019959400501188714,0.003515939732920515,0.0029758401336503243,0.014106811387492552,0.0485738399098423,0.2009461422567007,0.0,0.011725065833611416,0.028325241640801375,0.20733924916899793,0.0,1.3980513,0.20600945,1.2252805,0.021333002,0.0136,0.5211184,0.017540933315393203,0.04771032172080799,0.012182880696675648,0.00889155344241476,0.021355697907484546,0.1775354371254949,0.01884506856856606,0.06314763261011125,3.6366687,0.7679972,6.6118493,1.999822,0.02057584,0.01,0.49769208,0.026909068356781772,0.37242360256818524,0.011239546552271733,0.009305399481431437,0.01996162311883758,0.06780878999248612
0.009214168,0.018629355,0.0144,0.01801248,0.01,0.014573777665855232,0.07198199949634852,0.010079099974817428,0.01511639989926971,0.01880680035015771,0.37096506830073595,0.21034828652207704,0.0,0.016206968180636206,0.09186229783056975,0.21647001015942516,0.0,8.017469,0.6019889,7.4740443,-0.00028959007,0.012342089,0.0096,0.011164001,0.01,0.008591999464542687,0.022043999746996334,0.0021016885296960483,0.004171733598920516,0.01277960001069241,0.05095920002650515,,0.0,0.010566029893941686,0.029826330500271878,0.21612696810735232,0.0,1.7877707,0.21086839,1.5918095,0.021609478,0.016,0.5314131,0.016097803789729095,0.04994941710375995,0.010910814573472044,0.008759990737787642,0.020180215147127593,0.22680858308620336,0.017651212443132454,0.06959558583849444,3.9088755,0.7846186,7.097834,1.9815212,0.021191612,0.01,0.5548458,0.021325081179039387,0.38149974013268523,0.006125832753172276,0.011464820208823286,0.016507211720340607,0.07058088427686264
0.009433624,0.01907559,0.0152,0.018219067,0.01,0.015312343058603439,0.06879093427348275,0.010594951024557668,0.014038639805254766,0.01943008049383675,0.3671582092839755,0.2102979861334989,0.0,0.016657338717512585,0.09164846777588785,0.2164085165178948,0.0,7.9563375,0.6390156,7.368533,-0.0012072459,0.01279593,0.010400000000000001,0.011664225,0.01,0.008690267126267508,0.021835400469061236,0.0026326171964641616,0.0037427734584163292,0.013550443687502047,0.05109097598171948,,0.0,0.01117223243626704,0.030335209067517556,0.21611862883283517,0.0,1.8305573,0.24824432,1.6035205,0.022165494,0.0152,0.5343528,0.015250095068112203,0.05026709666242445,0.009535059105277606,0.008629550836559413,0.019158544645769143,0.19107126072996264,0.016581238932461974,0.06627766469127269,3.8897429,0.7506518,7.0851235,1.9750065,0.021633044,0.01,0.56946975,0.020622520610054096,0.3677922223006674,0.005688491549406862,0.011150233787053387,0.016361129406274415,0.06879214933771174
0.009452042,0.01983381,0.0144,0.019017229,0.01,0.014692200117518678,0.06990640141022413,0.010070127893897414,0.013550639469487112,0.01860743492543161,0.37117050796049134,0.21037818037710607,0.0,0.01617152369885207,0.09333377702134256,0.21647175709846075,0.0,8.413555,0.640171,7.8332944,-0.0023927542,0.0137495315,0.0096,0.012497233,0.01,0.008610399919681414,0.022115600069877134,0.0021715602711559314,0.003971560271155946,0.012706923586497032,0.053144039858137156,,0.0,0.010236447068249664,0.030391118948589268,0.21613592171885201,0.0,2.1345875,0.2359272,1.9121885,0.02324703,0.0144,0.54875207,0.014570908048117054,0.05030824206346741,0.009515227770567753,0.008850292569822202,0.018309358511212896,0.24476008034499103,0.015967382971713958,0.06914846943815718,4.1458473,0.7521068,7.5995727,2.043705,0.022756007,0.01,0.58138746,0.020946151652520655,0.38100601366290193,0.006196418291676551,0.01033465180543108,0.01646723399946467,0.06858517646011544
0.0096058175,0.018903397,0.0128,0.018259896,0.01,0.014965538099942523,0.07083799882481323,0.01048303990598506,0.01363039905985059,0.01886709989087553,0.382268399563502,0.2107541670646671,0.0,0.016313379668581183,0.09432018490256332,0.2170455747743362,0.0,8.018465,0.59170115,7.4972296,-0.0035416216,0.013738864,0.008,0.011911439,0.01,0.008899439938122531,0.02339888003598278,0.0022464802201803196,0.0038788813210820466,0.012773629244235371,0.05490992122758862,0.2106512499609886,0.0,0.010479772508356246,0.03170598440530954,0.21675471360300558,0.0,2.229438,0.22509645,2.0288386,0.022549765,0.0112,0.58560705,0.013146526439866512,0.052952308085068886,0.007750041369277597,0.011048885233996194,0.017022304057778503,0.2918665050081931,0.014485948855428069,0.07101077291216293,3.9573126,0.6135229,7.372259,1.9187053,0.021801516,0.01,0.5780099,0.025362894228041312,0.39141353484920044,0.010332595719327955,0.00982541160234676,0.01789938590155117,0.069802703303304
0.009637325,0.019426633,0.0136,0.018778693,0.01,0.016127399899269722,0.07027946612943843,0.011601097288676237,0.012701920255183413,0.020029320574162693,0.3886897097288676,0.21081717420026827,0.0,0.017445452069319207,0.09431514161061014,0.21711539875235403,0.0,8.275649,0.6556956,7.70027,-0.0047899764,0.014639359,0.0072,0.012584662,0.01,0.008366755418716456,0.022950133128074698,0.002011128735597322,0.003950025983066162,0.012290143861713796,0.06123381292045977,0.21087022508949463,0.0,0.010144518482656077,0.032645186609034975,0.21695964923998823,0.0,2.5720797,0.22602203,2.380293,0.023319637,0.0136,0.58618176,0.01603140207343008,0.04973637114133831,0.01070339190946188,0.0076248244519361505,0.019640036806008128,0.2341062476698452,0.01720321755135751,0.06770385087767669,4.1584687,0.7932662,7.614393,2.1053236,0.022605598,0.01,0.5904147,0.025709890161111203,0.35857081604229984,0.010603626532354155,0.00894778176070117,0.01817508365535552,0.06925332885343316
0.009618021,0.020333525,0.0144,0.019410433,0.01,0.01524618148241416,0.06932699907663896,0.0111327000755477,0.013330800302190877,0.019009082672908014,0.34237720271971794,0.21063486434205125,0.0,0.016692436559892256,0.09187898495827623,0.2166565004352218,0.0,8.692702,0.6783926,8.078492,-0.0059641213,0.015813503,0.008799999999999999,0.013990716,0.01,0.008050401458583793,0.023390240650516207,0.0017871772482613779,0.004085039302619461,0.012316013277340106,0.060748039848097325,0.2101410490058133,0.0,0.009966552927644671,0.03205529000094306,0.21631932203046933,0.0,2.8528032,0.2539232,2.6218238,0.024636235,0.008799999999999999,0.6969473,0.009409868742666094,0.05036751927943542,0.003991192664945902,0.011446269632289743,0.013073026661078893,0.21904237735221105,0.010820653082765239,0.06840133759979036,4.2483835,0.47934142,8.070648,1.8938012,0.023927076,0.01,0.62453866,0.022514843344976113,0.36960590363904233,0.008485226858383895,0.009035835950606514,0.016886448966868528,0.06861898687940933
0.009911812,0.019706888,0.012,0.019081138,0.01,0.014454066426033205,0.07100975942247965,0.01017622009569377,0.013269920255183414,0.018334846206425164,0.32397196172248804,0.21085263251233524,0.0,0.015813925777752775,0.09545570311101109,0.21712595041564725,0.0,8.329902,0.59869266,7.814435,-0.007000977,0.015690826,0.008,0.013663959,0.01,0.00933257053555908,0.022354665981280386,0.0028425593052758815,0.004175084827831515,0.013156184339316587,0.061010132117487445,0.21078648967776045,0.0,0.010653854716271144,0.032943612916544414,0.21687199943889895,0.0,2.9788442,0.26340902,2.7450821,0.024348179,0.012,0.62770355,0.014189696724949408,0.04755101877089226,0.00914701384030759,0.0076886414258954434,0.01797323908653825,0.21194303714112805,0.015526576200742876,0.06914952264403712,4.24574,0.7279295,7.852273,2.103015,0.02346899,0.01,0.6214483,0.025576655829200518,0.38321370305809876,0.010597690250381788,0.008293506156700815,0.018127520046758435,0.06758639729753345
0.010115514,0.018393701,0.016,0.01759931,0.01,0.017228581763238025,0.07351439939561823,0.012610479979853926,0.012154293293041211,0.02105891735595892,0.3908829628137329,0.21063080567324688,0.0,0.01850267077425683,0.09740747808173535,0.21674911262038846,0.0,8.133301,0.6961425,7.5059977,-0.00792443,0.014874976,0.008799999999999999,0.013492811,0.01,0.009014199328737094,0.028037865348729495,0.0023725430829531434,0.004754238471588597,0.012676447370719643,0.07149111837214146,0.21026593684427855,0.0,0.0104066143074524,0.03921212622295093,0.21641852819922916,0.0,3.1664553,0.25918046,2.93594,0.022738084,0.016,0.62845284,0.017063731508044976,0.048725457518477344,0.011712018464863923,0.008353048052652684,0.02075357904210173,0.28387062210105235,0.0183021487284665,0.06878633457724134,4.2204375,0.86397743,7.6548905,2.1028798,0.022176376,0.01,0.6540829,0.023426759345120587,0.3795521302873411,0.008782302251885454,0.010343819227519436,0.01708006900810091,0.07222581909803236
0.01022269,0.018286524,0.0144,0.01751876,0.01,0.016181866532359618,0.07176399899269706,0.012038559959707892,0.013392799798539403,0.019916900193066384,0.40546760077226557,0.21076533659980795,0.0,0.01738206327556791,0.09934888585795071,0.2169307191829048,0.0,8.196428,0.6456847,7.63503,-0.008801502,0.015288234,0.008,0.013794751,0.01,0.008873919493414269,0.027569597763927263,0.002414783525027315,0.006873917625136541,0.012310879576238814,0.0714652768331973,0.2104605484910635,0.0,0.01011346621800335,0.033495011875178525,0.21656402979114533,0.0,3.302121,0.25267962,3.0850558,0.023005236,0.0136,0.667713,0.015219876451902157,0.05091275582470563,0.009888269470906517,0.006278844951789072,0.018739325118893976,0.3070622122226883,0.016307413284871883,0.06843552026508358,4.240404,0.7616624,7.810318,2.028932,0.02229803,0.01,0.6670276,0.0244369010378027,0.41226230215510595,0.010167957431437315,0.009228129437284835,0.01744508385754642,0.07042369354356924
0.010376908,0.019907482,0.0144,0.018855691,0.01,0.014669428595411954,0.07139066677858921,0.01047544000671537,0.01317720003357676,0.018375859254102032,0.36198960731973473,0.21051759658810126,0.0,0.01609224353848249,0.09637903797365925,0.21652250304270115,0.0,8.589521,0.6493064,8.008373,-0.009515545,0.016929906,0.010400000000000001,0.015288003,0.01,0.009600217882581455,0.022800599177536462,0.0026600592349257115,0.0033201190318422205,0.013255717132612562,0.07072432339523228,,0.0,0.011003155936513213,0.03316694309194958,0.21611902256742685,0.0,3.5522366,0.33067018,3.2514534,0.02483173,0.0144,0.64067024,0.014511960721916602,0.047705303782515675,0.00944243215016195,0.0071591890287227115,0.018082046991374636,0.2511927471292652,0.01579007043756055,0.07017236617622362,4.5047336,0.8143996,8.27201,2.1646132,0.024274679,0.01,0.6812856,0.02001397038945022,0.35908791809408697,0.006601390245286182,0.009596376422075772,0.01642239247825053,0.06976376767246519
0.010471435,0.020256748,0.0136,0.019116199,0.01,0.015590070758094226,0.06914373429586726,0.011483853381460041,0.012034373429586727,0.019275440850931136,0.3539520573043454,0.21090407253035875,0.0,0.01677056559765406,0.09472904956246522,0.21698548124334585,0.0,8.449062,0.6724232,7.855488,-0.010156074,0.017570432,0.008799999999999999,0.015492546,0.01,0.009458857708693586,0.023153002313178694,0.0032102008901978025,0.004015301325055169,0.01319421250282594,0.07227540324467162,0.21057248767204712,0.0,0.010939261944887358,0.03403259880256806,0.21662841902240196,0.0,3.6296968,0.31339097,3.345147,0.025421003,0.008,0.7568248,0.009787050420505376,0.05001001517450683,0.004576910525629773,0.01134664957232963,0.013239477053106975,0.2398484978516769,0.01081552868659396,0.06926803522227043,4.3174224,0.48850754,8.211693,1.9643382,0.024605852,0.01,0.68107486,0.024560086581271533,0.3530759752842673,0.010475157861257784,0.00806819832249545,0.017622560971261338,0.06745209706985386
0.010708645,0.020463333,0.0152,0.019145265,0.01,0.015963293880634593,0.0692879979853941,0.011719630707242914,0.011392533199026273,0.019626453297518127,0.31199893315425725,0.2106675340865159,0.0,0.01727914978203421,0.09215688253412538,0.21664401977241868,0.0,8.533046,0.7176766,7.888656,-0.010701288,0.01788374,0.010400000000000001,0.016093418,0.01,0.00995611528704153,0.023497602493085915,0.003682062155968197,0.0028846398509284844,0.013824705531785685,0.07184705390991454,0.21015250404856572,0.0,0.011474661451303927,0.03319458283558622,0.21627639223127973,0.0,3.872157,0.36464852,3.538443,0.025796492,0.012,0.73527056,0.012610611442286654,0.04781721030340901,0.007386093457587913,0.007979583094951236,0.01610625538526019,0.2389523277887895,0.013700612181440374,0.06531354917522975,4.4629617,0.7089397,8.287526,2.1220727,0.025010781,0.01,0.69900876,0.02168972229183197,0.3563525273160093,0.008377023356329049,0.008256359095190895,0.016750124477055907,0.06798334327230575
0.010826694,0.020456234,0.0048,0.019497639,0.01,0.00665939939561822,0.07887519516494586,0.002796159024724102,0.021487516830353395,0.010282194289551627,0.3021876800134307,0.2109275677851555,0.0,0.007877392465453477,0.10307942648241851,0.21696220536957203,0.0,8.560561,0.25702593,8.357304,-0.010974009,0.018620275,0.008799999999999999,0.016199166,0.01,0.009619467086108216,0.022211201782004326,0.0025411197498340244,0.0030116796247510133,0.012988032447659678,0.07242048576752555,0.21055094914861977,0.0,0.0109071174448492,0.03250169042908174,0.21663636007865428,0.0,3.7487788,0.34280744,3.453561,0.026697308,0.0072,0.7419716,0.008796241766075855,0.04881662240814318,0.00322299604869213,0.011328341104648362,0.012095297760160427,0.20632191808761063,0.009922359335149804,0.06746505661198639,4.4217606,0.46090132,8.457454,1.9824148,0.025348984,0.01,0.6932574,0.024424227646209856,0.34374404324579416,0.010479237100454952,0.007655691309139203,0.017538080911838987,0.06683786007915812
0.010861088,0.021753222,0.004,0.020244323,0.01,0.005868132852066355,0.07414213044573155,0.0020983630580971293,0.003937053504574832,0.009535132715506007,0.3059675218668681,0.2110212730523614,0.0,0.007143324812459605,0.09985831203114902,0.21705045352324862,0.0,8.68671,0.21870005,8.509637,-0.01121496,0.019556947,0.008,0.01688538,0.01,0.008826480713100455,0.022488269185461245,0.002244815617460972,0.003546479470539097,0.01241392061233055,0.07034554991539763,0.21070029339757335,0.0,0.010193634098333086,0.03272294538408824,0.2167015693471288,0.0,3.8490796,0.32665205,3.566849,0.02788922,0.0064,0.73148525,0.008122894818510668,0.04898371607515658,0.003041759047243704,0.011926544763566133,0.011521727209263099,0.19820499333320488,0.009237415450321897,0.06841261106520133,4.517797,0.42821681,8.67297,2.0419962,0.026361879,0.01,0.6951787,0.02471856725165566,0.32278837679654127,0.010750578345885416,0.007489204281775043,0.017725611152790036,0.0647526114899577
0.010842671,0.022770176,0.0408,0.021469858,0.04,0.007005154779559234,0.07144639301603291,0.0032298962359292092,0.003809280617812474,0.01049113584599454,0.30856703768991856,0.22129014639335307,0.0,0.00822265181695193,0.09726169362939414,0.22907216690430857,0.0,9.371372,0.37176245,9.141265,-0.011205915,0.020359576,0.0448,0.018713037,0.04,0.009657600443943102,0.021479200668251625,0.0032372275626652482,0.003007788558332799,0.013351280378170214,0.07040682858917519,0.22024328426732293,0.0,0.01104951319075435,0.03146407046376411,0.22787261463061162,0.0,4.1993732,0.43209141,3.8498895,0.029084874,0.0432,0.7587922,0.009095071084962637,0.04636263285885296,0.0038847659476447002,0.010720349756962354,0.012475162708343486,0.17664504196954736,0.010205197767618756,0.06574356173464146,4.8449297,0.60800266,9.243607,2.1812057,0.028480386,0.04,0.7168987,0.018181201249752164,0.3072659556845835,0.0021342707655118433,0.011061992529550738,0.013101709159414127,0.06691218994123499
0.010871738,0.022408262,0.004,0.02083723,0.01,0.006449249559304962,0.0743939964744397,0.0024196984806513686,0.0040787939226055595,0.010095705514100018,0.35183640079465006,0.2111091388733697,0.0,0.007666775302395581,0.09884516868263706,0.21720586674264816,0.0,9.127399,0.24777949,8.937899,-0.010949891,0.019987598,0.0072,0.017176887,0.01,0.008612534127060098,0.023037602004754867,0.0019809168877861797,0.003754454653844232,0.012053572538014942,0.07175178876208961,0.21088607128547246,0.0,0.009935259944008658,0.03332832360482155,0.21687954861858488,0.0,4.1903315,0.3027121,3.9282768,0.028726788,0.0072,0.76950884,0.009445621749634255,0.04732996773978112,0.004287560175393355,0.010668016630039603,0.012735310428409866,0.21021685786646072,0.010526829394803735,0.0652004246213208,4.735668,0.5152955,9.035433,2.1530383,0.027004363,0.01,0.689405,0.025441896243724855,0.36508474492375464,0.011054482183892773,0.007039650257325106,0.01816307462729732,0.06449290095695213
0.010749695,0.020533234,0.0024,0.019379366,0.01,0.005538315241642249,0.08094266319706764,0.0014805575086040334,0.0046027875430202266,0.00920336027309104,0.4655126010240913,0.21106946257862808,0.0,0.006899327101381777,0.10399641120736958,0.2174303654200775,0.0,9.398778,0.16350302,9.296484,-0.010721695,0.018367961,0.0072,0.015547973,0.01,0.009080267113059882,0.024587735869262568,0.0025636265501510027,0.003168159737839749,0.012837814382990654,0.0798268852669688,0.2111352571840376,0.0,0.010693312198615286,0.03470212397438301,0.2171942754676115,0.0,4.4083242,0.30363616,4.160648,0.026096342,0.0056,0.74394,0.008567058379081527,0.05329698259570039,0.0035808480306471664,0.012465767614606769,0.011955139658413372,0.41418655372281776,0.009797711720340475,0.07222678305414638,4.9504814,0.39626858,9.595382,1.9625009,0.024845505,0.01,0.67613894,0.026390916485492823,0.5050021439771308,0.011241437137490777,0.007936850091037834,0.0188389537166708,0.07020145691256995
0.010573508,0.019599933,0.0144,0.018685717,0.01,0.015835630888040853,0.08088773384817706,0.011577720025742201,0.013533160077226561,0.019713840678250653,0.6631987538991019,0.21072042723047008,0.0,0.017253532489788816,0.11137844163262936,0.21681030782626187,0.0,10.605233,0.67663014,10.029633,-0.01041952,0.01725411,0.008799999999999999,0.01569106,0.01,0.00892453457583283,0.030080202081455055,0.0022880212683930043,0.003976042536785966,0.012742496779891872,0.09596872556559313,0.21022800770588018,0.0,0.010517760806819251,0.04161621739206033,0.21641848532695857,0.0,5.215244,0.29341534,4.958523,0.024910435,0.0136,0.6723467,0.01480325241548262,0.054585904897247725,0.009615004321639982,0.00992382371540317,0.018383350930284044,0.554390939701608,0.016025676772402495,0.08166706145074394,5.7726555,0.8050554,10.8469715,2.212808,0.024400108,0.01,0.6985046,0.023612440041620816,0.7349267814699585,0.009094581591323418,0.010113915243906186,0.01714837594319988,0.08029934817768504
0.010516702,0.01754872,0.0248,0.016869714,0.02,0.024377866644282178,0.08923399983211616,0.019442266879319506,0.013563400318979265,0.028591600820232405,1.0662706028708133,0.21948708531334712,0.0,0.0259321674813375,0.1314620027939705,0.22621775738004363,0.0,11.84586,0.9781316,11.018185,-0.010016234,0.014995569,0.0112,0.014313765,0.01,0.00897653622909038,0.03884320289575703,0.0030779891432184286,0.009972961511276747,0.013839161553884241,0.4926377647839963,,0.0,0.011327154301806194,0.05389934781952507,0.21584701805662387,0.0,5.9843636,0.29593483,5.7239323,0.022392,0.016,0.68598545,0.01537584294437579,0.0699304123319918,0.009296726713759244,0.012985512655956294,0.019454291105129685,0.8085639317130667,0.016800245067725518,0.10013697033054685,6.47849,0.76508635,12.303977,2.0468385,0.02191491,0.01,0.71173924,0.019714272912860976,1.0255732386893324,0.004272335527211624,0.015940962022515413,0.015806608973563313,0.10404007364586423
0.010373358,0.015473094,0.0232,0.015131372,0.02,0.022553866644282154,0.11966159993284647,0.010989239989926956,0.02611898665323596,0.027310240577520337,1.3871225292705447,0.21663215785129175,0.0,0.02394378647046533,0.1901542396075973,0.2259856347729527,0.0,12.769836,0.7895416,12.148081,-0.009651906,0.013007893,0.0192,0.012660032,0.01,0.01658182848763495,0.04295759954486128,0.010653508688189003,0.004243640204330785,0.02182443416111223,0.6719927602326029,,0.0,0.019091254661245147,0.06236501981464038,0.21572522563353047,0.0,6.647497,0.5171025,6.213599,0.019821085,0.016,0.6928276,0.015030309474655406,0.09028006552436775,0.006880343423458453,0.01977394833608272,0.019457516109387552,1.247915595578266,0.016480882194366858,0.1387387934378432,7.035761,0.6632109,13.548172,1.8286529,0.019216547,0.01,0.71923447,0.01966051242247026,1.4162891943144256,0.0036734950029268985,0.02473995664707724,0.015538281657172491,0.14764134772476092
0.010368476,0.015367027,0.031200000000000002,0.014621453,0.03,0.03241686672822407,0.1157012003693444,0.018626826715912558,0.01757012003693444,0.03786486560899857,1.383908109348331,0.22727296665063476,0.0,0.03415524942015027,0.1982209965153837,0.23653569330952323,0.0,13.213187,1.0777255,12.374195,-0.009173714,0.012297794,0.016800000000000002,0.011931381,0.01,0.016804639847201815,0.04962319916147608,0.010176927171934767,0.009284636600939719,0.02203617602074469,0.7981808792278972,,0.0,0.0188618791283212,0.07843315254037697,0.21642288575956672,0.0,6.871287,0.4520088,6.495134,0.018743925,0.0216,0.65958834,0.022776815687374802,0.1003946368109792,0.013150232585806908,0.018452081015747836,0.027728765043694332,1.292773594097913,0.024414316243243958,0.1776821670378376,7.326158,0.9396204,13.908752,2.054412,0.018310113,0.02,0.65233713,0.034878257642990323,1.4973616561396768,0.014981115686780554,0.020934532653796935,0.027262483432791456,0.18370988318576453
0.010218696,0.014962065,0.0328,0.014469454,0.03,0.03370385445998641,0.13028559976496265,0.020388479811970138,0.025357695962394025,0.0389392650046168,1.484548162511542,0.22631229654195503,0.0,0.03522802890740686,0.25264905040016455,0.2363133006683883,0.0,13.74119,1.1008469,12.895097,-0.008729843,0.012317738,0.016,0.011608101,0.01,0.014423000041163278,0.052446000128509924,0.006098400051403951,0.009049200025701986,0.02152139939138565,0.7972285323784344,,0.0,0.017274304592967655,0.07423003272499633,0.21631995835795143,0.0,7.0055604,0.40299833,6.6709185,0.018497737,0.0192,0.68744236,0.01982188995109245,0.10394876239505609,0.00943862405472164,0.024831967445767076,0.025120222133097378,1.3934033646584267,0.02152519454525618,0.1917837950300689,7.5328197,0.78889626,14.45016,1.9264101,0.018125925,0.02,0.66086805,0.03425116803223055,,0.013806838644648566,0.022003255542522093,0.026797107443774452,0.21448911367456497
0.009958189,0.014556881,0.032,0.014348297,0.03,0.030925942607715477,0.15568159825400824,0.015498773216933843,0.03529631965080164,0.03669526908179541,,0.22382115565384647,0.0,0.03294988022968641,0.29425823332640255,0.23564431979723535,0.0,14.179435,0.9920231,13.442959,-0.00833305,0.011689037,0.0184,0.011118545,0.01,0.01574463920837884,0.06112319604189423,0.00960923416203018,0.011754879736126279,0.022025964559402065,0.891745437945047,0.20355346005172517,0.0,0.018035648549176084,0.08828912108661678,0.21579587988302418,0.0,7.2556696,0.42742607,6.905722,0.017889446,0.0256,0.6617699,0.024242353378671533,0.11462188929795068,0.013986699803448573,0.0221170352316686,0.02993600390490965,1.5161511936498135,0.026229481222086362,0.2246669097920807,7.8224754,0.9930276,14.880344,2.0096617,0.017612433,0.02,0.67306983,0.03053940195388755,,0.011924659364664122,0.028477746309852368,0.025435039579590323,0.25295424336029665
0.009995247,0.014852668,0.0696,0.014613019,0.07,0.03286233274573997,0.1383479929488794,0.018954799294887924,0.032554799294887936,0.03811234200333365,1.3830965985058339,0.24745240341876196,0.0,0.034262197154161456,0.2551243951336744,0.25710273833509717,0.0,13.703352,1.0971552,13.07139,-0.007686494,0.011738202,0.0528,0.011334684,0.049999999999999996,0.013898971577537849,0.05704639962089648,0.006849282914605192,0.00764928291460515,0.0202956790841532,0.8526811728259338,0.2302389496445404,0.0,0.016265443415120442,0.0781308870079082,0.2369385686401213,0.0,6.8101788,0.38528618,6.602854,0.01813674,0.0584,0.66268945,0.02118019411781952,0.1158766519749892,0.010796043839224423,0.02657050056104436,0.02665884382214472,1.3613849010306096,0.022843222773026448,0.20328170531024284,7.496398,0.8857048,14.538876,1.9544617,0.017828023,0.049999999999999996,0.6890175,0.026728138658788793,1.4579985503485688,0.006294006765934128,0.03187129769718954,0.018922329522043313,0.24166860108180296
0.009862995,0.014763024,0.0392,0.014452368,0.03,0.038337466633089894,0.12953746663308993,0.023444959959707922,0.02666123998992697,0.0441755807940905,1.470200929270545,0.22416134268180127,0.0,0.04009877601740341,0.23742224658842165,0.23575172957950546,0.0,13.893522,1.2671082,12.917842,-0.0069599296,0.0112435445,0.016800000000000002,0.01075654,0.01,0.014464400029717899,0.05469659981145203,0.006678641816159234,0.007119095290111161,0.02043591967867187,0.8429077591081412,0.2025811520106456,0.0,0.016172559924585495,0.08105884006012565,0.21581538922475252,0.0,6.518092,0.35212547,6.216613,0.017800987,0.0224,0.6669559,0.021188721090614992,0.1111887437701319,0.010287190967706191,0.02515262713457889,0.02704686550746201,1.3839512858112444,0.023086561958210496,0.20844835848832682,7.474165,0.83865905,14.292762,1.917098,0.017484684,0.02,0.6465859,0.031246666111693883,,0.012105134910815067,0.02854851941109218,0.025596619357469236,0.23348182522917124
0.00962734,0.015997214,0.036,0.0154335955,0.03,0.03520826659951312,0.12003719969780913,0.02251162662637453,0.021134879879123637,0.04057674070343323,1.4007379752091553,0.2248876550692618,0.0,0.0369558501058103,0.197257176214304,0.23584438747252762,0.0,14.0222225,1.2610476,13.041882,-0.006229655,0.0117887575,0.017599999999999998,0.011176524,0.01,0.01491857778904223,0.04546720426652959,0.008233361498425757,0.0065334459937030085,0.02111121785162336,0.6413601920579323,,0.0,0.0172532867767035,0.06581314807119554,0.21590953602285298,0.0,6.150868,0.4052379,5.804399,0.018838504,0.024,0.5994986,0.023040227327843422,0.10318292389960049,0.013111659281629818,0.022143025016795527,0.02832438365110752,1.3143487321838467,0.024868573162858364,0.1638718010615824,7.5237513,0.99123746,14.262505,2.0847855,0.018541954,0.02,0.6153628,0.0308303955437453,1.477151348859596,0.01262875397926223,0.02453833809969628,0.025660201079223555,0.19237552497160879
0.011178844,0.000688103,-0.36479999999999996,0.00023099539,-0.39999999999999997,0.031226934161560204,0.0004961604969361202,9.923209938722267e-05,9.923209938722404e-05,0.03343272223621254,0.002865444472425082,,0.0,0.031445444168639716,0.0006272665011838304,0.0,0.049155363941321334,-1.391181,0.0,-0.732591,-0.004923787,0.0005108912,-0.35600000000000004,0.00015839258,-0.37,0.044,0.000352480119128607,0.009776239397930988,7.049602382572135e-05,0.044,0.0006344642144314926,,0.0,0.044,0.0004456198597590633,0.03,0.001586938672905762,-0.6174519,0.0,-0.33475733,0.0016626155,1.3967999999999998,-2.740815,1.1497242717047458,0.015827563858005968,0.05525627119184901,0.00039117373020190673,1.7185045230333016,,1.388107255979039,0.053588740073268505,0.7609151,0.62830365,0.5506517,0.13573828,0.0012405459,1.52,-2.6936204,1.645247582150465,,0.23208421459856765,0.006320610505911808,1.3429258331999507,
0.009457812,0.01783097,0.0232,0.017174156,0.02,0.023676177471856134,0.09887139931167631,0.012014279862335298,0.022276186574890174,0.02829140817594225,1.0255428163518845,0.21834463077021662,0.0,0.025133863464994875,0.14183624765621494,0.22637451638753947,0.0,12.677526,0.92769957,11.91997,-0.0048832037,0.012413517,0.0096,0.012139868,0.01,0.00810559982008608,0.04181119964017221,0.0027705597706099983,0.011741118678917946,0.013646720467882824,0.1366960645312082,,0.0,0.010507568164950817,0.05493784168872754,0.21612417889225646,0.0,5.003626,0.2229724,4.8167086,0.021115797,0.0152,0.62166184,0.015349911962059011,0.07672441541877273,0.007722407038672736,0.019724747144962872,0.020006505019782753,1.027152310225165,0.01697286644772703,0.1162537820080438,6.609878,0.7058354,12.641515,1.9712536,0.02055601,0.01,0.6317712,0.022867419759162715,1.2084555830019947,0.00485267710112808,0.022256905227230044,0.016531161059664044,0.11835027381619614
0.009470237,0.019482771,0.0248,0.018812642,0.02,0.025340049945437752,0.08064079912700411,0.019512039956350192,0.012949386608466935,0.029848726549535427,0.7902083612859901,0.22020713287820093,0.0,0.02691772403331706,0.11600130639345262,0.22652912208449583,0.0,11.870045,1.117878,10.904127,-0.0041705538,0.01413589,0.010400000000000001,0.01323609,0.01,0.009054667441293896,0.030791000307218427,0.003019099648304837,0.008076397866735203,0.014198092630240534,0.08297520417014713,,0.0,0.011208242775902044,0.042149818907205684,0.2161479738436501,0.0,4.213867,0.28221264,3.969901,0.023316374,0.0152,0.5902082,0.015580391820845352,0.06373338139200861,0.009500671582303721,0.012580528759385543,0.019918248535899102,0.7118889427121945,0.01711700234567784,0.09153400013095138,6.103544,0.79873145,11.521881,2.15318,0.022835722,0.01,0.618265,0.022581287585080077,0.847645925964223,0.005633229979479353,0.01534363439244515,0.016616470984389908,0.09424954317471537
0.009431184,0.020742256,0.016,0.020014433,0.02,0.01654378181207694,0.08129539998321161,0.011026053107249799,0.02147815932174935,0.02069283701709187,0.762103440611097,0.22024709941505974,0.0,0.017945164308734732,0.11503549292620416,0.22649003362289674,0.0,11.625511,0.74904585,10.982899,-0.003688651,0.014813522,0.0096,0.013718921,0.01,0.008233866649532002,0.029501599948596025,0.0022040635416315127,0.004555079525397725,0.012897860384377373,0.07279144148838441,,0.0,0.010673158827160887,0.03980474365138634,0.21612213254516863,0.0,3.7876215,0.24680682,3.5591936,0.024832893,0.016,0.5821664,0.016339125815560646,0.05833016100428937,0.010245855137062608,0.01149415234030445,0.020361409733324582,0.6432928757741347,0.017704077007918206,0.0814164003388262,5.8965235,0.8855563,11.01351,2.3005416,0.024111409,0.01,0.60526556,0.022145972081305487,0.7579541794468228,0.005751761890902927,0.014561697260638088,0.01657415421165439,0.08619641212914754
0.009422752,0.02075069,0.0128,0.020085,0.01,0.014600856687172472,0.08216239872408293,0.009662488896350395,0.02302706667785892,0.018423781873125607,0.683020533534794,0.2105471941706622,0.0,0.015869435306076592,0.1122451000508256,0.2168350384693001,0.0,11.519224,0.62671685,10.996879,-0.0032338805,0.014590658,0.008799999999999999,0.013347637,0.01,0.00862655942530455,0.029532795733470407,0.0022583203568556655,0.007033280858446315,0.013349919756661303,0.07204975940801145,0.2102047716717221,0.0,0.010923279329109982,0.03870819853871264,0.21650397573830657,0.0,3.6328216,0.2582477,3.41251,0.024718136,0.0128,0.5744477,0.014402922796959138,0.061430602829234314,0.008177391744981197,0.011704758491808603,0.01819707752232221,0.6325323317229534,0.01564581505252877,0.08216677660061812,5.8221364,0.7425595,11.014357,2.1872325,0.024115691,0.01,0.586541,0.02457180781071969,0.744762264434549,0.007989828052556191,0.012346614888214806,0.01739700318291696,0.0838710504373857
0.009491984,0.020903355,0.0128,0.02014003,0.01,0.015110149836313258,0.08096239738101234,0.01024541324603374,0.022336239738101227,0.019136240111176404,0.6926841073337251,0.21072018660075542,0.0,0.01655971088417623,0.1090920804980969,0.21707169350483146,0.0,11.158419,0.6551889,10.613663,-0.0027976637,0.014502302,0.008799999999999999,0.013041287,0.01,0.0089426661758308,0.026213999550215254,0.0032507001675647186,0.0036055953222386356,0.01404503989025261,0.06921679960965135,0.21049739138294227,0.0,0.011471939190074954,0.03254124248247585,0.21674192385053348,0.0,3.3699558,0.26874298,3.1385124,0.024613366,0.0128,0.55619824,0.014961399320445708,0.05983074645030427,0.009334670526897343,0.01236908044483855,0.018887340949770168,0.5567815152279566,0.016320929777256514,0.08156257481300073,5.6278496,0.7712902,10.601929,2.2183793,0.023993665,0.01,0.57463735,0.025545905428932085,0.6877432189859836,0.010148476672721642,0.011951002826867542,0.017997670164343945,0.08191689744672748
0.009354408,0.021373777,0.0144,0.020614889,0.01,0.016621532779316703,0.07706459833795014,0.012017640001119207,0.020701946668905118,0.020553674674725107,0.6551010240241752,0.2107076099492915,0.0,0.017938774533267723,0.10207346370347144,0.2169875378489652,0.0,11.035266,0.748137,10.399088,-0.0024235977,0.014476096,0.008,0.013103208,0.01,0.008962514385637178,0.024684399814062383,0.0025319461400615637,0.0038968790222020534,0.013098630957593423,0.06414383941094322,0.21049506825505065,0.0,0.010641012705547246,0.0355665835539484,0.21672246718160976,0.0,3.1098719,0.2433463,2.9032428,0.02512159,0.0144,0.55326575,0.016449085888658146,0.05495246863962976,0.010910191022854223,0.009698127660726126,0.020315828528778272,0.5622714112221897,0.017718737068003292,0.07657815404453183,5.511544,0.8799187,10.262715,2.3166633,0.02442678,0.01,0.56619865,0.025241503141015184,0.6795333773209897,0.01014124469118542,0.010672419521191088,0.017845360362212546,0.07822906292769788
0.009139833,0.021033607,0.0512,0.020536559,0.049999999999999996,0.01605266683455047,0.08111600100730294,0.010791599764962665,0.014383199529925287,0.019982212057021206,0.7270992016564537,0.23099296431998553,0.0,0.017590709514760692,0.1099349666033248,0.23806472719670246,0.0,11.712164,0.7823999,11.213118,-0.0021476282,0.014084173,0.0464,0.012753027,0.04,0.009528533487545246,0.02779711961292841,0.003479679439125539,0.00862927908083459,0.014111852093837479,0.06452703870606633,0.220984975165533,0.0,0.011517701413049418,0.037355977791803496,0.22756670554929875,0.0,3.449847,0.3086141,3.220259,0.024809418,0.0512,0.55895954,0.015773098968854538,0.059081644633283234,0.00995735717134021,0.011612391559064066,0.019722209646040757,0.6863404200196207,0.01730649916794955,0.08104569436439008,5.879564,0.91171783,11.133236,2.276341,0.023904186,0.049999999999999996,0.537249,0.02759295328993005,0.8426937282435542,0.011343228870824902,0.011362385767302445,0.02132267367001319,0.08198858043009496
0.009325117,0.021070221,0.0152,0.020235889,0.01,0.0158646666107054,0.08052133299756568,0.01028468568550561,0.021798199949634854,0.019995680326813862,0.6943838012255519,0.2103901428618221,0.0,0.017175787504363143,0.10840920274705781,0.2165781989592005,0.0,11.423588,0.73068917,10.795841,-0.0017037585,0.014220071,0.010400000000000001,0.013079088,0.01,0.00872205693789706,0.026654398252264986,0.0034012090642335352,0.004452720394525477,0.013990719912321264,0.0629489593216289,,0.0,0.011512954374395304,0.0324165886704184,0.21616610370828537,0.0,3.1685443,0.27699694,2.9197083,0.024601428,0.0144,0.5596449,0.014933960238283497,0.0588859928106864,0.008961279317532763,0.01246468685745027,0.018893866810114786,0.5983591250687401,0.0162379250402636,0.08136308802287777,5.681491,0.80207336,10.662964,2.2222064,0.024094684,0.01,0.5737919,0.02252579238230879,0.74092727431244,0.006201812830478844,0.01373639475943916,0.016692894753590225,0.08204542329678342
0.009482442,0.020580051,0.0152,0.019963177,0.02,0.016042628101353876,0.08286559780631804,0.010309840006715332,0.02344787200537228,0.02012952002014604,0.774384746747251,0.22030853743206782,0.0,0.017400175920868333,0.11165065970325624,0.22657624526764406,0.0,11.526436,0.70862865,10.917329,-0.001274267,0.0137905795,0.0096,0.012751636,0.01,0.008554559729358289,0.02969320003132423,0.0025020800914255232,0.003971520486624257,0.013384639984023897,0.06761551972675604,,0.0,0.010763355260562275,0.038635872070786746,0.2162080676748089,0.0,3.2320871,0.246467,3.0152543,0.024086636,0.0152,0.54636693,0.01582654447977061,0.06132699134405979,0.00962675149192446,0.012597177597851507,0.019933812250266376,0.618297810695139,0.017226942087252516,0.08315993613910123,5.7638702,0.82787406,10.803791,2.238104,0.023650851,0.01,0.56944156,0.023020950615795288,0.771289212383459,0.005938712359956284,0.01503275601611487,0.016762784643797206,0.08533752612315829
0.00954546,0.021182723,0.012,0.020716742,0.01,0.016131306639805235,0.07745653319902628,0.01161847997985392,0.021267702845630822,0.02017425276846884,0.6007326429950475,0.21097348669710014,0.0,0.017684349268978713,0.09991652931654578,0.217769635741818,0.0,10.793068,0.68040043,10.247868,-0.0008586898,0.014186677,0.0064,0.012345335,0.0,0.009269598427362916,0.023669598427362923,0.00277642651692895,0.003387835250273076,0.013511319966306336,0.06002264013340924,0.2010721967928281,0.0,0.011124421287794303,0.032623649570346976,0.20747520453704574,0.0,2.7399807,0.2299534,2.560253,0.024807388,0.012,0.54738647,0.015988092792287443,0.054551778369066425,0.010413562477483174,0.010866447711794283,0.01992932738386103,0.4854508439066306,0.0174594501009266,0.07702049663585879,5.321055,0.797828,9.9903345,2.285314,0.023979593,0.01,0.52777034,0.0271948359363801,0.6243603383806597,0.011187422072935008,0.010559613767452571,0.020295260584215383,0.07768002158946613
0.00936284,0.022031037,0.016800000000000002,0.021050248,0.01,0.01622252559123822,0.07236559724670528,0.011098397157167254,0.013971393603626288,0.020040742718039108,0.5303540796105095,0.21010248206529034,0.0,0.017467742094169625,0.09720537713751484,0.21621381565687567,0.0,11.038373,0.8027874,10.332075,-0.00062956574,0.014421366,0.0112,0.01341489,0.01,0.009382933881642339,0.022691466745735918,0.0026437199570696975,0.004389952322816938,0.01323162190515427,0.052747840924949274,,0.0,0.011061809879987413,0.03136482597665802,0.21575534320272832,0.0,2.8779657,0.27552035,2.6159105,0.02536284,0.016800000000000002,0.5183569,0.016141483606174144,0.05454621851283401,0.010677690471010191,0.010547129083909649,0.019769446543380035,0.5053140581428877,0.01730807308818457,0.0727199105328212,5.507104,0.92851317,10.180662,2.3353708,0.024961414,0.01,0.5673807,0.01953497295369452,0.6313743065647427,0.004570012126618793,0.01311197217914248,0.015785280658868573,0.07639131532730054
0.009274525,0.02300694,0.0496,0.022185922,0.049999999999999996,0.015541465998862077,0.0647577313299197,0.011242089625978861,0.013494627381851755,0.01933147007470834,0.47670117373177767,0.2313276684540648,0.0,0.016848013320543396,0.0920642395682639,0.23879580400785208,0.0,10.489622,0.83260006,9.8598795,-0.00040113728,0.015468426,0.0448,0.013882184,0.04,0.009306755600216638,0.02049346675144741,0.0024453603025333904,0.002845359767076068,0.013095403689655359,0.049449888057925794,0.2203048766014865,0.0,0.010888409812476584,0.02462030597670956,0.22774028141116753,0.0,2.5288296,0.30111358,2.287878,0.026538733,0.045599999999999995,0.6222467,0.01139150139691792,0.0487379948534173,0.005986431959999572,0.011988362396381382,0.014999015835337288,0.3524915008399911,0.012645674240579318,0.06791951466025559,4.998761,0.691618,9.493814,2.1641731,0.025968326,0.04,0.56401235,0.01814166740357237,0.5128071452405155,0.0020891404289025673,0.015049706429399873,0.012965292769861492,0.07262029495775559
0.009610033,0.024113761,0.0128,0.023155168,0.01,0.016733549483757222,0.062134197935028966,0.012378735467580828,0.011946840258541086,0.020169778976007413,0.35589541419737547,0.211114996683789,0.0,0.017868594104726934,0.08267726757599816,0.21767695731274178,0.0,9.656178,0.83604217,8.965191,3.855829e-05,0.015956357,0.0064,0.013655841,0.0,0.009076727436285365,0.020722000899569493,0.002234801345070582,0.0034012580648492465,0.012498109196850056,0.04387920127144382,0.20079863058684552,0.0,0.010583760972361916,0.02439814848646206,0.20720114799676312,0.0,2.0037923,0.24821465,1.807135,0.027632965,0.0064,0.61558867,0.010196990527542084,0.048696359305653136,0.00493197258535547,0.01132443704469901,0.013493721940919521,0.16541387429659804,0.011311672268180428,0.06518044988612272,4.5203485,0.52009684,8.646698,2.174435,0.026500722,0.0,0.54135835,0.017016358335860602,0.36738065826804744,0.0015260844848040023,0.017860678391744003,0.009646690919690785,0.07224891771524644
0.009501747,0.025664376,0.0128,0.024612583,0.01,0.01518635977503568,0.06258959935724479,0.010838880034093336,0.012821088088642655,0.018709310249307463,0.23338298799630658,0.2109347087621141,0.0,0.01636537149044293,0.08112556227599095,0.21707008124813224,0.0,9.82349,0.816629,9.104321,0.00031986143,0.01683459,0.008,0.013996049,0.01,0.00905471911790928,0.01943679881770867,0.0021163875441895926,0.0033735307947297226,0.012717883078770866,0.042733120047227346,0.21088707451193225,0.0,0.010685212239838985,0.023436505495996175,0.21690328603440256,0.0,1.8406457,0.28325304,1.5952879,0.029604156,0.0072,0.5859476,0.009506703588261507,0.04683164036633057,0.004344230714703873,0.011775735055377178,0.012808024546011076,0.1462708692899868,0.010514681460464727,0.06252233996998943,4.6013374,0.5348526,8.7519045,2.2556984,0.028313754,0.01,0.5170522,0.025386497931342334,0.20998183786718322,0.01082649631888117,0.007644503999066614,0.018052826955590788,0.06101110870211502
0.00954302,0.025845,0.0048,0.024713328,0.01,0.006335704736532852,0.06945946333137468,0.0020196400570805053,0.015717840342483004,0.009753743128912674,0.21986055972467053,0.2107978559054518,0.0,0.0075523788312669695,0.08969997772830338,0.21681571453296652,0.0,9.642641,0.30181354,9.40144,0.0005313606,0.017086904,0.008799999999999999,0.014220535,0.01,0.009023999999999978,0.0185088003598278,0.0019320893356584293,0.003094404677761358,0.012406613293138297,0.041524800022890815,0.2105579532973588,0.0,0.010448390998450305,0.022519429747896145,0.21652315065493127,0.0,1.7703776,0.2848559,1.508091,0.029657735,0.008,0.60445905,0.009393042373098206,0.04663384998386071,0.004295824778139513,0.011045678467265022,0.012666530523193706,0.1270199336982933,0.010443149136193142,0.060723779428618244,4.4700966,0.5593191,8.45395,2.2464306,0.028512668,0.01,0.52214956,0.023791281516822662,0.16472166441660965,0.010401837817652578,0.00782709505747749,0.01735283444398199,0.05999673068706791
0.009447604,0.024830932,0.0144,0.023654878,0.01,0.015316119533282971,0.059191376740628826,0.010938060102409145,0.01236816027309102,0.01881890670322805,0.19028508016452617,0.21064143658529477,0.0,0.01645354048997433,0.07938894538971741,0.21664542183862298,0.0,9.20839,0.8251176,8.456381,0.0006797811,0.01612681,0.0096,0.013886589,0.01,0.009138667112881103,0.019344001413605417,0.0020362672540040878,0.002960914897840462,0.01266691762306882,0.0406344000234932,0.21015972217326684,0.0,0.010566590238668868,0.022583065517374733,0.21630620736726391,0.0,1.7506657,0.28801915,1.4862916,0.028244354,0.0144,0.4967276,0.015218891940036474,0.04348240766750189,0.01014381639975495,0.005580448943623757,0.0186223652147954,0.13636820621423604,0.01630519015061559,0.05904753788208671,4.464904,0.948968,8.058039,2.4720678,0.027429737,0.01,0.5308428,0.022300404312361834,0.15570069826204297,0.009228978499071233,0.00836221086785921,0.016876646286152663,0.060120659622555125
0.0093817,0.024231145,0.0072,0.023232607,0.01,0.007103999552309824,0.06938666442821566,0.0030079990150833967,0.020774397668437274,0.01066164737484014,0.23988266845742748,0.21040381461373148,0.0,0.008384526047723695,0.0896220495488225,0.21637136136803983,0.0,9.194301,0.36542043,8.873881,0.0007848349,0.015673896,0.012,0.013855744,0.01,0.011038514244210911,0.017811599879522102,0.0038305594771481993,0.00140231939000621,0.01416835195576905,0.04017509315454408,,0.0,0.01221207770006272,0.020992835042561667,0.2159880712537597,0.0,1.7498541,0.34097,1.4196184,0.027868634,0.0096,0.59228706,0.009381823485161202,0.046846646631331625,0.004345417948092108,0.01169107647087816,0.012776833490789022,0.13738176136506688,0.010593256056288875,0.06051175740475719,4.3025365,0.55945605,8.093529,2.1232529,0.027050612,0.01,0.5377624,0.01975369740971857,0.17886839133059404,0.006308417828135334,0.009413067474363549,0.016229921518957864,0.059830778659860716
0.009453373,0.022828091,0.0136,0.021953816,0.01,0.015915079660874652,0.06126031864349871,0.01160670087765934,0.01223015394946696,0.019652382513966993,0.2278357213128515,0.21087077210007846,0.0,0.01722641539665824,0.0808122654357975,0.21708787350123568,0.0,8.72044,0.7744758,8.038107,0.0009325596,0.014714496,0.0072,0.012195987,0.01,0.008444999937251032,0.020290000833305726,0.001425334661269244,0.003958667994602583,0.011951384608445824,0.043284000070278834,0.2109112216633796,0.0,0.009761170910134934,0.023554575976406773,0.2169267458218775,0.0,1.5254841,0.2218886,1.3364799,0.026123134,0.012,0.5249068,0.01422916829654805,0.04471939461429049,0.009174729859720945,0.006576997269251771,0.01787879207931137,0.15887434762200464,0.015444427027099165,0.06135262928995159,4.1554413,0.78848267,7.6167874,2.2507129,0.025113983,0.01,0.50707847,0.025555458305517007,0.2874276079625802,0.010722267134636141,0.008100232740328115,0.018124112121510123,0.06191056212799301
0.0093692755,0.020693218,0.0144,0.019730186,0.01,0.01624319938602489,0.06436095828086964,0.011502994231991442,0.011730239905985056,0.020135330601405668,0.2807721591538655,0.2106688913239002,0.0,0.01764226158804904,0.08235922332104074,0.21688460718890623,0.0,8.18045,0.6931488,7.550485,0.00095273554,0.012607158,0.0072,0.011192526,0.01,0.008036300002108374,0.022458080015035648,0.0013745201760586043,0.005899616140846878,0.011898079902760901,0.044616544093034706,0.21052079610249905,0.0,0.00947279406302814,0.028945587852175762,0.21663840762557915,0.0,1.4196184,0.17358516,1.2626175,0.023482207,0.0144,0.49233887,0.016156608707034004,0.04618304128594307,0.010717137331092136,0.006181033072103736,0.019900883935536146,0.16075095069217676,0.017529940112934083,0.06444292210521813,3.9399467,0.79657525,7.1492476,2.1092434,0.022683756,0.01,0.5160126,0.02475216103729892,0.31919659197120326,0.010122327637550015,0.00907712266014332,0.01760350135622772,0.06521785801168306
0.009409881,0.019986922,0.0152,0.019290166,0.01,0.0164036497943423,0.06282919835473853,0.011522336136993182,0.0122029201712415,0.020438855858822626,0.35690512616469405,0.21054101729425156,0.0,0.017727732824403073,0.08554959488352072,0.2167154483725806,0.0,8.201645,0.71529686,7.56347,0.0009912321,0.012452709,0.008799999999999999,0.011061267,0.01,0.009139399196612977,0.021339399537364263,0.0023478787270314115,0.004591520914990686,0.013020613298004309,0.04692367887409352,0.21029760344499315,0.0,0.010567640159502708,0.026369586492300492,0.2164400419132048,0.0,1.4949882,0.21333772,1.2990268,0.022732181,0.0152,0.49654305,0.016396359302887232,0.048616520404188526,0.01089822814369113,0.008996302511689796,0.02026655302326226,0.18151481724435875,0.017656849580027938,0.06268383776817844,3.9616833,0.81981164,7.1810765,2.0802968,0.022236502,0.01,0.5206421,0.023700638755656415,0.33798403717773756,0.008542313612096777,0.010253397120148782,0.017135441667942432,0.06719397683983173
0.009367943,0.020583602,0.0152,0.01970489,0.01,0.01627115291747523,0.06343493326617981,0.011910479979853927,0.012110479979853938,0.02045552042786394,0.3175943214975237,0.21058151308251666,0.0,0.017729916262912048,0.08620627571183265,0.2167423173463688,0.0,8.288517,0.73835987,7.633477,0.0009040351,0.013003719,0.008799999999999999,0.011278331,0.01,0.00880834257953552,0.02067639977002093,0.002021460113731291,0.0034952801516417134,0.012649556341704737,0.04239314002476324,0.21032671283185977,0.0,0.010479092722978567,0.02577795780366361,0.21643880957061093,0.0,1.5390503,0.2262373,1.3384509,0.023299268,0.0152,0.4876334,0.016264790719284567,0.04963825836306661,0.011138156042430866,0.008006707773115242,0.02016863277191487,0.1909889535385179,0.017654648328823713,0.06366769597023665,4.021772,0.8490286,7.282635,2.1210163,0.02270426,0.01,0.51984954,0.02377764270739391,0.3431573583394075,0.00906638575769186,0.009448289360066099,0.017186232588734213,0.06616062933890297
0.009405443,0.019325668,0.0136,0.018637788,0.01,0.017047439939561808,0.06363719969780911,0.012214986653235975,0.011578293293041218,0.02115491735595892,0.32716898760457763,0.21088832706349867,0.0,0.018459016054113365,0.08689704811280093,0.21748431298267262,0.0,7.7629547,0.68478143,7.1804748,0.0007572379,0.011990981,0.0072,0.010200659,0.0,0.009232960226177466,0.02107296000693953,0.002934120295211096,0.003336480113088732,0.013428515622420308,0.048028320193286816,0.20109140273278273,0.0,0.01123688513029274,0.026147540632267253,0.20726383305355825,0.0,1.4259961,0.20072573,1.2553124,0.022041589,0.0136,0.5016674,0.016966963898342236,0.04876765151768639,0.011417346347988086,0.008145658000461783,0.02089992397268952,0.1758066038271958,0.018369886816800136,0.06385085866062389,3.7460814,0.7826905,6.8154,2.0312784,0.021189027,0.01,0.49578363,0.026780340772850762,0.3751816901782631,0.010921723952572649,0.009351530381985112,0.019254315771301832,0.06729991204040071
0.0093650585,0.017590879,0.0128,0.017009508,0.01,0.014661999496348516,0.07210999748174264,0.009371000083941908,0.01542800011192255,0.018757066868127274,0.3726780015109544,0.2105803373693911,0.0,0.016012726464286288,0.0980890835444588,0.2169004031395528,0.0,7.5317373,0.5377897,7.0624256,0.00036299613,0.011341642,0.008,0.009954838,0.01,0.0081811998008096,0.022108266791606705,0.0015708266791606548,0.0049562399601619225,0.013032091482925853,0.0508123200737325,0.21041282815363263,0.0,0.010546318076151012,0.030532636280811806,0.21664694544097715,0.0,1.4814217,0.18027149,1.3251164,0.02038355,0.0128,0.52963024,0.014540881027803699,0.052617234676540316,0.008287557356843627,0.009853777642523839,0.01857447029493892,0.2859954554557953,0.015890613060648182,0.07042561720920378,3.6241395,0.6209132,6.7000933,1.792436,0.019708429,0.01,0.5295043,0.025021475080339854,0.400809540725909,0.00915512665987734,0.011003863089275295,0.017679942891388193,0.07128156612217766
0.009199968,0.017534072,0.016,0.016686425,0.02,0.01557039975721418,0.0720151968437841,0.010208607873751363,0.0143215196843784,0.019726123730378593,0.39824684025854107,0.2200922926936503,0.0,0.016926604583312337,0.09337981399444242,0.2262484361707415,0.0,7.6453466,0.5970926,7.097928,-0.0005122207,0.011637092,0.0112,0.010551767,0.01,0.008508799951166247,0.02111466684515244,0.0024287941656024486,0.003209600094240359,0.013811839974362283,0.0528863999218232,,0.0,0.01113595626493893,0.030175846670090843,0.21585654403415497,0.0,1.7798859,0.21899436,1.5718654,0.020192048,0.016,0.51889986,0.015485313684201037,0.05129445859533971,0.009511904725914245,0.010873714803068004,0.019509696314671556,0.2039025377095663,0.0167935002427806,0.07358112409300714,3.7608223,0.69115907,6.8797517,1.8270503,0.01973526,0.01,0.5641122,0.019775665917448892,0.38745665332443846,0.004588255239763086,0.013223195508768559,0.015936224621931745,0.07363146810278773
0.009369497,0.017142644,0.016800000000000002,0.016294997,0.01,0.016162749937043554,0.07170199949634852,0.010632160080852965,0.014253601313974408,0.02027059996082712,0.38861179988248135,0.21000055925598085,0.0,0.01764459654438224,0.09413378930702473,0.21622884541469695,0.0,7.562135,0.6086896,7.0000706,-0.0014194406,0.011268823,0.010400000000000001,0.010540634,0.01,0.008414719503438438,0.022918399171112634,0.0022291200282722004,0.004287360084816549,0.012893119697479869,0.058586239063484376,,0.0,0.010438400347374636,0.03257280011102517,0.21587875374820525,0.0,1.8545597,0.20254928,1.6632363,0.019901456,0.016800000000000002,0.53282326,0.016118283322004025,0.05241205478130587,0.010403849062447033,0.0101675466118431,0.020144241963871854,0.3190150842976033,0.017450521590310564,0.07185119754911479,3.72795,0.71413654,6.7897477,1.8201402,0.01940701,0.01,0.5741669,0.019677893815193456,0.42371916134841336,0.00441802113293889,0.013523233878031213,0.015829467831626188,0.07606396531740335
0.009531925,0.017202115,0.0136,0.016549738,0.01,0.01636819944598337,0.07150459833795014,0.010601839159577095,0.012667891469007334,0.020545222865776893,0.4222165600604381,0.2107368041110823,0.0,0.01788615765020809,0.09800310235042567,0.21726644392180353,0.0,7.576559,0.58832675,7.0752935,-0.0025114906,0.012128966,0.008,0.010528807,0.01,0.009460200475486727,0.02206020001345337,0.0027280262909541307,0.003589386850292088,0.014018906619042173,0.057371146622366476,0.21081834933109314,0.0,0.011312107513863929,0.03164842960524012,0.21703523092391525,0.0,1.9840798,0.21261781,1.8013372,0.020464566,0.0136,0.5724424,0.01617535764856184,0.05111134416722044,0.009697982851263305,0.009189211730964346,0.020378757786769577,0.3382873281795913,0.017700496995565525,0.06911753930543885,3.7217288,0.69651234,6.8397017,1.854409,0.019615034,0.01,0.56660694,0.026309883813482458,0.42144711854599015,0.010396767713601065,0.010338553987045427,0.01856368926508047,0.07324435010605213
0.009612029,0.017454855,0.010400000000000001,0.016771412,0.01,0.014686892276698381,0.07450591991941576,0.00987718398388315,0.014146479979853943,0.01868732859900947,0.34377465719801903,0.21100071046885904,0.0,0.01608272771591128,0.09505272910944189,0.2178013085624218,0.0,7.301298,0.4915217,6.90499,-0.0037065076,0.012628262,0.0064,0.0110466555,0.0,0.009192640248280759,0.022787733760270726,0.002578160219751953,0.003556320439503948,0.013602293712874598,0.06027125409164823,0.20097785293185108,0.0,0.011179065003277719,0.03117487801065913,0.20746046889869138,0.0,2.034057,0.20484272,1.8710264,0.020759048,0.010400000000000001,0.5719794,0.014538478297429493,0.05262617711873903,0.0089749499674866,0.0095675309039838,0.01842237126449895,0.23503622188117748,0.01591824136412015,0.07177829067831816,3.6200943,0.5899457,6.754692,1.8273149,0.01984607,0.01,0.5640916,0.027181504652188694,0.35809121981724673,0.011360975294173629,0.009644314583797218,0.020487822028816327,0.07215383537134261
0.009387249,0.018456275,0.0512,0.017750643,0.049999999999999996,0.015302352644910934,0.07293999496348527,0.01066349987408712,0.014253999496348521,0.019263555294402976,0.41097199764962644,0.2310266214382723,0.0,0.01663584447447065,0.09897419920051181,0.2377918757721223,0.0,8.31037,0.6535304,7.815097,-0.0050082006,0.013698049,0.0464,0.011912364,0.04,0.008817865021739636,0.023530719389963865,0.0027215307368208415,0.004650715157745929,0.01352235396743281,0.06092823856237695,0.22106245954677337,0.0,0.010867492442924504,0.03386997110702425,0.22746373226827366,0.0,2.6413035,0.2708226,2.4189048,0.022183025,0.0512,0.58809346,0.015150903562320127,0.05194037972081226,0.009519158737836734,0.00987589306453847,0.019019868597698223,0.32684850575766344,0.016414486029547152,0.07272567175786111,4.1897798,0.77953964,7.760354,1.9760312,0.0212235,0.049999999999999996,0.5801741,0.02724971683283009,0.4471697231001632,0.011317739460529027,0.009383669832359907,0.02008928170941317,0.072284294605874
0.009635107,0.018985055,0.016,0.018061964,0.01,0.0151279001930664,0.07324640308906237,0.010577855854948392,0.013363093091580628,0.018950220431461412,0.3566008817258457,0.21009008674875843,0.0,0.016508297343739105,0.09762655107329064,0.21618886936397225,0.0,8.3462105,0.6448756,7.756631,-0.0060485355,0.014854336,0.0112,0.01354638,0.01,0.009105299924801693,0.023528480106277623,0.0025810606465241108,0.002762120565923319,0.013257847186867322,0.06451815969952802,,0.0,0.010665229150476397,0.03108324995156801,0.2157502205114791,0.0,2.8432949,0.28085598,2.5817037,0.022943567,0.016,0.59621394,0.015030362203692494,0.05114955419418979,0.0095330613318602,0.010477119491956987,0.018750468622689274,0.2814822747100203,0.016328965220924103,0.06931025324998628,4.251383,0.7858569,7.776868,2.0423265,0.0225774,0.01,0.6434979,0.019410823433175538,0.37775477814075925,0.0042997694591353055,0.011783367687066905,0.015633695379517646,0.07158914098264792
0.009908707,0.018489558,0.0152,0.017841619,0.01,0.016418571308654418,0.07086499958029044,0.011973199832116189,0.012443999440387252,0.02028981802919652,0.32639399916058087,0.21061295713632205,0.0,0.01770743094569925,0.09573715450304729,0.2167111822928513,0.0,7.977747,0.6705278,7.3775167,-0.007028342,0.014790562,0.0096,0.0133759305,0.01,0.009570399899869426,0.023511199015294658,0.003000497975968665,0.003502240891858896,0.013671146423545133,0.06632015854880456,0.21022298586412907,0.0,0.011090461415675964,0.031926153393380716,0.21640085477480922,0.0,2.9809313,0.28489107,2.7281528,0.02276634,0.0152,0.6229781,0.016224363712727743,0.04925955145726211,0.011212919821572768,0.00719872348449137,0.019951597590325536,0.2620830121536361,0.017443534871349177,0.06871867028866765,4.1091633,0.82349813,7.473633,2.0746574,0.022298852,0.01,0.6433115,0.02326990557843338,0.3842516900466254,0.008496375153031366,0.009693717175741263,0.017041616343796095,0.07087990928334811
0.010097318,0.018189998,0.0144,0.017493242,0.01,0.014741428691345572,0.07439333389294607,0.01030319979853939,0.013385999832116175,0.01868030802807534,0.38231100109124483,0.21042746026289452,0.0,0.016110996514508587,0.09990297761464585,0.21651949206703838,0.0,8.079157,0.5996544,7.54261,-0.007967101,0.014685739,0.0096,0.013758112,0.01,0.008692159782561566,0.029751542950115797,0.002266520914990679,0.006133041829981365,0.01259911980158622,0.07039735960555524,,0.0,0.010331587756104727,0.04001582254738014,0.21609935729007126,0.0,3.1720223,0.25496376,2.9340858,0.02278907,0.0136,0.65455145,0.013737737244314893,0.05203806924989389,0.008157519903054116,0.010901685831094264,0.017433406822633925,0.26232427938052166,0.015018088880083906,0.07171902428726223,4.170252,0.69038236,7.712743,1.9593891,0.022255315,0.01,0.66644347,0.020604997901958626,0.383046118739565,0.005975243845843039,0.010396589978634997,0.016398579901114374,0.07242621033680592
0.010390665,0.019228034,0.0136,0.01833601,0.01,0.015782650046168054,0.07066120036934441,0.011377413357956312,0.012466120036934439,0.01929754100562409,0.3031960656089986,0.21083167892965396,0.0,0.017002873527753898,0.0970201146942772,0.21704750057972302,0.0,8.00682,0.6507071,7.437655,-0.008748627,0.016162986,0.008,0.014112928,0.01,0.008650970879913348,0.023756801387907218,0.002187840816678954,0.0038585604497841444,0.012622639629239166,0.0700603724241976,0.21066395433665494,0.0,0.010468464416544384,0.03524501902956471,0.21676239650065363,0.0,3.2086625,0.263748,2.9755957,0.02387832,0.0144,0.64249325,0.01643828796772232,0.04891392232417597,0.01124813575052417,0.006270005200794531,0.019778866473215067,0.2559962392711595,0.017575332408531905,0.0662663470867686,4.166452,0.85525554,7.5677996,2.1658242,0.023138365,0.01,0.6559802,0.02519376118725482,0.3806813196363699,0.010449432603240041,0.008862320753370907,0.017801942035839246,0.06887967847334442
0.01032432,0.020514812,0.0136,0.01961835,0.01,0.014891858523313612,0.06849039872408294,0.011149039872408275,0.012970331282752334,0.018620679845546873,0.31256543876437504,0.2107723239583576,0.0,0.016121331047614696,0.09350528939544123,0.21676695218957429,0.0,8.493769,0.6621507,7.8981977,-0.009559606,0.017669685,0.008799999999999999,0.015693838,0.01,0.008879533643296283,0.023219299781533125,0.002243432071794223,0.004047722161536978,0.01262445517693891,0.06365895782674086,0.2103299390812606,0.0,0.010173927563877442,0.033330528344455386,0.21643129334078046,0.0,3.5225487,0.29833218,3.2488987,0.026081063,0.008799999999999999,0.74434614,0.009763953042348521,0.04886906160233524,0.004452180545932333,0.011033815530949889,0.013348782300838958,0.21333803893673817,0.011009417739132686,0.06840668184598916,4.3169627,0.520062,8.170091,1.9991888,0.02512322,0.01,0.6747148,0.023121160907867876,0.313937798561214,0.010079961020320738,0.007928910997368184,0.01709442947560994,0.06675247343053181
0.010522251,0.020982575,0.0136,0.019944094,0.01,0.01636042041644023,0.06788266263745489,0.012392957475027288,0.011321595791712135,0.019904426738297114,0.3192832005372282,0.21102139807113202,0.0,0.01766512116369772,0.08954818601575099,0.21726187306159012,0.0,8.590518,0.72991675,7.960552,-0.010135434,0.018477421,0.0072,0.015601775,0.01,0.008762972618206185,0.022362971742764727,0.0018211650775073849,0.0037160530317633697,0.012394880859632031,0.06948336278352503,0.21092727242344672,0.0,0.010098839106120977,0.03243674930511995,0.2169764357184595,0.0,3.6216953,0.2763933,3.382831,0.026732255,0.0072,0.7631527,0.009690698944245197,0.04812024554702058,0.004206650567262659,0.010783213050319684,0.01307094999660253,0.206051412643563,0.010769997235613983,0.06604970808921365,4.355677,0.4876131,8.30716,2.0234265,0.025321575,0.01,0.66383946,0.02587059419698761,0.3175536656186107,0.010970506617028307,0.007175112315429012,0.01834880559042091,0.06576888481663001
0.010639191,0.021309428,0.0136,0.020093432,0.01,0.015625081843364388,0.06921319566859732,0.011680438960239507,0.01172065844035927,0.01900416770794609,0.27908752186686814,0.2109936673713202,0.0,0.016773727022146797,0.09072708639864265,0.2170122924580691,0.0,8.783013,0.71419585,8.155711,-0.010631018,0.019088957,0.008,0.016449858,0.01,0.00866504091029933,0.022331301071350045,0.00217445451105541,0.003323363533166269,0.012230066281112978,0.07043268213000974,0.21071390285720082,0.0,0.010269488379219,0.0333502641554373,0.2167108695452783,0.0,3.7853045,0.31685814,3.5111904,0.02747949,0.0072,0.73901993,0.009023652697897205,0.048330429403500665,0.003738789276280659,0.011356862001006374,0.012264361696162678,0.17826478076247426,0.010036060925444007,0.06631369634167705,4.520713,0.4798113,8.638588,2.0455747,0.025968129,0.01,0.68602085,0.024624271386623632,0.3332665820171552,0.010732380120811982,0.0076451027917459466,0.01768697638891453,0.06552812909733048
0.010679798,0.021823563,0.0048,0.020629756,0.01,0.006751578417208975,0.07346999748174263,0.0030135990370200034,0.02046699840510367,0.01034457138060461,0.2965748570469235,0.2109649305284177,0.0,0.00805947121952604,0.09982349398382286,0.21700980516143809,0.0,8.930018,0.2834511,8.711673,-0.011017376,0.01959127,0.0072,0.0169197,0.01,0.008042578156723084,0.023916640884403897,0.0014738056379141199,0.004445234209342669,0.011553110549550048,0.07202488401979053,0.2107244530941386,0.0,0.009490091599264587,0.03340829364934139,0.21671380580624716,0.0,3.9112306,0.28104806,3.6670327,0.028350439,0.0072,0.76292604,0.008933447827525788,0.04771537448687166,0.003930248931655843,0.010900185146460873,0.012192774174402985,0.19234670714658197,0.009990339833116013,0.06537436055904676,4.5787926,0.49164417,8.743437,2.0966792,0.026680762,0.01,0.6869133,0.02465306176941297,0.3171552948153807,0.010701003143771076,0.007607888574404385,0.01769526195314818,0.06520040463024981
0.011074108,0.02242779,0.0016,0.02119404,0.0,0.0054346521049539204,0.07415279666470802,0.0017265484127821763,0.005390557371177862,0.008965532885348602,0.2895921606888034,0.2011792674696051,0.0,0.0066124725923079495,0.10055612666538587,0.2076719129793196,0.0,8.731978,0.1490159,8.651209,-0.0110911215,0.020360736,0.0064,0.017846864,0.0,0.009048622715160036,0.022559400501188716,0.002655939889481442,0.003541253185975282,0.012641845614764042,0.06934256197583749,0.20085264876394102,0.0,0.010399839228898144,0.032159453249924676,0.20722922898343848,0.0,3.9882221,0.31431052,3.7312694,0.02892466,0.0048,0.74213284,0.008396289212195008,0.04912909553349301,0.0035558256457949027,0.011925714529417469,0.011752288145457623,0.18290077511393324,0.009514713148891223,0.06475858050426171,4.5656023,0.400329,8.825106,2.13208,0.027707366,0.0,0.6998722,0.016781235793930094,0.3115554497858163,0.0014916324692082839,0.014949866144899302,0.009428920835919499,0.07084055673951747
0.011034833,0.02124663,0.0128,0.020336851,0.01,0.014966666107053923,0.07139999664232351,0.011051998724082931,0.013373329080276443,0.018372631543603392,0.3970799993284647,0.21095573613184362,0.0,0.01619063884863185,0.09861021510668544,0.21703663974571855,0.0,9.27285,0.6741228,8.678832,-0.01117229,0.019746184,0.008,0.017018957,0.01,0.008592509775144298,0.02377253528668423,0.0022890742695587506,0.0037411732956370847,0.012300835101538541,0.07420389727773137,0.21071474574538582,0.0,0.01037823674184783,0.03430569353152341,0.21673180844543388,0.0,4.466649,0.32321644,4.1827946,0.027800292,0.0072,0.76070493,0.00906990596586088,0.04875414753109737,0.0037684146106623756,0.011533130826026167,0.012343811150216152,0.28925477368168695,0.010177830822354463,0.06908166379825706,4.898121,0.48110968,9.385512,2.090415,0.02651853,0.01,0.6968119,0.024817885430890245,0.4077451750797912,0.010669598434012073,0.007679335361446428,0.01773330374507424,0.06833307807196963
0.010871073,0.019968059,0.0128,0.019142604,0.01,0.0154850283603746,0.07579759926131117,0.011466506617420737,0.012266346568174824,0.019110151188710733,0.5183913606983966,0.210976338558144,0.0,0.01673832625131622,0.10447107334035323,0.21724751029088957,0.0,9.756364,0.65803796,9.205172,-0.01109947,0.018050015,0.008,0.0157495,0.01,0.009296945552680291,0.024733200539741696,0.002475548213850652,0.004113319411424529,0.013052271129746397,0.08775984150442288,0.21078482839077525,0.0,0.010759978795558936,0.03951995753754371,0.2168563851356896,0.0,4.719888,0.31604135,4.4550505,0.025580948,0.010400000000000001,0.709178,0.012776414317959188,0.05328192488050814,0.007927932246876025,0.00861324447037888,0.016315431545880027,0.4543879575978785,0.013997816802865281,0.07514394115275809,5.238859,0.6839481,9.904177,2.1509657,0.024788827,0.01,0.68845737,0.025718304154489217,0.5758889424880742,0.010758992553930539,0.008030701386504496,0.018191809150546877,0.07435762790428378
0.010787418,0.01894223,0.0136,0.018152278,0.01,0.015166133131872768,0.08414599848904557,0.011094057056516886,0.014686133131872739,0.01907504008506112,0.6871314003189793,0.21072343902209933,0.0,0.016549042352816786,0.11598438764665457,0.21687349847121434,0.0,10.81448,0.6245866,10.297459,-0.010931338,0.017070208,0.008,0.015460775,0.01,0.007760801259397294,0.03168106834586305,0.0017377288619411047,0.005488644862815651,0.012346368630966116,0.1091985101415751,0.21029551485191283,0.0,0.009816441099074745,0.043074436454800503,0.21651054963092992,0.0,5.390913,0.27049544,5.1678185,0.024429865,0.0128,0.6906528,0.014114641417530266,0.05847114976407943,0.008669689744610925,0.010088988173455984,0.017870554981212032,0.6740580650440392,0.015346782064386662,0.08228901110630901,5.885179,0.7517173,11.136652,2.137491,0.023844093,0.01,0.7054955,0.024165857458486643,0.7983202407159787,0.009418824699729527,0.010347247951480558,0.017291069944196238,0.08391980051154828
0.010692225,0.016929401,0.0152,0.016232645,0.01,0.015331085608758758,0.10023519852262235,0.010601409015361378,0.026103522538403423,0.019546335868379082,0.9365316793418953,0.21024301966217956,0.0,0.01675146731357686,0.13905440194073054,0.2164042649073788,0.0,11.713271,0.5728168,11.246399,-0.010650267,0.014933882,0.0112,0.014344838,0.01,0.009758401336503266,0.03887920131240499,0.0033406713358606795,0.008787919609169968,0.014036694263554,0.4975825621841846,,0.0,0.011681073531687616,0.053282415927939426,0.21594920811424356,0.0,6.130001,0.31588244,5.8642354,0.022046348,0.0152,0.6952391,0.0150064244947514,0.06638626119084837,0.008534500646226524,0.012174198222016588,0.018965182414461195,0.9261807323294955,0.016311217797490098,0.10198059553797653,6.460658,0.73475903,12.308632,1.9923868,0.021662714,0.01,0.723738,0.019979905544545887,1.047358023396976,0.004715227537733782,0.014143148057312505,0.016093688180920298,0.10527810685185952
0.010517812,0.015883382,0.032,0.015359705,0.02,0.03356266636820655,0.10015466577128627,0.02185279409048935,0.012690558818097875,0.03792502960751163,1.1382458678754301,0.22006877774417483,0.0,0.035155055748895485,0.16379775087002965,0.22670064550598634,0.0,12.438211,1.1971167,11.466747,-0.01031864,0.013326767,0.008799999999999999,0.013011374,0.01,0.008738972047385732,0.04709320102165392,0.0029990936837370552,0.012131520348689332,0.013727894250703001,0.7213502096154185,0.21003665657448778,0.0,0.010931529816128795,0.06773017718094146,0.216451602694241,0.0,6.5349092,0.24693157,6.339412,0.020170098,0.0136,0.6990262,0.014820284503151197,0.08228507209661136,0.007257609332573521,0.016771933129737963,0.019080028840665956,1.1124806800144333,0.01638026923207958,0.12663646359454997,6.8630514,0.63409275,13.222433,1.8584704,0.019806817,0.01,0.7167181,0.024568267988579962,1.277148480963979,0.006183132398415125,0.020142218046523795,0.01719151150428196,0.13215461651173988
0.010577058,0.015380342,0.0344,0.014865542,0.03,0.03506504020817593,0.11155013402725315,0.022972520104087926,0.017572520104087972,0.040067858940279984,1.25430536523126,0.22804314903389797,0.0,0.03656283478779751,0.18154053566047598,0.23639993502655962,0.0,12.917621,1.212071,11.94194,-0.009821198,0.012829324,0.016,0.012495378,0.01,0.015232100141260389,0.04745680138790721,0.009125136409162451,0.0062502733406155616,0.020406915469993417,0.7055517485108781,,0.0,0.017393908168036067,0.06875127011448214,0.21621050793704835,0.0,6.7302876,0.4342003,6.364107,0.019539585,0.0152,0.7006473,0.015525386783513251,0.09094647904870468,0.006750131224876259,0.021334151689312648,0.02028884575197467,1.1365444407225729,0.017097838168063255,0.14272228242265023,7.1068277,0.6453642,13.70162,1.8307014,0.018961502,0.01,0.71947086,0.023288501135259095,1.3539649963782303,0.004803874762723268,0.024829417413200897,0.01660197720228659,0.162152393315384
0.010371139,0.015031518,0.0344,0.014787431,0.03,0.0327840613679949,0.12046426592797785,0.02090963988919666,0.024519794222398104,0.038278148960919044,1.3687735213632166,0.2246708662495086,0.0,0.034776063866339836,0.22371276323932618,0.23568121459689173,0.0,13.507642,1.1326472,12.623383,-0.009457337,0.012465464,0.0184,0.011890335,0.01,0.01500032015009947,0.05220053331619867,0.00892006296986442,0.004750078812570655,0.021400576607285803,0.7975342950159566,0.2013931039894632,0.0,0.017860732249126522,0.07836439454184288,0.21565230297220622,0.0,7.069917,0.44300035,6.6984024,0.018936457,0.0184,0.7185297,0.01649534974495723,0.10158895836265304,0.007035966919357816,0.020790729943805656,0.021928104674770296,1.2486637544761476,0.018606812356390126,0.17073313560893555,7.4110913,0.7047677,14.26977,1.8437155,0.01851107,0.02,0.66974765,0.02963481385420366,1.5130273377198784,0.012366575748326199,0.02269838535646146,0.02515523894134681,0.1891880060601688
0.010318994,0.00043846853,-0.38480000000000003,0.0001233749,0.22999999999999998,0.00039520020146058813,0.00022582868654890819,7.904004029211933e-05,4.516573730978165e-05,0.013822720725258121,0.0004064916357880347,,0.0,0.01319851337757141,0.00028550191108163,0.585145967554964,0.0,-0.030843113,0.0,-0.01952637,-0.00893972,0.00046845246,-0.396,0.00015769679,1.37,0.0010039996666777109,0.0005386661240706482,0.0003231992417944731,0.00010773322481412965,0.0029087984321788858,0.001054399216089443,,,0.001110753149309853,0.0006810038627391026,1.713560126420634,,-0.055889674,0.0,-0.024582248,0.0006568692,0.28080000000000005,-2.591798,0.6456881846550286,0.0006488099241251125,9.381270450867304e-05,0.00012976198482502241,0.6808,0.002662401555023445,0.6648588603310196,0.0008637706337955699,0.027750429,0.0040783146,0.06663371,0.0047076805,0.00021370339,1.47,-1.1470438,1.8375900874567392,0.009514719674474429,0.0014240120548987534,0.001057191074941603,1.7204969513914816,0.006682722130806496
0.0100092245,0.0145058455,0.033600000000000005,0.014199628,0.04,0.032474400235037365,0.14547440023503735,0.018214880047007498,0.03522976009401494,0.037966961050952756,,0.2341623684793865,0.0,0.03422879843105588,0.2767055945941616,0.24565241043087263,0.0,13.999035,1.0447197,13.207306,-0.008477528,0.011833515,0.0184,0.0111888135,0.01,0.015002699511662285,0.058010798046649104,0.008041079722178164,0.009388106406219881,0.021811267385040356,0.8492929569960844,0.20302174105887263,0.0,0.017736112858025125,0.0823020841735987,0.21567768591880462,0.0,7.1762414,0.41646886,6.827221,0.017954245,0.0248,0.6609727,0.023151163278044305,0.11726208452347255,0.012986369810522957,0.023845362824330057,0.028826957994904343,1.4735265817900858,0.025248825659743304,0.21175262970599773,7.7280807,0.947117,14.717213,1.990632,0.017675456,0.02,0.6692764,0.029770262816916002,,0.011743975218343862,0.028233374466887465,0.025187652768046364,0.25324082887356963
0.009949091,0.015120721,0.0432,0.014659176,0.03,0.043746044377290905,0.11925719969780911,0.030020575975824706,0.012502879879123645,0.049125102847496195,1.4175314814068665,0.22602504666770595,0.0,0.04561491858007676,0.205106449954733,0.23629670383069162,0.0,13.572882,1.504291,12.40304,-0.0078038382,0.0119715,0.016800000000000002,0.011312884,0.01,0.015009759839234221,0.049448798432178885,0.008086508367847954,0.007776586861216156,0.021590810400689588,0.8279785575975086,,0.0,0.017890013240952022,0.07170506002598283,0.21617041138933712,0.0,6.63416,0.40493852,6.293488,0.018684704,0.0224,0.64785385,0.022618424628779624,0.09751703452910668,0.010995946043272397,0.02100162515941192,0.02796748441750901,1.2974853780103746,0.02439105036744836,0.1606887995441099,7.413157,0.92901146,14.099201,2.0187688,0.018082086,0.02,0.6370913,0.03393097727616947,1.5475163434323014,0.013505840905232418,0.022832468477245703,0.026619211439380022,0.1932903446178432
0.009799088,0.0151597755,0.0344,0.014791426,0.03,0.033651040040292124,0.11865520020146059,0.02173276001007307,0.027865520020146063,0.039286596341997986,1.419189683538991,0.22515754337504226,0.0,0.03558859515301283,0.21876578542712696,0.2359299577502427,0.0,13.477243,1.155652,12.582334,-0.007055707,0.0115712285,0.017599999999999998,0.0109914625,0.01,0.015023360033926611,0.04995839901047555,0.008527788558332803,0.005795841025507161,0.02128341182919703,0.7295500788194221,,0.0,0.017772891363597727,0.06775481905504963,0.21594895887390234,0.0,6.2144094,0.40400565,5.874897,0.01836569,0.0248,0.61043465,0.02402983953927278,0.0994659100303355,0.01355520770373405,0.020521667662398477,0.029299787593901377,1.329449019387496,0.025843360874356177,0.17716682280520107,7.3027425,1.0012969,13.81322,2.041332,0.017924547,0.02,0.62520224,0.03126965873796607,1.5583099100817208,0.0129014357683387,0.023839883383724565,0.025803557373695583,0.1936201069334788
0.009615802,0.0161197,0.033600000000000005,0.015826797,0.03,0.033124000111922534,0.11105800050365147,0.020141068524580988,0.023607735191247654,0.03837268616517372,1.3183362677187387,0.22533269042458776,0.0,0.03478407993960036,0.1855681606852125,0.23590700218551713,0.0,13.4903345,1.2072258,12.526192,-0.006268151,0.011943208,0.016,0.011474757,0.01,0.013885713957883218,0.04626666666666667,0.007659999759044831,0.007013332191028982,0.019706666392988383,0.6415199995180881,,0.0,0.016410841601444008,0.06488672968588213,0.21591810195689629,0.0,5.7719316,0.37383384,5.449581,0.019498492,0.0256,0.607592,0.02474359620707573,0.08924232248532589,0.015062261985824808,0.013342046715145954,0.02997402859926715,1.1895935849956794,0.02663853063388624,0.14231305615633635,7.1855264,1.0977511,13.473011,2.1693358,0.019117499,0.02,0.6037246,0.031325238750987194,1.3999735512026794,0.012677255147095822,0.02040383976922283,0.025800270247141197,0.15607795212192702
0.0095712,0.017717581,0.0216,0.017371422,0.02,0.023008533348256335,0.09873840006715352,0.011458453342287157,0.02585845334228714,0.027530916328567308,1.137489123478553,0.22001409522439808,0.0,0.024453977214637733,0.14395567719415653,0.22664113800729696,0.0,12.709148,0.90132457,11.984211,-0.0055664014,0.012980761,0.0152,0.012452014,0.01,0.014794800167062886,0.034789600334125814,0.008559305832208883,0.005038958748313307,0.02020036590307059,0.137402561920577,,0.0,0.017045745140307055,0.04553723476299104,0.2164009701405962,0.0,5.066936,0.42735282,4.6972766,0.021518903,0.0152,0.6475397,0.01623423356074668,0.0780156351239244,0.008520648359913412,0.01347850528208586,0.02080415532387019,1.0007014877236258,0.017798852522350125,0.10778001995024493,6.5964737,0.75579095,12.582553,2.0400782,0.020999916,0.01,0.634724,0.024505710444493685,1.1658074506612708,0.005849123480552621,0.02088353029184779,0.0171513828510016,0.11739263413028972
0.009508846,0.01955511,0.0144,0.018871667,0.01,0.01515011452075164,0.09070053443017431,0.009683386776350745,0.023925080164526148,0.019250289263829427,0.8351009642127649,0.2103446209782259,0.0,0.01653793057131252,0.12296551287031465,0.21657126637806895,0.0,11.704955,0.64333534,11.170184,-0.004887841,0.014389363,0.0096,0.0135823265,0.01,0.008406399785817075,0.03160960008353137,0.0024468116149892923,0.009921280280151643,0.013305457692485333,0.08151637310544262,,0.0,0.010794989394083177,0.042754906133000294,0.2161608754315187,0.0,4.337124,0.25856513,4.111478,0.023806637,0.016800000000000002,0.60691005,0.017306231923180756,0.059093002827599016,0.011134981433985376,0.010637413286548481,0.021367618768524336,0.7262128654781133,0.018664119254484968,0.08812824354597393,6.044109,0.91408795,11.303137,2.2625003,0.023251226,0.01,0.62383896,0.022552261022039274,0.8739871018059086,0.005760793789754928,0.014848557161556895,0.016640560285052428,0.09170077675287391
0.009478448,0.019918354,0.0152,0.019008577,0.01,0.015753599873593337,0.08470559892554354,0.01073746279574534,0.021937462795745346,0.020046016284730968,0.7487433604745517,0.21038600511050762,0.0,0.01725244460210365,0.12269666725788865,0.2165676670524576,0.0,11.602102,0.6844936,11.022064,-0.0043231486,0.014404438,0.008799999999999999,0.013453617,0.01,0.0074226000771059715,0.03203013343614127,0.0014597863702849735,0.010467615241277388,0.012422065839384594,0.08101424159448586,,0.0,0.009913405573909358,0.04200294992085366,0.21618767416320772,0.0,4.1609926,0.22576469,3.9613206,0.023957415,0.016800000000000002,0.59744495,0.017184119498581823,0.06026346402422644,0.0114406001591331,0.007893588657227672,0.021288754047179465,0.6775945945318946,0.018639709148887504,0.08715870903599543,5.9665136,0.9126968,11.137838,2.263304,0.02328789,0.01,0.6159189,0.022413120570160885,0.8138260671974368,0.00599682330160789,0.014276017663823201,0.016642335350246566,0.0895289472414862
0.0095159495,0.020546542,0.010400000000000001,0.01994742,0.01,0.015369176332330972,0.08171899941240662,0.010602533031142457,0.022271732728951565,0.019383549819524885,0.6879473594224796,0.21107146042937425,0.0,0.016680763098896705,0.10988330676188575,0.21814136529983083,0.0,10.930084,0.59141695,10.478081,-0.0037890666,0.014797984,0.0056,0.013253484,0.0,0.009041333824169216,0.027847999068306768,0.002634933395803364,0.0031619192284276358,0.013385800369741902,0.07116213426663574,0.20091593768290358,0.0,0.010867122776035147,0.038845661361405354,0.20755582728070848,0.0,3.5344954,0.22087774,3.367522,0.024533564,0.010400000000000001,0.57812804,0.01517665260367735,0.06019010963237373,0.009633035944563835,0.012356436191360766,0.019135889177581657,0.5467880474220852,0.01649339370125208,0.08198034605844215,5.5426273,0.7094022,10.528402,2.2177265,0.023566162,0.01,0.5615265,0.02754686517138346,0.7170550602498302,0.011609795975721794,0.010995379457994843,0.021606720420065884,0.08137906822260076
0.009447382,0.021502698,0.0152,0.020450907,0.01,0.01605563101718226,0.07512320322336943,0.011438079912700414,0.013168213100534424,0.020081554796081126,0.5926472557150453,0.21050080173475763,0.0,0.01757200137949999,0.10340400965649994,0.21664646124770354,0.0,10.705641,0.74359834,10.051931,-0.0033744164,0.015195008,0.010400000000000001,0.013766462,0.01,0.010441759909914618,0.02340879929801593,0.0032167032063227,0.00284175801580672,0.014104698125162348,0.060658613145012925,0.21006251325940462,0.0,0.011896498262169871,0.032133696598259855,0.21630761906033438,0.0,3.3976684,0.313707,3.1177568,0.025489543,0.0152,0.5668642,0.015960201927827117,0.05372080467825507,0.010090650348842973,0.008988415951549686,0.019832282971673294,0.48313863602195756,0.017362226760948576,0.07501585460673495,5.4278364,0.8871548,10.067102,2.307958,0.024652688,0.01,0.59247535,0.02298708597823712,0.6041480703888463,0.007299417439103522,0.011649350781260765,0.01689189335550921,0.07791168356309869
0.009360842,0.021367341,0.0152,0.0202978,0.01,0.016175679901508148,0.07341173284087413,0.011400782189391612,0.012361407940904895,0.020116460253504557,0.6947544546853577,0.2105083809731795,0.0,0.01758507610565557,0.10286368849305927,0.21665268806611399,0.0,10.963927,0.74412185,10.316655,-0.0030096266,0.014946172,0.008799999999999999,0.0135686435,0.01,0.008459866497194525,0.02537959949158362,0.0015823671811874647,0.004755917882156397,0.012640655849887661,0.06320327940941715,,0.0,0.010071205445817487,0.03419162863157845,0.216231846920055,0.0,3.2533062,0.24076012,3.0411115,0.025180565,0.0152,0.55752957,0.016035367032923888,0.05417386233520213,0.010076015060247663,0.007776188927520084,0.01987383904351086,0.5103981828379802,0.017318759794175687,0.07581078021970176,5.5124497,0.87820685,10.248037,2.288956,0.024415338,0.01,0.5892559,0.022897520296647045,0.6299401774539326,0.007106593879644407,0.01192537861984978,0.016862775972736443,0.07866424704294202
0.00942963,0.020410966,0.0144,0.019802969,0.01,0.016265813369148552,0.08238720053722824,0.011103488021489147,0.02166348802148913,0.020342843667874148,0.7942856558941214,0.21054069552719784,0.0,0.017707762679824962,0.1114319646524437,0.2168894346184783,0.0,11.499144,0.70541453,10.909786,-0.0025430298,0.01401576,0.008799999999999999,0.012888694,0.01,0.008709920396195775,0.029287400229309438,0.0028087405136175223,0.00882330913063034,0.013385773300311212,0.07114309307690274,0.21025461301752607,0.0,0.011105110817892547,0.040187592097124546,0.21654153134181123,0.0,3.4808073,0.24969131,3.264206,0.024279915,0.0128,0.58069277,0.014382241289621742,0.05981118987223942,0.00794311766234382,0.012667023167458609,0.018422879931902524,0.6501278658646941,0.015823449752192256,0.0832161485276334,5.7619095,0.73204017,10.902852,2.1550925,0.023627864,0.01,0.57697,0.024884108383105286,0.7777282265915576,0.008096651520286784,0.013240220778512671,0.017511368052697807,0.08526961928628185
0.009374822,0.020465774,0.0152,0.019742392,0.02,0.01590565331990265,0.08578479979853942,0.010459493326617985,0.024652319986569297,0.020185588180978768,0.8688126463527238,0.22026578326385465,0.0,0.017291555554529443,0.11664088888170597,0.22656646236109892,0.0,11.9621315,0.7098806,11.369667,-0.0022069965,0.013795681,0.0096,0.012905158,0.01,0.008497599577524034,0.030198399650881592,0.002489759365160944,0.004783615010577957,0.013518079813517988,0.07286271840390832,,0.0,0.010656573936394034,0.04024143455299014,0.2162010054671117,0.0,3.6386197,0.25011426,3.4222505,0.02399173,0.0152,0.5490235,0.015743177469417287,0.06359048680732392,0.009344336602267685,0.012834628170113146,0.019916922952974436,0.6374289722562194,0.017077264909337694,0.08823824303703157,6.0514703,0.83361953,11.393385,2.2255738,0.023563836,0.01,0.5795745,0.02293966219225247,0.8629982923245377,0.005638877906471436,0.015339236347977929,0.016683870927596656,0.08875488058765256
0.009360177,0.02036947,0.0136,0.019774787,0.02,0.015253132991969552,0.08471879795181735,0.005871879795181712,0.023097503836145387,0.019645206103222745,0.768517535868379,0.22037055114717571,0.0,0.0167459163088045,0.11861070708081568,0.22680313182314701,0.0,11.866047,0.64756787,11.333495,-0.0018280607,0.013416745,0.008799999999999999,0.012591157,0.01,0.009256640383730337,0.030170800365048146,0.002857080438097955,0.009809439844717379,0.01375162659463872,0.07325487970780084,0.21015252086374528,0.0,0.01133177875544452,0.041159017839886965,0.21654432549877758,0.0,3.608704,0.25414583,3.404626,0.023893375,0.0136,0.5500174,0.015068608591839984,0.06455947088340945,0.008316694281637593,0.013840282000787704,0.01940439706028642,0.7087651119409414,0.016584376282639004,0.08920957326630578,6.001133,0.76769614,11.364125,2.178998,0.023330916,0.01,0.57005334,0.024860473686399587,0.8788201225603633,0.007132097968275417,0.015149179624409755,0.017445046570342838,0.0900489231777595
0.009265427,0.018245252,0.0248,0.017730452,0.02,0.023937919919415754,0.09363583983883153,0.011851946612943812,0.02385194661294384,0.02873354710540307,1.0942670942108061,0.2159894046168727,0.0,0.025463397591012925,0.12879019207695294,0.22594479185636415,0.0,12.556039,0.9798475,11.748555,-0.0015268136,0.0113761965,0.0184,0.011056166,0.01,0.01547399922894042,0.03104879919617105,0.009921256825647788,0.003962200089956947,0.021229899853324376,0.08211959949118153,,0.0,0.018082775266858062,0.04293795877809676,0.21571856190622005,0.0,3.9801028,0.4318849,3.6074286,0.02084635,0.0184,0.5772439,0.017345663986192677,0.0748675361986444,0.009677819631491185,0.018355055446548647,0.02212325036055122,0.923164604276009,0.01893335666581597,0.10065911665663206,6.3467946,0.8209937,12.019221,2.048306,0.0203554,0.02,0.51347226,0.029848901178669465,1.1555881451529573,0.013211244231821552,0.017038178604427995,0.025640959323713446,0.10780720150665034
0.009355517,0.019930337,0.0224,0.019229142,0.02,0.023585439771678013,0.08076359942919499,0.012634175908671203,0.019190293181118662,0.028313995447385696,0.8943344806513893,0.2202996101864127,0.0,0.025404128407804094,0.11622064203902041,0.22673810485453572,0.0,12.1060295,1.0485588,11.217333,-0.0010521002,0.0126407845,0.008,0.012047103,0.01,0.0076677332083932934,0.03240213379739634,0.0015868801002377495,0.010864256120285293,0.0126323911481727,0.07804576025091538,0.21000343012758213,0.0,0.010072900404123676,0.04264300110438417,0.21640810947142441,0.0,3.4549499,0.20338058,3.290064,0.023261271,0.0152,0.55093825,0.01623664656840151,0.06517677446865881,0.008831413829544726,0.012168221654820233,0.020857916086254136,0.7078922541659036,0.017929733347246384,0.09063045920221022,6.0616837,0.81753707,11.434228,2.1836188,0.022593547,0.01,0.5623903,0.024509353578733198,0.849296722054116,0.006393700023719759,0.017142606451941447,0.017246655357369536,0.09433383860380609
0.009444942,0.021283241,0.0136,0.020621987,0.01,0.015355466689051172,0.07916600016788383,0.00991546624136099,0.021357733120680487,0.01950117346316347,0.7062588009737262,0.21052007979867723,0.0,0.016906338149199746,0.10770387404504234,0.21686504048672073,0.0,11.452655,0.6865402,10.872837,-0.00070563116,0.013685757,0.0096,0.012591158,0.01,0.010201400054717077,0.027470399880057405,0.00364844880734945,0.007414080404377904,0.014281679994959997,0.05971603200215897,0.2102635990900605,0.0,0.01195519107074474,0.03272158444128436,0.21656066927112422,0.0,3.060708,0.26848704,2.8197567,0.024659494,0.0128,0.5382914,0.014425424003448643,0.060371054565927965,0.00799116522736549,0.012806507049162304,0.01849186893259539,0.5287285377450864,0.015826207839971948,0.08190716583564006,5.70111,0.74513805,10.761231,2.2001967,0.02416203,0.01,0.54815495,0.02487131201862212,0.7176747836295556,0.008041297231085097,0.01262350619613523,0.017481710423662804,0.08118968983499393
0.0095416885,0.02151934,0.0144,0.02079152,0.01,0.016905546545790323,0.07519439939561824,0.012191663963737073,0.020105546545790307,0.020957674111668576,0.6694832544838971,0.2107563637665982,0.0,0.01827225794581086,0.1004279563957209,0.21711595179730112,0.0,11.150654,0.7761725,10.49872,-0.00033110142,0.013890995,0.008,0.012383599,0.01,0.008759599772698539,0.02343973312771745,0.002556767980517907,0.004156767980517925,0.013481819990356735,0.0583757601524448,0.21060138291834338,0.0,0.01096194769513031,0.03234535614006212,0.21683814879644545,0.0,2.7915802,0.24558389,2.5891252,0.025062682,0.0144,0.53822327,0.016789854676649292,0.05416663997736426,0.011068791494059678,0.010552383814532575,0.020643345904363196,0.5197583007619961,0.018037131115980945,0.07537190893589125,5.5025897,0.90003055,10.238091,2.3253114,0.024200018,0.01,0.5371839,0.025752050856804588,0.6618944236539565,0.010301152370044519,0.011879093447332584,0.018194844913853318,0.07849652368822957
0.00932312,0.023845932,0.0152,0.02274976,0.01,0.0157865406550432,0.06465706371191136,0.011353402949069277,0.012878845496516408,0.019344640079170496,0.41817408075211954,0.2105373910756034,0.0,0.01684916559404992,0.08468831831669868,0.21652982556738734,0.0,10.173309,0.833342,9.429954,-0.000121689416,0.015652793,0.0096,0.013806812,0.01,0.008666311241842096,0.020665600034269316,0.002114194065831407,0.003279871233052752,0.012519423986840592,0.04919423962860668,,0.0,0.010422081147391555,0.02515499131535047,0.21617700899594297,0.0,2.258542,0.26912895,2.0099378,0.027212398,0.008,0.5667092,0.008489334357021925,0.05309096970938303,0.003414523396111099,0.01411017396456078,0.01190040318674137,0.206363007569567,0.009554683907874824,0.07125789573925165,4.897728,0.47383806,9.385094,2.0579073,0.026611647,0.01,0.54547703,0.021122461061295256,0.4043223492200417,0.007642238139890196,0.009766998567800467,0.016631464335438155,0.06561696441908288
0.00951506,0.024985373,0.0136,0.023898076,0.01,0.0165155107865357,0.060519798539410724,0.012223981973041646,0.011602263073952823,0.020147128347183754,0.29991418898122496,0.21102824286031935,0.0,0.017811742693685663,0.0806272748828185,0.21730385009542014,0.0,9.774007,0.8728935,9.018227,0.00025075316,0.016671792,0.0072,0.0135456845,0.0,0.008926000151266772,0.019555999983936326,0.0018702396710145877,0.0037511983550729293,0.012320145413257705,0.04384053342311177,0.20107065917881692,0.0,0.01031090356278196,0.02350180706861523,0.20705470992281583,0.0,1.9510334,0.24868774,1.7344322,0.028660472,0.0048,0.5198372,0.007611390204772352,0.052346402538998055,0.0027068233445266287,0.013647772209203544,0.011088241923831765,0.17094477848583997,0.008839177503539759,0.06902404439678893,4.726008,0.37583983,9.163141,2.1148672,0.027406244,0.01,0.5115355,0.02615793529520758,0.3349935297047592,0.01115830874851909,0.007922796216084655,0.0185992505816705,0.0617785341196243
0.009398566,0.025989456,0.0152,0.024777899,0.01,0.016004959288172586,0.06091239822043147,0.011718449321684784,0.005523306863650351,0.019458808733689603,0.23995285240213773,0.2106705055557173,0.0,0.017202653120752937,0.07815278955218832,0.21661118853149353,0.0,9.877075,0.9262811,9.042298,0.00045645464,0.01716181,0.0096,0.014666492,0.01,0.00920040052153472,0.018001201567821114,0.002026720688384239,0.0028343546636375116,0.012621430564883395,0.04168215988936104,0.2101818723544539,0.0,0.010603293492365764,0.022649221868128663,0.21627620428000505,0.0,1.864648,0.29913032,1.5833449,0.029845092,0.008799999999999999,0.59846395,0.009484987074523362,0.04655664626400278,0.004407279595938644,0.011417005810069318,0.012753574974597177,0.13791147062595904,0.01061153798248042,0.06056719630683137,4.6054764,0.58809817,8.686893,2.266964,0.028793234,0.01,0.5344559,0.021876124079801683,0.17340439084338957,0.009726886433610245,0.007965521772400414,0.016852761396818326,0.05998987525454582
0.009544573,0.024623014,0.004,0.02368217,0.01,0.006398704576433102,0.06998639805254764,0.0023413236876445353,0.021470912112817934,0.00996794974088457,0.23433034835893563,0.2109578918855543,0.0,0.00764682821545116,0.08983022073992525,0.21713083721861764,0.0,9.263976,0.26866972,9.059387,0.0007101609,0.016328337,0.008,0.013197592,0.01,0.008846743596598617,0.017763602775814433,0.002032721197712499,0.002810907586760817,0.012782413335973797,0.041431493291050024,0.21099037361472994,0.0,0.01056074427034855,0.022402232683133634,0.21692810804170776,0.0,1.652917,0.26164117,1.4172994,0.028239593,0.0056,0.5428943,0.007905947417630569,0.0499961460774889,0.0031699790704898074,0.013752621354695023,0.011330454717999192,0.14375845364135714,0.009051217166301194,0.06608684903388695,4.392949,0.40347955,8.455352,2.093209,0.02711128,0.01,0.5084151,0.025595072720569264,0.17199142308068552,0.010923481853523143,0.007534175199725861,0.018142118769414635,0.060143596875524785
0.009465578,0.02314873,0.0144,0.022163508,0.01,0.016236533012488688,0.06101151884495929,0.011829152018803007,0.012172880047007471,0.020047975514789915,0.2511118408461344,0.21079965424344546,0.0,0.017461695776344596,0.08097763099355075,0.21693414905601124,0.0,8.746956,0.80058825,8.024902,0.0008414202,0.015153497,0.008799999999999999,0.012611797,0.01,0.009627439738932299,0.019467771238822804,0.0026758127181991313,0.0025424791941367425,0.013107826586037891,0.04184695973273964,0.21068022987477505,0.0,0.010868264886615452,0.022355348988769192,0.21672163105530162,0.0,1.4924374,0.2648452,1.2531092,0.026366714,0.008,0.5962307,0.00976272723681377,0.04832092103332037,0.004634016935073942,0.011571010413090738,0.01331172185776236,0.1366093120619978,0.010877948297616194,0.06313065878860755,4.037892,0.5018277,7.6350684,2.0462976,0.025500558,0.01,0.51733935,0.024822772465395673,0.17205327136524518,0.010463988235751245,0.008615724352160736,0.01770335852846607,0.06217298725123982
0.009477115,0.021805812,0.0496,0.021060238,0.049999999999999996,0.014063499958029023,0.06370799966423236,0.009224640241752695,0.01488720020146059,0.017876988875227744,0.29116960362629063,0.2311059694437737,0.0,0.015479305375414787,0.0836947903156108,0.23795855711233774,0.0,8.633791,0.7108434,8.073057,0.0009397488,0.013779679,0.0464,0.012151692,0.04,0.010041900218165483,0.019883799833941247,0.0031814069864197336,0.0029767602647304487,0.013596336072098801,0.04265445347992384,0.22063412253255255,0.0,0.011426904989604919,0.024047978354062947,0.22743475284295872,0.0,1.6306536,0.28511938,1.3727732,0.02502204,0.0496,0.5126164,0.014012776286517419,0.046600585558268806,0.00842312792200819,0.008555388142810351,0.01765853887442354,0.16787462393319824,0.015317582773579396,0.06331940822963465,4.161905,0.81129354,7.6585107,2.1585283,0.023801314,0.04,0.53582096,0.017485644610962015,0.34321364335968724,0.001694207039250202,0.017632155608692482,0.01101194447547776,0.0713037332322452
0.009576082,0.019931668,0.012,0.019106211,0.01,0.014923946612943837,0.06556479979853941,0.01012863997313857,0.013914367967766302,0.018809771017655793,0.2831366413162092,0.21086106610689767,0.0,0.01621902725408977,0.08742367715158357,0.21725482979212193,0.0,7.961663,0.6055961,7.44775,0.0010573256,0.012386614,0.008,0.010540634,0.01,0.009985920142388886,0.019843199892908538,0.0031576534087258096,0.003381972996923801,0.01391415995143234,0.04485663959760349,0.21100891203929636,0.0,0.011402051734877386,0.027764103341244947,0.21713193530117753,0.0,1.3863397,0.21708527,1.1920016,0.022763243,0.0128,0.504104,0.01566723487627455,0.04745796569718774,0.010273297761359254,0.006240838178227087,0.019457667758592378,0.1782003645360308,0.016881540276393707,0.06450415585808482,3.8204634,0.73800653,6.9973903,2.034115,0.021820914,0.01,0.5041369,0.026199555773768993,0.32550866487406027,0.010755751732850528,0.009276221229099827,0.01867223786384194,0.06705508410074153
0.009346863,0.017941918,0.0136,0.017373862,0.01,0.015857133103892102,0.07116186574890175,0.010434279862335279,0.013112373149780353,0.02011218925085659,0.3719085204398556,0.21059335711256366,0.0,0.017306014914098885,0.09248909587974635,0.21701497283791357,0.0,7.71347,0.5928571,7.206214,0.000961548,0.011322858,0.008,0.0098943105,0.01,0.008894285330723369,0.021553331744812096,0.0025843332313732845,0.003906000128509926,0.013350800004859276,0.04796933306426594,0.21067353854943915,0.0,0.010909028401288014,0.03006041843959041,0.21687313567222258,0.0,1.4683189,0.1954512,1.3048245,0.020620514,0.0136,0.5153902,0.015782044015399652,0.050921118477413575,0.009677372690974151,0.010289474060562725,0.01987567103637848,0.2791760668465619,0.01716938784836757,0.0695932633486922,3.717595,0.6847593,6.8407774,1.8675373,0.01999371,0.01,0.51768655,0.025619293857576577,0.3967986967274442,0.010038748140563882,0.010765753254874562,0.01806423935754616,0.07173118408937082
0.009284509,0.01811522,0.016800000000000002,0.017418465,0.01,0.01634695387714778,0.06843680013430704,0.011572416016116858,0.015020693360194744,0.020287157040055535,0.35837936372030554,0.21008701549637568,0.0,0.017696809441265986,0.09088404781580889,0.21624966052891192,0.0,7.893541,0.6595031,7.287985,0.00089962885,0.011268823,0.0096,0.0105128065,0.01,0.007718399691576497,0.023091200282721838,0.0013949440339266403,0.0069747201696330995,0.012062079934781287,0.05029312003373384,,0.0,0.009727289185335667,0.03158186781159951,0.21588329521709118,0.0,1.5264118,0.18005441,1.3571194,0.0208208,0.0152,0.5261933,0.014659113192373525,0.052416945950201306,0.008727965770046512,0.011322504730398867,0.01846635965425139,0.27194417368882473,0.015937053818387403,0.06969790824796694,3.7961888,0.6742252,6.965786,1.8451916,0.020345073,0.01,0.54302114,0.019718341944003938,0.37261307083372736,0.004677195207645397,0.013093025250981142,0.015924467876458053,0.07184608055248926
0.0093772635,0.016912982,0.0128,0.016500253,0.01,0.01499839973138587,0.07472533199026274,0.00939839973138587,0.021931733064719214,0.01934639995523098,0.3770391998656929,0.21062111377854445,0.0,0.01649069711794755,0.0977441826295949,0.21702792813792207,0.0,7.405587,0.5259577,6.944929,0.00075329555,0.010719435,0.0072,0.009443947,0.01,0.007444599927914033,0.022963066564037345,0.0016391371214786433,0.005048919874060271,0.01248016004064125,0.05125370671683011,0.21065196209866946,0.0,0.009829922432607326,0.031487403670816795,0.2168150867977525,0.0,1.4349244,0.1637616,1.2955482,0.019447051,0.012,0.52765787,0.014071598960024266,0.054004872217857096,0.00828511646390075,0.013135352665949406,0.018390872148605013,0.19994782805472194,0.01554853128396262,0.07330117836675544,3.5604222,0.57036567,6.6183505,1.7220652,0.019011747,0.01,0.5198417,0.0255919643433225,0.3937743596214511,0.010081719501022662,0.011927231051358853,0.017995528589726462,0.07308682771821352
0.009489099,0.01591356,0.0112,0.015278933,0.01,0.013951753804828604,0.07428639973138589,0.008382079984650636,0.022268639973138587,0.01808710457483421,0.43229034858278076,0.2106514662947182,0.0,0.015321186907476522,0.09866652941564255,0.2171989450944823,0.0,7.0024023,0.43797702,6.636717,0.00042421956,0.010236837,0.0072,0.008771186,0.01,0.008028399862253583,0.02245679966748123,0.00173254492619526,0.003765681423889996,0.013127413437006862,0.05156448029332362,0.21082157902170104,0.0,0.01061496831059103,0.03148898092690863,0.21707962158673416,0.0,1.3306822,0.16038872,1.1984953,0.018320447,0.0112,0.5183803,0.013860539043460905,0.05421583168377447,0.007037382167017859,0.012493945836457956,0.017895333453565854,0.32069636447618993,0.015334530925897162,0.07427991361248948,3.3708825,0.5098884,6.3103676,1.5904044,0.01761759,0.01,0.5211355,0.026266268238731173,0.3943654728597638,0.010222867482756259,0.011890136199134293,0.01853038324175614,0.0739450428698275
0.009336878,0.016287677,0.0152,0.015706306,0.01,0.014788799750572616,0.07488039956350206,0.00898143988360057,0.022944319650801643,0.019012360446570984,0.4448988835725678,0.20999646221251345,0.0,0.016253188618966078,0.09995956638822717,0.2162355562260647,0.0,7.4228964,0.524087,6.943821,-0.00043638717,0.010517676,0.0112,0.00968745,0.01,0.009160799705498494,0.022941199196011383,0.002814119867634781,0.0024564794705391013,0.014082574584519943,0.05243610678227194,,0.0,0.01153371258054458,0.03155656712011063,0.21592045555828154,0.0,1.7101979,0.2073879,1.5119174,0.018746866,0.0136,0.52981013,0.013177508139581505,0.05816124366731925,0.00704893223901563,0.013413193066655237,0.017133703464013435,0.34948724613003773,0.014552527525212963,0.07641360570156334,3.6347613,0.53242505,6.7780313,1.6258464,0.018453581,0.01,0.5526717,0.019840262062473926,0.4282876316586977,0.004467830088806864,0.01408807623202138,0.015941871917074194,0.07739517585693644
0.00936883,0.016699517,0.0144,0.015949506,0.01,0.015311822565451393,0.07490320154453117,0.009641285990094867,0.014147095330031617,0.019637152690338278,0.37978576345169146,0.21041766376713408,0.0,0.016809617662916797,0.100115412399032,0.21663883579089657,0.0,7.4821444,0.5496374,6.9957466,-0.0014539948,0.011419331,0.008799999999999999,0.010269072,0.01,0.007648199607844299,0.023530932967437503,0.001369640011565889,0.003939280023131784,0.012986719898798538,0.05505351955206304,0.21002360652700866,0.0,0.01032524961792933,0.03286733212428016,0.21633733383238626,0.0,1.9240158,0.18886124,1.7565789,0.019660367,0.0144,0.55594885,0.015224824469125722,0.05271168673048534,0.008565658282838739,0.009851354593878784,0.019354862913840226,0.29907418156411186,0.0166424649690261,0.07176487646252327,3.685366,0.6454742,6.792115,1.7505245,0.018969463,0.01,0.57203895,0.023446400906104118,0.43748659174362964,0.0067420164840621055,0.012051421218112668,0.016967252152447185,0.07556541315520617
0.009422308,0.016978886,0.0216,0.016464084,0.01,0.02322954275641255,0.06740679929488794,0.018604746635328368,0.014768543943591035,0.027107680379722707,0.4205461210442374,0.21054880985289656,0.0,0.024489886582650344,0.09029437582731438,0.2168117782360515,0.0,7.7105865,0.88084406,6.9188576,-0.0025557848,0.0118253995,0.008,0.010730799,0.01,0.008265955341055224,0.024198400051403973,0.00163968001028079,0.008079360020561588,0.012661211371397666,0.06020949324637504,0.21029609246087702,0.0,0.010085882764284815,0.03338647321293613,0.21654223257436733,0.0,2.0359108,0.18923783,1.8742719,0.01995978,0.0128,0.58451617,0.014315228162149106,0.054880488715158424,0.008698265801976277,0.012640860251769902,0.018088618244955206,0.3310591009232723,0.015520478582788565,0.07179865456630377,3.776938,0.6074014,7.0158367,1.7761118,0.019652382,0.01,0.5776186,0.024458576795695065,0.43197903688575817,0.008367786993548947,0.01229099161083139,0.01734819904629333,0.07391392958322686
0.009452707,0.017947024,0.0496,0.01724139,0.049999999999999996,0.015125333109488201,0.07555199865692941,0.010415644519391025,0.016313600268614118,0.01917226727104844,0.4111445345420969,0.23117615740512548,0.0,0.01652867556245219,0.10033381855180941,0.2385330555227374,0.0,8.035778,0.61867595,7.541835,-0.0038001982,0.01295386,0.0448,0.011715476,0.04,0.009240914554142545,0.023047733609986278,0.0023053259103551684,0.004045760457495341,0.013057774872514711,0.05907850769335287,0.22071250632567332,0.0,0.010689438626951505,0.032923596900383476,0.2277754774921742,0.0,2.3909621,0.25565276,2.1729698,0.021224424,0.0496,0.56313896,0.01502160734209765,0.05269409111334603,0.009605346928664493,0.010935873494104806,0.018855776179318856,0.3325995388530227,0.016338609557496237,0.07539801399109422,4.0356603,0.7372445,7.4599004,1.9063673,0.020421343,0.04,0.61100125,0.017997698071657735,0.45826862778396776,0.001968648505484509,0.018201811850043603,0.012532863942341379,0.08024922410104608
0.009592058,0.018806208,0.0136,0.017776607,0.01,0.01577344010744564,0.07100160161168471,0.010795040040292133,0.01198016016116847,0.01983690746803213,0.34311072240409635,0.21076273808776458,0.0,0.01711673645614401,0.0940293931501247,0.2170262186020724,0.0,7.962774,0.61848253,7.423565,-0.0049919677,0.013565863,0.0072,0.012081658,0.01,0.008249699758943733,0.02413253228811926,0.0020699394396967367,0.005786505172524578,0.012423568038408347,0.061835680384083665,0.21069591287114092,0.0,0.009862605501546159,0.03279390807247423,0.21682094255245085,0.0,2.491029,0.20642702,2.3133883,0.022280706,0.0128,0.58429927,0.014873831865307193,0.05010260421427636,0.009594570869621658,0.009482655872331738,0.018759779415430968,0.24702748993195298,0.016174775440129498,0.07150706719305432,4.007915,0.6997799,7.3980746,1.9657979,0.021493586,0.01,0.5969291,0.025335754885656103,0.397032387548792,0.010382062715362678,0.009663782425727024,0.017952360107049047,0.07219456750485449
0.009676822,0.019941876,0.0512,0.018907836,0.049999999999999996,0.015421143288844088,0.06878266767396962,0.01119653331094878,0.012793066621897642,0.019431754786303282,0.3959064061109712,0.23114206145059168,0.0,0.016939592389821973,0.09257877705228928,0.2379727324013725,0.0,8.669738,0.71736705,8.11078,-0.0061589233,0.015080677,0.0464,0.01345269,0.04,0.009802900104715446,0.02321160121040045,0.0032005802217396195,0.004802320879968195,0.013676523707413072,0.061880586995473386,0.22090196818946226,0.0,0.011089989988565502,0.032561644987497314,0.2274362153628288,0.0,2.9342027,0.30312467,2.6830473,0.02412286,0.0512,0.59761566,0.015346125411612866,0.04974782032219266,0.010079404035565313,0.006243620356849562,0.019119896331430845,0.32141014243120963,0.01666923057815175,0.06864700574416853,4.409046,0.8617196,8.119569,2.1372445,0.022866562,0.04,0.6289707,0.017441214571168616,0.4136117122114329,0.0016418716873310756,0.017860618913413506,0.010589784257449112,0.07773700348696022
0.009898054,0.02083013,0.0152,0.01975171,0.01,0.015772133150526495,0.06317459917736927,0.011803936136993206,0.0118039361369932,0.0194339485979232,0.29999428154117347,0.21058810146718604,0.0,0.017183905172794948,0.09014248276471906,0.21658983128351522,0.0,8.682274,0.7299864,8.027012,-0.0071774577,0.016563026,0.0096,0.014916488,0.01,0.008962398913173183,0.022684199133764512,0.002661050844034844,0.0033136779541219565,0.013018941007964987,0.062311558512619554,0.21003488778146445,0.0,0.010588191940251408,0.03102933586293092,0.21625111170191544,0.0,3.196487,0.29909074,2.925156,0.025339756,0.010400000000000001,0.7063508,0.010856042814069952,0.04726988994957343,0.00545339519799777,0.010167200821410588,0.014350393352309494,0.19597190690571403,0.012108146288297985,0.06670013825768993,4.339816,0.59116596,8.153092,2.0165074,0.024751397,0.01,0.6468206,0.021629956521620388,0.3465216490476303,0.007609091877331977,0.008629055247933535,0.016688060992825913,0.06628316904160933
0.010127941,0.021265935,0.0136,0.020223016,0.01,0.016193479392260544,0.06602995420502346,0.011773390682447735,0.011266953412238725,0.019600277662173583,0.30780263779064887,0.21096240513641312,0.0,0.017308053061042803,0.08886442448834242,0.21715758466698706,0.0,8.64255,0.7325452,8.009256,-0.007997017,0.017730447,0.008,0.014938287,0.01,0.00901261509508804,0.021927332990640192,0.0021591996687299795,0.00337213283642828,0.012687952778310273,0.06289519726273854,0.21084266298090837,0.0,0.010648402657187398,0.03133151019916909,0.2168582031827735,0.0,3.2036777,0.2924158,2.947884,0.026266817,0.008,0.7409825,0.01033482042451078,0.04774967456360586,0.005055546402267418,0.010098755361788904,0.0136109158370753,0.1669733463934864,0.011366804474082256,0.06474293349726559,4.2695236,0.5289579,8.094286,2.0316079,0.025142053,0.01,0.63621527,0.02552076739227445,0.31940817803939486,0.010811488600168744,0.007428855338601429,0.018057655254858886,0.06556272391502159
0.010427501,0.020855427,0.0024,0.019825824,0.01,0.006825972746859179,0.07758959120288761,0.002879738437001606,0.004718953748006375,0.010410091544651095,0.29978042720837184,0.2112368287371578,0.0,0.008160935598287643,0.09816444409186624,0.21798439893436858,0.0,8.211629,0.20611756,8.09713,-0.0087479325,0.018017547,0.0056,0.015763411,0.0,0.00891286644547804,0.021959066375377496,0.002123087708025423,0.003126175416050888,0.012505565654828615,0.0615755839044658,0.20065343621071927,0.0,0.010281512299789757,0.03184453681753226,0.20729741594776238,0.0,3.1371212,0.24035566,2.9393046,0.026292073,0.004,0.70179886,0.008198624683315257,0.049690944152079516,0.0029762927106532517,0.012206084780624566,0.011660841375040355,0.18710727747657488,0.009399659567760637,0.06860459420431057,4.148188,0.3324491,8.063021,1.9363798,0.025252456,0.0,0.67414916,0.017211814116168754,0.2685548601753635,0.0016238207894629397,0.01476687819961601,0.010413394309572367,0.0716407791201442
0.01036071,0.021920754,0.004,0.020691443,0.01,0.0058315195164945636,0.07515759758247294,0.0017171722767844585,0.021834344553568932,0.009352736002686152,0.30315157335124093,0.21092929083627548,0.0,0.006928526252693609,0.09955673627424257,0.21694519576685792,0.0,8.809086,0.22449584,8.636672,-0.009570507,0.019303937,0.008799999999999999,0.016391184,0.01,0.00917028581919153,0.021792000257019852,0.0025036794201650538,0.002359771344646769,0.013005963936927947,0.06256640107305682,0.21062287715165534,0.0,0.010662544653451187,0.031341192303978534,0.21664823505718825,0.0,3.6056914,0.3401524,3.3049078,0.027741576,0.008799999999999999,0.7696008,0.010365508364621929,0.04631444433822141,0.0051450812188441435,0.009661287381220175,0.013801899248839618,0.19226279718543587,0.011338940197000193,0.06291650353254784,4.4177995,0.5821495,8.329246,2.132152,0.026397094,0.01,0.66994965,0.02433085063813266,0.3035329611151312,0.010568446908613326,0.00758596505877957,0.017533439790845266,0.06472577221445396
0.010498064,0.022227194,0.0048,0.021077767,0.01,0.006007510749228186,0.07497839782870254,0.0021115479956960825,0.015045405590531353,0.009344922177852915,0.33428867314698224,0.2108296876843178,0.0,0.007225510506274531,0.09883673670849687,0.21675392639353105,0.0,9.11586,0.26149637,8.909053,-0.010160944,0.019546513,0.008799999999999999,0.017352674,0.01,0.008822881155816413,0.022445762311632863,0.0019857215832423205,0.0037551091069727965,0.012198123895786011,0.0639429644313815,0.2102701710018193,0.0,0.010190957208048438,0.032311568695208966,0.21637324615760864,0.0,3.9266553,0.32709804,3.6300466,0.028451309,0.008799999999999999,0.7573749,0.009751052639441468,0.04718500086640097,0.0044722670064327764,0.01036474464140424,0.012926016174870209,0.20380340179118706,0.010800381108315287,0.0639846567600676,4.6608214,0.5738794,8.818608,2.1548362,0.027301783,0.01,0.68876916,0.02259628199495168,0.3458534573554665,0.01010198066007412,0.007391360234142833,0.016998930760578828,0.06453138304063008
0.010784977,0.022495024,0.0048,0.021048253,0.01,0.006604799398816022,0.07267519684378411,0.002551678793924293,0.0034201443776651157,0.010110080005969212,0.2934953600268614,0.21094861549463845,0.0,0.007725350317495986,0.09764365179914387,0.21697474078903561,0.0,8.937564,0.2721842,8.716555,-0.0106075965,0.01987721,0.0096,0.017214919,0.01,0.010296960905736523,0.021393921811473027,0.003573993796475315,0.0020734188230326503,0.013721686204401612,0.06754176484053412,0.2106389788305188,0.0,0.011546383452515512,0.031472129457870326,0.2166439008510188,0.0,3.9767456,0.39199087,3.6170578,0.028484987,0.0072,0.73329157,0.008806000395678802,0.048311377306845274,0.003863134415932154,0.011239305173362683,0.01205477922292298,0.21907318025092304,0.009829474405133988,0.06692659343115902,4.65105,0.48561037,8.8810005,2.1285987,0.027191589,0.01,0.6855479,0.02437760368327126,0.33725032636983293,0.0105977878471829,0.007497429789786638,0.01754739006489828,0.06473643061776488
0.010956058,0.022102045,0.0,0.021312093,0.0,0.006380249727188766,0.07509466521167352,0.0025797537534900587,0.02138419800135146,0.009660659388409112,0.3218312096029548,0.20128326285978268,0.0,0.007560899420452188,0.10104659574998262,0.20894096791428093,0.0,8.661861,0.124156736,8.661861,-0.010894928,0.020280495,0.004,0.018578298,0.0,0.009050982224740482,0.022520268157381822,0.0024356518729564416,0.0035988815964604678,0.012395296444682482,0.06948236128485574,0.20027041727676398,0.0,0.010497491657334558,0.03220788758920717,0.2077993312892869,0.0,3.766751,0.2637771,3.592357,0.028871272,0.004,0.77882767,0.010003099004441402,0.04762933356317394,0.00473068674663632,0.009773765147495492,0.013191960089232726,0.1798837122379845,0.011116176465140733,0.0636914364905655,4.405454,0.43143052,8.54153,2.1917317,0.028272929,0.0,0.7169725,0.017918379064770135,0.24542673055138842,0.002132904951272323,0.011265169681519253,0.012998647558560847,0.06701197282252162
0.010876843,0.021737467,0.0024,0.020432713,0.01,0.005971305744424853,0.07836958616637288,0.0020473900320825576,0.003934778880214893,0.009498346547858182,0.4037326389658356,0.21116796252683023,0.0,0.007277792554143071,0.10146829407553115,0.2176066914120782,0.0,9.364492,0.18912001,9.25177,-0.011105732,0.01979558,0.0072,0.016970955,0.0,0.009536000514039187,0.022137601141166325,0.0030515198869112735,0.002676266572426053,0.013086031348361348,0.07625920388099981,0.20093147525440824,0.0,0.01097402786811399,0.033577501473863465,0.20716595953353398,0.0,4.267555,0.33873343,3.9894989,0.02795618,0.0072,0.78679407,0.010538409492928167,0.04804990586602535,0.005281889736937273,0.009693717285445729,0.013899114752830429,0.25276243836844464,0.011699231736612047,0.06632271893470033,4.817137,0.54982406,9.193268,2.161773,0.026452327,0.0,0.69654,0.01663992348308497,0.4492837387971018,0.0014558680776995203,0.016413983732598374,0.009202841428560971,0.07603793082596956
0.011031282,0.020140696,0.0128,0.018973518,0.01,0.015900710894727534,0.07247093203503177,0.012008753366670273,0.004922547133383704,0.019540203005120473,0.4717406090153614,0.2110725025300196,0.0,0.017071434591327577,0.09915002106964656,0.21738486429546916,0.0,9.414644,0.6563679,8.855685,-0.011137968,0.018204466,0.0072,0.015583919,0.01,0.008949901057495071,0.02813306988798218,0.0023656929897834743,0.003759850928484211,0.012759898236288836,0.08061285827496839,0.21101595185097904,0.0,0.010662084016446714,0.03953111401590032,0.21709104181076475,0.0,4.542715,0.29739323,4.298285,0.025859134,0.0072,0.7809942,0.010098657399356852,0.05115918478578242,0.004496550229813829,0.010645215983710866,0.013487231185319479,0.433228792516052,0.011187875443796519,0.07268451231719879,4.9422092,0.4856212,9.4902935,1.9959525,0.024553062,0.01,0.68762505,0.026169323422837037,0.5197988076895153,0.011134243084662357,0.007677942990677068,0.01870952000097226,0.07310282408232616
0.010758793,0.019636545,0.0128,0.018704578,0.01,0.01489383520721308,0.08066506617420745,0.010817671078280501,0.013479519852262234,0.018873668861148097,0.6006578410140183,0.2108586848963944,0.0,0.016238630838845938,0.11270220090499743,0.2170815721734005,0.0,10.33485,0.6189276,9.816054,-0.011166723,0.0175375,0.008,0.015621949,0.01,0.008871200843574933,0.030019680621215992,0.002489968884583823,0.003649845145537495,0.01280882991066378,0.08868285492644486,0.21060107886451704,0.0,0.010377469445425913,0.0414422860275003,0.21672846909988405,0.0,5.1046233,0.29353744,4.8564825,0.025202718,0.0128,0.6774973,0.014718043614122461,0.051945256480319266,0.009277820025704613,0.007786965981164712,0.018418589282265613,0.5391354935001991,0.015934037561585502,0.07678752872352092,5.6260715,0.7912541,10.574778,2.2161565,0.024370197,0.01,0.6958353,0.02519382294291425,0.7036040117441165,0.010409085844284434,0.009082538428591164,0.017811326660105067,0.07901305358541866
0.010802284,0.01914926,0.0136,0.01811966,0.01,0.016449107826614774,0.08285960043649795,0.011561536069839668,0.011115382907028336,0.020186912985813796,0.760623043286046,0.2108638882820923,0.0,0.01772008472747239,0.1180202965461534,0.21726328484284552,0.0,10.808601,0.64349127,10.27849,-0.010919975,0.016710985,0.008,0.015152571,0.01,0.009606744009665772,0.030823600848165527,0.003152943852496537,0.009364718884533831,0.013526069485095786,0.1166824860245454,0.21073714364690735,0.0,0.011091426480854942,0.04567996985992108,0.21693689927801457,0.0,5.4571238,0.29494423,5.20736,0.024509426,0.012,0.68126744,0.014611625997566853,0.06000063844207301,0.008932116576536737,0.010423288667594146,0.018188657924515607,0.639662034861731,0.015793135310308525,0.08409524407442778,5.916315,0.72812724,11.22191,2.1558673,0.023620384,0.01,0.6964573,0.025997422562823613,0.8103608526111815,0.010537195123150411,0.009942636376109917,0.0183435977926009,0.08574152551265052
0.010746811,0.017762404,0.0144,0.017154405,0.01,0.01600274274202252,0.09547946612943843,0.011067946612943842,0.02160767967766304,0.01975916337033236,0.9960691238143206,0.21053051803577455,0.0,0.017243075103955015,0.13503999408785383,0.21678236781032284,0.0,11.518447,0.6053244,11.017626,-0.0106774,0.015540782,0.008,0.014678088,0.01,0.007736802382785026,0.039605203838423184,0.001540260453217934,0.010774026713929633,0.012262341267809415,0.4558995763456061,0.21008048405308286,0.0,0.009812605671811615,0.05291529603738819,0.21639460284670756,0.0,5.9854064,0.2453846,5.7864304,0.023223586,0.0144,0.6999983,0.015530879450747761,0.06483456398101067,0.009645337839713284,0.010800283906516302,0.01940976758977895,0.8022761781594961,0.01679302212511093,0.0927572826187935,6.3328524,0.7788237,12.010302,2.1013753,0.022576977,0.01,0.7077624,0.023882785316477424,0.9628083545209553,0.007035880259820147,0.01290067349513385,0.01707029248533608,0.09658208197055886
0.010655167,0.017410254,0.0144,0.01679338,0.02,0.01596080004273408,0.09698440023503736,0.010153760094014934,0.02235075201880299,0.02001671341468068,1.0635279491871625,0.2204873166172487,0.0,0.017450326564018907,0.1405849661534279,0.2268014300956771,0.0,11.856954,0.5901719,11.379874,-0.010342526,0.014974002,0.0096,0.014324662,0.01,0.009550743549981462,0.03954253418560289,0.0035885066229376663,0.009577014286020261,0.014322420883645418,0.5189931227025565,0.21011863437108108,0.0,0.011500661806461084,0.056652317530052114,0.21643951110313786,0.0,6.0199604,0.30358008,5.768341,0.022664122,0.0144,0.69479394,0.015538648225209317,0.06862717398430841,0.008993658247126996,0.011665202647326518,0.019623403799156492,0.8526756596812086,0.017103930535694735,0.09651813085279826,6.481241,0.75937355,12.331419,2.074323,0.022039168,0.01,0.70753676,0.024200474380715705,1.0581159709971353,0.007079970321082811,0.014485341245591563,0.0171792705374952,0.10239315828267719
0.010631424,0.015880717,0.0224,0.015317099,0.02,0.02493937789716183,0.11171360026861411,0.012525442793586807,0.02126272139679342,0.029693989039584583,1.2479289616385463,0.2202634808788844,0.0,0.026531485198060364,0.1701916831153436,0.22706555880220106,0.0,12.583775,0.84441376,11.922078,-0.009954315,0.013774116,0.0152,0.012860403,0.01,0.01591933442655868,0.03823866906908193,0.009717200411231761,0.0030206407815961235,0.021192881262544778,0.5839762708878551,0.21036849601690522,0.0,0.01829595608567447,0.05895723072729592,0.21681990619637495,0.0,6.575611,0.47876853,6.1758037,0.020278204,0.0152,0.74675,0.017426601415685763,0.07884736589147287,0.009810476630395942,0.013012773315268228,0.02205580752147321,1.0807673344187265,0.019063499878007543,0.12620529265846947,6.8508835,0.7426625,13.115568,1.9647673,0.019776663,0.01,0.7079552,0.025975372142093393,1.266851779975218,0.007704956636775792,0.019126556102688944,0.018225122792124255,0.1384085942652839
0.010472769,0.015373683,0.0224,0.014978706,0.03,0.023382639469487095,0.12327546489829036,0.01017131973474352,0.03302842631299141,0.027980626430510074,1.3019612528610203,0.22782592927890444,0.0,0.025030258682574004,0.2092723271767483,0.2364366789890018,0.0,13.058077,0.7761045,12.456737,-0.009592537,0.012832571,0.0152,0.012396586,0.01,0.014533997301291538,0.04773399783541525,0.008464799880669626,0.006813399221311721,0.019860299166794673,0.6943364791105189,,0.0,0.01639423685856077,0.06718271136729721,0.21624716600867708,0.0,6.7854795,0.40816507,6.443185,0.019443184,0.017599999999999998,0.7129127,0.018144305166976755,0.09454745727143424,0.010663758480506475,0.018171076652369954,0.02291142812329067,1.1447210055218477,0.019818714356204102,0.15106006228796323,7.1579437,0.770856,13.70417,1.9499098,0.018868092,0.01,0.7168501,0.02376773745298273,1.4366698852894442,0.005172214483826281,0.027323527020726976,0.01685590709005723,0.16599291150693699
0.010273283,0.015018426,0.0232,0.014823157,0.03,0.023868199445983375,0.13244853185595568,0.011609706371191169,0.0356291191135734,0.028626207873751357,1.3967540262458378,0.22697499640689628,0.0,0.025350280960592,0.20791327281265112,0.23631122789357092,0.0,13.194433,0.77787447,12.5926485,-0.009074225,0.012546166,0.016800000000000002,0.01198959,0.01,0.015215999473109742,0.050219999538167914,0.008752000042836652,0.005818666709503306,0.021250666139241047,0.7165519984177231,,0.0,0.017823270404589312,0.06470327048228121,0.21617026136279696,0.0,6.695616,0.43306264,6.3278112,0.019230865,0.016800000000000002,0.7107434,0.016846561853031745,0.09429901114790801,0.007115635912544621,0.02252212416623909,0.021945358434258697,1.2199938607211158,0.018642762800658238,0.14471515720485523,7.18398,0.69447404,13.817395,1.8640302,0.01858756,0.02,0.64927524,0.03339241802945836,,0.014154757562290784,0.020042824393541468,0.026518114454290826,0.17033521546571173
0.010104197,0.015076564,0.033600000000000005,0.014708215,0.03,0.034294399815327774,0.11818879963065558,0.020611839950754076,0.023623679901508154,0.039506560676012215,1.3205196820280365,0.22617720984577935,0.0,0.03608976008314035,0.20551807994456464,0.23627338672276402,0.0,13.213517,1.1363467,12.308401,-0.008591627,0.012179522,0.0128,0.011840939,0.01,0.01115724407136936,0.05401519629891409,0.005500758529846416,0.009001517059692859,0.017432479467831673,0.7116273560139514,,0.0,0.013983467881868727,0.07535866931967702,0.2161669354156902,0.0,6.591838,0.30909824,6.3330297,0.018585201,0.0232,0.63471013,0.023648512318103575,0.09594671509590263,0.014189725903355656,0.020977965166251993,0.028725075131727954,1.2804705035861033,0.025481516217058606,0.17169553986025596,7.2743464,0.97047156,13.758976,2.0650928,0.018182725,0.02,0.6424788,0.033792261258924726,1.439757548252109,0.014182634821300085,0.022341634270317823,0.026683931508316973,0.19023594408560227
0.010098871,0.015192838,0.0248,0.014864431,0.03,0.024967771582065187,0.1278581336914855,0.012277440107445636,0.031477440107445645,0.030118785729874937,1.4070484821623437,0.2259088217808138,0.0,0.026604805425063435,0.2198240266955232,0.2361246079610696,0.0,13.1487255,0.83078986,12.512104,-0.007941128,0.011992836,0.016800000000000002,0.011552214,0.01,0.015142798739802038,0.04472373170411739,0.009639176251365416,0.006224745055727645,0.02110851957428108,0.80865363116556,,0.0,0.01764330982300885,0.07015158446749563,0.21610579058489365,0.0,6.4595356,0.41732457,6.108428,0.018616335,0.0216,0.63649654,0.021547583417462237,0.09710040882789912,0.01282999935597163,0.018942006093601724,0.026432258365994585,1.2078244406220247,0.02322361153627462,0.15984478721319406,7.2067065,0.9025419,13.696841,2.009264,0.018241836,0.02,0.6349143,0.03272322889498319,1.4996227885020554,0.013752291758798945,0.020916280667439873,0.026332153561690178,0.17535569025052458
0.010032303,0.015481304,0.033600000000000005,0.014948751,0.03,0.033186742454221665,0.11115359858977587,0.01986047891658973,0.02358143674976916,0.03862954688155796,1.2407164804835054,0.22565394148324286,0.0,0.035020357085509796,0.18896285743805685,0.23604397231698382,0.0,13.126311,1.1450398,12.208769,-0.007097914,0.011613436,0.016,0.011144984,0.01,0.014143732999207532,0.04901559928235309,0.008135413085238087,0.00920623979952451,0.019714039434436427,0.8028731878781967,,0.0,0.01620970632363756,0.06306213255558919,0.21599135707172254,0.0,6.135329,0.36656845,5.8213263,0.018809304,0.0232,0.63449603,0.02260091086106622,0.09326219251354151,0.012271871781967366,0.016497418702124574,0.02795403491839702,1.1484700344839267,0.024510986963118833,0.1517722523256971,7.104197,0.9461085,13.438641,2.0380201,0.0182608,0.02,0.6235336,0.031911748230041684,1.4127646437847967,0.012978594899609206,0.022637206142837173,0.02601662570724855,0.17163563997640072
0.009842136,0.01633716,0.0224,0.016008753,0.03,0.023500000719502125,0.11812500125912868,0.010945001594896349,0.03272666879319511,0.028402858629828144,1.3031366684014662,0.22719273773464904,0.0,0.02495125524477876,0.19203190327840092,0.23643399641444784,0.0,13.331459,0.8163595,12.6917305,-0.006295748,0.011970805,0.016,0.011641499,0.01,0.015149200025701973,0.04372379951266675,0.009171808096741962,0.008259037950283123,0.020790193874843498,0.5511862714239933,,0.0,0.01780141760782244,0.06265177195922311,0.21629266182433676,0.0,5.7551184,0.4207384,5.40146,0.019719396,0.0224,0.5944052,0.023061397657012685,0.09050695900922351,0.013314483722909517,0.017257968146060565,0.02803540021983822,1.1647257055977522,0.02487283090364972,0.14017021743055064,7.1339145,1.0168954,13.443926,2.167571,0.019264331,0.02,0.5972981,0.03431049904143414,1.4027727530028742,0.014583605224985375,0.019491990074569886,0.02691649949624413,0.14791842846400224
0.009711884,0.01813164,0.0264,0.017328374,0.02,0.025416959623940236,0.08948479811970117,0.013468479811970155,0.013868479811970116,0.030035790765098224,1.1006163199865693,0.21636372940106768,0.0,0.026849456262345896,0.1361214657052482,0.2259364779676948,0.0,12.353223,1.0338815,11.4825,-0.0055214115,0.012819817,0.012,0.012509062,0.01,0.009289143103671812,0.039808000257019166,0.0034055999349418926,0.010948265575763094,0.014700800636123494,0.4295206404929637,,0.0,0.011812200386959012,0.05515490098712437,0.21569365355117853,0.0,5.071574,0.27520886,4.8310866,0.021260263,0.017599999999999998,0.6336453,0.01660831534300155,0.07960212701100763,0.009068424321593193,0.01908348664286303,0.021049859579840086,0.9525545124605327,0.017984003954596938,0.10936311293402262,6.478978,0.7947927,12.28544,2.042775,0.020722186,0.01,0.6480784,0.019605547506044232,1.0684873657448242,0.0037027126649329745,0.023838372203599367,0.015520747679904618,0.11805232435918869
0.009491984,0.018684385,0.0144,0.018045321,0.02,0.014811599812929444,0.09792079912700412,0.00429449589524047,0.02397449589524049,0.019050178615475033,1.0334261610005877,0.22011579991299096,0.0,0.01636352617323232,0.13745410418434462,0.22644050598855475,0.0,12.184692,0.5872885,11.6991825,-0.0048813475,0.013571195,0.010400000000000001,0.012917218,0.01,0.00873599942170572,0.0358079985221388,0.002940799209665556,0.009552639027438432,0.014133599656537444,0.09822293250658697,,0.0,0.011398892472265425,0.0479955696228156,0.21611091810732574,0.0,4.725335,0.27121034,4.497139,0.022560276,0.0144,0.59491086,0.014616325351064188,0.07159110006252269,0.007478687429905358,0.01391000993655889,0.018812116934930328,0.8667902062310113,0.01605042391282691,0.10164288853237928,6.369793,0.7116896,12.140195,2.0412002,0.022069553,0.01,0.6252449,0.021989835213650652,1.0271297173164669,0.0050848858502553895,0.016973289449375213,0.01642320516680968,0.1028714407434042
0.00951506,0.019770794,0.0144,0.019078474,0.01,0.01537708577664257,0.08615973362433196,0.01035194672486641,0.023927920087299593,0.01949188069056213,0.7811675227622485,0.21043002684040107,0.0,0.01667427310515882,0.12131409657738233,0.21662098726236542,0.0,11.657468,0.6552126,11.103835,-0.004268882,0.014698031,0.0096,0.01351067,0.01,0.008675800777485074,0.029967734369980084,0.0026675799697399726,0.0039351604767718295,0.013605480153559165,0.08166576110004499,,0.0,0.010712633781159867,0.03986021430095918,0.21625954044478882,0.0,4.1533384,0.25776383,3.9195762,0.023936447,0.0128,0.60704875,0.013470242264647776,0.06349398548428835,0.0074719217043648775,0.013355071179856452,0.01747603077475219,0.6838458583214334,0.014841230438588808,0.08996902887577597,5.9719715,0.6844186,11.353758,2.088961,0.023377903,0.01,0.6161834,0.022951659769581738,0.7787919120509441,0.0064588055725948125,0.013807603522821624,0.01680711487029683,0.08921233974128807
0.009418536,0.019201627,0.0224,0.018535936,0.02,0.02335593824458092,0.08381359858977587,0.011640906572651693,0.01544543943591035,0.027712106848727356,0.9670584230912209,0.22001953070750382,0.0,0.024619991820909126,0.12437328971151534,0.22652760718600537,0.0,12.118012,0.98083234,11.291002,-0.003790922,0.013060536,0.010400000000000001,0.012559618,0.01,0.00905440467776134,0.03452720233888068,0.004021088702228508,0.009305443680524321,0.014442560598626369,0.08747448109512464,,0.0,0.011626604927109792,0.04603990736395384,0.21620257802220155,0.0,4.206098,0.27212745,3.9727993,0.0224765,0.016,0.60115886,0.01671912280302672,0.067717699748586,0.00987729006530085,0.012528040840064621,0.02091606711101863,0.8236604101065139,0.01807715876147272,0.09801056108295655,6.186228,0.82107806,11.678984,2.1369123,0.021995142,0.01,0.60774523,0.023378108273736656,0.9546914079776099,0.0056510151069662125,0.017534819598094456,0.01677738758542887,0.10112157441677742
0.009316463,0.019081803,0.0152,0.018584754,0.02,0.015532933210218515,0.09319759926131117,0.0038397599261311374,0.030879519852262234,0.01991194218691576,0.9967662728112147,0.21917780252253796,0.0,0.016898122820953224,0.1323434296674208,0.22631798410918103,0.0,12.382292,0.6198152,11.866383,-0.0033544726,0.0128559945,0.008799999999999999,0.01242001,0.01,0.007487200122887497,0.036348798432178885,0.0012174402428837764,0.01217395219430701,0.012285568176957985,0.08791392039918376,,0.0,0.00972393960899526,0.048822526055990155,0.21602692984933997,0.0,4.0903754,0.19365725,3.9199238,0.022733236,0.017599999999999998,0.601058,0.017684158444859804,0.06759129273407025,0.009769106038628888,0.012024828653143471,0.02200707188983879,0.8261729224761973,0.01914032831810955,0.09097405630465913,6.262657,0.869889,11.774534,2.1878278,0.022021879,0.01,0.5992035,0.021619513657026346,1.0682817566277778,0.004784639336175047,0.018883801848219663,0.016310825101632603,0.1005390700389987
0.009355517,0.019930337,0.024,0.019282397,0.02,0.025665439771677984,0.07861813257226,0.019461813257226006,0.012992719885838994,0.029887532508119784,0.791912640868519,0.2204092889323458,0.0,0.02722595789976094,0.10708042802601361,0.22678197543940115,0.0,11.885465,1.1373177,10.915554,-0.0028994707,0.013560527,0.0096,0.012799872,0.01,0.009675839491100669,0.030259732672935982,0.003369480097025007,0.008911168155239993,0.014216879901529318,0.07330127937528175,0.21006084552156698,0.0,0.01164859811921333,0.04038504677242784,0.21645672088964474,0.0,3.714685,0.2606113,3.4864883,0.023691945,0.0144,0.57984895,0.0157814556650399,0.06342419058947703,0.008754040348321905,0.011899919373840624,0.020022324279741863,0.699805515147228,0.01737810170532407,0.08852267066705416,5.988999,0.78668785,11.30982,2.1811972,0.023121882,0.01,0.58666,0.02456069232068309,0.9069783854295669,0.006770450897393304,0.0146941988872128,0.017320651229400495,0.09024786890838514
0.009399675,0.017889107,0.024,0.017250042,0.02,0.02462683607670765,0.09184759842189205,0.012566346456252268,0.021699039368756813,0.02961015122601825,1.077645680517082,0.21865438310378668,0.0,0.0263930536744248,0.13011249324710042,0.22648524840189488,0.0,12.278997,0.9508851,11.474623,-0.0024560648,0.011609726,0.010400000000000001,0.011243313,0.01,0.009224799956627977,0.03841653385094207,0.0034024815266979203,0.010004963053395873,0.015011159946098676,0.10644464012738533,,0.0,0.011726470442701066,0.04967745037167611,0.21628999734345924,0.0,4.101738,0.24134274,3.8969643,0.020578526,0.017599999999999998,0.5790906,0.018114375276964027,0.07418263084361325,0.010548003064726617,0.015843955124729657,0.022934560922448784,0.9261048028413216,0.019890356926168622,0.1095015718730194,6.2608843,0.80844516,11.8338585,2.0534985,0.020087745,0.01,0.5940358,0.023941193443165358,1.1037904978179098,0.005240141686831307,0.0227886800696442,0.016811811431905143,0.11460402105357476
0.009222157,0.017400933,0.0584,0.017134655,0.06,0.02262793307031534,0.10358703936875681,0.01082940787375137,0.031473519684378407,0.027429396457651273,1.1549744536780548,0.2404011895468938,0.0,0.024012490976036315,0.14146248363094638,0.24768920184082432,0.0,12.551044,0.89767414,12.009838,-0.0022137219,0.011483338,0.0528,0.010824722,0.049999999999999996,0.014735599391719643,0.03260679817515903,0.008761357064833282,0.004240904709888838,0.020500895582866815,0.09176815922096289,0.2306509832784507,0.0,0.017520284548378368,0.04412028509038597,0.23725677907332193,0.0,4.1030135,0.40597802,3.8087234,0.02038777,0.0528,0.5983094,0.016728972341388728,0.07921929602468931,0.007015097961245374,0.019474616634844486,0.02150610768064553,1.0059669334001227,0.01819509938011215,0.10968913096182716,6.3408985,0.77660197,12.236246,1.9611887,0.020072768,0.049999999999999996,0.56957483,0.02733724430841683,1.2555224863018573,0.00909433266439713,0.020567717527328177,0.020047829299262004,0.1151017554169078
0.009279627,0.018009154,0.028,0.01745885,0.02,0.026172800134307044,0.09026560026861412,0.014461866756204745,0.022117120053722825,0.031339200761073334,1.0341568030442934,0.21523705505966845,0.0,0.02779112703586329,0.13432116224630158,0.2256948473551074,0.0,12.52808,1.0699521,11.633837,-0.0017893321,0.011290854,0.0128,0.011040394,0.01,0.009783199468825613,0.039074799203238454,0.0036633087022639303,0.011396641509130872,0.014929896965533273,0.08712731973923549,,0.0,0.011806947776815105,0.04982084294280275,0.21554245660975194,0.0,4.0128016,0.2531699,3.7964325,0.02063187,0.016,0.5723784,0.01410933929239468,0.08030997262944772,0.0060217456654942,0.021527242121745938,0.019085558670329694,0.8965117188013412,0.015741862755477495,0.1109344874364464,6.35238,0.6487308,12.16898,1.886072,0.020222867,0.02,0.52897996,0.02938665142787258,1.1279345005563333,0.012496282236837502,0.017466927568980307,0.025027850400123553,0.10948836870200174
0.009428299,0.018193329,0.0224,0.017576454,0.02,0.0236989994124066,0.0922639984330843,0.0122236800805842,0.023518400402921188,0.028407289291810047,0.9700656036262906,0.21857269070475396,0.0,0.02520954635836697,0.12554481984419202,0.22658693759757156,0.0,12.281329,0.91793454,11.518225,-0.0013830314,0.011348368,0.008799999999999999,0.010940211,0.01,0.008309599442909894,0.039147995453979574,0.0025259198645507693,0.011061371476303688,0.013952342779307538,0.09323319967972933,,0.0,0.011018501950682413,0.049373127483908257,0.21641976332215582,0.0,3.830523,0.18609142,3.6633186,0.020599812,0.0152,0.56333643,0.016438995536358244,0.0765778316849541,0.007625952107367767,0.019791020829610217,0.020988247505808428,0.9223155376073191,0.01801814471869848,0.10473465713936049,6.214567,0.70704365,11.834987,1.9771458,0.020193253,0.01,0.5725481,0.024740188144854968,1.0268531590973424,0.005560720722938796,0.02257065200022081,0.017218767654660357,0.1107957907035057
0.009315132,0.01941598,0.0216,0.01894112,0.02,0.022774999580290434,0.084399993284647,0.011933333333333303,0.023,0.027514285714285734,0.8343200000000001,0.22019863543342175,0.0,0.02411789745595202,0.12009937430412901,0.2266616126777502,0.0,12.0578785,0.9807844,11.226209,-0.0010108209,0.012483552,0.008,0.0118481275,0.01,0.007043999761721352,0.03236599948596029,0.0016680889252206725,0.0108709336246225,0.01270168895806205,0.07511520072126124,,0.0,0.01008865613061821,0.042248656130618234,0.2164328200567035,0.0,3.4347744,0.19431958,3.2726715,0.02255919,0.0136,0.54379714,0.014625713941174536,0.0695156868528494,0.007706298609321039,0.01591705199257442,0.01915494757363267,0.7831509192656861,0.016102744972857318,0.09412568755883619,6.0478234,0.70266664,11.504325,2.0621767,0.022191236,0.01,0.56321836,0.024339575223909265,0.8986696180138856,0.006051997431648601,0.017433551796660944,0.017106252582194798,0.09543756561900808
0.009311137,0.021195149,0.016,0.020391881,0.01,0.016658171745152366,0.07881440443213296,0.011641439771678004,0.020027626514452,0.020619218295606104,0.7133153097736367,0.21033475104638905,0.0,0.017907082019327347,0.10590311514495511,0.21655939666628743,0.0,11.587904,0.77757895,10.927981,-0.0006931082,0.013789188,0.0096,0.0127734365,0.01,0.00914599978113174,0.023913599632461906,0.002289199494394279,0.003982719040803441,0.01324693335427569,0.061607466847651296,,0.0,0.010573742124028014,0.033268710060371624,0.21616354227002318,0.0,3.133295,0.24513493,2.9141428,0.024613554,0.016,0.53333366,0.01649548003192617,0.058583714405667106,0.010489719951261713,0.010520575612395387,0.02044825920802041,0.631713654357613,0.017725739737625736,0.07953124400369464,5.7857647,0.9004454,10.788794,2.2883992,0.0240622,0.01,0.559604,0.022373483790510063,0.7669649768956639,0.005995389160000996,0.013479975083102091,0.01662606639598849,0.08207808958027209
0.009318238,0.022408484,0.0136,0.021538647,0.01,0.015199066006323618,0.06799719801897086,0.010719718458826492,0.014478873835305961,0.018923324622028212,0.5133456918852155,0.21069552708250033,0.0,0.01649546545265198,0.09191217211237601,0.2168400446898892,0.0,10.351714,0.7309873,9.721084,-0.0003413053,0.014944781,0.0096,0.0129132755,0.01,0.00976491440038967,0.02028860007650349,0.0032710875795155065,0.0025184802115056385,0.013599851421987752,0.04999895995413807,0.21044323421608307,0.0,0.011477719329564389,0.02858859615675068,0.21650007555881196,0.0,2.4161227,0.28024378,2.1582422,0.02572059,0.0136,0.513099,0.015099056505865972,0.05159278536261069,0.010036091881857327,0.010089256667434777,0.01869799027753852,0.40784096704548745,0.016329396833067996,0.07139949454529013,5.1023617,0.84306675,9.461774,2.302672,0.025113061,0.01,0.5400811,0.024188043812284336,0.5122518436046453,0.010125551007461125,0.010448180903628779,0.01738226165124658,0.06963617803480754
0.009436288,0.0247313,0.0112,0.023497554,0.01,0.015807095062390728,0.06118772881166233,0.011512057825205738,0.012516320658104589,0.019511397553833923,0.28224687920758834,0.21127017276060361,0.0,0.01713283009451866,0.08152377179585482,0.2180804654768113,0.0,9.387349,0.76583195,8.761155,3.8326376e-05,0.016304452,0.0056,0.014221925,0.0,0.009292113515442407,0.01972895886243195,0.001924895192290705,0.00307482511940714,0.012527539935781488,0.04232812773233974,0.20049107376641764,0.0,0.010444186688563195,0.024353493863407266,0.2073611421673046,0.0,1.8144403,0.24209787,1.6328568,0.028247567,0.0056,0.6152938,0.010139047124966829,0.04743836269813532,0.0050008536763322805,0.010701434692528345,0.013545955217701657,0.1438494127507554,0.011264779231468538,0.06219475484709634,4.3565187,0.49603507,8.350922,2.2046905,0.027435942,0.0,0.54494184,0.017458475296937195,0.22750304562551507,0.0017066318733407115,0.0150896839665621,0.011096534416293765,0.06850383008419726
0.009313799,0.025630428,0.0144,0.024418868,0.01,0.015820239738101236,0.05980239738101234,0.011632063625659795,0.00604048081927306,0.019431096943033074,0.22158572960631245,0.21079016624477928,0.0,0.01712109722778814,0.07922194455576319,0.21682704604258438,0.0,9.544233,0.8926354,8.753393,0.0002644357,0.016774062,0.0096,0.014116409,0.01,0.009896088882423737,0.018466200149794082,0.0027975420759872123,0.002328826252366048,0.01338261714582236,0.040878320457253925,0.21052723963149508,0.0,0.011330337435423825,0.021985019962963134,0.21652552005679737,0.0,1.7762914,0.31830248,1.4843205,0.02909014,0.0144,0.49267837,0.015799706517588358,0.04283125145886825,0.011168603274107135,0.004752066524942585,0.01915865355035135,0.15106543831966682,0.01697528948557947,0.05991740069469154,4.624646,1.0253264,8.328742,2.582068,0.028205568,0.01,0.5241566,0.02390946595292775,0.1792033012136013,0.010366335411844929,0.007737636974489341,0.017368857070126465,0.05965795744518189
0.009445607,0.02405629,0.0048,0.02321308,0.01,0.006748799778788362,0.06998591924788046,0.0026266092762270094,0.021336480147737764,0.010253013586598081,0.22445664265927975,0.21084149914761438,0.0,0.00803683146142216,0.08841178086453119,0.21693989917461418,0.0,8.927137,0.29891515,8.688375,0.0005547832,0.015787994,0.008799999999999999,0.013223103,0.01,0.009805266161038299,0.019212638951358992,0.002661579547645033,0.002276959597906716,0.01296947997196212,0.04150843975762845,0.21073217888388537,0.0,0.011004551108107307,0.02221365372591509,0.21673316474618295,0.0,1.6313494,0.28369084,1.3771795,0.02771575,0.0064,0.5510938,0.008233593864647082,0.0494392140768481,0.0030546425564372836,0.012477244173971141,0.011613183463827455,0.14440051987888994,0.00941506213286725,0.06449983703973683,4.229851,0.43692377,8.0917,2.0660555,0.026715117,0.01,0.51779693,0.024774834505533434,0.1629680340646349,0.0105742436794133,0.007781629974613879,0.01773278776586416,0.06027115337181694
0.009507516,0.02332869,0.0144,0.022387845,0.01,0.01574042608914633,0.061781278267438934,0.011420115229352178,0.012410633761437086,0.019213680133347726,0.2612957609334341,0.21071018770001634,0.0,0.01689567260844915,0.08153076173518645,0.21675332537242792,0.0,8.870885,0.8010463,8.152604,0.000784603,0.015326267,0.0096,0.012807757,0.01,0.009345066630969494,0.018617600822462707,0.002539154428596203,0.001643520442073263,0.01333056007357186,0.04132778663625269,0.21042206769367205,0.0,0.011110841080664432,0.022546978532319968,0.21649395811384592,0.0,1.553081,0.2775722,1.2949685,0.026603496,0.008,0.58230233,0.00923861815285036,0.0488688601946285,0.004116785135139389,0.011819600270909062,0.012600918013697537,0.1415651560933178,0.010341381048601033,0.0650940992058923,4.131533,0.4927979,7.8327665,2.034118,0.025792524,0.01,0.51964104,0.023559830666171067,0.18759367061681292,0.010165186580659836,0.00855230729703222,0.0172136677365026,0.06176717561974939
0.009519277,0.01954468,0.010400000000000001,0.018958872,0.01,0.015070222072992148,0.06775466577128628,0.010215466577128608,0.014723199865692939,0.019077200117518667,0.33021760094014935,0.21104920145488976,0.0,0.01655223218124406,0.08854174135933042,0.21803941900697918,0.0,7.694942,0.56781656,7.242494,0.00095598225,0.012719865,0.0056,0.011152173,0.0,0.008679201153371969,0.02064653354742716,0.0022626401293666734,0.002875168155239992,0.01325825596908053,0.04789127993313472,0.20054206648546205,0.0,0.010934778091988527,0.028891296342729463,0.20744685529338933,0.0,1.296012,0.19034368,1.151302,0.022361444,0.010400000000000001,0.5073508,0.015023115886964842,0.04876178500267289,0.009617602012207089,0.010248453096299579,0.01886462464580013,0.17198735795329426,0.0165066441286036,0.0674427590699367,3.6776655,0.6585183,6.821849,1.9994153,0.021366566,0.01,0.47930673,0.027551748747198984,0.3380029539915811,0.011717265702047683,0.009519583003803313,0.021519874547149057,0.06671159345607242
0.009519498,0.01876782,0.0144,0.018088816,0.01,0.016035630629758043,0.06983159909342736,0.010910880326813822,0.013166320490220762,0.020149480735331144,0.3740968844119869,0.21053568025674138,0.0,0.017410969356828718,0.09012376651241273,0.2168296346165163,0.0,7.8648067,0.65222156,7.2956414,0.0010406284,0.011475684,0.008,0.010399635,0.01,0.008395732399494545,0.022157439634518057,0.00217936002056158,0.003988205739568046,0.012607119898472229,0.050014239724326295,0.21039492331338927,0.0,0.010207960483739863,0.030809553053448027,0.21657689523259158,0.0,1.4842042,0.17996344,1.3209418,0.021472303,0.0144,0.50732386,0.01591266325428428,0.05097931691591865,0.01019275005778295,0.00873787771981766,0.019898326391525917,0.2519596929743367,0.01729933439934748,0.07002119685238431,3.7976515,0.74290985,6.934679,1.946943,0.020865226,0.01,0.5217747,0.02465703146653418,0.35715401101271,0.008693049399041471,0.010827716996498007,0.0174609630141633,0.07015427853800525
0.009441169,0.01729287,0.0152,0.016675998,0.01,0.015293199865692941,0.07277279946277176,0.010117279946277176,0.021317279946277176,0.01964785267548705,0.3925244169562663,0.2102041589561909,0.0,0.01677284806502489,0.0963049680566479,0.21641184772381508,0.0,7.5420556,0.5921474,7.0174913,0.0010652103,0.011219195,0.0096,0.010096764,0.01,0.00838605691035923,0.022234133307631347,0.0014702399922894075,0.0042702399922894055,0.012923474389112243,0.0515328640261646,,0.0,0.010265832944899102,0.030064582766351627,0.21608253921595602,0.0,1.5173675,0.18781501,1.3432055,0.019890402,0.0152,0.5167939,0.01517051981649988,0.053298121619247796,0.00941468969849684,0.011346275959950943,0.019424143867015527,0.2767248332721328,0.016689464249060117,0.07109157427242052,3.653423,0.6800332,6.6932325,1.8035765,0.019494448,0.01,0.5444296,0.021277703258838373,0.3681061270693076,0.005367857688713542,0.01317227053788955,0.016385727713353546,0.07383550086541756
0.009444276,0.01751166,0.0512,0.0167794,0.049999999999999996,0.015557672519707286,0.070983599429195,0.009837813257226026,0.014226879543355992,0.019915769178395205,0.37562096130277844,0.2308945938793839,0.0,0.01700155483854187,0.09430855225296615,0.23786823130952436,0.0,7.5633564,0.6092918,7.068749,0.0010965178,0.010840027,0.0464,0.0095552625,0.04,0.009394403392662117,0.021965733653983237,0.002775776560148188,0.002869721454732378,0.014013740084491475,0.049227480174155944,0.22086623298169808,0.0,0.011695108143392554,0.02861888474429589,0.22750613699304084,0.0,1.4407221,0.22208157,1.2394271,0.019843291,0.0512,0.4896496,0.015519051136534292,0.053489021420690175,0.009791348552781527,0.011375698157470308,0.01967204397105079,0.32376059014620784,0.01703484943742533,0.07247079658425826,3.6761205,0.6992999,6.7656703,1.7931763,0.019026943,0.049999999999999996,0.49097028,0.027416387542990535,0.41512324667143347,0.011162572080562469,0.010822507742624568,0.020903054959948902,0.07224615900280823
0.009416317,0.016984876,0.0128,0.016514456,0.01,0.015110400144638379,0.07214506729343295,0.009415681400378845,0.021809408158160258,0.019474851338873486,0.3006046729455217,0.2106036970317423,0.0,0.016565096639469538,0.09895401515397256,0.21702642558304605,0.0,7.407585,0.5162337,6.9478154,0.0010079294,0.010696708,0.0072,0.009458325,0.01,0.008340000369465724,0.022966666979016767,0.002030000388206554,0.0049799993574503555,0.012502499971606084,0.05147333327309436,0.21071224589519733,0.0,0.00993131214074806,0.030216832818837573,0.2168498409007573,0.0,1.3672075,0.16233484,1.2257442,0.019536346,0.0136,0.51681215,0.0158041697584963,0.05195926394138769,0.009858196855258166,0.011416545430475262,0.020011786085167887,0.21505560387953251,0.017215840148860663,0.07127826894802791,3.557849,0.64016926,6.539339,1.7893229,0.019031214,0.01,0.5201267,0.02559552751979801,0.4018160263437541,0.010087560047780926,0.012077755060446851,0.018080706123417157,0.07228781543222455
0.0095044095,0.016674887,0.0128,0.01615121,0.01,0.014491759926131135,0.07462939981532779,0.008937253308710388,0.02140587996306556,0.019001669340816173,0.42610584269285656,0.2104519302971752,0.0,0.015933595329996025,0.09640157212592791,0.21684326084103253,0.0,7.3451223,0.5029804,6.9086514,0.0008414202,0.010515357,0.0072,0.009402204,0.01,0.00804573293495255,0.02373720041123177,0.000827439760971538,0.004054879521943072,0.012123480020677016,0.05249392051660991,0.21038162028211105,0.0,0.00962359894634501,0.031729793520175235,0.2166457792533936,0.0,1.4400263,0.14309403,1.3129413,0.019292831,0.0128,0.5270297,0.014392927816335714,0.053934887834946106,0.007676645766089677,0.008759968869972557,0.01867293066907041,0.31983071893685744,0.015746491872097795,0.0744363388815492,3.5363562,0.57575214,6.5626135,1.6929265,0.01868858,0.01,0.52718073,0.024975394876203153,0.39560417488260896,0.007850260388141095,0.011465603625019324,0.017599904253837267,0.07351496636702627
0.009374156,0.016028503,0.017599999999999998,0.015527016,0.02,0.015899085512825102,0.07649359858977588,0.010289358515906996,0.021719144687875988,0.020241696701082855,0.4036042417527071,0.21628142092809685,0.0,0.017389782676697812,0.09812847904938728,0.22584657812381945,0.0,7.4564047,0.5767143,6.932284,0.00039662266,0.010612295,0.0112,0.009615094,0.01,0.007136265586827767,0.022869599277132627,0.0016202932967437393,0.004040586647818544,0.012849306544722869,0.05129861309769626,,0.0,0.009811763981626292,0.031694116240604794,0.21556899902116042,0.0,1.590302,0.17853682,1.4228652,0.01849154,0.017599999999999998,0.5220436,0.015810436003531412,0.05394495144738561,0.009726543954664884,0.011440824310975964,0.02002423917235915,0.3071928487354324,0.017281845137464325,0.07561336954998811,3.628117,0.6682546,6.642457,1.698334,0.017932177,0.01,0.5659196,0.019201221561481033,0.45259309528654923,0.0034677222872579704,0.01623305707132212,0.015171280142443278,0.07791965642225614
0.0093253385,0.016521113,0.0152,0.015797729,0.02,0.015064213324379535,0.07269079996642323,0.010118773328856424,0.02206252799462772,0.019385674344123117,0.40987125549120007,0.22022629361876483,0.0,0.016561711621888662,0.09976741736953973,0.2263523922090327,0.0,7.4792595,0.5503706,6.983098,-0.000277299,0.010938356,0.010400000000000001,0.010038557,0.01,0.009111199640172209,0.022233399897392956,0.0024693451305256983,0.002886680575161089,0.013413386661930827,0.0523602399619892,,0.0,0.011150728222734095,0.031017394682782678,0.21600735670424817,0.0,1.6239285,0.19299483,1.43075,0.01913944,0.0152,0.5292276,0.015051096198795768,0.0527143938777957,0.009635334760356638,0.010666565917485459,0.019197853986651806,0.32062791453712197,0.016491877411056795,0.07265126780793686,3.6379719,0.6341003,6.6897144,1.725063,0.018702414,0.01,0.56658274,0.020170984426316638,0.4054613160096308,0.005319271560244942,0.013105490502657066,0.016254380943446875,0.0750224106379153
0.009461139,0.017272899,0.0112,0.016638273,0.01,0.015190971687592175,0.07176840090657265,0.010313679845546903,0.015654726097540504,0.019474373989199465,0.3574231219675984,0.21089095024650353,0.0,0.016702219340142075,0.09392884985477973,0.21775596474265313,0.0,7.4754877,0.5108978,7.05943,-0.0012550188,0.011452261,0.0064,0.010032991,0.0,0.00907659994859605,0.023302133128074696,0.002916879680225338,0.0035506399794384092,0.013587359958004844,0.054311519807556774,0.20100233289185923,0.0,0.011416179484248959,0.03032426951576106,0.20747257786732995,0.0,1.7115893,0.19108947,1.5643284,0.020166647,0.0112,0.5423304,0.015127780704627091,0.052345162491669615,0.009399362143822417,0.009375690764933463,0.019242287256615965,0.3126415865534261,0.016644003612909092,0.07162615042613725,3.6431122,0.6028859,6.7877913,1.7966712,0.019249521,0.01,0.5269451,0.027226336980110233,0.4024511752976011,0.011083721739938355,0.010017014124335213,0.020358288357962877,0.07224785534135354
0.00939812,0.018667301,0.0136,0.017970545,0.01,0.015378628389154712,0.07230026581605528,0.010692032166540775,0.013092032166540752,0.019231040681303102,0.40150828949886674,0.21064393309899343,0.0,0.016817777331798928,0.09767110928988917,0.21686783877448843,0.0,7.983632,0.6092462,7.4481945,-0.0024651093,0.013010212,0.008,0.011512093,0.01,0.008811542938641696,0.02248080061684765,0.0016440401914797802,0.0035253869219730566,0.012798382275641052,0.05678544048239365,0.2104158644663548,0.0,0.010176377729944714,0.030913384411095653,0.21664287970711976,0.0,2.024664,0.21521525,1.844936,0.021926763,0.0136,0.55224717,0.015308861693605512,0.05082292847717484,0.00969407354646719,0.010794373249573457,0.019025208497350694,0.2414491426410814,0.016593249143175354,0.06947205614443676,3.9294949,0.72185355,7.2209015,1.9564233,0.021341713,0.01,0.5697452,0.024723696740435484,0.362536326967002,0.009876574550488612,0.010102957135105806,0.01752632932381893,0.07003273417626578
0.00941077,0.019764135,0.016,0.018969744,0.01,0.016204600016788393,0.06855173340048687,0.011978719813888802,0.013283679565740511,0.02011621010660624,0.3942918723411399,0.2104104999877613,0.0,0.01753023451044396,0.09144187608355184,0.21649536569052552,0.0,8.493659,0.7258372,7.843501,-0.0036879554,0.014349012,0.010400000000000001,0.013013227,0.01,0.009259840647690042,0.021949601619225087,0.002837480166339719,0.0034749604831973272,0.013309856526813156,0.05663285495991095,,0.0,0.011057892707368545,0.03124473209867781,0.2160551209118923,0.0,2.4552011,0.2702593,2.2001033,0.023350643,0.0152,0.57045555,0.015334686473961075,0.049517743529123796,0.010231630921478382,0.009369459005250852,0.019049869451789662,0.30619536909270406,0.016598275358808177,0.06945398027395078,4.2372885,0.8118949,7.736141,2.094155,0.023004243,0.01,0.60126746,0.020563530106913672,0.37606995460829773,0.006155585892447917,0.010073528432774018,0.01642080883974934,0.06951724518616999
0.009635551,0.020981684,0.0152,0.020014215,0.01,0.015177799882481304,0.0687111995299253,0.011025791924788064,0.012945791924788046,0.01896004020817595,0.34848032166540754,0.21041578103514133,0.0,0.016496074359988098,0.09101663205989893,0.21642719752512318,0.0,8.772473,0.7156054,8.126309,-0.004861636,0.0157546,0.0112,0.01423329,0.01,0.009993500215354289,0.020516000937050298,0.0033410673801334725,0.0027174015344857694,0.013782640220546954,0.057965280404420415,,0.0,0.011536355505065739,0.02977724476517025,0.21599395594918572,0.0,2.8115249,0.32964206,2.5084224,0.025040565,0.016,0.5773577,0.015905602013484895,0.04509262823926412,0.01069658843521247,0.005930207778295131,0.019506470424687315,0.18953481944156472,0.017094802926414014,0.06566401668195272,4.4425435,0.9092279,8.052221,2.2447603,0.02455922,0.01,0.6181761,0.01986848553775289,0.3596711370739085,0.0060390198793307094,0.009513582605721656,0.016268910753252184,0.06655792712923007
0.009800642,0.021371337,0.0136,0.020213034,0.01,0.015844715591547494,0.06452479811970116,0.011578880065661224,0.011536640196983689,0.019539285687903977,0.2990723213296399,0.210935653079467,0.0,0.017126803654694957,0.09150463471960193,0.21709003666126717,0.0,8.68882,0.71643645,8.055969,-0.0059469603,0.016492063,0.008,0.014214736,0.01,0.00851745458621126,0.02216400071751184,0.002577840119321354,0.003555679952965441,0.012600349943268703,0.06060139997439842,0.2107434502332649,0.0,0.010578862006362079,0.031125205024853327,0.21676122318418092,0.0,2.8078134,0.27359456,2.5680218,0.025796484,0.0064,0.65335,0.008477432628347242,0.0505542268996908,0.0030297446822928125,0.012770112050739954,0.011962011945943641,0.19970044803927436,0.009717976943214763,0.06856153083944316,4.3030515,0.40911892,8.26868,1.9319474,0.024710838,0.01,0.6129012,0.02521164557403921,0.33985695909136715,0.010704872181722962,0.008188948139350996,0.017950701450712786,0.06518675858629491
0.009928011,0.021243967,0.0128,0.020422947,0.01,0.015483704930924658,0.06634759842189206,0.011051806664987817,0.012629516662469566,0.01891642004532864,0.3301313603626291,0.21094229207288762,0.0,0.016744909049417313,0.09014290889728069,0.21719233188808246,0.0,8.687264,0.6937634,8.093246,-0.006975003,0.017056292,0.008,0.0145377815,0.01,0.009695261384705963,0.021539733208393294,0.0028567681411550893,0.003313536282310155,0.012910911592469666,0.059509115209149914,0.21093593115878045,0.0,0.010891224812227165,0.030397988866827274,0.2169528089903389,0.0,3.0293987,0.2979888,2.7719817,0.026323702,0.0064,0.6933723,0.008857056235783057,0.04913899088909834,0.003415439168992907,0.012167340179231058,0.012142071751181493,0.2177599933595493,0.009999452645657903,0.06752492783884033,4.308762,0.4313659,8.270017,1.9724299,0.025068782,0.01,0.6186253,0.02575864216932317,0.33727142580542957,0.010862206660149453,0.007890260925336087,0.018242684360792794,0.06479547591379989
0.010184968,0.021319857,0.0024,0.020343509,0.0,0.00667022169991701,0.07766399059850583,0.0027315191583424164,0.021095464562522735,0.010168228609802009,0.29038880013430707,0.2012224640523534,0.0,0.00787341380817411,0.09985820697692858,0.20787252069254714,0.0,8.481123,0.20035528,8.365292,-0.007868077,0.017717458,0.0064,0.015532894,0.0,0.009368800137791095,0.02182383951706047,0.0028567128668916665,0.003237308045503099,0.013001039678840198,0.060703638726647975,0.200708132380095,0.0,0.01070578345971844,0.03114490066210571,0.2072501473315396,0.0,3.0647643,0.2766589,2.8367996,0.026544543,0.004,0.67916965,0.007991189087642988,0.05141804157215792,0.0029408864152873776,0.012430654471674258,0.01131325658364244,0.20557667388547118,0.009162334688549071,0.06872453709055776,4.2621193,0.33126205,8.290482,1.9529685,0.02559549,0.0,0.6521048,0.01712215527868615,0.30992603187316836,0.0015665585089234214,0.014866942372241159,0.009902541434130257,0.0721302072779875
0.010209599,0.021295227,0.0048,0.020114731,0.01,0.0063984491731721846,0.07692919779512578,0.002412917876829215,0.004955014521950795,0.009985382787111302,0.34446511967318616,0.21087430077643135,0.0,0.007686020779694673,0.09982078441826993,0.21689479484829727,0.0,8.782347,0.25754598,8.578646,-0.008787355,0.018288877,0.008,0.015710073,0.01,0.007987821553415915,0.02285807877658549,0.001574012722482803,0.0037545222643449194,0.01185663011578049,0.06636271155946796,0.21052641896650257,0.0,0.009780122654224625,0.032226911801338305,0.2165807421252253,0.0,3.480804,0.26773843,3.233591,0.026830189,0.008,0.7500194,0.009324877680867167,0.04739927799490619,0.004012513298938211,0.010726046118556076,0.012600934849915712,0.19505271314571646,0.010553081500906319,0.0668393784870242,4.399265,0.49222523,8.366999,2.0145364,0.02552271,0.01,0.66306204,0.02402549006808442,0.34363838690603765,0.010406941599002479,0.007815472391385313,0.017380090285729323,0.06552658831507693
0.010368476,0.021247298,0.0064,0.02005349,0.01,0.006487649626458506,0.07596047880466718,0.0022861898507771,0.014060234030051202,0.010045621780128158,0.33662810890064077,0.21053142624482582,0.0,0.007720229399071605,0.09904877995684352,0.21645084156586147,0.0,8.817409,0.278231,8.574211,-0.009499775,0.01807367,0.010400000000000001,0.01637611,0.01,0.009238666103841296,0.02238699961447022,0.0027188428394982565,0.0034347927777420733,0.012714150071872656,0.06967546665470811,,0.0,0.0105764314723996,0.032470483650857,0.2159811546978077,0.0,3.7124834,0.33404836,3.3945389,0.02666613,0.008,0.6758954,0.007807109882523355,0.05128333710954484,0.0028655393178958093,0.01304032098139138,0.011232495661869507,0.24638376684390906,0.008956212900362196,0.07021989075634817,4.600696,0.4270564,8.814617,1.9579206,0.025890525,0.01,0.68479407,0.019741439887463415,0.3447954688118669,0.006427519102395465,0.008478932400926713,0.01623597926339677,0.06643050446575431
0.010832907,0.02133761,0.0008,0.020343509,0.0,0.006095999328464723,0.07415466465206078,0.002229659816154526,0.0045951915834242674,0.009605028648175449,0.3134176002686141,0.2012588487633975,0.0,0.00746110933863274,0.10142776537042902,0.20839321662731658,0.0,8.431417,0.14597286,8.390145,-0.009977273,0.018783074,0.0056,0.017048411,0.0,0.00979960028111509,0.022079040546423335,0.0029962765471185323,0.0029510047495042557,0.013289460532296743,0.06927712287883464,0.2004580871400632,0.0,0.011019797508691908,0.031838919995160475,0.20753704493711106,0.0,3.637,0.30362633,3.412746,0.0272836,0.004,0.74767864,0.009024473189698165,0.047950609756097565,0.004142224534078423,0.011362390970458698,0.01240279713171144,0.1918815057448018,0.010230665726967299,0.06666536266074179,4.327718,0.3875196,8.403924,2.0381153,0.026542544,0.0,0.69750184,0.017620069893544112,0.33492899567926915,0.0018254710494358761,0.01274150365876621,0.011824265793018967,0.06960890446934244
0.010699546,0.022580454,0.0064,0.02118694,0.01,0.006906399632630701,0.07580879375472173,0.0031424179374539563,0.003827250302189194,0.010365044530089745,0.3876679231092084,0.21070245068461402,0.0,0.008182521747033253,0.09834406959050636,0.21660342689563247,0.0,9.5348015,0.33015308,9.259428,-0.010561215,0.019714877,0.0096,0.017947745,0.01,0.009086399977969723,0.023203199897192057,0.002285850768189266,0.004000635695774167,0.012458377856152175,0.07088345768255208,0.21000286929294046,0.0,0.010370038352471285,0.033263422967495584,0.21615492703896816,0.0,4.30814,0.3593382,3.9846296,0.02867757,0.008,0.73051065,0.008270672805539971,0.049633097414049795,0.003270317454001088,0.012270683005317766,0.011598855237726094,0.31016067293753,0.009430165151086385,0.069980488318413,4.9882245,0.49995023,9.543503,2.1205087,0.027767032,0.01,0.70281595,0.020323918093952783,0.36398997894557744,0.007934323166045375,0.007694951999760485,0.016567904535022254,0.066063231205357
0.010677356,0.022602644,0.004,0.021022735,0.01,0.006293049609670106,0.07337219843868044,0.002422904696350224,0.003497756438236568,0.00986749038865105,0.3814699615546042,0.21104388151780643,0.0,0.007545638180108017,0.09955537181048607,0.21715314355593848,0.0,9.479772,0.25635016,9.2936,-0.010896784,0.020282354,0.008,0.017086675,0.01,0.008836719754610476,0.022313439707254856,0.0021993428002313065,0.002958685600462635,0.012552276024798812,0.07008524223595002,0.2108236217222158,0.0,0.010423969149396908,0.03231385355589384,0.21679470233388737,0.0,4.2201314,0.32917362,3.9272327,0.02867677,0.008,0.7856356,0.009988873476623257,0.04731207960675222,0.0047559837355157925,0.009733777983216648,0.013360069560450211,0.23265187708694612,0.011118213771174123,0.06707754249185248,4.8432055,0.566829,9.2045765,2.1848845,0.027090773,0.01,0.6824799,0.025226985309042504,0.40312055324526935,0.010900020833018189,0.007572723249384304,0.017953075926327597,0.06639964048146622
0.010666483,0.022613518,0.0056,0.021148996,0.01,0.0060218660846694085,0.07356399563502057,0.0021158142279882213,0.013821117028063367,0.009663911506570776,0.3622501357060914,0.21069776490020092,0.0,0.0072394731839408,0.10193552206349674,0.2166046374413895,0.0,9.731735,0.2831058,9.500741,-0.011100862,0.020022616,0.010400000000000001,0.017949369,0.01,0.009638743907252546,0.02243874390725255,0.0031163216787068447,0.00285356293773694,0.013173787258498895,0.0723281693760843,0.2100417260530297,0.0,0.011117925690529546,0.03314453194549862,0.21618150009091291,0.0,4.430702,0.39645427,4.068928,0.028659735,0.010400000000000001,0.77348405,0.010654426898107203,0.04711341425291447,0.005562601803451981,0.009547234830293131,0.01401849950947435,0.2766483623597242,0.011734004002978419,0.06541287811680123,5.029151,0.66496766,9.466437,2.2333634,0.027739141,0.01,0.7037447,0.020136204261291438,0.3948579931040631,0.008071408556734596,0.007735957986161608,0.01655989353163534,0.06632195449977657
0.010682682,0.021598782,0.0472,0.02048486,0.04,0.01538261024002968,0.07093479728028206,0.011431159013962315,0.01192898469459134,0.018960330479308323,0.44656528766893305,0.22145085226775726,0.0,0.01655287167548113,0.09814864893589957,0.23080548874880777,0.0,9.858994,0.7742631,9.257431,-0.011150722,0.019144848,0.041600000000000005,0.017878637,0.04,0.008582578725576422,0.02582160484159207,0.0020735137534828936,0.004604325644156006,0.012159828686540185,0.07911944290946477,0.2200323952087466,0.0,0.009757878168926709,0.03549453811233195,0.22892729975867332,0.0,4.692178,0.34245718,4.434761,0.027638951,0.041600000000000005,0.7651932,0.009402179908587821,0.05059930138793408,0.004250044805571633,0.011060026717143843,0.012886218699693563,0.39261122150293076,0.010567149051160959,0.06955950840733378,5.1804724,0.59367406,9.936974,2.108337,0.027189614,0.04,0.71756744,0.018823846324256335,0.47784609821245116,0.0032932014456657295,0.009802400284187622,0.014860149950736954,0.0702573135001095
0.010787861,0.019607477,0.0152,0.018595628,0.01,0.0160681499202552,0.07447259968102073,0.011903461794983331,0.0045380797448165925,0.019660194601335886,0.5934485448837405,0.2106804027526362,0.0,0.017336131437735502,0.10468485434528085,0.216629348979621,0.0,9.821048,0.7033053,9.208612,-0.0109856045,0.01758829,0.010400000000000001,0.015978854,0.01,0.00994151156232374,0.027936802030456852,0.0030534718241984134,0.003233679560496047,0.013508653152336318,0.08830312246996082,0.2100050950444022,0.0,0.011364719069324973,0.039576516435576206,0.21619000953959536,0.0,4.8378153,0.34378174,4.523118,0.025205199,0.010400000000000001,0.7723272,0.0109111150663402,0.05266039727338425,0.005598189132798735,0.009475126441030376,0.01439401619844466,0.4575232560110284,0.01206495057102311,0.07561616502993727,5.205276,0.5829713,9.899296,1.9970258,0.02451777,0.01,0.7098571,0.02160878845446547,0.5929530659212706,0.007715634565492877,0.008381229147034095,0.016707818985161535,0.07481315131955611
0.0108477725,0.019214721,0.012,0.018411456,0.01,0.016310258787977545,0.07791859984890456,0.012294986802466018,0.012351627074064746,0.019943370687484276,0.576773482749937,0.2111308479036069,0.0,0.01762711042081528,0.1081897729457071,0.21791714435812923,0.0,10.164103,0.61288744,9.668386,-0.010749755,0.017236486,0.0064,0.015195706,0.0,0.009243334502413564,0.029953335903531886,0.0027865009291860587,0.003697335514426538,0.013403112543360884,0.09887600420333992,0.20103702024756492,0.0,0.01101321439525782,0.04079435713668731,0.20741128061297864,0.0,5.070071,0.2754604,4.8550935,0.02483163,0.012,0.6859775,0.01611028365018892,0.05118251697204176,0.01083193230683869,0.006556488723517351,0.019658871446930515,0.5763672682508333,0.017283324466480964,0.07655885236817074,5.5382595,0.79445887,10.42044,2.245015,0.023614682,0.01,0.6766716,0.027226146622843006,0.6779955364080741,0.011566587529146589,0.00865695135241435,0.020251769389715832,0.07938306627724942
0.010706647,0.017469723,0.0144,0.016946046,0.01,0.016465546321945204,0.09272773160972608,0.011819664030890634,0.022865546769635408,0.020342705707286905,0.832684881390078,0.21067506900919336,0.0,0.01778417694535715,0.1294753154663095,0.21697155472207733,0.0,11.076984,0.62328565,10.568618,-0.010485149,0.015348531,0.008799999999999999,0.014383798,0.01,0.0093578676469112,0.034547207530651505,0.0028989441320051807,0.00932368011533743,0.013542080624182927,0.4093683226130317,0.21030773896471827,0.0,0.011067254430268758,0.05066901745452615,0.21656802904507644,0.0,5.6446185,0.2819571,5.4057546,0.02272689,0.0144,0.69402015,0.01608622556745472,0.062375609633592,0.010172758799662916,0.011821405669855407,0.01985438707759449,0.7843825796667407,0.01740367537200623,0.09253505482599524,6.0625734,0.7932551,11.457434,2.0956078,0.022227507,0.01,0.7037968,0.02484694747425685,0.8978513893917599,0.008946772108812909,0.012198361323696139,0.017519817216545733,0.09493403050550908
0.0104812,0.016474737,0.0152,0.015919995,0.02,0.015399691868611535,0.10806533143064999,0.00393959674305379,0.023879193486107616,0.019537527437558672,0.9974564009065728,0.219327314257156,0.0,0.016606989229421745,0.15674542999124141,0.2262873441798714,0.0,11.963461,0.53851736,11.52677,-0.010200367,0.014020169,0.010400000000000001,0.013690862,0.01,0.008484978184566854,0.04196480113088736,0.002678826061813288,0.011078826061813273,0.013368786201113108,0.5343641623118912,,0.0,0.01082462659186408,0.06188619363682702,0.21592656023135318,0.0,6.1643224,0.2605585,5.9398365,0.021335222,0.0152,0.68852365,0.015056678834324247,0.0726973463696188,0.007641360139812013,0.014199006442533359,0.019046494628733264,0.9947642563088109,0.01624140396638086,0.10864305539651205,6.5774,0.6864561,12.578882,1.929671,0.020749392,0.01,0.72057897,0.01994704284375068,1.1753011910609705,0.004387733679738517,0.017758263145188108,0.015982394072544606,0.11515745314318124
0.01044148,0.015404971,0.024,0.015018869,0.03,0.025305599884879668,0.11536959959707882,0.013243977119833108,0.027107839838831523,0.02975411305296734,1.2679852826324185,0.22922528725333233,0.0,0.02691277126835034,0.1790029878526006,0.23660664164967618,0.0,12.578228,0.8555409,11.905881,-0.009835345,0.012727518,0.016800000000000002,0.012416762,0.01,0.016461120606566876,0.043905603032834285,0.01062587503112345,0.006876224641417719,0.021492231432837888,0.6478300829287295,,0.0,0.018717878026731704,0.06350726750079722,0.21637052998496997,0.0,6.4947877,0.47850963,6.089182,0.019493,0.0144,0.6958403,0.015372659556274858,0.09150329769967994,0.007656268084522435,0.022490027690418614,0.019853888068710693,1.177543135044306,0.01701326513768313,0.13930546484654863,6.90867,0.6393566,13.314175,1.8331294,0.01912002,0.01,0.70681036,0.024330911180469882,1.36678965979561,0.005528801521890614,0.023796900086707942,0.017046697427545963,0.14467816086142313
0.010325206,0.015410297,0.0328,0.014806736,0.03,0.031315839838831516,0.11505279946277176,0.018387382811094723,0.02077055989255435,0.0358227915349245,1.3422410247628642,0.2251699680826064,0.0,0.03285326767673519,0.174879737224561,0.23566323423117058,0.0,12.854488,1.0856425,11.9866495,-0.009469395,0.0123615675,0.016,0.012152851,0.01,0.012460799993574528,0.052921599306046396,0.006754774357985798,0.013328646147914921,0.018126293008560286,0.6647915515071391,0.20003751204225587,0.0,0.014838910451557514,0.07167782130470811,0.2155225287981675,0.0,6.584301,0.36355937,6.272618,0.01932604,0.016800000000000002,0.69402033,0.014876453699955574,0.0902589353978605,0.005984590920819482,0.022268527155382366,0.019542886082639144,1.1783969383350696,0.016478166748569265,0.14948746546472597,7.0462656,0.63028604,13.58843,1.7834747,0.018737463,0.02,0.66731846,0.0292640342825613,1.4330584623149396,0.01254620551135389,0.019876222750706486,0.024859713710754648,0.15846631513289963
0.010328978,0.014740834,0.0328,0.014323668,0.03,0.03444925711407704,0.12608619994963485,0.019857239989926983,0.02380965331990263,0.03969562737252486,1.4220202154509078,0.22689877709358167,0.0,0.036176427243680837,0.2267939213741474,0.23660335070702107,0.0,13.314371,1.112801,12.457184,-0.009031556,0.0119237285,0.0128,0.011585145,0.01,0.012706560581892018,0.05664426759479268,0.006514062882350163,0.013142188952429907,0.018554880731863295,0.8262796819113697,,0.0,0.014933927279242152,0.07973392727924218,0.21643058811286353,0.0,6.7958035,0.31251457,6.5318937,0.018232146,0.0224,0.6394526,0.023715977000017027,0.10675236216774679,0.013492910759217148,0.021663618455339744,0.028911375878420586,1.2799349607406467,0.025528527826692654,0.17381533245920508,7.3695955,0.94520247,13.992874,2.0262084,0.017856205,0.02,0.6506249,0.03519904371754599,1.5334048222044676,0.014865906190103431,0.022169075308149714,0.02743140965767388,0.21337122680992585
0.010270841,0.014798971,0.0344,0.01443506,0.03,0.0348692999244523,0.1397543993956182,0.02115695995970791,0.030067719969780908,0.040348275089637994,1.510818962813733,0.22531331362600213,0.0,0.03630880502960021,0.2659509423322597,0.23611208550252386,0.0,13.867559,1.1362083,13.000164,-0.008545013,0.012016954,0.016800000000000002,0.01143255,0.01,0.015330879440211677,0.056654398252264995,0.006763626550151002,0.01027272016818703,0.02151684508309254,0.9429089574050686,0.2013587552709172,0.0,0.017544050550584733,0.08220417720790772,0.21617360717607118,0.0,7.091713,0.41498125,6.750346,0.01838612,0.0256,0.65535706,0.0257606029472794,0.10069269644450707,0.014707477828333414,0.018068403951866024,0.031082073695574034,1.3269371852753165,0.027349171717450098,0.1969694497232846,7.658306,1.0558518,14.492092,2.0639162,0.017977508,0.02,0.65818816,0.03351987658767491,,0.013051189197293454,0.024209583454288464,0.02636291876539282,0.23244420717472933
0.010080454,0.015100307,0.0344,0.0146432,0.03,0.03338552719336403,0.1325469330423347,0.019414693304233517,0.02464407991270041,0.03859890752399338,1.4269967225719802,0.22451839465847326,0.0,0.03480328751496786,0.2524065754496457,0.23572423538706672,0.0,13.879986,1.1192094,13.021023,-0.007928836,0.011980545,0.0184,0.011354395,0.01,0.01528813258467426,0.052176264216410716,0.008373151363568468,0.004532876694724665,0.021798979190448518,0.700797957980329,0.20175883894554084,0.0,0.017862390693017552,0.07652478138603507,0.21576185934151623,0.0,6.827918,0.42820716,6.4703174,0.01837648,0.0248,0.63746583,0.02361562292385979,0.10710913097217069,0.01362202674539767,0.023249801060479202,0.02866879450296551,1.3637818586771964,0.025116717133045675,0.18474177733088096,7.608879,0.98028606,14.444824,2.0404608,0.018075343,0.02,0.6543817,0.029882371207595498,,0.012171591777868826,0.025369671482804775,0.025367337499130897,0.21391512359813916
0.010016327,0.0150534855,0.0432,0.014583064,0.03,0.0431786658832088,0.12316799882481323,0.02862719952992529,0.018054399059850578,0.048632177583778684,1.5316979196508018,0.22504304489536966,0.0,0.04477661181420467,0.2231532227889893,0.23597833371388863,0.0,13.797549,1.4514629,12.657442,-0.007153804,0.011553373,0.016,0.010996794,0.01,0.014150742430831316,0.052363799629329924,0.007171033862365857,0.008790344620788622,0.020223226413591512,0.753556559657682,0.20083442574027607,0.0,0.0165310966750822,0.07518658005049322,0.216098300850292,0.0,6.5422106,0.3738469,6.2351656,0.018133592,0.024,0.63399065,0.023756745934174022,0.11029073073626587,0.012639357326794927,0.023302117676227665,0.029094400536113747,1.3618735110692288,0.025413249069840733,0.18552190256020137,7.495823,0.95952123,14.232758,2.012869,0.017811414,0.02,0.63210016,0.03265230025008123,1.5499898160639995,0.012713982128103539,0.02599840811648342,0.02612319098922747,0.2227264053043143
0.009765582,0.015858972,0.0328,0.015641512,0.03,0.03283418175713314,0.11989399983211617,0.01945879996642325,0.03091759993284647,0.0382796450562877,1.349543361101318,0.2245895334981177,0.0,0.03452047225616088,0.2225421266241881,0.2359495069489353,0.0,14.191419,1.1601397,13.303165,-0.0063667116,0.011809861,0.016800000000000002,0.0113970665,0.01,0.014785000095378382,0.05011333290496691,0.0077826687228255195,0.008049335257407371,0.020932999623004662,0.8005863997089253,0.20005896075486482,0.0,0.01733814780787443,0.07247629589314522,0.2160628044376852,0.0,6.375469,0.4112172,6.033407,0.019076506,0.024,0.5996746,0.023778200246268626,0.1046533242910607,0.01319116982146952,0.023894648146752732,0.029379923625185073,1.2951773895702432,0.02549750034742092,0.17172031084210146,7.656719,1.0237927,14.513742,2.1189806,0.018673193,0.02,0.61999905,0.03294890638010905,1.5032472991951076,0.012759350302752779,0.02658772045738096,0.026141114598464056,0.18724479728248666
0.009542132,0.016193371,0.036,0.015776206,0.03,0.03343815999328462,0.11263631998656928,0.02031907999664236,0.023119079996642325,0.03903586082430957,1.4205434432972381,0.22371327252043016,0.0,0.03533910946855726,0.20290421231180808,0.2352853000460309,0.0,13.894409,1.2219088,12.928937,-0.005616957,0.011523921,0.02,0.0109256,0.01,0.015917867163571738,0.046276800745357574,0.00955071426850327,0.00955071426850327,0.021879497211006675,0.6447260799736019,0.20227924905325223,0.0,0.01825813643067445,0.06625813378765179,0.215417497223046,0.0,5.8862624,0.4412745,5.5182266,0.019139187,0.0248,0.59402645,0.021979502102745435,0.09986561779080065,0.012127515800321818,0.023648092415871413,0.027511369777160188,1.2725952076659517,0.024063137692588724,0.1561481988273116,7.4043827,0.9749484,14.0336,2.0853302,0.018892316,0.02,0.6142493,0.029199977997503408,1.4274108485753285,0.0110839414340051,0.02572942188528651,0.024319859841851397,0.16903801726105117
0.009537471,0.01630898,0.036,0.015976135,0.03,0.03559977167799885,0.1062661339153306,0.023386560116399415,0.020626613391533058,0.04072964123226725,1.3316592824645346,0.22571172406859757,0.0,0.03726707249156584,0.1623784534991604,0.23599556006328504,0.0,13.143623,1.3162383,12.071417,-0.0049525434,0.011903089,0.017599999999999998,0.01125375,0.01,0.015110266872282545,0.040620533744565104,0.009630332312140718,0.0044530807582873685,0.021278986664429657,0.6078369601007196,,0.0,0.01735882317314113,0.05278235271170104,0.21590825101470185,0.0,5.3729367,0.411878,5.012553,0.019568779,0.017599999999999998,0.6538784,0.016803280468111005,0.09006706387863136,0.006802617680340973,0.022283493350852942,0.021964452421817257,1.1415377980702388,0.01839057349113209,0.13413034517067535,6.850345,0.7182815,13.117075,1.8992156,0.018957812,0.02,0.5847959,0.03118800267165888,1.3714915778420618,0.013323961149660305,0.020869926539410596,0.02590362413457882,0.14632446905645427
0.009530372,0.0005613994,-0.33840000000000003,0.00011316761,-0.36,0.052884800134307054,0.0020080002238450994,0.00010120003357676524,0.0004048001343070591,0.060621600604381765,0.004443201208763535,,0.0,0.06007941243556027,0.002186274957040179,0.025364176982399192,0.002079400572091555,-0.13668804,0.0,-0.07877294,-0.0043050596,0.0008197916,0.7632,0.00016117576,0.76,1.0076280015099917,0.001107000270071373,9.426673422349268e-05,0.00028280010802854915,1.1632,0.00454520124594328,,,1.1632,0.0012938188116189153,1.0913108363673043,,0.039773155,0.016428567,-0.016645342,0.00084757677,0.7632,1.8275554,1.0072267337345902,0.0011244681654185363,9.671554771284719e-05,0.0003457213262220499,1.1632,0.0016381899156842742,1.1632,0.0012840696882459068,0.03659043,0.028922629,0.018907167,0.009912813,0.00019945059,0.49,-2.2577016,0.8657452632143448,0.026819067224074428,0.0007804057462662684,0.0015036625756842715,0.7122698510866183,0.009504960276311302
0.0095044095,0.017784372,0.0216,0.017393835,0.02,0.022847054478301015,0.09742939981532779,0.011805879963065582,0.02561175992613111,0.02766796504285703,1.1546116853857131,0.21980852488030037,0.0,0.024288342314334296,0.13933005267580556,0.2266026100034577,0.0,12.4869175,0.8899685,11.760649,-0.003728075,0.012186015,0.008799999999999999,0.011763946,0.01,0.00840752040095099,0.040412534001584954,0.0022007522001283634,0.011335841911794237,0.013385298013363219,0.10446768233582622,,0.0,0.010457611090549471,0.05168641626315135,0.21636978721325265,0.0,4.4476285,0.21343069,4.2736983,0.020958548,0.0136,0.5868869,0.014621715736276747,0.07824260190921525,0.006853748113441316,0.021416687416241764,0.019273017331097982,0.9694296243604033,0.01612925545127632,0.1133365732456278,6.4302173,0.65026706,12.332806,1.9342481,0.020661535,0.01,0.60573256,0.024379684735998525,1.1569695451647581,0.0055636638221164955,0.021542171765841025,0.01707536093950388,0.11503827702202926
0.009360177,0.019259986,0.016,0.018718556,0.02,0.015416971135973926,0.08955939897590869,0.00828751918072694,0.02428751918072693,0.01994433448562686,0.9505876793418955,0.21798197477099363,0.0,0.016925987719109026,0.12629293192631713,0.22615372907516054,0.0,12.201334,0.6564437,11.654137,-0.003285596,0.012903072,0.012,0.012564488,0.01,0.010255599820086081,0.0333111996401722,0.0038604471817015105,0.009350372798768446,0.01485779534029166,0.08137338617408131,,0.0,0.012027288589846103,0.04146822166171322,0.2157965318624423,0.0,4.0503707,0.27822703,3.7996793,0.022990875,0.016,0.5776961,0.015163915717891904,0.06800167774780592,0.00822252198924507,0.014178533248284393,0.019614438290151432,0.8263600497298812,0.016616031710864763,0.09476821817224097,6.2166133,0.7710038,11.772831,2.0966022,0.022155378,0.01,0.6029901,0.019805426428286168,0.9193090106678358,0.004159144042614642,0.018930962272400972,0.015823000739775852,0.09919821836890055
0.009377928,0.019464131,0.024,0.018762939,0.02,0.024742977699432005,0.08137359858977587,0.012908679929488789,0.014217359858977586,0.029392707014745792,0.8791562420884748,0.22015318955361898,0.0,0.026253902865362354,0.11863878290372001,0.22656083997602036,0.0,12.161839,1.0867201,11.244295,-0.0028229416,0.013020184,0.0096,0.01240795,0.01,0.008914400225695316,0.03205760124654379,0.0026971740972524458,0.010245761742594615,0.013607893340205054,0.08054122662957731,,0.0,0.01096909194073387,0.043191820881680186,0.216284645336512,0.0,3.91343,0.2478751,3.7054095,0.022727454,0.0144,0.5792231,0.015027984056219428,0.06956029223744292,0.00821228703941856,0.014445763619474363,0.019502504332716535,0.7558328250691181,0.01654273975857054,0.09186299113341095,6.160104,0.74814576,11.69542,2.0899873,0.022206642,0.01,0.59287715,0.023507234336265267,0.963008223862074,0.006015082470752304,0.01746655704607187,0.016866640402725893,0.09790881358438032
0.009739842,0.000573826,-0.188,0.00015222188,-0.21,0.212,0.0006896007163043175,8.275208595650839e-05,0.00013792014326086344,0.212,0.002123843868043314,,0.0,0.212,0.0010154647409531526,0.19,0.0,-0.29179293,0.0,-0.22566766,-0.0023292117,0.00058324594,0.3712,0.00014262268,-0.39,0.7650059997008131,0.0006706664672087505,0.00010059998270635333,0.00013413329344175013,0.7708071997091126,0.0012071997091126683,,0.0,0.7704478841320916,0.0008478841320916139,0.01,0.00887537629370078,-0.13508612,-0.021252032,-0.21648549,0.00083506247,1.5728,2.7073388,1.9682207978468598,0.0014317675043658753,0.00016851077700011954,0.0002212437173457643,1.9690995145028751,0.003707275111704152,1.9685694344669633,0.0032558694502396197,0.10393734,0.118318215,0.012696996,0.025345923,0.00039558156,1.53,-2.9618216,1.8113338307865703,,0.2742471375393174,0.0030690357943223582,1.575681238778672,
0.009294052,0.019215163,0.0232,0.01859829,0.02,0.025176856974973315,0.08223799882481324,0.013863799882481317,0.02012759976496264,0.029669680248468056,0.8039742006211702,0.22035557890836552,0.0,0.026652869614244856,0.11431631293907507,0.22690472580396476,0.0,11.834984,1.0589544,10.940295,-0.0020694756,0.012614578,0.0072,0.011877115,0.01,0.007103200052688999,0.032905333161986766,0.0016781339661251877,0.011375801580672107,0.012552879824841103,0.07678575966574595,0.21023956458223433,0.0,0.009562943578000431,0.043507358945001115,0.21663087579923343,0.0,3.5800629,0.17682417,3.4277,0.022610098,0.0128,0.5734492,0.014497808788311703,0.07046900140761618,0.00701619312686289,0.01391319771397469,0.019038204774059566,0.7683614369630274,0.016064290112434355,0.09243270240621049,5.942049,0.6675348,11.326078,2.0363545,0.02197753,0.01,0.57093716,0.02537443121918095,0.8977529616838721,0.007149607286855684,0.01681776203012462,0.017694849474154496,0.09665508427814146
0.00928917,0.020218581,0.024,0.01955289,0.02,0.023952906572651728,0.08009359858977587,0.018115743943591042,0.01579290657265172,0.028308344936688445,0.8189361613923165,0.21969230891062225,0.0,0.025611077474583865,0.1096516948503958,0.2263157235112205,0.0,11.799925,1.1032735,10.84488,-0.0017478209,0.013568412,0.010400000000000001,0.0126315085,0.01,0.008301600751783053,0.028721280664652814,0.002670160075178319,0.003160213486831096,0.013496270701649065,0.07012575976900363,,0.0,0.01085351109608705,0.03967491523903493,0.2159560563776937,0.0,3.5184922,0.24860229,3.2979484,0.023657067,0.016,0.56372005,0.01578877355752147,0.06330519939272777,0.009682656772350947,0.01238053899759205,0.02006235423629296,0.6431970613434643,0.017396451274542778,0.08882088890890626,5.927105,0.82896274,11.137657,2.185198,0.022988116,0.01,0.5817416,0.02098267212256758,0.8541967559758605,0.004869709683388877,0.016436821868046073,0.016248947880691488,0.09132977546238247
0.009241463,0.020488184,0.0504,0.020000013,0.049999999999999996,0.015216599932846474,0.08213279946277176,0.00858655922101907,0.024293279610509526,0.01947720529393664,0.785386026469683,0.23094782773754868,0.0,0.01663490232432441,0.1165967851135138,0.2380806495229233,0.0,11.809352,0.70988524,11.356239,-0.0013554343,0.013523886,0.045599999999999995,0.012081426,0.04,0.008442133529667717,0.028690559836535637,0.0025061120187109733,0.004710187222399218,0.013452276250091018,0.06959167963310453,0.2210589238602452,0.0,0.011168626667183799,0.03854509726208672,0.22765610453956997,0.0,3.3726227,0.265808,3.1731825,0.024111534,0.0512,0.55533195,0.01584800091691113,0.06067513415066953,0.00917203332528379,0.012131575080931127,0.020051558509679306,0.6701481103328198,0.01723539791028079,0.08445230401940008,5.9064198,0.8726766,11.201624,2.2198956,0.023185516,0.049999999999999996,0.53039366,0.027662765745523857,0.8290275623388201,0.011197959160846552,0.013014752535205783,0.02142379475854156,0.08740952045054337
0.009273637,0.02200929,0.016,0.02103294,0.01,0.015903306080192487,0.07175826520048126,0.010967476874003205,0.013534953748006373,0.019926830101569704,0.6071073204062788,0.21028313594617637,0.0,0.017426418284743204,0.09871701941691857,0.21638944474569566,0.0,10.907677,0.7869993,10.222458,-0.0009925001,0.014668347,0.010400000000000001,0.013369668,0.01,0.009000159834093802,0.022450199943174574,0.0021314510934231745,0.0038600809612542534,0.013152858227940987,0.0558814398705265,,0.0,0.01087716126920791,0.030657204437276108,0.21598379629865552,0.0,2.8497887,0.26637393,2.6065183,0.025584778,0.016800000000000002,0.53503764,0.016628908877306732,0.051849665788289735,0.01087106578962239,0.0091735083667357,0.02050202470678337,0.46066563407916444,0.017978997716258712,0.07102879690002702,5.418177,0.9619407,9.97968,2.3491974,0.024922533,0.01,0.56622374,0.019955001531141506,0.6024186011765804,0.005406280897301059,0.011787507606296032,0.01622545101579078,0.0747761740586022
0.009278297,0.023336012,0.0152,0.022581562,0.01,0.01710172575735487,0.06343319734743558,0.012951659195836464,0.011606636783345923,0.020531708138909064,0.39171951918072695,0.21081237084909007,0.0,0.01818018796539286,0.08318804507954775,0.21689137619305848,0.0,9.792532,0.8706311,9.016781,-0.00062237657,0.016037526,0.008799999999999999,0.013333491,0.01,0.009215500081071559,0.019631000548174057,0.0022129607836522606,0.002483100938321382,0.012918320031227904,0.04779160043050826,0.21066879197064164,0.0,0.010761906163215963,0.02374857513440773,0.21667002193585388,0.0,2.2006812,0.27428102,1.9504535,0.027228773,0.008799999999999999,0.62981087,0.010496143334883619,0.04765653850059613,0.0052871122784128146,0.010778659186535764,0.013822837700759738,0.16779018839731843,0.011585284685528132,0.0664154943438736,4.6049547,0.57248414,8.710156,2.1336935,0.026224203,0.01,0.53337467,0.024474846204066907,0.38516434893173945,0.010482135708177793,0.008803317230314023,0.01758600875972853,0.0652641390451517
0.009260988,0.024019012,0.004,0.023202429,0.01,0.006893013010996401,0.07104879879123646,0.0026653662080385857,0.021383806383593107,0.010444757917121343,0.3567571229189401,0.21100992684956035,0.0,0.008261550456906843,0.09085544197360237,0.2172560695361181,0.0,9.606364,0.2789821,9.401554,-0.00032159322,0.016432464,0.008,0.0134037575,0.01,0.009668639667288061,0.019017279444837113,0.0024196109595894084,0.0024171595921018683,0.013288251408803218,0.04510887996403733,0.21106263181429544,0.0,0.010989636661870828,0.022809324977116078,0.21704852181086368,0.0,2.0897136,0.28139403,1.8452837,0.02792369,0.008,0.62917453,0.010682529142706973,0.046718182465309274,0.00557287631648428,0.010119374933087368,0.014125856393583035,0.1629561228523486,0.0119806317310316,0.061508711516693584,4.498313,0.5811466,8.508682,2.2022517,0.026795773,0.01,0.52385175,0.025974562775545492,0.34534013535348274,0.011072987602319628,0.007826729487036495,0.018556917443162603,0.06261818621037096
0.009423194,0.025188187,0.0136,0.023981068,0.01,0.016821599756126668,0.05907013178880214,0.012410804990844735,0.00394052043985562,0.020252936455972485,0.23021957637314974,0.21108282218629623,0.0,0.018000271273124147,0.07800207976061832,0.21735549432951023,0.0,9.349519,0.8703055,8.580868,8.865019e-05,0.016949847,0.0072,0.013902591,0.0,0.009341244778173314,0.018011867340450453,0.0020993605744388786,0.002707853892342219,0.012578010010213029,0.042556020070625186,0.20091375971438577,0.0,0.010594406879518601,0.02270241069183481,0.2071224201002928,0.0,1.8050476,0.2730788,1.5812576,0.0292223,0.0064,0.60905826,0.009447488340142446,0.045653502059504816,0.004319814703127894,0.010344219169476884,0.012758401390635252,0.13870592370677723,0.010589081666261563,0.060997919553699334,4.3505077,0.49331152,8.297138,2.1977737,0.027422108,0.01,0.5063594,0.02631898145948135,0.15930978028972936,0.011386097905396256,0.0073274536339080765,0.018896290135535024,0.059962858952879027
0.009427856,0.023852143,0.0152,0.022884673,0.01,0.01652597860806636,0.059898398388315295,0.012324920003357692,0.011866240017907604,0.02006991061667677,0.21186282682783514,0.2107354511408946,0.0,0.017694789912474924,0.07917915964989973,0.21674757414452162,0.0,8.84703,0.8702815,8.058852,0.0003843316,0.015842494,0.0096,0.01330079,0.01,0.009462799588768212,0.018125597066772685,0.002636692588738606,0.0019550379706167785,0.013167089133459148,0.041590719875988,0.210431286636717,0.0,0.01112746956840383,0.02267307212809498,0.21648188861225784,0.0,1.5936648,0.29566652,1.3244207,0.0276664,0.008,0.58436525,0.009123574189914916,0.047853163389778415,0.003933831573501402,0.011400662698334741,0.012586264740281922,0.13817323952376967,0.010266569313963237,0.06232008010154611,4.129076,0.51386726,7.8124075,2.0837288,0.026469212,0.01,0.5264884,0.023396343521071613,0.16415735753475424,0.010215945905021256,0.008224521320710929,0.01719343986340256,0.06118161639027058
0.009335547,0.023722555,0.0152,0.022781713,0.01,0.015345399563502043,0.061308797672010966,0.01103886768817515,0.012276319986569294,0.01895263997313859,0.29798250650549823,0.21046008766164584,0.0,0.016638209708960176,0.08194519689404871,0.21646357713950143,0.0,9.147478,0.82203746,8.402126,0.0005199971,0.015358967,0.0096,0.013499073,0.01,0.008870228529400628,0.020196638980786948,0.001624579506903865,0.003849157759674871,0.01201543273355087,0.043073952102782156,,0.0,0.009943957903541696,0.023545884925395943,0.21606986769631073,0.0,1.76516,0.25808835,1.5249044,0.02706116,0.0096,0.6035453,0.009606924635946963,0.04762447809620897,0.004669888013998252,0.012194155353209953,0.013036583652514401,0.1350575388005455,0.010846287456757591,0.06243937126531252,4.2666116,0.5644114,8.027638,2.0900648,0.026480773,0.01,0.53491604,0.01994640424350635,0.19895265922372035,0.006805129898881077,0.008860581141991002,0.01640821939384651,0.061373860711233345
0.009425415,0.021968462,0.0128,0.021298332,0.01,0.015900149416603702,0.06266706511094322,0.011344046738856696,0.012777209626938155,0.019547026721508702,0.3137643206581046,0.21094526021099907,0.0,0.017207273469178518,0.08404364081507114,0.21733276989880465,0.0,8.498097,0.7240213,7.8721266,0.0007725439,0.0142947445,0.008,0.011651006,0.0,0.009418667259239828,0.0192853337474206,0.0027328001509991737,0.0019541337359977725,0.013482971436898333,0.04175231996376023,0.20111804646438614,0.0,0.01135422600295674,0.022985565317072687,0.20716366744640533,0.0,1.539862,0.24358577,1.3239567,0.0250763,0.0128,0.5031568,0.015813894043615984,0.044595439220033076,0.010745224729707252,0.007171778481884556,0.019266528294415,0.17038483293103487,0.01706818262622528,0.06258519173628924,4.0936975,0.8274499,7.4613156,2.256801,0.024259053,0.01,0.49922472,0.026364059965213398,0.30521943445570443,0.010993986144900703,0.00833810611255052,0.018775972714446428,0.06359159887371008
0.009332218,0.019731738,0.0152,0.018986164,0.01,0.01630295385131949,0.06713840006715353,0.011485535734072029,0.012678459833795013,0.020368101951267908,0.358449121463947,0.21050981236450436,0.0,0.017571005539672797,0.09136804431738241,0.21668921428111682,0.0,8.0563,0.6947485,7.4276657,0.0008625238,0.01234951,0.0096,0.011134317,0.01,0.009625199566681023,0.021300798367923923,0.0028401068774229314,0.004330079495278274,0.013428287903771843,0.04897071986705258,0.21013681069050538,0.0,0.011122670576155952,0.029419563848321128,0.21636503444121846,0.0,1.5333687,0.23567496,1.3234928,0.022514282,0.016,0.5024407,0.016997713767983393,0.048417451936776115,0.011590970921085228,0.0060383101781760805,0.02095002916695412,0.18627057312711373,0.018290602483452812,0.0663761978763748,3.8995192,0.84586084,7.0266366,2.087385,0.022010166,0.01,0.530392,0.02353853853818805,0.3494834426534243,0.007770936402789133,0.010485364717911758,0.017052425659295736,0.06783075223121642
0.009397234,0.018002497,0.0136,0.017403375,0.01,0.014918544905107502,0.07310133131872744,0.009740114304900998,0.02098080013430705,0.018847466800973732,0.38694240040292116,0.21044722630500412,0.0,0.016261021558936547,0.09262714981702348,0.2167042301844038,0.0,7.6987143,0.56675154,7.197227,0.00091447093,0.011253981,0.0096,0.010182571,0.01,0.00950559991486225,0.0217055998200861,0.003469497971954206,0.005364479856068881,0.014046719945811675,0.04908031950780698,0.21023320814197424,0.0,0.01143510926299291,0.029426958506739577,0.21649039878793408,0.0,1.5521531,0.2220444,1.3566556,0.02069643,0.0136,0.51592666,0.014775476839613656,0.05283951678551659,0.008877680786095698,0.010358192611215865,0.018667268740140845,0.2763187860200246,0.016135824155305453,0.07060018036276172,3.7311795,0.65526706,6.877758,1.8353872,0.020163389,0.01,0.5293853,0.024017358648447385,0.3781664245617942,0.007506606429601703,0.011433718625759887,0.017156722494568302,0.07185451951434166
0.009463581,0.017825201,0.0128,0.017408036,0.01,0.014822066090265524,0.07103309913539829,0.009413239989926978,0.022426479979853937,0.018928972279797743,0.397276639637371,0.21058380464720788,0.0,0.01631624410391887,0.09422309780398162,0.2169552023115007,0.0,7.721679,0.5561943,7.2368355,0.0009552865,0.011329119,0.008,0.010113928,0.01,0.007976320118229114,0.02211360009852428,0.0024684799520230173,0.0043081600591145675,0.013093360057683821,0.050186720025019255,0.21045657466561388,0.0,0.010645396278232556,0.030602855087445383,0.21668492775027925,0.0,1.5138886,0.18126963,1.3515539,0.020483823,0.012,0.52605975,0.013960314886354809,0.053016977782043284,0.008023917562656515,0.01234855091418945,0.017907718486704062,0.2740446746788929,0.015318859195084179,0.07177875881999056,3.7189085,0.5964375,6.9128838,1.803046,0.020132838,0.01,0.5263257,0.0252872594746146,0.3987714066354349,0.009310498837558896,0.011380486763847803,0.017751704113859644,0.07141195588068681
0.0094768945,0.018033784,0.0152,0.017199451,0.01,0.015801527132315366,0.07105419961386722,0.010201119897031277,0.014101679845546881,0.0198858536612664,0.3686100813117323,0.21033820587323562,0.0,0.01718307596280297,0.0925969099458293,0.2165349004158992,0.0,7.764285,0.6180063,7.209765,0.0009246748,0.011475684,0.010400000000000001,0.010311511,0.01,0.009096800102807947,0.02069680010280794,0.003023488016449255,0.0026391466940821158,0.013925696013223661,0.05061423999684749,,0.0,0.011378252446430951,0.02871194142440164,0.21619096961431758,0.0,1.5097144,0.21753244,1.303549,0.020661782,0.0152,0.50986856,0.015671726901400142,0.05174144799765035,0.009735014952315714,0.010466254625216527,0.019603388876576037,0.3389908901620251,0.01706552492351707,0.07073837183375117,3.7567854,0.70793575,6.867726,1.8647374,0.020053638,0.01,0.5400706,0.02245715251591669,0.36640710357958134,0.00612959048252911,0.012206733695068504,0.016677693090690438,0.07182624888637439
0.009536585,0.018750733,0.0136,0.018009597,0.01,0.015057257018143446,0.07060079912700411,0.00942406393016031,0.014760159825400814,0.01914483719788982,0.35881381392876127,0.2105070307930662,0.0,0.016447480009432455,0.0911549067106849,0.21680632593164412,0.0,7.8915424,0.5985112,7.369863,0.00088409113,0.011748174,0.008799999999999999,0.010463409,0.01,0.009154533784009891,0.021675314576631747,0.0024263599563066236,0.005226360706562226,0.01346808731110632,0.050474480343522754,0.21033486314966915,0.0,0.010939359104892766,0.02920903839565989,0.21655797001805693,0.0,1.5302379,0.20667918,1.345408,0.021648884,0.0136,0.523391,0.014940311981895866,0.05141984881509994,0.00895755022341882,0.010010251819653874,0.018898901980480515,0.2596144596816263,0.016369971688129772,0.06782815241591074,3.7999701,0.689383,6.989763,1.9050208,0.020828553,0.01,0.5263248,0.02456118353337992,0.37524125533148894,0.008230110002369884,0.011376689199598233,0.01735357548008942,0.06957365820388556
0.009417869,0.017870912,0.0152,0.017285103,0.01,0.0159024667729931,0.07000986709197235,0.010621480063795844,0.020442960127591697,0.020131107417666955,0.36559465780240075,0.21034338736475255,0.0,0.01734545534165959,0.09345455112726771,0.21655973327561273,0.0,7.8040066,0.61866885,7.2481546,0.00067236007,0.011727999,0.0096,0.010350473,0.01,0.00851440034055131,0.021219199892908536,0.002211440034055113,0.00302288006811026,0.013268639979572299,0.05081184000931696,,0.0,0.010924693502252556,0.02954816201503753,0.21625602609813613,0.0,1.5753438,0.2033657,1.3851802,0.020433314,0.0136,0.5172807,0.014280871436313918,0.05341229334436463,0.008376260999915348,0.012481171554198913,0.018358645590508694,0.3444733742546794,0.015689031339100802,0.07161103275886864,3.7810116,0.63113,6.9872766,1.8133777,0.020147135,0.01,0.5395431,0.022835572226593468,0.3723412120145663,0.006343705390185193,0.01179673876807312,0.016782466224986903,0.07173493163633232
0.009476672,0.01714642,0.0112,0.016711501,0.01,0.015001599780224797,0.07340586586082432,0.009352703244013674,0.015127252459144829,0.019127168773608674,0.42167168773608665,0.2108234740523916,0.0,0.016350181028654015,0.09707617579607598,0.21754296879081356,0.0,7.329258,0.4921078,6.915642,0.00026165278,0.011095124,0.0064,0.009592367,0.0,0.008245733676918462,0.022694880333354216,0.0024758132536571793,0.003884959840647691,0.013211740104461932,0.050964640329734835,0.2011113210568863,0.0,0.010358806960652191,0.03139403463783235,0.20732535363888702,0.0,1.5007861,0.16512518,1.3609459,0.019875443,0.0112,0.53022414,0.01482482606596027,0.051741368949711604,0.00886469538692554,0.011923028346221458,0.018866628142529134,0.27107251318232106,0.016161066201072848,0.07288426362565421,3.540946,0.57325494,6.591484,1.7685788,0.01922282,0.01,0.5168956,0.026848413464383682,0.39564466427918643,0.010818861043262943,0.010201292037297386,0.019568606073300503,0.07092439999468814
0.009378151,0.018354423,0.0144,0.017475711,0.01,0.015490215343290129,0.07074319986569294,0.009478186183161234,0.012908639637370939,0.01987300576800853,0.4183555201880299,0.2104525357014346,0.0,0.016958336423534504,0.09342918608842118,0.2166999537827223,0.0,8.018023,0.60639626,7.483251,-0.0005757633,0.011816587,0.008799999999999999,0.010670968,0.01,0.008787733727430441,0.022921066363240858,0.002575263882876152,0.003038160059114567,0.012996251549629642,0.05194344017302644,0.21024895911268082,0.0,0.010648592190081536,0.030790644614905077,0.21646027243316782,0.0,1.8656915,0.20530634,1.6824851,0.021166002,0.0144,0.5213143,0.015427949714423631,0.05174005009221601,0.009362594696901805,0.00826330484146695,0.019470228121673608,0.31431977534518823,0.016822552695757897,0.07072879106830048,3.941052,0.70616674,7.2515945,1.8917235,0.020476084,0.01,0.54818964,0.023902501086399894,0.41523103074037065,0.0075607091224966895,0.010592043565702114,0.01714703207585501,0.07166372468128955
0.009443167,0.019509843,0.0128,0.018901844,0.01,0.014866964314811775,0.06958459833795014,0.010009668573347244,0.014555893337810233,0.018840608008058417,0.39900304004029213,0.2106818972507805,0.0,0.016180335165251882,0.09257489693325284,0.21694088995808974,0.0,8.41666,0.609984,7.889656,-0.0015548744,0.013375466,0.008799999999999999,0.011650078,0.01,0.009767599752016121,0.02134079868919874,0.002953520375328935,0.0025427203409796725,0.013585343968592178,0.051926719857675406,0.21059743053166033,0.0,0.011379468961846396,0.029906619240696843,0.21673134676511516,0.0,2.038694,0.24833149,1.8218609,0.022836046,0.0128,0.54650885,0.014785688094181614,0.05051736198521556,0.009334340677382398,0.010114099667114532,0.018583844408446702,0.29736295324953,0.015991934711361136,0.0691068472177608,4.125125,0.715761,7.6231976,2.0141964,0.022203693,0.01,0.552352,0.025060577944647944,0.3903259580621837,0.01017927301418311,0.009597430546497972,0.017773187286856142,0.06900293918978789
0.009640211,0.019978488,0.0136,0.018953325,0.01,0.015901749769159736,0.06774266543551861,0.011200699907663876,0.01200186642043706,0.019950026671143588,0.3642834666890512,0.21079187465607135,0.0,0.017343134965631,0.09016518863830068,0.21710452434435984,0.0,8.337666,0.66321427,7.760289,-0.0026214146,0.013862239,0.008,0.0119281355,0.01,0.009403999543790495,0.02123142844357445,0.0023927990747285095,0.003352799074728522,0.013119555597003955,0.05242533335921379,0.2107631157994865,0.0,0.011038000797582482,0.03035085871847878,0.21689980254571342,0.0,2.0726686,0.23645237,1.8678946,0.023429263,0.0136,0.54963523,0.015938803188666906,0.04817580491405025,0.01020912976749255,0.005685712648070309,0.01967219131791071,0.27758275947307354,0.017184917914598235,0.06720995762072465,4.0961833,0.78414696,7.5011125,2.0873973,0.022394393,0.01,0.561716,0.025672358332081868,0.35612388275499474,0.01047967380866929,0.009059212776891154,0.018174157998946824,0.0679796597062627
0.0094768945,0.020696547,0.0144,0.019897718,0.01,0.01553445323036458,0.06673893281848961,0.010984671938218754,0.013323359691093767,0.019194390245949808,0.3717775609837992,0.21061081264205864,0.0,0.016795851542208584,0.09102672493506753,0.21667380968052946,0.0,8.852912,0.70454603,8.229603,-0.0039235726,0.015048443,0.008799999999999999,0.013443646,0.01,0.008518666602411712,0.022651999935745036,0.0019403428227861693,0.005191199675513733,0.012320133596666892,0.05504160251718567,0.21019071376111412,0.0,0.010003660828741021,0.03147154759480231,0.21633798941155472,0.0,2.550282,0.25239852,2.3230133,0.024703858,0.0136,0.58575505,0.014471690039476562,0.0480770893188579,0.009136261190761571,0.007323332064732707,0.018069405025274772,0.30190139253770654,0.015761994535177064,0.06650423543516765,4.3934774,0.7893432,8.079914,2.1439817,0.024013555,0.01,0.59418756,0.022775357776477916,0.3692800656526136,0.008617801274604063,0.009193654526770838,0.016935062444474056,0.0677212436483328
0.009665063,0.02039743,0.0136,0.019549785,0.01,0.014861533338929438,0.06957946668905118,0.010510768001343058,0.013784613335571782,0.0186912751224153,0.3469845634181147,0.21070395348296916,0.0,0.016278018017232172,0.09304256727290357,0.2167813998583228,0.0,8.738192,0.6634616,8.152827,-0.005118125,0.015315368,0.008799999999999999,0.013719848,0.01,0.008804685561057386,0.02208655978924372,0.0022733124718884484,0.0041665623594422645,0.012645367417646002,0.061033013830202355,0.2102387309208728,0.0,0.010624587471412542,0.03209834966016826,0.21641870501158608,0.0,2.7853193,0.26033524,2.5508611,0.024566779,0.0136,0.5911772,0.01474310042861921,0.0471633848561596,0.009578814312936675,0.008174769812683945,0.018276296083172702,0.21987114668545468,0.01602358512311571,0.06617853229869727,4.4037786,0.79418784,8.095479,2.149658,0.02388364,0.01,0.6119265,0.023610349964772438,0.3886140725732701,0.00963018106113175,0.008840648237204343,0.01716600673242027,0.06719443416444955
0.009825052,0.020681234,0.0152,0.019602817,0.01,0.016210099890875518,0.06888079912700411,0.011790257589747898,0.012256159153865518,0.019862375246175817,0.38687029273342843,0.21062955795837326,0.0,0.017403755090380946,0.09133276730729517,0.2166764583340209,0.0,8.823286,0.72849786,8.171574,-0.0061955643,0.015928993,0.0096,0.014296369,0.01,0.009449942801673841,0.02202992027578186,0.0028983201120175183,0.0036633061767595764,0.012919025289598858,0.060527319580435376,0.21019089055119636,0.0,0.010786954405591223,0.031167385250085278,0.21630185089487175,0.0,3.0336902,0.2935217,2.764214,0.024821626,0.0152,0.58593726,0.016054313898950113,0.04799223832588409,0.011161393783936819,0.006107410687711388,0.019483331937306184,0.2495952648161076,0.017222205663570685,0.06461459032616691,4.5145407,0.8852209,8.225239,2.233881,0.024262244,0.01,0.63012207,0.022456575163708123,0.3861712273523105,0.008611243660913103,0.009098836319895715,0.016877957762254495,0.06759006604276233
0.010023205,0.020483082,0.0128,0.019573305,0.01,0.015003146590559345,0.0702617997145975,0.010953887954335596,0.012692359942919498,0.018637497475746796,0.32063124116511377,0.210894855630956,0.0,0.016289281940044475,0.0921868884068594,0.21707088479074094,0.0,8.38249,0.6561087,7.8113275,-0.007184647,0.016686168,0.008799999999999999,0.014302165,0.01,0.009951289025966162,0.02143232024673906,0.0032926938723603595,0.0026731897081906718,0.01357405832497907,0.061805437851958724,0.21074397182115406,0.0,0.011270158168237095,0.029992935103527362,0.21677649625765155,0.0,3.1263359,0.31146172,2.8526855,0.02508616,0.0128,0.61545783,0.014874633142608853,0.04775474303076509,0.009675439392708858,0.0076991508877083045,0.01833103037919045,0.18155780966666965,0.01608396293353244,0.06912955645493973,4.324658,0.8065792,7.9372725,2.2003603,0.024241827,0.01,0.63103265,0.025199051402014307,0.3541130921373237,0.010631496555582345,0.008271782756838895,0.017903168398931583,0.06740914567499699
0.01021914,0.02073094,0.012,0.01983004,0.01,0.01526004197095608,0.06854815948963318,0.011343210632642195,0.013024693248272197,0.018779495547850137,0.3301778140406838,0.21108794728817704,0.0,0.0163793592866969,0.09442259732511332,0.21739979873441462,0.0,8.499096,0.6474562,7.9459076,-0.008096041,0.017365657,0.0072,0.014573497,0.0,0.009082326758156886,0.02197639839603869,0.0025984261303169205,0.0033952791878172576,0.012789379586163203,0.06287669098089087,0.20112076314609867,0.0,0.010625778186207345,0.03155585271377738,0.20720067578381024,0.0,3.2726688,0.28672177,3.0368195,0.025954122,0.0072,0.73298424,0.010142223459996876,0.0493838287724128,0.00485823972489984,0.010576923096402778,0.013592431830153281,0.19837941019897068,0.011285611656470792,0.06673460137679021,4.253039,0.49772114,8.102063,2.00237,0.024576372,0.01,0.63195515,0.026360667178556837,0.3483371928534977,0.011285677577414575,0.007372129016108857,0.01884052440332937,0.06603659399190255
0.010273282,0.020122055,0.0136,0.019198963,0.01,0.015608564840189411,0.06787280114161001,0.011901302730510497,0.012813639889196676,0.01911659326193335,0.3500910427264333,0.2109209953553313,0.0,0.016658691133535467,0.09146302630743486,0.2169852918904159,0.0,8.554127,0.6706988,7.96144,-0.008976593,0.01731858,0.008,0.015082996,0.01,0.008588639722418566,0.02311439953736426,0.0018581061920366665,0.004309727430444002,0.012333673841129393,0.06993775939375563,0.210585827577786,0.0,0.01005613897192984,0.0326824522294533,0.21664899962468123,0.0,3.4773283,0.27589858,3.2356815,0.025472837,0.008,0.74760485,0.00968767231793563,0.048707083645797435,0.00420473034502852,0.010257416001743251,0.0130968704808231,0.2619410587386559,0.010768785791018535,0.06704487685181534,4.3185444,0.48382464,8.219603,1.94665,0.024415098,0.01,0.66590786,0.024592618840505624,0.367581237573929,0.010522668787092045,0.007791137980245992,0.01761994071964388,0.06685665488763534
0.010495624,0.020787302,0.0024,0.019509174,0.01,0.006074666517436616,0.0780479991046196,0.0021157332885642973,0.004462933154257249,0.009635657277164183,0.30452480047007474,0.21118561628463997,0.0,0.007271705182860296,0.10064909430858823,0.2176564375594924,0.0,8.476685,0.18491122,8.367067,-0.009607148,0.01783318,0.0064,0.015379605,0.0,0.008989800749773623,0.022759203081013132,0.0023007379040030627,0.003917281586669236,0.012555541491466057,0.0701665621118979,0.2010042302147924,0.0,0.01045729974372921,0.032324698343255166,0.20727451596913835,0.0,3.4584298,0.26677498,3.2399735,0.02598609,0.0064,0.7563328,0.009941689911838738,0.04848199150403442,0.004919977824961598,0.01048356392791811,0.013288381520012946,0.2110880631042611,0.011007727270231636,0.06697854974666416,4.269479,0.46460715,8.173573,2.0052,0.024765706,0.0,0.67002314,0.01678608644394238,0.3505765982200867,0.0014949841635642257,0.016807208101590376,0.009450102249120462,0.0757566195191099
0.010649175,0.021743238,0.004,0.02067813,0.01,0.006443910573882885,0.07799519516494587,0.002506504602814857,0.004639027616889107,0.009975136271300243,0.3665513627130026,0.21100430461901698,0.0,0.00770745428626119,0.10050145333588566,0.21713830439230736,0.0,9.072258,0.23443739,8.891634,-0.010240719,0.01939438,0.008,0.016495544,0.01,0.00909040030842384,0.022326000919647322,0.002464534544182425,0.003345202724410457,0.01273484477531756,0.07070680203045686,0.21087353902567685,0.0,0.010536424621008336,0.03219426493319842,0.21684918470348855,0.0,3.9259553,0.32956824,3.6407099,0.027915802,0.0072,0.76230705,0.009319940658979111,0.04805517155999861,0.004204630946739417,0.010742603887278232,0.012756877948666989,0.2387419107196448,0.010431865755182571,0.0668424340886259,4.636348,0.4955861,8.855146,2.098455,0.026451617,0.01,0.67335457,0.02530690292259827,0.3554182904704445,0.010899205837476913,0.007286675553667327,0.018042442549542625,0.06589154218411988
0.01056308,0.021718385,0.0072,0.020533452,0.01,0.006233385825009099,0.0787503936875682,0.0022060134642827053,0.004515033660706792,0.00961088000826503,0.3841414401074456,0.21020033976821903,0.0,0.007441635803578493,0.10254777006699793,0.2161659692806883,0.0,9.349404,0.2872732,9.09267,-0.010815153,0.019389048,0.012,0.017904842,0.01,0.00948856013577065,0.021555085780376532,0.003172138461136865,0.0030538724630763433,0.013340828845922624,0.0699980296241759,,0.0,0.011119963927284607,0.03271984347062019,0.21563000259771148,0.0,4.240307,0.392102,3.8713431,0.028137567,0.010400000000000001,0.74890685,0.009024421902318546,0.04868627452492894,0.0038124688232536305,0.010771550695515364,0.012418478986139781,0.23901288232545667,0.01015332702435744,0.06666173808287434,4.8673916,0.5508943,9.229531,2.0940871,0.02724346,0.01,0.71711934,0.019138880938881046,0.3569588082570171,0.004149288438706975,0.008885205439174985,0.015423953005287813,0.06645717000160492
0.010715523,0.022009736,0.0048,0.020523027,0.01,0.0065971287915821,0.07723779736422395,0.002513093466090686,0.0031814593386352502,0.01010881092364084,0.31267738795153754,0.2109217553107798,0.0,0.007830531868813205,0.0997595208849123,0.21694713505101185,0.0,9.096555,0.2704786,8.883311,-0.011080687,0.019422673,0.008,0.016927356,0.01,0.008675201725244051,0.02348032210961558,0.0021429045079446496,0.003975041444451582,0.012050241136669547,0.07244057880871298,0.21061287768103898,0.0,0.010050442291032777,0.03435309493018529,0.21662534755548446,0.0,4.090844,0.3140609,3.8144112,0.027893962,0.0072,0.7416685,0.008783076193288525,0.04967846417146392,0.003594378192555723,0.011578743279413174,0.012020301367222192,0.2181676564584062,0.009920190910744623,0.06898220115901024,4.73536,0.48143438,9.061992,2.0765045,0.026603194,0.01,0.68968004,0.024249689340427382,0.3688332101514214,0.01053392674062664,0.007317185893399742,0.01749532658545917,0.06658166655330354
0.010934091,0.021680217,0.004,0.020224573,0.01,0.006443322808308949,0.07805439883600548,0.0027027200537228053,0.0034163203223369354,0.010019584386804354,0.345493765802065,0.21106892003981947,0.0,0.00783630168749528,0.10130428217185496,0.21718642754721265,0.0,9.155247,0.23771782,8.972404,-0.011216585,0.019558571,0.008,0.016627269,0.01,0.009133800988521443,0.022711734680900906,0.002486759943455627,0.0031646974662125934,0.012972825871990017,0.07076168380132364,0.21088875113107144,0.0,0.01075875677309764,0.034032954848903396,0.21693310910448818,0.0,4.339913,0.34343526,4.055131,0.02751312,0.008,0.7907509,0.010280005482162914,0.04820004774090059,0.00513703421665623,0.010151149274641844,0.013580477682106585,0.2663302803203401,0.01147625193843869,0.06768540987827366,4.7620783,0.5580304,9.057496,2.1289747,0.026182042,0.01,0.68809116,0.025540072919370188,0.42440942313667274,0.010999385820433432,0.0074676497526435645,0.01817899202977095,0.06769593667002549
0.01091634,0.020921329,0.0056,0.019896165,0.01,0.007166305518933859,0.08011359691093763,0.003245696007163042,0.0030475733512409387,0.010762880056882976,0.4846844804835054,0.21082888225499627,0.0,0.008432833034916438,0.10671938719785994,0.2168516106487372,0.0,9.810507,0.2909549,9.575962,-0.011164636,0.019042809,0.008799999999999999,0.01694637,0.01,0.009076800855304192,0.026045603170969725,0.0024375833751287246,0.0035230418299813664,0.012649656944962862,0.08356104221551114,0.21035143701352055,0.0,0.010449963374631032,0.03912476238715079,0.21648652319959563,0.0,4.6977425,0.3281807,4.4080906,0.026918812,0.008,0.7677161,0.0092695515778757,0.05114058654892644,0.004093860087916118,0.012845870815104613,0.012711403620297733,0.3878901070347879,0.010472042770271446,0.07274401662699619,5.1605997,0.49834108,9.895144,2.0586593,0.026134972,0.01,0.70550364,0.023687115870358256,0.5127416129473522,0.010140182223396365,0.008424956302392844,0.017232744179154196,0.07109990246569783
0.010585492,0.018256567,0.048,0.017608628,0.049999999999999996,0.015001333445255843,0.08422000167883824,0.010896999916058121,0.01585466633089902,0.018675111596108854,0.7310190010912448,0.2314663684872931,0.0,0.016172310816812842,0.11400205845202922,0.23951256282567474,0.0,10.203375,0.63076437,9.766017,-0.011178087,0.016853144,0.044,0.015605484,0.04,0.009467200383923046,0.029934401436095555,0.0030045863051253946,0.0034137589153762117,0.013483179402233963,0.09992384630212685,0.22054065907811787,0.0,0.011069227112055432,0.04057498794620696,0.22819509644005165,0.0,5.095464,0.3504886,4.8503385,0.023806449,0.044,0.7865538,0.010653022115389377,0.05852803358992302,0.005059341893651254,0.012488856088560886,0.014135725693846872,0.6067839322435805,0.011796925593631293,0.07906835402472998,5.406866,0.57106346,10.441633,1.9065323,0.023448993,0.04,0.7281738,0.018347874628040158,0.725073592758045,0.0024239086056281425,0.0140795995165743,0.013760214061889257,0.08539250737183537
0.010621882,0.018442076,0.0144,0.01752786,0.01,0.01666404688896459,0.08189626570413273,0.011877528973950028,0.012324440191387561,0.020629990430622,0.803119961722488,0.21076354569634936,0.0,0.017973682534425234,0.11802893647376395,0.2170823571365353,0.0,10.796508,0.6482202,10.263067,-0.010839502,0.016050745,0.008,0.014728875,0.01,0.009136960469574887,0.031523202467390606,0.002784240763107255,0.009024642462243618,0.013305440495780111,0.11402176187110453,0.2105348150654632,0.0,0.010700044106060931,0.04813351038215922,0.2167863942506352,0.0,5.376997,0.2836896,5.1464815,0.023703549,0.0144,0.6792723,0.016452898302859648,0.05862049624547105,0.010916626308858667,0.00883645353598842,0.020368986137999947,0.6783441172357499,0.01769505867426751,0.08216711684431996,5.8889914,0.837862,11.073463,2.1668456,0.022894664,0.01,0.6988428,0.02547053782499141,0.8542821440135221,0.010189457370655717,0.010328641045511245,0.017911005203708967,0.08751002602328979
0.010599249,0.016245738,0.0152,0.015819695,0.02,0.01601420017347996,0.1139540804163519,0.0047046952628780675,0.03018281715772685,0.02056606591729433,1.067942241696746,0.22004926864959437,0.0,0.017349737164999806,0.16862355440749888,0.22650983904906874,0.0,12.218643,0.55627644,11.775737,-0.010455929,0.013811916,0.0096,0.013417675,0.01,0.009155800438238703,0.0469116012336953,0.003025856454411087,0.011976427424018504,0.013893921604980824,0.6332817637987534,,0.0,0.010829568067330228,0.0634365415633806,0.21620322527088653,0.0,6.405041,0.25027305,6.1872816,0.020952655,0.0152,0.6835199,0.015670407864919935,0.07894524623131682,0.008486290367796436,0.014617559464042291,0.020223608186587944,0.9951188371095525,0.017096577188354015,0.11435810690820726,6.7593665,0.7082871,12.928985,1.958384,0.020440623,0.01,0.71606606,0.0228954359524014,1.1981267867267118,0.00557520729259437,0.018877616732493545,0.016686311482566794,0.124389713982722
0.010394438,0.015119168,0.0232,0.01463987,0.03,0.024890879879123667,0.12445439939561823,0.012501759758247317,0.023633919919415762,0.029390649393286502,1.2823289611348945,0.22913555577447828,0.0,0.02620935560529197,0.19906245294119593,0.23669087837989203,0.0,12.641247,0.8021275,12.012169,-0.010214282,0.012874549,0.0152,0.012387544,0.01,0.015337601820554846,0.04680256087952124,0.008811793723207983,0.005894185354151939,0.020385762801031704,0.7735810165643499,,0.0,0.01761649919451802,0.06974849285005184,0.21646966097513848,0.0,6.753599,0.4255467,6.396694,0.019356059,0.0152,0.72768545,0.016572687363791416,0.09165671437595149,0.007976548224147836,0.017694549688537,0.021074114624906135,1.2205536034685007,0.018052258156877,0.14524503569012126,6.965765,0.6652831,13.404338,1.8464329,0.018780792,0.01,0.72026753,0.024924113928331836,1.3849401259739313,0.005695271921493088,0.024028932727047925,0.017341043041483675,0.15707842983068573
0.010454794,0.014725966,0.031200000000000002,0.014206728,0.03,0.032909119785108715,0.12676373261702903,0.01861823957021743,0.023454559892554353,0.03772138761576989,1.3574547209491035,0.2273775644615044,0.0,0.034480008442291044,0.21992007530901334,0.2366149618398184,0.0,13.131861,1.0385078,12.3248205,-0.009826302,0.012370614,0.0152,0.011897523,0.01,0.01445488136143199,0.05182480241598663,0.00844496143373858,0.007933721968772088,0.02097932573400076,0.7798427860929881,,0.0,0.01751014790530262,0.07737536958283645,0.21646781456431802,0.0,6.975418,0.407469,6.6393847,0.018633515,0.0224,0.66916424,0.02372274996952501,0.09544224754836998,0.013666012089248078,0.014358757482668048,0.028543042453236602,1.2663769190697667,0.02543440185500335,0.15994560015287151,7.3134565,0.9540017,13.866859,2.0370789,0.017957652,0.02,0.6669906,0.03519255509791329,1.5693849761604808,0.01515729675579351,0.020332078907322026,0.027422781829551112,0.20218761725876458
0.010370029,0.014477886,0.036,0.014025216,0.03,0.03402460001678837,0.14604920003357674,0.018439360026861414,0.0308196800134307,0.03931808231903524,1.4926885617392764,0.2236211212279645,0.0,0.03591786879057708,0.28619467171790774,0.23541658981448088,0.0,13.950882,1.092289,13.120767,-0.009498847,0.011811253,0.0192,0.011226847,0.01,0.015324132927278196,0.05994479856068881,0.00911631990404594,0.01134895971213776,0.02167723382698682,0.8707351593523098,0.20331600775427502,0.0,0.01814224947594139,0.08831125048502281,0.21558428554484055,0.0,7.3320847,0.43434846,6.9682226,0.017875712,0.0272,0.68774503,0.02501889063973422,0.11594267548601755,0.01475413599290032,0.02238994162550516,0.0301979404052217,1.3335531454790772,0.0269659490288444,0.22809493205448866,7.716971,1.0276401,14.624748,2.0153728,0.017489728,0.02,0.6928447,0.02941218391241222,,0.011735399948217947,0.029468699127508175,0.024751298207251082,0.2624805236132092
0.010315221,0.01342321,0.04,0.013085927,0.04,0.03895887987912365,0.16039439939561825,0.017935775975824707,0.035759626626374545,0.044709925627465785,,0.23291127258106376,0.0,0.040511742155109776,0.3681910981478071,0.245335855003376,0.0,14.142933,1.1218295,13.327906,-0.009089531,0.0108221695,0.016800000000000002,0.010344441,0.02,0.014018971496629184,0.07186640107948339,0.0049332827860952425,0.015466565572190448,0.02062211553525576,0.9367997596866772,0.21401848094140036,0.0,0.015799415371383976,0.10639766068939545,0.22575757756887138,0.0,7.410818,0.34242997,7.138328,0.01634721,0.0248,0.68625796,0.023267900220834144,0.14630525504315975,0.012056913081502989,0.03174289220553051,0.028832841823620992,1.5236717035816425,0.025248665374976872,0.3318410763411351,7.8185673,0.84039736,15.012508,1.8172154,0.016155174,0.03,0.63221925,0.0403510115727601,,0.020641316485404033,0.028265720681044996,0.03513218784604184,0.36084130947515275
0.010195398,0.013543033,0.0432,0.013134743,0.04,0.043291821632763454,0.16374213156495704,0.021395039848424856,0.03448263946948711,0.049029172388707,1.5455812528610202,0.23390386883205558,0.0,0.04498566798743082,0.3659094475051881,0.2458917143084219,0.0021423551079869534,14.248331,1.2922364,13.305714,-0.008676504,0.010872956,0.016800000000000002,0.010376675,0.01,0.015376998329370964,0.07115399675111493,0.007350799331748386,0.013916933757237038,0.02170479692112044,1.0622381305030826,0.2056794616275429,0.0,0.01750319164090879,0.09665478736416916,0.2161700868010654,0.0,7.4304113,0.36994636,7.1324105,0.016644698,0.0248,0.67560935,0.024741936067231563,0.13676419164309922,0.012773988596801065,0.02786153342155673,0.030362776540483083,1.5637574794687201,0.026359692198124732,0.30438471419095947,7.8825607,0.89804125,15.092544,1.8632964,0.01627363,0.02,0.683315,0.03360099136329786,,0.012055836750961148,0.03435710488804025,0.026236548926851382,0.3455055511093275
0.010025424,0.013713007,0.0368,0.013349095,0.04,0.03391988535933133,0.1678391975153194,0.01467195987576597,0.038471959875765974,0.04033905622429279,,0.23263433299061506,0.0,0.03591288403836538,0.3739010243460637,0.2450314328373267,0.0,14.209723,1.0197443,13.46881,-0.008155177,0.010931397,0.02,0.010282058,0.02,0.015541919663689806,0.06430319949131555,0.007541925078712302,0.009447308359570774,0.0221846592494072,0.9271754548707452,0.21345966532118085,0.0,0.017412337189640994,0.09967402361375748,0.22529812260403934,0.0,7.3023996,0.39597774,6.9809766,0.016658312,0.035199999999999995,0.62686145,0.03211309854203214,0.13636936634147256,0.020999829670705822,0.0229749256263048,0.038353523628266606,,0.034268082482955015,0.2728462097584403,7.895848,1.2403047,14.84294,1.9585587,0.016361484,0.03,0.6323121,0.03916963021479831,,0.02035686092880617,0.027482981254299474,0.03415753564613439,0.3361404127533685
0.0099499775,0.013677505,0.0448,0.013397914,0.04,0.0424511202887602,0.16950373429586726,0.023465560144380105,0.030065560144380086,0.04839336198550605,,0.23242869237538474,0.0,0.044220179566713064,0.35678531424174786,0.2450240469674651,0.000536246636836933,14.5079565,1.2833941,13.577765,-0.007421888,0.010545969,0.0184,0.010003306,0.02,0.013995998849837998,0.06689499886047952,0.005775198612092755,0.014037996530231956,0.02102799830527647,0.9950839956065756,0.2134511732310231,0.0,0.016878617429289942,0.10369827191834473,0.22541973742246083,0.0,7.1066713,0.35119948,6.827223,0.01658636,0.0304,0.6358684,0.02760463774931286,0.13885357829299386,0.015407659707659057,0.02739220952154491,0.03379805206011352,,0.029707777721785216,0.2935341745709417,7.946476,1.0363877,15.119491,1.9031119,0.016178561,0.03,0.6171875,0.039367729689562835,,0.02019025436839598,0.030673335661809697,0.03430039015952104,0.36081908289143644
0.009810406,0.015481304,0.0432,0.014913247,0.03,0.04036906572651724,0.13575359858977587,0.020190718374884543,0.025112574699907665,0.046493184386804345,1.457432960967011,0.22285269126239354,0.0,0.04224031741865042,0.2637604764641878,0.23507931079892308,0.0,14.65385,1.3884606,13.59629,-0.0065714857,0.011318915,0.0192,0.01068349,0.02,0.014774400036411135,0.05904639850928484,0.0078092797018569395,0.011161856001644925,0.021294506181185353,0.7540945065121692,0.21317069583043421,0.0,0.01739281291115376,0.08139281291115374,0.22534112616713226,0.0,6.6719627,0.39451817,6.3463655,0.018175429,0.0328,0.58545977,0.02993530123258474,0.11468938567178244,0.01921432313674504,0.02156299300981932,0.03567571777092962,1.4674735876981562,0.03189413798590731,0.22077000078346026,7.950091,1.2521585,14.921075,2.1073916,0.017851353,0.03,0.5819132,0.039169561867327264,,0.020366549641065743,0.024130364137333556,0.03419337261751501,0.2584888747578995
0.009806191,0.016151208,0.032,0.015725167,0.03,0.03245246649318669,0.11951479895912029,0.019615308318643474,0.027615308318643495,0.03786887959931728,1.2765377591986347,0.2260023199413272,0.0,0.034202031588149065,0.20120812594567608,0.23622767248426618,0.0,13.852245,1.1592085,12.943134,-0.005771639,0.011678603,0.016,0.011358571,0.01,0.014871800102807947,0.04668720041123177,0.008491488512034129,0.01041436156926055,0.021063392257765007,0.6141833923220199,,0.0,0.017244245779692392,0.06293273733907719,0.21622967031330212,0.0,5.8791895,0.39285418,5.544316,0.01930993,0.0232,0.5904789,0.02354258232690354,0.09498950771860741,0.013179217573198912,0.022890934201041522,0.02882569454254176,1.2166246208449307,0.02535658474118536,0.1566045066561972,7.3899965,1.0071174,13.974741,2.1315217,0.018879628,0.02,0.5906721,0.03391790302795407,1.445527336517659,0.013524132941031653,0.023619137814071132,0.026576229323328204,0.1738859719784319
0.009592946,0.016364455,0.036,0.015902909,0.03,0.03384986653235961,0.10636639973138588,0.020699837152690363,0.022199674305380678,0.03891079213184476,1.3782985645933015,0.22404740377201315,0.0,0.03545882050654846,0.1804941024833456,0.23541704126300705,0.0,13.564562,1.2598765,12.564028,-0.0050879773,0.011690661,0.0184,0.011175828,0.01,0.014561257743574788,0.04456440275011245,0.008333153248088455,0.0056328831202210345,0.019970263214246095,0.5901479605765976,,0.0,0.016364221930003715,0.06029266403995468,0.21537075210082157,0.0,5.548259,0.38692862,5.210138,0.019484648,0.0184,0.6434929,0.015934864840499358,0.0919660403309892,0.00579207653591784,0.02064748161315262,0.020936848522668014,1.2087843388251611,0.01769146423362577,0.14466435448025117,7.0903177,0.68726903,13.636397,1.8453237,0.018919706,0.02,0.605441,0.029130834434812555,1.4772157270548234,0.011733381671614041,0.02286860303844663,0.024527007664277817,0.15380675360636575
0.0096266745,0.017329263,0.024,0.016792273,0.02,0.024967679677663043,0.10327679677663057,0.012661919392764866,0.026095360698396713,0.02985728078569628,1.182229123142785,0.2187347950470167,0.0,0.026670409959204926,0.14846191238633208,0.22651333916025146,0.0,12.753748,0.94659156,11.979329,-0.004395735,0.012042001,0.010400000000000001,0.011633844,0.01,0.009748160261388967,0.04104693396731564,0.0037385197694054565,0.00934163249111275,0.015146680267290413,0.4571734422453875,,0.0,0.012416798363017869,0.057703518211470135,0.21634056653485514,0.0,4.8296947,0.25366557,4.616109,0.020311557,0.016800000000000002,0.6275407,0.017624613766542733,0.08071406098244942,0.009955512259352053,0.02072080992219799,0.0222958095368298,1.0047077924399255,0.019400632173813846,0.11786457707614725,6.579806,0.78145427,12.514376,2.0147285,0.019935412,0.01,0.6231263,0.024187812466421193,1.2655465036368334,0.00542796552147351,0.02380628003192646,0.016997488237444073,0.1264421948327655
0.009428522,0.019080693,0.0232,0.018596958,0.02,0.023708290561113517,0.08815823923444976,0.012852746411483259,0.018879119617224882,0.02820219634776372,0.8462605942607715,0.22003754994773567,0.0,0.025142605470156516,0.12314216468344343,0.22645615865681468,0.0,12.23373,1.0103266,11.367002,-0.0038120255,0.013313547,0.010400000000000001,0.012589999,0.01,0.00870544054372508,0.031905441110325776,0.002997573789364469,0.009664240185054296,0.01420626950134265,0.08853448205029352,,0.0,0.011557882608362253,0.047715764614334806,0.21613128185716135,0.0,4.203663,0.25375667,3.9787135,0.022612382,0.017599999999999998,0.6106362,0.01791467173694218,0.0674255488003044,0.011294493267267263,0.01163149149672951,0.0222614944419533,0.7557746252364395,0.01941437415276446,0.09407106189029474,6.216613,0.8896465,11.661034,2.218115,0.022172047,0.01,0.6038696,0.022652852963833965,0.954248375853703,0.005295054642961361,0.01833419877700504,0.016582050279185905,0.10125158425451868
0.009454704,0.019720202,0.0136,0.019094452,0.01,0.014949679845546869,0.0911483992277344,0.00895484025854107,0.023819361034164342,0.01943742493074792,0.7895914164358264,0.21040171355975051,0.0,0.01650834977156569,0.12588349771565693,0.21677730611331852,0.0,11.839202,0.6178737,11.324623,-0.003382765,0.013464054,0.008799999999999999,0.0128379045,0.01,0.008815466169761612,0.03101159981647194,0.002698468369956709,0.01074821303169238,0.013345774466540478,0.0805607038323846,0.21010717805483406,0.0,0.010674206903131062,0.042773150174770576,0.21647490961299592,0.0,3.9261842,0.23821293,3.7188597,0.023619752,0.0152,0.58283967,0.016294710298966536,0.06627209086363312,0.009644703959529124,0.01128901488975288,0.02070246846987693,0.7145695851619988,0.01782659367867368,0.09085900662609685,6.0227733,0.82870007,11.334971,2.210165,0.02300891,0.01,0.5919179,0.024514765622384405,0.8266284576356223,0.006745670784684066,0.015192482816162745,0.017249903438213324,0.09431199583936808
0.009535032,0.020527462,0.012,0.019724196,0.01,0.015175449508939802,0.08280239738101233,0.009885919967382552,0.022000479923892664,0.019416381380392478,0.7564688263241837,0.21076596372247583,0.0,0.016612533621850025,0.11516293708405037,0.21736653100774983,0.0,11.341705,0.625442,10.843325,-0.002881846,0.014354577,0.0072,0.012624551,0.01,0.007989799534754365,0.030119733074528966,0.0022379595856763896,0.004540735076784682,0.01333937446378177,0.07557770636113463,0.210819854014322,0.0,0.010740319527781685,0.03970159799841702,0.21703074150619586,0.0,3.4308314,0.22874181,3.2415953,0.024184229,0.0128,0.56571084,0.01583824358250249,0.06108315043203595,0.009634975703943473,0.011339183960921232,0.019940713812953117,0.5863121005536123,0.017212397164665934,0.0854510213570668,5.706868,0.78862894,10.763509,2.2210023,0.023418436,0.01,0.56935155,0.026419662728032804,0.7282326561710897,0.010449620493931349,0.012739961699734185,0.01886347215254865,0.08617587387653182
0.009404335,0.020991003,0.0152,0.019988028,0.01,0.015279899689414926,0.08122613167687959,0.009891959875765952,0.02156783950306388,0.019218426480875222,0.7789105588852514,0.21024415102907276,0.0,0.016706311559669302,0.11031893467900786,0.21637831493808957,0.0,11.5419655,0.700562,10.939517,-0.0025318982,0.014352489,0.0096,0.013285718,0.01,0.007977799910043042,0.02797779993233156,0.0018456585174941211,0.004614606100313356,0.012540019821137866,0.07056007935484032,,0.0,0.010154899297171368,0.03929704726446892,0.21598432058765585,0.0,3.4267726,0.2304541,3.214346,0.024609322,0.0152,0.54914784,0.015173601215365899,0.06057647308334099,0.009214852126485585,0.011722323878538788,0.0190285404219675,0.6233443171158535,0.016517076111167765,0.08188657359549208,5.816794,0.8175882,10.913211,2.218325,0.024000658,0.01,0.5866285,0.02016462555044818,0.7562349239540557,0.005187354869773273,0.013861162049130668,0.01622782861434246,0.08480157658706747
0.009317129,0.02107821,0.0152,0.020332636,0.01,0.016399549651641063,0.07759759814208568,0.011099820028540262,0.014399520076107328,0.020422767179699895,0.707993521027449,0.21049006686076852,0.0,0.017871547884901563,0.10349107237793699,0.21670770734844197,0.0,11.460199,0.7476561,10.823133,-0.0021506432,0.014319096,0.008799999999999999,0.01310854,0.01,0.008232665996898368,0.02686533230525391,0.0020970279325506452,0.004539597763927261,0.012901421954543002,0.06845639869361757,0.21004451340184643,0.0,0.010404037445859285,0.0350121125343209,0.21634491340862408,0.0,3.27812,0.24022764,3.0670846,0.024848841,0.0152,0.5581106,0.01620283305146518,0.05761097145585936,0.010478058551617868,0.010105694997265283,0.020190253902577115,0.6150507056957876,0.017587961364163403,0.07827115713632159,5.7286196,0.87613416,10.693566,2.2867296,0.024191938,0.01,0.57264346,0.023703268862162615,0.7446388626664028,0.007218202957316394,0.012605660709667276,0.017058985145177844,0.0810274823319559
0.009603153,0.02057029,0.0096,0.019966729,0.01,0.015673969096462178,0.08045386608466942,0.010576045856267455,0.022646464198774446,0.019857574078737523,0.6751454444724251,0.21115270931998417,0.0,0.01720878575768652,0.10887907181917884,0.2187360587895296,0.0,10.964595,0.5800501,10.547651,-0.0016854379,0.01385389,0.004,0.012736098,0.0,0.008347799721495176,0.028747800070680462,0.0020947796709546765,0.00451941378054788,0.013140319898316601,0.06861207899738261,0.20079802457280277,0.0,0.010701633114551988,0.03800653259863088,0.20792571453016884,0.0,3.0898118,0.17674452,2.9733944,0.024111262,0.0096,0.5488208,0.015538209613201296,0.060261169872583266,0.009784404834214866,0.01162388317808292,0.019504981423688013,0.5743276142653853,0.017042514947016845,0.0815654338943554,5.483118,0.6848215,10.45724,2.2071846,0.023145426,0.01,0.53028274,0.02802716931769858,0.7159768691658465,0.012085067010788392,0.011038687887894097,0.023173016604934843,0.08161347700555763
0.009130292,0.021597892,0.0496,0.020830128,0.049999999999999996,0.016224547265923595,0.07502213268418255,0.01127465592210192,0.015324426536836511,0.02027996026749488,0.6022932538683231,0.23133908693932229,0.0,0.017602793474240753,0.10324190210188665,0.23918326832743256,0.0,11.072767,0.8143157,10.491841,-0.0015064059,0.014370579,0.0432,0.013326997,0.04,0.008773597635417355,0.023793399616277775,0.0020786789179463995,0.00463823855726188,0.012833267604881076,0.061744159769860286,0.22041982434900936,0.0,0.010279361862182123,0.03326824521183988,0.22812243650040898,0.0,3.0796087,0.2570475,2.8778493,0.025042968,0.0504,0.5394271,0.016969985896928483,0.05473978107030031,0.011329749143359094,0.010360267682904377,0.020711076363207393,0.5270956993718695,0.018229892378472144,0.0772464421867353,5.5411463,0.99332094,10.326193,2.3490858,0.024407962,0.04,0.57759446,0.018352081518533014,0.6798203542780749,0.0024062223212171574,0.016847612507338034,0.013733378093145062,0.08223984634541419
0.009230589,0.021608543,0.016,0.020827465,0.02,0.015060320210414375,0.07390480315621589,0.010447619911021593,0.01506031976272419,0.01876825816801438,0.6270857294048517,0.21982846263635825,0.0,0.01634087113654996,0.09802261340964989,0.2260948469467211,0.0,10.82957,0.7262123,10.175861,-0.0011374418,0.0143494755,0.0112,0.013449677,0.01,0.008785828575887082,0.022700159753775175,0.0024272868434406973,0.004540031517009063,0.012843062767579386,0.05455071966491069,,0.0,0.010489177033286114,0.03155618904430824,0.21564177528764006,0.0,2.8246267,0.26869294,2.576486,0.025280038,0.0144,0.5705562,0.013278916062808456,0.053703462001691286,0.007791551221542386,0.012596968558793204,0.0169651282557566,0.48222048626530123,0.014445561860984208,0.07328062909022443,5.3198776,0.74502623,9.961439,2.1683939,0.024733061,0.01,0.57495075,0.01929870848005251,0.5983772691429415,0.0041594497487751885,0.013093936856352816,0.015522184932010602,0.07488596701369282
0.009378151,0.022681417,0.0128,0.021771636,0.01,0.015158185735471034,0.0675242620106886,0.010673425721093326,0.013194948263801446,0.01877273584599457,0.4287955188449593,0.21081878553149389,0.0,0.01641002909614067,0.08924513093263303,0.21705797569140992,0.0,9.864649,0.71801037,9.246887,-0.00078726246,0.015390738,0.008,0.012858314,0.01,0.00907319950925371,0.021092797018569684,0.0020883660880660045,0.0028883655277104955,0.012833367356792314,0.05025567996241089,0.21078912092142224,0.0,0.010455546130155199,0.025180524652498638,0.21684494156347026,0.0,2.3218527,0.2503167,2.1038604,0.026006576,0.0128,0.51123357,0.015069217134539077,0.050141967769196695,0.010087889042951747,0.009962462642368051,0.01850670403297386,0.33037758820127705,0.016221494317782206,0.06781902960199689,4.869673,0.8333173,9.012112,2.3146808,0.02528518,0.01,0.5334785,0.025434543048714602,0.4397998827005088,0.010553205379170835,0.009233749802739331,0.018022925328348906,0.06751570348770436
0.009447161,0.025608014,0.0048,0.02428551,0.01,0.007136199445983356,0.0692809972299169,0.002897292343851905,0.014832400235037346,0.01067932790061277,0.22469159875765973,0.21096875572736917,0.0,0.008377132689871815,0.08877326216243615,0.2170849012476504,0.0,9.457801,0.32146633,9.197737,-0.0004312852,0.017353829,0.008799999999999999,0.014125684,0.01,0.009922066865232091,0.01833240377819187,0.002797747168934893,0.002393242305468096,0.013519741571718213,0.041539160298484236,0.21094585071499591,0.0,0.011285569429128055,0.022583363160600518,0.21689737354478816,0.0,2.0371866,0.31505582,1.7554197,0.0292781,0.0072,0.61976343,0.00942907539950238,0.04723451841492355,0.0042262766512238615,0.011210150218246305,0.012841582306733153,0.1475263371210042,0.010564523240492644,0.060527771572213715,4.4410424,0.5268664,8.428832,2.2324874,0.028094854,0.01,0.52681816,0.025349260937838524,0.1775776648161403,0.010925523358100478,0.007304924317638296,0.01809298566790005,0.060703249084706076
0.00998637,0.00054919533,-0.3312,0.00018084646,-0.39999999999999997,0.06278000167883824,0.000495000419709561,7.920006715353339e-05,9.900008394191223e-05,0.0688,0.0009213343406362796,,0.0,0.0688,0.0006257998838543566,,0.0,-0.68066764,0.0,-0.3884294,4.783457e-05,0.0005252693,-0.3424,0.0001403037,-0.21,0.054470666629630855,0.0016423999691576425,0.00018119998032193506,0.0003623999606438742,0.0560615999585857,0.0019323199958876855,,0.0,0.05463026827406946,0.0017381609590255516,0.18179202143727213,0.0,-0.25382215,0.0,-0.132071,0.0011512268,1.5048,-2.8901696,1.4112475370884117,0.0006296856606208275,0.2640855063560328,0.00012593713212416538,1.8945068396483973,0.02615054129577732,1.7392440539401384,0.000796074503355934,0.36120677,0.31833035,0.12794739,0.06324477,0.0006540362,1.54,-2.6404212,1.9320189840243158,,0.09039149840907783,0.00863922774698026,1.3727151182476416,
0.009255886,0.024135062,0.0152,0.02303889,0.01,0.01607439939561823,0.06070679425837319,0.01167713172147851,0.011640542598698567,0.019591223839503073,0.29822447679006125,0.21065468058238043,0.0,0.01726030799733562,0.08100307997335629,0.2166404312848143,0.0,9.211494,0.86242616,8.430861,8.795447e-05,0.01579101,0.0096,0.013699207,0.01,0.009406132860346042,0.019224532479458545,0.002356388136697842,0.00304210242241213,0.012616831927623253,0.042330495865295976,0.2101922119810047,0.0,0.010538980131098653,0.022433881276694496,0.21631242716605972,0.0,1.8306737,0.28186157,1.5697783,0.027655479,0.008,0.5723877,0.008716340217310197,0.04868124677188729,0.0036910560886692567,0.012468657334018023,0.012129710590861988,0.14603142835744634,0.009852690053488686,0.06297577803236368,4.367421,0.49709317,8.298329,2.0840173,0.02680408,0.01,0.53644854,0.02217441255331629,0.1819010119509905,0.0094989633232273,0.008275965171582862,0.016872268071266416,0.06102081097410437
0.009414762,0.023976186,0.0136,0.022880016,0.01,0.01637887033937222,0.05901019894233191,0.012040680096421147,0.011014691920053945,0.02012459061529421,0.22039344984470743,0.21099943996384632,0.0,0.017667474305448922,0.07962733726784331,0.21726571325097727,0.0,8.778801,0.8269718,8.054529,0.00039291213,0.015717957,0.008,0.012763463,0.0,0.009262160523227748,0.01860720083959819,0.002764432528727957,0.0024888655001196734,0.01319990673667553,0.041332960190730024,0.20105663606319893,0.0,0.011284323681415161,0.022478454229070157,0.2070727240987563,0.0,1.6287986,0.26944065,1.3938768,0.027487725,0.0064,0.5882955,0.009093058008723483,0.04797271804155987,0.0038109362598449026,0.011669537065609891,0.012606449579291803,0.1453624513151011,0.010299243611438169,0.061848438353623976,4.1034346,0.46100312,7.8287144,2.077804,0.02611832,0.01,0.50326204,0.026085566668114596,0.21513022329478468,0.011120470771513595,0.007721492318527658,0.01858610073686613,0.0607597529418491
0.009481333,0.023243925,0.0136,0.02236965,0.01,0.016270634650233796,0.05990039452698733,0.011906683181429843,0.011726691177705027,0.019896917776687995,0.25164143775707215,0.2109268783058389,0.0,0.017530244820171674,0.08022888135261796,0.21720392051056175,0.0,8.6938095,0.7991891,7.9923925,0.00056661037,0.015080446,0.0072,0.012339307,0.01,0.008403733473623061,0.02016447985606888,0.0016007460001284926,0.0036011198011312866,0.01236003555884763,0.04147338664260677,0.21101970990520932,0.0,0.010214071251460018,0.023442213810889245,0.21703353200594447,0.0,1.6228851,0.22668265,1.4290109,0.026509043,0.0072,0.60514253,0.009802154473645486,0.047359994970085244,0.00462976236032091,0.011649754705170472,0.013274593469977936,0.1445719569277877,0.010932434850536403,0.06192726354980058,4.0365987,0.49478415,7.662158,2.052295,0.025547208,0.01,0.5040779,0.025968067649757388,0.20730418261322628,0.010882704789726675,0.008039308699576796,0.018387845680133595,0.06111901339262346
0.009296713,0.021542419,0.0136,0.020885604,0.01,0.014404426760681599,0.06482213380340804,0.009876182897434955,0.013483320070511203,0.018152913485515093,0.3111498823134391,0.2105217966325882,0.0,0.015736816132704234,0.08618905812326791,0.21661039224309078,0.0,8.606385,0.6860599,7.993951,0.00060765794,0.013879864,0.008799999999999999,0.01212201,0.01,0.007976160123369528,0.020776160123369528,0.0012752315182941402,0.0039761551744909845,0.01217318003768073,0.04349272027497067,0.210112989103921,0.0,0.00979389780707602,0.02524429188365035,0.21631051065353177,0.0,1.6795862,0.2168386,1.4789867,0.0247279,0.0136,0.5131984,0.014281436159465874,0.0458426462816438,0.009116997520188215,0.008896268484608076,0.017948340409937008,0.17244590417582417,0.015523073332291233,0.06441418167363436,4.16116,0.78338665,7.6138926,2.151439,0.024148531,0.01,0.52588326,0.02252485894938552,0.3354330954960848,0.007881031753557935,0.009312068815672002,0.016837610364763052,0.06447909238947833
0.009476451,0.02069699,0.0128,0.019862657,0.01,0.01516578804173396,0.06421839670947704,0.010589097048842177,0.0134618396709477,0.019140874719494102,0.3071565603962058,0.21080576509987747,0.0,0.016689043016918096,0.08556782262688563,0.2171482031590448,0.0,8.156154,0.6584462,7.5883193,0.0008458264,0.013061928,0.0072,0.010993318,0.01,0.008832400131320946,0.020529601198352666,0.0019019734841182981,0.003722368626921821,0.012609687275701071,0.044306560110518534,0.21094421734186636,0.0,0.010124153975346644,0.02528284736300083,0.2170195183043206,0.0,1.4287789,0.20365515,1.2555444,0.023647549,0.0128,0.50488985,0.015158652041066171,0.047081064068778974,0.00993464795090217,0.007033453304693681,0.019030549585592596,0.15097103827546016,0.0165133972569301,0.06410734380959965,3.914804,0.75769866,7.167501,2.091829,0.022701943,0.01,0.5055008,0.025930363517767247,0.32018565316937364,0.010610686057787574,0.00916653103894345,0.018295406661572002,0.06588397891911389
0.009389024,0.018676396,0.0144,0.018050646,0.01,0.016192621692455486,0.06963339880802484,0.011333343809283997,0.012333359523209941,0.020400036779471702,0.40300023906656596,0.21064925956756145,0.0,0.017737564346203046,0.08928147492302528,0.2169299345443891,0.0,7.882332,0.6577483,7.3102813,0.000757238,0.011759074,0.008,0.010265593,0.01,0.00796080021471853,0.021882399998393632,0.0025304227398055446,0.004828240056544368,0.012830948493591631,0.049963327918184225,0.21060413903390862,0.0,0.010547281733368209,0.030576737603105083,0.21677355925600922,0.0,1.5806777,0.18936223,1.4141686,0.021398336,0.012,0.53075165,0.01374281775257191,0.051503636330730546,0.008293110909297775,0.012691733971832084,0.017758595960288632,0.21103422422683207,0.015277304080047134,0.07060298987881845,3.7990224,0.6254287,7.053377,1.8561587,0.020765554,0.01,0.5170947,0.025155268860272174,0.3697037438655265,0.010123172914550905,0.01062046408586855,0.01774641951931109,0.06987013261190639
0.00936395,0.018035779,0.0136,0.017525416,0.01,0.01601723056260453,0.0705119986569294,0.010300799686616846,0.014201599373233722,0.020153599709001355,0.2878886393016033,0.21062103932934764,0.0,0.017383834309545182,0.09166866975471126,0.21708472457253192,0.0,7.56979,0.6066035,7.0476656,0.0008087213,0.011475684,0.008,0.009926545,0.01,0.008593600205615894,0.021677440020047532,0.002502491322721335,0.003179360020561587,0.013606328899260917,0.050828480155015024,0.21069237398058258,0.0,0.011007960612276066,0.02874968079229253,0.21685161924808724,0.0,1.5062358,0.18761647,1.3374075,0.020566756,0.0144,0.5124541,0.016761018716739046,0.05027804929562591,0.01082970034281625,0.008543837651490915,0.02070639413185836,0.28284545467422095,0.01810309299719547,0.06980146199421856,3.6679685,0.7365793,6.68694,1.9138976,0.020141413,0.01,0.5153536,0.025798029706293094,0.3498073671700694,0.010098050546318973,0.010354943760003187,0.018155773744457378,0.07046739924035719
0.009327336,0.018738085,0.0136,0.018005826,0.01,0.014550461099380756,0.07025199809731665,0.009701600028780103,0.014577800050365144,0.01847280016483137,0.43400040090657266,0.210477311953179,0.0,0.015983922291880392,0.09166902250085497,0.21665809099390315,0.0,8.114216,0.5841837,7.5943117,0.00072848145,0.012135691,0.008799999999999999,0.01081382,0.01,0.008466000289147313,0.021421333718863116,0.0020621333718863297,0.0035945600462635743,0.012639466755612148,0.04867104003803891,0.21016123404729253,0.0,0.01046615662470199,0.028431547985660468,0.21638309494942992,0.0,1.5669956,0.20127673,1.3849485,0.02165779,0.0144,0.5252688,0.015308677981286883,0.04972866721358575,0.009870846291259613,0.010188709032696221,0.019009729763392533,0.22879129650975627,0.016582467643330254,0.06852210582768883,3.9030476,0.7201248,7.156049,1.931949,0.021003535,0.01,0.54084104,0.023339420424993946,0.383675042611774,0.007559210036769741,0.011170001421172304,0.016977977605123727,0.06925939339825724
0.0095410235,0.0183025,0.012,0.017774386,0.01,0.015824099722991695,0.06979279778393352,0.01124963988919667,0.013465706371191134,0.019905698364424143,0.3885548157475027,0.21089920934355244,0.0,0.0173709004220088,0.0914217030899906,0.21763497453059252,0.0,7.6194954,0.58109635,7.1417513,0.00060093263,0.011683473,0.0064,0.010143611,0.0,0.00898399944312364,0.02190399665874189,0.002572158838270252,0.0041721588382702575,0.013368399993825504,0.0492294398878109,0.20095124625161137,0.0,0.010936281934811722,0.02907698677184108,0.20739860193150506,0.0,1.458231,0.18161102,1.3105063,0.021054871,0.012,0.51706004,0.015766133972433316,0.050850432388549645,0.00986318384171932,0.009942857920750604,0.019718892634770873,0.2111686415338355,0.01723543861356102,0.06743676686963403,3.672144,0.6709132,6.782834,1.9059516,0.020252574,0.01,0.49988878,0.027065351159177596,0.38440646230144515,0.011086059060794113,0.009656759181135921,0.01988212601392462,0.06876572494389453
0.009461139,0.01793859,0.0136,0.01709982,0.01,0.015621046432791583,0.07156840090657265,0.01006735969109377,0.012506943876437504,0.019662499066953342,0.35430312196759844,0.2106224789032315,0.0,0.016868787695311402,0.09136302715694253,0.21696234929392022,0.0,7.688952,0.5874523,7.182584,0.00021643093,0.011372253,0.008799999999999999,0.009952983,0.01,0.009807600350590792,0.021615199511662277,0.0031692160103835706,0.002961520430025482,0.013744959989122571,0.05020490674669974,0.21056749837009375,0.0,0.011199668557394989,0.02933222852376259,0.21676325282629003,0.0,1.4781749,0.21444714,1.2926495,0.020472137,0.0136,0.5027847,0.015578738216513647,0.051614174900761256,0.009641262600718256,0.008768991804224864,0.01945981581497781,0.23595953054423696,0.016772132868378004,0.07183854711969892,3.7248416,0.6797718,6.8557906,1.8353511,0.019785492,0.01,0.5271179,0.02533043532022731,0.3859638731322189,0.01003948621754084,0.010510347307878745,0.017770707017312263,0.071466097893464
0.009557665,0.01739827,0.0128,0.016896782,0.01,0.016352560060438188,0.06950512012087637,0.011392160055833437,0.019072559388902878,0.020634009158995284,0.31266121648619155,0.21084864986722554,0.0,0.017610028503909234,0.0949667605464417,0.21751960573728327,0.0,7.375964,0.566052,6.8889008,-0.0004887982,0.0114977155,0.0064,0.009860452,0.0,0.007772639776521419,0.02235188545182401,0.0023326343520340288,0.0043663201182291295,0.013284822893451793,0.054496880163609034,0.201126472047614,0.0,0.010371538406618629,0.030335962160929042,0.20729474746241613,0.0,1.5870554,0.17214364,1.4435049,0.02012055,0.0128,0.5262406,0.0162775827725809,0.05110468310737598,0.01063537788244057,0.01013741881090046,0.02035719387796207,0.22396799700186215,0.01760845330852003,0.07015630009587366,3.5875814,0.6630611,6.596629,1.859885,0.019535488,0.01,0.5257901,0.026759629135780613,0.38517869320210046,0.010859508912688299,0.010474401897235443,0.01947375554640097,0.07154603908993892
0.009508625,0.018667744,0.0128,0.017886667,0.01,0.015084800185963603,0.07050240241752707,0.010110080080584248,0.013565120120876356,0.018940393733354724,0.3663088662133804,0.21069160809047272,0.0,0.016445764421617288,0.09369548815111445,0.2170292522919147,0.0,7.9612217,0.57535124,7.4621754,-0.0014632711,0.0125881415,0.008799999999999999,0.011011175,0.01,0.009644960410974089,0.021024802415986636,0.0033141599277132627,0.0028949855025126306,0.014023519912567417,0.05176463952965367,0.2106245332217009,0.0,0.011683236275156331,0.030124854370950582,0.21681708690989066,0.0,1.8530524,0.22827618,1.6452637,0.021649742,0.0128,0.53107774,0.015000759635342366,0.0519950280581288,0.009106712964603322,0.009022231432045244,0.018727782907542363,0.21666753499033597,0.016370028285089305,0.07049652792382871,3.9015791,0.67138255,7.2091217,1.9175279,0.021004256,0.01,0.551817,0.02549451299685522,0.36335295237789333,0.010201063991851597,0.009292902455948356,0.018000711865026844,0.07099312478283662
0.009647533,0.017974094,0.0128,0.017348345,0.01,0.01618473832723139,0.07120079912700411,0.0107201065502672,0.013680159825400816,0.020224288357256773,0.39820857671451354,0.2108280219623601,0.0,0.01745177464304393,0.09256242250130738,0.21742945870844757,0.0,7.893762,0.5985112,7.3975997,-0.0025956728,0.012329102,0.0056,0.010863449,0.01,0.008216400059034186,0.023904457458624392,0.001326559602263387,0.009701249048226408,0.01186951999319299,0.05895616020754333,0.211033351214027,0.0,0.009615426378474694,0.03285656341871629,0.21721862450790197,0.0,2.0741758,0.16867423,1.948714,0.02122336,0.0128,0.56066555,0.01609316608263616,0.05144251303135304,0.010165555597669209,0.009535293184791658,0.01999582161620833,0.3277541978476724,0.017317211065272883,0.07087525843386426,3.8940907,0.71175015,7.190652,1.9263343,0.02046899,0.01,0.5594583,0.026615788485103663,0.3953039495726129,0.010724465686787709,0.00979584569045206,0.01911053633628363,0.0717344326178934
0.009550342,0.018626027,0.0144,0.017915957,0.01,0.016546999916058073,0.07118399955230979,0.011747199961626575,0.013086079946277175,0.020539467024818805,0.41723680214891296,0.21076520520606756,0.0,0.01766894757028499,0.09576543927831517,0.21704640594093208,0.0,8.176015,0.6580489,7.6013017,-0.0038637407,0.01359717,0.008,0.01185323,0.01,0.008643657206849821,0.022652801008800905,0.0024726394332712062,0.0035635198286536594,0.012871680513825185,0.060215041469509546,0.2106578091532963,0.0,0.010481817152886925,0.031249994669450356,0.21676143315092541,0.0,2.3647566,0.22318016,2.1683316,0.022083746,0.0128,0.5856028,0.014866105037142325,0.051064902967084366,0.009219345562634134,0.009355216060303052,0.018664259913800697,0.27670764672066467,0.015934690122396934,0.0694928096747471,4.0603623,0.6948731,7.50729,1.9618855,0.021482099,0.01,0.584488,0.025355486033369345,0.41986873443418926,0.01035531371928407,0.010071477683452216,0.017888564805265263,0.07164757450297855
0.00955123,0.019512728,0.0136,0.01866952,0.01,0.015503753494889225,0.07117439771677998,0.011011626738297082,0.013223253476594195,0.01942852292453622,0.46291392193402164,0.21073665474316183,0.0,0.0167139906787781,0.098068920769614,0.21696689350199763,0.0,8.617369,0.65216964,8.056856,-0.005090992,0.014708467,0.008799999999999999,0.012848573,0.01,0.009084800488337715,0.02251306731778363,0.002667985799673761,0.0031639774235854455,0.013152182993415727,0.060310187098887955,0.21053749550614895,0.0,0.010918323123152003,0.03090931701151037,0.21663125451356693,0.0,2.7589974,0.2594057,2.5226843,0.023429591,0.0136,0.5866062,0.015290732637817701,0.05079136632454198,0.009967763806861468,0.006645634522185784,0.019065431081284848,0.21272034088278813,0.016553510687026755,0.06705195599480535,4.35198,0.7789025,8.016615,2.079887,0.022663556,0.01,0.6027702,0.024875900222536912,0.4279247456955704,0.010216464264424801,0.009128308120744348,0.01761865142048123,0.0695450295859678
0.010048722,0.019569976,0.0112,0.01855369,0.01,0.01578251465985536,0.07045173507932512,0.011163879963065575,0.012255519852262232,0.0195066247180951,0.3364664569238087,0.21114755438795987,0.0,0.01698658603568215,0.09255975795042255,0.21799048466423684,0.0,8.050201,0.5891496,7.566023,-0.0060306783,0.015068386,0.0048,0.013426484,0.0,0.008111542817278586,0.023993600205615882,0.0017137380009867684,0.004666027972327529,0.011935802865923642,0.06316543668188035,0.20078611949221342,0.0,0.009543021938540414,0.033229066073622776,0.20738587260844063,0.0,2.6625223,0.18112463,2.5210593,0.0235864,0.010400000000000001,0.6005755,0.01481612515887623,0.05000800991058396,0.009706645313047374,0.007652136806121916,0.01841934047940504,0.24076492697427945,0.016025078448325212,0.06912942905388346,4.0730696,0.67256796,7.585656,2.0680645,0.022579815,0.0,0.636797,0.017312060316772956,0.37444151251501645,0.001671012467138766,0.017021522602306292,0.010816676676652363,0.07617974198724933
0.009976163,0.018422104,0.0136,0.01782742,0.01,0.014868066258149338,0.07320419877444809,0.010768336036262916,0.013841680181314524,0.01836787451883297,0.3907502432636616,0.21067737077823606,0.0,0.016063903775693278,0.09919171126002724,0.21674307640931229,0.0,8.153713,0.6055801,7.6171675,-0.007178154,0.014708467,0.008799999999999999,0.013507188,0.01,0.008830835934562218,0.02408479888196363,0.00224969092250517,0.00791594508342436,0.012544213021125825,0.06606527823877321,0.21018752979951522,0.0,0.01046310545572187,0.0334693160069788,0.21634178484834216,0.0,3.089695,0.2543033,2.8612666,0.022823961,0.008,0.68706423,0.00891347957241569,0.0527463128803568,0.003785734764255767,0.014996045522346827,0.012440737964614618,0.3005001209346663,0.010187057911266494,0.07404712854919404,4.131716,0.419812,7.8998733,1.7556987,0.022366518,0.01,0.6483879,0.02304296872035586,0.3879321905593769,0.008875461866238936,0.009467432234258943,0.016998323206799525,0.07077840398902831
0.010065144,0.020108297,0.0136,0.019247338,0.01,0.015073066398052563,0.07012399899269706,0.010918109017650704,0.013299839838831528,0.018489279946277158,0.3248927994627717,0.21078296095611498,0.0,0.0162608870694125,0.09508413965725834,0.21683225865694603,0.0,8.656642,0.65279394,8.073275,-0.008041775,0.016383763,0.008,0.014751136,0.01,0.008264799125732225,0.023906130174853348,0.001512958152030933,0.004683944280386492,0.011772536029110324,0.06846655612157818,0.2103192174895723,0.0,0.009687739736448613,0.03386321867042663,0.21645538852332916,0.0,3.3464146,0.254251,3.1233203,0.025012996,0.0136,0.63694906,0.01484509316241265,0.048744313958785944,0.009806149904845551,0.006955811892036422,0.018204821428444165,0.23997866166241436,0.01600008089999724,0.0668087467529293,4.4747305,0.8071721,8.220219,2.1848755,0.024249868,0.01,0.653914,0.02366203741518518,0.3882622861751822,0.010096994578126371,0.008499454219030525,0.01720438439378633,0.06811559156379333
0.010433271,0.02062776,0.0024,0.019811178,0.01,0.006298049609670125,0.07918959791824058,0.0024909828638581986,0.004636880047007474,0.0098978729909491,0.3341319204230672,0.21115697976999917,0.0,0.007534449372764083,0.10261004435487665,0.21770984228660742,0.0,8.375166,0.20473637,8.263108,-0.008706652,0.017860312,0.0064,0.015360355,0.0,0.008687428975316925,0.02210149984990457,0.0024322407758131702,0.0031044816552078633,0.012653968524050744,0.06370159095290111,0.20087612281631925,0.0,0.010291034925113537,0.032058483645233775,0.20719922933995327,0.0,3.2901764,0.2639926,3.0687048,0.026159082,0.0048,0.71572125,0.008345314515542213,0.05071382289662709,0.0033459857228305733,0.01234354850760689,0.011876461633379586,0.21279484616030406,0.009623108060992583,0.06904647423918736,4.239479,0.37498784,8.206268,1.94137,0.024879416,0.0,0.6654233,0.016874409262502183,0.34491052751850093,0.0015058854181698679,0.016386876741911225,0.009519011320653236,0.07445321134037854
0.010409972,0.019652521,0.0048,0.018795999,0.01,0.006110186407006358,0.08022639805254764,0.002374506580113211,0.021942639805254762,0.00963045815495675,0.3598837599261311,0.2108373804868565,0.0,0.007358334542469174,0.10783500362740747,0.21679952408167477,0.0,8.498207,0.23392005,8.311814,-0.009474497,0.017236717,0.0096,0.015321166,0.01,0.009696436115644247,0.02253039902332455,0.003184593898087269,0.002973039259782819,0.01325245333571611,0.07114314696295305,0.21036577116121363,0.0,0.0111972786533187,0.03222468411739443,0.2164123967797085,0.0,3.585746,0.3222173,3.2840352,0.025113972,0.0072,0.70679915,0.008234129029579072,0.051333743231980936,0.0033001385864493385,0.012503550038835815,0.011672912108710624,0.2615840078152812,0.009451884296498838,0.07100617292493183,4.395504,0.41090235,8.432199,1.872783,0.024249282,0.01,0.6838982,0.02306805448665884,0.39362554778168674,0.01020180369686166,0.008285776112259552,0.017128406002191243,0.06848954841786069
0.010482975,0.021132799,0.0056,0.02002775,0.01,0.006242113417515066,0.07969479392260556,0.002185263157894724,0.02142643274853801,0.009795805782398566,0.3886470936511934,0.21066259683690974,0.0,0.007420125938417595,0.1029610075073409,0.21659339462152052,0.0,9.188419,0.25959474,8.970961,-0.010126157,0.018584099,0.0096,0.016603611,0.01,0.009142400014992835,0.02302719912613249,0.002162175027027206,0.0036054366124783116,0.012471131903441483,0.07009792327957334,0.21007740549678391,0.0,0.010461704701702592,0.03288299355745007,0.21622616327422042,0.0,4.050026,0.3343789,3.748083,0.027077083,0.008799999999999999,0.7505734,0.009130950559084066,0.049028377510634075,0.0039036341230221294,0.011076752453334764,0.012530716943186417,0.28061412934672714,0.010258450030241284,0.06896623859661655,4.7409124,0.5134923,9.029886,2.0365272,0.0260152,0.01,0.6921934,0.020863183106732137,0.38794088618556266,0.008059586495343468,0.00850398201638594,0.01663015658901813,0.06761893163571975
0.010737935,0.022320168,0.004,0.020971034,0.01,0.0064985900157091235,0.07731759758247293,0.00259185211778713,0.003858813464282717,0.0099581511140957,0.36941168001343067,0.21107378482251965,0.0,0.007562998875439506,0.10191132658597045,0.21718877089847677,0.0,9.268856,0.26315024,9.080243,-0.010556576,0.01982619,0.008799999999999999,0.017034031,0.01,0.009849200578695672,0.021731201859105306,0.0033865243062248737,0.0023198576395582118,0.013594280309271926,0.0692616972453116,0.2108595964939638,0.0,0.011319000217048415,0.03249320104531136,0.21683229239341087,0.0,4.1685305,0.3733727,3.8345838,0.02848587,0.0064,0.73085546,0.008597981035457723,0.05080427676762973,0.0037064603183020605,0.011853972985386612,0.011906774556884376,0.24719609391343733,0.009670982885425929,0.06802046659834197,4.8420734,0.4651624,9.303986,2.1173718,0.027017448,0.01,0.6821748,0.02536607749507027,0.36472583241249507,0.010977489453268489,0.007296238020599636,0.01805634695557863,0.06654020100981445
0.010741041,0.021984218,0.0048,0.020817036,0.01,0.006536621617840455,0.07921479728028205,0.002511678965217106,0.013575302567775907,0.009950871750012129,0.39493328162511543,0.21090424560376883,0.0,0.007673827955921525,0.10070045519375148,0.21688989961374847,0.0,9.474778,0.25122678,9.264642,-0.010900958,0.019822713,0.008799999999999999,0.017322754,0.01,0.008968800349730192,0.022118160190579918,0.0024973688306310577,0.0035352638951358963,0.012739126122252491,0.07196229609450822,0.21048407242611908,0.0,0.01058060210898634,0.03415027921671705,0.21655429390784953,0.0,4.3173003,0.34685227,4.0093274,0.028386258,0.008,0.76735777,0.009369594449354918,0.049028114487228075,0.0039028762322590865,0.010203565206552028,0.012702810619028242,0.20634838572719105,0.010458703436544784,0.06695178953066128,4.9083357,0.5199417,9.360796,2.1347451,0.027081857,0.01,0.6940354,0.02389591737637268,0.3874769023851582,0.010389766669757848,0.007580712874611628,0.017368985570923742,0.06690087977502764
0.010843335,0.0197739,0.0136,0.018708793,0.01,0.01567420017347995,0.07284520104087971,0.011825808041635173,0.004729040208175938,0.019171925321324716,0.483104546092504,0.2109569010867668,0.0,0.01694188384040458,0.10124275253535624,0.21706260054846666,0.0,9.521933,0.66225487,8.949438,-0.011009724,0.017728362,0.008799999999999999,0.01586383,0.01,0.009777891619400316,0.024918935937801194,0.003118765756772564,0.0037718937761202402,0.013330141075915798,0.0846411283171625,0.2105966152650236,0.0,0.011065496711073911,0.03978339053285967,0.21669585226743343,0.0,4.6309566,0.33912018,4.3433924,0.025384052,0.012,0.70516294,0.013809255430164603,0.05062710740648903,0.00866810652853419,0.00837993816721277,0.01721528880056794,0.42145892064152085,0.014989920496398463,0.07143870709659784,5.1263,0.75373286,9.599457,2.1803014,0.024529168,0.01,0.7032936,0.02491967788866376,0.5432374384613912,0.010547051576522718,0.008709538894988158,0.017722226589354195,0.07271352991800248
0.010785864,0.019276628,0.0128,0.018499989,0.01,0.015658133691485502,0.08103253476594197,0.011558293293041196,0.01309951951649458,0.019468899159935153,0.5775159481798595,0.21091155687956067,0.0,0.01705898484208351,0.10848724238583433,0.21727289327623797,0.0,10.322868,0.6217842,9.803852,-0.010963341,0.017450072,0.0072,0.015418569,0.01,0.008821867372518728,0.030596806528304314,0.0022265961409574176,0.006209841350797261,0.012755424962827557,0.1027847497269164,0.21082526874778582,0.0,0.01023594845118164,0.042701092332967414,0.216973786833411,0.0,5.173384,0.2804933,4.946347,0.025089202,0.0128,0.6945783,0.015347976448355666,0.053617690506486376,0.009808504689945858,0.007440800891314513,0.019039157712056706,0.5559713432423393,0.016683227805671687,0.0775028451869741,5.6212945,0.8065899,10.558228,2.2307088,0.024082812,0.01,0.69479924,0.025991531549874623,0.6897707024491875,0.01070153525484038,0.00922004478325049,0.01839153391201066,0.07963844387763208
0.0107077565,0.017468613,0.0216,0.016829548,0.01,0.024536861476473677,0.08828959959707883,0.019497919919415744,0.012465279946277176,0.02884688043873639,0.887120855088279,0.2108083020053489,0.0,0.026124684090643994,0.12280696439279064,0.2173009258925373,0.0,11.038929,0.9383527,10.259626,-0.010876144,0.015739527,0.0072,0.014246047,0.01,0.008516000937050286,0.03349600976675448,0.002011839986120958,0.005429601619225082,0.013011067544950811,0.4513328098695624,0.21064474693623506,0.0,0.010656216154752702,0.05061441484901884,0.21691165070607066,0.0,5.7522244,0.24718598,5.5546393,0.022499127,0.016,0.7049882,0.018741195549240912,0.05969782528401696,0.012947783351725365,0.008524947627907852,0.02256947982707065,0.7447749873536761,0.020129593233222068,0.09277560736587859,6.067522,0.90888315,11.37603,2.199895,0.02204957,0.01,0.70245284,0.026074210538813106,0.9365606153957017,0.010349042236746939,0.011755218293779214,0.018462857550687346,0.09589296500614962
0.010531126,0.017756192,0.0576,0.017210327,0.049999999999999996,0.023601600268614128,0.0928160026861412,0.018514742933889737,0.013601600268614112,0.027857164686400666,1.0492144057752035,0.23110081995397927,0.0,0.024992406975985343,0.13817722092795603,0.23880643628657866,0.0,11.919863,0.97734153,11.25506,-0.010714042,0.015577424,0.044,0.014427166,0.04,0.008434202045311668,0.03908946814997367,0.0022608183040810216,0.01125789385897393,0.012795083557478118,0.4807631266465335,0.22101611673836835,0.0,0.01012271368007896,0.054256046924169396,0.22793579822652812,0.0,6.2481585,0.28888893,6.0948687,0.02282946,0.0504,0.7100399,0.015912560096663857,0.0696050948081514,0.010107181820175446,0.011713034809178593,0.02018608958144341,0.8591433051020615,0.01737305538708815,0.10226858096951472,6.556104,0.85059035,12.568522,2.120132,0.022057546,0.049999999999999996,0.67573637,0.028117494929888947,1.1083244074460648,0.011871903389495203,0.010834460052814653,0.02287650194732251,0.10433236774923127
0.010549101,0.014076917,0.0712,0.013633123,0.06,0.033762599681020765,0.1269755980861244,0.020275119617224845,0.02285007974481659,0.038692026637566775,1.4269104319650803,0.23908591401686183,0.0,0.03512021899925839,0.2356808754947599,0.24700980261530264,0.0,12.551929,1.0770732,11.923297,-0.010357602,0.011974286,0.056,0.011603236,0.049999999999999996,0.01722144218543808,0.04795817282041102,0.011065360740697633,0.007065360740697605,0.022392162827323592,0.830376488466234,0.230327178667712,0.0,0.01943838843064632,0.07371113732590741,0.23681137978667433,0.0,6.879295,0.48227915,6.58802,0.017792288,0.062400000000000004,0.6781904,0.024810120311157882,0.0980429437117969,0.016320583810929018,0.01457746562138542,0.029418069323343933,1.3502759125303063,0.026196275052931105,0.16526257792068189,7.0451355,1.0216986,13.50927,1.9908998,0.017453825,0.049999999999999996,0.72722095,0.026163630530063813,,0.007034561532184398,0.026059578550997494,0.01830130579089598,0.19719336739580323
0.01046722,0.014380695,0.0264,0.014007908,0.03,0.025920533310948804,0.14432319986569295,0.013753855989255407,0.031184639973138587,0.03086544077898093,,0.22567447251325085,0.0,0.027386587781507887,0.27034635034290483,0.23596972674295494,0.0,13.518627,0.81773317,12.902419,-0.010017625,0.012214078,0.0184,0.011717796,0.01,0.015962058383632894,0.05186720426652959,0.009825209390489227,0.006008959473967438,0.022034561695594767,0.8351683858375861,0.20052365079886628,0.0,0.018517011843516323,0.07491701212763155,0.21589280593037033,0.0,7.2299366,0.44870213,6.8519278,0.018205354,0.016,0.72687346,0.015249440208430134,0.11119103257682039,0.006879253368110949,0.024629135004813923,0.020156586071064613,1.3694184117444692,0.016843743633910026,0.2030951847634952,7.4532137,0.59568447,14.4461155,1.7125486,0.017801408,0.02,0.68102646,0.030610559503268388,,0.013217385673396932,0.022750418823678932,0.025774018554661285,0.23301501829893959
0.010468328,0.014379587,0.0216,0.014033427,0.03,0.02318424040963655,0.1509606010240913,0.01038424040963655,0.04159212020481826,0.028988047726972947,1.4586581670444054,0.2273163935091559,0.0,0.024948260575352196,0.2991413020081361,0.2366930901234527,0.0,13.705578,0.7056494,13.190778,-0.009583262,0.011895668,0.016,0.011645209,0.01,0.016047200335410388,0.056236002056158835,0.010051800801980653,0.008701200200796493,0.022073866939214624,0.8838929607402172,,0.0,0.01848492493040444,0.08067939995481507,0.21652519147164093,0.0,7.261587,0.42208952,6.9130316,0.018110722,0.0224,0.6831255,0.02370529020657227,0.10835366174249111,0.014016649323621233,0.01982043463374353,0.029241221227447385,1.4165036080932996,0.02547417759139025,0.21915011136005955,7.6068788,0.95356095,14.473163,2.0165288,0.017712053,0.02,0.6611239,0.03546822691652381,,0.015182738762218123,0.0237969267717761,0.027647388737147838,0.2338748285200407
0.010276833,0.014127289,0.045599999999999995,0.013763379,0.04,0.04350468563753884,0.15386639973138588,0.022346639973138554,0.02286218663085145,0.0492976717498158,,0.23259032220435627,0.0,0.04544891809567034,0.3350978362939979,0.24521884656571627,0.0,14.339202,1.3623551,13.325134,-0.009285492,0.011597898,0.017599999999999998,0.010957834,0.02,0.013602932168176676,0.06464175942800278,0.005601759300905997,0.014800879650452993,0.020323166741630802,0.9541386114110046,0.2134750029903315,0.0,0.01584519127046551,0.09899358842969856,0.22548727033335655,0.0,7.6460857,0.3726423,7.3469257,0.017249105,0.035199999999999995,0.6331775,0.03284815197657349,0.12318266217764048,0.021088185618102852,0.021959838189528978,0.03867630845811705,1.460734459738225,0.034820526325257194,0.2822317762213804,8.041914,1.3121715,15.073485,2.0274606,0.016944133,0.03,0.6396126,0.03948757815124715,,0.020849211869521156,0.024841833864616546,0.03464324665875132,0.32854769950125634
0.01019695,0.013652429,0.032,0.013337336,0.04,0.030574399635452255,0.18067359914938863,0.01266103987240831,0.03906103987240829,0.03674936053051288,,0.23348964087667942,0.0,0.032546708804301355,0.35031348134659834,0.24547879532959516,0.0,14.283726,0.90206075,13.632015,-0.008938559,0.0110190585,0.017599999999999998,0.010629455,0.02,0.014902999100430497,0.07001199640172204,0.007700598814899877,0.016601199640172207,0.021088799368006905,0.9798738651275828,0.21437094408734117,0.0,0.017614082698590983,0.10682816543959832,0.22577251487198866,0.0,7.5762825,0.37994653,7.2761946,0.017053759,0.0264,0.6848258,0.02478198804082699,0.12831416826976488,0.013101018282192308,0.02703787082478874,0.03048236959130927,1.4510706484185285,0.026933378580522367,0.29340776995431095,7.927726,0.94744956,15.141428,1.9088845,0.016689602,0.02,0.69045866,0.03026684353229172,,0.01120857483988729,0.0329869109533464,0.025173838632543737,0.33693557889835446
0.010079345,0.014213828,0.048,0.013792225,0.04,0.04569386645774457,0.16041119952992527,0.026562239905985097,0.02064895962394023,0.05128021444360502,,0.2323842560174166,0.0,0.04731225536633101,0.3183976312574056,0.2450379166500489,0.0,14.43617,1.4325541,13.3573065,-0.0084663965,0.011242617,0.020800000000000003,0.0107509745,0.02,0.016863865642960853,0.06759663882824837,0.00925221194443029,0.012185544346634108,0.023252438342906315,0.9086524381421097,0.21329804702323713,0.0,0.019257827093350943,0.09821043637822631,0.2253938317842083,0.0,7.4793444,0.43851137,7.114555,0.017053638,0.0296,0.68419963,0.027199673575651652,0.13035795131297748,0.015429216287357666,0.030194666510730366,0.03269399079148334,1.4971507542441276,0.028983235019103177,0.2741480721496104,7.9571466,1.048649,15.101081,1.9725786,0.016837174,0.02,0.69258153,0.0293089558532327,,0.010669568318832959,0.03577838109029542,0.024373367097824925,0.32881571006285065
0.010081564,0.014433506,0.033600000000000005,0.014065158,0.04,0.03271519964184786,0.16803679677663058,0.017607359355326115,0.03680735935532612,0.03854437348554802,1.523266240913288,0.2342500778929369,0.0,0.03477634033926629,0.2854774127605032,0.24579755596239652,0.0,14.292601,1.0435154,13.511303,-0.00788918,0.011477075,0.016,0.010915859,0.01,0.013395998522135823,0.06419599852213584,0.006318399408854293,0.012506133136284778,0.020416398862486904,0.8972931191824206,0.20340121611555528,0.0,0.01567563877623875,0.09405383265743257,0.2159168246982492,0.0,7.146675,0.3526744,6.860734,0.017891914,0.0248,0.66307616,0.02360979260261256,0.12095542984743808,0.012943273677046728,0.02310511757375669,0.02960981280646638,1.3095072674261883,0.025696890404428404,0.24413944896700576,7.831564,0.9488957,14.933424,1.9705454,0.017404268,0.02,0.6636569,0.0317995458527151,,0.012070454749837225,0.03004106364922206,0.025672273646093726,0.2761820802366122
0.009922242,0.014703777,0.0304,0.014455251,0.03,0.030855563441007913,0.15025279946277176,0.017802239570217444,0.03425055989255435,0.0365275203559137,1.5427400542824365,0.22489135405691346,0.0,0.03277988250734261,0.27101894273495375,0.23617673194399572,0.0,14.14726,0.9760662,13.415888,-0.00718743,0.011355091,0.016800000000000002,0.010817068,0.01,0.015424457017494522,0.05757120092527148,0.007758561331362854,0.00954474844181713,0.021913519329560177,0.8425081563079172,0.20353280906596635,0.0,0.017986973349273648,0.07917394669854727,0.21624047127717047,0.0,6.622101,0.39552516,6.2978954,0.01789262,0.0224,0.6381882,0.022678281411394163,0.11661322775338513,0.012016737500692124,0.027913290551940223,0.028206870578511144,1.3897089843348742,0.024607370899509897,0.21083105517035608,7.6539025,0.8803078,14.628283,1.9612161,0.0175433,0.02,0.63979155,0.034313277911186976,,0.012892539137860693,0.028495882553209034,0.026616483625543738,0.24340184647076105
0.009823053,0.0160234,0.035199999999999995,0.015681678,0.03,0.03462109963904977,0.12896879711239823,0.020384584683399043,0.023088438512549315,0.039998384688995206,1.248797307814992,0.22472213248993445,0.0,0.0364292117505554,0.21411684687961716,0.2358466836282909,0.0,14.246783,1.2465428,13.277315,-0.0063815536,0.011708749,0.017599999999999998,0.0113284215,0.01,0.015097800173287443,0.05219560135497383,0.009359415279830363,0.011019561459872776,0.02177603930793457,0.6967680526889997,0.20178360622134467,0.0,0.017766053547789398,0.07193210709557882,0.21591669868416713,0.0,6.2634583,0.40563655,5.9091043,0.019260693,0.024,0.6086834,0.023124015965716536,0.1051084394788199,0.012232080176396267,0.02191629610900407,0.028697433999099894,1.2597165422495895,0.025117168860231416,0.17277802862632732,7.6347256,1.0025854,14.472912,2.1212432,0.018922023,0.02,0.616999,0.03176383019971439,1.4153381350861807,0.012193822501919058,0.025142625090645403,0.025755006414275385,0.19266950420500406
0.009817062,0.016362235,0.0264,0.016087083,0.03,0.025932266711435704,0.11263173340048686,0.01387961601611687,0.029559616016116848,0.031018272744061097,1.1943456818601528,0.22550143389608712,0.0,0.02768150764644697,0.18097808973642981,0.23595649034085966,0.0,13.168031,0.94117904,12.409365,-0.005595158,0.011849983,0.0192,0.011488208,0.01,0.01656783993458848,0.04123919946507851,0.010755134871168774,0.005955134871168797,0.022930186993501047,0.521590561115947,,0.0,0.019760019455650354,0.05968015468145663,0.21590710368370689,0.0,5.529126,0.46871945,5.1186514,0.01961776,0.020800000000000003,0.6338141,0.02013959742423176,0.09014334805678252,0.010691748053932406,0.01826353588024994,0.025173893303732486,1.0807510276579217,0.021993105561764877,0.13596035213360608,6.9424686,0.8810705,13.159205,2.0562015,0.01925202,0.02,0.5956799,0.031103551253125306,1.3469695414946676,0.012989794277599742,0.020368531077002587,0.025814221799948384,0.14714253661802598
0.009584736,0.01881353,0.0256,0.018316481,0.02,0.024852333305352706,0.08634266655474412,0.013791399983211612,0.01438853331094882,0.029261300763871394,1.019690406110971,0.2168072688357238,0.0,0.0264125788507954,0.13098364870131854,0.2260109820403558,0.0,12.523752,1.061298,11.6219635,-0.004978517,0.013436457,0.0112,0.013051491,0.01,0.008791866933413849,0.03835120156782111,0.0029175608061572347,0.010517561609342653,0.014090308734750761,0.11012643222865107,,0.0,0.011044343980573194,0.05046636485831658,0.21576798466625058,0.0,4.836304,0.2671421,4.604165,0.02257931,0.016,0.6120381,0.015089636158339999,0.07216196833607101,0.008026636846577732,0.014106072190978565,0.01939601953749243,0.8798407318459615,0.016573226113511783,0.10342348860415479,6.51453,0.7558196,12.386798,2.0706785,0.021887856,0.01,0.6388706,0.01968900571618157,1.0359292227745316,0.003990149036109117,0.01998262480051664,0.01569215597048668,0.10734192161124978
0.009564545,0.020276051,0.0136,0.01973906,0.01,0.015450056720749263,0.08415039704524468,0.010427519852262231,0.02278001764645532,0.019705429071882236,0.7262953590195586,0.2105373318029022,0.0,0.01707606442382821,0.11507234320752764,0.2169030277400376,0.0,11.606537,0.6662725,11.053127,-0.0043136403,0.01509065,0.008799999999999999,0.013573978,0.01,0.009352534118670746,0.029614401129279856,0.0025790584165820292,0.0032057611000449763,0.01353669856777251,0.07925184184251015,0.21034817307375042,0.0,0.011134818005579337,0.03985334052891388,0.2166049184754216,0.0,4.0307765,0.26853195,3.8021164,0.024484469,0.016,0.6110325,0.017682937918916015,0.057144111743535266,0.01167249009442694,0.009514715706926071,0.021751115136496357,0.6422076384492303,0.019246121838529327,0.08106480660382709,5.9094586,0.9437647,11.007683,2.3378963,0.023955863,0.01,0.6024034,0.024972312963535897,0.8025315995140173,0.00833369360542946,0.012553901639574875,0.017597250368329754,0.08675263715179993
0.009534144,0.020861194,0.016,0.020035736,0.01,0.01645065013010994,0.08064208041635189,0.010960519768320317,0.020768415814656254,0.02038297885309521,0.7425787250902376,0.2102770501098964,0.0,0.017706005818409174,0.1107420405064061,0.21641329045478244,0.0,11.515675,0.74648637,10.870176,-0.0038342886,0.014959159,0.010400000000000001,0.013901665,0.01,0.009200799974298025,0.02890099996787252,0.00290189077394316,0.004720802544496562,0.013688720371457658,0.07202906784547633,,0.0,0.011303324990844613,0.03900664984337388,0.21604733115594818,0.0,3.8488452,0.28759283,3.5918922,0.024885185,0.016,0.5766428,0.016245693912409705,0.057442097129876815,0.009881499749547037,0.010315985712623453,0.020052964584358415,0.6052981482181198,0.017525572095512233,0.08242395493128617,5.876002,0.8901764,10.967995,2.2981086,0.024386205,0.01,0.606582,0.021059844954301497,0.7315037899998634,0.005380989743347371,0.013349075215572737,0.016366846559754365,0.08471495403192998
0.009418758,0.021309426,0.0152,0.02031089,0.02,0.015201885575181998,0.07602639805254764,0.010309325658644229,0.021765279610509523,0.01914930684499659,0.6990175046419878,0.22025414016859166,0.0,0.01653688772585433,0.11096354566976163,0.22640240991265756,0.0,11.448217,0.7026572,10.83667,-0.003334992,0.01469177,0.0096,0.013958944,0.01,0.008313599563066236,0.029740798689198742,0.002213631711726748,0.0063121052067938895,0.01251153443816479,0.07042687908244095,,0.0,0.00992737621445358,0.03927375834848282,0.2159697803765222,0.0,3.6898713,0.25432023,3.4674723,0.025245612,0.016800000000000002,0.5821275,0.01660142789193169,0.05642274845514441,0.011008758761537184,0.010522932691095251,0.02051938472678853,0.5974399416670254,0.017950245606299767,0.07449878663709396,5.795668,0.9370317,10.761517,2.3485222,0.024630541,0.01,0.6025353,0.019987868224766673,0.7141885888659495,0.005217113465350281,0.013784184134724962,0.016210574466620074,0.07949116556334614
0.009412323,0.021648705,0.0152,0.020778868,0.01,0.016349973306471928,0.0725123998992697,0.011934986429390847,0.01373663952544839,0.020307440051484354,0.5885223201544532,0.21060292609426615,0.0,0.01757075062515714,0.0987578370842763,0.21672891982664153,0.0,10.722946,0.7796764,10.045494,-0.0028505386,0.015250897,0.0096,0.01365074,0.01,0.009376300070529805,0.022202080575724474,0.0032122088090201033,0.003630520342638217,0.013315286139389764,0.06111645331638163,0.21019089185432147,0.0,0.011051223306690509,0.03170244637438999,0.2163786073499947,0.0,3.0796084,0.28921396,2.8249745,0.025336739,0.0152,0.5463257,0.01624018405458337,0.053771153540478504,0.010929732754202769,0.010780395268300052,0.019946561129024532,0.4663531019347184,0.017469045179880915,0.0726335468502711,5.38106,0.91813904,9.951822,2.3434434,0.024861697,0.01,0.5812475,0.023471719643166935,0.5860831648160784,0.008551697361297529,0.011410572020476992,0.01708209313533622,0.07546433272195777
0.009403891,0.020991448,0.0112,0.020290254,0.01,0.01502999958029045,0.08011999832116175,0.010255999999999994,0.01396799999999999,0.019063999999999987,0.663056,0.21088274287877834,0.0,0.016434125790638382,0.10463888053446876,0.21761077197094103,0.0,10.922432,0.6149651,10.434258,-0.0024389038,0.014259495,0.0056,0.012497002,0.01,0.008170057450756074,0.028195200154211918,0.0017297607109797353,0.009146027115594679,0.012472516959782071,0.06871424011051842,0.2111252297949399,0.0,0.009944411605403547,0.037529509165348925,0.21741634757404932,0.0,3.2536545,0.19909489,3.103379,0.02468249,0.0112,0.5539389,0.014906764368977522,0.05750052814896079,0.00916065175958288,0.011998170143864803,0.018798685844469035,0.5135922410676252,0.016240949737165056,0.08026483623806359,5.5003195,0.72947663,10.410041,2.2092943,0.02383001,0.01,0.5520372,0.027012734749595424,0.6537519410754831,0.01088277869339919,0.010572391486220916,0.019649768022135135,0.07933179285383529
0.009306034,0.02064551,0.016,0.019731296,0.01,0.016987138291071825,0.07980819944598337,0.011281093259464433,0.019895519852262237,0.02119860284842889,0.8285558085452867,0.21039853080822693,0.0,0.0183800668973804,0.10872525086517654,0.21665900917812309,0.0,11.700735,0.75346977,11.05901,-0.002141831,0.013730515,0.010400000000000001,0.012886374,0.01,0.00979312055336286,0.029041400837120857,0.0038146254578166005,0.0075682818222707685,0.01457972576490779,0.06948602692415042,,0.0,0.011625594679802951,0.039170385074687404,0.21627466596424222,0.0,3.541799,0.28574833,3.2922673,0.024416039,0.016,0.56316125,0.016727749326170716,0.057563584892154435,0.010299194131330888,0.010422764844246094,0.02097487105412779,0.6485745885582382,0.018135291736915634,0.07988737733382527,5.8923206,0.887965,11.015575,2.2659817,0.023566559,0.01,0.5785465,0.0234604862119091,0.816970331088634,0.0064196029363711915,0.01382562973853358,0.01691607035637624,0.08594471859308325
0.009367721,0.021027617,0.0144,0.020113403,0.01,0.01565086656034023,0.08055259968102073,0.010063506645401366,0.01998735991493886,0.019744630848158976,0.7534293622093511,0.21047056522217256,0.0,0.017074473086640455,0.10952131160648308,0.21673296574142986,0.0,11.521443,0.69700336,10.928091,-0.0017081647,0.014224477,0.0096,0.01282376,0.01,0.00906739997570362,0.0262673995741105,0.0027793242704167824,0.00305348037010859,0.013760754008510049,0.0660813195550046,0.21006660122208698,0.0,0.01138905350799755,0.03481193483934339,0.21639448778347223,0.0,3.279048,0.265832,3.0480685,0.02445486,0.0144,0.5358122,0.015601948751473175,0.05987162788456133,0.009745485875810254,0.011807875484757833,0.01955948654500089,0.6158702440964469,0.016848807194579058,0.08214882456702652,5.790423,0.8173255,10.873874,2.23365,0.023853673,0.01,0.5675894,0.02400242740290828,0.7499351037320562,0.007147653186804561,0.013622872849736175,0.017118986784276372,0.08356235171164068
0.009369053,0.020915337,0.0144,0.019970056,0.01,0.015213706483113675,0.08246853241556842,0.00954055972467054,0.015140559724670523,0.0191436885136538,0.7981325204398556,0.21031883168691112,0.0,0.016508178533798584,0.11086542827038849,0.2165772287543764,0.0,11.801476,0.68396795,11.238079,-0.0013644788,0.013532931,0.008799999999999999,0.012609941,0.01,0.008094666711288119,0.03067099985643046,0.0018936799029108445,0.009512265222361739,0.012703900051504296,0.06848623992176965,,0.0,0.009981983200159266,0.039354957580716055,0.21619981669519237,0.0,3.3750577,0.20930068,3.1811838,0.024301281,0.0152,0.534216,0.015855871264717644,0.06069808010221249,0.0096435091193679,0.01205650311887901,0.019735567805269923,0.6519908088621654,0.017151659937698332,0.08230439074454661,5.93781,0.83800423,11.158865,2.2283392,0.023618078,0.01,0.5632188,0.02275013036041578,0.8369083197943009,0.006043832057903203,0.014554214844225142,0.016708871064035975,0.0868204000666018
0.009359732,0.021146554,0.012,0.020440921,0.01,0.01521708577664258,0.07851960043649796,0.010505980021824915,0.02221196004364979,0.0193450405919104,0.6126152841433729,0.21083292143345855,0.0,0.016656052322925826,0.10339236626048082,0.2173634850576249,0.0,10.82247,0.64229816,10.2954645,-0.00091063697,0.013658856,0.0072,0.012165375,0.01,0.008943679881770868,0.023959199786352674,0.0029779601458587877,0.005423681166870141,0.013512568963872809,0.06160328021301506,0.21091038265267545,0.0,0.011289924662250405,0.032984509239950936,0.21713007571868892,0.0,2.8390055,0.22433567,2.6506968,0.024505602,0.012,0.529762,0.015115594276588491,0.05950142894008249,0.009594639825565037,0.01175066530948751,0.01910319010394046,0.5214883962119933,0.016541145326526705,0.07912085553047613,5.386817,0.74906623,10.145661,2.2157233,0.023787132,0.01,0.53684425,0.026453887210685777,0.6581921406458064,0.010639132529679003,0.01154238904493336,0.018938889380119478,0.07845684269499176
0.009182882,0.022100046,0.0144,0.021310091,0.01,0.015462627861519833,0.0713191975153194,0.010852524804835048,0.013362192466812965,0.019170911978510865,0.4759030399283695,0.21056155762653245,0.0,0.016885037668014274,0.09256152538104938,0.21666264715924669,0.0,10.486182,0.74976844,9.835359,-0.0006944996,0.01483416,0.010400000000000001,0.013062391,0.01,0.010124267327064035,0.020910400457127647,0.0031793202032462885,0.0023448538199575893,0.014073005807324216,0.05102776015842857,0.21013043310045346,0.0,0.011669475896143922,0.029182459943390037,0.21631027271344508,0.0,2.594807,0.30003747,2.3227801,0.025475003,0.0136,0.5292944,0.014541072034672744,0.05253317491749175,0.009406749861393747,0.009973883640730888,0.018185451509327457,0.4014378057575182,0.015903955954505406,0.07210772678336501,5.180736,0.81659997,9.642219,2.2529974,0.02499492,0.01,0.5498998,0.023006589056734084,0.5192273291821042,0.00815241533831262,0.010211459401065914,0.01696568750352341,0.07117059995329139
0.009189981,0.024090018,0.0512,0.02298941,0.049999999999999996,0.01631794270364908,0.0625503992836957,0.012051840083026219,0.012095040152214668,0.020062898234421755,0.410883042054898,0.23131341295710045,0.0,0.01761057143473472,0.08450042860779497,0.23837048342122819,0.0,10.07612,0.9321755,9.345634,-0.00033643525,0.016215399,0.0448,0.014160704,0.04,0.008656267000792467,0.020656266314693198,0.0017443201647261957,0.00351750330913063,0.012353425404657626,0.04548767954475404,0.2204127337039708,0.0,0.010138055562738828,0.023903721971903224,0.22752265721298756,0.0,2.3376222,0.2846259,2.1089618,0.027720908,0.0432,0.5642204,0.008195736828638292,0.05188170689355791,0.0030626421177803423,0.013678206049925404,0.01180988326583447,0.3086583643071916,0.009428744837355226,0.07044609737927274,4.8822193,0.5190866,9.417849,2.0842445,0.026962936,0.04,0.5529401,0.01782818734337688,0.4211317454323764,0.0018334442219073565,0.014831871749153328,0.011914093060609261,0.0706072102017397
0.009413432,0.024643207,0.0136,0.023484904,0.01,0.01699091709007953,0.060422795265676156,0.012576912079241174,0.01104228019810291,0.020476104020817593,0.2935220804163519,0.21106497245983055,0.0,0.018224869153390864,0.079761126110604,0.21744300633067667,0.0,9.624002,0.8655241,8.876876,6.337233e-05,0.016279405,0.0072,0.013482605,0.0,0.00939405641585813,0.01943959872775172,0.002225741979068971,0.0029759537731432603,0.013006547766261655,0.04329503988155676,0.20089939391206663,0.0,0.010866517202476826,0.023799551821133472,0.20714665290380638,0.0,1.9807173,0.27261868,1.762261,0.028027765,0.0064,0.60962147,0.009746924259364824,0.04830763933817531,0.004676036752048639,0.011231267209217372,0.013007418857368884,0.16359809346812187,0.010828509583888625,0.0656606939359027,4.512227,0.49950293,8.629957,2.1618478,0.026771441,0.01,0.5007197,0.02654132876028882,0.3404992348933318,0.011373046463986397,0.007827900441152436,0.01913317713591532,0.06299349508497351
0.009379704,0.025342626,0.0128,0.024095567,0.01,0.015293010112791444,0.0600334384286074,0.01100564931651911,0.0123789068524581,0.018802903015113545,0.20388698777246145,0.21096224283590093,0.0,0.016486825666411367,0.07907754116526258,0.21714086170624586,0.0,9.29715,0.80868506,8.587301,0.00033261633,0.016589928,0.0072,0.013538032,0.01,0.008553699726816284,0.019604228430723476,0.0015307397137045429,0.0035691833194114245,0.01185629332186263,0.04236888001368094,0.21101333200390715,0.0,0.009875201315028653,0.023850670915871883,0.21695510745264845,0.0,1.7408097,0.2418994,1.5288467,0.028896024,0.0056,0.5397635,0.007992649801303878,0.048585143363608516,0.0032460371120681883,0.012751850408151072,0.011352306096611664,0.13998970818170497,0.009157178633536888,0.06386416430388543,4.435018,0.41633928,8.531404,2.1385553,0.02763828,0.01,0.5118936,0.02562728978243925,0.16844630737405097,0.010949369719594414,0.007591769292559262,0.01821572452630157,0.059140505898804575
0.009254776,0.024025224,0.0144,0.02291574,0.01,0.015854506057807978,0.060254397716779984,0.011776959264446033,0.012353917904809874,0.019514112068048917,0.26077056034024454,0.21077475785721111,0.0,0.017131869654503133,0.07955276171777961,0.21681622181892837,0.0,9.111088,0.82206786,8.368843,0.00054991315,0.015792865,0.008799999999999999,0.013125935,0.01,0.00900999946788911,0.018479996787277617,0.0020087263954624178,0.0026159981258994007,0.012661714210395076,0.04151599992972117,0.21055266296730243,0.0,0.010606321191640792,0.022425284524219654,0.21658350484127598,0.0,1.637959,0.26284334,1.3951523,0.027408095,0.0072,0.57325155,0.008588076526066697,0.04813150633134391,0.0036817767467322935,0.01262761143011097,0.012045760687586789,0.141380872042268,0.009792521755869256,0.0628549238162284,4.27149,0.4571792,8.142908,2.0545084,0.026408734,0.01,0.5201728,0.02400325259214945,0.2753243202402943,0.010355413685743784,0.008184716177624295,0.01739756972765683,0.06064766662059507
0.009364614,0.023471592,0.0136,0.022504123,0.01,0.016738849576093343,0.059955398304373374,0.012410359536697252,0.010974769299644646,0.02032882695841145,0.21743962841713532,0.21103848902499514,0.0,0.018076783396453036,0.07789105056807724,0.21737699906183028,0.0,8.741076,0.8331897,8.024794,0.0008064023,0.014956608,0.0072,0.012340697,0.0,0.008856456246959351,0.019098798635387947,0.0020354480753424467,0.003053172695924093,0.012710079928866027,0.04123567921946361,0.2010361246008225,0.0,0.010617597686253748,0.02328575437082102,0.2071466689065776,0.0,1.4849002,0.23985118,1.2847643,0.026810711,0.0072,0.5918044,0.010200706150628049,0.04672873368781801,0.004962698752322694,0.010962805161241282,0.013683256491036263,0.13750662967495614,0.011459768394355797,0.061015597650604964,4.0414476,0.52714175,7.659648,2.0868049,0.02555061,0.01,0.49331796,0.026434289517334193,0.19703485819442715,0.011213960825082268,0.007713348995386856,0.018851173250306916,0.06051519463433862
0.00932312,0.022181705,0.0144,0.021116598,0.01,0.016051412742382264,0.06118559556786704,0.011439422748258222,0.01151884549651641,0.019908231194679958,0.2823481615042391,0.2107398537495399,0.0,0.017460191440717063,0.08150057432215119,0.21688533003469043,0.0,8.551686,0.7696576,7.866025,0.00087272766,0.013730748,0.008,0.011931148,0.01,0.008816640094583226,0.020993280060656636,0.0018946558268717125,0.004491092518868149,0.01240661326741256,0.04445951939343375,0.2105313741081039,0.0,0.010120283491450801,0.024341275509309215,0.2166313148909167,0.0,1.5635169,0.21817622,1.3714976,0.025051968,0.0144,0.48338303,0.016021246448551255,0.04544507881693979,0.010925275026920462,0.00809603893188241,0.019730940637445883,0.16133450940611738,0.01731636076033751,0.0626710751634221,4.149293,0.880964,7.5076013,2.2541056,0.024254138,0.01,0.5142963,0.02461264546122251,0.29684515753769775,0.010268472357892265,0.008823821476151687,0.01757454070019378,0.06370771373507202
0.009265427,0.019576633,0.0152,0.018760053,0.01,0.01614826659951314,0.06608959959707883,0.01127369140554738,0.012657919919415764,0.020253547105403048,0.33648085508827885,0.21049329201709563,0.0,0.017573508976611855,0.08922912567256604,0.21670190448543483,0.0,8.003823,0.68783116,7.3840656,0.00095575035,0.012256283,0.0096,0.010920499,0.01,0.009293332887118913,0.021293332887118904,0.0028759994913155422,0.0026511997506911415,0.013513000040284806,0.04828399995816737,0.2101364316576566,0.0,0.01104110118458948,0.026252114966977838,0.21636345859019665,0.0,1.4540566,0.2217958,1.2451084,0.022236265,0.0144,0.50452816,0.015352738557312843,0.049798902422300624,0.009835481189656365,0.009514704142806186,0.019240125412514773,0.15592157993436473,0.01668308569453566,0.06635024825908595,3.8547256,0.74230564,7.033553,1.9935162,0.02170707,0.01,0.5271646,0.023630064731232636,0.3375518503472729,0.00763694495831885,0.010701400240948214,0.01704860528651558,0.06729186103481595
0.009320236,0.017968547,0.0144,0.01716972,0.01,0.015358772881166213,0.07099539830437337,0.009359386664428211,0.018239079996642323,0.019517239989926972,0.3351517199697809,0.2104054649154194,0.0,0.016681778040804784,0.09263318519578832,0.21664015570119094,0.0,7.7514133,0.59638083,7.2268496,0.000959229,0.010977317,0.008,0.010026498,0.01,0.007555998200860995,0.02346699918576995,0.0013955992369733394,0.005786796890059758,0.012040599633972852,0.0520541328430326,0.21010489684954786,0.0,0.00934742805959013,0.03136856989539723,0.21639762943132457,0.0,1.4717975,0.16976511,1.3282468,0.020420432,0.0144,0.49508208,0.015311763036793536,0.0522256001241867,0.00927144700011181,0.010879781436760577,0.019389103268278952,0.29512884352754515,0.016571656549019327,0.07102358583938603,3.7599783,0.6859708,6.9115067,1.8357023,0.019882903,0.01,0.52854484,0.02353347414001263,0.38804787038736926,0.006950369996581642,0.011723125663598658,0.016977960018937848,0.07098876904397013
0.0092776315,0.01723451,0.0496,0.016937168,0.049999999999999996,0.014812290927405502,0.07273380005036516,0.009775291452664533,0.022005408420059467,0.019017382978978547,0.39674778723523324,0.23104316918824871,0.0,0.0163461563399811,0.09567693858879224,0.2383825676356703,0.0,7.717907,0.5970038,7.245267,0.00091957283,0.010785065,0.044,0.009880628,0.04,0.007714971570063426,0.02296096016115132,0.0016401598877680045,0.00572047966330399,0.012593728018421915,0.05085621334102607,0.22059175557507496,0.0,0.009919653246474536,0.03191791947710679,0.2277256538507245,0.0,1.5843883,0.18940863,1.4181111,0.019797092,0.0496,0.5144618,0.01473374066853312,0.054726218909550234,0.008982946855907904,0.012176242612994896,0.018882173365299695,0.3071364051066684,0.01614883166699792,0.0727266783550511,3.7492537,0.685276,6.9351616,1.7786375,0.019076137,0.049999999999999996,0.47809723,0.02808584685947409,0.4191690627352357,0.011733653884813934,0.0099642378319897,0.022377155403710207,0.07281655057868958
0.009270086,0.018129645,0.0152,0.017353006,0.01,0.015513533115084374,0.07019247947620247,0.010136240409636548,0.01449082693975769,0.0198043606144548,0.4052130818433644,0.21028627027618554,0.0,0.01708225563076662,0.09380676676556633,0.21648982219419863,0.0,7.8048935,0.62168306,7.2521486,0.0009086733,0.011375733,0.008799999999999999,0.0103182355,0.01,0.007242395425046607,0.02242119771252329,0.0015494913148707383,0.00472423697230611,0.01226233133445112,0.052118159255927526,,0.0,0.009735308845016243,0.030411853613489047,0.21619280330845433,0.0,1.5165555,0.171164,1.3563077,0.020924792,0.0152,0.5228103,0.015445097997777655,0.05041086387857258,0.009188713563113333,0.009524012509307518,0.019589004613362066,0.25104553511019234,0.016954585622414742,0.06996282838078467,3.7597766,0.70967597,6.8759828,1.8666986,0.020188928,0.01,0.5364454,0.021786388580985163,0.4021307883500605,0.0059416016620711075,0.012225070255348034,0.01653045154363433,0.07189374517416956
0.0093943495,0.018116329,0.0136,0.017122231,0.01,0.015351028288424415,0.07137146534598059,0.009062879207588368,0.013331439603794175,0.019443532275665257,0.39198295979182407,0.2105965375414954,0.0,0.016681095420508926,0.09137314504610693,0.21691540754792704,0.0,7.6695333,0.577427,7.163165,0.0007825158,0.0111540295,0.008,0.009897094,0.01,0.008815519488916426,0.022838799478732654,0.0020191033555494414,0.005323878984050744,0.013057459968058266,0.05005967968900597,0.21048696903406772,0.0,0.01038062009158093,0.030161240623668744,0.21674297742958748,0.0,1.5717496,0.19005427,1.4156761,0.020634605,0.0136,0.4992151,0.015328593374732236,0.05128349533484372,0.009119393881701354,0.009975639792961356,0.01927814015262147,0.2915985374945437,0.01664397863667109,0.07156232782027548,3.7429934,0.6689973,6.8958654,1.8373675,0.019776834,0.01,0.52410537,0.025179474631264256,0.39688842082733394,0.009620508624618652,0.011419885581880578,0.017693368667437925,0.07209728717512257
0.009425192,0.01642126,0.0144,0.015822139,0.01,0.01528924405644625,0.07440159825400823,0.008640633929320893,0.015968126785864182,0.019680480483505427,0.3597609609670108,0.2103386835912114,0.0,0.016986101930491347,0.0974235615357324,0.21660599987529203,0.0,7.236283,0.5268939,6.7543225,0.0003987098,0.010610208,0.0096,0.009687218,0.01,0.009350399434556901,0.022333865667146346,0.002973439996573052,0.0028601599948596037,0.013913813323088244,0.05236095993488835,,0.0,0.011067606524194298,0.03035774837545147,0.21637548462277648,0.0,1.4744644,0.19254032,1.2947366,0.019182147,0.0144,0.54317904,0.015153931223703876,0.052527385755410445,0.008401873008037592,0.010076079650949758,0.019478981352707567,0.29904245529324713,0.016803038331957305,0.07178862073608448,3.478428,0.6119445,6.3908396,1.7094134,0.01855215,0.01,0.5493834,0.023525490932655373,0.40634721820995867,0.006320879126458223,0.012331402646177103,0.01692894854176842,0.07393131943151883
0.009314022,0.016310534,0.016,0.015551645,0.02,0.015292615048847755,0.07426799854500685,0.005232158750944382,0.017072158750944345,0.019583022692296937,0.43266180105766805,0.2191669490814052,0.0,0.016792804699218643,0.10051414548479637,0.22614804066745453,0.0,7.5572557,0.5407898,7.0670853,-0.0004605055,0.010773702,0.0112,0.010036238,0.01,0.008691400276296326,0.023055200368395125,0.002572187436832792,0.003858280179190671,0.013724520131361124,0.053524520112415985,,0.0,0.010962389180935861,0.03035725585069856,0.21578871643799605,0.0,1.8797219,0.1978556,1.6881667,0.019051999,0.016,0.5431089,0.015246637136461823,0.0540814915568452,0.008069190103195343,0.009408779153499459,0.01940915921152127,0.371136587236293,0.016624588050075093,0.0711126945697133,3.7206266,0.62874556,6.861856,1.7014387,0.01850891,0.01,0.57309854,0.019639740608714505,0.46229638098035,0.004066012327877004,0.013624703942227156,0.01569164247887443,0.07698056761509942
0.009476451,0.015926206,0.016,0.015238327,0.01,0.016868710745497447,0.07567279890315902,0.010494559780631789,0.020141839670947705,0.021212760066034297,0.38863828019810287,0.21045764486933213,0.0,0.01853907019714361,0.09899814077963988,0.21668079216621777,0.0,7.3300314,0.58011657,6.8023605,-0.0014032071,0.010788776,0.008,0.009865786,0.01,0.008052199501522273,0.025472532244570127,0.000921756730707466,0.006214504983762278,0.011981061668194388,0.05754791958396951,0.21009773784698635,0.0,0.009570403076357207,0.03352600786918125,0.2163442806337043,0.0,1.8262668,0.15485063,1.6834121,0.018671177,0.016,0.5491212,0.016752649640409983,0.05257367654167168,0.010561706284556476,0.010297014771786702,0.021005010849604013,0.32149520375135787,0.018290585431663293,0.0743450953849748,3.602797,0.6831367,6.575753,1.7471102,0.018153245,0.01,0.57456815,0.023541540496454374,0.4298253491900115,0.007146216265462897,0.013005775558406287,0.01701546117016804,0.07667239334850996
0.009632444,0.017212544,0.0112,0.016644487,0.01,0.015504666610705407,0.07171399983211618,0.010002239973138602,0.014605599932846465,0.01957008055065894,0.3205801611013179,0.2109319372357598,0.0,0.016937812258764142,0.10042687386998894,0.2178447117485584,0.0,7.3263717,0.51339895,6.906765,-0.0024660367,0.011967558,0.0048,0.0106410505,0.0,0.007442000257019845,0.023842000257019855,0.0015094668049931443,0.006928401142127389,0.012385199831933232,0.06071119931889738,0.20093325271924165,0.0,0.009498821701451516,0.03304823275533962,0.20746518226611427,0.0,1.8361228,0.14946854,1.7222565,0.020386392,0.0112,0.5655101,0.015299451374674164,0.0511187417819606,0.00933660758385695,0.009530397449581483,0.019399760048204873,0.28634981307983837,0.01675483971878698,0.07146385961701214,3.5848246,0.61347306,6.6570525,1.8266551,0.019485204,0.01,0.54676384,0.02728822671300584,0.3880282882827601,0.011257426011453332,0.009918440856086102,0.020711118579421067,0.07311116167915192
0.009547235,0.01885103,0.0152,0.018158711,0.01,0.01616879999040666,0.07145439995523098,0.011541805710448353,0.013596319986569292,0.020117982036430795,0.41518344161840004,0.21053714574253038,0.0,0.01737011698485985,0.09632187175775754,0.21665481278232637,0.0,8.428312,0.6772956,7.830522,-0.0037904582,0.013871748,0.008799999999999999,0.01237363,0.01,0.008242133424004169,0.023150932833573175,0.001710079400776567,0.0031957936913172133,0.012587008652727081,0.06106752173873757,0.21009519076555022,0.0,0.00996218472013702,0.031632493556705665,0.21629969916072037,0.0,2.4552007,0.22290565,2.2532096,0.022417797,0.0152,0.57186,0.01599188467962872,0.0502709346463819,0.010751578410525734,0.007844374941916945,0.019854185193570312,0.250971880882682,0.017241438118322183,0.07118793912315655,4.2080398,0.80287653,7.69552,2.0404909,0.021973746,0.01,0.59814394,0.0228286001194423,0.4074057363520702,0.007633020797409813,0.010421879091010711,0.016883237375449764,0.07164177016477985
0.009631113,0.018767152,0.0152,0.017906193,0.01,0.016318628628988745,0.07246080080584236,0.011761736974014001,0.013166079409048929,0.02008994934487155,0.4057894427935868,0.21057043102809894,0.0,0.01759568318984866,0.09798489116447029,0.2167099798779114,0.0,8.479791,0.6686696,7.889989,-0.0050204927,0.014290107,0.0096,0.01281518,0.01,0.009232001113752721,0.02344800167062906,0.0023227432248381775,0.0029765328871189044,0.013410215677146288,0.06233280399344199,0.21009940160212393,0.0,0.011112203240164263,0.03272203169647035,0.21637179646573124,0.0,2.753665,0.26921657,2.5178154,0.022641836,0.0152,0.59371054,0.0162016900015537,0.050782683793044105,0.01057636652814117,0.006731669293154441,0.019720554146424228,0.3183885678312061,0.017417053220151,0.0700867799212879,4.28458,0.8087714,7.8481894,2.052399,0.02201955,0.01,0.62117493,0.02334372415719109,0.40874927241214853,0.007757974599145428,0.01043759758987453,0.016981932416061978,0.07238152252361961
0.009838808,0.019447045,0.0152,0.018523954,0.01,0.01590933322141077,0.07130239973138587,0.011260342818769413,0.012305599932846467,0.019720106953188404,0.40135040107445646,0.21048173578849036,0.0,0.017239904471450653,0.0971192357716053,0.21658190408520525,0.0,8.444732,0.65822643,7.839841,-0.006077292,0.015115,0.010400000000000001,0.013630795,0.01,0.010268319944226778,0.02263539966587419,0.0030713861517352144,0.0026761052924671744,0.01382123993569826,0.06230914643361764,0.21006281067301083,0.0,0.0115482089904056,0.031263910400987506,0.21624637176924255,0.0,2.9617991,0.30088717,2.6835113,0.023407524,0.0152,0.59024704,0.015915361920703846,0.05011288434198422,0.010520553753839567,0.00838851110804471,0.0194217506539007,0.2630938543475598,0.017040796762622722,0.07129944402302835,4.332174,0.80944604,7.9154058,2.1157525,0.022998597,0.01,0.6343815,0.022007740501827015,0.3977291036088475,0.007058128354779143,0.010012429645665996,0.01669869329695956,0.07050859097923036
0.009962184,0.020322205,0.0136,0.019572195,0.01,0.015651011401286767,0.07143359691093763,0.011554453230364607,0.013326719382187524,0.01926190505406621,0.3687404777973642,0.21085139220981414,0.0,0.0169590999289263,0.09275684975124203,0.21696115041411085,0.0,8.843256,0.68375623,8.24724,-0.00709745,0.016483018,0.008,0.014428322,0.01,0.008652159846816403,0.02221519988273493,0.0019746847317984703,0.003843040544882091,0.012611495062025278,0.06258735878598339,0.21061005145839856,0.0,0.010388575799929868,0.03197143950555948,0.21672727468664543,0.0,3.2047207,0.27398008,2.972118,0.025248818,0.0072,0.69924295,0.009020845401074304,0.05125015250175851,0.0038302710658061185,0.012463433783195825,0.012579969449471264,0.2398720696319521,0.010206719614367967,0.0707346175322275,4.4153438,0.44156313,8.466089,1.9134142,0.024315577,0.01,0.6352487,0.02481928471092374,0.39366688875319794,0.010457523343220103,0.008351941006852718,0.01773483690781866,0.06825602078459331
0.01014547,0.021137457,0.0136,0.020045724,0.01,0.015800426424913937,0.06850319818685469,0.011844128061781247,0.01234875437397321,0.01947322034751951,0.34538576278015615,0.21092480261256583,0.0,0.017130181194366195,0.09108581537464797,0.2170703798623704,0.0,8.805315,0.7153944,8.184004,-0.007938344,0.017555818,0.008,0.015055862,0.01,0.008980133315573994,0.022140400308423826,0.0019424655914669529,0.0034446182796192414,0.012700776592392458,0.06410543634598452,0.21073024934446233,0.0,0.010536446267116207,0.03173778022962718,0.21680593148094054,0.0,3.3081493,0.28641537,3.0549068,0.025921756,0.0136,0.61731935,0.015662081250359144,0.047592329932942004,0.011017889511382191,0.0061922264241840224,0.01912210587467744,0.2841532326283988,0.016977353736324582,0.06464983503512367,4.547536,0.88244814,8.314317,2.309929,0.025070101,0.01,0.6441894,0.025218131088582823,0.3739460543287316,0.010661565186773244,0.00781605915375015,0.017916476066242453,0.06682337403669861
0.010268845,0.020570287,0.0048,0.019744832,0.01,0.005982971303857721,0.08011231965080165,0.00223318852154307,0.02200646393016033,0.009662807597506162,0.37409696119085595,0.21076392435009214,0.0,0.0073098838664928285,0.10495814186388534,0.21677422583554945,0.0,8.952433,0.238772,8.762044,-0.008780167,0.017585969,0.008799999999999999,0.015573016,0.01,0.008974276653282277,0.022777599648739533,0.002059235223143196,0.004155519501381481,0.012433173136695449,0.07059903938829275,0.21032956326190808,0.0,0.010317813152275994,0.03249864800497398,0.21641487691207323,0.0,3.6196032,0.30012637,3.3505912,0.025983553,0.008799999999999999,0.74342275,0.00971174752865827,0.04872962240458174,0.004762425121245451,0.010985145661832623,0.013217938974770596,0.20700136898023166,0.010950324189998036,0.06830526983483202,4.520089,0.526245,8.580902,2.0012546,0.02514711,0.01,0.667821,0.02308116565239878,0.38365958190861044,0.010072327519762753,0.008179487956223391,0.017075114000855436,0.06767628173966338
0.010524469,0.021535097,0.012,0.02062532,0.01,0.015042666442821566,0.06853999944038726,0.010969777852392826,0.012732571524505042,0.01843942900312982,0.38711733534793924,0.21101868368890753,0.0,0.016220922229673987,0.09193891947611453,0.21730498325809555,0.0,9.176992,0.66440433,8.608049,-0.009356457,0.018857978,0.0072,0.015871016,0.01,0.00873170025491122,0.022175600248452526,0.0019827931299861577,0.003452681629981246,0.012491373545521765,0.0696988277500753,0.21102345322150584,0.0,0.010320286602378338,0.03256085964707308,0.21705071786017327,0.0,3.7760262,0.29795623,3.5311322,0.02747538,0.0072,0.756471,0.009853779468360926,0.047714127483234454,0.00461344399424911,0.010867885350517232,0.01327419455283366,0.259910245999736,0.011031486678139754,0.06659540720988223,4.6328974,0.51180017,8.848221,2.094435,0.026024852,0.01,0.65585965,0.02604195718301355,0.40082454623312463,0.011056971125988966,0.0072318131776273175,0.01850369592616076,0.06664567552305364
0.010527356,0.0224198,0.0056,0.021394636,0.01,0.006179421546956155,0.07894319594840371,0.002197727348020544,0.02162765113741291,0.009763805398664135,0.40476442519376593,0.21065035742076527,0.0,0.0073572680013757235,0.10389404601306922,0.21658574294202143,0.0,9.98414,0.2853786,9.752701,-0.010034786,0.01988417,0.0096,0.01781092,0.01,0.008874199951206446,0.023478720041123176,0.0025937467069330976,0.003657634132236714,0.012555707210504079,0.07006712186600336,0.2100391741575914,0.0,0.010324638330063453,0.03343961711574098,0.21619212951775546,0.0,4.5047956,0.35018212,4.181286,0.028743241,0.0096,0.7639593,0.009903133657256785,0.047845423776085624,0.0046752800488426595,0.010267232664115474,0.01330808484457434,0.3167651740339438,0.010985932577012908,0.06761155812547018,5.162964,0.6069538,9.787431,2.2019868,0.02783809,0.01,0.6942431,0.020394015876324827,0.4259851957993318,0.007791239147592748,0.007915389711945706,0.01656320922285431,0.0672327584640316
0.010611897,0.021891464,0.004,0.020671029,0.01,0.006632799462771754,0.07933119785108705,0.0027440861396640687,0.014984947536304877,0.010192037763984989,0.41086464198774447,0.21105918492628908,0.0,0.007892939414401917,0.10072665668161088,0.21725391432488142,0.0,9.621229,0.2576989,9.436167,-0.0104450295,0.01959869,0.008,0.016755512,0.01,0.00935110061614423,0.022808809355522715,0.0023268132750754833,0.0033202932168176643,0.013149703713159214,0.07289585298464307,0.21085993385001775,0.0,0.010742114496219028,0.032757943726180586,0.21693167201102107,0.0,4.377596,0.33275607,4.0900316,0.028084124,0.0072,0.766652,0.009529092988661341,0.04932380952380952,0.004175066709718613,0.010709671543509009,0.012999541432563865,0.3254014858268374,0.010693183329065915,0.06815959465517148,4.9832144,0.5119983,9.5460825,2.1325932,0.026608994,0.01,0.6811586,0.025762437543260006,0.4420151305023655,0.010957433389871837,0.0074944797075149954,0.018279592907992425,0.06822547864409512
0.010719073,0.019676264,0.0056,0.018708793,0.01,0.00637621849316638,0.08231280114161,0.002298767934189527,0.004587679341895414,0.009806366250554628,0.582177825501553,0.21061484115392146,0.0,0.0074722163104097485,0.11048324465614605,0.21659679816651803,0.0,9.797527,0.24119186,9.599373,-0.010810284,0.017412968,0.010400000000000001,0.015924126,0.01,0.009908601513602934,0.02806881064062199,0.0034921605846024704,0.00373792370793977,0.013507741105902369,0.08492385658292102,0.2100214574151568,0.0,0.011395121683063598,0.039447153111601074,0.2162144402223208,0.0,4.7605934,0.3477843,4.4456635,0.025083818,0.0144,0.6690348,0.014905755453470603,0.0525672316867848,0.00971953129038111,0.008837502137737992,0.018278099718387238,0.4846287593588095,0.016068035428392885,0.0731413402599683,5.3190203,0.8291735,9.893393,2.2121046,0.024568204,0.01,0.70516557,0.02114599995174721,0.5855164449746495,0.007406337578562798,0.009479157638438228,0.01661212469729243,0.07473995385115292
0.01089637,0.020386558,0.0144,0.019481217,0.01,0.01611495945605643,0.07729972970704273,0.012109982707966082,0.013166609026553623,0.019699903858529887,0.5582328526259829,0.21081073202240255,0.0,0.017240053888487046,0.10686035027516577,0.21688102768710285,0.0,10.050155,0.7041622,9.426624,-0.010913249,0.018327609,0.008799999999999999,0.016398143,0.01,0.009122400306495911,0.028412002827218404,0.002624479856068865,0.0033611996401722035,0.012766844825293583,0.09300320632268842,0.2104149325535145,0.0,0.010695649046340804,0.040765191078729675,0.21653501140643583,0.0,5.032152,0.32390988,4.7482986,0.026199749,0.0096,0.7747448,0.011036697759664047,0.05248888330875805,0.0054916822763711485,0.011397249194734418,0.01439690610669004,0.4591959650202144,0.012066302538213404,0.07429853422424403,5.350998,0.5873376,10.187956,2.0993938,0.025464034,0.01,0.6996798,0.024013450554189644,0.5841781547909309,0.010176367226962314,0.00916124689395625,0.017332188512947228,0.07550171335577006
0.010859534,0.018648217,0.0136,0.017769504,0.01,0.015387076819763798,0.0812159993284647,0.011080799966423228,0.013041066621897647,0.019123200238768095,0.7491392014326087,0.21072721953787749,0.0,0.016653163808290537,0.11409872856217905,0.2168903984173236,0.0,10.25297,0.612205,9.736837,-0.0109420065,0.01615325,0.008799999999999999,0.015035458,0.01,0.009560457540712922,0.0316410674891302,0.0031938486636317975,0.0071907729872132614,0.013310177255206872,0.10996725781233267,0.21035826221966847,0.0,0.010937297305320726,0.043749190308118,0.21652770217444184,0.0,5.24922,0.3017346,4.99273,0.024074374,0.0136,0.6847004,0.01511926177967316,0.054799818735180875,0.009453770776805096,0.009287298922937188,0.018846729243163097,0.5695849540783647,0.016327939155558215,0.07731466796579241,5.6309295,0.7844359,10.588084,2.130164,0.023277033,0.01,0.7022478,0.024285686571874764,0.7367682737169519,0.009897672731420002,0.01007155463970873,0.01739940766620606,0.08257628841403851
0.010690226,0.016820453,0.0152,0.016003871,0.02,0.01627445695578658,0.09824239738101233,0.011032118525980013,0.023032118525980024,0.020311166240961256,1.0236593878955762,0.22038661958112213,0.0,0.0176606012973818,0.14157332280337007,0.2266412048661994,0.0,11.550957,0.58138657,11.080536,-0.010863853,0.014451748,0.008799999999999999,0.013899809,0.01,0.007921943159665351,0.04115120049690505,0.0023386737775493204,0.011395119407140868,0.012678040399598559,0.6142341216346463,,0.0,0.010365394435994267,0.058075657300674606,0.21625998686516185,0.0,6.0512667,0.24299468,5.8485804,0.021876698,0.0152,0.693716,0.015821758507086222,0.06622869260474565,0.008667081266856757,0.010297215525114152,0.019957882035827424,0.8366142928707259,0.01728769046794064,0.10115481256526271,6.375209,0.7479963,12.12671,1.9995917,0.021157194,0.01,0.71680313,0.023050048406436402,1.0748364019170569,0.005959446924337684,0.014831728300430419,0.01676012695331451,0.10707868004091291
0.010733719,0.015889373,0.0224,0.015410075,0.02,0.023787288209892087,0.10602853129634293,0.01225711340552334,0.02412855670276169,0.02823140810878872,1.1207828162175775,0.22023984203282823,0.0,0.02512934591076269,0.1564076016727966,0.22673442480218275,0.0,11.993418,0.8331715,11.31996,-0.010599016,0.013723097,0.0152,0.013347406,0.01,0.014748001391118851,0.040940008353145284,0.009124000050485984,0.005695428884179413,0.019868001645639562,0.5391224028124375,,0.0,0.016778454654230883,0.05744918240656687,0.21631220519017513,0.0,6.4123487,0.4580641,6.0241365,0.020827703,0.0152,0.7193379,0.015977129093043458,0.0781164114321584,0.008717437810338789,0.012206764689650816,0.020498099692791493,1.0351485164329428,0.017507610191571755,0.11356414450701281,6.6234827,0.7192412,12.662178,1.9376019,0.020239653,0.01,0.720111,0.023972621654816423,1.2089231740984931,0.005936552137847642,0.01718735318619036,0.016948832543172757,0.12493957183375148
0.0104508,0.015506599,0.0224,0.0151426885,0.02,0.022507543020230013,0.11436853409440667,0.010897640728615807,0.02839056291446319,0.026893644132078773,1.2718060170905734,0.21752827302297714,0.0,0.023925451769164326,0.17466953983483996,0.2261973856118278,0.0,12.541615,0.77827454,11.930955,-0.010374531,0.013266705,0.016800000000000002,0.012835358,0.01,0.014753121865063076,0.0440414026442899,0.009079016715469835,0.005190624059268683,0.020225442908636933,0.6431926993607978,,0.0,0.01710979436357629,0.06345876421282365,0.2159478805936545,0.0,6.666985,0.4531871,6.279005,0.020072209,0.016800000000000002,0.72208256,0.01632745440559661,0.08220641530669667,0.008954494606945446,0.01771336867263145,0.020931258940306317,1.123893981307451,0.01786392018387319,0.13102615541113025,6.9090757,0.7272141,13.235341,1.9012108,0.01938749,0.01,0.7235419,0.020573621938238418,1.339859156742696,0.004216485321393222,0.02346371429860579,0.01601441701879274,0.143079092758919
0.010355384,0.014936325,0.0344,0.014661174,0.03,0.033259054508825325,0.12532479979853942,0.020594986653235992,0.01415398398388315,0.0381729285990095,1.3165058571980188,0.22477856768602988,0.0,0.034647888006081845,0.20861971949499977,0.23575199651968462,0.0,13.184006,1.1207327,12.295532,-0.00998794,0.012648206,0.0184,0.01204061,0.01,0.014806400753067555,0.05243200539741695,0.008581600708409586,0.007126407504979753,0.020933943709241884,0.7047172005151434,0.20124443960218436,0.0,0.017432274450962133,0.07116137412040885,0.2156071747917757,0.0,6.9393544,0.43736783,6.56668,0.018944891,0.0224,0.6906375,0.020848936230713662,0.09597202193003126,0.011630903045990817,0.02028924412078736,0.02577004426662929,1.295968784551266,0.022429880615509545,0.1599648895462914,7.291664,0.8856991,13.86614,2.0065017,0.018536417,0.02,0.68613446,0.029615954744612837,1.4970771422550553,0.012394347583700522,0.020927478141572968,0.025162392293210163,0.18124566351612442
0.01034895,0.014388017,0.024,0.01418831,0.03,0.02270727977839333,0.15176819944598338,0.009574559556786698,0.04358727977839335,0.0278285071210722,1.5183427606816082,0.22413369430748112,0.0,0.023998157017845734,0.2871898635807473,0.23549011063701802,0.0,13.756611,0.68916404,13.235153,-0.00965863,0.012202943,0.0192,0.011433013,0.01,0.014927999559394537,0.057047998457880875,0.008673068602882904,0.008563840255991365,0.021910398850755384,0.7559431986120928,0.2033547502586095,0.0,0.017452435876662228,0.08340974452041512,0.21555473082317553,0.0,7.4138308,0.4366523,7.054375,0.018208416,0.024,0.6596855,0.02205322783691963,0.11504792647555014,0.012265944211448459,0.025069630814782123,0.027345128450534727,1.416791676661503,0.02365893985222565,0.20143404628655284,7.706985,0.8984494,14.705727,1.9816513,0.017977646,0.02,0.68657655,0.029434676219712658,,0.011474121634630876,0.026537478073706242,0.0247432211121064,0.22936595574790208
0.010300575,0.013992598,0.0376,0.013695257,0.03,0.03520674317372377,0.16221180055401663,0.019044720221606623,0.031896480147737764,0.040857852957753224,1.5238292815291816,0.22331452318853445,0.0,0.03689623851231886,0.30788871678030055,0.23523210907680508,0.0,13.890417,1.0996811,13.061632,-0.009244678,0.01144113,0.0184,0.0110097835,0.02,0.01409542871829708,0.06653400051403971,0.007773400506408416,0.01377340005140397,0.02054891469412646,0.891160600482414,0.2130390415873505,0.0,0.016632357265112203,0.09229707060232036,0.22541851739229712,0.0,7.376845,0.39355555,7.0586686,0.017437648,0.0248,0.68093294,0.021950176087947283,0.12159361857471812,0.012123230061440698,0.02748315881471085,0.027547965612176588,1.5071075688607067,0.02396899835149111,0.24214241677132117,7.718257,0.87436724,14.760399,1.9061936,0.017153382,0.02,0.69689965,0.029253288039931817,,0.01109758564514287,0.030663767597490416,0.02434909939061427,0.2798247982481072
0.010326759,0.014077363,0.028,0.013677947,0.03,0.03132808901573444,0.153776400570805,0.015630112045664373,0.034150560228322,0.0365755048770251,1.5214710097540503,0.22705527882481422,0.0,0.033033071125036076,0.3260818917098602,0.23713317999431757,0.0,13.593296,0.9186948,12.929159,-0.008782718,0.011211078,0.0128,0.010918874,0.01,0.014068599735149338,0.06427439760971534,0.007067439760971547,0.012711626507314354,0.020687702568618672,0.9558427836501836,0.2103735558890921,0.0,0.01588229436590427,0.09369376572272754,0.21701913351958066,0.0,7.128239,0.3474038,6.8617783,0.01748031,0.0216,0.6962626,0.024266977058331758,0.11953962038035712,0.01327906186356031,0.021392199266971793,0.029986153164065624,1.449591384014768,0.02652867868346557,0.21903221264382558,7.500556,0.9148529,14.318677,1.9460657,0.017044168,0.02,0.6514431,0.03673389188664672,,0.015666918454564752,0.02623915150575258,0.0292111633213036,0.27007697613832354
0.010196728,0.014873085,0.033600000000000005,0.014597932,0.03,0.03220269999160582,0.13801079996642324,0.019308106662189767,0.03376215999328464,0.03792972164861917,1.4566594432972382,0.22427642378043736,0.0,0.03409843926894318,0.24714765864191482,0.23566652434872382,0.0,13.823402,1.0819361,12.994617,-0.008310324,0.011898218,0.016800000000000002,0.011392661,0.01,0.013520685554172905,0.05428895980132382,0.0067363199040459225,0.009481792132313609,0.019935079708744433,0.822325805178544,0.20232565330852045,0.0,0.016327217442736536,0.08354526134186728,0.21573041290317935,0.0,6.9824853,0.3798503,6.6701064,0.018426228,0.0248,0.66144484,0.02315115449809341,0.10758659221496511,0.01310687319591816,0.022975850234009356,0.02860286198753256,1.24318937869042,0.025036230139446797,0.1975349908835624,7.598584,0.97889304,14.429365,2.0329013,0.018111361,0.02,0.6626462,0.029784627199420443,1.5364222973701163,0.011915816674746863,0.025603936273969997,0.025189219236709946,0.21899923092569465
0.009992805,0.015077007,0.0256,0.014606587,0.03,0.025194599597078832,0.13837839838831528,0.011917839838831514,0.038290453118442036,0.030338026768143116,1.492660560228322,0.22518488062856026,0.0,0.026835566966104535,0.23998002519574713,0.2359002756154063,0.0,13.730092,0.80910355,13.108116,-0.007742151,0.011909813,0.016800000000000002,0.011371789,0.01,0.014296959537878684,0.054542398637794774,0.008072319624752028,0.007054241470153571,0.020844079353816415,0.7741763169694178,0.2009144643574273,0.0,0.016468217665929798,0.07518036403010422,0.21588990827397908,0.0,6.7206607,0.38662168,6.394368,0.018584702,0.0256,0.6244941,0.024741091400763207,0.10138217336198821,0.01540419669920393,0.016561557932682887,0.030095825022451252,1.3270106078959443,0.02667040633266042,0.1825089613745439,7.534073,1.0288856,14.241256,2.0666997,0.018109418,0.02,0.6464257,0.031022116399779236,1.5679392225450646,0.012626779786715971,0.023862262114991328,0.025744788776733144,0.20422493748559656
0.009817728,0.015473981,0.0328,0.01504794,0.03,0.0319646666107054,0.12669399983211618,0.01711151998656933,0.024785866644282156,0.03720262944442447,1.4247046015277427,0.22446015720085646,0.0,0.033539044195382076,0.23790982923514112,0.23569007104082532,0.0,13.918375,1.081446,13.080491,-0.0070851594,0.011716636,0.017599999999999998,0.011169333,0.01,0.014643679239221228,0.05260919809805307,0.00776122469960801,0.011241837049412066,0.021325519631551562,0.6239933026171834,0.201982597034209,0.0,0.017374649958725515,0.073498602142659,0.21583945639402824,0.0,6.559836,0.4035996,6.225194,0.018637786,0.0272,0.6326959,0.02601490749915338,0.1017360554036612,0.015378641811384023,0.019929849169606113,0.031381505619034585,1.3822568534089175,0.027949616064426166,0.1781480876317526,7.5516253,1.1007615,14.228587,2.1119924,0.018288063,0.02,0.63288045,0.030228364602292074,,0.012026293824487909,0.025852397832851925,0.025479411454156563,0.20074727053966018
0.009747164,0.016764978,0.0344,0.016254615,0.03,0.033084240073868884,0.10524240073868882,0.02049769602954757,0.022488480147737758,0.03831963280449927,1.2263981640224964,0.22511204830842682,0.0,0.03485172126995958,0.1653034420659398,0.23572834071650894,0.0,13.3188095,1.2575065,12.292759,-0.006316388,0.012339305,0.017599999999999998,0.011829111,0.01,0.014220800224892265,0.044641600269870844,0.008422656649333931,0.007713286641393041,0.020236586564429945,0.48953983965730735,,0.0,0.017002838982019194,0.060507096663262136,0.21566032929692622,0.0,5.7967463,0.40486127,5.4317245,0.020058513,0.024,0.5912002,0.022445671369533057,0.08913428424028798,0.01257237607722891,0.020596132267500636,0.027604646485153626,1.179932959914468,0.024300368284854542,0.1423774104932157,7.1445513,1.0263147,13.437744,2.1893158,0.019704057,0.02,0.61020267,0.02965797538374403,1.3371218932763613,0.01237223648421427,0.021713320932673683,0.0252341928074928,0.14529510779018198
0.009707445,0.017470388,0.036,0.017039906,0.03,0.034731733213949297,0.09069279946277176,0.02223285329751816,0.015498559892554345,0.03965740847813313,1.0367548169562664,0.2256660645532177,0.0,0.03630241543759989,0.13821449199096594,0.23579133229774368,0.0,12.664767,1.3905767,11.490933,-0.0055893604,0.01265586,0.0192,0.012261617,0.01,0.01609168012002806,0.03662920066825162,0.010377225042301187,0.003188612521150592,0.02151216046515965,0.5008925613634903,,0.0,0.01866608272363105,0.05079737171853654,0.2156585277028472,0.0,5.2094436,0.48063955,4.7785606,0.021009324,0.0184,0.62591,0.016883466603485022,0.08221631382690804,0.008525215800808292,0.02064224153485295,0.021691541794592286,0.948756543424993,0.018498033074095248,0.11432728170979276,6.6578927,0.7881502,12.650473,2.0388584,0.02039635,0.02,0.5897363,0.02956555160513837,1.1647109015562138,0.013077345906811644,0.017532636691441596,0.02531267835233905,0.1179150008883416
0.009629561,0.018768705,0.016800000000000002,0.01815627,0.02,0.016286639469487135,0.09748879823162372,0.0045833197347436,0.02904442631299141,0.020692270551240063,1.0013998390553738,0.2178486822503443,0.0,0.017718972265811317,0.13438221281895713,0.2261024359642368,0.0,12.376188,0.6658662,11.818339,-0.0048753186,0.013449213,0.010400000000000001,0.012985399,0.01,0.008132533359035323,0.03639880003855298,0.002125577042672103,0.01097580862332355,0.01313892027911229,0.10775568094631403,,0.0,0.010517191390822881,0.05125094460989832,0.2158296319255901,0.0,4.700059,0.24680859,4.4906473,0.022822902,0.016800000000000002,0.60524493,0.015998098372355843,0.06959851070751057,0.008166433744992492,0.012905661277151719,0.020413013767005033,0.8230304600355945,0.017500250054931714,0.10064802033375836,6.425939,0.80755216,12.162878,2.113875,0.021955367,0.01,0.6328502,0.019785173321321497,0.9960422074860548,0.0040737838374936075,0.019238463236444438,0.015780384626719268,0.10564550792254102
0.009549676,0.019070487,0.0248,0.01859119,0.02,0.024168171145567248,0.08557719801897089,0.013091813425109832,0.015437720137664734,0.02845579249559305,0.9427394812389827,0.21717880831349007,0.0,0.025677772759891696,0.12233053406632995,0.22604934312904987,0.0,12.40193,1.0467842,11.507242,-0.0042480105,0.013633579,0.012,0.013146576,0.01,0.009305200368395116,0.03247706740345692,0.003481247893645377,0.009268745100559018,0.014509360491295729,0.09195205426328053,,0.0,0.011865877806073831,0.04701959256933026,0.2157615262441925,0.0,4.4659495,0.29367244,4.208069,0.022861706,0.016,0.6015467,0.015234840177049456,0.06794814591412766,0.007790441964383354,0.013987653395784541,0.019382739366698754,0.8023862940779041,0.016793763163807533,0.09795648645940618,6.3761373,0.7667588,12.096636,2.0943267,0.022294085,0.01,0.63067365,0.01968962305638854,0.9818314030625546,0.003906610531455641,0.018663492348325227,0.015659257299291414,0.10169155614241769
0.009563212,0.020277383,0.0128,0.019580627,0.01,0.01543920012684557,0.08783520076107333,0.009855279778393332,0.023007039704524467,0.019722314265605112,0.8564975213632166,0.21063770067729037,0.0,0.016614873770870828,0.12061155328153113,0.2171412167100651,0.0,12.013945,0.63315386,11.503359,-0.0036914337,0.01400463,0.008,0.013025983,0.01,0.008903734145443605,0.031118533327889514,0.0033077801237508995,0.00987704030928056,0.013670020328146848,0.08334004062114407,0.21055607280981176,0.0,0.011334625668141144,0.04187700642642501,0.21685904250531116,0.0,4.0698524,0.24923901,3.864383,0.02413399,0.012,0.58988285,0.014475931307457267,0.0660879962634283,0.008057683381777406,0.013519464159718563,0.018582844569847292,0.7661307255903321,0.015762936696714497,0.0889282062201679,6.123784,0.7081035,11.667472,2.1604152,0.023517594,0.01,0.58702016,0.025938621590838762,0.8701899707589577,0.010017687039931502,0.013958392029380795,0.018243557111804094,0.09082108140849855
0.009885185,0.0004284829,-0.3728,0.00015776865,-0.28,0.0007723998992697033,0.0005149332661798036,0.00015447997985394295,0.00010298665323596073,0.026590319818685468,0.0017268798791236465,,0.0,0.022752999423861952,0.0006509998079539838,0.11308984705571867,0.0,-0.13879666,0.0,-0.071561895,-0.0031814696,0.00073978293,0.3696,0.0001600156,-0.31,0.7312759996907733,0.0005103998181585988,8.5066647747135e-05,0.00010207996363171978,0.7696000000000001,0.0009978661476296963,,0.0,0.7632263423645992,0.0006452684365608154,0.05275254045300799,0.0,-0.07096406,-0.022829052,-0.0920676,0.00077688246,0.3696,1.8810844,0.6874109443773381,0.00045194786328809245,8.133558516983612e-05,9.038957265761854e-05,0.7696000000000001,0.000828035337346297,0.7627890133060485,0.0005713710718060832,-0.012598002,-0.017873168,-0.020968623,-0.00040337557,0.00027186787,1.24,-2.9788013,1.5867850720468724,,0.0018957994241148412,0.002543963067050315,1.5828423669536371,0.08620592621501073
0.00953237,0.02008633,0.0144,0.019469455,0.01,0.01748982194987734,0.08380839754889616,0.012280559836593057,0.020841679509779228,0.021929186490948268,0.7663502378913791,0.21073253327239314,0.0,0.018962690830964947,0.11257614498578965,0.2173682333409657,0.0,11.52832,0.73871756,10.932304,-0.002794881,0.013919752,0.0072,0.012463375,0.01,0.008409198098053093,0.02987279873203538,0.002667075042658143,0.004003675383923408,0.013504139899014353,0.0714777064615329,0.21078082265109016,0.0,0.010888354051542136,0.04150683633473344,0.2170632813189597,0.0,3.6132262,0.21459551,3.429556,0.023859093,0.0144,0.57005167,0.017344509884780698,0.06029965868952653,0.010924541480166817,0.010135878573011297,0.021526859083561337,0.6269305754602027,0.018766666700396718,0.08495801338586187,5.827676,0.8658767,10.933186,2.2679894,0.023116993,0.01,0.5694197,0.026525945764689994,0.7842678082821106,0.010348198811108702,0.013228171697923976,0.018854345806386803,0.08874656127170702
0.009543685,0.01896553,0.0264,0.018588305,0.02,0.0257646666107054,0.08529399983211618,0.014691733288564318,0.020837599932846465,0.030386311722954362,0.8535692013766474,0.21694529993160577,0.0,0.027270312533513107,0.11941093745298512,0.22608716829659928,0.0,12.153739,1.122861,11.193592,-0.0023846372,0.012465927,0.0112,0.012118067,0.01,0.008600639497012527,0.034067732228147955,0.0031335468739960106,0.010333546873996015,0.013915108296771632,0.081502878880519,,0.0,0.011195201888603514,0.04799160330023894,0.21572691154353213,0.0,3.973493,0.24686384,3.751326,0.022194695,0.016,0.56514764,0.015215606063502399,0.07022345386955052,0.008215587776714892,0.015357266023766313,0.019677998695373573,0.8039804852785869,0.01662131624539761,0.09817588057527604,6.1959577,0.7505081,11.752098,2.0590806,0.02159812,0.01,0.5956783,0.019820968052388536,0.9192074210617905,0.004052232319931762,0.021010382540680946,0.015793495594796383,0.1025963536063674
0.009443609,0.018954657,0.024,0.018368848,0.02,0.02475368018131453,0.08593680181314531,0.013133472072525819,0.021816840090657267,0.029183854164917877,0.9855515624947536,0.21986340876101315,0.0,0.02626618289178032,0.1151985486753409,0.22645907956648956,0.0,12.23085,1.0412973,11.352804,-0.0020432703,0.012356467,0.010400000000000001,0.0119715,0.01,0.009637599327464703,0.032112797982394144,0.0036113745889142595,0.009931280119514233,0.014232607858635993,0.08062521571578768,,0.0,0.011536129419763801,0.043829678281703414,0.21617400119788988,0.0,3.8626418,0.24952433,3.6434898,0.022282742,0.0144,0.5629885,0.014849309988594359,0.07051518784196344,0.0075534871669476625,0.014382452101076632,0.019286705701135998,0.843008056667469,0.01638301529689643,0.09862563558538337,6.2023706,0.70482814,11.812857,2.0256917,0.021569913,0.01,0.588374,0.02306366415714919,1.0065326795940734,0.0053018748454798014,0.019345669666673258,0.0166599183274424,0.10122764984670077
0.009318904,0.018191773,0.0144,0.017588213,0.02,0.014718640141022433,0.09838640141022413,0.0034793197347436034,0.033917278938974234,0.019111963375497996,1.0758851746271583,0.2189861067079797,0.0,0.0162917024871801,0.13971702364749758,0.226285940543215,0.0,12.459402,0.56703377,12.007841,-0.0017058457,0.011903089,0.016800000000000002,0.011485657,0.01,0.014865399841169939,0.03093080061684765,0.008870773415579696,0.0032707734155796877,0.020318479835922425,0.08895543934789309,,0.0,0.0174085970624777,0.04195588102921986,0.21598189423124436,0.0,4.013034,0.4077035,3.6498673,0.021427978,0.0144,0.5567576,0.014539566846879279,0.07655666563936271,0.005925213522893227,0.013478452889159932,0.018933967965563715,0.9215804425409929,0.015977285471995582,0.1035879941762169,6.349164,0.66081256,12.156511,1.9270717,0.020746911,0.01,0.58669055,0.021768356613696083,1.1171673119482843,0.00453358918815951,0.021278205891366857,0.016286153143216922,0.10793281556645323
0.009363062,0.019811844,0.024,0.019203847,0.02,0.02588559948515626,0.07820906460729177,0.014857088021489107,0.01877136002686141,0.030197612382077747,0.8549689609670107,0.22042742780772537,0.0,0.02739176649398446,0.10915059856147567,0.22687185011559358,0.0,12.022375,1.1419296,11.049801,-0.0012949066,0.0128835905,0.008,0.0121414885,0.01,0.0076740005180552994,0.03062200089956949,0.002162933453275946,0.010622200089956948,0.013142742795346704,0.07319959961165945,0.21014208227747477,0.0,0.010489812317232918,0.04144698284378032,0.2165731006919228,0.0,3.5283482,0.212269,3.3553457,0.023195192,0.0152,0.56503594,0.016912454637611655,0.06268170221451169,0.010259534902364248,0.011438673304073766,0.02118466742493665,0.7493273665660329,0.018325752637982532,0.08886458462887238,6.0214853,0.83884794,11.337222,2.200719,0.02266762,0.01,0.5652552,0.025118673754511107,0.9319608907307795,0.0072155446024170546,0.015594785071338583,0.01759784889775446,0.09319113335084597
0.009182438,0.020880055,0.0152,0.020103417,0.01,0.014739866252553248,0.0840195987576597,0.009465097000875403,0.01596391975153194,0.018686741184700168,0.732633705923501,0.21007169475346898,0.0,0.01615800286214144,0.1079850211344843,0.21624601104742816,0.0,11.534644,0.6765972,10.945951,-0.0009686137,0.013600879,0.012,0.012798481,0.01,0.010588342772693476,0.023686400111375194,0.0038548115952671655,0.003091840583435067,0.01446473150087786,0.06382656020433057,,0.0,0.01193783372775797,0.03445808512818522,0.21587029431199417,0.0,3.2587566,0.29599494,2.9853382,0.024246482,0.016,0.5332529,0.0154209843156219,0.05957413069688931,0.009643951292417022,0.012393889202976247,0.019295535153536682,0.5791653057757403,0.01679985200951351,0.08367367752579535,5.7948494,0.834401,10.849687,2.2170763,0.023831667,0.01,0.56692034,0.019730064531520382,0.7739781941068359,0.004531181305984475,0.014496600308897304,0.015893089179876797,0.08427011476120966
0.009314022,0.022079853,0.0128,0.021338716,0.01,0.015228856831072881,0.07020199781751027,0.010726733372506214,0.01437360015669157,0.019155450264417003,0.5332436021153363,0.21081418369455013,0.0,0.016639915386628946,0.09170644103101049,0.21713007657376138,0.0,10.288585,0.70077753,9.69257,-0.00054468773,0.014800303,0.008,0.01263429,0.01,0.008771199686436285,0.020771199686436283,0.0023730280002157086,0.003152798946218596,0.013190080030488934,0.05010026663775196,0.2107595790973351,0.0,0.010774709467860431,0.029515698158491345,0.2168627217705283,0.0,2.5465705,0.23832616,2.333912,0.025403632,0.012,0.5346904,0.014367239289757845,0.05225378756226899,0.009322249463203753,0.010728224806092028,0.018086879047235153,0.40768590566508606,0.015628883307498974,0.06951844421423538,5.075119,0.7584315,9.494236,2.2452817,0.024798512,0.01,0.5345778,0.02570744166575608,0.5280936913711025,0.010519687123108454,0.009603824909956928,0.018209552829122587,0.06957933380327964
0.009175114,0.023217298,0.0504,0.022054559,0.049999999999999996,0.016312046651952187,0.062301597694395486,0.011877278267438942,0.01158523696801813,0.01997203394787648,0.4621343225048266,0.2313238551758142,0.0,0.01765384447029901,0.08388460894193799,0.23874152781468233,0.0,10.151897,0.8757708,9.478661,-0.00034942207,0.0150688505,0.0448,0.013691323,0.04,0.009483199755831447,0.02052746651388305,0.002532746829088683,0.003313783018121026,0.013160756346085782,0.049856106727423265,0.22028757929809467,0.0,0.011009857121053483,0.027772762429052415,0.2277924354962169,0.0,2.4821002,0.30849937,2.2353516,0.026600135,0.0504,0.5098323,0.016239959724431173,0.04639605928075197,0.0111673896557445,0.006475334860654911,0.01976369758485116,0.39192847315339485,0.017494905481232947,0.06369559874797395,5.0360928,1.0112673,9.271454,2.3955958,0.025770478,0.04,0.56011003,0.018074694085603228,0.4947389026426392,0.002094783454865521,0.014708060826209582,0.012956563609118133,0.07100391062832892
0.009227261,0.025716966,0.0056,0.024523163,0.01,0.0067442082635338005,0.06915839503063881,0.002516223916479021,0.020957226783066118,0.010120426648759076,0.26144511978510865,0.21075056679758014,0.0,0.007867446754361664,0.08840546061386483,0.21672211901738686,0.0,9.6054735,0.3290962,9.32655,2.789057e-05,0.017242514,0.0096,0.014547756,0.01,0.009246800575616635,0.017426935680781342,0.0024870210525153196,0.0023851652151962634,0.012933221843751017,0.04141308817942542,0.210327208047986,0.0,0.01083062108635463,0.02255961457703063,0.2164185318627405,0.0,1.92448,0.31702235,1.640162,0.029899111,0.0072,0.549658,0.008185907394394098,0.04859699652991411,0.0030187258323545393,0.011865465740276374,0.011504447147658674,0.14236673154004545,0.009253475042674427,0.06495478745843376,4.597979,0.48167643,8.77532,2.1945817,0.028513554,0.01,0.5354231,0.022997245835789,0.15720386072291145,0.01017967807691683,0.007782114254282725,0.017094823520391173,0.05991363484660186
0.009355295,0.023813756,0.0144,0.022611074,0.01,0.015932759506421555,0.05973103802568622,0.011670093892701017,0.011595861040160206,0.019582623979406254,0.25286967984554687,0.21081028689386183,0.0,0.017185648059643153,0.07974166507357666,0.21685381748331548,0.0,8.848694,0.8177026,8.10889,0.00034745835,0.015299598,0.008799999999999999,0.013040823,0.01,0.009196400385797233,0.01919280022167992,0.0022711353351935032,0.0034508108058490367,0.012785794362176011,0.04235028025691932,0.2105756551281162,0.0,0.010671124884755136,0.023081156419864163,0.21659148349089907,0.0,1.6487427,0.26603255,1.4043126,0.026981875,0.0064,0.5315476,0.007911731330053316,0.050625916079966506,0.003120703119783184,0.013059211681631705,0.011306225830910262,0.1479758363785997,0.009058576362401118,0.06744440352651822,4.2317395,0.4061219,8.112637,2.0027366,0.026102178,0.01,0.52314466,0.024146422856623745,0.17614880508574346,0.010428403749242605,0.007955633269087204,0.017444469802398856,0.0603007719037747
0.009286728,0.023327582,0.0152,0.022315731,0.01,0.015756399731385866,0.061620479140434815,0.011386189876605387,0.005405117098967514,0.019587313513166556,0.2629947765746104,0.21051095083387833,0.0,0.017106983904950128,0.08062514205782047,0.21656460473208133,0.0,8.956652,0.8272043,8.219288,0.00054620265,0.014752993,0.0112,0.012999776,0.01,0.010661600167865935,0.017846400115658936,0.003625507935488031,0.002035711109683223,0.014233919985221383,0.04120704009509735,0.21000944226191906,0.0,0.01223605127994797,0.021980257347706426,0.21618512472686816,0.0,1.6541922,0.31733778,1.3582791,0.026380075,0.0152,0.48582962,0.015761901325558166,0.0437213351031767,0.010650901973873852,0.005234254640433322,0.019372911161453704,0.15022258458936263,0.01696590534799816,0.061928499228573235,4.3463354,0.9431213,7.840081,2.354598,0.025826072,0.01,0.52748126,0.02170754893310807,0.2848344799921285,0.0075459658296511386,0.0087799476569421,0.016694493052233386,0.062300642157462706
0.009264761,0.021685319,0.0152,0.0206069,0.01,0.01613635020565766,0.06154540082263074,0.011376617045004877,0.011447263863006797,0.020117452866616304,0.25818172181650295,0.2105578987492987,0.0,0.017517171124983136,0.08072807914995273,0.21667530885320904,0.0,8.561562,0.7661324,7.8734593,0.00074819365,0.013391467,0.008799999999999999,0.01178667,0.01,0.008770857620179732,0.020885143236771236,0.0020732005488437607,0.0037098007497736005,0.012529400024798359,0.04437640021967144,0.21026887225628185,0.0,0.010222542662129717,0.024801441266926478,0.2164182645569466,0.0,1.550414,0.22468999,1.3472635,0.024575233,0.0144,0.49935672,0.015295086863187314,0.045353808249962636,0.009975440839954034,0.006760144693365234,0.019090659051036254,0.1549032566777128,0.016615402935520118,0.062369556820369924,4.1292744,0.8268379,7.510161,2.1691573,0.023739628,0.01,0.5195593,0.023276295712376723,0.31954513928035105,0.008665672622095144,0.009523262851617779,0.01703630797253979,0.06548918835241527
0.009225929,0.020059925,0.0136,0.019447487,0.01,0.01577858448107754,0.06576079912700411,0.011077386608466942,0.013416079912700413,0.019586180223285465,0.34152629452418926,0.21069171288873279,0.0,0.01693085280755713,0.08621064606913208,0.2169870835163273,0.0,8.189106,0.6687639,7.605074,0.00091887714,0.012293156,0.008799999999999999,0.010864608,0.01,0.010081439822913627,0.020403598277966974,0.0030757150187811933,0.004640717725062145,0.013761851379103336,0.04388323985249485,0.2106444587786221,0.0,0.011401615565336169,0.02840646266618229,0.21681202797148755,0.0,1.4337648,0.22764358,1.2280632,0.02288645,0.0136,0.50225776,0.015687348023015194,0.04796945239396765,0.010359243404731206,0.007037924257480404,0.019425178067893876,0.2506144569331806,0.016842764742438614,0.06565524362348484,3.9339788,0.7634136,7.190713,2.0566595,0.022276545,0.01,0.5094705,0.025384140285171882,0.3466557919894035,0.010222977134813007,0.009330689298172115,0.017842568318070916,0.06697283874318505
0.00925189,0.017593097,0.0136,0.016865276,0.01,0.015075273307235012,0.07371400318979267,0.008761866644282145,0.01714279996642323,0.01910640116602949,0.3926852064131621,0.21044486797979414,0.0,0.016322176508156053,0.09329414762964686,0.2167347322530497,0.0,7.5778947,0.5502699,7.093272,0.00095922896,0.010977317,0.008799999999999999,0.009915182,0.01,0.008355998795221059,0.021955998795221046,0.0024622666175831,0.0037867977462662005,0.013472479829981513,0.04938746635485181,0.2102020605729389,0.0,0.010512379855046447,0.029968569895397226,0.21645228421621002,0.0,1.4762038,0.1843753,1.3052883,0.020203866,0.0136,0.5140122,0.014873019625574033,0.052826289764214385,0.008452983873787024,0.010905305412308351,0.01889736640434703,0.2996671269554753,0.01618716373299062,0.06795065954974255,3.662241,0.6315024,6.757674,1.7883754,0.019563956,0.01,0.5314787,0.02417982487760831,0.3912902753515248,0.007395061232938645,0.011775497908133136,0.017218184823689454,0.0716730067082776
0.0092703095,0.0160214,0.0144,0.015213694,0.01,0.014923781048968658,0.07178719717955175,0.008352312935448664,0.014784104311816223,0.01914817980357593,0.3367927192143037,0.21026078499839307,0.0,0.01632807319419835,0.09702458753430865,0.2165358531224318,0.0,7.0738506,0.5034945,6.621624,0.0010169738,0.00987599,0.008799999999999999,0.009096783,0.01,0.007613759557925869,0.02329375948261945,0.0014068797789629115,0.006013759557925853,0.012753973244188591,0.053323839497044015,,0.0,0.009581596733229525,0.03187117705870048,0.21615156579543518,0.0,1.3870356,0.15460403,1.2465,0.01835098,0.0144,0.5093652,0.01476910036238396,0.053775502765508736,0.008206072711546768,0.010674774147645323,0.018989423959138503,0.3022983249558994,0.01621082728897636,0.07465383027597111,3.4261026,0.57885844,6.3254194,1.6262237,0.017725913,0.01,0.5388989,0.02271539604244488,0.4161132397024854,0.005699895483635231,0.013009432601755556,0.01667139933001515,0.07568401509761974
0.009296713,0.015773099,0.0144,0.01512516,0.01,0.015286640141022417,0.07187773356837068,0.009124426760681627,0.018991093427348275,0.019529960771146354,0.3653198430845855,0.21029173203781887,0.0,0.016849489031527626,0.0942928495913529,0.21660411315937614,0.0,6.9002204,0.5174183,6.444888,0.0010373817,0.009971536,0.008799999999999999,0.009020717,0.01,0.007839679625265671,0.022398396845093954,0.001782811338247302,0.004613279894621859,0.01284530269693505,0.05267927975752803,0.21000299107870987,0.0,0.010229290330805043,0.03148787075715945,0.21632119190594687,0.0,1.392601,0.1664516,1.2455721,0.01818194,0.0152,0.52061254,0.015863191285963467,0.052176983418695345,0.009647397193945199,0.00992674600821651,0.020093443944907224,0.28153392539561467,0.01748185186689975,0.07112947564886656,3.339369,0.6327077,6.1111298,1.6467144,0.0176109,0.01,0.5377717,0.02342351694090304,0.3958148951554591,0.006112933827163829,0.012328824855284838,0.016859350805812027,0.0748066860730524
0.009208622,0.016304985,0.0504,0.01594995,0.049999999999999996,0.014831999216542135,0.0749919952992529,0.009069599093427314,0.018278396373709396,0.018908553474226573,0.41565279879123646,0.23084329376275456,0.0,0.01615447625034003,0.09677238211617027,0.23781283208674392,0.0,7.4197865,0.54287475,7.0154905,0.00095876516,0.010050152,0.0464,0.008895256,0.04,0.009067399440981807,0.02278137134930183,0.00304770279325503,0.003733919552785455,0.013601319795960534,0.05120131979596052,0.22096801735225524,0.0,0.010878841395837389,0.030343577696565125,0.22747648219969538,0.0,1.5494863,0.21666789,1.3681351,0.018627154,0.0504,0.5046697,0.014651831018100437,0.054501431007636984,0.008818555816882963,0.012534002194815734,0.018738524457554286,0.35198091241919455,0.01609152148917492,0.07586539263086392,3.6219995,0.62694275,6.757677,1.6671233,0.01808488,0.049999999999999996,0.49081436,0.027352051702200415,0.4437520705993969,0.0109667322373771,0.01115756645854687,0.020628844339764994,0.07362386240081809
0.009331552,0.016625848,0.016,0.015827019,0.01,0.015992599681020736,0.07262815948963318,0.009862719829877733,0.020394079744816582,0.020208494738368336,0.41269344212205156,0.2101594432415064,0.0,0.01757996611875569,0.09497962654955251,0.21638141525489185,0.0,7.411357,0.5788901,6.8899,0.0008205487,0.0103043225,0.008799999999999999,0.0095529435,0.01,0.007373198906864627,0.024382132324888724,0.0010515462802449746,0.005836426567285655,0.011797939854258038,0.05359175946981676,,0.0,0.009277031110054259,0.032434804724455306,0.21602995976444767,0.0,1.5471671,0.1575093,1.4075592,0.018991165,0.016800000000000002,0.51638514,0.01668300545754537,0.05375844202288426,0.010420971861380805,0.009962707755786218,0.020858006826445397,0.31177379531361277,0.018189261859579666,0.07211698983690519,3.6044428,0.70672494,6.565621,1.7666796,0.018486569,0.01,0.54305094,0.020701503180990954,0.41434835970088757,0.005113063453621578,0.013742690716062135,0.01626595789829331,0.07580183187648368
0.00921661,0.016407944,0.0264,0.015773319,0.02,0.025355519516494587,0.06238879879123646,0.01941034634432972,0.004606207806597834,0.029519928668028387,0.3922198395030639,0.2174398848589941,0.0,0.02665617389167278,0.08998643503013719,0.22604927107158782,0.0,7.4370956,0.95527834,6.54973,0.00039337593,0.010151727,0.0112,0.009571959,0.01,0.008755000642549658,0.023555000286135098,0.002675500430206648,0.007102002827218404,0.013572666608435657,0.053436000289147335,,0.0,0.010668430816244745,0.031268431017041284,0.21573456016114487,0.0,1.5821853,0.19957915,1.4003704,0.018841662,0.016800000000000002,0.52575594,0.015610396777219787,0.05388889823435408,0.009589661748607523,0.011020150979135909,0.01968739172968876,0.3590402364107491,0.01699426567577461,0.07179198273559936,3.613362,0.66300976,6.6146216,1.7093949,0.01825358,0.01,0.55199635,0.019495510360311812,0.4449972702169001,0.0039374116576894385,0.015107972478294679,0.015558127312865863,0.07761593769282503
0.009385696,0.016571704,0.0152,0.016021399,0.01,0.015904145051624255,0.07111519852262235,0.010658186518928916,0.02062982382271468,0.020126897637501497,0.4075420787375137,0.21031182271734353,0.0,0.017370315656608817,0.0987328452311632,0.216550888169657,0.0,7.442643,0.5719542,6.9313936,-0.00036333644,0.010676533,0.0096,0.009920517,0.01,0.009207599755831143,0.024407599755831136,0.0029886938339495376,0.009166583326544499,0.013584959991279675,0.05509471984835829,,0.0,0.011218056300847594,0.03205416889045731,0.21627311475281769,0.0,1.8550236,0.1870821,1.6769192,0.019250276,0.0128,0.54506814,0.013440706496038455,0.057411586845430455,0.007448226910393805,0.012593286643321645,0.017455280882296073,0.34845502623694646,0.01485222102351604,0.07330659562830479,3.6629653,0.5453518,6.833151,1.6667913,0.018844148,0.01,0.5544206,0.02284839278464588,0.4370461207992404,0.0061201560516913394,0.012361925801782586,0.01674943800770478,0.07535192187025198
0.009393461,0.017118681,0.0152,0.016546188,0.01,0.015647054478301014,0.07474351985226224,0.01045725330871037,0.02137175992613112,0.01964940609897949,0.3999458426928566,0.2102642835923896,0.0,0.016968827561291346,0.09901296462095256,0.21644475633468213,0.0,7.700157,0.5782035,7.174262,-0.0013783931,0.011691589,0.010400000000000001,0.010740771,0.01,0.008721999933067855,0.022083000379505117,0.002733279423505382,0.004066399794384109,0.013474699979154821,0.05429879992871719,,0.0,0.01127367163471513,0.030989373521511845,0.21612983990914408,0.0,1.9625124,0.24001436,1.7549556,0.020096613,0.0136,0.57207817,0.013913329876119224,0.05298808499302779,0.007850038190769782,0.012368551055488375,0.017830381888663944,0.32600026272487825,0.015204367928258262,0.07452951501842377,3.7682931,0.6075853,6.988202,1.7513335,0.019726645,0.01,0.5757695,0.02128118848884263,0.4133367594885333,0.005528099940129039,0.012111509815550339,0.016406796327444295,0.07429776666200703
0.009518833,0.018546587,0.0144,0.017832078,0.01,0.01490546685693498,0.072116400570805,0.009943279778393344,0.013524373037857796,0.019014371404806073,0.4367116170905733,0.21035351219559048,0.0,0.016266731650598557,0.09546712099444093,0.21650812823812468,0.0,8.227495,0.5964965,7.6896167,-0.0025117225,0.012824919,0.0096,0.011864824,0.01,0.008973599661055277,0.02270693311058279,0.0023060394183726657,0.00881610486410075,0.01310290660766368,0.05800697589878566,,0.0,0.0107024652974123,0.03076602361019353,0.2161554047762524,0.0,2.2047393,0.23409796,1.9976463,0.021972159,0.0144,0.5659215,0.01478907766170978,0.05084722097914616,0.008778580855894735,0.009386263695351551,0.01863989729533646,0.27510747434983046,0.016062074175015914,0.07153312016604987,4.0634775,0.708355,7.4844236,1.9266135,0.021418616,0.01,0.5871002,0.021712852852528643,0.412236509723486,0.006004136415019943,0.01051175155543093,0.016536115673244964,0.07145721931015972
0.009614248,0.020337297,0.0144,0.019449709,0.01,0.01536320012397573,0.06933040040292118,0.010962702258037417,0.013066331474619561,0.019434052330375606,0.3503929632054618,0.21056829685457135,0.0,0.01673974557133106,0.0917740458924915,0.21666840624391123,0.0,8.797329,0.6823001,8.191994,-0.0037331772,0.014626141,0.0096,0.013067727,0.01,0.009493600786663454,0.021771040655656597,0.0027212269128345725,0.0038455211077555755,0.013241936425801168,0.054209682129005766,0.2101722132385613,0.0,0.011018754311296924,0.030346885414306836,0.21635712852866726,0.0,2.496364,0.28363562,2.2486875,0.024014603,0.0144,0.5607207,0.015283464764811605,0.04931750807313513,0.010112915226469022,0.0069514567642675875,0.019159786272005475,0.3057431526483515,0.016602752217081115,0.06904551905815144,4.388885,0.8174531,8.047579,2.1342726,0.023431955,0.01,0.5915981,0.023010817771995422,0.4121436173332998,0.008165057554820691,0.009141591370532555,0.016958815804786982,0.06889866422672217
0.009762254,0.020633085,0.0136,0.01982538,0.01,0.015075999974171738,0.06852933322141078,0.010897511103649594,0.013055519986569291,0.01886349146463376,0.3963661353703237,0.21071540850840467,0.0,0.016303697319648838,0.09222218391789311,0.2167949887004586,0.0,8.635453,0.666277,8.038328,-0.0049379333,0.015483037,0.008799999999999999,0.013882878,0.01,0.009001600519546401,0.022522239829852995,0.00223527967446862,0.004094078690912207,0.012745013378909698,0.059270080328663814,0.21032853305172325,0.0,0.010670289740393765,0.03152077261453573,0.21646154521061753,0.0,2.7912326,0.2803144,2.550281,0.024727326,0.0136,0.58370864,0.014978419301990743,0.047933447299815087,0.009908354685570794,0.007725551901779929,0.01844043961908305,0.2270717151511897,0.016048210606979637,0.06668098420634012,4.371972,0.80873066,8.018188,2.178085,0.024202894,0.01,0.61089903,0.02374500665162664,0.3669857514016136,0.010037700571790325,0.008535986441034267,0.017237702322174118,0.06679025770763071
0.009798201,0.022150418,0.0056,0.021165194,0.01,0.00651886280798949,0.07745839335180055,0.0023079631028661424,0.02127433358515907,0.010091848710166232,0.3157362813732897,0.21066850726491865,0.0,0.00771001675089542,0.09955205360286533,0.21664393194162374,0.0,9.25499,0.2774942,9.021554,-0.006136196,0.017608928,0.008799999999999999,0.015609889,0.01,0.008438310951187668,0.02212413309344814,0.0016212795917056155,0.004158159523656535,0.01192937584117044,0.06067031918653216,0.2101224342252833,0.0,0.009828290780190672,0.03199803637813577,0.2162893708085717,0.0,3.109292,0.28059435,2.8528028,0.027014038,0.008799999999999999,0.7100129,0.009481577487775485,0.04780144375696337,0.004249995318431865,0.011423648978654855,0.012884841406989882,0.18305856482597863,0.010572191223750088,0.06682674089298904,4.522663,0.5267854,8.577088,2.0665405,0.026298936,0.01,0.6354701,0.021934073368087042,0.3520793246996593,0.00866250775348135,0.00818819030475043,0.01679594147027622,0.06537978413638604
0.009893173,0.02249924,0.0504,0.021469636,0.04,0.016506443940792998,0.06335799546713673,0.01238035416025441,0.011404637488457985,0.019980440057080523,0.33750220028540256,0.22136311174627776,0.0,0.01769211445197661,0.08847508729377754,0.22889681366906123,0.0,9.435834,0.87704325,8.743294,-0.007234739,0.018591516,0.044,0.016671328,0.04,0.008811200168133746,0.021786880121313176,0.0017378149028679218,0.003318127059601069,0.012286826442773962,0.06092095808070616,0.22029526483181305,0.0,0.010098756376567236,0.030313557872484288,0.22778119005459188,0.0,3.5092149,0.33042815,3.250175,0.027923862,0.044,0.7285563,0.00979658969254897,0.04801558779650156,0.004354156582190808,0.010816733477500963,0.013217141313463436,0.2047908603514283,0.010942791312052487,0.06584884644789678,4.6884155,0.62140685,8.925055,2.1279929,0.027182318,0.04,0.6602511,0.018074885463711398,0.3811033411677003,0.0020834240722961543,0.012486014465292166,0.012924913605754184,0.06845390535735904
0.010082007,0.02197756,0.0048,0.020766001,0.01,0.0064018520236627866,0.07620879711239822,0.002294112761968699,0.02076175371442961,0.009828334638248499,0.3709116810207337,0.2108879496174205,0.0,0.007584825901780186,0.09875447770534052,0.21686466274091185,0.0,8.994815,0.25639242,8.784234,-0.008091171,0.018404368,0.0096,0.01597862,0.01,0.009788879732571285,0.021114798989055234,0.003277527183419352,0.0025395510520110133,0.013523319516294305,0.06113991725173764,0.2104483959727459,0.0,0.011356773196670519,0.030613029075332164,0.21651451665775356,0.0,3.4947202,0.3453702,3.1777034,0.027316993,0.0064,0.6561391,0.007770394327972917,0.051524497133816856,0.002662244080107712,0.012645343559094859,0.011087295005471015,0.2310600787348187,0.008847775290090749,0.06990733162567432,4.6295347,0.3986579,8.915574,1.9974301,0.026201967,0.01,0.65584,0.02373893414745439,0.3555130783612568,0.010373026157377226,0.007540370546664609,0.017321289400469696,0.06466937416922947
0.010374244,0.021685323,0.0032,0.02052702,0.01,0.005692106438344672,0.07658159657516998,0.001695100659266882,0.02210907714261731,0.009036344564761203,0.3191817228238059,0.2110192500777685,0.0,0.006878113932540736,0.09912807851667108,0.21714479581169085,0.0,8.749066,0.19896457,8.606387,-0.008822607,0.018440083,0.0072,0.015708217,0.01,0.008601999665339189,0.022703000098390217,0.0016722397415024715,0.0039844796489120074,0.011911858874483094,0.06525080016425158,0.2108556742201929,0.0,0.009894727036554741,0.03214030128574793,0.21688699623709434,0.0,3.4376736,0.27350187,3.2020555,0.027219128,0.0072,0.7443146,0.009450937104593778,0.04731839363357286,0.004288046680455318,0.011161286729787922,0.012674498023655587,0.19914705193934468,0.010586801624024018,0.06527651063716182,4.3821554,0.4875096,8.352517,2.0501642,0.025847757,0.01,0.65318733,0.025437321431014726,0.3405120108257629,0.010907887578915733,0.007124650105866723,0.018070898143206764,0.0642391592132662
0.01051981,0.023758726,0.004,0.02244953,0.01,0.00589772588105875,0.07282839587005792,0.002056258541089574,0.014965680517082181,0.009269112129606311,0.2967637070986877,0.2109845619587539,0.0,0.007054542083669594,0.09747271041834789,0.21696890583771442,0.0,9.429621,0.24726091,9.235462,-0.009488874,0.020729698,0.008799999999999999,0.017821586,0.01,0.009338799277936278,0.021436798817708668,0.0027616984027738455,0.0031836797112818013,0.012916824009342917,0.06391871185120186,0.2106367490985144,0.0,0.010800354686246556,0.03140159608668503,0.216657420156135,0.0,3.9788246,0.379657,3.6478934,0.030155182,0.0072,0.7266408,0.00883994457696549,0.04804245943683308,0.003788040464193455,0.011235985453783374,0.01209272846620738,0.19605375516453094,0.009915310806844855,0.06596366554612237,4.8455896,0.52363116,9.243943,2.2383428,0.028663399,0.01,0.6709803,0.024373952163827255,0.32251073871218866,0.010661693127734254,0.007049812422319843,0.017576987476691314,0.06318732200193015
0.010569293,0.02326545,0.004,0.021831997,0.01,0.006978559444864141,0.07196959791824056,0.0031411191841815254,0.003675136204146727,0.010389577260535725,0.30299622449425,0.21112366532359608,0.0,0.008233816588676427,0.09671062879621296,0.21735631824146628,0.0,9.3909,0.2754081,9.185202,-0.010013914,0.020443063,0.0072,0.017140709,0.01,0.009101964008510868,0.022686934439945117,0.002363041508706556,0.0034608655758350698,0.01253368039684433,0.06986944344213494,0.2111172375121647,0.0,0.010373900719228732,0.031378156008631024,0.21712733767884657,0.0,3.9387102,0.33066466,3.6618135,0.029500214,0.0072,0.76561445,0.009923437172760622,0.04620602704796559,0.00498233580095698,0.009877243075438162,0.01327321897224183,0.20626508925420306,0.011095399341566144,0.06517860857934442,4.74994,0.5582434,9.037793,2.245413,0.027756797,0.01,0.6656009,0.026136246302788848,0.3654863370209585,0.011297894184486594,0.007019616257521612,0.018633827081704978,0.0643471727501698
0.010766558,0.022069648,0.004,0.020729389,0.01,0.006872949718794598,0.07099453258345224,0.0029739483773289976,0.00391342835557793,0.010260057021247167,0.35987016156020035,0.2110957867800113,0.0,0.008099641987164024,0.09789606185880449,0.2173126660434289,0.0,9.0843525,0.26903233,8.89463,-0.010422765,0.01969238,0.0072,0.016529169,0.01,0.008788667566236153,0.022783001349354237,0.0019540450747765593,0.0035172812527107466,0.01227697176326251,0.07107760586005268,0.21104337249204197,0.0,0.010365495285943188,0.03254121488706874,0.2170142310671427,0.0,4.05733,0.30796358,3.79713,0.028040262,0.0072,0.7786084,0.009870095121175246,0.04615910253483594,0.004578787086836519,0.010458100368585199,0.013005618230243952,0.17990459153177624,0.01096984658305896,0.06555308687142755,4.658247,0.5302255,8.884487,2.1302025,0.02651266,0.01,0.6731404,0.02591250696853557,0.34908042496577524,0.011187147059827821,0.007026994497427424,0.018451818812199292,0.06610254850703887
0.010792965,0.01982427,0.0048,0.018972186,0.01,0.006418133243795273,0.08165439973138587,0.0024495999808132637,0.02183146657712863,0.009967623782225064,0.45574994347111797,0.21081250029301535,0.0,0.007677189297548284,0.1071578394632243,0.21686254122118578,0.0,9.231357,0.23569034,9.044076,-0.010816311,0.017882809,0.008,0.015883772,0.01,0.008337921451645797,0.0256224024481092,0.0017137927877131916,0.0041689648525348585,0.011946738031267386,0.07476032139497386,0.21043849219093413,0.0,0.009873186021431639,0.03943810692532403,0.2165168784045659,0.0,4.4180613,0.27919048,4.172008,0.0254869,0.008,0.7777065,0.009396122272367757,0.05116006456111156,0.004150670732059416,0.011691242277263019,0.012679471684901727,0.3948785926047662,0.010446475139073891,0.07064548930484642,4.8387446,0.47529384,9.267686,1.9463391,0.024743445,0.01,0.69702387,0.023800734088179995,0.4935067083543197,0.010208235051121763,0.007990753272626869,0.01728196110483033,0.07042787761062838
0.010794075,0.01982316,0.012,0.018917821,0.01,0.015447714021896855,0.07466799630655586,0.011376430712408547,0.012986699907663895,0.019029493337810253,0.47956060001678835,0.21103094817327814,0.0,0.016743518635154307,0.09995277952731478,0.21748597582294185,0.0,9.338421,0.6235391,8.825617,-0.010951514,0.01790206,0.0064,0.015304701,0.0,0.008419500960309552,0.029118668208785795,0.001943899794384106,0.0051511983550729295,0.012304677726130149,0.08198040544882092,0.201132443549711,0.0,0.01011163216416212,0.04047448104291405,0.20717672989409358,0.0,4.4397473,0.2582713,4.224306,0.025504071,0.012,0.68050545,0.015258805744520033,0.05082616009306596,0.010032609119949439,0.0068206260620444666,0.018633260663671717,0.42379014305099383,0.016427544319942852,0.07187602796215205,5.0258794,0.79875267,9.373756,2.2434802,0.024327638,0.01,0.6799141,0.026438779422350293,0.5190070178383508,0.011200600851082498,0.008118496044496075,0.01898384731366143,0.0741167069544268
0.010874401,0.019631887,0.0128,0.018793115,0.01,0.015551670394675102,0.07797839670947704,0.011468262906069003,0.01255568068496601,0.019077840342483023,0.5655144465949563,0.21094558662003488,0.0,0.016791497224031445,0.10634048056822017,0.21722231096795405,0.0,9.946198,0.6424259,9.409874,-0.010998127,0.017716765,0.008,0.01550901,0.01,0.009343360534601289,0.028383360534601297,0.0023423358890704094,0.004911678982201372,0.013100854014828156,0.0902051236908051,0.21072614240059345,0.0,0.010804425146937456,0.04091659391275027,0.21683849155929927,0.0,4.892312,0.29709768,4.635128,0.02531186,0.0128,0.6831308,0.015284190450697633,0.05280532722568605,0.009695334355635668,0.007531878188119489,0.018751771914530035,0.4599761827189598,0.01640438645444633,0.0739392895043373,5.401211,0.8130098,10.104509,2.2375975,0.02436618,0.01,0.68994856,0.02566563282842111,0.6472047157765255,0.010658201453974598,0.008846179803242142,0.018174961927704555,0.07666329443976032
0.010812048,0.018362857,0.0144,0.017630598,0.01,0.015050266655474433,0.08860319986569294,0.010340106662189782,0.021955079996642323,0.01901275126720002,0.7983914416184,0.2103999711755402,0.0,0.01635312049271206,0.12624840369534052,0.21655951485647226,0.0,11.2151165,0.60278255,10.711187,-0.010863622,0.016306773,0.0096,0.015235361,0.01,0.008530560945833076,0.034217601576388444,0.002250111675126891,0.009150079366263199,0.012986822689287329,0.12022752554134805,,0.0,0.010270546961072886,0.049572369818065815,0.21612342048474456,0.0,5.6467075,0.28923196,5.3997264,0.023792796,0.0136,0.69645816,0.013855846876182704,0.06354229336605338,0.008062853402350491,0.011803392630864119,0.017752385876374774,0.7207603370934008,0.015233027442591354,0.08843778253444812,6.1128597,0.7222594,11.610241,2.0803096,0.02330138,0.01,0.71264786,0.02151836925505634,0.8595752463939222,0.005667322804324826,0.012539061962285767,0.016458174723592834,0.09010518462203532
0.010672031,0.016062008,0.0232,0.0154806385,0.02,0.02426984612801789,0.09983599988807744,0.01209539998321161,0.022156319986569296,0.02889403691917919,1.0717172030554856,0.21962652884922393,0.0,0.025720967472450913,0.15820483710839847,0.22655293018318826,0.0,11.943714,0.84947515,11.252504,-0.010651659,0.01342788,0.0096,0.01314959,0.01,0.009180401854155435,0.04876080447214547,0.0031160793306252797,0.011132863329692218,0.01406432158866687,0.5758757790626976,,0.0,0.011306853237940458,0.06808083999984776,0.21625642041680154,0.0,6.4020295,0.25251302,6.1914577,0.020521598,0.0144,0.70584714,0.015221112023449631,0.08220031479922398,0.007215283731411682,0.014899402218396328,0.019548739730493387,1.0525378877833427,0.01662911600361681,0.11671351501489804,6.6213856,0.6537457,12.708126,1.8832139,0.019908715,0.01,0.72147673,0.02365492795689967,1.139011978281957,0.0054875536194234084,0.02000578967848434,0.0168290083955619,0.12694446902579518
0.01053734,0.016751442,0.0256,0.016139008,0.02,0.025099466129438405,0.09719786451775371,0.013479785724578596,0.020878713338369853,0.02949428003021908,1.075169493494502,0.2177911878446377,0.0,0.02670578510973078,0.14628801649689419,0.22615538693131354,0.0,12.1160145,0.9543804,11.32007,-0.010370587,0.014074435,0.017599999999999998,0.013796147,0.01,0.015738000385529766,0.038676000771059565,0.00961103963644573,0.005615770921875144,0.020256229830694018,0.636496803924364,,0.0,0.01755628782331237,0.054981438941016515,0.21580946390194503,0.0,6.3403397,0.50336885,5.8976297,0.02129047,0.017599999999999998,0.7222405,0.01670863457321411,0.07396723669742605,0.009876293112329314,0.012402626888111067,0.021179267125520165,0.983867565809495,0.018321663523956748,0.11292027144280509,6.64118,0.80694026,12.601265,2.036018,0.020790277,0.01,0.7256027,0.0198084764188053,1.1398112986171705,0.004087240091604656,0.019119898898053735,0.01579909924221667,0.11790378743286291
0.0105286855,0.015206818,0.0224,0.014922789,0.02,0.025201907676810742,0.12221239989926971,0.012592991991941563,0.02948247997985394,0.029987182928080437,1.2062711615881812,0.22003252588023045,0.0,0.026634640795271433,0.1926558830863165,0.22708249453595722,0.0,12.553709,0.8139947,11.921303,-0.009963358,0.012855532,0.0136,0.012312869,0.01,0.014286800424082776,0.04817360084816553,0.007908679491542944,0.005453887274485518,0.02031785223440643,0.767004992666914,0.2103158206982591,0.0,0.01690819449400883,0.06775518504671546,0.2168315983134419,0.0,6.641354,0.39698252,6.3108864,0.019332388,0.0144,0.71945643,0.01689764541186405,0.08918639608345015,0.008328564656928984,0.020180173751261347,0.021669789906659433,1.1413762458894425,0.018343618193325983,0.14313844552889932,6.9094706,0.6684939,13.295963,1.8775315,0.018938998,0.01,0.7077596,0.026235502976273466,1.3336870472691202,0.007309992127654184,0.02407202929086059,0.018410854675131177,0.15387339992848875
0.010232676,0.014948085,0.033600000000000005,0.014553108,0.03,0.032315332829681846,0.12436399899269705,0.020235679879123655,0.023789199697809117,0.03752570015948963,1.3622018670919724,0.2252732933503638,0.0,0.03423694264877491,0.20463312028740557,0.23583419051199134,0.0,13.408232,1.0814722,12.547272,-0.009702461,0.012710588,0.0184,0.011866446,0.01,0.014961799056858537,0.05088239842361156,0.007584718624628022,0.0053282393494193635,0.021217850467396965,0.7815312391569749,0.20133505792711776,0.0,0.01722917843375126,0.07251671545855774,0.215679083247368,0.0,6.950598,0.43385485,6.5844164,0.018871909,0.0184,0.7389592,0.016646594082760383,0.09838240156358159,0.0076100865621457165,0.0219712045291045,0.021936873416511845,1.3446608177266097,0.01863767106176165,0.15514716729172753,7.296161,0.6869651,14.039796,1.8364042,0.018486355,0.02,0.67300254,0.029737941794827735,1.5349489114358648,0.012399017698335868,0.02149924764312693,0.025256601455649914,0.18645445916795636
0.010319881,0.014306137,0.033600000000000005,0.013977731,0.03,0.03255551951649459,0.15185919919415766,0.015971839838831513,0.031957759758247294,0.03800992059095106,1.4949465607879346,0.22408895274320914,0.0,0.034178502449084956,0.29660326107283946,0.23560388304834845,0.0,13.821737,1.0199555,13.049092,-0.009263925,0.011808238,0.017599999999999998,0.011112517,0.01,0.014491799769686349,0.058367199447407314,0.007636719944740708,0.012073439889481464,0.021035768688532516,0.8989219180106663,0.20366840567355615,0.0,0.01647452601244413,0.08756603419326897,0.21572307296214088,0.0,7.349363,0.39002836,7.030258,0.017781375,0.024,0.66674525,0.022278021941206635,0.11877488744198934,0.01271802274679867,0.024569755947837533,0.027851937298675328,1.4821157433054546,0.024385611481355957,0.1983070500165495,7.7033663,0.8976649,14.709441,1.9483318,0.017561665,0.02,0.6837633,0.029893927112857457,,0.011686279271698368,0.028232746717928747,0.025133325904281634,0.25089691472382164
0.010253312,0.0006150985,-0.06319999999999999,0.000100297664,-0.16999999999999998,0.32750880047007475,0.0007392003133831389,0.00014784006267664154,0.00014784006267662766,0.3357305605640897,0.00133056056408965,,0.0,0.335334527430364,0.0009345274303639892,0.18828596193179073,0.0,-0.035502855,0.0017149821,-0.03084302,-0.008831419,0.0005920585,-0.1568,0.00013288263,0.54,0.2299105998389613,0.0006807997054984772,8.169594278747353e-05,0.0001361599410996953,0.24103816005911458,0.0014381587777124074,,0.0,0.23004552120496669,0.0008910424099333894,0.8950918539374136,0.0,-0.045338206,0.0,-0.036061928,0.0008273228,0.004,3.1267362,0.3482875501220141,0.0004270984759486802,0.00014857610269755243,8.541969518973597e-05,0.40174436062893265,0.0007687772567076243,0.39771602453116395,0.00053995545458301,0.0174127,5.3104013e-06,0.03369881,0.00048191583,0.00019506022,1.23,2.9828036,1.6277426178414438,0.008709043340873137,0.0008139706965562255,0.0009676714823192372,1.6244923184302837,0.006116850381660952
0.010111077,0.014403993,0.033600000000000005,0.014115526,0.04,0.031091299420800803,0.1455767984554688,0.013586079073281325,0.03678607907328129,0.03661494367497689,1.5431373591874422,0.23329496721601983,0.0,0.03294209083874116,0.3068262738968773,0.24522157671063627,0.0,14.044409,0.99381214,13.29351,-0.008323542,0.011563576,0.0184,0.0108864065,0.02,0.014172599273918923,0.05989039709567564,0.005994519854783812,0.008792693139711708,0.02035067851701624,0.9262027147722162,0.21294139153026465,0.0,0.016486215673341437,0.09014369336283037,0.22538063271402065,0.0,7.2404804,0.37835842,6.929725,0.017691735,0.0248,0.66148585,0.02207559053729924,0.12224806264687352,0.012074312432496754,0.027056477295928003,0.02745617061936623,1.391897141282672,0.023968796155840754,0.22071949558111606,7.764961,0.88483304,14.842712,1.9337409,0.017407212,0.02,0.6756394,0.02916168835905971,,0.010997963705229097,0.032216924342218935,0.024317356550513695,0.273002249766866
0.009990364,0.014857551,0.0344,0.014546894,0.03,0.032995699655838144,0.1342807996066722,0.019571039816447047,0.03142262388986822,0.038504520439855604,1.4967363469599035,0.2241880218594615,0.0,0.035079981804338106,0.25910661228484716,0.23566805304197996,0.0,14.00469,1.1002023,13.165699,-0.00770551,0.011757218,0.02,0.011010477,0.01,0.016431679624750995,0.052558398123755054,0.010582335924950212,0.006827919906187752,0.023100852602273198,0.8869210230181083,0.20323877467577914,0.0,0.019618898318431683,0.07883779744004876,0.21576951199097935,0.0,6.934248,0.46533296,6.5497465,0.018434182,0.0256,0.64356816,0.023887968913879377,0.10758084641247154,0.013855959997727131,0.022666930088744323,0.02944008563473353,1.386284968209423,0.026111109494884977,0.19802329734240443,7.682055,0.99806815,14.586138,2.0280585,0.017878698,0.02,0.65623236,0.02991254843933277,,0.011887637265398113,0.02678944743193635,0.025239774184011663,0.2278168288728506
0.00982261,0.01469246,0.0328,0.0144838765,0.03,0.032177039872408296,0.1529703987240829,0.01949901329080276,0.04113135991493886,0.037934672441870224,1.525273362209351,0.22423584744631486,0.0,0.03425248031169663,0.2886836814005153,0.23581285266849167,0.0,14.284725,1.0382365,13.496105,-0.0069450876,0.011344656,0.017599999999999998,0.01078808,0.01,0.01518379971727818,0.05756759943455631,0.009003862590917788,0.005556759943455631,0.02187389290240576,0.9101477861569466,0.20253232447462702,0.0,0.0177127214527603,0.07676908163333594,0.2159635811961162,0.0,6.6681356,0.39341977,6.3344216,0.017719148,0.0264,0.6365699,0.02568346970155617,0.115889104798822,0.015352653636558172,0.0276296249734058,0.03131346631757842,1.4388556079743604,0.027611319649814822,0.2204291868732894,7.725362,1.0289725,14.640972,2.0274167,0.017454017,0.02,0.6395407,0.03204701787413747,,0.012492550262521504,0.03159413973131538,0.025804990345736342,0.2634599627224897
0.009605816,0.016129687,0.0712,0.01584566,0.07,0.03405520020146059,0.12307600100730294,0.02050760010073027,0.03061520020146059,0.03931226839027394,1.3743684025854108,0.24707828323984068,0.0,0.03553116497154379,0.20711815839280012,0.25696472719560637,0.0,14.096448,1.2474077,13.336452,-0.0062987627,0.011857866,0.0528,0.011561024,0.049999999999999996,0.01334506640345944,0.05285279980402276,0.0070968533273361575,0.011793706654672406,0.020010026009839022,0.7981433591646866,0.23019342939355472,0.0,0.01632863469159047,0.07115242287592043,0.23689900791831806,0.0,6.2568483,0.39502263,6.027956,0.019567378,0.0608,0.621553,0.023409477530267484,0.10364796640633699,0.012345031476485201,0.023692378729994835,0.02873159115579319,1.3369993476262922,0.024956002774837907,0.17096702557201204,7.5517073,1.0448533,14.506474,2.141296,0.018981654,0.06,0.5981633,0.03660049992291569,,0.01547486449807593,0.023593980013265962,0.028632750292331723,0.18931085401117642
0.009696351,0.016371997,0.024,0.016030276,0.02,0.025182559556786693,0.12028511911357341,0.01235127977839338,0.0316683730378578,0.030464607873751357,1.2151486929125046,0.2163867007097856,0.0,0.02666225871125471,0.18982258584531117,0.22641629052673976,0.0,13.649544,0.8707162,12.972094,-0.005502859,0.011757683,0.017599999999999998,0.011293869,0.01,0.016560002248914678,0.04376000128509927,0.010228001670629056,0.00605600334125811,0.022886857697875393,0.6749040022569532,,0.0,0.019375524543171607,0.05974627057012554,0.2163337415626575,0.0,5.7675276,0.4445196,5.3883595,0.01960196,0.0216,0.59247273,0.02243493561653072,0.09389162966548956,0.011634931170385608,0.021835002660913334,0.027815908617874405,1.1390990605314106,0.02415256150219525,0.14745532803429276,7.2719088,0.9530956,13.779841,2.12891,0.019273395,0.02,0.58857834,0.0346915140042939,1.3884065469418634,0.013520281689743143,0.02140076762136334,0.02691920118653378,0.15262909327774307
0.00957697,0.016602326,0.0256,0.016211787,0.03,0.024545600268614135,0.11512800134307061,0.011992801477377635,0.030371205909510618,0.029571200686458316,1.2111352015445314,0.2252994096825434,0.0,0.02595149472736375,0.1765181058730396,0.23575881135924404,0.0,13.239037,0.8959492,12.517873,-0.0048484174,0.011567056,0.010400000000000001,0.0113351485,0.01,0.0075289143562635216,0.04875120005943572,0.001916094840326423,0.013590237100816034,0.013346331571630388,0.5390606172659249,,0.0,0.009949464810586279,0.062211563593954515,0.21571345247231197,0.0,5.2777395,0.2026572,5.1147084,0.019718893,0.0256,0.56990856,0.024286382343812783,0.08223827176060185,0.015577460554342087,0.014421370909959399,0.029329170981227073,1.1603574469515308,0.02585816872671662,0.13082459761396303,6.997121,1.0924208,13.089131,2.188332,0.01934672,0.02,0.5822857,0.02962921662640838,1.3273635666068495,0.012562569712815304,0.019517546599542496,0.025283803964856234,0.13975762022338886
0.009597829,0.01713621,0.020800000000000003,0.01673236,0.02,0.023042310827573964,0.10832693248272196,0.010908022784233345,0.030889039872408295,0.02813424035367525,1.246135147374017,0.21986077513437763,0.0,0.02457548556924876,0.16052645665630152,0.22691289813686247,0.0,12.89909,0.8374443,12.240278,-0.004182845,0.011945065,0.0144,0.011532269,0.01,0.01450159994859605,0.03700319989719206,0.008605896402639973,0.005841274818479725,0.02053878921073879,0.4439238413988291,0.21021360795028737,0.0,0.01721580450376996,0.05262370717311595,0.2166896950224903,0.0,4.8410597,0.3865875,4.508737,0.020392029,0.012,0.6118696,0.013974632699388303,0.08495906559881866,0.005624906537696325,0.021660280861041128,0.01904768826712889,1.115827491680704,0.015581945774959012,0.12472221803413272,6.6697893,0.5712662,12.897198,1.8451413,0.019914279,0.01,0.6176188,0.025829574594425964,1.2836700627873217,0.006518607919470015,0.02257181447352291,0.01806518952100511,0.12711516163898728
0.0094573675,0.01749857,0.024,0.016934952,0.03,0.023622091961593334,0.10236239850023783,0.01150871892588375,0.023169573407202212,0.028475696398891977,1.0455856546629732,0.2262578703435185,0.0,0.025246452672646365,0.15227871416207367,0.2360479933973894,0.0,13.059189,0.89935213,12.320496,-0.0037264517,0.011720578,0.0184,0.011344889,0.01,0.015870222580780455,0.03390800023693994,0.01051080005461672,0.0030216001092334384,0.021915520533058768,0.3583925341161722,,0.0,0.018616542850817406,0.04857894926123011,0.21589188854106753,0.0,4.6678243,0.43899083,4.277061,0.02043858,0.024,0.54301655,0.02342694857983547,0.07994131252525881,0.014207440628561472,0.015080752091257803,0.028259002734610975,1.0143027840856143,0.0250825176435917,0.11879379311473798,6.796319,1.0771064,12.685429,2.2333958,0.019787958,0.02,0.5505581,0.030861625040121084,1.3328733689089705,0.013622875540820303,0.018885084276016487,0.025918098261339322,0.12590770570102294
0.0094995275,0.018233048,0.024,0.017718248,0.02,0.023825784630881572,0.0952450667338202,0.011582346680097362,0.02257352002014605,0.028787227846330324,1.091161683538991,0.21699893697847147,0.0,0.025350514297210885,0.1331525714860544,0.22617925214396048,0.0,12.672202,0.96735036,11.871376,-0.0032157917,0.012137546,0.017599999999999998,0.011826791,0.01,0.015267600102004555,0.031735199400823665,0.009767725741456389,0.004195680031699115,0.02072083967118551,0.1003222391761451,,0.0,0.018033569533354787,0.0444671390667096,0.21587302948281045,0.0,4.34408,0.43202198,3.9521575,0.021286868,0.0192,0.60012084,0.01880587506853885,0.07486316360504777,0.011284224727136779,0.015600975547518683,0.023414911253181025,0.9581171633361496,0.02039139234461386,0.10367403113945109,6.4556203,0.89473903,12.157531,2.1441028,0.020628605,0.01,0.61055225,0.02117085515782833,1.137704240957034,0.0042656629267146685,0.023945596924644607,0.016099455337925193,0.11504775369721304
0.009391242,0.018341333,0.024,0.017773276,0.02,0.023902327632914378,0.09057520132068608,0.011765023889868189,0.023906279862335258,0.02871146258861595,1.0359130442373878,0.2177763052402378,0.0,0.02550759297339287,0.12699935284213595,0.22623513443558743,0.0,12.418796,0.9832186,11.600662,-0.002769371,0.012154939,0.012,0.011714317,0.01,0.009765200786318519,0.035843466760193086,0.004397217246032278,0.009462028743387092,0.015408302153342539,0.09253735978627214,,0.0,0.012830019495486521,0.04700337886298733,0.21599168839694935,0.0,4.0519943,0.2698728,3.8110428,0.021441292,0.016,0.5831668,0.015593711227851418,0.07573418657128286,0.008459679188425344,0.018581020205752512,0.02039693613272634,0.8790283014178102,0.017424334310053063,0.10504465669157952,6.2987833,0.7371479,11.98201,2.0143504,0.020792529,0.01,0.598484,0.021536997850272428,1.0709618546694748,0.0043943337289567095,0.022909626384719668,0.016184051638989845,0.11112225788551616
0.009351967,0.018047763,0.0232,0.01749302,0.02,0.023466719717955175,0.09573359858977587,0.012053359858977547,0.022282687887182073,0.028360080136545503,1.076560480819273,0.21786718498659519,0.0,0.025255052332915875,0.1326606260850924,0.22636332599933834,0.0,12.638361,0.93782866,11.862387,-0.0023897395,0.011659354,0.0096,0.0113810655,0.01,0.008044159866349673,0.04017013322195806,0.0024073599777249457,0.011208833244179714,0.013666240017375594,0.09659872030280135,,0.0,0.01080542114673285,0.05084879036413747,0.21611801852410284,0.0,4.087824,0.20575342,3.908328,0.020865919,0.0184,0.58622223,0.018498756023420902,0.07406448206368399,0.010161086855660915,0.015111779121322047,0.02330682279938337,0.9366850210013461,0.02030721739173964,0.10727250408565595,6.3948374,0.86058664,12.067066,2.095691,0.02035885,0.01,0.593207,0.023142032116926926,1.1329629792638274,0.004707568359353971,0.022543400736709296,0.01655606499436907,0.11433395243768056
0.009457146,0.018275429,0.0216,0.017849388,0.02,0.023926857334724355,0.09087200033576764,0.01258879946277175,0.02359253297518117,0.028579840376059745,1.0366496009401496,0.22018061271103756,0.0,0.025408193436360898,0.12524915934184233,0.22693839262789056,0.0,12.353889,0.9267836,11.585683,-0.0019924827,0.012073772,0.0152,0.011308479,0.01,0.015412599971486907,0.027050079274434116,0.009725564367798641,0.0034825200796761557,0.020971339827932343,0.0829707185096091,0.21024832861337822,0.0,0.017939571820580386,0.0397640367118714,0.2167158753911356,0.0,3.8731933,0.4061413,3.5174484,0.021626657,0.0152,0.5923135,0.017100390972978313,0.07035579235103705,0.007156172469878902,0.014075232418175276,0.02180656599871959,0.8515290592948905,0.018773286019403077,0.09751766232368657,6.2058773,0.7577952,11.783649,2.0614436,0.020875828,0.01,0.5724607,0.025804772866177144,1.065618958998601,0.006863691035381549,0.019161387486399898,0.01795445820266529,0.10706393490000626
0.009372602,0.01869282,0.0248,0.018368851,0.02,0.024119519852262235,0.08929639889196676,0.012615712179971435,0.022092853633285767,0.02877558734155964,0.990253524049358,0.21675054851033912,0.0,0.0254909770697157,0.12360074776687245,0.22603689637495525,0.0,12.39106,1.0276905,11.516786,-0.0016515796,0.012080729,0.010400000000000001,0.011765336,0.01,0.007214880152541172,0.035637200411231765,0.0021891469763394983,0.011283720041123177,0.013116274270394752,0.08475348000354406,,0.0,0.010155212986812557,0.04377162271044687,0.2157884012046834,0.0,3.851163,0.20756415,3.6605358,0.021885404,0.0192,0.58476007,0.018276630463764515,0.06711614461736992,0.011099689111070302,0.012898742829941679,0.022973940266250745,0.8725756506948228,0.019725092611535502,0.09578790539538855,6.2290287,0.9016317,11.677183,2.1644278,0.021256175,0.01,0.5865633,0.01982389114002956,0.9895036334437679,0.003851357293883169,0.02174498944458891,0.01571424284638411,0.10455772435275644
0.009377041,0.020463554,0.0144,0.019820053,0.02,0.015288800164831402,0.08488840090657267,0.004977679509779227,0.022688839754889615,0.01951988297378216,0.8223991223033662,0.22023033341180562,0.0,0.016729479037934106,0.11663583230347296,0.22655075058925492,0.0,11.892456,0.67099524,11.334827,-0.0012285813,0.013512986,0.008799999999999999,0.01251115,0.01,0.008053800627087639,0.030603040381802688,0.0018205078283964212,0.0037307617425946134,0.013176840044456366,0.07116912004894083,,0.0,0.010266606587741171,0.03946642688666286,0.21630369441851346,0.0,3.4381366,0.21842293,3.247045,0.023903238,0.0144,0.54312146,0.01515268272281969,0.06286167452714561,0.008182607612833771,0.013116066734006277,0.01943327828163965,0.675016453061294,0.01656038213329307,0.08626519977905157,5.9789963,0.7809265,11.2934,2.1757,0.023303555,0.01,0.5667313,0.0233315307296882,0.8314948093667776,0.006075613728720058,0.015226475251515664,0.016869789083898894,0.08787548882104573
0.009333772,0.021727256,0.0136,0.02099056,0.01,0.01623134114486893,0.07117759982092392,0.011358319818685458,0.01321331170989675,0.020076849259696883,0.5053665067293434,0.21082028176305906,0.0,0.017675344446514783,0.09621051472251763,0.21715350727456031,0.0,10.497276,0.73394257,9.867755,-0.000815787,0.014375681,0.008,0.012460129,0.01,0.009331866357796844,0.021598899634851454,0.0028397798064923336,0.0036795595331083077,0.01335128727503593,0.05583208017810664,0.21077659269299567,0.0,0.011008657431738674,0.030873808015949796,0.2168882441286407,0.0,2.6617122,0.25165063,2.4502134,0.025018884,0.0136,0.5187608,0.016176809140089288,0.052535721887663034,0.01074841200736255,0.009694633914170123,0.019815884395762078,0.4655188985384599,0.017409111710458457,0.07238010924731776,5.2179413,0.85585946,9.694063,2.3059936,0.024410209,0.01,0.53570503,0.02577297179282027,0.5841764695722761,0.010542880527125077,0.010425768206515015,0.018316599708739785,0.07376198146369373
0.00939923,0.023769822,0.0136,0.022709155,0.01,0.016805693829281883,0.06202419877444809,0.01235393482749937,0.0115393482749937,0.02041338150715496,0.327963562158986,0.21101661646217282,0.0,0.018035305503000518,0.08137070778150526,0.21738445440500484,0.0,9.642645,0.8255693,8.930134,-0.00049413205,0.01590928,0.0072,0.013149588,0.0,0.00916020011385167,0.020213600491014685,0.0021952647380570397,0.0027627209263411533,0.012770491507021416,0.04518688074278738,0.20103808244215457,0.0,0.01052577967799025,0.02434589482294901,0.20714336333375266,0.0,2.228394,0.25107363,2.0164313,0.027323252,0.0136,0.5156984,0.01668322626170684,0.04394310317505083,0.011675473316598255,0.005245309381539091,0.0201808775337287,0.17673247329133115,0.017887058964078006,0.06228884769944743,4.74376,0.95603806,8.653128,2.4782338,0.026116915,0.01,0.51656854,0.026455432464590062,0.391548539982622,0.011181881278352889,0.00837663834309812,0.018853094267808075,0.06428866011801275
0.00934531,0.025598917,0.0024,0.024209842,0.01,0.0061939550630963364,0.06967279778393351,0.0019737108394836922,0.021907280114160998,0.00958746188655632,0.22070805383474637,0.21120957829332876,0.0,0.007277806430541659,0.08793916109014582,0.2176459955432686,0.0,9.295485,0.22680904,9.161459,-0.00016946225,0.01720796,0.0072,0.01439261,0.0,0.00969616061144925,0.018187202553063893,0.0027840407697335193,0.0021531886906544485,0.013175062941479064,0.04102544011365091,0.2007171598345561,0.0,0.011065182656559818,0.022149625160538946,0.2071421530205565,0.0,1.8907375,0.28432906,1.6530328,0.02940227,0.0048,0.5726712,0.008452670450261757,0.04885696533215678,0.0034793996731231347,0.012503920389147282,0.011718393812195518,0.1403718148101626,0.009504632087944356,0.06368866247481393,4.4185004,0.41953075,8.525423,2.187223,0.028164938,0.0,0.5363612,0.01682368738046577,0.17324385401636724,0.001499314790112365,0.015822175852851634,0.009477477029857653,0.06776313484819099
0.009303371,0.02375473,0.0128,0.02254761,0.01,0.015623283895965049,0.060006056289047975,0.011381898676515857,0.011741060018467222,0.01932684243115527,0.20695632132963987,0.21101725715931732,0.0,0.016904035428520318,0.08006815942834139,0.21726672100164748,0.0,8.562225,0.76955456,7.8883247,0.0001327125,0.015282437,0.0072,0.012578402,0.0,0.00908989977736669,0.01977979984578809,0.0018906393368887618,0.003635959005333161,0.012374546613385292,0.04289455953222387,0.20109816380033094,0.0,0.0102566520207562,0.023241629736188693,0.20705148244411714,0.0,1.5541246,0.23538001,1.3479594,0.026842616,0.0128,0.4843811,0.015606532026241165,0.04338412378018242,0.010897391477801239,0.006425501900461723,0.019066877443918745,0.14941640280289228,0.01675259514885238,0.06019958655281811,4.1504755,0.8845861,7.5165625,2.385595,0.02579625,0.01,0.50728726,0.025999124481024365,0.1858037768688538,0.01112875555335755,0.007742968465650351,0.018597220916438815,0.06015987666314293
0.009356406,0.02359075,0.016,0.022503454,0.01,0.016772559388902892,0.05986279694451439,0.012526278351380826,0.01108204536220935,0.020549564192245635,0.2721460777302107,0.21063878596039037,0.0,0.01801806734686343,0.08028130306088536,0.21664284326937752,0.0,8.981276,0.8889044,8.173128,0.00044022113,0.01532279,0.0096,0.012994443,0.01,0.009014598727751717,0.019343065818501145,0.0020816675061873864,0.0025619458518791206,0.012882791028184602,0.042772559758281224,0.21026503386918907,0.0,0.010773268601382415,0.023106439435842212,0.21642288496086778,0.0,1.6717013,0.27656108,1.4214737,0.026820315,0.008,0.5614364,0.008771157623390308,0.04876771272240208,0.0035932408353839492,0.012062856303928567,0.012317686523759813,0.15594154583372044,0.009904935598768953,0.06565573614267363,4.246295,0.48747882,8.067541,2.0303967,0.025985785,0.01,0.5236677,0.022531879102353117,0.2650856288367696,0.009649477548089962,0.00859855665667991,0.01692665621381117,0.06204802151841
0.009440726,0.022507893,0.0128,0.021611428,0.01,0.01576564160337889,0.06168679761604969,0.011485785612356268,0.012076475782758327,0.019429060018467226,0.2455162400738689,0.21096616943884072,0.0,0.017062611548333915,0.0820948091580691,0.21730488612911733,0.0,8.537928,0.7268936,7.8993087,0.0007259305,0.014341358,0.0072,0.011808936,0.0,0.008963644395499659,0.019936400436933753,0.0019882846275628254,0.0032736403649681932,0.012634695361838158,0.04426443427090779,0.20110836979384467,0.0,0.010581824816346671,0.02431518278456334,0.2071243805501624,0.0,1.4929013,0.22327633,1.3001865,0.025572293,0.0128,0.49458203,0.015727338603734323,0.04336031500284224,0.010710654145271292,0.006828411185629682,0.019208195217106414,0.14950134009160873,0.016926669760605684,0.06176876109292069,4.1117153,0.83592284,7.481801,2.2859197,0.02460511,0.01,0.4984369,0.026233126916315755,0.2860618597990476,0.011034981414332137,0.008125157923613556,0.018710559363200333,0.062029243969612034
0.0093228975,0.019741058,0.0152,0.01911087,0.01,0.016958133579562946,0.06287440073868883,0.011879299924452288,0.012317199697809115,0.02066527105831001,0.3444274019978175,0.2106402861119345,0.0,0.018139916116876657,0.0865892858604119,0.2168670364886411,0.0,7.9489045,0.7280799,7.3034067,0.0008829316,0.012329102,0.008,0.010965487,0.01,0.00846560017027532,0.021232800118068378,0.0018177064489140321,0.004726558651612293,0.012536594239103261,0.0477561596491686,0.21040802107638712,0.0,0.010121211561917698,0.029633938051229772,0.2166359382817282,0.0,1.5185268,0.19464785,1.3462198,0.022568602,0.0152,0.5059522,0.01685390355887489,0.048284728586577355,0.011316029092478174,0.0090646670805458,0.020527384004908344,0.18158115716178846,0.018025002205595272,0.06291611425327612,3.8444767,0.8340337,6.9400053,2.0803902,0.022033323,0.01,0.520919,0.02475431291809876,0.3297163743039219,0.00995998841415357,0.00991409323524038,0.017510042663313286,0.06647781740088583
0.009244347,0.017822538,0.0136,0.017068088,0.01,0.014825519684378424,0.0714551968437841,0.008825519684378422,0.014012759842189203,0.019050720079551095,0.3647318722068329,0.2104567772117785,0.0,0.01633036951329532,0.09163406369487039,0.21670566072831637,0.0,7.595198,0.55231386,7.1010346,0.0010132632,0.011155189,0.008799999999999999,0.009851872,0.01,0.008027200160637175,0.021936319848101387,0.0015566171597470202,0.003299264023645825,0.013213375963798762,0.0487333759450492,0.2102236294575847,0.0,0.01082778004095735,0.03016250538637621,0.21647862332538026,0.0,1.4348084,0.18474823,1.2638929,0.020321751,0.0136,0.50117683,0.01482456600784849,0.05201925745843662,0.008597413374954977,0.011425496866457064,0.01889816201708945,0.2989232076737342,0.016239922241816338,0.07173974968484606,3.6752443,0.6328748,6.7753696,1.8002188,0.019707331,0.01,0.5234936,0.024075659840011882,0.3876748461164705,0.007567797440612694,0.011533156997939442,0.017234470313729062,0.07176961936474667
0.009226816,0.017396275,0.016800000000000002,0.016624073,0.01,0.016538036522362885,0.07095920087299588,0.010668736069839679,0.013388736069839672,0.02060776082151151,0.3616465649290691,0.21012260783232203,0.0,0.017929118706003964,0.09049118606141371,0.2162956352667002,0.0,7.581999,0.6375888,7.001073,0.001063819,0.010756772,0.010400000000000001,0.009977565,0.01,0.008676800745357559,0.022153600379103525,0.0022071469533858365,0.005140481000661288,0.013249119991285443,0.049730986610550726,,0.0,0.01082248961506084,0.028728112303086518,0.21592907397299638,0.0,1.4317935,0.19679992,1.2490507,0.019812247,0.016800000000000002,0.4990103,0.01645647136467469,0.0503427816195039,0.01040679409339632,0.0106660796442817,0.020417259523573466,0.3054770677089994,0.017858665904593226,0.06948298020796449,3.6713095,0.73281527,6.6679487,1.8351312,0.01938844,0.01,0.54055756,0.01989402622560199,0.39919522687401937,0.0048232653723182745,0.013332063909075025,0.016067672902294133,0.07291222580212801
0.009207067,0.016306538,0.0248,0.015756235,0.02,0.023954400514843748,0.06306320154453118,0.018052642099667036,0.013252642099667028,0.028127661210442374,0.3614553224208848,0.2181426282745719,0.0,0.02530220344633758,0.08796212020473741,0.2261160397863115,0.0,7.381959,0.89488614,6.5562806,0.0010584851,0.009950432,0.010400000000000001,0.009379941,0.01,0.007189371317174346,0.022762800466650735,0.0020093027418511154,0.005432559596478828,0.01259801136795545,0.052862026850176845,,0.0,0.010085119199965357,0.03129791744340449,0.21570011423737506,0.0,1.4606658,0.17113993,1.301346,0.018508615,0.0136,0.55281043,0.012672916947392468,0.05633936046396939,0.006549640755536302,0.01506579587285151,0.016661748400616305,0.35160778491292466,0.014018588078014364,0.07385543082840035,3.5246997,0.5130105,6.5795646,1.590257,0.018207416,0.01,0.5412076,0.019540110156574215,0.43852553209718237,0.004026265554859236,0.015334748837158648,0.015618257970894334,0.07726135885608196
0.009272528,0.016241077,0.0248,0.01565527,0.02,0.024819200033576773,0.06495360026861412,0.016510725426005228,0.012436908475335068,0.029145134711506898,0.38793216060885866,0.22003962254735734,0.0,0.02636882254156585,0.08522587398732129,0.2263641121900261,0.0,7.3980436,0.9206077,6.5539474,0.001111128,0.010245649,0.010400000000000001,0.009364403,0.01,0.008508800359827819,0.022036000449784744,0.002373759857097184,0.00384480005354573,0.01343131429810628,0.051409600095980786,,0.0,0.01097083488920639,0.030376668140608715,0.21602898075400898,0.0,1.4394464,0.18838264,1.2643569,0.018570382,0.0152,0.51843786,0.015087414034978793,0.05397247205410173,0.008106337056270877,0.011838310191919452,0.019362182877969914,0.29996040566840587,0.016629278685225974,0.07451793971021511,3.569589,0.620932,6.573777,1.6769478,0.018128116,0.01,0.54283774,0.02114780367598577,0.44496974546537615,0.004976157315090362,0.014051121619239573,0.01628543359758204,0.07592053103480298
0.009307587,0.016982658,0.0136,0.016436791,0.01,0.014053400486863075,0.07402720389490472,0.008707574229237298,0.023409089230252665,0.017954536027223002,0.375936322784633,0.21023291623842397,0.0,0.015376820647555994,0.09470297576896841,0.2164052149622285,0.0,7.595312,0.5046421,7.1410885,0.001073327,0.010515357,0.010400000000000001,0.009699046,0.01,0.009424800508684439,0.021958133128074694,0.0030137202545294714,0.005227439760971536,0.013815653506736816,0.05009392101249861,,0.0,0.011251918008919847,0.029419863002811273,0.21620033860975835,0.0,1.4632174,0.20686853,1.2728217,0.019502185,0.0152,0.513953,0.015446535618613599,0.053119549920581356,0.009845221581501574,0.01041249930281903,0.019382938937958307,0.3395951224924895,0.016903557122801567,0.07251573761859094,3.6667051,0.6592197,6.7300835,1.7650425,0.01908506,0.01,0.53309447,0.021552245061435327,0.40647675890023477,0.005599666628410915,0.012742958507256194,0.016462798504070335,0.07372359805029714
0.009253889,0.01681446,0.0248,0.016241966,0.02,0.024856435826408143,0.06287359803016311,0.018974719606032614,0.011662079409048934,0.02876553114844528,0.3903034872156468,0.22011125841496745,0.0,0.026203023502778203,0.08471965191594932,0.22630545354212425,0.0,7.449521,0.94954616,6.571253,0.0009049627,0.010683722,0.010400000000000001,0.009737541,0.01,0.00801839940885434,0.021813799556640753,0.002195863040702034,0.0028285071048492357,0.013477051374018674,0.05037978668704975,,0.0,0.010656265433169209,0.030096929530664944,0.21602261444940357,0.0,1.4295905,0.1971339,1.2480073,0.019228037,0.016,0.5182125,0.015906151373635158,0.05114952502903428,0.00988855750781504,0.010733984018264841,0.019881623903447464,0.29856082399076883,0.017201878715086695,0.0714951658361818,3.5897799,0.67843,6.5541267,1.7615923,0.018899245,0.01,0.54128116,0.020012233287936568,0.40408924004255287,0.00495578529996152,0.013217419817401467,0.01616449714314264,0.07354337621411627
0.009276521,0.016791826,0.0152,0.016237084,0.01,0.016226092503987228,0.07146960127591706,0.010817973779308022,0.020053922941324603,0.02033705659363718,0.43968528296818604,0.21041357612957065,0.0,0.01764874098945238,0.09431205122265082,0.21666155230524786,0.0,7.5294075,0.5883769,7.001071,0.00048567491,0.010639196,0.0096,0.009600253,0.01,0.00846031925027428,0.02183386633646799,0.00276290243927624,0.004070159994859603,0.013810479942344592,0.04951571983953339,0.21010247712663357,0.0,0.011333278297853168,0.03013322353021199,0.21637831701389526,0.0,1.5163237,0.2062228,1.3359001,0.019301973,0.0128,0.5272267,0.013659470701086049,0.056043135280927914,0.008101208649197044,0.012460494468307222,0.017729408234397896,0.3295613177231918,0.015187472741906094,0.07272180700950424,3.6349394,0.56682336,6.7638364,1.6861742,0.018862866,0.01,0.5339643,0.023657624809370434,0.4084628270132716,0.006978353641939635,0.01235597948202672,0.01702498768111674,0.07386139754187557
0.009304703,0.018427871,0.0152,0.017886441,0.01,0.016802211721253617,0.06961879963065558,0.011777503701838304,0.013043759254595813,0.020559178667562038,0.42998768001343074,0.21054666148219747,0.0,0.017907165042192717,0.0879931429701032,0.21674860406690882,0.0,7.901638,0.66310054,7.3080626,-0.0002712694,0.01209186,0.0096,0.010839563,0.01,0.009618800977209593,0.02083760088350457,0.003394256478300713,0.0038475203808167303,0.013988304015691028,0.04797076023855642,0.21027366221904045,0.0,0.011353503979997914,0.028367519218308473,0.21649473426512586,0.0,1.7517092,0.22680132,1.5397463,0.021356443,0.0128,0.550082,0.014169470454613338,0.05263116331292287,0.00838208104377718,0.012094262869746734,0.017959800284103038,0.2973753236930586,0.015307429779756423,0.07040069074501698,3.8258595,0.6399413,7.0755987,1.8727143,0.020914609,0.01,0.54483503,0.024057837222307657,0.41345234823575605,0.008416355475736097,0.01083282419554854,0.01723674316196657,0.06957514702037298
0.009342647,0.020387001,0.0144,0.019605923,0.01,0.016621485292177794,0.06470079409048937,0.011814308594452632,0.011675040040292115,0.020707245817893998,0.34303381381683873,0.21077745854403615,0.0,0.01800876639712501,0.08863068196102954,0.21704125308088457,0.0,8.243249,0.7168656,7.606627,-0.0012584972,0.013658856,0.008,0.011808238,0.01,0.008919733154668938,0.021179599471101863,0.002374811595267147,0.003407893722290047,0.013068124331026594,0.05040437308281054,0.2107621622632425,0.0,0.010846127263676727,0.029723005995305918,0.21688659952744424,0.0,1.913464,0.23129284,1.7110094,0.023557479,0.0144,0.52481776,0.016573075463040914,0.04655903702105061,0.011251318310055377,0.007112895538338232,0.020473767677236084,0.2143132670565921,0.017913681061497665,0.06540815111666919,4.0462923,0.8391124,7.341316,2.1568205,0.022887262,0.01,0.54209363,0.025480266381335142,0.3345670337982266,0.010458634651607285,0.008802473646318008,0.018041237001488214,0.06598296109907223
0.009543907,0.021184277,0.0136,0.020549653,0.01,0.016109733344525604,0.06269380005036514,0.01183056000447691,0.012655008008058423,0.019792210442373878,0.28296884176949555,0.21087331065846593,0.0,0.017256274615528266,0.08695666846398047,0.21710959950255465,0.0,8.473469,0.71953595,7.8379564,-0.0023637656,0.014996031,0.008,0.012774362,0.01,0.008888533107013246,0.020888533583213416,0.002662186635110356,0.0031932802226432256,0.013071615810242384,0.05087903950949404,0.21081773553934283,0.0,0.010876977662938452,0.028440142047294933,0.21691917750731804,0.0,2.0505207,0.2558711,1.8283536,0.024986003,0.0064,0.6150185,0.00882673002442948,0.05029242370385416,0.0032762237466962235,0.013548722420034121,0.012326523698155461,0.17255109869365562,0.009893368849271472,0.06781751203573784,4.051955,0.4018362,7.773262,1.8960222,0.02419654,0.01,0.5561752,0.025634770056262753,0.2992778717498887,0.01066251936030291,0.008078030392067236,0.01812380494548307,0.06432798704960442
0.009704117,0.022022605,0.0128,0.021028508,0.01,0.01636653291921989,0.061849398136489556,0.012164389751625185,0.01148493847057836,0.02003683457447446,0.23812892101066063,0.2111257612539249,0.0,0.01762518031256873,0.0822944261721328,0.21757923840094812,0.0,8.308377,0.74782145,7.670423,-0.0035318818,0.016280102,0.0072,0.013766229,0.0,0.009472159814688984,0.02019215960932982,0.0028617367198758986,0.0024053594993474112,0.01325303409494959,0.05049648116194237,0.20085693409018496,0.0,0.011180079411580937,0.02375019820735921,0.20718703618690792,0.0,2.1072242,0.28557613,1.875781,0.026378926,0.0056,0.6484806,0.0090150071982378,0.04766516705028946,0.0037259155275677584,0.011528549657171129,0.012545364276059628,0.15742107366865873,0.010204251560025204,0.06372245591116199,3.9472544,0.42452466,7.5710187,1.9767617,0.024881845,0.0,0.5862775,0.01675410615219285,0.27669863488214635,0.001483668936949272,0.016784848729828734,0.009378582285510646,0.07084131188688048
0.009671276,0.023053981,0.0048,0.021948935,0.01,0.006821066062284899,0.07155799546713675,0.0027185996270186023,0.021117598206041418,0.010274147428505784,0.2693362670472033,0.21092348270784203,0.0,0.00805992537904831,0.09186966420571734,0.2170211081249801,0.0,9.001804,0.30122077,8.771919,-0.0048669702,0.017499236,0.008799999999999999,0.014962174,0.01,0.009476640207029322,0.02087328021589668,0.002812212940949667,0.002734655529139625,0.01307568019987866,0.05185952385111738,0.2106537155506329,0.0,0.010831768684655163,0.027517687101713772,0.21670009767408135,0.0,2.6741204,0.30444604,2.3935132,0.027621953,0.0072,0.6592663,0.008926146951378177,0.04819118932163602,0.004089337359682987,0.011744924497985207,0.012316643490659682,0.16641005055854388,0.010200283556106068,0.06485926721332178,4.3767004,0.48861635,8.339973,2.0911999,0.026563553,0.01,0.59832525,0.024911380292376394,0.29294718432287026,0.010620587711771776,0.007435954537111968,0.017714948293237994,0.06183810798533624
0.009856559,0.022535853,0.0048,0.021497376,0.01,0.006902399731385868,0.07161599820923921,0.0028590534709980603,0.021131198522622345,0.010354590847133794,0.24477440129830158,0.2109491603377764,0.0,0.0079758529542245,0.09391950984741496,0.21704419980529704,0.0,8.797328,0.27991045,8.573877,-0.006007024,0.017943569,0.008799999999999999,0.015211705,0.01,0.009537399727318553,0.020271314437041107,0.002757984676809838,0.002475969806641061,0.012951546543730047,0.05313951978817295,0.2107080437606822,0.0,0.01089595583236378,0.029842585828335814,0.21670734186913884,0.0,2.8248582,0.3196549,2.536598,0.027524468,0.008799999999999999,0.71010494,0.010609269818691019,0.046447741112660555,0.005397643452295369,0.009886096508023523,0.013980995264132481,0.15670051179766029,0.011656595158679057,0.061118505110878144,4.25626,0.5868854,7.999346,2.1440158,0.02633502,0.01,0.6158135,0.024924930238329923,0.23813425282667716,0.010695235197231838,0.0073367661680182805,0.01776314877015551,0.06275771678807653
0.010099316,0.022847839,0.0032,0.021494264,0.01,0.006188041546828526,0.07145759646324744,0.0022593186868994056,0.005437273566691849,0.009724735890763577,0.25031183972690896,0.21110517116815358,0.0,0.007474392826198164,0.09503476771789168,0.21736055745384128,0.0,8.762931,0.23272182,8.605827,-0.00706707,0.018423848,0.0072,0.015362676,0.01,0.009123272327670885,0.02137799910043051,0.0022123552299970926,0.003662239413994728,0.012550049544053627,0.05800039645312601,0.21112436175982582,0.0,0.010467653111970595,0.02992501706888741,0.2171254381579982,0.0,3.0529366,0.2976937,2.80526,0.027847562,0.0064,0.70640707,0.00924344232316057,0.04686525007493633,0.004276564359635132,0.011062007709360343,0.012543558803958832,0.16051912673971117,0.010369135803796644,0.06357689231381282,4.3238144,0.482363,8.26082,2.104088,0.026419975,0.01,0.6205461,0.026165325106432248,0.2786965696509992,0.01128162667280911,0.00713917081864684,0.0187049618719697,0.061962881654435496
0.010178532,0.022768622,0.0048,0.0216547,0.01,0.006560399563502051,0.07232179803575925,0.0028298167070586713,0.020939142561347546,0.010159855396065905,0.2957569633173843,0.21093286233349548,0.0,0.007836125443074526,0.09817800708919225,0.2169739423311375,0.0,9.042633,0.29135457,8.818739,-0.008078416,0.0196671,0.008799999999999999,0.016309088,0.01,0.009040799437769828,0.021120685508669832,0.0023965522214368777,0.0023937939985863915,0.012894330785750162,0.06106031651561745,0.2106769984369211,0.0,0.010610761331626372,0.03065316863745429,0.21666258874045283,0.0,3.413899,0.34320852,3.1084778,0.028724631,0.0072,0.71072495,0.008685619878969283,0.047460905778240504,0.00335718006753541,0.011371875533568663,0.0121757482553106,0.17267514313159302,0.009812653358273884,0.0651526915766483,4.540242,0.49868888,8.662369,2.1234624,0.027109267,0.01,0.64550966,0.024480320826360185,0.3208371909370243,0.010632328750630152,0.007498705234500421,0.017580513630831546,0.06284325003767108
0.01062987,0.022982975,0.0024,0.02189568,0.0,0.007447777497971402,0.07071499874087132,0.003558133044424267,0.01987149880068245,0.01079726359969427,0.2725740041970956,0.20126658281384674,0.0,0.008597750809532225,0.09798875404766108,0.20823222333090102,0.0,8.633902,0.23538911,8.504091,-0.008740047,0.019748963,0.0056,0.017657163,0.0,0.00908786652102208,0.021631799781533123,0.002632207158002939,0.003362544749494395,0.01276827528229769,0.06011447728587033,0.20046076550880793,0.0,0.010733075276431464,0.030576402129900353,0.20733939348596925,0.0,3.2604942,0.29549903,3.0322976,0.028903365,0.0064,0.74130636,0.01117141963716026,0.04383435523788629,0.006078617646053226,0.0091018558210931,0.014354967908130357,0.16385478802919862,0.012256287416320264,0.05997405562353418,4.2849545,0.5621577,8.140877,2.264621,0.028128207,0.0,0.6786448,0.01741741906810482,0.23289728499940554,0.0017301216154643128,0.013162176351215638,0.01124680586665974,0.06711240100175506
0.010661159,0.023506429,0.0016,0.0222283,0.0,0.006117359523209962,0.07310943809283976,0.0020949440778980713,0.013837360194745234,0.009479316354043385,0.2621449602954755,0.20117838738589147,0.0,0.007285604796650204,0.09518029544656795,0.20796360063130379,0.0,8.980834,0.18169282,8.893407,-0.009488179,0.02061305,0.0056,0.017941482,0.0,0.00868849938857511,0.02158849918777873,0.0019776998329371054,0.0030602283804995354,0.012310799892239174,0.06266479956146016,0.2006761551100121,0.0,0.010176742682079612,0.03205953120950715,0.2072777433014499,0.0,3.5610466,0.28321397,3.3360972,0.029871985,0.0056,0.76155293,0.009778906705334156,0.04360152466057877,0.004682592967671416,0.009732063403539654,0.0130599097039576,0.16696972963725956,0.010910404579524493,0.06068555603640071,4.4786515,0.49428028,8.582697,2.2396986,0.02856561,0.0,0.679083,0.017154627429464924,0.2531802989384743,0.0016154518689398146,0.013844299003392017,0.010333531827575158,0.06858537735648589
0.01074082,0.02320487,0.0048,0.021900117,0.01,0.0060328563034380295,0.07711499706203306,0.0022609991032218205,0.0047660001678838234,0.00956778927217706,0.310297999384426,0.21083895284519513,0.0,0.007284114314044973,0.09968320029747234,0.21680144585767644,0.0,9.716754,0.2680068,9.49996,-0.010156537,0.020585686,0.008799999999999999,0.018164579,0.01,0.008776701173555512,0.02268272184026216,0.0020753415151320495,0.003640546424211269,0.012355730235586953,0.0706081642356872,0.2103287639842598,0.0,0.010222254372133966,0.03203566502222479,0.2164115744592031,0.0,4.205985,0.35008973,3.8919835,0.02947622,0.008799999999999999,0.7731355,0.009769502240935663,0.04686964355806434,0.004698586538669042,0.01052373552491828,0.013162629035524015,0.22687178491881207,0.010894385317481646,0.06523485020553893,4.945953,0.5979914,9.366095,2.24678,0.028452892,0.01,0.6924293,0.022956706321479885,0.36412471330468055,0.010157892586609022,0.007085905507281873,0.017069070434651508,0.06464348424758104
0.010624545,0.022877352,0.0048,0.021652482,0.01,0.006154949634852664,0.07403959707882146,0.002289582994068678,0.021415971862749763,0.009485940289319797,0.36228752231455835,0.2108548712982187,0.0,0.007216093656133035,0.10035786405142048,0.2168067048310585,0.0,9.622008,0.26289886,9.408987,-0.010709868,0.020675205,0.008799999999999999,0.018096399,0.01,0.008810200461831936,0.022988915100834395,0.0020830585362719375,0.003566117072543853,0.012398688846566938,0.07078033348326158,0.2103621023316649,0.0,0.010269194046891245,0.03256871653468009,0.21641677878545484,0.0,4.34142,0.35260957,4.0285773,0.029384522,0.008799999999999999,0.7804632,0.00980569955755177,0.04714432938092117,0.00454429222236895,0.010248056437067646,0.013129905048896126,0.24532071706498731,0.01089830190701241,0.06589135508038901,4.9459705,0.59369284,9.371921,2.2396986,0.028218955,0.01,0.69617194,0.02299739316331639,0.3746902712527005,0.010209551291438145,0.0076115235360199665,0.01710501583636656,0.06528370204481737
0.010802729,0.021256838,0.0056,0.020311557,0.01,0.006728252108488278,0.07917279834354626,0.0029439456056408746,0.022021224544615123,0.0103716399731386,0.4725731197851087,0.21079158644215915,0.0,0.008005461541854265,0.10684369233483404,0.2167475892426134,0.0,9.780994,0.27863687,9.547115,-0.010992562,0.019450504,0.0096,0.017451463,0.01,0.00935680046997918,0.023049600548309023,0.0027548769517445177,0.003163901561395618,0.013044284047453492,0.07279392309901069,0.21019754147764697,0.0,0.010832888432783511,0.03307585066509708,0.21635234312291626,0.0,4.605214,0.36853135,4.277298,0.027607832,0.0096,0.7817585,0.010389154341568611,0.04985520398100699,0.00511728887655363,0.010521380442515,0.013885581360944478,0.3323437801469286,0.011529003775061893,0.06994670755399238,5.0929193,0.60288936,9.653721,2.158051,0.026778962,0.01,0.7098046,0.022572974723858153,0.4583727585770579,0.009604297630197536,0.008158640352022116,0.016941360503166223,0.06933580750140121
0.010834017,0.020448912,0.004,0.01965008,0.01,0.006557749097624447,0.08206199278099556,0.00254959802155372,0.02171492476006603,0.010043949802736506,0.4334206393687568,0.21092669833690608,0.0,0.0077753062017778575,0.10680489922844578,0.2171334869678977,0.0,9.402992,0.23647979,9.234571,-0.011140055,0.018438462,0.008799999999999999,0.016337384,0.01,0.009911822635040153,0.028402133264794707,0.003490158388485497,0.003380316776971022,0.01360653803059795,0.08084576624044207,0.21070399991048358,0.0,0.011343845112409873,0.03853794336466939,0.216750263631618,0.0,4.551643,0.34925127,4.2452946,0.026331518,0.010400000000000001,0.7334248,0.012570199148073016,0.05238886556430412,0.007393389326786428,0.009885052728963775,0.015929745347885545,0.374232905463854,0.013766127581709179,0.07183475108183969,5.0161514,0.6894855,9.443209,2.1916053,0.025554562,0.01,0.6936054,0.02524856973831845,0.4762827560761887,0.010615361894111004,0.007963702885031756,0.01795746420580109,0.07156569156973246
0.01079474,0.019711547,0.0136,0.018890528,0.01,0.015122133243795317,0.0804531197851087,0.010892101798646263,0.013168853297518117,0.01879414891295223,0.5767836169562663,0.21070107546915925,0.0,0.016415253263287605,0.11132202610630072,0.216793126409254,0.0,10.288696,0.6419854,9.738613,-0.011169275,0.01777196,0.0096,0.016143974,0.01,0.00983413416959902,0.029726802097117165,0.003132681359635035,0.00346536271927006,0.013596382646045185,0.09945099145408982,0.21025289230867616,0.0,0.011364792332259323,0.04130236465840715,0.2164103134597608,0.0,5.1346574,0.33988783,4.8354974,0.025328804,0.0096,0.7777108,0.010804114099581012,0.05647144433330444,0.005315864071064061,0.011600617933774532,0.014267223616570436,0.4997627264302096,0.012056912614016164,0.07573849766058477,5.4668255,0.56278527,10.453225,2.0345633,0.024849141,0.01,0.7071625,0.023487118314969992,0.6521389122636078,0.009027601574796762,0.009422127975139485,0.017124728339623942,0.07860879021993668
0.010861531,0.01786958,0.0128,0.0174391,0.01,0.01523861816350359,0.0930123998992697,0.01120849599597077,0.03084247997985393,0.0194876951229749,0.823988215450908,0.2107484925546566,0.0,0.016720706741845108,0.1335242404510707,0.2171118360534243,0.0,11.308645,0.5707957,10.847099,-0.010991171,0.015854554,0.008799999999999999,0.014787781,0.01,0.009746401722033034,0.037697601148022016,0.0037340797312306676,0.00906771162372293,0.014186096004912586,0.43664941103900273,0.21049992685107538,0.0,0.011714489397916122,0.05104829850264952,0.21679047233381446,0.0,5.87676,0.31780308,5.62259,0.023583824,0.0128,0.7110072,0.014949523949924605,0.06372037923635812,0.009030133047866639,0.01222377462080672,0.01901794045395386,0.724771913674088,0.016301165733034806,0.09327998174758591,6.201887,0.74038315,11.796173,2.1196668,0.022864835,0.01,0.7033126,0.025567879238646257,0.899877088559342,0.010121877308379866,0.012792337608620525,0.01803250610044195,0.0956786591129989
0.010715744,0.016129244,0.0248,0.015632195,0.02,0.02463185427684043,0.10907519852262235,0.012907518509191595,0.022307518509191642,0.02923008075211951,1.1470141453538152,0.21748256280720127,0.0,0.026089515590894688,0.1623720415757192,0.22619368723006325,0.0,12.317278,0.8909859,11.591897,-0.010765061,0.013889141,0.0184,0.013439242,0.01,0.01657820150356615,0.04057820092306178,0.010263759708497446,0.0037956394259633696,0.02180391344570644,0.6447215247702884,,0.0,0.01861733358890542,0.05832444558728391,0.21592501558519575,0.0,6.698289,0.51993275,6.2395763,0.020874243,0.0152,0.72057563,0.014654392492086846,0.0830441751719663,0.006267963564156708,0.016614590437184492,0.01912065237742977,1.0687123676230463,0.016001130422945473,0.11997145510992432,6.837585,0.65994674,13.133154,1.8952415,0.020147946,0.01,0.7302122,0.020298039823414698,1.2098870374000188,0.0041473528019063365,0.02238096930961774,0.015962145395729193,0.1336059941474228
0.010514706,0.0149989,0.0328,0.01465274,0.03,0.03263931407466034,0.12229173284087412,0.019903759926131078,0.024207519852262233,0.03733353640560731,1.3517338410140183,0.22593600684063728,0.0,0.03399723790402008,0.19978204470888522,0.2360214101717476,0.0,12.989846,1.0943193,12.119568,-0.010482598,0.012679051,0.0184,0.012266257,0.01,0.015956400894482022,0.05191280184732773,0.010506811546144764,0.0071825605603032805,0.02184114124732814,0.850282282175673,,0.0,0.018423972491079937,0.07289588996431969,0.21590721015061853,0.0,7.072818,0.47725433,6.671851,0.018983474,0.016,0.71508706,0.015410889099206813,0.09820130578009446,0.005883924561144523,0.026495175550454816,0.020174453673505968,1.2094015993388556,0.01701952048872995,0.15677656436050544,7.222666,0.6306377,13.94845,1.7930281,0.018656323,0.02,0.6766189,0.030525042692635937,1.5173114039678388,0.013241534541237953,0.020668605051377353,0.025831351562641273,0.16853640204415746
0.010464557,0.014827152,0.0408,0.014365606,0.04,0.03905466661070541,0.12396399983211617,0.026497066621897648,0.019563733288564308,0.044427600688323673,,0.23422972931243857,0.0,0.04083812758541976,0.24066042411216543,0.24558037694763818,0.0,13.654205,1.326651,12.6339245,-0.0101358965,0.01268021,0.0192,0.011817516,0.01,0.015628480025958968,0.05333559992490209,0.0075742376148557,0.003982825076570497,0.0216560541722527,0.8629681614884632,0.2027815100279716,0.0,0.01782523508520662,0.08242018806816528,0.21561315957497057,0.0,7.37789,0.45965666,6.9931564,0.018501138,0.0264,0.6802254,0.02444204576284801,0.10442833390797994,0.014484888214312831,0.021156067651580984,0.02965937578086582,1.3798243485661792,0.02625375374748487,0.1853674299696151,7.627831,1.0531726,14.4276285,2.079553,0.018197114,0.02,0.6928231,0.029478651668873465,,0.011933230644367469,0.025741980006666932,0.024951900364185136,0.2098756409659997
0.01036781,0.014591054,0.033600000000000005,0.014116194,0.03,0.032767466912896275,0.14830240073868883,0.018430240073868846,0.032030240073868885,0.03816540548607031,1.5646721623436584,0.22458666885962142,0.0,0.03458946190741745,0.28650515345522976,0.2357882048642065,0.0,14.02655,1.0617206,13.238152,-0.0097532505,0.0120656565,0.0184,0.011527632,0.01,0.015524480880549299,0.06134080190194693,0.009184896276758081,0.008562241525406711,0.02230677581071582,0.9167300825676284,0.2029003947177206,0.0,0.017877594567928964,0.08474025094247856,0.21591017463643775,0.0,7.4996424,0.43795067,7.1392584,0.018164488,0.024,0.6681815,0.022812214775733947,0.1135312971731283,0.012343758261904349,0.022322922985381854,0.02848453428029329,1.4838869356011377,0.024750273623235352,0.2074673381811862,7.8283057,0.94171774,14.937714,1.9977435,0.017748922,0.02,0.6803956,0.031093399629672194,,0.012419715850768896,0.02829604902810663,0.025597214660581215,0.2601146207746942
0.010162778,0.013686601,0.0432,0.013398135,0.04,0.039814399731385904,0.17351466577128627,0.020267199865692965,0.030534399731385876,0.04608384037605979,,0.23195635699294212,0.0,0.0417304528381826,0.3487965434029176,0.2448068598027163,0.0,14.470563,1.21185,13.5951805,-0.009406548,0.011023233,0.02,0.010605801,0.02,0.015402640073700376,0.07470660028332395,0.008101321199878747,0.014801761871104543,0.021549645616867386,0.9654237595579258,0.21306786852133355,0.0,0.017218634607371313,0.10781863420577859,0.2250995062143864,0.0,7.698962,0.39391512,7.3796268,0.016740492,0.0368,0.647338,0.033216522080878434,0.13396924905114516,0.020719925453275848,0.02237832640656505,0.03924857260647441,,0.035129722139472776,0.292681349641836,8.093014,1.2971499,15.200222,1.9775702,0.016483642,0.03,0.65348864,0.03890876319177203,,0.0199197513892603,0.029887889266336218,0.03374979233406919,0.35270244173611087
0.010249319,0.012712473,0.0552,0.012299745,0.049999999999999996,0.04997599932846469,0.20221066509975094,0.026983199529925332,0.02858319952992529,0.05713951965080164,,0.24081161851603855,0.0,0.05273467134324938,0.4371426996769362,0.25412349207570434,0.03371752794176622,14.218708,1.4176902,13.221725,-0.008949923,0.0101027945,0.0264,0.009685362,0.02,0.0202256003309124,0.06868373294066464,0.009942559757116215,0.006834047805692988,0.02804745107016006,1.0071064316114893,0.21256161354975533,0.0,0.022830159155663388,0.1308920638847351,0.22465611829789742,0.0,7.5893865,0.48327905,7.2090597,0.015250896,0.0392,0.63603675,0.0341265238631419,0.16864890488861062,0.02185626452120814,0.03006396404815101,0.04107202131265267,,0.0367726053758609,0.369445042541832,7.9732575,1.2135854,15.064305,1.8080888,0.014984389,0.04,0.6120569,0.048378492039656606,,0.025766509573104057,0.029476389208780932,0.04258952853837698,0.4391591867402991
0.01011618,0.012845611,0.044,0.012628152,0.04,0.0425423990598506,0.17577799882481324,0.02303119952992529,0.0326311995299253,0.04904039956350207,,0.2324577374169826,0.0,0.04459279064910488,0.42861869192667645,0.2452733530430637,0.018058253438339677,14.201402,1.1963258,13.35797,-0.0084044775,0.010021163,0.016,0.009650112,0.02,0.01344239863779476,0.07872319818372636,0.0058569562423696885,0.01665695681682188,0.020104212397246555,1.0343126375933327,0.21463597272838023,0.0,0.01570430390361539,0.11578086098324827,0.2257766125007833,0.0,7.324547,0.29922634,7.0905533,0.01564813,0.035199999999999995,0.6201115,0.033405291662354696,0.15523195149191565,0.02055264298869079,0.026127677918008196,0.03984764534323181,,0.03575726403859748,0.3628008899005983,7.906889,1.1908733,14.931191,1.8478553,0.015475592,0.03,0.63106215,0.040993979058353246,,0.02014897157061519,0.03074547966367039,0.03513533044995135,0.4119512594742313
0.009945097,0.013460488,0.0448,0.013154269,0.04,0.0432660996737281,0.1773287971123982,0.024181151884495922,0.03365287971123982,0.049237960379417425,,0.23262672450425256,0.0,0.04536901330572669,0.4015380268538217,0.24538974445147527,0.009481646976166401,14.407877,1.2897679,13.47591,-0.007833755,0.010378067,0.016800000000000002,0.010034846,0.02,0.013575100009286826,0.07406693332476601,0.0031867195699201148,0.013980079354880163,0.020291633752759164,0.9151103587933332,0.21371058385900668,0.0,0.01611521041737469,0.11108694699327192,0.22562121230626067,0.0,7.2601933,0.32620543,7.002777,0.016329464,0.024,0.6704526,0.02217422080440324,0.15073024042181274,0.010040275190142438,0.033463555333131834,0.027954320119497698,,0.024400849269228548,0.3222732548627291,7.9001045,0.80041116,15.213186,1.7745607,0.015903354,0.02,0.6828276,0.030007838305182232,,0.010863813979308289,0.03831549767936785,0.025111273562292383,0.3769675529359328
0.009752046,0.013764488,0.0544,0.013258562,0.049999999999999996,0.051263446179316816,0.1656247997985394,0.030681239989926962,0.01976247997985394,0.057131161588180976,,0.24145912261044683,0.0,0.052589619846028154,0.37611257302538964,0.25457663433013905,0.0014037534074102735,14.554775,1.5433699,13.447065,-0.0070798253,0.009971999,0.020800000000000003,0.00974473,0.02,0.016,0.0728,0.008960001285095859,0.015893333190544905,0.022623999434556754,1.0271199994645424,0.2130080155679758,0.0,0.018536236548297485,0.10254494580034079,0.2251135988043848,0.0,7.0490427,0.3810228,6.749187,0.016096266,0.032,0.63193536,0.028873251599789363,0.15194292457290876,0.014759718602882187,0.031866812041190865,0.034394227650626774,,0.03020494238960764,0.32833962413836143,7.9539824,1.0408555,15.151995,1.8589631,0.015833324,0.03,0.6191029,0.03895634731701911,,0.017261931407686504,0.034251963404762255,0.033600532119458036,0.3699651879051946
0.009644205,0.015314659,0.035199999999999995,0.014884179,0.04,0.03234479979853941,0.14920679929488795,0.01344271971795515,0.03592135985897759,0.03854064059670709,,0.23262745756214553,0.0,0.034429044043766094,0.28273443545078125,0.24507040209577247,0.0,14.7686825,1.0754477,13.958315,-0.006230582,0.011209918,0.0184,0.010620874,0.02,0.013867599434556314,0.06013519886911264,0.006933519350706229,0.011867039773822525,0.020711857404083912,0.7709355721532559,0.21326217809656273,0.0,0.016812672688419846,0.08404435437130009,0.2254052858805458,0.0,6.689355,0.3694071,6.3767443,0.018006423,0.035199999999999995,0.5538406,0.0323184826797335,0.1186511072925426,0.020834014916840622,0.021518485940585995,0.038372230101845616,1.4030971901400213,0.03435613455873649,0.23325956576850077,8.03962,1.3418192,15.020924,2.112079,0.017704224,0.03,0.5850318,0.03930570817788307,,0.020475553593605655,0.025647392138171243,0.0342918574707312,0.2670926673775017
0.009575861,0.016159642,0.033600000000000005,0.015760228,0.03,0.03277999976016595,0.12072999916058087,0.018550666554744112,0.024451999664232355,0.037613600738688815,1.3706893345644813,0.22454207765694062,0.0,0.034259517357123834,0.18947578184414818,0.2357244695363833,0.0,14.050846,1.1629176,13.127311,-0.005467145,0.011490062,0.016,0.011137564,0.01,0.01313946677786339,0.05096735995039521,0.0067054727471041135,0.009475338027005445,0.019624373230061384,0.6813820795823433,0.20056948740307792,0.0,0.014963809231260302,0.06851047290155557,0.21577741993625457,0.0,5.9590807,0.35985088,5.661544,0.019198073,0.0248,0.61179936,0.02350006878055974,0.09959823524115369,0.013003764893866173,0.02046797352378706,0.02873311948016558,1.1975949405975674,0.025313627194001036,0.1669045984523886,7.4623966,1.0175276,14.104333,2.118323,0.018838296,0.02,0.6083602,0.02995256234318802,1.4497723966300162,0.011967557456321954,0.02447894850749994,0.02540070733159034,0.17441036964245582
0.009537251,0.016198251,0.036,0.015816588,0.03,0.03368880009699956,0.10639980021824898,0.02122661518229388,0.023039922773440778,0.039139820364307895,1.3213437125828926,0.2239523214071107,0.0,0.03538306733335139,0.18532613472479237,0.23537788602536888,0.0,13.486784,1.2311676,12.488247,-0.0048180376,0.011536676,0.02,0.010868784,0.01,0.015749399719286704,0.04233253246874941,0.009053171410824781,0.005189878558118613,0.022072613578064195,0.6566178407341926,0.20104798904550428,0.0,0.018518960270652,0.05597844054705751,0.21547083628153507,0.0,5.53249,0.4216368,5.154481,0.019085674,0.0248,0.58940244,0.02232671914767684,0.09245935360277775,0.012226195245934287,0.019031848778037427,0.027718300594746597,1.1525881311853619,0.02410591803329139,0.14526770383688875,7.143256,0.9650115,13.487844,2.0792987,0.018754497,0.02,0.60245794,0.029191873288620867,1.4001108239852165,0.011596665057944548,0.02273660467422454,0.024517495423003837,0.15958141528009243
0.0094793355,0.01681091,0.0272,0.016478064,0.03,0.025000726784337984,0.10630399731385881,0.012630398388315279,0.031240531184420377,0.030189440241752706,1.2301472012087635,0.22461529215053974,0.0,0.026503854072522745,0.16471156181403376,0.23553018016641508,0.0,13.347322,0.9533226,12.575121,-0.0041740322,0.011588391,0.0184,0.011245169,0.01,0.01439520016192223,0.04157600398380775,0.008319041315941649,0.0063976032898541415,0.019906311527419437,0.43758560127546015,,0.0,0.01683482645457766,0.054234826489542844,0.21537907432810677,0.0,5.0404997,0.39546663,4.6884646,0.020054258,0.0184,0.6160942,0.015878932948483408,0.08921249683763484,0.006844617663192548,0.02303143568003335,0.020926014534661044,1.1270264627312376,0.01756672787366988,0.1303359711883694,6.9029837,0.7146354,13.219881,1.9103175,0.019595793,0.02,0.58429015,0.029109770711597347,1.2599848761219472,0.011952829222638073,0.021190404416993297,0.024575405898236084,0.13429426249024914
0.009431628,0.01807905,0.024,0.017706262,0.02,0.023631666806569866,0.09869500041970956,0.011317999496348511,0.02423599899269705,0.028646286337854193,1.0678620021824898,0.21638640860649883,0.0,0.02520026983973712,0.1424010788004675,0.22611889109669472,0.0,12.7869215,0.95668656,11.99475,-0.0036582712,0.012116212,0.012,0.0119260475,0.01,0.009639359988948172,0.03779680010280794,0.004089838720041143,0.010579677440082248,0.015206848577677373,0.12401712144075548,,0.0,0.012410308435676599,0.05241030843567661,0.21587443726692598,0.0,4.472791,0.2719122,4.236478,0.021213857,0.017599999999999998,0.6079015,0.01697539310432353,0.07675891628386614,0.008540914966429456,0.018248958444223726,0.02177535933998929,0.9423821676592551,0.01871804765893794,0.10843959058759753,6.5253706,0.8043748,12.374666,2.0652237,0.020693818,0.02,0.5440285,0.03094826561244638,1.1292765275330412,0.013818044271273137,0.014994158206838092,0.026009717967012805,0.11298442797552043
0.009482664,0.01902655,0.0136,0.018542815,0.01,0.015430461615946385,0.09469800050365147,0.004459599429194986,0.0316297997145975,0.01966116392329236,0.9422242677187387,0.21038388725193388,0.0,0.016765848800414915,0.12858698053430148,0.21680970447526632,0.0,12.162502,0.6022017,11.6701145,-0.003230866,0.012964295,0.010400000000000001,0.012426271,0.01,0.010380599820086081,0.031922399280344405,0.0046361186789179555,0.008508895410757226,0.01541003197485061,0.08234006385331888,0.2100760898342177,0.0,0.012504432862304066,0.045513297911656564,0.2164891844587125,0.0,4.1315384,0.27909356,3.8873403,0.022765579,0.0136,0.5812818,0.015130898301773913,0.0706774210886038,0.007434428143055675,0.014604268191560221,0.01929506732782265,0.7923772320804661,0.01657944297884342,0.09530294212760436,6.2167683,0.71193737,11.836359,2.084461,0.022321474,0.01,0.590403,0.024774929577906803,0.9720202225910576,0.006569809578841088,0.016439309469798914,0.017408204484191073,0.09824615996470006
0.009600048,0.019685805,0.02,0.019046742,0.01,0.024040914247340832,0.08068639973138589,0.012438911709896729,0.014697279274741877,0.02837925336467165,0.8087502080752119,0.21071721791416945,0.0,0.025425133041661274,0.11463168238539913,0.21765239889009658,0.0,11.706392,0.9887244,10.899797,-0.00271209,0.0134891,0.0064,0.011898219,0.01,0.00863319973655466,0.03076182867226947,0.002363320171118812,0.007102187024780998,0.013484337680134103,0.07895903890831035,0.21107024077787523,0.0,0.011032668424073062,0.04202867829651873,0.21740751530531433,0.0,3.6866248,0.20977923,3.5215068,0.0230093,0.0128,0.5714958,0.016743434372593312,0.06657928328704331,0.009803503444665239,0.011965394489091634,0.020922845514371284,0.7247168807070803,0.018144308049127405,0.09079202538218323,5.9201126,0.7679803,11.225755,2.179178,0.02245765,0.01,0.55837286,0.027048506326000494,0.8761047903040686,0.010525165701316582,0.01422928930711153,0.019960809156876917,0.09319973907685392
0.009542798,0.019854004,0.0192,0.019361392,0.01,0.0234386135034556,0.07877920255183413,0.017557919583648118,0.01635791958364811,0.027684256593637203,0.884421282968186,0.21082366915982792,0.0,0.02474952637576166,0.11096445642022115,0.2177700555700047,0.0,11.642932,0.97696275,10.843659,-0.002356113,0.01371289,0.0072,0.0120246075,0.01,0.00942620013593928,0.029101599948596023,0.003478269001748777,0.002330480627128447,0.014449805677666974,0.07097431984683239,0.21113607517115074,0.0,0.011700778794530107,0.038375583819997776,0.21742390214825524,0.0,3.5146656,0.2538787,3.317313,0.023399081,0.0128,0.5839883,0.016808088397604205,0.062494767381310164,0.010649886121346116,0.012106346760149786,0.020944345937099207,0.6839985950066247,0.018171775795442952,0.088138138736181,5.825592,0.79476655,11.012956,2.2186236,0.022791548,0.01,0.5557618,0.02720124887929508,0.8388270769317162,0.010782218705583019,0.013725743654966878,0.020174921153116827,0.08980843484178058
0.009578302,0.020927986,0.0112,0.020169098,0.01,0.016142399576416208,0.08012559724670527,0.010915040040292114,0.013945120120876349,0.020307477478384954,0.6511530405439435,0.21101618383924478,0.0,0.0176157086912764,0.10939616807646205,0.21817100116047025,0.0,11.150987,0.6461498,10.660816,-0.0020091801,0.0141776325,0.0056,0.012725894,0.0,0.009158285472018406,0.028035998843410653,0.0027757332064893944,0.004327199749406311,0.013469533299315026,0.06280859989794513,0.20087049539225665,0.0,0.011221045661239304,0.03741050106789468,0.20761728668798016,0.0,3.162631,0.21109095,3.0012236,0.024585484,0.0112,0.552465,0.016085534004267446,0.05892251362078742,0.01004525079377445,0.01125693522019517,0.020002874091590458,0.5047965832901905,0.01744604869816444,0.08163267746043056,5.5759006,0.7595023,10.556015,2.256334,0.023432305,0.01,0.53407675,0.027616184855437355,0.7367848165258498,0.011538601127274433,0.011733246189538605,0.02184919066527499,0.0823599525697458
0.009488433,0.021239752,0.016,0.020463115,0.02,0.01555193821875264,0.08148759842189206,0.010285840118637906,0.022057520355913705,0.019749024427096445,0.6686588416016116,0.2200787010897895,0.0,0.016972108158362243,0.10933650473902387,0.22628872773665976,0.0,11.560499,0.7370658,10.918774,-0.001707701,0.01445592,0.010400000000000001,0.013509741,0.01,0.008311333296297517,0.02773400051403971,0.002195600248452547,0.005173601490715156,0.012818044272086581,0.06275247982998151,,0.0,0.01030451754582573,0.03381505823045154,0.21583071705482784,0.0,3.37529,0.25858548,3.1475568,0.024995299,0.0144,0.5719033,0.013772497859428722,0.05808713110009012,0.00786535467970507,0.012788696874741554,0.0178312924261063,0.5861931891646865,0.01515707427452744,0.0827439592820928,5.773862,0.7649607,10.876995,2.1940463,0.024394661,0.01,0.5869199,0.019783192925967228,0.7166655414262274,0.004656910828127394,0.01429404082142774,0.015958811327662446,0.08300057338067171
0.009509957,0.021107279,0.0128,0.020450464,0.01,0.016315199555753588,0.0794243985561991,0.011088502884004266,0.02133984006267663,0.020355405835162082,0.6798439204230673,0.2108488242229953,0.0,0.017615823801127726,0.10530285467412334,0.21748140337105362,0.0,10.985007,0.68724334,10.420724,-0.0013197208,0.014183894,0.0064,0.012453867,0.01,0.00828826665774236,0.024309866590988802,0.0019232394139947246,0.00963718306239157,0.012647328014968161,0.0624366397498878,0.21095974856662716,0.0,0.010278073942320725,0.03372940619311675,0.21715037654788563,0.0,3.07555,0.20317088,2.9097366,0.02480224,0.0136,0.55286586,0.016956732467486565,0.053417147688635966,0.010984368006743444,0.009986597949162505,0.02087899266795721,0.5365592876465062,0.018250706740792294,0.07847973887242353,5.481776,0.8559338,10.241014,2.316476,0.023944106,0.01,0.54699427,0.02666002648012082,0.6746012510966167,0.01070216465681753,0.011534350455316983,0.019196104164046587,0.0795198429767079
0.009439394,0.02350776,0.0128,0.022447094,0.01,0.015197473260082962,0.06371733064719215,0.011018798835728103,0.01311679588125017,0.01882768014773778,0.35036480042210794,0.2109178575385224,0.0,0.016544576661306837,0.08837347828241508,0.2171279778865059,0.0,9.946087,0.752577,9.29837,-0.00092826196,0.016111504,0.008,0.013472404,0.01,0.009108800237028982,0.019694800779893055,0.002252640647903354,0.003343168310787909,0.012804256080723463,0.0500106401521436,0.21082831953397577,0.0,0.010605955286480276,0.025166377451372297,0.2168825717952214,0.0,2.2861392,0.26084346,2.0537684,0.027138583,0.0128,0.5232259,0.01511086661842378,0.045586348556184486,0.010004624076732898,0.006966715753590083,0.018603974461936377,0.314899617847357,0.016352522711180928,0.06393579039136955,4.878874,0.87377274,8.991236,2.3956666,0.026179716,0.01,0.5405553,0.0256190037769305,0.39851089624395675,0.010749123586131476,0.00845108699573571,0.018103853424056383,0.06516492862260549
0.009290724,0.024654966,0.0048,0.023669744,0.01,0.005983578487896921,0.07169759825400822,0.001814799966423243,0.02195551991941577,0.009519919818685456,0.3423991981868547,0.2107207559996044,0.0,0.007218792760200267,0.09237585520400508,0.21671329163637282,0.0,10.0670185,0.28461352,9.845121,-0.00064719055,0.016642109,0.008799999999999999,0.014406524,0.01,0.008776199985341872,0.020601919938315234,0.002075768171867594,0.0038273057893722273,0.012379790661814787,0.04763431977512788,0.21038022119014826,0.0,0.010432198355386663,0.023393190261626493,0.2164456138177641,0.0,2.2569184,0.2814163,2.0018208,0.028451573,0.008,0.609797,0.009123193572973014,0.0484371185711088,0.004117104507775275,0.01229561825697435,0.012434497768414121,0.18067027047896922,0.010227685526155437,0.06397243439735696,4.772561,0.53497106,9.084305,2.171752,0.02770929,0.01,0.54675347,0.023046223876457505,0.3489038214215819,0.010149353199454581,0.008424962664399814,0.017099356715503406,0.06260147455037966
0.00920618,0.025294254,0.0056,0.024357846,0.01,0.006820673037416009,0.0692785575421808,0.0026559038183454507,0.02092771231427852,0.010254620986277494,0.28370940814236545,0.2107346656640225,0.0,0.00807346422527471,0.08964483859065926,0.2167304979150593,0.0,9.650409,0.33492786,9.371485,-0.00035011777,0.017040756,0.008799999999999999,0.014573265,0.01,0.00883498154496565,0.019597828182227075,0.0016618840430971886,0.00350813782658084,0.012387509321647486,0.043306319984538655,0.21035839977768742,0.0,0.010147550812971348,0.023183631734491214,0.21639867927334178,0.0,2.0402017,0.27600268,1.782089,0.029223641,0.008799999999999999,0.6225583,0.009853201189381799,0.04620626660054004,0.004811450566037729,0.011125306339692748,0.013168469144685559,0.14444977960131125,0.011028699403108884,0.05971158633574625,4.514781,0.59527326,8.500312,2.2496495,0.028384587,0.01,0.53916746,0.023102529093141727,0.18149247103901445,0.01016574618663178,0.0075778536061896435,0.017125595050058066,0.05964291515377266
0.009371494,0.024019456,0.0056,0.02291441,0.01,0.00660983933518005,0.07004919667590027,0.002229030931737134,0.021529834216115033,0.01011627125646446,0.2238457064831137,0.21068397732844865,0.0,0.007938614915406197,0.08941584474621851,0.21668157184083034,0.0,8.894959,0.2974537,8.636006,4.3428336e-05,0.015719581,0.008799999999999999,0.013669524,0.01,0.008775314189200798,0.017513599563066248,0.0016636337099897901,0.0036939376031313548,0.012134080083531399,0.042801493310629934,0.21025094885938336,0.0,0.009984765881845215,0.02338541795493545,0.2163318557928605,0.0,1.757391,0.25190106,1.5217736,0.027328769,0.008799999999999999,0.612852,0.009731954088652264,0.047706115731907715,0.004700507551157624,0.011467707201604123,0.013077632678508826,0.1391782035854407,0.01084550351073699,0.06100480377786656,4.143515,0.5430461,7.793556,2.109061,0.026681943,0.01,0.5378767,0.022650992349374875,0.16984358089195742,0.010013632112511387,0.007929134760472448,0.016985683774909856,0.059919942954852694
0.009264761,0.022905756,0.016800000000000002,0.022009289,0.01,0.016716564109400995,0.060645397464954245,0.01237635792831361,0.011783259027952658,0.020391493587770582,0.27436172114496765,0.2103713213365089,0.0,0.018000179222687845,0.08126717446428228,0.21638538633489754,0.0,8.964526,0.8797437,8.167252,0.00028878587,0.015242318,0.010400000000000001,0.013247918,0.01,0.008997257004643553,0.019563466282922257,0.001783231253614349,0.0025526927113452853,0.012824543954777392,0.04292908792561851,,0.0,0.010479528048596377,0.023418702073756428,0.21597227200454072,0.0,1.6910657,0.26461145,1.438751,0.02629695,0.0096,0.5861606,0.009389403983261947,0.04893385448030551,0.004163774226871556,0.012071449626951067,0.012940221678123453,0.16437137613199823,0.010598966282687024,0.0651382871399517,4.201762,0.5346822,7.925605,2.0234034,0.025688833,0.01,0.5418329,0.019811799747690772,0.26861927912612654,0.005984212435489482,0.010030221575559606,0.01622549583500721,0.06297399519008921
0.0092831785,0.02277639,0.0152,0.022008624,0.01,0.015942904655241726,0.06150506281653097,0.011722301485771823,0.012141004952572818,0.019643383002961944,0.25913578734715575,0.21056869908911413,0.0,0.017300957353253942,0.08140268058911102,0.21659769748267335,0.0,8.748286,0.80434465,8.010701,0.00052370765,0.014659534,0.0096,0.012818193,0.01,0.00915408019019469,0.020177039952901148,0.002352346912549001,0.0031285203688234914,0.012942672048551004,0.0423711200904388,0.21013145512431883,0.0,0.010684834595343726,0.023177725881455957,0.21629488710577702,0.0,1.6079271,0.25901967,1.363497,0.026013294,0.0128,0.5300692,0.013481980666394838,0.04566450358058527,0.008519582633976506,0.0077261527293717375,0.016993121419713042,0.1508064376434705,0.014717053123900587,0.0640199014893459,4.1803675,0.76613826,7.6538825,2.217314,0.025469305,0.01,0.5273903,0.02218346176122438,0.28699867901210535,0.00838288776807026,0.008620389242527312,0.01682192277539549,0.06210335861660212
0.009209066,0.021075325,0.0152,0.020343065,0.01,0.01646955249085281,0.061596478468899526,0.012145134528360906,0.012266079968661686,0.0204426843504295,0.31599207957693276,0.21062300689055583,0.0,0.01779176865877721,0.08563003319717073,0.21671640584869672,0.0,8.4835615,0.76582646,7.7992325,0.00068650633,0.0133372005,0.008799999999999999,0.0116535565,0.01,0.008302200732506572,0.02060146728788681,0.0021001469161988553,0.0035004401465013176,0.012761584076347709,0.04700792042030736,0.21031036054801994,0.0,0.010326158375921704,0.025941554479454735,0.2164800856428419,0.0,1.5933168,0.22445443,1.3931811,0.023902724,0.0144,0.50106674,0.01563600266457397,0.04733693084999516,0.010511472907876032,0.009469087725802794,0.019471624948297357,0.18417079739829786,0.016865963949894286,0.06360885463248556,4.103026,0.8271888,7.461552,2.1561496,0.023444522,0.01,0.52021813,0.023673367351609256,0.318332807266357,0.009537778848754995,0.009581180933995789,0.01720919380289928,0.06505570506556128
0.009208843,0.01941132,0.0144,0.018727876,0.01,0.016398707552834957,0.06572773272895158,0.011499159909342735,0.012299159909342732,0.02048355453226368,0.3683697634516914,0.2106931119070239,0.0,0.017772969784911632,0.08393512733859372,0.2169690255605872,0.0,7.954229,0.6780941,7.3537755,0.00080570654,0.012290373,0.008,0.010513966,0.01,0.007999399217295786,0.02106586562145259,0.0018599392790592901,0.003497074038844375,0.012863136002836837,0.04975784023436951,0.21062530472575144,0.0,0.010560078772182534,0.026000393699800995,0.2167733047709612,0.0,1.5297742,0.20132491,1.3572354,0.022015505,0.0112,0.5423202,0.013151123335024523,0.04850057725891978,0.00756103189493433,0.01256113802784592,0.017117967949908327,0.2117099636924676,0.01445659263436919,0.06706558801353421,3.8012292,0.60066885,7.0739613,1.8859975,0.021477357,0.01,0.511559,0.02524418611474118,0.34480130684718074,0.010219896707930474,0.010221182345225774,0.017863806716931736,0.0674430473445043
0.009308475,0.018313153,0.0144,0.017465508,0.01,0.014986461073552481,0.06947466465206077,0.009468266711435672,0.01426826671143569,0.019255400151095454,0.35908106706958787,0.21033885262093674,0.0,0.01674113885398033,0.09213512484291146,0.21658821332812875,0.0,7.6898375,0.5881867,7.16017,0.00091818144,0.011134317,0.0096,0.010215965,0.01,0.009002399719687993,0.020668266167977088,0.002925987959092572,0.003936382804756787,0.013194298172541039,0.04928432001967807,0.210012052977214,0.0,0.010822713658450766,0.03027949728896444,0.2162629798115801,0.0,1.512729,0.20558274,1.325812,0.020925514,0.016,0.5158841,0.016499316585152336,0.04922637429356378,0.010663908105530254,0.008508956160074112,0.020543470502766194,0.21039741079800237,0.018061850694359508,0.06764836445701962,3.7176473,0.76007575,6.741864,1.90524,0.020233879,0.01,0.5292592,0.022918527365731904,0.38646253441445927,0.006390526379571924,0.01119836882944238,0.01677623961808067,0.0709894566649251
0.009255442,0.017811444,0.0152,0.01695936,0.01,0.015484599457175638,0.0712537983715269,0.00988101334676403,0.014443040040292112,0.01959902772020223,0.37238736036262904,0.2102349115596945,0.0,0.016831957770810275,0.09318348975791697,0.216426970435803,0.0,7.5550346,0.59886783,7.017379,0.00092699385,0.011009552,0.010400000000000001,0.010030904,0.01,0.009311314087835353,0.02117919745550344,0.0033328710073830736,0.004197919271994184,0.013845320035244822,0.049162559596478826,,0.0,0.011316409321496121,0.030403716484196572,0.21618440049062418,0.0,1.4958,0.21863635,1.2952003,0.020297771,0.0152,0.5001568,0.015398332504822974,0.0506368852247975,0.009338459728338102,0.011379652285725763,0.019399011972521068,0.2854789483808765,0.01677055284745302,0.07139097713013338,3.6734648,0.6909725,6.720545,1.820659,0.01970378,0.01,0.5341217,0.02164841640968291,0.3839859438421308,0.005658182911285081,0.012546525682477876,0.016484217565886538,0.07226036294650107
0.009367277,0.017921504,0.016,0.017167054,0.01,0.01598657169238886,0.06875300092336104,0.01044079979853941,0.014904479879123647,0.019958467332605822,0.33655080399563503,0.21018200146012983,0.0,0.017288515203933822,0.09124257499449656,0.2163411144505307,0.0,7.555481,0.631821,6.9812126,0.0009427636,0.011109734,0.0096,0.010200659,0.01,0.007974934172216445,0.022787467345448512,0.0016929929753373926,0.005264965623594421,0.012338464050581479,0.05144616001833273,,0.0,0.010056473754528224,0.030017263802133348,0.2159708711375984,0.0,1.4969594,0.18166292,1.3248844,0.020498458,0.016,0.5068345,0.015903898019121426,0.0515349936556487,0.010079006967964642,0.00795753365209209,0.019773976751286955,0.2380683331381618,0.017170743813214175,0.06840581205104597,3.6661448,0.7226371,6.6656365,1.8517596,0.019969007,0.01,0.53614366,0.019993988023112124,0.3827164449977183,0.0051837457709809345,0.01184603918695888,0.016207784967305655,0.07089059916901123
0.009241462,0.018934907,0.0512,0.018162707,0.049999999999999996,0.016190399923253152,0.06893279946277177,0.010890623957021763,0.012026559892554349,0.020191872318755393,0.35031952119533283,0.23105470734720535,0.0,0.01753109054485858,0.08950417708316152,0.2382491464388932,0.0,7.9629936,0.7089983,7.397379,0.0008815402,0.011518818,0.044,0.0103731975,0.04,0.0076453334225761865,0.02284533342257622,0.0012495999669546109,0.005057866628113688,0.011956799996203154,0.05062496000032127,0.22064594346327362,0.0,0.009670653898381988,0.03007862855097355,0.22759333129953432,0.0,1.5644441,0.18415263,1.4032688,0.021583453,0.0512,0.5006138,0.016179123387786785,0.049652537241744,0.010292880889251501,0.009080917646708977,0.020044928195051763,0.2799943718147369,0.01743653264346167,0.0663139890891752,3.8683586,0.8044369,7.0712113,1.9490987,0.020416638,0.049999999999999996,0.4743207,0.027867964329952883,0.41533298809723057,0.011676986664439042,0.009229101903899074,0.02201432971310446,0.06930257932835011
0.00937926,0.019019006,0.0152,0.018291183,0.01,0.01609777122231417,0.06449479951873303,0.011352293237079949,0.012342751884495927,0.02015198679313917,0.37740794717255655,0.2104743337884554,0.0,0.017725832916936544,0.08916249756592744,0.21669783368540824,0.0,7.988844,0.66783524,7.385728,0.000769761,0.011978458,0.0096,0.010772542,0.01,0.008973867273518272,0.019930400699575218,0.0028949028373156127,0.00413303998265116,0.013497360121943802,0.04798944018923068,0.21008249688464764,0.0,0.011020039033282001,0.027440466953960914,0.21635293384431048,0.0,1.5741844,0.22329113,1.3752081,0.02182375,0.0152,0.51258034,0.0160907427415083,0.04783762874452374,0.010302039159026345,0.007643957811988205,0.019953012940601957,0.23472521021482257,0.017471122771309,0.06458317060718438,3.8670783,0.76805717,7.036132,1.9735172,0.021227695,0.01,0.5322528,0.023577245376754805,0.3953609175280184,0.007343731957274855,0.010354631516696178,0.01698634728632605,0.0678379711272653
0.009283844,0.018226834,0.0136,0.017578894,0.01,0.01456751985226224,0.07165639889196676,0.009188511911357318,0.016571279778393348,0.018514080209725624,0.34716101424214446,0.21042003296142983,0.0,0.01572512154124811,0.09187682091473612,0.21660657839272882,0.0,7.7585154,0.5627271,7.25259,0.00035766227,0.011462929,0.008799999999999999,0.010516749,0.01,0.00838106676483385,0.022468640309837185,0.0019908643008543546,0.005508640456206576,0.012597220041208492,0.05037775993365682,0.21000391236999896,0.0,0.010532459875007725,0.030792139672994812,0.21634087039760747,0.0,1.5694304,0.19426753,1.3971235,0.020994768,0.0136,0.51931214,0.014460093955186404,0.05117398591226145,0.008404861615779918,0.010281825690101087,0.01834095179438532,0.2717978842495986,0.015699167567012954,0.07012631140473381,3.7572603,0.65158737,6.9246416,1.8434567,0.020484617,0.01,0.53913903,0.02313159097354223,0.38564055075628023,0.006820548107473173,0.011311385557326177,0.016873268962392912,0.07010334208698622
0.00923414,0.019053178,0.0136,0.018498436,0.01,0.014849428355577949,0.06874599848904558,0.0100172999244523,0.015089733232603039,0.018618892405839776,0.38471140031897927,0.21052377280005638,0.0,0.01608880341279387,0.09262162351684058,0.21670896960595448,0.0,8.139511,0.6245866,7.5994143,-0.0004145879,0.012698993,0.008799999999999999,0.011094195,0.01,0.007951800745357559,0.020767867163571718,0.001860239751012341,0.002990358963649835,0.012768450911758008,0.050713240101793844,0.21021992809233636,0.0,0.010418286278692995,0.029691431448542274,0.21641362957142476,0.0,1.8175708,0.20514861,1.6297262,0.02196538,0.0128,0.54076236,0.013980346351281786,0.05241012789060345,0.008493717440342927,0.01161762379551405,0.01754536398693631,0.32364002393957825,0.01515969395367856,0.06894530847268135,3.956902,0.6710324,7.3237414,1.9184477,0.021570195,0.01,0.5402261,0.023637436410550522,0.38388268862011937,0.008082633979921141,0.01062036606807934,0.01708157494561597,0.06900166883434738
0.009433403,0.020185297,0.0144,0.019417534,0.01,0.015339623248947009,0.0671735952320994,0.010519340048686309,0.013677360194745239,0.01911604029211785,0.31109624175270717,0.2105104571662238,0.0,0.016500210821664266,0.09040337314662823,0.21661965056587562,0.0,8.090473,0.67354804,7.4800353,-0.001326446,0.013726804,0.010400000000000001,0.012275066,0.01,0.010416977931116934,0.020317600080318594,0.003067223910189932,0.002735283685664719,0.01388350394083409,0.04930875993786349,0.21006496084866827,0.0,0.011696850694137811,0.028566339603352017,0.21630735248191293,0.0,1.9397855,0.27299708,1.6837602,0.023417512,0.0152,0.5316447,0.016083151773872807,0.047861614420520615,0.010622996718864488,0.008468360715061156,0.019648177254172606,0.2694212344108931,0.017178511415710727,0.06565652071354934,3.9785795,0.8311467,7.191369,2.122272,0.022972113,0.01,0.56373435,0.02270509954487899,0.3094346325921991,0.00750161886508522,0.009893555542185592,0.016846701677200857,0.0666973208560608
0.009459143,0.020936195,0.016,0.019968724,0.01,0.016904489026926695,0.06268080248468061,0.012556594164837953,0.011659231830773106,0.020855453817957958,0.31835514860516523,0.21062868790340122,0.0,0.01846839550716522,0.08665648308010405,0.21669943710881817,0.0,8.371839,0.7950623,7.6582184,-0.002482966,0.014651418,0.0096,0.012921392,0.01,0.00941780023131787,0.021035600226096924,0.0027231647654965855,0.0032847468290887185,0.013314693340932353,0.05094407996522203,0.21020296511339223,0.0,0.011109778066554554,0.026365926692576994,0.21639525731657974,0.0,2.1191657,0.27482638,1.871489,0.024315234,0.0128,0.5767901,0.013716523581926595,0.04890448361866936,0.008589126908553589,0.00962290990876299,0.017428375383447974,0.18937552775095698,0.01506124863672958,0.06526916065596605,4.0865397,0.738585,7.510959,2.0992901,0.023784706,0.01,0.57432085,0.023192461480653605,0.32605627799765136,0.008927021077129496,0.009762183878168858,0.01703339568522203,0.06617641244626356
0.0095490115,0.021844864,0.016,0.021006092,0.01,0.016915105495232594,0.0646522644729847,0.012896524756868257,0.011737836649038862,0.0205468533534794,0.33978741341391755,0.210630708603676,0.0,0.01817297364434635,0.0878558594365138,0.21664045869412996,0.0,8.844367,0.8270772,8.0912485,-0.0037118415,0.0161122,0.008799999999999999,0.014085334,0.01,0.008220177388242154,0.021727199126132492,0.0017895396131851157,0.0035860528175801583,0.012203906852468208,0.0528156275411223,0.21017676977951075,0.0,0.009878958700710837,0.0263342724997943,0.21629555219724764,0.0,2.4564757,0.258263,2.219235,0.025897117,0.016,0.5669836,0.016764709523007425,0.04328864363690743,0.011802419258179589,0.005267866308053384,0.020191908067945907,0.20620574585882312,0.01795845097266838,0.0630183009271049,4.3898964,0.9807298,7.8784685,2.35577,0.025291353,0.01,0.5906763,0.022339916244773265,0.2869998553383439,0.008817075728561363,0.008722117124553473,0.0168809816644233,0.06484964976497958
0.009784222,0.0219425,0.012,0.021063788,0.01,0.01538287012211081,0.0622217584151767,0.01129478317804078,0.012755436917652985,0.01887979215982541,0.2870391686393016,0.21107319520096007,0.0,0.016612505368203755,0.09000629562973202,0.21744133532824056,0.0,8.677724,0.69450754,8.087922,-0.0048678974,0.016804442,0.0064,0.014054026,0.0,0.008281372163175274,0.021784800488337724,0.0015548803475476688,0.0035939227655336324,0.011974737841626119,0.0537150935210291,0.20104028026295967,0.0,0.009977682322968895,0.03032188811918777,0.20716168730927695,0.0,2.575327,0.23730768,2.378438,0.026422348,0.0056,0.65563506,0.008820359957451,0.05001475339002528,0.0036315054155784308,0.012465947176492907,0.012195930191185561,0.15746662889608412,0.009944314559244275,0.06657482750264687,4.224287,0.41426995,8.12815,1.9902749,0.025173593,0.01,0.57949114,0.026463947449945097,0.2995776474603618,0.011318679036884091,0.007571369348070879,0.018996252048893256,0.06408707357098017
0.009779783,0.021946939,0.0048,0.020997219,0.01,0.0063955761624720255,0.07476239738101234,0.00244807293906465,0.021274982735946718,0.009974976535437463,0.35067488267718744,0.21080513249168925,0.0,0.007672518971369209,0.10027760750442556,0.21687169186145774,0.0,9.016119,0.26036227,8.806204,-0.006097004,0.017221875,0.008799999999999999,0.015079055,0.01,0.009060959759558137,0.02150159994859603,0.002385238882647445,0.0033363821885240615,0.012783579837108755,0.059468638597956695,0.2104245662395971,0.0,0.010564861017623434,0.031108053020193704,0.2165397208206412,0.0,2.9435942,0.3006644,2.677133,0.026523462,0.0072,0.66709334,0.008610082469214832,0.05056763757452466,0.0036849714380678507,0.013155569897259006,0.011980913991301077,0.18131400423787114,0.00979324583972725,0.06901218145301849,4.4522448,0.45059237,8.518611,2.0064363,0.025850747,0.01,0.6228005,0.024066153124029696,0.33183561525690497,0.010244208701082868,0.007837557580915411,0.017335498885363093,0.06514509086557266
0.0098576695,0.021869052,0.0056,0.020919332,0.01,0.006157999570963557,0.07454799742578136,0.002216878771090387,0.021742196927726012,0.00979551130884097,0.3503198672598562,0.21063535720822385,0.0,0.0075198443190145105,0.09903891023310162,0.21657352823025136,0.0,8.970739,0.2725608,8.74285,-0.007164703,0.017709807,0.0096,0.015822085,0.01,0.008956113859795686,0.021697599006189897,0.0025653232277873484,0.004043711366703078,0.012643618243638275,0.06058351801596936,0.21004792977710826,0.0,0.010566825132265785,0.030278675571868606,0.21620540256921955,0.0,3.2325497,0.3129312,2.9412746,0.026977817,0.008799999999999999,0.6991454,0.009217032551457761,0.049958634703055546,0.00422265211942613,0.0114118563262861,0.012692415261936322,0.1995899699056707,0.010367670493102332,0.0678690327414882,4.4732437,0.5195433,8.482568,2.0528688,0.026228929,0.01,0.6475451,0.021162588327701074,0.3150203801402037,0.008028784702286273,0.00836745051387608,0.016667303247145,0.06507220536527825
0.010253755,0.022027709,0.0136,0.02096704,0.01,0.016389176036065375,0.06540533087103724,0.012431465308673069,0.01118702086422862,0.019938164950795225,0.260649829166217,0.21105778310374637,0.0,0.01766320877947337,0.08946698893666478,0.2172790242389648,0.0,8.696142,0.7634323,8.023794,-0.008098128,0.018179417,0.0072,0.01555887,0.01,0.00883475547884632,0.022139099669288398,0.0023632241304926537,0.003967821114181071,0.012520216762817154,0.0634943448307251,0.21098973005014768,0.0,0.010344930716922317,0.03218712193052684,0.21701005017001795,0.0,3.216199,0.28918368,2.972465,0.027386976,0.0064,0.72023857,0.009002847417835845,0.04843325362266074,0.003862597921920224,0.012061561435554858,0.012371754573063118,0.17578218544155239,0.01010784850489772,0.06683997196357554,4.328865,0.45765266,8.283563,2.068949,0.026109293,0.01,0.6384022,0.025903735846059987,0.2864852824718843,0.011091133983967084,0.007717420149070483,0.01845720719796631,0.0645376816353574
0.010320547,0.022515658,0.0064,0.021459429,0.01,0.00595658913084776,0.07418759674305381,0.0019850036400265707,0.021505840006715352,0.009378928711418667,0.3380384534542097,0.21037394690669195,0.0,0.007291250955669102,0.10087500637112723,0.21633006338405403,0.0,9.34419,0.28372985,9.097441,-0.008980303,0.019177545,0.0112,0.017563473,0.01,0.009575599859281875,0.02178533273362034,0.002875564538269691,0.0031385349868277316,0.013122399921193255,0.06354039966587419,,0.0,0.011015809119734876,0.03170928404305539,0.21584699253692152,0.0,3.7498186,0.38025296,3.3936098,0.028329495,0.0112,0.7436057,0.010545159315356569,0.0462909499214013,0.005346212427796354,0.009999360528742335,0.013869278733017382,0.19649935203686558,0.011672300696172398,0.06515282533545079,4.708027,0.6583134,8.812831,2.2084765,0.027730538,0.01,0.68589026,0.019480493040714395,0.3268972514164942,0.0051955773244086595,0.008265311628893386,0.015891056154869288,0.06460214955044011
0.010725952,0.023441635,0.0024,0.022003746,0.0,0.006618446877113957,0.07190453230364587,0.0025925169788660243,0.0035009069084193704,0.010063070787015386,0.2455034980753319,0.2011943760181291,0.0,0.00782227829951894,0.09742278299518954,0.20784501305105116,0.0,8.862122,0.22269815,8.734308,-0.009606684,0.020499647,0.0064,0.017642554,0.0,0.00936853363033406,0.021679200509219565,0.0023714856461550427,0.0025358427038488732,0.012809023767088775,0.06202255941319214,0.20076847137852116,0.0,0.010837692819204449,0.030943298002401462,0.2072935529257371,0.0,3.6509104,0.31866404,3.3948848,0.02928547,0.0048,0.72663593,0.00885663159349142,0.04717835034167974,0.0038071321173114027,0.011679036093653825,0.01215674693522451,0.19337484760936505,0.00994527323144148,0.06636990911137028,4.5245924,0.42814714,8.736532,2.1829214,0.028203271,0.0,0.67583615,0.017047658099698354,0.24556934106412387,0.00157111944853213,0.014535266706125744,0.009931369037925322,0.07054357864356203
0.0107004335,0.023245256,0.0048,0.022109143,0.01,0.0064739788024581685,0.07900111944934106,0.0024634267327009636,0.021795140099051452,0.009964289863414523,0.32874168118861746,0.21088735031684236,0.0,0.00759764208112233,0.10038349456785636,0.2168700743048683,0.0,9.800412,0.27878487,9.576962,-0.010396329,0.020477619,0.008799999999999999,0.018209567,0.01,0.009040072724883065,0.02286020047548673,0.002372814796609282,0.00386601871020467,0.012682389146657534,0.06958448328300029,0.2104000147912381,0.0,0.0105108951944806,0.03296900303970414,0.21647307310520095,0.0,4.379219,0.36335832,4.0612745,0.029670494,0.008,0.75633425,0.009304069762785366,0.048567996120355825,0.004256362594237044,0.011497820093657537,0.012678638927057772,0.22952070625804308,0.010403643098498786,0.06696852290733153,5.0668383,0.55728436,9.655254,2.246349,0.028642671,0.01,0.68897927,0.023621064690423594,0.35389052611536215,0.010293609260466567,0.007380920427704505,0.017274346191359414,0.06554491654080644
0.010882168,0.023063522,0.0032,0.021820901,0.01,0.006397389141450958,0.0783751968437841,0.0025893800050365372,0.00435752002014606,0.01006219433751844,0.3798176801813145,0.21111897664417092,0.0,0.007689538142568972,0.10064071614122425,0.21746018775900786,0.0,9.560429,0.24837193,9.399998,-0.010785933,0.020983174,0.0072,0.01745819,0.0,0.009312115732368875,0.022316962025316456,0.00253974750510356,0.0028529969229011826,0.012652508978858123,0.07154632488449189,0.20106660144828803,0.0,0.010584834264144683,0.032555924761381395,0.20712873387299438,0.0,4.2386837,0.34302494,3.9564533,0.029655129,0.0072,0.786058,0.010161057975141784,0.04744010170722848,0.00477465241660957,0.009969644869868382,0.013445055408721826,0.21993067708960065,0.01124435476053809,0.06507759751050037,4.8774805,0.5776916,9.2921505,2.266921,0.027806763,0.01,0.66853034,0.026372625170521927,0.36889545727436457,0.011372546451857205,0.007242933494798,0.018867412800663102,0.06609034169363134
0.01079829,0.020928431,0.0144,0.020014215,0.01,0.014932342339101344,0.0741263963737094,0.010790878983743233,0.01324150682927414,0.018501074600376526,0.5047075222026358,0.2105789756217991,0.0,0.016127894755878013,0.10086350886076405,0.2165425877302961,0.0,9.879962,0.6970195,9.264642,-0.011185276,0.018947497,0.0096,0.017124707,0.01,0.008770299809042672,0.02472079954379098,0.002430274083117365,0.0038681172166467877,0.012518023490048881,0.08245232924243398,,0.0,0.010264614837303817,0.03985845908972671,0.21614406336689543,0.0,4.7447047,0.33155182,4.44137,0.027020678,0.0096,0.77711016,0.009817750900832289,0.051746017101870025,0.004610083060837996,0.011234252460393435,0.013258183985457845,0.39970413920121584,0.01096739293415053,0.07039911384308362,5.1854706,0.56157655,9.874583,2.0888507,0.026340546,0.01,0.7077519,0.020265199813238155,0.4994189214699797,0.007035751227023611,0.008733503950356368,0.01648973187494406,0.07200950179959704
0.0108519895,0.019654298,0.0128,0.018877659,0.01,0.015459926894225554,0.08102959791824058,0.011171480063795843,0.012942960127591708,0.0192881972764078,0.6159093129186602,0.2109032853408098,0.0,0.01671017281750387,0.11019577767876741,0.21720649187015456,0.0,10.123161,0.63821507,9.593714,-0.011309578,0.017912263,0.008,0.015801908,0.01,0.009513029070781432,0.029791203495470025,0.0027940340184136403,0.0035263730214825737,0.01316583355786047,0.09147472295401486,0.210767684233594,0.0,0.010861265327759382,0.04132974522513532,0.21687998436084133,0.0,5.0953465,0.31844053,4.8312044,0.025453018,0.0128,0.6885322,0.015197266109020393,0.05372285399352,0.00994058824093645,0.009156992012468343,0.01878430653752912,0.5420033564299036,0.01641843714590559,0.07513265788556664,5.5272517,0.8245325,10.356124,2.2675426,0.024618411,0.01,0.6969391,0.025697333887065955,0.6253899210883156,0.010636181591016296,0.009058348816760072,0.018201476060927108,0.07874928659071175
0.010763674,0.01852218,0.0152,0.017741103,0.02,0.015269270446027803,0.09109439939561824,0.010569440107445644,0.022738880214891295,0.019219968773608664,0.8670799375472173,0.22022268716083904,0.0,0.016580331819621687,0.12470574659414875,0.22639386535019393,0.0,11.370888,0.6105563,10.849653,-0.011297287,0.016392577,0.0096,0.015604093,0.01,0.008269760328985422,0.038537200411231765,0.0018788619731985364,0.01121829295979781,0.012548987563326227,0.44149797485892367,,0.0,0.010136415380360086,0.05183044076256032,0.21594080668519205,0.0,6.014511,0.2831742,5.773792,0.024055412,0.0152,0.69198686,0.014949286081047966,0.06377824367708966,0.008580006628058207,0.012202820107492882,0.01883196680717724,0.7202989215150417,0.01623988032133848,0.09170457816893897,6.2965117,0.79226214,11.906539,2.1624622,0.023500621,0.01,0.72613746,0.01991572693057833,0.9148436746552223,0.004941669933881485,0.013956029898207203,0.01610828753122405,0.09401764088744505
0.010721292,0.01645654,0.0232,0.015848543,0.02,0.023456184517237168,0.10271013290802765,0.011366519936204168,0.022693215948963317,0.02803588403806384,1.1223324540697837,0.21905773594844186,0.0,0.024782539053997882,0.15500792959397688,0.22634953218438272,0.0,12.031363,0.85867745,11.33039,-0.011107123,0.014231204,0.0184,0.013874066,0.01,0.01701856098027215,0.03909856077028788,0.010603712196054448,0.003272854205487375,0.02204588088948858,0.6294917619797737,,0.0,0.019246514171942907,0.05783257104651241,0.21601011662683559,0.0,6.639731,0.5459989,6.1606116,0.021257425,0.0184,0.7334948,0.018243597657768444,0.0766411429381541,0.010460507546699272,0.010165070229306846,0.022680022511831613,0.9653479392349255,0.019729503498955817,0.10796614499633654,6.691234,0.86295074,12.660013,2.0832813,0.020691982,0.01,0.7348886,0.02151006261682419,1.2057929878474647,0.004605672283975721,0.018690754552606912,0.016244779149846452,0.12207029790022354
0.010758793,0.01497671,0.035199999999999995,0.014550669,0.03,0.0340883553914025,0.11799839950754078,0.02146634656817487,0.02279903970452447,0.03931913640560733,1.3117956820280368,0.22525745072454395,0.0,0.035866295292486305,0.20973147506417897,0.23580895752082803,0.0,12.902863,1.164572,11.986872,-0.010820256,0.013132662,0.0192,0.012372008,0.01,0.01608386819977122,0.04770320751458783,0.008930320751458748,0.004353547516545651,0.022074577592223886,0.7447728882606182,0.20021373268354806,0.0,0.01847902988697906,0.0724741799566322,0.21568392570303702,0.0,7.2509255,0.49129558,6.8402176,0.019196168,0.02,0.72077554,0.01855884742188,0.09645937902847035,0.009018350654505958,0.01986038507840594,0.023521290768546668,1.2662487712373938,0.020302333192425248,0.15385789548574297,7.23961,0.8018763,13.845813,1.9333307,0.018682718,0.02,0.68853265,0.029700221728360034,1.4694693003483874,0.012646246902135942,0.019811129638214093,0.02531843307114336,0.17147867452101662
0.010671809,0.014730848,0.0328,0.014309244,0.03,0.03250125697017666,0.1342362662637455,0.0186217597582473,0.026110879879123642,0.037555093837730966,1.3799191689079158,0.22482845316626934,0.0,0.034061860756644455,0.23997116357062984,0.23589622742980249,0.0,13.379941,1.0484331,12.575343,-0.010482366,0.012562865,0.017599999999999998,0.011922803,0.01,0.015217200643553313,0.05348960048191158,0.009093503865733054,0.005555838538417673,0.02126794812482599,0.880721537812811,0.20230690620387803,0.0,0.017517836497363895,0.0817945910784281,0.21589847377776897,0.0,7.5202827,0.43443877,7.15874,0.01842549,0.024,0.6834541,0.023301326803351275,0.1055103442907724,0.01319818829427022,0.022455452783972506,0.02842283624627844,1.3447654611409834,0.02503418350614893,0.19509901492491616,7.5618134,0.96815276,14.358564,2.0395875,0.018110285,0.02,0.6903816,0.031031436654104638,,0.012711057739603576,0.025058444931281912,0.025729942451758418,0.2156080218145886
0.010450578,0.014286389,0.0432,0.013811529,0.03,0.04153829975656845,0.14990639805254763,0.021833759870169795,0.021580255922101905,0.0474159318871341,,0.22355058541824824,0.0,0.04371165105353421,0.2870791272727018,0.2354993392865911,0.0,14.0652685,1.3220603,13.072281,-0.010157929,0.011658661,0.016800000000000002,0.0112180365,0.02,0.01405460100217565,0.06610920189471445,0.007210918845980859,0.015221837691961702,0.019849141383869798,0.9791321884006561,0.21406682374989414,0.0,0.01629225155269155,0.10391144051062609,0.2257332561210823,0.0,7.77341,0.37484437,7.474946,0.017704735,0.0232,0.6930121,0.021460390008303146,0.12683820704266435,0.010145436860068276,0.025689843382631777,0.02705909362673642,1.4972602725098498,0.023562114717636178,0.25775657133798163,7.893433,0.84585154,15.143995,1.91263,0.017329017,0.02,0.7041099,0.029879416667950447,,0.011554058701859446,0.02980348993288591,0.025168540504408126,0.2779239329044502
0.01047876,0.01259398,0.045599999999999995,0.012327704,0.04,0.04390239738101236,0.19660479476202466,0.021960319650801648,0.03333619179048099,0.050265727457399496,,0.23218020235257317,0.0,0.04583376919871448,0.4023013075961435,0.2451840462267998,0.018720154348460083,13.826172,1.2017365,12.947239,-0.009722405,0.010295508,0.0192,0.009947648,0.02,0.016185999914326704,0.07510319997494058,0.007434401051636724,0.013503205037589146,0.022764398716512233,0.9799857594408536,0.21381823844944933,0.0,0.01890015724931309,0.14250078725086496,0.22558065621726284,0.0,7.7012806,0.37927893,7.3984103,0.0155721335,0.036,0.6642544,0.03385514061464928,0.15278909918316227,0.02111475043320779,0.02972173114929822,0.04035732202426866,1.543040770993243,0.03622949383818805,0.36508250942801684,7.817015,1.1978331,14.725402,1.8356248,0.015277325,0.03,0.65510404,0.040161003538132005,,0.019996490065724473,0.034984798027802244,0.034973960594659986,0.40521630758126775
0.010292366,0.012669425,0.092,0.012443091,0.08,0.05254613279610512,0.21043839838831527,0.030967679677663087,0.029283839838831528,0.05917728011416102,,0.25279823625702375,0.0,0.0549577485538729,0.4516732456616187,0.26597432280821376,0.012394805850221353,13.937567,1.514425,13.1345215,-0.00935205,0.010157061,0.0576,0.009772095,0.06,0.016679799564873886,0.07983839555355651,0.007503839555355625,0.01110383955535565,0.023967279605474505,1.04397818641825,0.23677477166300076,0.0,0.019516163736574253,0.1398323276976023,0.24643881586288782,0.0,7.6267233,0.39956433,7.4462996,0.015516793,0.08,0.62775606,0.040725127528889155,0.15399344370383344,0.02754079623517,0.018365740854700857,0.046971996298041545,,0.04281665597217561,0.3755782774028239,7.879869,1.4729347,14.973045,1.8437929,0.015232881,0.07,0.6474425,0.04524699318912163,,0.021480047518191513,0.03359299348796054,0.03702044945307264,0.4260401487990005
0.0101754265,0.012231623,0.041600000000000005,0.012027478,0.04,0.039699679341895396,0.23416613223649232,0.01780491983547381,0.0428098396709477,0.046196731541773076,,0.23144383704039845,0.0,0.041572334771346184,0.454317004352743,0.24507345456013668,0.05773035226877317,14.172667,1.0470765,13.46526,-0.0089631425,0.009768154,0.0216,0.009550161,0.02,0.01816559959091114,0.08456559959091117,0.009979786459337357,0.017884839844502988,0.02468178019246857,1.1119514136742412,0.2136032873276837,0.0,0.02025022023399333,0.1326002934110126,0.22543102718621708,0.0,7.5503116,0.41105613,7.2319036,0.01502434,0.045599999999999995,0.61958325,0.043460375272026154,0.16364510305917804,0.029111859432733492,0.020640230140608097,0.04979118837269348,,0.0453724847302567,0.3966936362941095,7.9613466,1.5070995,14.821389,1.7818369,0.014788279,0.03,0.6640493,0.03989916936571398,,0.018799177483913427,0.03713782566176838,0.03461340778056737,0.4636448256500436
0.01007069,0.012558256,0.07919999999999999,0.012194345,0.08,0.04343800050365144,0.20869200033576768,0.02105520020146059,0.0408850667338202,0.04997420213212454,,0.2545506849681776,0.0,0.04555497358036127,0.47267992961062344,0.26749791218603364,0.03211056675263036,14.044857,1.2145046,13.441074,-0.008480776,0.009865554,0.0592,0.009642923,0.049999999999999996,0.021816401079483422,0.07701640107948339,0.011803282786095224,0.008601093457380945,0.02914317385066561,1.1108590419584912,0.2303642017366357,0.0,0.024741889401493515,0.11755641705112016,0.23757140277083177,0.0,7.347625,0.512882,7.0570455,0.01537113,0.0688,0.6392107,0.032872298862932435,0.16452317227170013,0.019105348403557036,0.0306750757868589,0.039190656087730355,,0.035108063248732835,0.3702344872413093,7.827626,1.1629287,15.074496,1.7888156,0.014915997,0.06,0.6779568,0.03784324675464632,,0.014569839618064294,0.03919648437138716,0.03128510839412812,0.4484941459290473
0.010059153,0.01279169,0.045599999999999995,0.012418904,0.049999999999999996,0.043303519180726925,0.2004391986345449,0.022023519180726907,0.037011759590363465,0.0498823358683791,,0.2418699962642861,0.0,0.04558075354084467,0.4223037677042233,0.2550490323680199,0.024844754831322678,14.130727,1.2101653,13.280418,-0.007793866,0.009758412,0.016800000000000002,0.009401275,0.02,0.012694741769923894,0.08246319450300994,0.0041663191544046635,0.018244212769603117,0.02023229197971418,0.9559587502740873,0.21402677320833213,0.0,0.015358395860151041,0.11338613181023716,0.22552867197987025,0.0,7.238393,0.2992278,7.0118194,0.015525109,0.0368,0.65121144,0.034454365347076146,0.15038931117641632,0.02072575230296825,0.019715546339023365,0.040698414941130065,,0.036587051614289795,0.3508898751201687,7.813215,1.2123423,14.737539,1.8126582,0.015094565,0.03,0.6428419,0.039746971169087215,,0.019041390427580185,0.03491764856223366,0.034588128561031155,0.4258591356785571
0.0098155085,0.013922922,0.036,0.013541259,0.04,0.032874500125912844,0.19149800050365146,0.012109800050365174,0.04261960010073029,0.03951056170569964,,0.2319296446317527,0.0,0.03506496364099571,0.4093299275653717,0.24478708707861857,0.00798651614762992,14.779114,0.9703293,14.085907,-0.007043184,0.010399171,0.0184,0.010014205,0.02,0.013987359773694199,0.07276839944058078,0.005058239628177944,0.013591572961511278,0.02077155937604475,0.9634862379057723,0.21307179026187464,0.0,0.01627643863689359,0.1041382194572166,0.22526871083213756,0.0,7.116063,0.33427212,6.8438044,0.016774232,0.036,0.59165543,0.03263397068124745,0.14274800955878067,0.01934152491368741,0.02283287503983095,0.03915535934891914,1.4967151161990364,0.03490385260320772,0.3158481645995933,8.11791,1.2356379,15.3004875,1.9467022,0.016303869,0.03,0.6118652,0.03924412725270088,,0.018168519683688232,0.03310959438654245,0.033958861372997896,0.35711591690072875
0.009653746,0.015637964,0.0328,0.01530068,0.04,0.032647399479560135,0.1398597319454937,0.012837916897506966,0.03341895844875346,0.038316596781209224,1.553560854864434,0.23410331386078645,0.0,0.034334264135904374,0.24923845226464864,0.24587535902262608,0.0,14.684695,1.0992279,13.850585,-0.0062347567,0.011330046,0.016,0.010903337,0.01,0.014114133261939013,0.05634239955664164,0.0080881378818146,0.01310848294030714,0.02063052779787977,0.7095881599847395,0.2035044442957063,0.0,0.01673753670194901,0.08127086995166614,0.21606087087209708,0.0,6.5147295,0.36946106,6.210236,0.018545935,0.0248,0.6106556,0.02442711993189764,0.11695849924902042,0.013448345957205038,0.026877011869937854,0.030169720151504906,1.3327044263370897,0.026217662465642524,0.20061232903445228,7.883171,1.0046484,14.984636,2.079548,0.018279675,0.02,0.6202632,0.03310371913746266,,0.011922307975293122,0.030648059105748,0.02605660878519167,0.2362928712843676
0.0096169105,0.01634049,0.031200000000000002,0.015896697,0.03,0.03070171409384707,0.11425599932846471,0.01714559858977591,0.028116478871820696,0.03633105542455528,1.3397683219340217,0.22488217804990543,0.0,0.03256789751834435,0.18843948824453582,0.2359141737093738,0.0,13.706575,1.0973611,12.831414,-0.005501004,0.011523921,0.017599999999999998,0.011143594,0.01,0.015158933636759138,0.04871786727351829,0.009316908907879815,0.0099753633618197,0.021550720509612892,0.6597782415642854,0.201188892483394,0.0,0.01744302337897175,0.06216453491085567,0.21598384034695217,0.0,5.8150682,0.4113588,5.4590917,0.019523038,0.024,0.60949683,0.023149491659656813,0.0936950669270267,0.01258491564291562,0.016928251016207426,0.02881657622570815,1.1695367146244577,0.025172194460831906,0.15191681599432708,7.2836914,1.0082166,13.748024,2.1265953,0.018941293,0.02,0.6043697,0.032018439550130895,1.427545447335103,0.012516432237267169,0.02315205425969475,0.025860106335471186,0.16146221888182413
0.009553005,0.016515343,0.0232,0.016218001,0.03,0.023042800302190882,0.11314240241752707,0.01117712146394697,0.03185141430929797,0.02833947509923132,1.1815881628473095,0.22636989357953288,0.0,0.024739662892523984,0.17323797672204097,0.23614252990684723,0.0,12.951902,0.8374552,12.279332,-0.004841692,0.01190819,0.016800000000000002,0.011458292,0.01,0.014869800167062885,0.04013960033412581,0.008653961639786666,0.004653960326655515,0.02072375999653291,0.4910475200185805,,0.0,0.01757800450159366,0.05273401662919669,0.2159723460618788,0.0,5.212225,0.40764055,4.8530016,0.019797372,0.016,0.62356454,0.015610848639553889,0.09082765744751749,0.006130459781733043,0.025035506170035967,0.02067352330942613,1.0887400600641972,0.017446090773852622,0.12989663037585839,6.778985,0.67236984,13.010885,1.8817503,0.019227168,0.02,0.57557815,0.032271680352655284,1.3153501611915692,0.013960389535882597,0.020521230419596012,0.026219944795375625,0.13555930694173593
0.009592058,0.018806208,0.024,0.018105013,0.02,0.024500114400834626,0.08790080080584237,0.012952064064467413,0.01438677344077898,0.029131171783307763,0.9364428896163854,0.21934674160609582,0.0,0.026039813276961424,0.12811757260049875,0.22641218424666779,0.0,12.159288,1.0081335,11.297219,-0.004184932,0.013106687,0.010400000000000001,0.012471261,0.01,0.009503400693953609,0.03721360111481914,0.0035303394268457397,0.009507119235794297,0.014525862198224377,0.09989224190977704,,0.0,0.011708699173247851,0.0499608930428898,0.21619331585705173,0.0,4.504447,0.2596453,4.2730036,0.02211155,0.016800000000000002,0.60867006,0.017201414356138273,0.06939968674715719,0.010347461018757758,0.012466165571941995,0.02154501683652079,0.8315118621236653,0.018737984168051527,0.10376857534809303,6.2755647,0.82329434,11.838898,2.1334183,0.021540934,0.01,0.6174481,0.022798135913959214,0.9883879713777858,0.005392947344073775,0.019252150585962243,0.016623605987605858,0.10636668142660011
0.009501303,0.019562654,0.0256,0.019065605,0.02,0.025393527315461326,0.08246440023503734,0.01434115201880295,0.018252880047007473,0.029703988273960567,0.8757518475614874,0.21855134583453617,0.0,0.026869582684845725,0.11943308190666059,0.22622482998983878,0.0,12.199562,1.1344405,11.2256565,-0.0037027975,0.013436226,0.0096,0.013074452,0.01,0.007387600398380755,0.033575200796761545,0.0018587599406846948,0.011623359401145339,0.012825636068424774,0.08445768114108669,,0.0,0.010033014256213392,0.05056634765669244,0.21589008586931646,0.0,4.259205,0.22363111,4.0637074,0.023380598,0.016,0.5881666,0.015507198307171984,0.06920698742827931,0.008451952515971152,0.013096046569049237,0.019833827747833405,0.7351361296211776,0.017064080997859537,0.0925998471492404,6.256351,0.80016226,11.823651,2.1580923,0.022818733,0.01,0.6101252,0.01996457737561627,0.9161799800275809,0.004323322630939614,0.017579495469717717,0.015972772818005368,0.09891145513389947
0.009444719,0.02095062,0.0152,0.020080782,0.01,0.0157372234978101,0.08331093315425726,0.01051775998209241,0.021451093315425725,0.019882788982024432,0.7559863485827808,0.21035783024581098,0.0,0.017216204031079634,0.11263055693752844,0.21657937804267435,0.0,11.7900505,0.72639865,11.17695,-0.0032248362,0.014581613,0.0096,0.013598328,0.01,0.008500533316198699,0.029300533316198675,0.0025575400011846796,0.003932065540062968,0.0130311707610922,0.07214287862237358,,0.0,0.010649169087430755,0.040596675743995815,0.21619026825727633,0.0,3.761414,0.26721415,3.5313625,0.02488133,0.0152,0.56977636,0.015593769160731292,0.06025092704129358,0.00972273927068968,0.011102215400486885,0.019540401808918795,0.6346294048270229,0.017043845906572732,0.0832288109139131,5.978275,0.860875,11.216249,2.2752814,0.024251854,0.01,0.5952466,0.022533116190472102,0.7741957957230267,0.005942132266497282,0.01397312232650643,0.01664199503429707,0.08611561815870561
0.009427633,0.021189602,0.016,0.020337516,0.01,0.01695341533812448,0.07699719969780912,0.01214647997985394,0.01341971996978091,0.020944370351716635,0.6159699752091552,0.21052300063925491,0.0,0.01843227450808772,0.10446031362488681,0.21667622366916128,0.0,11.102725,0.79475355,10.417286,-0.0028122738,0.015212633,0.0096,0.0135846445,0.01,0.008426133494684244,0.02383920066985665,0.0025279536629918766,0.0026985598894817583,0.013387374439378165,0.06403055963005241,0.21001167599958592,0.0,0.01079316877328488,0.032515116402270436,0.21630875883539044,0.0,3.370767,0.27229393,3.129584,0.02517276,0.016,0.570248,0.0167230491644802,0.05344683092304946,0.011186820713372299,0.009435186677303545,0.02072510373274581,0.519103253619031,0.01812862544925274,0.07708236128770056,5.582793,0.93617785,10.344105,2.3379495,0.024457252,0.01,0.58889735,0.023129319184367957,0.6762274670289212,0.007307688925596309,0.012482153214926833,0.016899866837637563,0.07962820560111032
0.009369719,0.02102562,0.0128,0.020200165,0.01,0.014744621841685557,0.079960638630068,0.009326773328856416,0.015980319986569298,0.018963050650549804,0.7614819199194157,0.21062071837717553,0.0,0.016255567765165232,0.11183351540483637,0.2169330804572955,0.0,11.520887,0.6489366,10.992107,-0.002450499,0.014387043,0.008799999999999999,0.013148661,0.01,0.008966080313820976,0.027215201087513075,0.0029695647711766924,0.008642027452859741,0.013566840046173183,0.06631157321092775,0.21033593391210137,0.0,0.011154479204567087,0.03478895866615386,0.21663188007122983,0.0,3.421091,0.26129228,3.1982286,0.024840364,0.0128,0.5615521,0.014610425267290247,0.05892510780322732,0.00856438555207078,0.012431823490209768,0.01871353797186307,0.5902474330126984,0.016028812394875334,0.08072657316658692,5.7866774,0.7625118,10.937578,2.2096624,0.02410257,0.01,0.5770206,0.02507193504372694,0.7761835273405503,0.009124586254408911,0.012496708368267608,0.01768519948795948,0.08298485286641713
0.009521939,0.0208734,0.012,0.02029647,0.01,0.014958030851881268,0.08261360026861411,0.009881360026861422,0.023050880214891288,0.01881842347495535,0.6565289643246873,0.2108069690157414,0.0,0.016261642343582298,0.10556985406149384,0.21728103268029433,0.0,11.267262,0.63938165,10.747802,-0.0020223986,0.014422758,0.0072,0.012785495,0.01,0.008879466711109625,0.027517866092655656,0.0023358165983959223,0.00537536079162115,0.013115647846135198,0.06315647822913498,0.21073233743849853,0.0,0.010462568198729741,0.034250273046188884,0.21699020244330885,0.0,3.276381,0.22003502,3.0920148,0.024699833,0.0112,0.5724234,0.013860020561129704,0.058019439785745495,0.008241062585769532,0.012974728976407477,0.017775208274348097,0.5511869637963677,0.015261985826397042,0.0812938747750541,5.6229386,0.698395,10.668897,2.1753414,0.02398782,0.01,0.5621416,0.026258462631493344,0.7463774606038096,0.010463086821322277,0.011887493478300218,0.018582234681323515,0.08068153073371717
0.009375044,0.021796934,0.016,0.020869406,0.01,0.016489199697809136,0.07289199697809116,0.011463357340720222,0.013316786703601107,0.02044070007554774,0.5974418668681273,0.21036834925208042,0.0,0.01777491181235964,0.10014911812359632,0.21650293405852583,0.0,11.094846,0.7929531,10.406965,-0.00175014,0.014962173,0.0096,0.01355218,0.01,0.008703599981125127,0.022814401085904528,0.002064576367024347,0.00398072045878044,0.012815131365431125,0.05976863977018157,,0.0,0.010361449762880738,0.03188434918543198,0.21614415984754523,0.0,3.1210039,0.25352803,2.889097,0.025459893,0.0144,0.55144095,0.014765392939791582,0.05454338043820081,0.00912589307826829,0.011266173485242094,0.018624801649287426,0.5501105669301533,0.015909000459435173,0.07634833284267849,5.5427012,0.82443887,10.359009,2.2608411,0.024883598,0.01,0.5759394,0.021668472009432945,0.645055629374853,0.006145201079884118,0.011635808339823212,0.016554165172012674,0.07698251006853521
0.00952194,0.021871937,0.0128,0.021050919,0.01,0.01553635486909725,0.07031359691093764,0.011161809116091673,0.013485427348274986,0.01927112003693446,0.5475379205909511,0.21086648070877897,0.0,0.016780685280645004,0.09344548224515986,0.2172179176097543,0.0,10.396315,0.6955209,9.804737,-0.0012930514,0.014852945,0.008,0.012872458,0.01,0.00968376013320044,0.021079200668251624,0.0025809394075692127,0.00368250593687502,0.013218973310284127,0.05331383984265582,0.2108125664452232,0.0,0.010931390226524172,0.030658893520283687,0.2168875186241549,0.0,2.6686692,0.25169507,2.4483576,0.025501946,0.0128,0.5400994,0.015408705056913411,0.052220492766487187,0.010219220092096111,0.01066533473132371,0.019049494052054573,0.41673689524426866,0.016548224584769605,0.07026065359965822,5.144382,0.81407255,9.583317,2.288247,0.02467471,0.01,0.54882634,0.025927709157310092,0.5350394412266731,0.010642905166711073,0.009560679424214324,0.01834537662716379,0.07212475730993026
0.0095960535,0.022463514,0.0128,0.021482728,0.01,0.015877066136899928,0.06818719046419877,0.011363402486206814,0.012498713674137492,0.019756682120814505,0.4102442400738689,0.21095279272229903,0.0,0.017199208733582053,0.0903873397373131,0.2173763239674908,0.0,9.8131695,0.7298226,9.196297,-0.0009062307,0.015161846,0.0072,0.012596954,0.01,0.009189244259334692,0.02102063980222338,0.002406737347126727,0.0032121272248281166,0.012854575981835115,0.051472879954780615,0.21109821711269022,0.0,0.010701590434004357,0.029330964002417602,0.21716544054934792,0.0,2.460185,0.23967491,2.2574983,0.025761278,0.0128,0.51154846,0.01588671960286961,0.05013890170742962,0.010760808760538795,0.009460178427646621,0.01954855439021062,0.35019160864507615,0.01705171883419689,0.06990682088417892,4.8806458,0.85112816,9.029938,2.3374953,0.02490363,0.01,0.53034157,0.02639295589553008,0.4829461452841474,0.010994089060655127,0.008824494011966168,0.018918115322217093,0.06849639439079905
