,ch0_t0,ch0_k,ch0_tau,ch0_rise,ch0_ped,ch1_t0,ch1_k,ch1_tau,ch1_rise,ch1_ped,absk,dt_ms
0,-0.03021572681395071,-1.636629513205217,0.21504823466675416,0.02605774627575219,0.16186772823569995,-0.015439487708294659,-5.231193390256066,0.6465935127940617,0.05976992466061846,8.553399710139502,5.481235303264502,749
1,-0.00907999888056738,-2.6504489560613402,0.12763368346209447,0.014111490782783854,0.16208329734375948,-4.308489579884541e-05,-6.416662652324654,0.6165802617596188,0.04065408491556016,9.261732098160538,6.9425095795702525,2488
2,-0.004316446046175094,-0.9712544116054268,0.2742518368746354,6.281311581149021e-10,0.16505275958931248,-0.012050519940143004,2.6189181983761975,0.024356741392624625,0.024349466792570263,8.68504918574673,2.7932181550765116,5727
3,-0.010780460153578017,-2.679312710556491,0.25595433052445155,0.024585718873418535,0.036940699786981536,-0.0005831708540240196,-6.933274026370249,0.6328216162957209,0.0619242292229152,8.932610996922389,7.432967464323377,6266
4,-0.003156274310616735,-7.752264635786469,0.26674971176383744,0.013702972848781332,-0.08557105098978383,0.0006731128400877659,-7.9750020577488945,0.5596540766233208,0.05190620840170518,7.912764127106638,11.121972163441365,7945
5,-0.008534505482478659,-2.6260468060526367,0.16467290663915066,0.01466487326449326,0.21967418662364413,0.0009707416206064872,-6.7118827266878895,0.6419731068744711,0.04812640902998842,9.25155079195694,7.20732207996774,8515
6,-0.012018486220338563,-1.843308220534036,0.11075896141526188,0.012546088291947121,0.12285280092460285,-0.006326513547900918,-5.094632391369198,0.7053261888463711,0.043261326086735274,9.370417696556036,5.417846841603829,9520
7,-0.008187549750914989,-3.06235969905819,0.23890985944182236,0.018871233115740606,0.10106484321940316,0.0034751385247536173,-6.575509631587412,0.6943476263815918,0.05028336103582734,8.946816889192979,7.2536455552718175,9685
8,-0.004155224006754259,-5.033601163084755,0.24200948140079073,0.017114872474360672,-0.11527163440961505,0.002110275026756302,-7.356866910391083,0.6183823948053485,0.04630451651123354,8.646758907555007,8.914069295569528,10179
9,-0.00790668792175638,-2.447558279589854,0.1459208339836652,0.01805706657909118,0.2021722507947317,0.003823861027820584,-6.743132581052283,0.6835816474849524,0.043752046497153675,9.297286626800767,7.173588957951081,10434
10,-0.07021919413448914,-1.1373805719868986,0.2558070919191257,0.04680810499339129,0.14732742816423552,-0.05755994921569459,-4.616965458547864,0.579417595552077,0.0771118245159797,7.915003231614253,4.754997856041298,11949
11,-0.02622503385334277,-1.3472755786574226,0.27102958735669463,0.014772176113683247,0.13562946192092282,-0.01772835942054807,-4.240890288735883,0.5862728361340154,0.06733306715897286,8.879753432372446,4.449753018532715,12654
12,-0.0354998881569973,-1.4884069351251505,0.354830222091005,0.03769189569099089,0.1468325450985367,-0.02342063656593448,-4.686992884078753,0.5534238609016612,0.08974539835426706,8.325426634114061,4.917647557515028,14812
13,-0.01970681951053298,-1.3634879727890212,0.13745305419497902,0.02027007430977386,0.19713652398198453,-0.01145692401004124,-5.633552580368608,0.6075541806437981,0.06398347284082614,8.898452025785248,5.796206874130539,20629
14,-0.0557957131440198,-0.9896921176429775,0.3240459376214247,0.012536216303015107,0.08638728039938462,-0.044150585312198516,-3.2374134102246406,0.58597217869621,0.05147305569592163,8.202472670455892,3.3853118137664926,20868
15,-0.023557160798711178,-1.6534705075153202,0.14049309126268011,0.03427391802489356,0.18793302300221532,-0.006077510097748116,-5.921233886808157,0.6431732293233339,0.057577153001404875,9.102117655019493,6.147761825372563,22563
16,-0.002731334403780748,-5.741194379866058,0.23577513015375506,0.01703254788115526,0.027888549675273717,0.004304481864967035,-6.973497726705938,0.5355041330395804,0.04576665660132118,8.039911497879116,9.032772744389094,22878
17,-0.051199939580592366,-1.170990457395521,0.18663052483491613,0.052659655317962156,0.22812257898544683,-0.033931226990499726,-4.954872259658338,0.6155635191823603,0.07810324159891203,9.060486867323542,5.0913630552969895,26583
18,-0.01913500578859305,-1.4923928260072337,0.22546491274881,0.01936058689897236,0.11876588146650283,-0.011325446352270981,-4.019632916901301,0.604892963448435,0.05933790448058451,8.829096614437562,4.287736597991336,30647
19,-0.008831303760639427,-2.9455178998945377,0.2429038746401335,0.01588569642401079,0.13085806315615134,-2.7958667077565216e-05,-6.558615176778882,0.6808644442358138,0.05826608799094727,8.81317005173024,7.189680711664003,31697
20,-0.00658360090122742,-2.962154682318985,0.24005709744517054,0.012248900562859301,0.09090906261792826,0.0013800046326817629,-6.5129793285246596,0.6892385760770806,0.04897778949381486,8.640982086058946,7.154946547373629,32730
21,-0.007954323022576471,-4.2613507137755775,0.33857313819206425,0.023078641171071147,0.08662316463146678,-0.0018779683638214324,-6.6802522892372735,0.5689216893755563,0.06460998994307612,8.275925460232974,7.923691094032847,36884
22,-0.008137591445333875,-2.3419596160788734,0.14060417876728604,0.012092875130841094,0.020809036255079405,0.0005757387713784174,-5.7818513163065015,0.7036558447484992,0.040807859570072116,9.071161245049474,6.238155134911245,37273
23,-0.019857233316311274,-1.2971763981125226,0.1616482861509225,0.013205390034623801,0.12272496600268878,-0.01104920072539544,-3.989197028236406,0.63493342456725,0.04518682097508275,8.676041432746905,4.194801489690585,44728
24,-0.010920286269645281,-2.6662612771668304,0.2756463080578771,0.022240065915858462,0.04387840164818713,-0.001925716567803087,-5.363829308567517,0.5660791524920328,0.06171606888903028,8.665406986406305,5.989959436387461,46768
25,-0.004577496340056954,-2.6709098157687032,0.24427758692662105,0.012188040568019375,-0.06137498012625574,0.00393504307244209,-6.1051410421606995,0.753668225524787,0.04412220696564623,8.709197260822924,6.663820705019353,47203
26,-0.012000008669412787,-1.4959086258965828,0.2056743575568863,0.012563135576653256,-0.02556279701548712,-0.002044408550647912,-4.204730022150565,0.6909594454286887,0.05344902298005668,8.315347315145209,4.462902326536633,50157
27,-0.03171453097611595,-1.2996739286931869,0.18929970509523947,0.020705814938773413,0.151697908179352,-0.015156207794750538,-4.890689239775917,0.6177375444477543,0.05762805741546548,8.646940137230551,5.060434127719155,52767
28,-0.030695441347678622,-1.4111179640630374,0.06083526043054647,0.03046125607395173,0.24404645145556803,-0.01833260521610912,-4.8940220550959745,0.5865077198304687,0.055353035907064016,9.1212647789365,5.093398255022597,57489
29,-0.014315492749151197,-1.8656846991935503,0.37219680790617854,0.01838649681009012,-0.003839249517230501,-0.005928392713635793,-4.3111122950973915,0.6514103623061094,0.05683285150438602,8.058250072582597,4.697495994436273,59153
30,-0.027620908794571502,-1.3003916701942944,0.22385205364115382,0.02037038809964329,0.18366805574146658,-0.01547689288636055,-5.262066290882881,0.6363678771065656,0.06529643085227833,8.418999628653639,5.420365314769534,62812
31,-0.011562511839525258,-1.6296928779803839,0.062202971263746624,0.014930319145532228,0.15498654294040898,-0.00301513037352009,-4.138357129054739,0.6278641512528179,0.046784960178443885,9.350132437174436,4.4476846340695255,65391
32,-0.021104527009545872,-1.387050917861197,0.11451574474665398,0.015003206386125047,0.3006266894921542,-0.011913293494277227,-5.381334988660442,0.6646416932281827,0.06362388149374687,9.15912007245055,5.557218414721584,67567
33,-0.019094073721796997,-1.2778502092214663,0.2520756986988307,0.011733933650428914,0.1165597389287857,-0.008170111696815826,-3.7217252833798655,0.6392327356459129,0.05655598189833053,8.115846721843363,3.9349892302465435,67942
34,-0.0023978831750775566,-6.977823506217336,0.2982258368441778,0.013847554503476163,-0.0550563041887437,0.00034312676002775576,-7.631989845719951,0.5822650153215858,0.05458196675678639,7.764940785346766,10.341048780906686,70101
35,-0.04776254267395991,-1.1156335194028815,0.15172901517793627,0.03537737670116758,0.05448962092406092,-0.02916907182377029,-4.391560901941595,0.594071331231031,0.0660547406012042,8.510343007279424,4.5310534431936835,71195
36,-0.015911710536284623,-2.39384572836621,0.26645134246596147,0.03438514687646913,0.08236205161547619,-0.0012931025032244382,-5.741348450653842,0.6399204976676174,0.05961894482143495,7.946376311138037,6.220416336793094,76085
37,-0.007055524248437938,-3.4332856611802303,0.3206414690142179,0.02555992594830502,0.056223647726620994,0.003570081039575965,-5.4985296102048125,0.532410078246206,0.06659907606647067,7.954668349883146,6.482382147448949,79100
38,-0.01635836597145462,-1.6992831190912077,0.23518981785130338,0.018434491369505052,0.005000323864139054,-0.00499046013188767,-5.721434708256259,0.7037164771449187,0.06547896669031043,8.793564416288234,5.968448562203392,83224
39,-0.021515585899626787,-1.6031788037436536,0.35076531842378733,0.023514486873919434,0.04693630574265236,-0.012567111726372227,-4.793298688056155,0.6830301455995442,0.06557368424412183,7.963023834707676,5.054294667873431,83988
40,-0.006561154612214083,-4.003677709752883,0.23818952709335067,0.0190207143599289,0.049770863022100806,0.0018329831175404384,-6.761190530931272,0.5829910299979487,0.045575925658284624,8.583723611069338,7.857679848347526,84739
41,-0.058513820845453084,-1.1577993460249811,0.23561135905387828,0.05466729064494932,0.04171654962214819,-0.03948538864888188,-4.536867828460527,0.6409661383615726,0.06662842490985028,7.9461416031804974,4.682271779657393,93078
42,-0.01951461581808697,-1.372970534563793,0.20433039333367245,0.011825828084697666,-0.0011021497502158447,-0.009185388143729307,-2.7658922112245223,0.5558738559552122,0.04237866099279994,7.895459597345108,3.08791318091893,94068
43,-0.003216535682876275,-6.414106806948873,0.23407170286456627,0.016246189810269082,-0.14863180980314508,0.0024486248497123655,-7.726334492755983,0.5523712368916731,0.04676536494122659,8.32336122340033,10.041763332448078,104176
44,-0.0031344928624712793,-5.743214073170591,0.21087042543992882,0.01441801748422013,0.014161665798552398,-0.0002390176982415714,-8.51798569635831,0.581592240816766,0.05352190412279565,9.230259362826118,10.27329490541518,107504
45,-0.029051017972266828,-1.3277945512023055,0.19408060229485835,0.02667318320411292,0.14843345961317617,-0.013871227049612453,-4.831106743483685,0.6582215013795192,0.05910014425693997,8.507301651296288,5.01025256221042,108794
46,-0.01003278279926715,-1.8114586897726719,0.24678459967079733,0.01116849591930201,-0.0497455148481902,-0.0020432127682469352,-4.572871683745394,0.6973307681007858,0.044858339905537156,8.57025478859678,4.918591060532819,110204
47,-0.0027774086250294005,-6.460090183317148,0.1732869388989029,0.011727162889182921,-0.1138200117734358,0.0007029325172500044,-8.148100592781251,0.5578178705970601,0.04128943118068208,9.057584331923598,10.39828391835272,110324
48,-0.014688263701515734,-1.880400411755621,0.2903701108578023,0.022339052368076998,-0.02679227754572895,-0.001442654991300792,-5.400389230174671,0.6789198178087471,0.06345444680510234,8.461627448303574,5.718400960576067,115152
49,-0.022507823323112342,-1.6699642996847706,0.367318386154255,0.024088762462724154,0.030183601178548788,-0.011273130198776064,-3.65308714242729,0.595496589166913,0.06107220161651861,7.979464905713815,4.0166934700558405,119142
50,-0.030204262382290188,-1.2340925517910484,0.08602030391712435,0.031056643708372484,0.18645794308882682,-0.012152429118400023,-5.329507315705013,0.6209898335195019,0.06093701970418904,9.250375457010973,5.470523983544848,120432
51,-0.037939275444398665,-1.2019000756254763,0.07723849404774157,0.03938599346187544,0.26952280216548935,-0.0191760671834724,-5.278986297646282,0.5756599311328382,0.061982763868338356,9.172084224928298,5.414079803856397,120507
52,-0.007485611342593225,-2.814858399119507,0.1758276717835565,0.011999785006750995,0.19649838490523325,0.0009918175573107502,-6.451312976505961,0.6060874933494775,0.041287464006695654,8.922356581850133,7.038669400385831,127602
53,-0.00971542658808143,-3.234923848195554,0.3478175419847151,0.027596370348952494,0.13093147140579733,0.003129100055540138,-6.8790354201865815,0.6745363643254558,0.05778477367525159,8.105387405280814,7.601701165910556,127887
54,-0.05361961664938995,-1.0002821007608664,0.25792528409025034,0.012027348490395016,0.10068481918614834,-0.04471993411383573,-3.622836708056229,0.6697466858980247,0.07152724899402878,7.6920413303012225,3.7583919559224084,128051
55,-0.0032077953187951897,-6.280789370898398,0.2964180398119416,0.02004331443532171,-0.056852561015576265,0.0027618621348406355,-7.201712403973286,0.5929160836382541,0.0513883908784481,7.57988741547081,9.555782368342896,128096
56,-0.010232598935104658,-2.2438997227090614,0.28161932308403387,0.011750878571624284,0.13257390548447168,-0.000621906381611633,-5.55403281577201,0.753953457810731,0.04516345389489617,8.760720751078454,5.990189186014592,132685
57,-0.031038246250690904,-1.1802708377649225,0.33410310576417585,0.01818553634666655,-0.007453461492695971,-0.02347632280444734,-2.9764805251870734,0.6340823274824117,0.058104737071749,7.734332319956225,3.2019487140327887,135114
58,-0.00525442378250807,-5.164860410933171,0.3233888603125996,0.030640903205445044,-0.11602807741256693,0.0047588441671896076,-7.947129432812467,0.6586034498903606,0.058964460677537106,8.185933811919018,9.478008719467342,137168
59,-0.008977017341229035,-2.4910610407557185,0.1870938425650853,0.012128686503724024,0.1832770685372438,-0.0003815620272890271,-6.509635185386179,0.706617283358196,0.04752453831706422,9.107617908246738,6.969988189056615,140497
60,-0.05315744021804223,-1.0559803864699908,0.18108811256143142,0.04417521952282731,0.13756321809461425,-0.03268926886170772,-4.478252524106277,0.6113794089589143,0.06786874398549844,8.231584905969578,4.601069467664399,140841
61,-0.018071783002527143,-1.9405510834244568,0.20695929211826208,0.02751324245001983,0.11823065529555374,-0.004276907412516735,-5.630168296113799,0.6062921110150514,0.05540793533303369,8.551403065503163,5.955210621795403,141741
62,-0.023750080599636434,-1.413313168882968,0.19887316984570086,0.02013752868148505,0.022295499069681906,-0.011430214818009486,-5.540420409567812,0.6747241002390274,0.07127034831277783,8.864140537168499,5.717841588230088,145265
63,-0.007174307625310897,-2.53775035833755,0.2522805705008006,0.01109159808709509,0.054900218706088875,-0.000519263391707649,-5.608703538442233,0.7031608120103707,0.04622058747426749,8.889889785410336,6.156113405662438,147769
64,-0.02178588935685465,-1.4265377398207708,0.3930546325677879,0.01594993654005197,0.004346848019177561,-0.013458232565548822,-3.562449146909003,0.620731205760803,0.05938578077582103,8.377925840608256,3.8374540840830442,150153
65,-0.017461146157469198,-1.3796565101845804,0.17284770234283123,0.0118146088471597,0.09998767840843185,-0.007171113127923493,-3.430849916149606,0.595690513172554,0.04407029042281105,9.048619037291193,3.697861981366862,154758
66,-0.01148007016555904,-1.9784321285345345,0.25314220520314534,0.014913131622739195,0.136577007709806,0.00029788338847233203,-5.188182781198888,0.6978505192651611,0.048304559550934295,8.940239213309082,5.552606078081383,154788
67,-0.0030388526926608647,-8.684327684884307,0.26437673247337934,0.0158456382523402,0.02348360510080957,0.0010973019438827959,-8.873378458088915,0.5687380120311096,0.05146700975268678,8.768207610236155,12.415892742727944,155867
68,-0.07705726501871063,-1.0107718333305835,0.16365625316113008,0.057931061749993476,0.1307950620038414,-0.05356966522806709,-4.2957842854914405,0.5964945893677817,0.0690940509954232,8.44267036619769,4.413096682209633,158926
69,-0.004746286202044636,-3.8890571432656773,0.3581928897426164,0.014876224898878628,-0.13115413127237532,0.001544427768288848,-6.519424780077585,0.6905456840860741,0.05346485781784945,8.209926858915585,7.591288752687218,159136
70,-0.0032611840368292006,-6.947005245503502,0.2554911337048711,0.014952352300631563,0.021313408275564254,0.0006017923992695872,-8.735443825048716,0.6130599194745139,0.05186989748653306,9.10245088593449,11.161042097476154,159722
71,-0.0186141110402433,-1.5245160571486784,0.29873938098179814,0.012574948487857016,0.08464761495696556,-0.008068212398924263,-4.085741804602432,0.7072763730767507,0.057006128956307606,8.338871290980894,4.360898451280435,162992
72,-0.014624448476678898,-1.435309489703881,0.19528693534863503,0.01626467302936963,-0.07722259526649054,-0.003023378459153537,-4.2664798245478055,0.6108486817700103,0.056812637407487925,9.087976002907407,4.5014401500528125,163247
73,-0.0052750280003828484,-3.927776351751467,0.2918799340767101,0.0167440223183634,-0.005925715735016115,0.004330926420524699,-6.809798022442068,0.6428592224765285,0.046337935016480536,8.322802018766545,7.861346969561512,165977
74,-0.0026420601197884542,-7.465216959525188,0.2945990039536397,0.015070860921709204,-0.10054061322561073,0.0017814834387897193,-7.676438313639692,0.5876657724028554,0.05222504478212641,8.109711227408223,10.707808806469131,166097
75,-0.0060687414265169284,-2.897278922026084,0.2867323184820946,0.01300300850141743,-0.011131653212637403,0.0006619206368233756,-6.512916013550478,0.6996481366368378,0.051505741173928206,9.200232804845996,7.128274696697573,166262
76,-0.017077893739782406,-2.348698866554343,0.2656711059368038,0.03570302599292244,0.13941522589157337,0.0002996509829536945,-6.7462264771235985,0.63605835588744,0.059401313579669705,8.979169004210853,7.143385615126565,167716
77,-0.00781477951696668,-3.2333246025856597,0.4445467815421529,0.018251828213595004,0.08618886012475416,0.0005735598791420497,-6.2631837332605516,0.7255854504342504,0.05937576077143023,8.067021295091177,7.048535909127888,172109
78,-0.0033511567550499515,-6.743251925952533,0.23562183139091816,0.01764845643046659,-0.09566099040172252,0.0010396105384827283,-8.736986057306577,0.615577199574068,0.047818502019927114,9.371475475601347,11.036592404471232,172319
79,-0.011644085531633054,-3.105985580615326,0.22064074570333816,0.02349904246320797,0.11663189264393023,-0.0016924196554712976,-7.105985915999411,0.6271014475047562,0.05316072244127741,9.524063004334725,7.755139087429207,172454
80,-0.007413368313025159,-3.060696563283566,0.35844554067269907,0.019419245817996526,-0.0013598094280072573,0.0007490326896829549,-5.939612172703772,0.683960405497896,0.051079098861320484,8.201837190149634,6.681830304237503,173025
81,-0.02706768904385397,-1.10879088076105,0.245851196543205,0.008783079186093496,0.11315204220025561,-0.01672766381885354,-3.5217921872919353,0.6793038690325766,0.05775930816503017,8.386908982844972,3.692213079946684,173954
82,-0.011899203204928542,-2.6256605863765037,0.24528602553971712,0.021601753725851505,0.1423497131212654,-0.0024540616423219357,-6.553091848083389,0.6812994291641993,0.05747427949464247,9.265881055314575,7.059540090138165,175723
83,-0.006167663775443146,-2.871286487896186,0.3246239735710792,0.009839407962734291,-0.10264349339515128,0.0011190451257558826,-5.65864313167292,0.7448512253628455,0.04209443127998374,8.526854512266828,6.3454336484754394,176188
84,-0.01631770000725278,-1.9005325126427255,0.15929656704110126,0.01217232902005408,0.201789182393037,-0.007433281257102514,-5.695128229526748,0.7045962261553624,0.04781783820033747,9.630960401681913,6.003874530864594,177477
85,-0.020539550601240377,-1.7170796439337368,0.17434421729466812,0.034644649785850974,0.1304356397172328,-0.0008832862282458123,-5.85062884889034,0.6130223588160094,0.0633949018869189,9.494503000830333,6.097394560882501,183357
86,-0.04177818848982841,-1.3938745216769899,0.12610286232892942,0.04546182875112148,0.2280128420109722,-0.02021150105830401,-5.366466457461841,0.6055240508896261,0.057511482357536566,9.305229034991493,5.54453320138344,185698
87,-0.0357473734321979,-1.188313167342678,0.18424907002610097,0.013399982921785765,0.17685265692558322,-0.027780210055606734,-4.042341589973832,0.6296916717768088,0.05668062833923935,9.653443495626645,4.213385065919344,187633
88,-0.013740454684192615,-1.7202022805046233,0.18985409567962547,0.014729822656660015,-0.015152939415302867,-0.0039633245069094145,-4.738298255683404,0.6888323463309077,0.0481151963588291,9.230247059641318,5.040889430017851,190272
89,-0.017763579664932284,-1.6450532612066975,0.2562123063273874,0.019616288402899664,0.17028487298259617,-0.004700549197229268,-4.923452698910237,0.6410064176954958,0.05709735095822386,8.763562393030648,5.191010182094935,190842
90,-0.0066167341452708075,-3.2458857326488313,0.2418960385656964,0.015070520725760882,0.0663303670360071,0.003440536807415479,-5.909763273313243,0.6016771502045226,0.04546394909151189,8.472025542718413,6.742482935537567,190947
91,-0.008057143776032059,-2.5129031563307787,0.2692450076282398,0.01703422838340155,-0.08080308292903943,0.0019187193713661329,-6.1863147718829765,0.6279123867765501,0.05149304548586457,9.006713595808904,6.677212946275917,191261
92,-0.026153235286528794,-1.4180640801523718,0.14268680653601462,0.016957368406911366,0.24111736680938134,-0.011895741291341124,-5.405958757291858,0.619011212975391,0.060376741158306255,9.329570067215927,5.588854607248154,193556
93,-0.014146600475325621,-1.8626671348214539,0.2159353494113963,0.02561111946413917,-0.014125455103590973,-0.003063691541982705,-5.310777594777155,0.6037604814171607,0.06034577959190259,9.386831313532253,5.627955891469921,199418
94,-0.01917542630833258,-1.8928730513542844,0.1488267806562554,0.023517979594600745,0.18272712900117094,-0.006197040399284898,-5.916640603680777,0.5894288302766817,0.05499086192081916,9.202568240798398,6.21205315670007,200573
95,-0.007202856146903977,-3.333485534777535,0.213161702356727,0.018428047574945757,0.044252572830740945,0.0005390174281425717,-6.730907907317146,0.5961722352374601,0.05369373560380865,9.311247606618098,7.511141528912603,203362
96,-0.01134731084061689,-1.7058170240251702,0.20731408914248123,0.012545909117590686,-0.031997369313373526,-0.0038089100319528076,-4.896255800838373,0.7233945596794032,0.05236856673545125,8.914399086405998,5.184894655313404,207292
97,-0.015254415199619316,-1.4145187916870963,0.1254553736498647,0.01468706179077797,0.07806458376173606,-0.006635612657937986,-4.664725679330325,0.7294274762712317,0.0547077629241746,9.194740097700947,4.874477313050055,211343
98,-0.024314498476690535,-1.2929103694500554,0.25080664805020764,0.018280933137639156,0.17427126733387077,-0.014151216484211646,-4.098442114528092,0.684438571204417,0.05719912257569355,8.80054439977561,4.29753941105477,214718
99,-0.01916349421240134,-1.8784309158192543,0.2093805007770463,0.03759707610637798,0.058453395964153554,-0.006137477366825785,-5.646429394302739,0.6044019868885389,0.07024429747961855,9.344604715005236,5.950686314228936,216457
100,-0.013066677937086768,-2.4354959705960453,0.22182387554964914,0.02202505805912508,0.122360924177614,-0.0022626484584115174,-6.832854616040635,0.6658387161850005,0.05852665935416559,9.23691003063356,7.253932921301201,216608
101,-0.007474786171422121,-2.466185243169332,0.15338408985755353,0.010360462139255603,0.13525156795909668,0.0007389975260344731,-5.463949841552114,0.7033680889732831,0.04069017754574907,9.18659857869126,5.994732481489357,217627
102,-0.05675170220500355,-1.1253707172811422,0.19601383716586623,0.03726640252250512,0.18660281369556356,-0.037457812164543275,-5.089827050629549,0.6224294902218306,0.07361435440661901,9.027232764150273,5.212753462099869,217657
103,-0.019361055781523043,-1.7183651637826571,0.29158173004505167,0.016607249165146797,0.15474200443719438,-0.009405057618946305,-5.580212423376414,0.6991105904209101,0.06463443415543847,9.237437378560525,5.838796924547579,219786
104,-0.03801814641304138,-1.1480023405025508,0.15632665037356877,0.01565799626543561,0.13505579619493882,-0.028921418099296034,-4.859216919263326,0.6670457314333873,0.0636328594117039,9.240069144371194,4.992984923095032,221750
105,-0.015385000201996976,-2.205823200886972,0.2708317633835423,0.022298119845486426,0.09094543385473447,-0.003467760476340861,-5.493577760313439,0.6179525099789641,0.05349922748061485,8.26071427369209,5.919886198414769,223925
106,-0.010350904258737937,-2.3568220979802113,0.16818725512259902,0.014735291246526516,0.20605633687385827,0.0007633900857767024,-6.3911393052854715,0.6138154692703435,0.05110200770657025,9.48147689922075,6.811847915293815,224525
107,-0.4366304748742987,-3.357154475148487,0.46189486120507245,0.4619222555077963,2.168648235083856,-0.2063199753735577,6.5273745459239825,0.44773869353512874,0.19999999999999998,6.723920860759402,7.340102494705768,224570
108,-0.005949051361991262,-2.485487561042438,0.1338914516375904,0.01073296369005186,0.0897555045669482,0.001315271190188409,-5.877761112748582,0.6387014984525256,0.03982107883013613,9.133549004056263,6.38167095004405,226639
109,-0.028399961516713194,-1.3225036127375607,0.1548226636249381,0.014912603363508291,0.2542944890794592,-0.01677644566587797,-5.162855065353098,0.6403483548861475,0.062123301355440204,9.04446228939646,5.329548595476547,227644
110,-0.021532073217979272,-2.1834746148284303,0.4405585062591353,0.030253567249581177,0.13595154327882178,-0.012110901626515996,-5.817777167075158,0.714222775411018,0.06891700758087076,7.810295216586347,6.214023862147715,232038
111,-0.022192896504327656,-2.011480461362079,0.3561453332398379,0.032392551885731834,-0.008930726725096934,-0.009561877423954191,-5.581458408455704,0.6361642305676243,0.07497420828322883,8.477301772010781,5.932851895316643,237196
112,-0.011696650973284553,-2.2639943399869025,0.24603060393469214,0.021742345596902378,-0.000469037589334026,9.989784095452407e-05,-6.766906103507792,0.6877400240771238,0.05873489698394702,9.1459455146734,7.135593078727496,237301
113,-0.006030077511598711,-2.882197205239715,0.16486356487683362,0.014073669149701444,0.14457823956625374,0.0029277796327966295,-6.851642594040405,0.6746447683565308,0.04155320789843584,9.438632770755705,7.433173411562545,238576
114,-0.007736506480640242,-2.726314668687608,0.33468955402827316,0.01401892706743496,0.12943434801373765,0.0002441154175439978,-5.963966342261226,0.7184725262345137,0.053742943099062,8.456724231671995,6.5575670949160685,248943
115,-0.014510551770547164,-2.9066249255614864,0.19455696266578912,0.04209246011635221,0.10438934784181099,-0.003023249261896861,-6.96749356223664,0.5820939488889686,0.06477982881704679,9.564088311364122,7.549465874994358,249482
116,-0.05277357720352249,-1.2774607903270943,0.32056359957550445,0.03135493793482518,0.1494808778548438,-0.036874154765615806,-4.4348347374792345,0.6332673202887796,0.07399091379642132,8.421456279384453,4.615156034152652,250937
117,-0.007391986726822326,-2.553267099787893,0.123377546824208,0.011225428958328237,0.15023045307115554,0.001335442150972232,-6.149623530851261,0.6429315122394035,0.03793303132668727,9.548133466905972,6.65860664509166,254536
118,-0.019961497712265155,-1.6315251609563854,0.3554216745676864,0.018491605626807378,0.09869607805285521,-0.00824043989127583,-4.984634507218585,0.7395891705354367,0.0654980056913497,8.412820421595047,5.244850381220424,256964
119,-0.011126801689250997,-1.7965214659321684,0.3267033663503712,0.011591562491557758,-0.010644230358480984,-0.0014278639480662335,-4.385728748752753,0.7210784079743328,0.05179751195204171,8.118785348983971,4.739420432414859,261163
120,-0.008686274279985726,-2.2348484558288613,0.2996338809446646,0.013129218477676476,-0.0432319785126902,-0.0014128962908647787,-5.747910922111186,0.7306560282178467,0.05537638821824749,8.82794623888501,6.167092312349938,261238
121,-0.015491582224113547,-2.178652538233087,0.19576722634441954,0.03323876100615443,0.006199529224247282,-0.002839273960187857,-5.881161981744244,0.5841219214342713,0.06356563501552011,9.417020066910863,6.271729676721036,263397
122,-0.00781362281005353,-1.9820522502366462,0.10448812771268864,0.010450318669963111,0.14814541055038533,-0.0010377954597317527,-5.274886861832106,0.7014976704160798,0.04039077807129564,9.531491814221356,5.634976710492876,263472
123,-0.020934783932746753,-1.0070121646796326,0.3394391627989109,0.008470919138744364,0.012475170634108948,-0.01861398692796752,-4.156075703095776,0.6643510468971513,0.08171797966880645,8.170844382448724,4.2763347331185155,264161
124,-0.004787549154263864,-3.8607261641871107,0.2618812879521352,0.016572030556631714,0.03979272884698092,0.002779293894499002,-7.420566630056502,0.6676415569424416,0.050585890868683835,9.119415273330294,8.364808164324334,264746
125,-0.058186153239862044,-1.1367939622028485,0.29735042402052936,0.016723185528052787,0.18965335230684213,-0.04395528389052746,-3.5857108586987327,0.5902851322382796,0.061208393062285815,8.349212940702644,3.7615984467631383,264926
126,-0.008163865489012108,-3.0703148031660525,0.2545443967271002,0.01978588668648569,0.04413168535443581,0.0021585088302339137,-6.7897572362183265,0.6488296503901984,0.04931305216456858,8.653632702972214,7.451686810200743,272843
127,-0.020947219862596844,-1.9608253680293286,0.2526117350500878,0.031354553328496335,0.0977016114379685,-0.0065504854326505395,-5.414803901649713,0.5674481839284308,0.0590110234583746,8.130001632722523,5.75890071256905,275992
128,-0.01731198131952928,-2.405712613531988,0.3937371711002533,0.03426810978053567,0.05544159966563425,-0.006166312659860174,-5.609591920625196,0.601982288728627,0.07772724788706387,8.429713685682596,6.103685337142666,277911
129,-0.016174670552185428,-2.580991402778783,0.29297230393668217,0.03513197498967228,-0.0005791175590863157,-0.0019102787465041277,-6.732752321736922,0.5809385590990737,0.07378388287721442,9.082760791633419,7.210511108588066,279305
130,-0.006446606413766115,-3.5303221062171626,0.3080079983776431,0.013861601576855053,0.057349316060586984,0.0018309585062782144,-6.643299390488025,0.697392967124993,0.04683974136768623,8.398288164634867,7.523071245528926,279919
131,-0.011292067944696718,-1.73302678238701,0.11643620689023224,0.01055184489114887,0.22393982929808717,-0.002870934183109001,-4.697432012721212,0.6896972463047539,0.03707843094648942,9.515242003773933,5.00692014541961,280504
132,-0.003050676541276691,-7.224711980963515,0.2804416762250068,0.016822575728298123,0.016373697791165192,0.0009357605568923657,-8.495269118749572,0.5788540769714731,0.05391334404799592,8.663636870265812,11.151953219407705,282875
133,-0.028940028949798538,-1.5908777880373997,0.2915334310491701,0.040438498261051614,0.13447190067479217,-0.014122338939038468,-5.272084753288877,0.6447147101433804,0.07311852091539113,8.532204492583066,5.506883854080437,282905
134,-0.0044611634930931425,-5.597426561324873,0.350364470058022,0.020795379264489117,0.021901176513329734,0.002173203241797663,-7.437473561278812,0.6219171285191812,0.056396245521352924,8.191186957605101,9.308447619455487,286984
135,-0.01102835416319384,-2.663698219370491,0.34849757590220326,0.02470630289182406,0.09440460012429766,-2.0045053037886778e-05,-6.263939926308033,0.6586330409633874,0.05784276154607932,8.371931849080363,6.80677835721668,291963
136,-0.025760731880214955,-1.4429058432336854,0.0749183463474113,0.0216845676498237,0.21830476499667936,-0.01638012024733737,-5.332895390923049,0.6217283860948281,0.05783327246084081,9.514629361980333,5.524649357467514,293433
137,-0.049850069539920584,-1.0950700527628263,0.03331190136924256,0.03330465892927454,0.2058321138419753,-0.03862365187129603,-4.527865381688125,0.6168192122621404,0.06512547116461734,9.597392729068998,4.658405664510952,295413
138,-0.014745585936648056,-1.496340783384542,0.23185642690298766,0.015099753500904724,0.08754402011983287,-0.002555658170666191,-4.886577632862665,0.6753762311104473,0.046848039128381654,9.055990683508606,5.110545636428028,295743
139,-0.006007856485986879,-4.194068558313808,0.2583031798328526,0.022951734789228604,0.07548561456220644,0.0015099116608310436,-7.862007940938432,0.6356308683510185,0.05596532390636253,9.275068499629896,8.910745195280551,298653
140,-0.038748971984636976,-1.1439853554248156,0.03405917496742324,0.03400374609446481,0.2505657191034844,-0.03131807217606912,-4.49739666825492,0.6511099386957144,0.04931053017425677,9.410543428158274,4.6406119515702775,302492
141,-0.022541148840150346,-1.5878779695158773,0.21898176382978815,0.02380044674904237,0.16636233447705057,-0.010780672227566757,-5.304876196501578,0.6033571800040413,0.05874579527468484,8.684231152460452,5.537424302532985,304833
142,-0.009081566305791459,-3.332475734751554,0.32703284118664555,0.022471509720284052,-0.02444235501870128,0.00031458344770131055,-5.168391201878578,0.6018389834271064,0.05685994625713003,8.018264523623667,6.149606665337531,305118
143,-0.021714816605899457,-1.5504495123025588,0.28753179725026967,0.025894216810407437,-0.056437378558433095,-0.007182688596660903,-5.608685523880566,0.6745557472317903,0.06496890420932257,8.740455481790736,5.819041759257847,307217
144,-0.055510173005089196,-1.0301414891383487,0.35182025243259374,0.03449457867509353,0.11976215457115669,-0.04293152077172811,-4.7394580041552095,0.620165976229725,0.08629540469457028,8.66583620204508,4.850118932644338,308882
145,-0.01471429552025692,-2.3881036951232386,0.15225992814084865,0.03236423161811934,0.21104523444852066,0.0014972703093238094,-6.548135377995244,0.6246276074219363,0.05312657385056615,9.437869704532755,6.970015508391225,309601
146,-0.033845347260172305,-1.511312403211975,0.30975365876146793,0.02585755052036024,0.15549498194305925,-0.01986469109852528,-5.167542457975091,0.6141929228422393,0.06972932065074547,8.229807092314172,5.3840096800690835,310951
147,-0.020254549506572583,-1.4417864614779274,0.1495862205601311,0.011987224602639047,0.11864488451479645,-0.014312044920198335,-4.621352441422945,0.6377493441792158,0.0536161369925594,9.45727950548105,4.841037759442376,312571
148,-0.013505942022309638,-2.1561566228905464,0.3993455444913654,0.02152417627387345,0.028814284047563074,-0.0032126552705226217,-4.368644644453979,0.5929268621259638,0.06290884130669525,8.07360662521847,4.871762249120044,313111
149,-0.038602587812426425,-1.161100460032896,0.1500293766645612,0.013795298930794451,0.17037292228234546,-0.02903499479208395,-3.7574048692352062,0.6628570440202116,0.05523213921741274,8.645812026347322,3.9327147912912577,314895
150,-0.025638967388653837,-1.725205099696561,0.30507174107508794,0.0334911169439455,0.1822386035042537,-0.010363393660796095,-5.5519927666916775,0.6226514558899209,0.06816723782227825,8.456671427846477,5.813858986715771,320939
151,-0.014018662811766227,-2.567528706857079,0.2388011034166962,0.030290835279353903,0.027789010903843808,-0.0010822692108717318,-7.0529066528198365,0.6576963964286122,0.061656566373597836,9.381794892264363,7.505710886646614,324315
152,-0.008129539704455154,-2.431496412599451,0.25281536280829775,0.011634566162533895,0.027003615939684703,3.953795033664889e-05,-5.956354287511515,0.7651464485040703,0.045359577069223486,8.99143944982993,6.433531782997641,327241
153,-0.049218170606313984,-1.0514750210639863,0.24460721727537735,0.02419853589917836,-0.021909555063076017,-0.0359431034137791,-4.691191609965735,0.6639795886674349,0.07274925341372784,8.810483969608827,4.807585510558748,328187
154,-0.005730804883692806,-2.8766382820515304,0.11932321646216085,0.015592204555170807,0.12895342099346138,0.004272011529812359,-6.693850091318591,0.6269294988968589,0.04135152699041047,9.580069617011134,7.285785945991709,329461
155,-0.0025048826663389818,-9.16371513272439,0.2603812864746533,0.017243777578290292,-0.1736152437349843,0.0018464508867384055,-8.440640998411812,0.55778404541225,0.051410859559384944,8.183564857203832,12.458655445022641,331141
156,-0.015809787679621518,-2.3442079218274543,0.27561701385846765,0.03257736609406945,0.09750648358349469,-0.0004098708463862824,-6.010456258739207,0.6671545508560566,0.057797222649503384,8.57911750366324,6.451425828371268,331860
157,-0.021836692328784706,-1.647600059413425,0.2606752703230788,0.022395616304765657,0.08630185861124935,-0.01229779984748852,-5.129980925563384,0.65431278416367,0.06371583136032222,8.640919805628776,5.3880692508934285,332850
158,-0.009384775625033707,-2.090923477270796,0.2965803953854138,0.013977931599002829,0.042632960804343874,0.001179619075910089,-5.063316298680639,0.7230903620003525,0.04531003239509742,8.417114084466668,5.478059230082056,338907
159,-0.010490932586866362,-1.8101449860492949,0.2531912194616481,0.011153252055631014,0.07528915816515738,-0.0021126934807104533,-4.8636086634637286,0.7485415200526767,0.04492574062181116,8.733674965049122,5.18953891033094,339822
160,-0.005247504500039796,-3.0512587476650435,0.13191680538200282,0.01404131598622313,0.1410156860181498,0.003177684220663541,-6.661205763896416,0.5850589360048523,0.04057063165497762,9.367766622976305,7.32678934965168,340422
161,-0.030924611183024295,-1.631703305322167,0.29040481249757005,0.03652429136844917,0.06857907333156871,-0.015965862868771365,-5.053331815504211,0.6563280011847251,0.06300270339393745,8.009088388514247,5.310237105270006,341006
162,-0.012805173257128525,-2.7828723161261717,0.340656955669974,0.027881215270443824,0.0850796442199135,-0.0012742427636779012,-6.023889296919896,0.6794851947933253,0.059347675460759565,7.870269544495703,6.635632644247836,342073
163,-0.023482951107122937,-1.6135002690102869,0.15011489542291567,0.022773465665786186,0.09925754678253164,-0.011119325846981536,-5.712910760726638,0.6466288500294449,0.05490258447471347,9.148403777977737,5.936390526079166,342313
164,-0.004342057692492392,-3.338024035931547,0.2498138660724662,0.013243054052668011,-0.10369861296690247,0.003568118034530752,-6.983764769646807,0.6286017507634235,0.042638210095190414,8.889915765590327,7.740502233202743,349224
165,-0.029946620872600988,-1.2407769586642834,0.3042398355426139,0.02388535389566014,0.003148720784590125,-0.017145925282003285,-4.346844583375053,0.6087843425355187,0.06639911841103159,8.087587276241715,4.520462951199714,351098
166,-0.04529848187541817,-1.395449540017043,0.2272626865382259,0.04692079084787971,0.12633677791939718,-0.027463130454119248,-4.807578089105043,0.6937472494738064,0.07000203657795158,8.284267879681508,5.0060050441022,352928
167,-0.04262450586771975,-1.143683385359532,0.1397551964623655,0.015684378051224298,0.2332152766713697,-0.03097090336864796,-5.034625792549665,0.6874469197666221,0.062219441800395466,9.206643519620345,5.162893428781364,356648
168,-0.0046247157970473315,-4.732788267144358,0.2582470276484656,0.021444240501607956,-0.13328412043045912,0.0034651527138918614,-7.017299875843755,0.5546085240110364,0.05475854239233338,8.70485318552625,8.464146875446815,357203
169,-0.048524684206091295,-1.2815407433996238,0.3420176244787021,0.027918331249045903,0.11930572404198678,-0.02785039260903021,-3.704916374260499,0.6454137688458887,0.05977854407083863,8.150962936827554,3.9202999907222433,365960
170,-0.025200632849906802,-1.5369827719954559,0.28342131655028935,0.026794416339004208,0.15831386165735026,-0.009890512376927096,-5.21350351616636,0.6169385834382878,0.06175202531400348,8.577721553696213,5.43534129144526,366844
171,-0.003347662709499086,-5.720541305844534,0.27738720938516787,0.016180277815545572,-3.395967457391661e-05,0.0038352051553973143,-6.8040029520586,0.5579369490702024,0.04599018526578165,7.772900071122494,8.889265942894026,368058
172,-0.016549775516963825,-1.303796110404037,0.03174915352223742,0.03176040795063652,0.10068170243815142,-0.004087923698542,-3.041730727200753,0.5136010857747956,0.042232506467604784,9.450873349221688,3.30938213482546,368523
173,-0.03023676754049905,-1.293742572527035,0.09156049611205598,0.030429472594769694,0.06892972262770419,-0.016979288420111083,-5.067218036340515,0.6326189393110999,0.058930513979157384,9.411168654321003,5.229767535157132,369319
174,-0.005434762471164907,-3.5693214042945116,0.3894031296415985,0.013558650904392532,-0.0030348325330776713,0.0042266450156036,-6.493194201596433,0.7460826407482309,0.044345577175426885,8.017854357662886,7.4095631603219685,371089
175,-0.02988561484439942,-1.093333447746291,0.4086844538154864,0.02071222139680694,-0.00597282423304478,-0.016540641621895776,-4.532952543778126,0.6657593228224293,0.07822384576301249,8.154695121795712,4.662942932537924,371135
176,-0.03013841641276377,-1.6721882445238507,0.401050231433978,0.035294004890757735,0.09579210716161744,-0.015769989566234644,-4.929707514005696,0.5812720444812697,0.08691759455529727,8.513146326985524,5.20559599842016,372889
177,-0.005855514137018686,-2.7582424635120932,0.35612691575122,0.01638449017334271,0.0038629840179584814,0.0017254980299478823,-5.577347676701311,0.7421378762672262,0.05013523689224961,8.386447521934118,6.222114479365256,383911
178,-0.00867418512495118,-2.4650637515580875,0.38253660103123627,0.012995052950513338,0.04620192200361523,-0.00010624834044265077,-5.122135790347591,0.6539619339545005,0.047699513831462544,7.7776418343365465,5.684436150930484,386055
179,-0.043269890766761715,-1.1789359588534352,0.018013466741035527,0.10734850599375596,0.18985583969716816,-0.029193516610231174,-4.036621216338062,0.7240523911348639,0.051145602860790854,9.243385293674741,4.205258712525098,388545
180,-0.015182318131296682,-2.037254961780536,0.19699406225687804,0.016393182947919745,0.16182701571368585,-0.005820638136922671,-5.836482127831789,0.6631801525740387,0.05810091552777655,9.087220894349409,6.181822660655941,388665
181,-0.006585814248448671,-3.068815922713107,0.3568119616804825,0.014820875109667297,-0.07792740063134077,-0.0001676293595765351,-6.3093953727916885,0.6887078850667788,0.0527721806082896,8.199617260457622,7.016131493757985,389190
182,-0.0071478495730353435,-3.3533518221500183,0.22406384249486203,0.019436911200133664,-0.054962096736670164,0.0033444980488942263,-7.440217637875624,0.6780534216064062,0.04921598448251643,9.000929347645439,8.160993012009776,392309
183,-0.0052551539376749935,-3.7172820153062807,0.2242397105951535,0.01611272820657223,0.14273543510383072,0.004332163215930485,-7.1526604215643435,0.6215849610127282,0.04707815577540782,9.2385034934432,8.060938945776263,394663
184,-0.00746949973879069,-3.987588095192831,0.3581503097220072,0.02120873479449329,0.0449352331078031,-0.002911919902958171,-5.946702241103345,0.5747844875372407,0.06606445727659485,7.973171690741786,7.159897091527722,395053
185,-0.014623158393590997,-2.1171950607761,0.11957788714635804,0.02942840979879353,0.1591349392943605,-0.002879364744168194,-6.423420549111406,0.6120092592713874,0.053670467432565316,9.462957377395574,6.763345804860298,398487
186,-0.010171153108009244,-3.3644249876485555,0.3920022712311156,0.0253795181768363,0.02272059830205556,0.002610630294856086,-6.617176718001661,0.6477909615392583,0.060185788329580485,7.79880751158033,7.423367377058556,401142
187,-0.05383963302971093,-1.1400745633359268,0.14448842845637158,0.03475885967031907,0.12345447763465202,-0.03949671401512171,-4.689263001781862,0.6186410429555858,0.06351479173042766,8.825677123184764,4.825863395274036,406841
188,-0.005215894690802118,-5.348031220059724,0.2456931641797498,0.022270008606085665,0.05822261823483899,0.0013306746228742413,-8.784096031984289,0.6341425368346666,0.05274544967242012,9.479770180415118,10.284054697922198,407516
189,-0.008317944568055612,-3.08538003982434,0.28055415413563856,0.02105145054604699,0.10321628428770539,0.0003358946616774759,-5.780433348295716,0.5464966283079664,0.05918026943428767,8.742544286003357,6.552326280355373,410829
190,-0.06268694871765192,-0.9103482352089575,0.15480133092629453,0.02849127436922843,0.19292384985449287,-0.04663187971267108,-4.469031282081389,0.6292458774725145,0.06890564131839982,8.91849023040029,4.560808536824373,412764
191,-0.009473661994327177,-2.0727598049797034,0.10822333687492518,0.011308848610541556,0.16465161579228763,-0.000852793803971699,-5.309936466120739,0.6412586309430656,0.038737943769214814,9.400635560352395,5.700154250840788,413513
192,-0.007441566214402444,-2.7231062246964246,0.3427327339459029,0.012774388735547723,0.048059707134138194,0.0002553366231901995,-5.783147820241271,0.7228378398746675,0.046560012675357046,8.363537894990689,6.392191034515612,416978
193,-0.019200273356834784,-2.058617182094184,0.4027193280405367,0.036541781532460064,0.009964605535517996,-0.008511170819992623,-5.072812678796378,0.6842262294424492,0.07691378282438831,8.262970628967123,5.47460803862438,416993
194,-0.026515924759476894,-1.9152970895828287,0.3174966954699237,0.03708705190216223,-0.01656376209799995,-0.006855496153935993,-5.391070950648294,0.6405313267213052,0.06387849003758327,7.9819809222754765,5.721189468658451,421191
195,-0.0258830283038162,-1.3395270059532305,0.10879118943174725,0.021018576677119732,0.19862301861660686,-0.015025796603894144,-5.350837552994737,0.6185403929888582,0.0569292758829728,9.396917208359842,5.515958223030404,423517
196,-0.016786134199612526,-1.9451962294504404,0.4027850322063974,0.023406831874373396,0.08331658709317208,-0.007179585176023074,-4.169654822570036,0.618622467026519,0.06566362712751583,8.358315920370067,4.601066149323411,426981
197,-0.04516477287467506,-1.1186826848935307,0.289475567724626,0.03486964573861247,-0.014591893408193602,-0.033990764802152074,-4.433641077299471,0.6238720589252031,0.07186424677564203,7.964761139976631,4.572594903531016,430190
198,-0.01024371517420642,-2.219232688709785,0.16965217316360473,0.014585179203508013,0.13259090684451166,0.0018773582494413569,-6.19234837872206,0.6387461632150941,0.046693372721377954,9.32482758921064,6.578006701889243,430596
199,-0.005170132425591563,-4.170309638802251,0.23405319959192605,0.016557735257700337,0.1286297402465874,0.0017165867147731235,-7.399022453781964,0.5942248728594182,0.05114966593535176,9.034706546654766,8.493351267612605,431690
200,-0.003983856534724338,-3.600432540016672,0.2871898653528346,0.013996525420897535,-0.03975320776665866,0.005475859344131216,-7.011723261146364,0.6603102670496624,0.044858273496865594,8.607406448832506,7.882092207409902,433281
201,-0.0107999752402281,-2.6534515523070845,0.3299828965900012,0.017159640901749006,0.08821096008859415,-0.0005619480063600773,-6.25385813896164,0.6679458868085836,0.05964111374482673,8.320813310708797,6.793492972153399,433942
202,-0.023355465129770634,-1.8794242065427633,0.24923780060580258,0.032665441645906124,0.1342302609606272,-0.008481463235105915,-5.682103481644332,0.596564529235041,0.05952734542582962,8.486801822995334,5.984858839125075,434886
203,-0.005262604317112377,-2.431387977202007,0.3265153092913318,0.012323427446691992,-0.11771646187746858,0.0022967267265937273,-5.255670360661001,0.6768771055406686,0.043365464080411635,8.166592916727193,5.790830547996808,435246
204,-0.008243719128214375,-2.857411086042813,0.28177607459924253,0.013350473321564551,0.12752125649868298,0.001031566374505019,-6.366117573899347,0.7316631590637428,0.044387205784011605,8.661122897496433,6.977983310337628,442834
205,-0.007662312509154715,-2.9058067281750564,0.2875706216470747,0.018370644151427817,-0.07049700924925655,0.003130337693578006,-6.0462085287628495,0.6827638539804172,0.050958373562322655,8.743996732893056,6.708230043371503,443270
206,-0.03948463751243924,-0.9961188562410467,0.08401338712406846,0.01812438284405089,0.15795834773792558,-0.027961912179630483,-5.094708795277671,0.644822849856076,0.07485296914542106,9.532530095325752,5.191176213965254,443510
207,-0.016802825136820285,-1.4104056882999385,0.35166273822260485,0.012538141653119134,-0.04508886652603956,-0.009167810327847933,-3.9821188608474234,0.6898349610519569,0.052313416153940674,8.78604978457232,4.2245135610512135,447260
208,-0.009491305282631927,-2.1763774096097444,0.14895679638439285,0.011396755705303074,0.09124925170908012,-0.002506619727381749,-5.4465593370299,0.7061171936239821,0.042043904301500415,9.56004395514641,5.865290038936455,450544
209,-0.06576700263591556,-0.8456710171010833,0.4480375222202645,0.033757455432611834,0.05454682361423203,-0.050378079025321224,-3.6587337954219463,0.5750286805433779,0.08999349774004385,8.111776437888707,3.7551953950397126,452194
210,-0.05303437114615818,-1.3779116638298485,0.29337668381423115,0.04177704359771973,0.144913912681074,-0.03500531225892202,-4.824497157380856,0.6060991140399653,0.07031497250276915,7.9816444447593575,5.017411023116832,455044
211,-0.031117547903884834,-1.4920605990244082,0.20237925675694887,0.025741348513885504,0.15419918690465945,-0.014121874229891524,-5.4801536185989255,0.5862265040005868,0.07022939934466607,9.494306749459986,5.679641583287098,456497
212,-0.004793535079960937,-4.466461378865803,0.37112665526176825,0.02048489590819579,0.09736776462493313,0.0026255508729047285,-7.041708071840925,0.6467673585008922,0.054129981082845974,8.25177896254454,8.33876068837147,457008
213,-0.008824312536505428,-2.320257186345673,0.17558655276042193,0.013779823510728087,0.14317567328250463,-0.0010499084945756738,-6.569474018496873,0.665782721784618,0.054727010815485075,9.466656912204646,6.96717893343455,458478
214,-0.00421665355476966,-5.332715567682476,0.29983157467880817,0.018567508928716628,0.03126797362754776,0.0013919071684013824,-7.328861408143586,0.5636437108098669,0.05524539557437516,8.475031782114634,9.063667296717119,458883
215,-0.016281024649591937,-1.9716721776049961,0.4108982476999427,0.01809534071176152,0.10687431202094726,-0.005800376944987183,-5.038554662050247,0.7300643785156277,0.0600986871503378,8.019315945697732,5.410593706647164,459033
216,-0.0103366548184294,-3.2320877945074016,0.36937806073935375,0.04138989492653098,-0.028639719581945042,0.005383558198914237,-6.82098356563575,0.6847315020433481,0.06516573082438455,8.04504308565901,7.547993661502154,459048
217,-0.019739153877729277,-1.803733237261023,0.4889084495264135,0.02430614507810028,0.07939102804362398,-0.008505511131945163,-5.0308342506836485,0.6827844830884109,0.07526897648214631,7.69567885145388,5.3444126757813,461103
218,-0.010105718162854091,-2.840338289468123,0.38968517774609357,0.018690633791863837,0.15366574958729937,-0.0005240061343877821,-6.255938379452725,0.6849078597061055,0.059814953463115716,8.279888664163037,6.8705375776665605,461958
219,-0.003044131795008346,-9.280013739406405,0.28548538223674325,0.019090205255288647,-0.0994754387324406,0.0009019241641600722,-8.566360572413315,0.5875174470106187,0.053082956190245605,8.03902753900246,12.629377991816105,462962
220,-0.007660425699396899,-4.157181800377374,0.356908087472033,0.024105954956040364,0.016053613295135594,-0.00021464043008819896,-6.889541387223993,0.673005992809608,0.05610303268639785,8.340147366444597,8.046610531625173,465931
221,-0.011586372421689816,-1.530512744111061,0.1388809424389575,0.013868216760280253,0.0915436435369343,-0.001671640903744085,-4.568714562939621,0.6407907851089522,0.04571283423391431,9.52650494678246,4.81825923104008,467401
222,-0.0023216751602577156,-6.892230050302593,0.2939788199786281,0.012785290021754735,-0.03953531679768285,0.0012082233697863582,-7.389389633731265,0.5855803596195814,0.049356460531601726,7.995687726117284,10.104747113381372,469065
223,-0.015205495889182817,-2.2173607325959366,0.37761195134132847,0.033075683758897904,-0.08059600905377778,-0.0004131887076849215,-5.368936838489215,0.6638866735907206,0.06904249034415984,8.123197692958513,5.808801201121016,472213
224,-0.00929288862570927,-2.6747106234241276,0.25475749789645913,0.013893398437783394,0.07224244419665225,-0.0010484161106303984,-6.198741533527331,0.7831236519546594,0.04501238888233826,8.83767128346856,6.7511831199082915,472799
225,-0.002682825189256999,-5.624175327567933,0.2522035614262213,0.012239165921060365,0.02695646035199978,0.00205636061289627,-7.170844417413788,0.5699580817969926,0.048905134267447435,8.524296728905501,9.113306632281082,473833
226,-0.007286822122151149,-3.0252448425550877,0.34085770853143266,0.015343958088012232,0.02388545456679519,-5.812824610629652e-05,-6.02252334299778,0.6927023637146499,0.05410095301652024,8.261585988916684,6.739650864426087,475933
227,-0.029946734562552563,-1.5061662099091773,0.29773813810916255,0.03197789230146748,0.07198078185524824,-0.018759699360951843,-5.043345753020761,0.6647624575678499,0.06560456722984821,8.402256864234054,5.2634468778914,476907
228,-0.057622221922482265,-1.2176866639102595,0.3793675829616614,0.04182813742805897,0.053242075459933765,-0.04142904913545326,-4.438117699064881,0.5920162298245752,0.07258122816465976,7.790087960835233,4.602135322023663,477177
229,-0.04309032481696525,-1.1894146721251695,0.41230814107440916,0.03148156240604827,0.12488589066518625,-0.03155332965073819,-3.88676702366557,0.6039602505000546,0.08202637170337583,7.997201955231846,4.064685124154236,480028
230,-0.04748327110348202,-1.3295618287129176,0.2797169115578548,0.04176944514210992,0.09717039435118426,-0.030348232555803694,-4.488695416400513,0.6275802825182357,0.06738107611897866,7.9194210050504505,4.681465710392997,480058
231,-0.05130619952686488,-0.9258687523917432,0.3829586263462062,0.032959619662663996,-0.0520489715437621,-0.03438729363242325,-3.109894107236682,0.663679691899952,0.06496644169213427,7.944265018620696,3.2447918738928205,480208
232,-0.005401317549166943,-3.027789091467184,0.36767970420923696,0.012525302857692629,-0.15948917440796861,0.0033060521783558725,-6.150269545825975,0.7280212207762193,0.04496558296279124,8.18291643199989,6.855167559492775,480223
233,-0.02795544720436516,-1.350303485303347,0.235645291373692,0.021208625570706175,0.14451839705556588,-0.01631453107118288,-5.7785837640642725,0.6820851952241122,0.0723444671843681,9.080890276059996,5.934252254558242,481708
234,-0.010613720377893649,-3.6988010402245632,0.4035155943180096,0.040161945219733305,0.06540437443517079,-0.0009002158959469749,-6.540482211218261,0.6256486318414924,0.07096261633926487,7.872124987363642,7.513922856300084,482158
235,-0.012800095619823723,-2.0900820985232085,0.2975878055473438,0.027662368441856416,-0.03834980864272477,0.002550731986578337,-6.231819887000188,0.6429002771235223,0.061184453985998734,8.699389907877137,6.572976668342754,482278
236,-0.012585586873028666,-1.6927860004872104,0.15086401025128976,0.010558033402378864,0.05006205427979969,-0.0029735514729748247,-5.082462379895606,0.7283716074111664,0.041923010939475605,9.375597045535283,5.35695326528985,483387
237,-0.00951093324071503,-3.401023539357401,0.4678234020336781,0.023540643449773253,0.0852619803260046,-0.001341224717344049,-6.663759300354455,0.6932668380222071,0.06818642018658115,7.86312737710406,7.481487093374126,485111
238,-0.027846673737644528,-1.233702971932968,0.21897614461835851,0.016753704909237038,0.1381793206352114,-0.02071935033284764,-4.810743703903101,0.6349439665600145,0.06450275490741855,8.779752632954576,4.966415005574903,486836
239,-0.024101127201181658,-1.6067930349795956,0.4402101865322537,0.02391415877334546,0.1465945190986665,-0.014521505045608826,-4.987491442057583,0.6854380453879413,0.07903341565315852,7.9926605904205585,5.239928887099191,490044
240,-0.01598149281360313,-1.897179056698803,0.14829650553229462,0.025785269947756997,0.13913100005106316,0.0006992704017495748,-6.3464940843143465,0.6408868203077949,0.058268655614740296,9.545437949586605,6.6239924166180595,493463
241,-0.0041053962233311555,-3.584717351470937,0.15598281331316033,0.01088775233507839,0.07011899561371153,0.002998644826961594,-6.80372844232964,0.6124567941869866,0.040011424949589126,9.302298489026828,7.690313336067791,494438
242,-0.00451931561510436,-2.4250963717851874,0.16932288981166502,0.01045418739764411,-0.0793447598208725,0.002652532335495133,-5.500748896820908,0.6586701907339122,0.037077850639239504,9.065461742298009,6.011599690458615,495322
243,-0.019570155133326807,-1.801676244855494,0.1343634211238719,0.04364833477476189,0.1353651542225063,-0.0013106835562617602,-6.349634205310684,0.6332747060933634,0.06107863151256178,9.462363505827849,6.600294829212407,495442
244,-0.0025865102992787183,-7.687385611583824,0.26108016959765334,0.012727845905165082,-0.028792524577838895,0.0010539664881673372,-8.259681294520426,0.6125278716331178,0.044859844903291236,8.5159347241268,11.283538125439051,497903
245,-0.008992700702063417,-3.918493916831294,0.2630265534387358,0.02716631632650274,0.07838104377517817,-0.0008706923746166004,-7.551103499887161,0.6021235902816007,0.057262677303039175,9.034598625917557,8.507276805315083,500753
246,-0.020210334671515763,-1.881375243828402,0.3136418239703055,0.032913205519692,0.0653832698506696,-0.004493529915404026,-5.1926699108573535,0.6439545076796449,0.06234770993137954,8.176963486740362,5.522987743170692,502027
247,-0.0131153239018512,-1.7406007066664704,0.21340873794240944,0.011650424420204352,0.09492604183072686,-0.004102308020824206,-4.620249048433354,0.6359641692546412,0.050432788306631525,8.62329572359385,4.937245394913759,508851
248,-0.005046506319823376,-4.871443328641672,0.31303268711178783,0.015479471285940388,0.0702395223164123,0.0009003392099096828,-6.9351911700641935,0.589810961114932,0.056594105239506504,8.500009135047446,8.475130480972185,509915
249,-0.019169061939555514,-1.9496089465522979,0.163367144657689,0.03482637841314306,0.22362341717298473,-0.00496138701159056,-6.746407234572237,0.64203645347509,0.06301847900528981,9.458179161026738,7.0224629311350135,510620
250,-0.0028000097884182864,-8.865365176854528,0.33045701331955574,0.01707463099587533,-0.1214157062620909,0.0005739281741709549,-8.72801691832482,0.6204863258006416,0.05630222761797872,8.048131417803347,12.440778876161621,512121
251,-0.014388884716753234,-2.7340915641721506,0.3881500473776742,0.03595507942144543,0.12117354532786252,-0.001276577599589792,-6.062854529585469,0.669853925837615,0.06660186658624072,8.180006842097509,6.650824139021596,516034
252,-0.0077708662044385915,-3.0329715989146337,0.385056245484481,0.012862127609253681,0.11917293885179359,-0.000520661633299127,-6.498704108751394,0.7320389154468876,0.04731283712850688,8.546858558804267,7.17161570449261,517924
253,-0.00870382148145129,-2.137320210145698,0.22412918985015892,0.012410737310751879,0.18537665390094896,-4.2113719666017936e-05,-5.925716749207483,0.7417451643452891,0.046447968093861286,9.12232424526805,6.299385420224369,523743
254,-0.0036858863744272403,-6.366870170463964,0.2746999281936772,0.02092722522803603,-0.20743190021759456,0.0007054189869240373,-8.499092823755268,0.5907823584947615,0.05238172380705273,8.774115626560189,10.619398033521115,525301
255,-0.035199866255746545,-1.1143854081076607,0.14240700144281382,0.024290097419399668,0.15387991443525098,-0.024681283558953368,-4.745717405980261,0.6294902567071178,0.06705384083028375,8.976034818380674,4.874801384182467,528795
256,-0.06135690619878701,-1.1795619861064652,0.12077615837562311,0.06052247407895383,0.2043564907362214,-0.04077314862577866,-4.942451573152371,0.6217139833748498,0.06678015936546026,8.761432723417446,5.081259099083984,529876
257,-0.03221992574357445,-1.3720231390617208,0.2354595385285692,0.026457782056811662,0.16332408639376553,-0.015570346711211666,-5.278399244961664,0.6734725921081567,0.06796430317934651,8.976988238610375,5.4538010674512725,530790
258,-0.060177959294412144,-0.8518329951944977,0.22392967333069824,0.03254397775002416,0.0982898513880815,-0.05055185007761979,-4.155473039357543,0.6048291931687139,0.06972283654570374,8.475118797872994,4.241883500584315,531960
259,-0.007979355588842526,-2.4460312379516567,0.19624964615987234,0.014646741091088482,-0.0014520117386330588,0.0013639231620918245,-6.2906508413655375,0.6568973852063396,0.049011592689534214,9.168042217431834,6.749470855186225,533371
260,-0.005421924127621916,-2.8423411511721777,0.19229133860229491,0.010497562728264085,0.017655019513420567,0.0021489678510353927,-6.137187710857071,0.7202371290631988,0.03968187536712548,8.991477396980894,6.763429323792911,535815
261,-0.009809821892176964,-2.9293696323924063,0.30867012193654125,0.02431057466930045,0.05353656876576601,0.002190630623659344,-6.098749750973313,0.6171712498198348,0.0560995795252609,7.8576280557393785,6.765793003645609,536130
262,-0.0047594324298988935,-3.0595512179351014,0.30496457987869235,0.010773016621437795,-0.08087082730957078,0.0033885336512060934,-5.756844052677635,0.7288560718434668,0.039410862144193655,7.95444892766561,6.5193640105471955,537195
263,-0.011002214784091855,-1.826035538452164,0.10501769090072285,0.012047368554588957,0.18181615757627662,-0.003506051185734209,-5.522588227049402,0.6852127456975793,0.0421950953595924,9.498499381346832,5.816647360226932,542563
264,-0.01399987344411218,-2.070492549574837,0.2348563490547425,0.01856913631987387,0.20733124940074085,-9.314320175779259e-05,-6.4660885535175305,0.6489075653758501,0.06110010996762352,9.09184988445366,6.789494869264969,544722
265,-0.0033183764615516377,-5.687530858033807,0.23324107018604862,0.012991140757942552,-0.00996132068149974,0.0017104307788557045,-6.870810095281244,0.5363658299341126,0.04667459054831664,8.285801918140786,8.919419186612178,545966
266,-0.019961325913298997,-1.5644925544729844,0.34959468586519893,0.01866201040052971,0.05366078725173672,-0.007555068713967288,-3.9092024026514554,0.6309551972584937,0.049342884188014836,7.8845653462083,4.2106413261992905,548112
267,-0.02382561655992023,-1.34114712646023,0.04453396347174078,0.044515438933936134,0.21210823216567576,-0.007068743562378796,-4.448142846013702,0.5539300881985177,0.048956315122295806,9.447909308073399,4.645928367221712,552642
268,-0.007291124905650107,-2.812132693011934,0.2654856022075571,0.01520351025850074,-0.10116784346758763,-0.0006534424922371655,-6.5113327931450735,0.660974953737938,0.05872012463382507,8.842101962083738,7.092640201377269,556287
269,-0.011535432420357091,-1.4764262336762743,0.19781929127361306,0.01076199701195893,-0.00690811152460645,-0.003663506680971426,-4.461130966152826,0.6844555642586487,0.04163931062610334,8.72448683203549,4.699098202916721,557801
270,-0.013556821576099718,-2.674596793873206,0.39601172507047555,0.027220601735701244,0.07058006377842134,-0.005022473784300545,-5.455310459233523,0.6317690321056028,0.06720129045638296,7.803247563669735,6.075679403689723,559105
271,-0.010926187477338966,-2.3127782301675537,0.20901151435061,0.018875870878570598,0.13053243822625324,-0.0016841995613154977,-6.812293363659278,0.666616634404016,0.05642863338276446,9.375421653842102,7.19418404091063,559660
272,-0.015809504765688463,-2.1468650357870374,0.18151658836109463,0.02039725166992183,0.16785073359855035,-0.005458798987171252,-5.774674795950865,0.6376634975640697,0.05192789085897214,8.937304104327536,6.160835858946012,559780
273,-0.007343410949036826,-1.9107549645860686,0.29119267440999913,0.008538818174025768,-0.06754967930831245,0.001223733325069571,-4.839706337815177,0.7686517568579426,0.04123673774035506,8.729275840798227,5.203243408776751,560276
274,-0.003138435717746995,-3.955364194576866,0.2361005367713517,0.014091168261477181,-0.1540276048706633,0.0032895618911130383,-6.093601790423362,0.5419995887863972,0.04892020862185161,8.600668010321336,7.264770381229644,562285
275,-0.009557509382201694,-2.1999560298987424,0.31467481424858795,0.013806094538401072,0.1101584437566151,-0.0009666615759345595,-5.577396190178408,0.7386439834843356,0.05249941164011282,8.446951781971473,5.99559461569113,562989
276,-0.00617482204458346,-2.62261876583237,0.34548456376857356,0.010100227036096573,-0.0013384121387976216,0.0005892629911201692,-5.0944124543099045,0.6750101937393702,0.03957843419740022,7.924367939567139,5.729848815241461,566154
277,-0.0032879749054197235,-2.657669876669303,0.15042149345818542,0.010862342348719167,-0.046867111105560626,0.0002352278795849727,-5.612940870226898,0.6334445648711156,0.043592610462150856,9.321574627076876,6.2103393132757985,568388
278,-0.0378952140273163,-1.0899885583111224,0.2940436113358493,0.02585071484709633,-0.08688570887404569,-0.025376022117763696,-3.391856852050018,0.6433619433380958,0.05935928953245551,8.263030665331701,3.562691112354229,569243
279,-0.01372328704267474,-2.090743685259683,0.248170694927644,0.017868444681155757,0.08420835545332436,-0.004376392057427938,-6.368542431738942,0.6685376248251944,0.0626647955432895,9.034128763876485,6.702950235703127,571343
280,-0.018325287368694976,-1.4623111441760794,0.15063038404726461,0.0107524795269547,0.16265593298413003,-0.009537059615825835,-4.091531840410359,0.6145815170948287,0.04164690968507319,9.016838160081075,4.344995590731172,571793
281,-0.01640313278843508,-2.1287853043513714,0.4285914928534263,0.022487801468600025,0.08825692551730571,-0.008918436419548802,-5.641452857194718,0.7205573334904181,0.06786507316546941,8.090384024810652,6.02973608145272,575137
282,-0.023848611806335834,-1.1992307295692881,0.08000274453363478,0.015030411651047735,0.13341647064795464,-0.014884208227765601,-3.6865462686314086,0.5831954789832043,0.049929990441560636,9.500945432884533,3.8766967554225142,578646
283,-0.12758837331956785,-0.8591505038827179,0.20394950350619276,0.07429240885038814,0.030376627807842803,-0.1019523531641533,-4.210122449567691,0.6170791082678252,0.072425923006082,8.10890203192754,4.296890809489553,581195
284,-0.012958696182408847,-2.3960877113746353,0.19335992606385768,0.019043185838761828,0.18023949850050655,-0.004233474322967872,-5.9294519360701825,0.6287867299399891,0.04994601173978287,9.025149410254206,6.395282369275572,582800
285,-0.058540428595247086,-1.165774587614531,0.30175778482863297,0.03462129016059918,0.14427510772781318,-0.04430040594478151,-3.6295957650910555,0.581280638526254,0.07719941368781415,9.085171434686897,3.81221665269627,585814
286,-0.025057127575475433,-1.5509003205222287,0.3142938297573283,0.030297083398100805,0.0768092378188585,-0.014244977304324427,-5.125488184846205,0.6949036420271292,0.06601290981571124,8.219201351989762,5.3549902835760586,586055
287,-0.004382700141144084,-0.9576758135486689,0.41441179498222164,1.913694271581247e-10,0.09230650495077336,0.512123221875189,2.324914181662836,0.08144587686896389,0.08144163669992684,9.148917197632958,2.5144321259387934,588396
288,-0.06975107834977488,-1.187598034997911,0.07120149545980058,0.0711943453261979,0.1969027801906544,-0.0454387418951465,2.175142577025208,0.07500255699903267,0.07501075086502063,9.606244519288055,2.478232096297432,588501
289,0.052787621858772685,1.292203237126156,0.015423884992156599,0.01541629274363937,0.1548520200357191,0.04902393651249968,-0.4063396802046835,0.9999999999999999,0.0029486954006137387,9.419020586431964,1.3545852286763507,588770
290,-0.0296781164636417,-1.1752589287940893,0.3566086964783713,0.02127600434558085,0.011990150830523814,-0.019773061353246142,-3.4658416846907487,0.5866140598997175,0.05746740901866844,8.125792229079867,3.659684704049003,590120
291,-0.013669186274579399,-1.2532937129523578,0.20007933433572186,0.009556207626556616,0.08324727919135909,-0.007922106257348526,-4.849425193604837,0.5936844150753184,0.07489678773906686,9.347700075542843,5.008759311375944,594453
292,-0.006908484619421273,-2.918276711257345,0.2814590373564202,0.013043354450345926,0.1201795163357812,0.0016378810005992308,-6.630339486849382,0.7009998068129071,0.04712612195617379,8.558394095149037,7.244152170843812,594828
293,-0.009170598802891977,-2.219883505227713,0.3655270066759155,0.017554667030710364,0.033424752755633856,0.0010459710069538996,-5.905678095425193,0.6699348301000172,0.06068652049250774,8.479996309565626,6.309113768475491,595263
294,-0.0022814538865381594,-7.422673264991609,0.272915778698792,0.010929222543462363,-0.0455165831380328,-1.964992649327604e-05,-7.8250033286667735,0.5944863103741473,0.04814786975119428,8.048600065035902,10.785488189807046,595998
295,-0.01787813582138285,-1.6976893934642752,0.45013551329971113,0.019558641731316374,0.10272264820342568,-0.007376612630398116,-3.701467131658528,0.6064469686481206,0.060159463844056627,7.75828157035491,4.072223987384475,599072
296,-0.002623803609606744,-8.742753383424136,0.258231016893135,0.015239538171786249,-0.2686042575855636,0.0010714843564960318,-8.471076494825136,0.5732648869294247,0.04687231166731099,8.536230120153677,12.17353168577439,600228
297,-0.11791073409982969,-0.869647096940515,0.2872235763219322,0.03649532953098166,0.021036161655288235,-0.105770692431059,-4.310706791534162,0.6029078553374466,0.07313432862359287,8.454018115635945,4.3975537649693175,601202
298,-0.011307604794484526,-3.2588067422578426,0.33068593381788813,0.03694624242437119,-0.05050683743199381,0.0018763730537876802,-6.929366154817343,0.6446512312356752,0.0621178248152419,8.471198943107476,7.657410573484568,601217
299,-0.004238109424349916,-0.919996546378684,0.3252583135894492,2.526023205963297e-11,0.1359409936666999,0.09791830861277483,-2.750470208294357,0.03218562155870048,0.032146367891166386,9.416745477816868,2.9002551632681404,601847
300,0.053192655667351485,1.3033638827537875,0.018240294235784753,0.01824179810294619,0.08766105401470188,-0.012057536144266462,2.6539640811275835,0.015557958176987387,0.0155561073403953,8.377439520429926,2.956735151274528,602071
301,-0.02529559375005393,-1.6477659870138437,0.1942147733427741,0.02660478751968955,0.26859137779956704,-0.010550119420545838,-6.254312861005944,0.6740971574969168,0.06001416771262544,9.665236536800526,6.467732377835687,602627
302,-0.005260604802909829,-6.195511119119926,0.27684916672822535,0.024936035616998933,0.14910329178103507,0.0008845747542675285,-8.715057245477194,0.595014133433187,0.05741966571346951,9.379030151116112,10.692828476090092,602732
303,-0.05697025450048775,-1.1071621661242819,0.2663859045492874,0.029420735748780832,0.11517212260783831,-0.03970738029762522,-5.0232602497280725,0.6899602488356665,0.07196849254342612,9.231804434153949,5.143826552149203,602807
304,0.05148925149430407,0.5970219588407125,0.017841607036337824,0.017845304612674244,0.06911049107874202,-0.03399713275093469,1.5709220080867823,0.023089904656934588,0.023098318664554928,9.708635972186212,1.6805449041395502,604606
305,-0.012780505254635904,-2.6628898051515986,0.270526163136412,0.027795619084146406,0.10258871377225127,0.002123311458983173,-6.168353610312036,0.6357034944701451,0.05723473277529136,8.951214490776863,6.718598691411018,609899
306,-0.030779287121485106,-1.299864870099423,0.1716340514362446,0.027006867082979606,0.16440703692343503,-0.01629659407856335,-5.075947490802619,0.6152963913396975,0.06419735901288084,9.533380455245869,5.239741559457298,612763
307,-0.06461451565553651,-1.0539540196579775,0.4244588268305316,0.048675782306125466,-0.017089265186851926,-0.0563089273412465,-4.230702780932878,0.5941261063397616,0.1049437454938479,8.686633413163301,4.360007465148013,613213
308,-0.007957926283621176,-2.8132880870229875,0.3996344761346971,0.013843781252289095,-0.00451255945131291,0.00021250691267240526,-5.479481427457054,0.7442594887682621,0.04419788723826058,8.287884902024972,6.159489148820075,614084
309,-0.03090866668844407,-1.4797651039320572,0.28589344934415495,0.017505237216011403,0.2338386638399762,-0.019851456414983242,-5.276223349719498,0.6059726320106857,0.06270638882894254,8.930402499536973,5.4798026970813725,615884
310,-0.007323358985874092,-3.24783963379696,0.29770738187333445,0.01631220242569527,-0.0014381645255823066,-5.633217365204878e-05,-6.924689492197952,0.7201803863889311,0.047769249815413396,8.910529861710687,7.648515336339407,615899
311,-0.003285495315836664,-6.377188550950772,0.17331065093386752,0.0163457789472437,-0.02777848141202032,0.001049169218682648,-8.524282637092337,0.5052692157531063,0.04408149454082647,9.844843435820376,10.645746957889404,616425
312,-0.01311478284446052,-1.3356706321945606,0.08946449738310677,0.011839851736778024,0.06337711207705746,-0.004536792110715841,-4.210976953281838,0.6379136490090773,0.042396047246521656,9.964023822714324,4.417730519030989,619454
313,-0.02791878735816446,-1.3158293844409241,0.3653897017286878,0.01782090346245043,0.11601090974120506,-0.016659086133434888,-4.780017964401931,0.6581339926072178,0.07154524154690127,8.363175959580097,4.95781995527907,620954
314,-0.01599424247681861,-1.898379423706143,0.36548350042670424,0.022981714151185204,0.04293136104622081,-0.00590558822947203,-5.321463106638128,0.6748342813190873,0.07001016395526881,8.118841515109493,5.649939294511189,626998
315,-0.0075319629958023274,-2.9353488039911837,0.2122657043736214,0.013646419613340831,0.23126918381024217,0.0012471969802060542,-6.996787109085269,0.7117838791396373,0.04909451666331,9.050017426298314,7.587575531812139,627687
316,-0.05689301483743693,-0.9130905818405594,0.1709494053877764,0.044929618169796515,0.0007607772641403947,-0.03611328116066962,-4.810185519367785,0.5850306485119819,0.07379652946769175,8.790132886447537,4.896082019470411,630252
317,-0.01040264926210368,-2.548917763355346,0.19363308911136734,0.017078270156184672,0.18545868741914193,-0.0006417464418474036,-6.927628682761732,0.6284623622351281,0.0500818475837867,9.4680842850976,7.381667896252951,632651
318,-0.016802056168298857,-2.1948468729662265,0.334354299290615,0.023506980751749416,0.19945524179741103,-0.005839726166042713,-6.064032555625144,0.6882952907800682,0.06456903652861283,8.66656248341873,6.449018811528715,635875
319,-0.038364773182149696,-1.3533718735514284,0.3354724366300452,0.02830948607947021,0.04007277485024342,-0.024259017078584584,-4.557276678777397,0.5898593165176772,0.0683064663836318,8.021126639815213,4.753986343590865,636115
320,-0.009180737885852913,-2.5186083914560577,0.26618009320422203,0.017300103595061726,0.13017122457877228,-0.002430986184658586,-5.0289873834824155,0.5390138188894426,0.05288743929345342,8.926654298265353,5.624420177470579,636760
321,-0.006674382168318367,-2.878219716304207,0.2779969713672552,0.010623240264312495,0.10543408145897327,-0.00020984738063750045,-5.906038396299789,0.6961854965779605,0.04136061002537745,8.456995385161505,6.570040964399663,641918
322,-0.00710732731388306,-3.7444905869664145,0.3478864850332525,0.018939750057256524,0.0037558502782864675,0.00267526729272665,-7.142723197975576,0.6860431291366452,0.05355230942313571,8.09514589705395,8.064719737150108,643013
323,-0.004399992408416257,-4.889875215898295,0.2727042467898087,0.022430192540837657,-0.03242992723892684,0.003372906955545404,-8.04175282907743,0.6122855614070845,0.05288646379652052,9.047615125072193,9.411730350527009,643313
324,-0.04136847290665274,-1.2570479049386651,0.3634627762668135,0.02419425461657896,0.07292492075124725,-0.025855653768302754,-4.49788704838924,0.6633957319231487,0.06930353831656584,7.940779686166284,4.670241678476431,644123
325,-0.017766765512100314,-1.311838281438894,0.15627015443152317,0.0112173034097918,0.060480496802900054,-0.008679917621622697,-3.5229782237106213,0.6238610466585356,0.04534742503136575,8.70126206645543,3.759294513786835,646852
326,-0.019789376599764364,-1.5739699457490455,0.2555244646833515,0.023829951392666807,0.034367352369067364,-0.005723095831926491,-5.6445191040810085,0.6907493905411711,0.06703311347218248,8.870836761786402,5.859861543283827,647272
327,-0.0029241016896050945,-7.359929119125435,0.28097407243832195,0.015427593461072224,-0.019187080298332763,0.00017278603027953595,-8.555615141779077,0.5837774777271109,0.05433871572537397,8.6355725367053,11.285703659621314,648877
328,-0.020911711396501796,-1.3680846382218792,0.1507333478900202,0.014347066214877633,0.12674923758036863,-0.014181628684960323,-4.177636149575938,0.5171070611908248,0.05632968274672852,9.567345436855868,4.3959412388682315,649537
329,-0.0018691859466587106,-7.119433887628531,0.2318542717801805,0.009321393090102808,-0.0868938186363282,0.00091759625369968,-7.579411121318199,0.6014059223544046,0.03994274236216699,8.32997335198958,10.39874087696561,649957
330,-0.00818811426103364,-4.4579136956849785,0.3617074596388411,0.03276469766870464,-0.034008092439541525,0.001526306518587041,-7.1537801388485205,0.6118950538887518,0.06739131133578934,7.87555105906035,8.4290903894287,651141
331,-0.003315991374078436,-8.194517513416141,0.2852825857866717,0.01993141179576019,-0.2047590946303825,0.000714530230144566,-9.171996303999222,0.6233306433210508,0.055201354790769326,8.564186675481052,12.29941598118623,651231
332,-0.009937450834628044,-2.1312924603243006,0.29480186082730825,0.018533763971214447,-0.07806080637679648,0.0009879068691364447,-6.1377872385512555,0.6974352371269291,0.06038667497603165,8.868365617128752,6.497294801466058,653241
333,-0.011966684668766306,-1.4443054076490625,0.348929982243862,0.02042749589277581,-0.07080061268320541,-0.0022387459626520786,-4.09563003671077,0.6168095035900438,0.06225280855360125,8.353217065281699,4.342833580529168,656179
334,-0.01347696838822389,-2.3860102467648727,0.2924215792341093,0.023565297849745245,0.15369369884416756,-0.004032824959240449,-5.1877594577504755,0.5817010232384436,0.062103711731860065,8.904724754118153,5.710157010901406,656794
335,-0.015038406912586396,-1.5841033474605888,0.10495625968332123,0.011838848969132567,0.23748917069791034,-0.005417689482965192,-5.040130148217081,0.6785271020433475,0.042689793138448576,9.591923204938507,5.28320880965371,660498
336,-0.016908179087721405,-1.902692779753482,0.19199397355907225,0.018745283055158646,0.15479355377980103,-0.007572667147545732,-5.856135167048677,0.646883817520743,0.05887000498305696,9.516844301442422,6.15747991542565,660573
337,-0.01640081676586551,-1.3561037801296936,0.1871184043788408,0.013096638380215474,0.028333809771680717,-0.006699114698021018,-4.586249230926326,0.6866742976890355,0.052014538119120164,9.160423870637144,4.782541110189682,662326
338,-0.03857714117984574,-1.0943780571891952,0.24577903030120357,0.018167413670279447,0.0016554321467085367,-0.027393280977222406,-4.698839894811764,0.6555387346232548,0.07784508863704385,8.741587851924661,4.824599433023619,663241
339,-0.004948926876127343,-4.1740935304753215,0.16176040709195047,0.016202549323800396,0.10513481818527419,0.002878528359379976,-7.265599842142845,0.5625042537557322,0.04358503983533934,9.56712339249868,8.379259983274302,664441
340,-0.020919349578261054,-1.8064551811406655,0.18613361537853243,0.018281788309644966,0.18109478043690946,-0.007834619007871642,-6.481852977476109,0.6559703127037658,0.059629720910592925,9.763689879784476,6.728870510203466,665582
341,-0.009253288621913403,-3.5353848581617084,0.3245353817364454,0.02463998346402596,0.1546828817898412,0.0015519068686406798,-7.0748593152492365,0.6681682886854317,0.058014065344175504,8.92219942111857,7.90901892941773,667937
342,-0.006041065812466008,-2.8532235401384405,0.23261669641031682,0.01257089744609034,-0.03659507501264129,0.0011341648479433765,-6.746827774587915,0.6944008251544254,0.047442732770506355,9.722410438281528,7.325337506896938,670336
343,-0.01506438985797578,-2.7784231321449453,0.37297038463791715,0.03165255200159125,0.0377710621954182,-0.0033796276925091096,-5.604034422165731,0.6731032732846502,0.06137057622872721,8.153887829479629,6.254984964494841,671160
344,-0.00317242732745804,-6.456372378409442,0.2644335892492783,0.01771409656606437,0.0074159065297095495,0.002473362766024297,-7.910556837043748,0.5535688758351012,0.05409368254425217,8.498585414333716,10.210859599504245,671924
345,-0.019702471353594198,-1.8969543971725817,0.2288089166909526,0.02077206573437481,0.19089078956336808,-0.008585280475639856,-5.081511497420097,0.5990588188183399,0.059325851988506456,9.2140867553375,5.42403863217852,672688
346,-0.034800139156711984,-1.253712515643974,0.3327675754170105,0.02337010737384123,0.013655525719424182,-0.022602806347054562,-3.3968549447985477,0.59533161071927,0.05976477020624668,8.067291625896047,3.6208312012415997,674172
347,-0.007628581447241433,-1.796465011004764,0.14086254806291576,0.008719742715660023,-0.012571412215351728,0.001969087997923159,-5.173480465405819,0.664808942771735,0.03893385461398251,9.413892233102093,5.476512271665239,674382
348,-0.01583644247806931,-1.565276217141885,0.2284396931557769,0.021403234054609928,0.007100084750997309,-0.004043511013119383,-5.390830470394848,0.643809467782573,0.06047823485904429,8.895979575447951,5.61347867159817,675267
349,-0.020524704534223333,-2.1979188035350488,0.3192315383789792,0.029594727392862497,0.17658856870183,-0.008683291718207831,-5.583401284389323,0.6914201623473688,0.058721899658565516,8.862750397288528,6.000434731705136,675837
350,-0.0039429457842381395,-6.211401406012322,0.2751298185753873,0.02024320577361233,-0.10893618510332748,0.0014151251253040572,-8.818409836736498,0.6043049788589115,0.05427225622286622,9.156667110310691,10.786373787110424,680336
351,-0.0038881142663523905,-5.714981699359359,0.1640678990036573,0.016841335223305318,0.09823669182224402,0.0017038748361866548,-7.984547982008815,0.5310355166771695,0.04267581814428548,9.390586566553061,9.819064227359622,681535
352,-0.009153673965405333,-2.2830710578435713,0.20850720580354995,0.012260125078660769,0.09533849249511425,-0.0021711775744959715,-6.007225719598607,0.7348983757658074,0.04493771051899225,9.282599758584842,6.426443363274119,686752
353,-0.013337484539577778,-1.457414181323434,0.09669305224538621,0.013803348484137855,0.21435219626441132,-0.002917381631094365,-4.687924140281093,0.7046923126496032,0.04837910169564949,9.770966318531011,4.909245241475809,688657
354,-0.006106091902202901,-2.443090530117065,0.14711563453221763,0.01004374451510989,0.1016535506930856,0.001933853224788099,-6.638754316309283,0.6670798782615247,0.049353263532438206,9.66178470311788,7.074019381558324,693470
355,-0.027860931690948318,-1.2964066421206344,0.2059364518315246,0.01764698824737789,0.021929479840038405,-0.016224027297390663,-3.9792885386843637,0.6109829381503447,0.05208073456683839,8.671610904022383,4.1851412707146745,695883
356,-0.008515934578636216,-3.9296880668373095,0.3458060022830736,0.02662251135875252,0.06186975465963448,0.0011085624718101819,-7.1738298245090935,0.6830122094214357,0.05861663701966079,8.45004062698888,8.1796260705279,695973
357,-0.017330341765821145,-1.682310627363426,0.27878784245427213,0.014753107488974349,-0.029624661221359788,-0.00856102705527899,-4.441740206720073,0.5761926912048797,0.06144060127725653,9.191347093332306,4.749655262325215,697383
358,-0.017392500899699813,-1.5723900043770827,0.29317455746434923,0.014140645778518068,0.11944822819481168,-0.00797385873166756,-3.957538694920973,0.6303637882100805,0.04505601910032046,8.321060784590504,4.258464846357401,700007
359,-0.011473017887398029,-3.3018375205522883,0.316055882865789,0.03568993995404166,-0.009600733551313422,0.001826096978950093,-6.618522930523051,0.6404979487451888,0.059059910359082,8.017567267207633,7.396416483269876,701207
360,-0.008084938371192745,-2.8265023578074455,0.273821500152098,0.02236330427984019,0.008705080539533632,0.0027493071996703548,-7.097936783693942,0.6595559043078831,0.05992849213436222,9.093451469259062,7.6400145395153904,703367
361,-0.01474047420854705,-2.0020858229206056,0.2815101579907428,0.02173305612275592,0.09432112564644682,-0.00457845790375881,-5.194340735395872,0.6491426352038382,0.05975563904760945,8.997516096342142,5.566823449484688,704806
362,-0.014526592085068311,-1.6601011272146498,0.2301742296456345,0.01484951394203492,0.13289663513313324,-0.00455404468221581,-4.678521687903784,0.5999430415922969,0.05795446964660704,9.365321425650583,4.964322807469858,712679
363,-0.025644631301451566,-1.6500910082045286,0.17604265561645177,0.028246849702570943,0.15084924036043304,-0.011337910494551282,-5.221263276558572,0.637130710642027,0.056040225613890896,8.928061205665706,5.475800447285912,712814
364,-0.026885343942082633,-1.3360505649265608,0.20926511857274022,0.019186748940314354,0.06610625606705806,-0.015388168364749573,-5.420834822661283,0.6225661186399369,0.06786517655229964,8.91366158532697,5.583053043507447,713354
365,-0.0418388547284934,-1.3021190107445086,0.19127068238960548,0.03362126398307699,0.18550405712555193,-0.021365817162218526,-5.369666021969812,0.6348237068003398,0.06457705562987413,9.005861068056024,5.525289775716688,715769
366,-0.019179302968573696,-1.7027790658272854,0.34432015840333985,0.012982837985874138,0.13406014587128842,-0.012644599872169133,-4.456874508290502,0.7211564562751266,0.046042925572450925,8.656944948779548,4.7710781726638425,715874
367,-0.03549321143698885,-1.3234691565211767,0.20787328824054327,0.022563996115179417,0.13931269611314123,-0.020611421813835684,-4.730228038216246,0.5992681555444697,0.061119009586447164,8.619920182546721,4.911886389340656,720942
368,-0.006196235581026832,-2.752734293502362,0.3174721436281669,0.011385557768713497,0.07855121843650996,0.0014873658699630665,-6.270326830531706,0.7541517469865934,0.04727947844907641,8.715886498627535,6.847959159655506,722937
369,-0.021026444309193586,-1.2162024301931158,0.32797294437360697,0.019839335222444188,0.0022930883901079394,-0.0045257330476553516,-3.423466522109158,0.5697572005523132,0.05551227058069525,8.160909737038947,3.6330801503971553,725261
370,-0.03230282541273945,-1.0670395748512558,0.2698199131461725,0.01794922775584416,-0.05928900392564536,-0.0202222361925577,-4.2803547914462925,0.6440395514968292,0.07588507584896936,8.35185608603931,4.411350200897225,725276
371,-0.0035191954532470164,-5.040613506530819,0.2779051233995255,0.01982193003665722,-0.16270215900520577,0.003818846400086255,-7.671228620911176,0.6117756156143384,0.050690338311621924,8.466730171308082,9.179081276277474,726295
372,-0.006220438228026222,-3.966775128290975,0.22333015673746767,0.018616510603276546,0.00015445685259225542,0.00032368220951800163,-7.046335513910648,0.5546261587535082,0.05470788715651817,9.175461298651523,8.086170236460912,729444
373,-0.0027412264315934895,-7.080202025095136,0.17927294494263118,0.012875295134966047,-0.0045926110130220694,0.00046572982077464504,-8.597208462026826,0.538843548823747,0.04282954372520322,9.294205620819316,11.137380933402023,729654
374,-0.023477742076241433,-1.81328979614403,0.3143614717559557,0.031962253389010896,0.0026927185897423823,-0.008070135402350553,-4.933141904921772,0.581433449188855,0.06195538669801566,7.848729896494822,5.255845216413367,730165
375,-0.023387991412098373,-2.064675951690603,0.28560334140649984,0.03479459139615693,0.15650027712035938,-0.010358275346368007,-6.313573841298853,0.6529372278119935,0.07206072699174923,9.036583707237765,6.642597491570798,730809
376,-0.006203552804681161,-2.860529772399781,0.3200529933107294,0.012163923275894177,-0.025853280637388405,-0.0002828180480769016,-5.691945432325158,0.6650819413667871,0.04853685151677127,7.995601882368279,6.370311874889076,733239
377,-0.007904237718265775,-2.1607724747613597,0.3380361896272823,0.0129165779852775,-0.06543916363181648,-0.00023916377470893963,-5.583786332883275,0.7506548296547888,0.04744464337924627,8.334482043977756,5.987287156883356,734288
378,-0.08772301031542902,-1.1275315792259506,0.22971484756749294,0.04960919189633649,0.17311057362350624,-0.07095059111813845,-4.414062480963519,0.6253407103525153,0.06925656836086315,8.021703185148018,4.555795764518158,735068
379,-0.010148535874269756,-2.0672688036943216,0.11723652651316314,0.010869962548624705,0.12107187475883652,-0.0014907578731667617,-5.578423776785991,0.7225916092851377,0.043338663705849455,9.671305515310756,5.949152220286436,737604
380,-0.005003247430603712,-3.2956172013758924,0.2791527674838205,0.011158616663332527,0.013223576503113873,0.0014464009788065291,-6.486187967332002,0.665079558564159,0.042226650413070076,8.282615382789853,7.275419375236532,740033
381,-0.015817695737772516,-1.5575276932556312,0.15550265491929785,0.019009408856331712,0.13455960949330276,-0.005722576033982209,-6.066265735782979,0.6853243922514037,0.05828457569095418,9.564930370826776,6.263024228948249,740483
382,-0.0414766631938218,-1.1041757288902974,0.41048058045058167,0.021010368812145287,0.039835709066498914,-0.03104496973378409,-3.2723738665281576,0.6473366040185197,0.06371212963038625,7.945354953492509,3.45364079814431,741187
383,-0.010598061358082998,-1.8946414117762924,0.1130825802588129,0.010603739984276262,0.18503397376093406,-0.002763178849467177,-5.277551936138708,0.7449340598092825,0.040608652327695005,9.435444219872064,5.607336312177029,743632
384,-0.0374417351558728,-1.3658128986479863,0.37774787126886894,0.04250922519518095,0.07276776661326328,-0.02445532393914262,-4.06492618233222,0.6035239595312951,0.08495463344443555,8.022643120834076,4.288247863862724,744097
385,-0.008595054201108048,-1.8892579808030774,0.3511393839258827,0.014652473478230819,-0.0403037946988462,0.000197676596861148,-3.9612725586927615,0.685035629250533,0.04583901736678556,7.974759507846258,4.388732846993585,744112
386,-0.0065089173099010115,-3.742336714017797,0.3306594106883669,0.020756067757941782,0.058480773633003635,0.005040465614321714,-7.035832711295774,0.6537556905603238,0.05152796113295839,8.241637692270357,7.969192306778973,746062
387,-0.011745515498733679,-2.6708943187060514,0.40869965042925294,0.023362010242810892,-0.0199671748387356,-0.0026216417005759667,-6.252468886610111,0.6862431300857023,0.0691500615153456,8.052700072948083,6.799047259706594,748252
388,-0.0065110572031878275,-4.091533693027085,0.32584828860606885,0.026879359662655294,-0.10522559281999345,0.004598520823055553,-6.20673772384456,0.5768091961796585,0.061209970584790094,8.186992542365275,7.433992274260917,749272
389,-0.021969601813487297,-1.341297878401314,0.10028771391808482,0.01589736740683392,0.19631439034423362,-0.01106422602142448,-4.168291175907291,0.6352670991840847,0.04678099167046258,9.417788109575465,4.378781945444469,750636
390,-0.010778771759835042,-2.54646813431797,0.29770380124678125,0.023380175461925955,-0.10539995885438155,-0.0018020915662283995,-6.212873663255824,0.6230383603591949,0.061396366511423876,8.522581316657872,6.714484277639995,753321
391,-0.007103122410118242,-2.0831242233573395,0.2690694228348998,0.01170533472050108,-0.036636984757784846,0.0002953384930924773,-5.422116435154605,0.681557422579435,0.04891545428720041,8.667976935147422,5.808506965332124,755346
392,-0.0038454863632247367,-3.658072163767788,0.34833866108349193,0.012474748513503484,0.035273151875986904,0.0035842640015766544,-5.558511158557191,0.6635478944539895,0.05069390030019894,7.711904767375944,6.654212068692848,758149
393,-0.05746922119796669,-0.9170081006598829,0.313121519935664,0.018732202892168915,-0.020850429597200047,-0.04621979142675628,-4.01055059585412,0.6304709154987976,0.07940430985942597,8.241385284569965,4.114051523569155,758284
394,-0.038373482387702273,-1.4040632080997884,0.20823375995202342,0.03732368127424559,0.22060255805061887,-0.023892177726602827,-5.020707478257847,0.6318381192653073,0.06495750466854851,8.752126943272117,5.213338380977562,758869
395,-0.006360151940327299,-4.212287336643254,0.355331074730234,0.02585011814568936,0.0585934671450271,0.0036510144063276215,-7.034623167380999,0.6112346379894086,0.060318346061303936,8.362133034670862,8.199346785781083,758944
396,-0.0297250261100817,-1.1095571850416641,0.33461013816349516,0.013326652806818648,-0.0007952625606839873,-0.009110300421377776,-3.0471586873467333,0.6470026830660497,0.05326548599911182,8.164588475446882,3.2428834719659982,761268
397,-0.01654294246174552,-1.5633761045902277,0.3032902063437302,0.017777878789125994,-0.06208703108244467,-0.006536774152019468,-4.637769773907792,0.684486815165547,0.06334700326162346,8.190311741758387,4.894185664661328,761283
398,-0.0024958815955404916,-8.119068726130255,0.31662523058441855,0.012471837812871986,-0.08447315285714595,0.0005891866035404132,-7.904017021498138,0.5579312261527157,0.05192144087706192,7.685639294661289,11.331052998541603,763203
399,-0.04173441466775132,-1.1682817153062919,0.13621469030023034,0.028371353541015613,0.00533830383658192,-0.025521755345923037,-4.901930199983291,0.5985183789853996,0.06575945449457689,8.976586247884345,5.039226314805403,764373
400,-0.01633539768854515,-2.504731560696918,0.3934168116329076,0.03824141452522395,0.0897944825017897,-0.00221462190545747,-5.915706350567541,0.673970125863035,0.06601829868324943,7.743008767991239,6.424115644763593,765169
401,-0.005577169847263027,-3.4803103691700965,0.17538126021751094,0.01614992780705054,0.05350181768989028,0.0019821642823341355,-6.8529444962939685,0.5778547968304932,0.04493935329663984,9.145109009237984,7.686052857939417,765680
402,-0.005124876997183696,-2.9400077469850436,0.3361325941495579,0.011394342352263276,-0.04039147171200643,0.0033554834129812766,-5.417411796178992,0.7082444685312498,0.03945767001900117,7.7722210025854235,6.163764768525106,767180
403,-0.003916642379377954,-3.563778034651794,0.37429701193728165,0.01387332815496784,-0.061181750418435,0.0035459505048687106,-6.367750094951248,0.6885725644880851,0.050453040774617354,7.890146840212572,7.297174463586453,768229
404,-0.002816642602109388,-7.748141341541823,0.31867313118519497,0.015470909298128655,-0.08764991051275298,0.002037957521389258,-8.030614593520554,0.6364653286821772,0.05273544212662344,7.750549546765164,11.1590530511408,776177
405,-0.032264194333357116,-1.227416967583677,0.1419598775230252,0.02532923456364792,0.11796045921926496,-0.018376812069650115,-5.632061208909129,0.6586584106744466,0.06019231804350702,9.42113192212805,5.764257616832481,781515
406,-0.027150862222449734,-1.3888291417380458,0.37885512472003724,0.020779548861644452,0.12761294077174334,-0.01670522311501254,-3.6826958178427542,0.6657474112788219,0.05857650920447239,8.109291569234273,3.9358728220938937,782010
407,-0.010179566603070277,-1.9190186713834851,0.1222700684376506,0.013217178509453838,0.018766891933465552,-0.0010443169137876061,-5.000557494720386,0.6352953424574306,0.0417822201667384,9.14287843615072,5.356137406669349,785427
408,-0.011007834135180937,-1.6925477194171998,0.15586591192127153,0.00986158726311974,0.12828228896897872,-0.0022074900141424766,-5.208631084065177,0.6699407991016821,0.04395961215998531,9.381238558556099,5.476728544705711,785637
409,-0.053591399263842945,-1.2405112801062834,0.38255227965478183,0.029678699876278913,0.025651472698527886,-0.038341194337822376,-3.4151951816168324,0.6481606307577814,0.06357903751359478,7.76569840204189,3.6335143270131414,788097
410,-0.018654833723513207,-2.0305042966139224,0.286978959660683,0.024720914231937254,0.13680868095394408,-0.0074449020399288005,-5.370798492863793,0.6633757640343123,0.06331771417183563,8.466714632425626,5.741813663775201,788922
411,-0.07199580890452802,-0.976149716350717,0.29432770048340423,0.019379610221990896,0.05762160458071184,-0.05715728421681849,-4.13454013718767,0.6140601590675072,0.06740798866778583,8.03075813724932,4.248210260185744,794244
412,-0.009052173830148466,-2.414816746916788,0.15262511405788734,0.014410390673060889,0.11502420139933446,-0.0002695644735705633,-6.481166407121117,0.6539871556452662,0.04499999870548143,9.391620498646805,6.916419443468205,795519
413,-0.0029358259713151797,-6.259771892764794,0.18952265516424918,0.014256693397069423,-0.042845990160076,0.0011997239765298203,-8.358687117121459,0.5254800096558799,0.04422839740706568,9.163435101278514,10.442815447540015,796494
414,-0.0032917884219178873,-7.054269293794493,0.19903351991928953,0.0157625046400068,0.025257830922325506,0.0007602870808284359,-8.691371166488718,0.5148421806923555,0.0482714959328292,9.107054619867416,11.193866535877731,796539
415,-0.008060812027789337,-4.371593159339688,0.2937247392883215,0.024045536986470828,0.1297696033214327,-0.0004953927564064454,-7.506013771206308,0.6076788077625083,0.060858879848951934,8.81589802115889,8.686257507369,796764
416,-0.019200445528355037,-1.2043065159790256,0.09485071252682184,0.014696811731417054,0.0980556664677234,-0.009858016310753682,-4.075140438890814,0.6636996482352703,0.03887643847353904,9.318291647242793,4.249367456588422,798444
417,-0.04401355280565922,-1.1248851611985844,0.3577556209450116,0.015834263922658208,0.1383862011864718,-0.03294063986840748,-2.7145058007672844,0.5674379593696947,0.062336118134352664,7.752092487097894,2.9383513010332853,803062
418,-0.004015794316613752,-6.688968265272673,0.237759655044518,0.018651299177445634,0.07919980461300419,0.0008466874438005356,-9.190784678761222,0.5937787427862719,0.05228353885927107,9.513961117472187,11.367181685236536,806557
419,-0.013968262855263744,-1.8804668839838876,0.15948658504271515,0.020664850722214433,0.2033920446662204,-0.001740398192954984,-6.4286217556703695,0.6707807496057087,0.05268994448060189,9.653167887313323,6.698009658043086,807502
420,-0.006499666923798088,-3.737032199307835,0.23141185111822388,0.021717376537591062,0.12342414722965919,0.002704839604641308,-7.373253883177969,0.6106361585435939,0.05096686164025005,9.258031165058558,8.266213309881529,821644
421,-0.006271067350321629,-5.805325667985043,0.2949745886041191,0.029214750183274633,-0.05174000303976574,-0.0001813088437756302,-8.929950847823369,0.6242431968659158,0.0642857312726726,9.24481667551432,10.65109516697261,823368
422,-0.00900271048509517,-2.578539989767143,0.33493421240009547,0.01378420192102833,0.026586501098829776,-0.0005804236193169144,-5.87499418923875,0.7048263852702865,0.05647879782146324,8.41154421697814,6.415950841645953,823922
423,-0.01413346056360831,-1.3395861848605146,0.2626919691165101,0.010321028826643356,-0.012281567761087235,-0.00531452676491359,-4.093309233778913,0.6804359399871842,0.05912817330881228,8.331496629201448,4.306932972546574,825226
424,-0.020942269639739528,-1.1783287124165478,0.3206736957143798,0.01548453347108549,-0.07156513668646054,-0.011777283753592436,-4.7224407380273155,0.7099591896529056,0.07789566393322567,8.546722133998735,4.867227658399103,825241
425,-0.026276945471043246,-1.5234007449038345,0.3984868070015699,0.022136176924456526,0.10360552744233925,-0.016339453963952807,-3.684895366433363,0.6151209393602088,0.060726182798776784,7.571752605306926,3.987380555093234,826126
426,-0.020742815206115553,-1.477408982283967,0.4504774598695864,0.016043505967143133,0.08574845092508065,-0.008720800658973696,-3.2759338040341,0.6395606526942534,0.05236749226520615,7.755524416385065,3.5936721594139156,828075
427,-0.009938148018562585,-2.3880847828725407,0.3004314388722473,0.014079785560506977,0.061733338197189354,-0.0013707078590597772,-5.839082364901099,0.7312240612764209,0.04920657968088399,8.740824381982481,6.3085522740392985,829859
428,-0.02009282282887241,-1.8823278200523679,0.19008926081768363,0.039906555021113024,0.03765001884752945,-0.004478902101992196,-6.086240157050859,0.6136994734493577,0.06871356355964023,9.346971115412346,6.370673219640257,830400
429,-0.03698065677345167,-1.627923091922784,0.3319065950272301,0.03492446180136127,0.11698039003456195,-0.02512083965674037,-4.931977295208777,0.6589149388317923,0.06807817160932841,7.895073920768726,5.193701342363683,831104
430,-0.009421475910974367,-2.5471364761024744,0.4313456702338998,0.014720543907291404,-0.04029219324955607,-0.00010326148164650907,-4.951548013475709,0.734104406253144,0.048779911357519204,7.940499769629216,5.56827908403009,834163
431,-0.005757006581939604,-2.8769561815176914,0.31465905580277337,0.011312779585808468,0.010725560670195476,0.0039644448077432864,-5.502780438394088,0.6915174220246728,0.03971361754541277,8.114659513806682,6.209466114211872,839008
432,-0.027468042280577757,-1.139401209770673,0.08337740213444465,0.014696912703860452,0.1630863247822898,-0.020665297933265013,-3.5963145995015964,0.5785417926995081,0.04592083598110744,9.449242714675886,3.7724943757963643,840433
433,-0.004523652841010748,-3.4745685354373386,0.15119742794626026,0.011016439637509206,0.1263770611650844,0.002595820542700802,-6.565408305251445,0.5993534024673167,0.038584387664652,9.442614535533753,7.428136557853242,842518
434,-0.00869114026614644,-2.011987464321434,0.25510652981024445,0.009898315805535483,-0.08316845430809983,0.0002803654411804966,-3.994770124169469,0.6282697851815933,0.03581236702800173,8.014613704515297,4.472838237801983,844198
435,-0.01100761482777268,-2.0731221113617724,0.1556660758150018,0.014570556492164627,0.18284145255497894,-0.001843161705913,-6.150546717230119,0.6223397275174327,0.05305786111392872,9.411497818929108,6.490536203538756,846477
436,-0.007599924465703804,-2.4605274094624754,0.26288001686873536,0.011663321172024886,0.08759630559517413,-0.0015177139404685728,-5.8156201720518395,0.7052259950165277,0.047749660712878346,8.63248709361133,6.314715600745008,848846
437,-0.015599934082778067,-2.2390286019088945,0.43045126391632815,0.027831573294672094,0.023505717911422568,-0.0026379050285579597,-4.765820897923715,0.6874025921971002,0.06620470535683078,7.931604511873311,5.265576693131769,849116
438,-0.006944607251194468,-2.7541339720774323,0.40232426127125864,0.014406905352040035,-0.05193354407079493,0.0011212330842999463,-5.662823331473255,0.734815720370418,0.04693876373089759,7.929535271797277,6.297048675342193,850150
439,-0.016717424475828097,-1.4947532628419882,0.29151221804887284,0.01985668537104305,-0.04904854107304253,-0.0032899084723580605,-4.106436773500457,0.6683711836725195,0.054061855602722524,8.39262892863919,4.370024060749965,858232
440,-0.017783654119753654,-1.394489913682961,0.17846563802575743,0.012399138262061423,0.15599917392803364,-0.011115329956359938,-4.8605017347017405,0.6500358508434451,0.05727574684008718,9.468826148864716,5.05658770638878,858456
441,-0.02188451577799195,-1.6188648157946217,0.3975049231147502,0.022166849769593565,0.13440134606209012,-0.011749804882547276,-4.937330533895089,0.7185611305879445,0.06938497885342174,7.90455828427855,5.195955743917621,859041
442,-0.035083933828259514,-1.3632208928185925,0.45272471706969647,0.03144421452806982,0.04434596224396921,-0.024703327443919322,-3.1996238204944216,0.5922431911574565,0.07136274813753075,7.671337352463498,3.4779252141603676,861111
443,-0.00493565546501918,-5.02831159472171,0.25312211740858653,0.0193245025423707,0.022345946616011008,0.001358670451954718,-8.341490279148632,0.583998883780906,0.05357661070237792,9.387223986976611,9.739834576148812,862476
444,-0.011493818904523055,-2.5555790426350335,0.3360090287558627,0.02057297447558817,0.04938231204578695,-0.0023002784957844506,-4.957915760199246,0.5990176715304311,0.06391571756743136,8.483963418504901,5.577805386385174,862866
445,-0.010557867261069808,-1.489243193377694,0.23482132245781828,0.011170022091662153,-0.11680923160745911,-0.0010459495691505865,-4.062614341137317,0.6577459485709954,0.043367605212517944,8.427554820441005,4.326971293391763,865251
446,-0.03749282961758497,-1.2667831839223405,0.12434820564594101,0.04175589623206544,0.10126919136514188,-0.021989761319344412,-5.124194830666235,0.6434722527747736,0.06259282720226893,9.015370826735351,5.278457378599829,866330
447,-0.0370907951452958,-1.2332159233709223,0.15438051991262464,0.024849237571566082,0.19472346454600709,-0.022219898104160977,-4.57148226624339,0.6061179849291006,0.06539445433272796,8.800599036442943,4.734899325670336,866750
448,-0.0437301359152708,-1.3529728800919458,0.34247128511022856,0.04335968103543454,0.0969906790926328,-0.02595165916552119,-4.639327620959754,0.6265767950349432,0.07078174771698122,7.714743610995694,4.832586925122443,868100
449,-0.02025270192585708,-2.1523141749292423,0.31257938380304207,0.028944904521854616,0.12205235637290177,-0.006216830539336911,-5.847396797598062,0.6411206652296951,0.06166678256516469,8.345945710989026,6.230931360251164,870889
450,-0.0036790598339510616,-6.667723149750705,0.35217391035570306,0.021132365262926268,-0.039124937723614354,0.0019808933405850923,-7.51421178517202,0.5809843782330864,0.06075068658004487,7.688715716841801,10.045989784692175,871039
451,-0.007939096651420889,-3.4283174131359377,0.41750853566772994,0.01770086282044244,0.05883583390551496,0.001897371748318815,-6.422505398404299,0.7109201302364097,0.05746809697513885,7.693867415561582,7.280242844695735,872103
452,-0.04695133585591869,-1.3577369509429575,0.1996679659892116,0.04173949267805605,0.166262701992244,-0.02866356651655016,-4.714704225490798,0.6171630918991445,0.06654773026072389,8.357979592120971,4.906310789362682,872898
453,-0.009951021440471493,-2.3202597193963603,0.17441150720751938,0.011324017577680218,0.1542261590262719,-0.0019098971793625572,-6.187773116491831,0.7330547520127186,0.04494277778793998,9.308118734817132,6.608490092799739,877502
454,-0.006405989441329907,-3.007803982594244,0.22564718422504632,0.020783212430715486,0.11666352851848398,0.0019475137190914104,-6.0856281269273556,0.5904656435006753,0.05696981863227173,9.322455089790473,6.78835432906674,878611
455,-0.022096426787648307,-1.6461076644334962,0.20607366190445658,0.01924020974537688,0.18683090739693087,-0.014618315702161828,-5.283663541579153,0.6229179599616771,0.06487337717627256,9.027190385971496,5.534145901900261,879722
456,-0.029483873620314946,-1.307015199840082,0.24037025851775187,0.02008684635076879,0.1543006144057499,-0.016907170994480525,-4.773328592265631,0.6719852371545849,0.06515897217508075,8.357285125315652,4.949035722477016,883891
457,-0.02653484018931522,-1.3385110968722844,0.2310263883738918,0.03275898107469377,-0.00036768472652894287,-0.009972249040831802,-5.069584479410293,0.604373797055707,0.06598275927835258,8.470677687863052,5.243309904089971,885255
458,-0.011150114629052368,-1.9939218378911376,0.15413927726062465,0.012924525860850947,0.18260976735742984,-0.0033769109243423413,-5.925344688630932,0.6978023439878711,0.048200558581806725,9.394854190891957,6.251834448760297,886529
459,-0.06835565774064227,-1.0168151653095914,0.23121908157163729,0.014785485213193795,0.1700364107370306,-0.06145450624128021,-3.2667028460402427,0.6068103911037338,0.06138689356099934,9.033500720638466,3.421295158961149,888674
460,-0.011189805140147271,-3.744758956339696,0.3707036718399769,0.04019903950666728,0.009017990869614065,-0.00047316861411156124,-6.795935491191106,0.6371349014431312,0.07013293120645925,8.002297194412437,7.759378766468181,897209
461,-0.019790744385299607,-2.0087418529719097,0.36390031600631195,0.027757674229176306,0.13233822389153924,-0.007326891395141507,-5.427164553357492,0.6399681316205782,0.06701455726841378,7.996791152482077,5.786981849038499,898078
462,-0.004571411357499324,-4.83513396174906,0.2860618559613614,0.015382778828485407,0.056096792678920725,0.0045260378343313585,-6.64819186232579,0.5673076725596374,0.05107646000582586,8.593773889285089,8.220521605491589,898873
463,-0.010491078392966965,-2.8384538390729035,0.40916296951551384,0.019124423146262486,0.12205998786479796,-0.003127452033238165,-6.167735878742422,0.7333711785889453,0.05743797273958968,8.130287618413412,6.789535040521867,899008
464,-0.0024332209158973925,-6.532539603887425,0.29908784967770696,0.012916535980765781,-0.14683316345252287,0.0018280966458432454,-7.159631052942273,0.5944559409571664,0.05097890975494269,7.843194053567239,9.691975572122175,899158
465,-0.02974226112879199,-1.7026636384342553,0.27768462106140807,0.0252346687807087,0.14259830365760126,-0.01617544878977307,-5.271465233255762,0.7036052071463261,0.06200874006802173,8.436334393127007,5.539621753429597,905921
466,-0.022400057475428118,-1.2034139030759634,0.143305244296177,0.012374235066143918,0.03502061602110895,-0.012388236799297766,-4.279972320818956,0.6730960686833986,0.05675539753122636,9.046266944299774,4.4459383811623985,906311
467,-0.010197197194487043,-2.331923422372859,0.11349480318504168,0.013123087051791254,0.07462617879649455,-0.0021310392601437637,-3.181838266489239,0.47478399667517984,0.030597069794527944,8.860955279791483,3.9448652197389955,908800
468,-0.00402854444162741,-3.2648357922463203,0.2463790072906741,0.01161976545796614,0.07658110508499741,0.003092548253356267,-6.20720708298287,0.6678542466971786,0.04124296946131006,8.833992370152707,7.01345653165152,909805
469,-0.002385728724677768,-7.426112020557989,0.2789208856462747,0.013221030225545948,-0.17905852761850669,0.00045912627990436127,-8.184016220105612,0.600494577423146,0.05305345312030531,8.361861194244664,11.05102987204485,910224
470,-0.05187336067525667,-1.2857214595572772,0.06919557379852546,0.06918814315171408,0.2996954236257761,-0.03416279084930291,-5.571675941484796,0.6083089790841768,0.06698949328191735,9.477796153354006,5.718098676001192,910600
471,-0.052705028226642435,-1.1673984025225086,0.11973791327963315,0.03705311353424748,0.15083702008846606,-0.04117283284312703,-4.188779617832685,0.5869676652867686,0.06585010129945293,8.843768851801956,4.348412781347078,914799
472,-0.040613102946237205,-1.2208539950106492,0.3575171894554009,0.024529853767786765,0.1111095307760079,-0.028752853491817495,-3.388770548860574,0.6338875023476924,0.05835868988902463,7.913000487195733,3.601978665949905,916073
473,-0.016139341417488066,-1.6082502839635784,0.34311700026031305,0.020256394772980607,-0.06426183232930457,-0.002059220206558336,-4.0051294123751555,0.652697918556213,0.05405313921425577,7.8928135576105065,4.315962301241925,918203
474,-0.004203170735674611,-3.85104341491805,0.2279258884840854,0.01591730885256731,-0.014706000344086284,0.004702334697789689,-7.039972448085025,0.6550573290100784,0.04238797344929904,8.754467509200262,8.024446862767547,918817
475,-0.011688929780152096,-2.5154465146248266,0.25627175830964377,0.025504571754501715,0.09506766522279599,-0.000862875826850272,-6.1389304224727566,0.6246292864909893,0.05757312038337318,8.582616847784026,6.634300106258363,919837
476,-0.011180130692888085,-2.957271039135237,0.2975002027810024,0.02133607174396274,0.12109173210020323,-0.00375463216715917,-6.617494517205775,0.5829907798566881,0.06728126049938245,8.925858302878142,7.248219483718501,920752
477,-0.006384732656982361,-3.545202997194209,0.37017635708275226,0.017200462435068585,-0.006930607343806855,0.0030827524012046834,-6.347865018554408,0.676180162916491,0.04954308068590537,7.70817157694827,7.270753371219627,930138
478,-0.015099453177828834,-1.7909000466930993,0.16589992954999302,0.01179222943087599,0.17960387788613907,-0.004710780120253038,-4.664985150144931,0.6156842379135378,0.04322005905486952,8.895959587069676,4.99694000647577,930678
479,-0.005688403177975496,-3.3465522065711593,0.2185379773408815,0.012355488740145217,0.1306390832749119,0.003530116893805924,-7.105865520232509,0.6815581576020504,0.04653611920526171,8.880291463842488,7.854472386031764,934741
480,-0.010701714280087104,-2.090116563588816,0.3409118353349816,0.014674735630022815,0.11144940352043273,0.0007629325331403739,-4.549978181483774,0.6490105901809873,0.046007414967401405,7.999279165320074,5.007083852040698,935011
481,-0.07632816579383157,-0.9798703434597353,0.3882649205730777,0.03749133871440972,0.07602626604132995,-0.05795445797640125,-4.184943058204416,0.6021545744381666,0.07656658437940445,8.017154349060192,4.298126835076558,941116
482,-0.014070706908679727,-1.5626147593432946,0.10355964241708868,0.018541192247864838,0.09869653595905767,-0.0009959227896214231,-5.506103252423727,0.6882809449213563,0.0649976602822698,9.597651231611401,5.7235424268951345,941416
483,-0.042188028556092584,-1.2250323974618305,0.11457777818079211,0.02894668805285223,0.18709987028007546,-0.025477104105431258,-5.112680452805674,0.6673086571676085,0.06006672615355118,9.262599379737,5.257395342499203,942406
484,-0.027025490459845182,-1.6103909729519077,0.28070952017498785,0.03203772240432758,0.007857962670300806,-0.018300164394845577,-5.4661909454638415,0.6307943794873757,0.06526712791538626,8.583162195469821,5.698473702495773,944237
485,-0.004339047781872979,-6.193476633170918,0.22555897779514636,0.02123353421698965,0.07369953302978345,0.0007329114983394491,-8.919202086345717,0.5426747286718294,0.05787568785550016,9.374386677524065,10.858697834579797,944612
486,-0.07839531427408113,-0.8682826832687075,0.42794049053725425,0.01913127300444247,0.07319050923479839,-0.06853509122533738,-2.7408171935069454,0.6293655717770515,0.07140629242633392,8.09855134257191,2.8750641221175566,948030
487,-0.014905532014397326,-1.7019539231287741,0.23932492083311777,0.017538989558694013,0.11430557645000924,-0.005810019890896642,-5.818790521279868,0.6601397805127007,0.07262854621749613,8.750962740581283,6.062587754992902,951764
488,-0.04846404754026402,-1.3885478693327695,0.4362475103397632,0.032194204492911424,0.0964303524296578,-0.034568504702246074,-4.5187398875297795,0.5754867612999165,0.0766137321472068,7.69266565625206,4.727269334042775,953039
489,-0.013377233986653268,-2.2308576690606627,0.2753410441212633,0.01961044190912112,0.19567973483181825,-0.004672145747625141,-5.680542923646246,0.6619383994903025,0.054706056579828424,8.716296639218351,6.102892252612216,954809
490,-0.04261268801488767,-1.4237175776062363,0.4434315462452532,0.03892853841579633,0.15046880414802274,-0.027524857333197147,-4.522558580870835,0.5770868202717818,0.09287350744375626,7.914491191953661,4.7413613929116805,955004
491,-0.013599963639177239,-3.3979907638898346,0.40536195118634516,0.03860018964388124,0.08501318652232513,-0.003518913705455039,-6.445427034206012,0.7001562213686706,0.07079954624739435,7.911317555176571,7.286279632621461,956023
492,-0.014704364742457095,-2.230822112380009,0.25057394937630556,0.02273897426044917,0.06468393619618656,-0.00431469816729696,-5.313492547883702,0.6338806137894918,0.06015355169365319,8.231079155204506,5.762791888789604,957912
493,-0.026637433620720387,-1.6630114412068837,0.36565117380938816,0.03026910011685949,0.09352352949178634,-0.01181147711329818,-4.588541363098111,0.6326170715737621,0.06855539641793366,7.603289061716404,4.880606406426077,960131
494,-0.006655597913566938,-3.00063678623322,0.2781746442436326,0.013954924692836011,0.07469094359328741,0.0013032216616092726,-6.532879232902199,0.6958147929764391,0.05045359597812385,8.423216950620944,7.189042508886761,961811
495,-0.02000042516598369,-1.5426516022184247,0.2603265086925858,0.024401163822041293,0.05865304085502341,-0.0070295759259881175,-4.529948956677683,0.596198346801627,0.06336436723570268,7.804699361936766,4.785416545707625,961976
496,-0.007737722043700251,-2.8202133761994785,0.274580390358505,0.01290661270273041,0.08418249264818843,-0.0009335046735531526,-6.477019876789077,0.7099462968581713,0.04918894828124293,8.704234322335486,7.064374704927199,962786
497,-0.05548000870243837,-0.9459937227422021,0.21319454947827898,0.018126400062055577,0.14058370231830863,-0.04018659508575648,-4.3299886725007335,0.6633341623086009,0.06933185765183632,8.695563156746577,4.432122068203031,962801
498,-0.00281480609971694,-7.960584204807157,0.3043650664667562,0.01997317366409515,-0.23976166061105952,0.0013685211805502214,-8.806249000134851,0.6292926576484504,0.05492770985457944,8.261540209273162,11.871011849636124,963236
499,-0.06436507620546508,-1.166308216705098,0.28101619093465335,0.043038328774427606,0.1907313753506707,-0.047432504186738125,-4.857118279706734,0.6532666772651651,0.07015039403717838,8.234974702804706,4.995184965485776,964946
500,-0.006079343620576175,-2.6795209005725975,0.23906319942313675,0.010033811803388004,0.07413923245298461,0.0011212501947633117,-5.5847641680211755,0.6655624696856317,0.03923610576344358,8.410451436486902,6.194305697091373,969835
501,-0.004555362407555605,-2.9122001596970186,0.3228361115157097,0.011449491393181258,-0.10683238313707927,0.00547818863362268,-5.554309576781018,0.7041017987844462,0.04456182007974298,8.351787414707028,6.27146431424597,970240
502,-0.009322799297997073,-2.4831572834949327,0.3437358846855028,0.020174882178437558,-0.1532056484106317,-0.001054655976096654,-4.722499837094087,0.616554144696452,0.05929460760559945,8.324151379522423,5.335548219810933,974230
503,-0.02005068106571182,-1.3890465559598018,0.15913394425485133,0.014335958420668628,0.11645575454351699,-0.007264550337019954,-3.2686457023285462,0.5301474102743032,0.04794144719009183,8.409429814347027,3.5515482626559733,974875
504,-0.0028741597627170348,-8.221904542014492,0.2887545621717154,0.016449984465163752,-0.08776835802694172,0.000992756767235582,-8.359368531696482,0.5786357808801519,0.05317528311553944,7.982352185137098,11.725133540677307,976973
505,-0.005074484418679856,-2.6694636019251385,0.15780479030747477,0.011823680858140636,0.040500456802607374,0.0018940821797446114,-5.786908183022932,0.6810811161240519,0.0405984205970915,9.224048604571552,6.372938273727505,982372
506,-0.03838242077379541,-1.1747028294951398,0.09435762345406598,0.09441439917516296,0.08938955163238804,-0.004568904753107234,-5.522275111189723,0.6499950992578226,0.06211538000954573,9.244755111402666,5.645834671799144,983362
507,-0.010220823113797068,-2.267935455677363,0.1597609405156966,0.020792153774916684,0.11125208493667593,0.0013974460309780826,-6.539663075155005,0.646617163782092,0.05278233175615525,9.196821915810224,6.921757317882815,988400
508,-0.019553314751617316,-2.1001247451732863,0.3587294259723316,0.031391399736052684,0.0021859589593161022,-0.007751614617292976,-5.259901255513063,0.6510789123937699,0.0702466688225798,7.977322144721457,5.663663581378846,992164
509,-0.00293475941332749,-6.52779336072153,0.3082860037605947,0.015389803053163568,-0.08247660547517481,0.0014363996671269397,-7.441671094450126,0.5947446487254106,0.05412836099545325,8.018175522861613,9.899017872408082,997068
510,-0.02125458994621373,-1.9035792058291034,0.3338801505001273,0.024980288826774843,0.14640604827315806,-0.007856946537431497,-5.417764251917479,0.6222714527568511,0.06316637223102144,8.095898846062704,5.742454464967042,999018
511,-0.003738584018828933,-6.9398081712284725,0.28348107891928376,0.020462414976886466,0.03936149838345417,0.0011741666650054092,-8.30652244479766,0.5728144446379789,0.05731244896974597,8.442048269157794,10.82401277620166,999932
512,-0.027474297246921284,-1.4389822330945532,0.2524839006719293,0.025082298888390326,0.23251209466997672,-0.015822946839370536,-5.2189477835552776,0.5767606451145038,0.07655236243697801,9.083846015862072,5.413694287142406,1002692
513,-0.01976600389209963,-1.2694029916449223,0.06511483444595248,0.01907018672741393,0.10710835814452069,-0.009384053737764199,-3.996376787256726,0.6362114114267102,0.04907596735823205,9.340242735820047,4.193138607406327,1004433
514,-0.008711088124245593,-2.2931235884568966,0.16537957989666216,0.013058162727968699,0.1699015870053345,-0.0006307284125998487,-6.515884139763254,0.7142170047874692,0.04657105995448681,9.323613198274419,6.907616225207923,1005573
515,-0.05092984288860085,-0.9833107779915521,0.22203620792073878,0.03822466941180917,0.042582755521447115,-0.0359856136105242,-4.55732350796016,0.6041741881271776,0.07228792943595344,8.395576952852736,4.662198799099053,1009217
516,-0.07800131624846707,-0.8898233378250765,0.3183425933481644,0.02796937075386861,0.0183524859354676,-0.07227066382723295,-2.965240752164081,0.6095471504802612,0.07502855318111475,8.016624729342917,3.0958743984265196,1011181
517,-0.01329545479554474,-2.0773038327212143,0.2402924296585485,0.029250037782746933,0.0982788925419614,0.00034962195174290496,-5.86243032033247,0.6554772281348311,0.06030905180571727,8.745685251821968,6.219588448940309,1013835
518,-0.00395508638584893,-5.190042438627233,0.298835219391368,0.019057634104917523,0.02176916547111747,0.001899541026149691,-7.033721957918573,0.5972891781299166,0.05480829264959975,8.44477673652261,8.741269078117753,1013970
519,-0.013378921001613503,-2.160642288797409,0.21815978752121692,0.017016150420934274,0.14517883476220483,-0.005158187627266013,-6.665897338592517,0.658307523697057,0.06264836806396008,9.372325209492754,7.00732205830405,1019610
520,-0.09958003688819692,-0.9544794142327984,0.25680608815806366,0.04680952610175523,0.074113791227323,-0.08188225134138949,-4.185327475105688,0.6209760179267335,0.0712787859131312,8.010884868293264,4.292784297640488,1021140
521,-0.003309662726031889,-4.446162104092516,0.2286168093847259,0.015613133991463527,-0.12481643260452133,0.0029764971217723203,-6.994636549381613,0.5742326967536922,0.044829750362308546,8.75142618165201,8.288142006132226,1021275
522,-0.049170200760354076,-1.165440575677274,0.06095682222484819,0.032962714207415644,0.2502707612572212,-0.034788524263715356,-5.263689388569866,0.5969889779204748,0.06377456980846305,9.553663054060346,5.391166637637719,1022489
523,-0.021598489870468574,-1.5504521263899096,0.34754687483907465,0.021123779300236463,0.030819527670601993,-0.006583460437830256,-4.315438493497697,0.6828668118887302,0.054809462824624684,8.378597538251505,4.585511006135376,1024229
524,-0.010333856173960992,-1.9952969061876515,0.12163485102808284,0.011700765183332268,0.19379277197984776,-0.003752280971597242,-5.812470040475556,0.7618273213160042,0.043868126823802894,9.539654138280284,6.145406228661204,1024468
525,-0.010783474745785586,-1.601711868883332,0.1940582387958186,0.010227573474707883,0.21302274842941105,-0.0020966604737578803,-4.786815829017442,0.7164769033119537,0.04996544809974782,9.087151495562487,5.047681318373187,1024723
526,-0.006770866731222362,-2.690756704917551,0.23189499990285142,0.01100672953103817,0.12282319165412033,0.0017834242157912217,-6.1247748668695525,0.6796008921706288,0.0427403799701226,8.918446984623582,6.689771207963371,1024783
527,-0.005137079178815348,-4.3012361348742685,0.23685099570199875,0.01676214094731454,0.1196163810176896,0.00031045431976779416,-7.286678955426313,0.5817188565422282,0.05388934077549508,9.134993962047114,8.461461013761209,1028669
528,-0.012679018986287031,-1.6226304531170952,0.244177343076651,0.011113727667850426,0.016552437364166138,-0.005528342550497469,-4.249839184204808,0.6643672612353,0.04710963333694422,8.630243877700188,4.549072727379238,1037275
529,-0.012390896035328839,-1.8195095881997037,0.07195916847317907,0.01651269514765662,0.16391837871688153,-0.003157910690960428,-5.109251701770221,0.7115227512125166,0.046572303894162434,9.454604449195315,5.4235659942138215,1039465
530,-0.008207676714110193,-2.2414508393680412,0.2389438062710494,0.012867380712273618,0.14411429624901204,0.0006237812926515701,-5.618346243535557,0.7079948331884097,0.044888563671276686,8.705155390755833,6.048959941804359,1042793
531,-0.00621507973219499,-3.2419607423263863,0.34666215238341735,0.014638155355351602,-0.11488369465803618,0.00255005096803657,-6.195725902511653,0.7205250356729365,0.04860240725361694,8.270003877223914,6.992662505357977,1044218
532,-0.030399651597645082,-1.4094238124881064,0.37240799617341147,0.027197726157253434,0.09326627496254217,-0.015496965550541645,-4.8721448643831025,0.6462329488529843,0.06987656323207662,7.9131318432778475,5.071910001443554,1046077
533,-0.0763999952574209,-1.1457256635924593,0.1411644868445717,0.026268910209974024,0.23918482353932113,-0.06173867125036125,-5.088368368130186,0.6540857470439188,0.06123934794044604,9.298929778946157,5.215762642797526,1050697
534,-0.005762145347104241,-3.4622149037768017,0.3531264481515972,0.014897858871401807,-0.05836342734907587,0.0006175209663455031,-6.158161363873155,0.7028361402793102,0.05450632099822669,8.03781735025592,7.064692733830276,1051147
535,-0.004862585642200161,-5.226126992593797,0.25262293647244327,0.018935412125566483,0.07649823948853132,0.0016972641418366839,-8.02259781512423,0.5741642167250973,0.049051466660661444,8.926853895484264,9.574679057073066,1051733
536,-0.004606184991087051,-3.2067610134629496,0.29906799636654086,0.010725847062938233,0.031199684968342703,0.003779551217591122,-6.031374186069339,0.6523011042654512,0.040745956693746546,8.141614864974771,6.83087042549114,1051988
537,-0.02159130355752982,-1.7028552742318284,0.21751824989833538,0.029818829582501746,0.07268696059616964,-0.012368845522087432,-5.525884707170452,0.5659064878537541,0.07877386152663893,9.389731910274993,5.782310773550608,1053442
538,-0.03639972492862786,-1.320900625881459,0.3229697418079458,0.03747657543136116,-0.019623790376266683,-0.0198070541328687,-4.610660093947604,0.6217171992339586,0.07394151584008761,7.828604952136642,4.796140632360039,1055122
539,-0.00899019286641293,-2.6238267928837216,0.36400710288990357,0.019131121953420625,-0.012082918758962629,-0.0009239102352712706,-4.678333294981909,0.6517798735390178,0.05119318871915655,8.011071114341187,5.363885667870892,1055167
540,-0.016169886116999994,-2.0725822277996824,0.14780683345238674,0.025685591244510777,0.17332749379117698,-0.0021949171030422898,-6.054616632519308,0.6202577394771693,0.0546202133424337,9.178515311013845,6.39952964347932,1056607
541,-0.009161524019745182,-3.318105877224219,0.4331870479265687,0.02464023091352809,0.0939332120842845,0.0017236878204140741,-6.286782623491379,0.6922671655155844,0.061279653606354303,7.7969813026348405,7.108689215847255,1057057
542,-0.04387435748722244,-1.3211233796449942,0.3774319261829219,0.026927542480170152,0.08696528269176677,-0.030776482282623818,-4.310678708204618,0.6774740833493622,0.0683031595566823,7.769642057097218,4.508582694108343,1058107
543,-0.012020698012137412,-1.7671347089649776,0.22622299254860234,0.01129920344308117,0.06534023042330193,-0.002959404179598114,-4.364107245447189,0.6672630945922334,0.039841387245842456,8.495504357960433,4.708311494516202,1058872
544,-0.04225895904845363,-1.0245727186555549,0.22152622279113696,0.017095069913959544,0.1256710223486133,-0.030790111238312837,-3.416452107387384,0.6282421407715897,0.05444394660566544,8.556865015172448,3.566776451907931,1065800
545,-0.014132554367885885,-2.4514316037237682,0.2676633154911662,0.023610941019501255,0.15317730923811257,0.00115011499767799,-6.162423156661476,0.6447332825609521,0.05737220042632674,8.636617153794884,6.632117012650883,1066746
546,-0.03148953174331411,-1.3123772184482312,0.3293428969349736,0.02119065026458785,0.1223345313289718,-0.02185913806796216,-4.5675580426066436,0.6158594514154565,0.06897596699145354,8.000284595435012,4.752359459898057,1070915
547,-0.002509964504031374,-7.929232693414883,0.29742481753420497,0.012470899786125863,-0.22197208178821276,0.0007136532738916297,-7.802773134959244,0.6017848665896349,0.04937392502983153,7.734609494232322,11.124567393924185,1072129
548,-0.016307657005504763,-2.5674518608297277,0.24800133306487962,0.03352035386871655,0.16931784677106348,-0.0006078937357039683,-6.502963128207172,0.6129211877542663,0.06361122837133786,8.648512932471043,6.991447525691661,1073750
549,-0.039675472793654167,-1.5022278609296948,0.2760136000062773,0.033728444309443,0.21522461771761436,-0.025098757775819353,-4.9455483703168115,0.6796943300580238,0.06721404797263922,8.449020864149043,5.168668806307546,1073840
550,-0.009985116937313507,-2.55879584972538,0.23432530913060634,0.01812254716366709,0.033459458884531904,0.00022519628144674456,-5.585442711000634,0.5388157294790897,0.05774246593740962,9.235547836063937,6.143663929483932,1075369
551,-0.009143519696304572,-2.167616861339685,0.14228807036648622,0.010585468695161315,0.1495841860150936,-0.001948089875666928,-5.55631125640128,0.6929385262539429,0.042812381721361,9.33175975729194,5.9641560706922885,1077513
552,-0.012188563682024664,-3.512685375552773,0.27846078415152287,0.03408500692991327,0.13345053295256704,-0.0038306318575247163,-7.656952011485261,0.6090536206336258,0.06520905841721329,9.025408359120837,8.424243150207056,1077663
553,-0.04679247689126377,-0.8652430869957396,0.20424405821800684,0.02269901624616831,0.09835935303863523,-0.03628941715137835,-4.095548724795083,0.6482644142358399,0.07844342073648775,8.650376427782886,4.185948513391504,1079762
554,-0.019769898159323215,-1.873202725304208,0.2840423078994369,0.03496456103116467,-0.018165017880453695,-0.0025261931247811055,-5.090461640209289,0.59656475201676,0.06291261990042119,7.9228995595034375,5.424176265621293,1082131
555,-0.008229239889376716,-2.640269402999622,0.19152558323036095,0.019405181930388204,0.1811374151255118,0.00385277245213544,-7.065456698188973,0.6247362614153392,0.051792023708412814,9.154714688227816,7.542658740417692,1087394
556,-0.014056277942752316,-1.3648299523342444,0.11581601705477829,0.011201352251468892,0.07959912653686617,-0.003639777397016404,-4.055513411068191,0.652663326287931,0.05176674652120891,9.163575150609764,4.279012716286626,1089299
557,-0.011660560523511007,-1.5038876710866291,0.15174245696947428,0.010882262181813722,0.10615766181098438,-0.003524264600570519,-3.739154367218518,0.7075461376443031,0.04497911324204823,8.860545756340542,4.0302547697553415,1093693
558,-0.03780781406911969,-1.4359518458300027,0.31345598087429,0.03395849642708048,0.07378305055635641,-0.01989409703950398,-4.725027496913763,0.5821418078511369,0.062438091073362546,7.9343234184804565,4.93840485887232,1093933
559,-0.007351169782749603,-2.61723818734077,0.19922747800140397,0.012709599059241733,-0.007309011818179017,-0.0008468942505249347,-6.367088389968095,0.6765527792593818,0.049609844611740624,9.013028263139212,6.88402137525308,1094262
560,-0.015772395714070648,-3.0880193942184326,0.4073478025888653,0.03528524723605881,0.06796746433382109,-0.004435522677888126,-6.04296374069616,0.6050341721282956,0.0730427930137453,7.815068356327644,6.786256298611017,1095973
561,-0.005330837005340768,-3.7933901571545685,0.33476531644397706,0.018410722980622064,-0.011597142061537101,0.0033222087757143236,-7.26934366733821,0.6776423999469633,0.055595199386988724,8.221724314078712,8.199583296623512,1098868
562,-0.006284485941058648,-2.527464467440683,0.2438353587751104,0.008250307061515588,0.027755453540993263,-0.00069203008249267,-5.46054115398211,0.7560487724017412,0.043013064385949526,8.662864600787838,6.017107804294974,1099768
563,-0.006293257086006019,-3.174675518902423,0.29695855043443403,0.011468416735031484,0.0602700823070398,0.0006928627447293067,-5.896856609918436,0.6886604165123065,0.04269247830750157,8.1381405824682,6.697124944948923,1099903
564,-0.01243951635712189,-2.1613332849062084,0.3186913300387513,0.026442818202818314,0.022006248430693987,0.0015230502083114356,-5.009706798203714,0.578877341274329,0.06731823116152877,8.910713155039799,5.456053864507935,1100248
565,-0.04112704063206845,-1.3019817687950972,0.22271620584402288,0.0351558320738029,0.13738446141583266,-0.026237692180030144,-5.275829376128939,0.6371043261392076,0.068110960578909,8.716087307786713,5.434108218677641,1101673
566,-0.010743013873033613,-1.7513136909510538,0.14359597045553527,0.0120654535815962,0.044023287569286335,-0.004695447656669948,-5.796504057897347,0.7211855657342878,0.05452798949264704,9.263883992301503,6.05529181273149,1105316
567,-0.0026553105949875698,-8.616321604548594,0.3036034570609802,0.01628628524235463,-0.12007815792866428,0.0008601100033814483,-8.184312238434682,0.5699292369341462,0.055201494762371885,7.688662301678086,11.883768964819307,1108017
568,-0.0062276727736861725,-4.469538417147189,0.378694131697337,0.024365569973082663,0.009458707896306791,0.0018824887785333809,-6.318181425594468,0.5903433166483958,0.06304231745147043,7.750304555373546,7.739262897012967,1110012
569,-0.024866111833666268,-1.517861083581477,0.13049935980557495,0.025814601789572244,0.05546391863087943,-0.008965654994205966,-5.266053260691142,0.5827766747517831,0.0562071285734217,9.009403650691947,5.480439691620275,1110297
570,-0.023016016687149952,-1.2227617698321747,0.15690844794609185,0.017152783398000793,-0.02927672997912837,-0.008256853883250028,-4.4041154260397635,0.6701009790327127,0.048198283083293644,9.094834528607024,4.570708810638074,1110300
571,-0.003128846538184924,-6.697429509775198,0.29792942401857886,0.014799688159171362,0.02531743031505241,0.0017367586346490277,-7.378709050692992,0.6006282017128605,0.051441799929734564,8.050313859461404,9.964984159203983,1113970
572,-0.04896454976776454,-1.0111896478921654,0.32339826990772214,0.023780252498693054,-0.016581177259020426,-0.0367835291521121,-4.494177742443238,0.6813471580771393,0.0755091310381623,8.352917191354535,4.606532110457549,1114135
573,-0.0418649284697994,-1.2727538808583467,0.11872153886189568,0.033296105464378736,0.28119634745330646,-0.028788880352387535,-5.393282884866943,0.6441979971379638,0.06359489170640577,9.446869991944206,5.54142605449524,1114450
574,-0.0068818754377200295,-2.687511342423433,0.3482928156597683,0.011512979143475278,0.09615392843153592,-0.0001955552960507393,-5.911095080003541,0.7460298021132789,0.048660698715325634,8.270274637535778,6.493362939224688,1118857
575,-0.005286442899996744,-3.6332175462591416,0.3930196856883225,0.0159758718042345,-0.010954238901624032,0.0019506129679370248,-6.639102321072491,0.7059510132566559,0.05768894616058711,7.882231379505498,7.568219696078823,1119068
576,-0.005452323939297314,-3.779180610685501,0.3160614287414149,0.0179509718198562,0.01332447371885137,0.004558457184788786,-6.837982023745706,0.6093534690057926,0.04946115870572202,8.131214145668714,7.812823065016298,1119923
577,-0.022591216369781505,-2.2006870735500716,0.20942256261239467,0.03780247605831,0.16307860711928926,-0.005238224837607826,-6.264806669276716,0.5985756369535008,0.05880527062366527,8.919316702579486,6.640092333627929,1121664
578,-0.03296073164054477,-1.3428230608203502,0.09129540258237545,0.034886901289569776,0.24242041244920984,-0.018596660638644565,-5.702264352986634,0.6177291171223416,0.059418694332714794,9.194718044824691,5.858241419061953,1131457
579,-0.00253304268881379,-6.657286275657538,0.2743680530884597,0.015550777668747165,-0.18078769089240496,0.0022683684656376415,-7.6777790601429485,0.5498146787748788,0.04947303093409257,8.13871293654508,10.162074190460713,1132146
580,-0.005745212730102462,-3.9648456887544414,0.27632115234887644,0.019390137866550243,0.04582104354477018,0.002735922109082274,-7.017990676371924,0.6101124946774475,0.053424027814792545,8.691263091753372,8.060533138029887,1135746
581,-0.022800017142428325,-1.554312267346545,0.16777538161297978,0.024135985735290303,0.18628846506739602,-0.012513775391870456,-4.959898100237333,0.628771180451157,0.05938883710903558,8.625503665914149,5.197737564475708,1137740
582,-0.003200373849018833,-8.84602053668035,0.27405859965849727,0.01701095608676367,0.048496071840912744,0.0007646408545726589,-8.543221787596806,0.5636078315609496,0.05410556445593284,8.101252345876928,12.297915182966554,1137890
583,-0.016070910496358472,-2.393649534550217,0.29310804967663445,0.03877468414037693,-0.055125716756386986,-0.0001480199093071945,-6.156596670501956,0.6258522954994017,0.06512598561221515,8.329890000098192,6.605546204326197,1143154
584,-0.002287911563953032,-7.666857419588497,0.2552216977878412,0.012394333622040305,-0.23045772617654253,0.0002959900584024257,-8.022503723846661,0.5621156655728919,0.0506972954115483,8.129091559239713,11.096903563221261,1144145
585,-0.01270649639654492,-1.791562673065767,0.3419461573023005,0.018816154313300353,-0.10622444765812367,-0.0050467233761326575,-4.372884313330035,0.5658936205316112,0.07044771290812582,8.321465116389955,4.72565487835183,1144175
586,-0.01337800674647638,-1.9066808516657712,0.15055475013100372,0.026486520992910774,0.13650667418647244,0.001933024008786229,-6.212827525295561,0.6276509398685503,0.05507454228665959,9.43425331106071,6.498819718162604,1153338
587,-0.01996051971184806,-1.262868627309302,0.0857794713721535,0.01431444263762694,0.20286750323570624,-0.0073433892573275495,-4.116053692773276,0.6371680160176927,0.042975630700947294,9.279403408756615,4.30543089267899,1155557
588,-0.0060576364338241285,-3.89734611794484,0.3320710936079009,0.015745702884476836,0.011741693292265362,0.003579299820733537,-6.7351068893904875,0.64794197933882,0.04781304606746052,7.969044330375041,7.781450480120973,1157071
589,-0.010214689328326807,-2.5277377615607612,0.17952659029244306,0.013458393090631533,0.15249063158105564,-6.213702553578707e-05,-6.656305673098183,0.6666000505357151,0.048966336067385756,9.383659047871477,7.120102766459151,1157536
590,-0.03462113677916535,-1.2697533957893643,0.3832783423690988,0.02412470552565243,0.08118097878063332,-0.02189913922008491,-4.784054529666338,0.6694991279628961,0.0738611148739308,8.06178825702488,4.94969205395039,1158076
591,-0.0032171076993393914,-8.258535828038871,0.28315335875096603,0.01864313315231558,-0.04697428909232148,0.0016000195356420915,-8.384547245648111,0.5917071149192695,0.052641554913284296,8.238112095645612,11.768774215588767,1159905
592,-0.009923615408705228,-2.334514065418459,0.4146336581386615,0.013304411617229249,0.07151674198398368,-0.0026532191399149543,-5.147065015771351,0.7231503254661029,0.04808721178416106,7.894751814957406,5.651746119405397,1161959
593,-0.004490149073550359,-3.9786918605630794,0.3306750180463873,0.012295684634957268,-0.025921858319834606,0.0021318697086552558,-6.558005316916725,0.6849384946340104,0.047984344916085275,7.993054159335281,7.670555563844052,1162094
594,-0.02077886790354308,-1.6131555343199453,0.1679066170898701,0.01617719276570198,0.21036236513404735,-0.010366186555587192,-5.858823391077296,0.7204846975200666,0.057617509412517295,9.170487407515411,6.076848056825309,1164614
595,-0.028412760151562886,-1.6726146830558928,0.3030641745950201,0.03469230312589655,0.06752506271325255,-0.011332247045691838,-4.117236458595367,0.6224573844796798,0.06406543917027978,8.695569253310074,4.444015744117148,1170702
596,-0.002854594110491636,-7.077117539119689,0.19408785517871086,0.014522536908986111,0.054552082391761035,0.0012408305164640472,-8.364794284987733,0.5631615353292727,0.044139928285580186,9.180697722856305,10.956978419832675,1171528
597,-0.007797263498109746,-2.5723799578306803,0.28743158663381896,0.011798446647610497,0.12220314495716748,-0.0006083754508190768,-5.895851625544749,0.7651057571881825,0.04645166513951902,8.626345087013235,6.432589294979715,1171752
598,-0.01697516129373923,-2.4009751890885584,0.31305537862217836,0.02892861575382092,0.13716337288744038,-0.002864383788620063,-5.370423473249859,0.6666769220705739,0.059640466961911776,7.99057730686962,5.882697522451067,1171917
599,-0.03232781246400651,-1.0952571054694547,0.26757116835488187,0.01481735986532083,0.15778544528243757,-0.02308884843355397,-3.2674190479186014,0.6753861489145172,0.05809653213211074,8.432506831354333,3.44610147293759,1172802
600,-0.017090537507161534,-1.5028852389981584,0.11538773275653445,0.01342258482238319,0.1545814392874134,-0.00678542569834718,-4.722117879932995,0.6559779845692064,0.04556978591093313,9.32275510897126,4.955508179145851,1175485
601,-0.003565647335196828,-5.181330351036788,0.22234676182935634,0.01658392720286415,0.06181572906704164,0.0025080848283877072,-7.6648408044016625,0.5381464281632217,0.052755920838518496,9.220059663951263,9.251808945465516,1177570
602,-0.015092089203109326,-1.7854754063727785,0.18294257894391888,0.01749884884110709,0.11956374504610406,-0.004985300799819114,-5.874124858912663,0.6528364352408997,0.06293924940521847,9.339563360512953,6.139484122046228,1180285
603,-0.016841126177931535,-2.7539443865730577,0.4189983466229333,0.03477088085673461,0.13649916755617458,-0.007510451626047758,-5.511732478612232,0.6358691826116125,0.07522213953059242,7.800706485535414,6.161445009096989,1181995
604,-0.023721483395250608,-1.5726619086049314,0.28767916457340675,0.016268254202177923,0.11547401595318144,-0.014638964853091924,-4.909842600238172,0.6647820505839228,0.06647685057948777,8.483421017215,5.155562029293261,1183825
605,-0.005014481554371692,-3.5049030674923,0.348519295540244,0.012046878701363638,-0.03237256478460645,0.0036929962056572395,-6.188101656129457,0.6720308032961159,0.042235680956853684,7.839059857198708,7.11174715657897,1183975
606,-0.005560727357091967,-3.4299964481961154,0.32760975083532995,0.014698800901122902,-0.052496185283410574,0.003962774596101976,-6.384728048297871,0.6400571721375217,0.04703526238888813,8.12922188946945,7.247732603053145,1184109
607,-0.06472305406454747,-0.9625036577617829,0.3988030674278693,0.028680045665466117,0.05046672618172152,-0.04748182653508706,-2.9024538016859855,0.5980116780964386,0.0713789619659244,7.948427287679647,3.0578834775259573,1186104
608,-0.005946154064869553,-3.3433672409493442,0.28925931874264693,0.01537678263190739,0.07609541453191067,0.0022178732484237655,-6.8673557578842646,0.6777847290044793,0.04874447770454317,8.649946813893525,7.637976146414664,1186763
609,-0.03695437110568984,-1.5773837524996333,0.3356295619873036,0.03773235757255072,0.10467970516972802,-0.02296574804078146,-4.696461589949816,0.640879121708335,0.0709182006242249,7.970563213664166,4.954280065612337,1186988
610,-0.04424900019251974,-1.222681849284434,0.09691875449168025,0.017814521774043777,0.2349880145044126,-0.03139836298509286,-4.98198227542727,0.6550194869585335,0.0704436457284174,9.549695908005114,5.129824392436945,1189463
611,-0.0033625247783817583,-6.394780135769792,0.2940159397863422,0.019905402737214892,-0.06536808363239524,0.002199319709137066,-8.11331390066139,0.569789015269037,0.0570710836891738,8.704836765979573,10.330492506918596,1190168
612,-0.021825130256099258,-2.167292013452527,0.3494862406392076,0.03807513399396008,-0.006013989876324453,-0.007524807811698441,-5.56908988562198,0.6804954421664121,0.06487447685811279,7.833356707940057,5.975944847947657,1192088
613,-0.002560306630657311,-7.019598838428532,0.19755156353925768,0.013191825074518989,-0.10757444855103403,0.0011853864472520063,-8.093480949601368,0.5486053945593938,0.042061649233309815,8.857155009443389,10.71350557632876,1192207
614,-0.009621497734640428,-2.1583711962924617,0.17544106673229715,0.01793546029246387,0.03814909957931781,0.0010156395276297795,-6.393773155986273,0.6222363329542908,0.05369091257636267,9.347316700605734,6.748251728499436,1197306
615,-0.04400734166752817,-1.0209422043427858,0.1962564192774292,0.016888348593617847,0.11455910401534404,-0.03354666860101124,-4.126220963437904,0.6166404282653769,0.06687572442751824,8.616129574726745,4.250649647256608,1197786
616,-0.0031872813545530056,-7.390674342568051,0.26807576390145554,0.0185065741090478,-0.05469954465445949,0.0009555932211973168,-8.487766418379051,0.5613865941094335,0.053905845081644845,8.606252401383536,11.254521136452533,1200800
617,-0.01236976345315563,-2.211575454807012,0.2544955592771776,0.012752946357424261,0.14273337141572745,-0.005407224442883312,-5.1672208239458115,0.6807833619135459,0.04538653155473446,8.623501821068025,5.620608244284961,1201790
618,-0.003021175434307132,-6.8532952913297,0.27980925875906715,0.015658627489117727,0.053017049187781246,0.001521206218758341,-8.482493406536221,0.6349443334609884,0.04738905093407607,8.815745657102296,10.905060785804556,1203769
619,-0.020746694516515417,-1.6655260282646123,0.21197432929653437,0.031170750728692055,0.010011034269372427,-0.004606535156020338,-5.8229621171082755,0.640322477113807,0.06299065003136706,9.031953609111799,6.056472964366718,1205208
620,-0.010238416624486305,-2.39623840497267,0.2521315622585683,0.017280684700956193,0.13158945537445238,0.0007501943513198411,-5.844885775416174,0.6369493577963873,0.049341113645545776,8.729386004948482,6.317012602577922,1206754
621,-0.010989845309321034,-1.7130639447080729,0.1764135844162456,0.009220284441865505,0.14990076124337604,-0.003950297285456695,-4.846938340199337,0.7152627223941481,0.047109536369639424,9.392981408322893,5.140758635877888,1207504
622,-0.0105035753965334,-2.5366417440331523,0.20393151383067376,0.02479057800743725,0.18613385989865439,0.0037988463692059625,-7.055952745092943,0.6236997885372619,0.056269282167689075,9.251168840402583,7.498067783006245,1212514
623,-0.031499782392135474,-1.275364913475158,0.355424261268999,0.02099741873857675,0.08072483360934711,-0.01988399290425632,-4.2530508873682695,0.6902130973526275,0.07247305795733672,8.0415639838227,4.440157374808637,1214973
624,-0.008951481199040986,-3.0598851708389594,0.31069679807837,0.024189962740363866,-0.018995437110466837,0.0011038411127565102,-5.978691003536513,0.5857850482566327,0.05657457032558758,8.035371964056441,6.716222403590325,1214988
625,-0.004528304103691638,-3.748128962536926,0.17461202333664894,0.014641460144004336,0.11328496313614658,0.0033819831478997696,-7.0695005020561315,0.6031895063844936,0.04190300711545038,9.302899875384059,8.001644085335215,1215558
626,-0.026556000822153744,-1.8730951763599724,0.4104685278475147,0.035659211418644476,0.1170196737522967,-0.015925917115916514,-4.7563230533353105,0.5467767093778816,0.080489328882105,8.140274807343918,5.111858226456591,1217942
627,-0.01046365360120132,-2.335197222865074,0.3531683304893375,0.016215519635324898,0.04465306970998935,-0.0020847824710597267,-4.899713826491974,0.6933369501515039,0.0516460098425573,8.04504737950473,5.427738170839984,1218002
628,-0.007158994475581184,-3.238861398185696,0.27417702838715385,0.012717370726695973,0.06005893861988233,0.0013492773164109075,-6.523588866630022,0.6916748691421788,0.04317645306394567,8.656375069950387,7.283367000054066,1219832
629,-0.046279110475975375,-1.1026810870058286,0.18055227870647778,0.020434123787376652,0.1429365351625269,-0.03837345188509349,-4.444235693319693,0.5886874598565359,0.07196814349397969,8.627676279349128,4.5789885867314775,1223790
630,-0.033245934416000336,-1.5185073681608448,0.4271198714471985,0.04303085320358245,-0.03415203632967638,-0.01878446677021028,-4.872947894782233,0.5754846164987204,0.09063692257832674,8.263445754862744,5.104065615998816,1225124
631,-0.01260358345256829,-2.480334955403639,0.3092527478672535,0.028441542252091948,0.0943864844668001,-0.0008347406428236013,-6.3233762547249155,0.6494409251079879,0.06661409442336855,8.795918438393006,6.79243319803854,1225754
632,-0.011123070814508664,-1.7513068691147096,0.05576349322472338,0.016149113659043493,0.13055727942568654,-0.0005303605017360089,-4.436064953774438,0.6252187996937467,0.032099041676229415,9.554504163250636,4.769250258050438,1226400
633,-0.012059793267237065,-1.8621805858518934,0.12276116877136041,0.014671873565347179,0.08183024520157492,-0.0026415535256984852,-5.948195109402744,0.7100777158433098,0.049418367813514726,9.514705342105746,6.232875868637721,1228320
634,-0.011192918284322246,-3.129259015360582,0.23970454192432233,0.02871332661186141,0.12395902363659643,-0.0016626290782283469,-7.5533654761185,0.5975529995127802,0.06572229057264185,9.568059375768286,8.175915361660389,1231545
635,-0.00744618396371046,-2.236959778091415,0.23679927637675052,0.008411018310540308,0.03317127753092672,0.00019831428596738676,-4.868830781871446,0.693895247552277,0.03449030418064166,8.491872882674095,5.358124880151424,1231844
636,-0.0025473088609983554,-7.42835131186706,0.289276929900627,0.014298143160148982,0.06127035069219943,0.00047223682615666864,-8.210497301437044,0.5771785972718894,0.05332903443050826,8.392329712870678,11.07215738460315,1231874
637,-0.025754025494133453,-1.5951974504582198,0.14906766719958198,0.03944676261353849,0.2211775975197241,-0.002951671424971685,-6.46245942516659,0.6126647751593696,0.06321345145789886,9.585013790697259,6.656428225998752,1233375
638,-0.017533523740966228,-1.7178868453989282,0.33353943797800256,0.015583626020891068,0.16555264769422962,-0.010614883099386319,-4.371348054694685,0.637625880320748,0.05751115180075823,8.793595143307629,4.696788160954003,1238787
639,-0.009232947849945857,-1.9287313716627172,0.17516793860959273,0.01094488371092192,0.07144543633605208,-0.000981742200588272,-5.242173970223627,0.7657416144690067,0.042620090048197196,9.142878570514908,5.585731164147276,1240274
640,-0.008711163111922151,-1.81906528503799,0.09609901782607964,0.010898126909657226,-0.02120076022896067,-0.0008873624819984693,-4.923788751902487,0.6940272093702815,0.03785314458243616,9.231037376977667,5.249066029742034,1241308
641,-0.01665307866963339,-2.09912767705676,0.343846533605728,0.01956742839247542,0.14393387606560887,-0.009088643650095802,-5.721782087313259,0.6615660860791605,0.058928389950661214,8.573971238914782,6.094680242579145,1243858
642,-0.016143274076305763,-2.33155562107023,0.31376680176512134,0.03176461028001701,0.12061800776239068,-0.003475987320165921,-6.528165019444929,0.677608603878197,0.06421179005104197,9.017037368515604,6.932033621906965,1251686
643,-0.04062087748528847,-1.2414289461290844,0.20774223840897774,0.03324983230395314,0.02612513417996473,-0.02223427752219425,-5.176155624937897,0.603279222990654,0.06565755763121238,8.876720767871582,5.322944005140708,1254207
644,-0.024710378127708592,-1.205997594544491,0.08560405658738561,0.022690855076975693,0.18016385013384978,-0.010224267075989198,-5.097909909980759,0.6154268390546624,0.061160159099701183,9.63403123529291,5.238617723057021,1255407
645,-0.008620218626540135,-2.0405443637637513,0.2771125407968902,0.008968368835689836,0.08587377580870974,0.0005362706781880175,-4.245139798614594,0.6314142420647758,0.036232249808255956,8.19748754826468,4.710099065865767,1255962
646,-0.03360010606116506,-1.221120589504242,0.2897716315063081,0.0178107587710034,0.12994236753121993,-0.020194540960585275,-4.522898395980951,0.6503786730573895,0.07307717946450035,8.493265034897497,4.6848420885317195,1259861
647,-0.00948730657849495,-2.138075812929249,0.1617362790028695,0.011758459767856777,0.052359483823161836,-0.0016444393434028545,-5.6086012012226965,0.6739367710458238,0.0459474086996278,9.335509907802575,6.002314188393485,1265289
648,-0.004545389746867441,-3.1386350148402253,0.2944550490918299,0.010982201780933601,-0.04580490824084201,0.003858898425916427,-5.458458603466907,0.6933097230980618,0.03613687054623133,7.927178878311557,6.296491092834405,1267014
649,-0.01154993192539844,-2.009425844121022,0.23813615043747874,0.01262298425501449,0.15802909089656436,-0.0030798132412724814,-5.566143972108044,0.7402862021768662,0.046692398570269085,9.119414257419535,5.917748806873793,1268648
650,-0.015590694090566374,-1.98339275420847,0.28842323307866435,0.017994792931394873,0.1448227838326407,-0.007159862546670367,-5.805378559032023,0.7666152424073468,0.05983318694095403,8.724397329161597,6.1348404242584325,1268813
651,-0.007956080997314426,-1.6966228362955151,0.2447161529300601,0.008623485574072097,-0.012548172021831562,0.0022654522817939005,-3.568404718460256,0.5858126495687567,0.03882765886966825,8.447745051203162,3.9512075728021245,1270178
652,-0.006601414928509851,-2.59119140926325,0.18476695642518115,0.01003024437058834,0.0707358683499256,4.89478410441955e-05,-6.302023536159817,0.6525809301470817,0.045499495308070174,9.604128351709319,6.8139396511674475,1273403
653,-0.15218885060294587,-1.0051152157641796,0.3587276038486347,0.04302930370933507,0.0722214032779861,-0.14392423529045564,-2.8548384392596295,0.5960874290299174,0.08394352807780245,7.961655725484289,3.026608516348791,1274047
654,-0.043816693600975315,-1.3330915105160912,0.33188090824203215,0.033195078482963825,0.11190872922073293,-0.03393145316280612,-4.703075441337744,0.620948823396227,0.06829802494984229,7.76466007431463,4.88835878207853,1275067
655,-0.011620106901147018,-2.1789713460340496,0.3532762911472026,0.018165056974291837,0.08445072507474048,-0.003261591267729721,-4.349002439060076,0.6027781557285838,0.056349275442246646,8.4364240003018,4.8643332885183685,1276866
656,-0.010777734181279608,-2.7874060495196673,0.32984413709353594,0.027544190106930107,-0.03662851673362797,-0.0012308082933248316,-5.870775629154654,0.6415630046184442,0.058566721746359386,7.875739161926468,6.498895211709068,1277106
657,-0.007782700427042166,-3.3502591897546887,0.35110378310829615,0.01677693829328263,0.1291630552941898,0.0021454615165909007,-6.794031742427042,0.7059984555187099,0.0556957663044973,8.445651801537108,7.575163625667895,1277856
658,-0.003970206868156649,-0.7980704474257991,0.3395002172778686,6.066426794604855e-10,0.09951489598150037,0.06212589819697422,-0.8974643165209963,0.9999999999999999,0.0067610900668150925,9.845653230302776,1.2009823639350057,1283540
659,-0.0181906376974119,-1.5800459757620655,0.27839505467862485,0.022459868277600197,-0.10617905485508031,-0.006985619678240346,-5.323369781693611,0.6632090746285486,0.06443074357780819,8.620689676130233,5.552910148577102,1284185
660,-0.0667342178724186,-1.0485410200156442,0.3230703065372765,0.03676969533960143,0.09405486961309639,-0.051491620548316,-4.355204210757025,0.5929069251369508,0.0749951045588998,8.083523313489017,4.479647529443714,1285025
661,-0.02069055650602697,-1.4399581564202732,0.20929093968324955,0.023448518922964144,0.06460078485269545,-0.00958883463827296,-4.337862563794372,0.6356628382084737,0.053165520774495593,8.77311225004785,4.5706160541670915,1285774
662,-0.08341955840132166,-0.7499160414664424,0.18714585089783517,0.03252058830375794,0.002169532494114472,-0.04797750649418936,-4.813795985956759,0.6140149156564432,0.07615266458500883,9.278883234904947,4.871858563593785,1289328
663,-0.0750557792222225,-0.9963901109096664,0.25138041971410047,0.037732267194573045,0.1369835942843001,-0.056380216046827,-4.123958083418238,0.6579770525524894,0.0744427402958737,8.39060166153367,4.24261988951511,1289928
664,-0.004923609209539451,-3.9190338796847084,0.2201219448029584,0.016498912361993846,0.04106347663611787,0.0013345280022894655,-6.989787964920327,0.560725803099989,0.05265224465153247,9.398810595507824,8.013486279058673,1296542
665,-0.026738042354805654,-1.3099035485499146,0.16403231942993968,0.02060120903549308,0.027752288034854095,-0.011527871391222484,-5.699070546538612,0.6332638611871161,0.062442506956757786,9.392835410950797,5.84767068164133,1297323
666,-0.005376054670267905,-4.872069463917455,0.24129172061096457,0.0216933267544103,0.08029291286124138,0.0030385515876622,-8.461662272899154,0.5726158181356119,0.052409586315557685,9.305177643764349,9.764055985185758,1301566
667,-0.015970078425447218,-1.5038259300234034,0.09714046605452546,0.012134555990332457,0.1775355585965748,-0.006972642911613839,-5.009184075400229,0.6863303549570785,0.04405999405684374,9.337271737699641,5.23004947673098,1303515
668,-0.003687656390191864,-6.721750386907372,0.2719239636999357,0.01943921665326489,-0.07030550455578612,0.001565262493065135,-8.187624667588594,0.572070245066605,0.05396045758931104,8.52067709468529,10.593352914030318,1305839
669,-0.03283896044867346,-1.2398872968196843,0.26678689686446466,0.01727967396958325,0.06700653847892933,-0.023371434009186343,-4.025165542643083,0.6560170623504592,0.055350058149951954,8.85416189500533,4.211802245416563,1308808
670,-0.0037664894548407684,-4.400951366909439,0.2140620400520991,0.013682236577523746,0.027495679970027956,0.0034785634911509034,-7.097894358829055,0.6046149230566089,0.04332986180736879,8.889969538710826,8.351555379867834,1309722
671,-0.02752796388517544,-1.537376604237867,0.3292202818925813,0.022058857572987565,0.0947001154535868,-0.01661592321181348,-4.742540862380951,0.7057013472165818,0.053059664397556994,8.634661969899883,4.985501043487105,1312855
672,-0.020258677269008072,-2.2441219477504966,0.2758996638738137,0.03003092586685065,0.13355805547820523,-0.005333904075696749,-6.326289347336497,0.6432807992606809,0.05805291348719671,8.875308603893018,6.712527111498226,1313740
673,-0.020693440525315302,-1.4899742532377969,0.08245011634492652,0.028372965820200213,0.22772959433392634,-0.0069431662065062225,-5.525988824967558,0.5934955630088532,0.05144533964611976,9.598234228642124,5.723336069896461,1315389
674,-0.021391216811204122,-1.278328558840947,0.2737232641718793,0.016510399037335546,-0.019091735683675705,-0.009022481253394572,-3.9674119992025587,0.6408430627804379,0.055715606668351805,8.415439090028157,4.168270849616759,1316153
675,-0.00653711527230352,-4.885468390624915,0.3941337476928693,0.029567257616735815,0.015573457064580768,0.002650789546454371,-7.1865551425586265,0.6747463792332965,0.0616873994712123,8.043985394755811,8.689900817203327,1316993
676,-0.009839120911937713,-2.7751989622536177,0.25917968581803674,0.021676034581444008,-0.045614394092027714,0.0005603018266328866,-6.2565158438192405,0.6585593606234363,0.051209911877421695,8.727599590616816,6.844393310152094,1318178
677,-0.035179075420462336,-1.1514678815373247,0.1134350883558214,0.026825055785527935,0.11964595389724912,-0.02250320576839538,-5.644878560679753,0.6666933453916429,0.07160500426196048,9.609054716176088,5.761122481516425,1318343
678,-0.03134233290132968,-1.1047733749110877,0.2140682008111885,0.023584266428873207,-0.06853078029899383,-0.01956924931503653,-4.410261194624002,0.6565633437241419,0.0732325094541531,8.67065887171374,4.546529227302818,1319167
679,-0.009666745596181888,-1.7541197534999435,0.17347317386260508,0.009154298960462576,0.005239356329168293,-0.0029206353126616557,-5.083566662598859,0.6909504495614817,0.044251760580448045,9.474160575072103,5.377693383106292,1319317
680,-0.032620777792958015,-1.6688857475153107,0.40386362554972977,0.0351142485285129,0.07683840805279153,-0.021526492326369558,-3.7635246008546677,0.6041488374357108,0.07562053869627511,8.07728659222359,4.116952399469542,1320981
681,-0.04956844221242023,-1.0892923564309163,0.14557377136077143,0.01976842152465678,0.19264638574255807,-0.04210211146802675,-4.945266131286714,0.5754345712006677,0.07370350831967239,9.238292463282706,5.06381426861514,1324640
682,-0.016369240258450216,-1.6176327867489424,0.17291974826268483,0.01590084364828628,0.16650296062411668,-0.00656148936740279,-6.319602308992249,0.6933383192211714,0.06300250069119902,9.483670448370663,6.523351069548942,1327518
683,-0.0027253817400180467,-5.762070982182777,0.28424543829234783,0.014022671761251267,-0.01285092050900781,0.002064489365261608,-7.190368439439476,0.5721627140775978,0.05205507797059142,8.417267215088447,9.214274811324008,1327862
684,-0.024774890787983714,-1.9014521472873058,0.2883044040637728,0.03330178926821415,0.07513034120283774,-0.01220832282976936,-5.170061651270046,0.6006806903992679,0.062087197447319664,7.935679017803442,5.508634835089059,1329977
685,-0.006458075836149713,-4.0222917212838025,0.35202383854961233,0.02237961972252081,0.04410397060653783,0.0038231004480590645,-7.262232772695729,0.6955960969806328,0.051695622897211524,8.147253369358594,8.301738103308494,1330937
686,-0.009062199037457194,-3.092854249636565,0.3356236142044039,0.022515939269985994,0.06318292625919597,0.0018280751194911986,-6.438731589846552,0.6623511583974345,0.05677959007481787,8.540071467482974,7.1430394017940895,1333772
687,-0.01963566416647145,-1.6069600164150306,0.13906425337075948,0.021911006673273576,0.194825636263759,-0.0060972689589413,-5.749161776498232,0.6221640080681647,0.05339664007520408,9.59559477958331,5.969521055051644,1334357
688,-0.02090500106421866,-2.1969544989430583,0.40251466518844625,0.036998433458608114,0.054633644268781915,-0.009393726553247318,-5.07130217838016,0.619211901196224,0.07578737889555642,7.981310089842417,5.5267273186642285,1342965
689,-0.01034010958044242,-2.826028478305459,0.3177154714541604,0.017079546659420203,0.07196658298739411,-0.0010207456256494777,-5.954322060103231,0.7619368451542011,0.04808118377849599,8.33806598434046,6.590932267564692,1343820
690,-0.058400086744611696,-1.1034644055565512,0.31335843112810813,0.05633444887486255,-0.02860147374003113,-0.03941293822712247,-4.574941573044522,0.6316087576520107,0.07131658726606002,7.805802681800999,4.7061368542681965,1352069
691,-0.04171437494239584,-1.271771177391637,0.40350188711253776,0.028525406741801054,-0.0532867545248714,-0.028640945002117234,-3.467893129342826,0.6393212672918488,0.06294131548940789,8.009110055223573,3.6937358709289554,1356088
692,-0.019043645736621068,-1.6606358924748377,0.18162524784717074,0.026882037212570754,0.1644458176325483,-0.006562740194335867,-5.91542224026344,0.6742771120118811,0.05874670494236246,9.428785068711948,6.14409731758694,1357468
693,-0.00487834889032257,-4.839738589317263,0.24365416567168166,0.017942716674738544,0.014791340954484325,0.0024923231697109873,-8.57774439231147,0.5852571138663896,0.04978654618342125,9.443213756730497,9.848896815012203,1358338
694,-0.048462094995396054,-1.2279394245925943,0.1274801348481266,0.03457044754987071,0.19609255989088187,-0.03352841098733556,-5.134537519684772,0.6342729591651042,0.05994203274337857,9.207833883855496,5.279328628861765,1358562
695,-0.00933496909783031,-2.673837635122664,0.29617530821645915,0.016337792184300468,-0.06119613741670886,0.0018014598150355389,-6.3146664819706055,0.6710984376563293,0.056737790865414583,8.618901079384662,6.857435415483064,1360167
696,-0.00358798742784333,-7.188543651042381,0.3044039407242067,0.02242737966739972,-0.16799569022398603,0.0009997052890263155,-8.709218781652664,0.586670276454548,0.0600815020293622,8.615109107227067,11.292725605877141,1362147
697,-0.031539614674371025,-1.0571258506463055,0.2798454886670169,0.014148663712685753,0.05673308254771791,-0.018178110824849124,-3.6216530472640542,0.6283360154098089,0.05171938454369722,8.805074843879503,3.772782243764101,1365685
698,-0.010797377188165338,-1.560961568032199,0.40876064616074503,0.010015617309966375,0.05417504045186862,-0.001792509063743406,-3.2369557488794163,0.686584801369823,0.05014898533962977,7.722834424283303,3.5936727086752134,1370978
699,-0.009493942692119065,-3.229310245482335,0.3957780505946418,0.028020408086005078,-0.0678897810158513,0.0031526265072670577,-6.430360447557502,0.640568159529592,0.059457086936021725,7.6907304916344605,7.19569177682654,1370993
700,-0.006066739480078428,-3.177290141798577,0.23108212539999692,0.013669147258222675,0.07437474059955707,0.0015924652566455552,-6.534251564332509,0.656044850872396,0.046534414251209695,9.125307342406403,7.265783932319503,1371548
701,-0.005286065574180711,-3.074094403075044,0.31589579993180494,0.011242816754101614,-0.116443041140896,0.0030799007779304085,-5.459925766162758,0.655154891958279,0.03812293157566564,7.80503882437692,6.26584757004392,1372058
702,-0.08233493431583198,-0.89306676990066,0.16323568433069616,0.07620061853629223,0.09407182867839683,-0.06412069764778876,-4.605689747332332,0.63227560112259,0.08012834607838917,8.544359078472946,4.691475919599605,1372762
703,-0.0028064250583739467,-9.186620602033102,0.31920815903592686,0.019647112070329424,-0.016728762184979686,0.00019459281810463422,-9.096079493647364,0.5780810164682357,0.05905557687303714,8.306185511681633,12.927979743194648,1372807
704,-0.02421626256282173,-1.9021612594085264,0.29448033320313655,0.030554623616907212,0.11727062185201656,-0.010183515959931987,-5.25256436606498,0.6741836392420223,0.06086188614835482,8.33977312093815,5.586380749326905,1375791
705,-0.01429098866868349,-1.43409277953078,0.15348569988235913,0.016792563204510357,0.028325005324603234,-0.0020502832319554093,-4.862512592047609,0.6717080617753292,0.04820789327412956,9.428937750566075,5.069580930227258,1376271
706,-0.023599859940615298,-0.9671387288430588,0.07804567453496655,0.01589625744317483,-0.03454222338904807,-0.013586240436772243,-3.664975036691805,0.6400501655405394,0.05386392692554232,9.39001993583823,3.7904352441906015,1376286
707,-0.023401141252721698,-1.3945749418699191,0.1249857690897641,0.014358160699889284,0.24008317237583765,-0.015798495253235314,-5.173294083744469,0.6859192199886155,0.05592748039630944,9.433107363238744,5.357967053407198,1376436
708,-0.039316940889176095,-1.2526200585752703,0.26257882497975804,0.018674468422179274,0.14953122259332277,-0.026234223678326268,-5.003492516189268,0.6203233133991646,0.06393236386353528,8.734234660599654,5.157906006385452,1376676
709,-0.02338936697904385,-2.1693897764257706,0.3503530833926357,0.036939256087074095,0.1056622968063662,-0.014270273551563066,-5.382421435969896,0.5960878435964144,0.07653000608538565,8.468734715689303,5.803164009094425,1377755
710,-0.011945104882302441,-1.9899138547339463,0.2939917832729603,0.018913048619715406,0.0856795749323377,9.083214151626514e-05,-6.095786230911266,0.7217335260448136,0.0601941936523407,9.061469269229535,6.4123604797476474,1378580
711,-0.0030379337558546454,-5.299404375636693,0.19075977063060426,0.012845004367571976,0.03482492068695908,0.00020533895414963233,-7.756222390269432,0.547496280328737,0.0493295539922019,9.413874235639959,9.393757102663141,1380455
712,-0.016520422303694833,-1.1031161075526916,0.23509397140034866,0.009669556061966409,-0.03895792405633132,-0.009541342024581158,-3.8883276465022965,0.747681664717151,0.050297434840231595,8.54334112841222,4.041776469981522,1381130
713,-0.005572304021046719,-2.675296090592151,0.2709361189420586,0.010577170750856056,-0.05416046126716474,0.002649618353394561,-5.808333490451043,0.6783932192195314,0.04200401204872418,8.723699639569919,6.394837535749664,1381175
714,-0.0028949135248546734,-5.638284716439907,0.20475196336478926,0.012449377289290242,-0.11627372405306322,0.0015516544271456727,-7.433489537906326,0.5768154450641069,0.044474529301446616,9.163653879632394,9.329899316380786,1389210
715,-0.01513136402842302,-1.8682893287950526,0.16353242528275694,0.01948216011528833,0.11648042568948472,-0.003758240270445188,-5.972062265369925,0.6324515908786333,0.05310087007147864,9.57780802455335,6.257478143593059,1389390
716,-0.07520287823910161,-0.9799450887546001,0.4819201575431085,0.03915893526804849,0.08773036856164577,-0.05793810081993271,-4.058218955414297,0.6523686305182617,0.08688432163517773,7.921744838617392,4.174857299005341,1389945
717,-0.03474671039659262,-1.2332601110734407,0.3176750802683069,0.01971171001085058,0.11392340208032344,-0.023034377677276813,-4.8457623570005754,0.6660896354815081,0.06834951247584238,8.502648843599124,5.000234326717964,1392809
718,-0.029947889153237598,-1.4567672884715097,0.21327520060294075,0.026829191208265296,0.22499127639639727,-0.01513782340806441,-5.715511052868705,0.5695888410718489,0.07228438003019919,9.512276631514247,5.898240206046628,1395372
719,-0.044620225718388265,-1.1285803295701053,0.3654097424670507,0.017156031267068408,0.10689721718180659,-0.034157795704493225,-3.5319289797071467,0.6608491695059054,0.058744318779629816,8.040995039227617,3.707858664780487,1398012
720,-0.01883385759089792,-1.5420183779218057,0.29430531952017314,0.01727419776211375,0.10868349626865069,-0.007555424999904779,-3.985094038024748,0.6458459937362969,0.056683502596040054,8.45516108453806,4.273031145422297,1398791
721,-0.0025704240277950705,-7.102928246505591,0.2907597821876516,0.013637524599239398,-0.04782051062882614,0.0005549548437753831,-7.623862909443582,0.5878983673255783,0.05139904263453348,8.059020079311235,10.41992683933033,1398896
722,-0.09953465426218529,-0.9917664590537885,0.3229412956008944,0.0366437407521294,0.11513420401764092,-0.08222445750440412,-4.37781993471577,0.6058689026016595,0.07346101617899672,8.123958407260595,4.488753511844783,1399842
723,-0.033832791786226925,-1.4675392528348552,0.4383405959399858,0.03580226993422086,0.041481458811423344,-0.023466463292253888,-4.917098714710107,0.7139954372254399,0.07864395436231854,8.119969469307565,5.131425847541292,1401012
724,-0.07280463572922638,-1.0978478327045205,0.3617345181136386,0.04208817183035998,0.03729152951048449,-0.05945433227014515,-4.101300868995281,0.6219428802775453,0.0881903179285348,8.037062382765354,4.245696489599258,1402992
725,-0.009901058053462352,-1.8691288734676994,0.16682874804738806,0.010650566418280197,0.14183764752326017,-0.0008129494626880863,-5.271708533592356,0.6666038394911836,0.04273850443310586,9.436703621185094,5.593259658623145,1403517
726,-0.044729364244795816,-1.012047645296659,0.13083851483061032,0.02249373125761598,0.05253282350243786,-0.03148576065463341,-4.816299687450212,0.725999269541622,0.07152471977018689,9.30096240249959,4.921481800807916,1404176
727,-0.01431301495372688,-1.9763696857521,0.1826218149960365,0.016731733130754618,0.14563556427799274,-0.0036565044657740006,-6.159832392046812,0.6505944423417093,0.05333376369345544,9.444616516034944,6.469124533727033,1417482
728,-0.11258204776450315,-1.0606013650416648,0.12995350601537928,0.04898758254672018,0.15741421022807567,-0.09347994323759161,-4.6099803121998795,0.5935646106450537,0.06261961343897021,8.978761140085604,4.73041158192379,1417647
729,-0.01598156890374805,-2.1114551215186985,0.4365657829615972,0.023224627896974492,0.06463031612776342,-0.007532785312178398,-5.5542748091734415,0.6910841392788619,0.06919872203907505,8.017015899773217,5.94207130435223,1427949
730,-0.03296755567332229,-1.2513436023785656,0.32279966634109464,0.028486305010084787,0.1809886062652533,-0.015088707000421728,-4.828219870012352,0.6457765282471071,0.06286223996163452,8.454131137998532,4.987741766009529,1428788
731,-0.027458753571717658,-1.5010980148641109,0.2271967835887745,0.03723878192469308,-0.037587728086773894,-0.012704628339988578,-5.318184702326103,0.6834908483420848,0.06925810796634199,8.833034253493937,5.525973559318245,1429104
732,-0.005155179829332335,-4.556111180219265,0.24528047972131306,0.02316719025323211,0.015708627245100935,0.0037550451297887616,-8.291698391734771,0.6065109591689627,0.05054203037681478,9.359463429844661,9.460994202831749,1429209
733,-0.0675274687736472,-1.0330822671765674,0.11683557292972321,0.039239713300432716,0.039477963871553425,-0.04717676840504086,-4.903521201191152,0.6141549536142569,0.05922293988609936,9.270228195693907,5.0111654474069995,1432163
734,-0.017298929968165077,-1.2903502794318717,0.1678811653626509,0.013161052028930562,0.03871143522512573,-0.009840285046987366,-4.675716661067438,0.7465911213079169,0.053173640706165246,9.010477413381842,4.8504979268332375,1434127
735,-0.002160099805002039,-7.433248430893437,0.27992024990826203,0.013428556562862723,-0.18273053935324643,0.0010507000300739638,-8.420174774128032,0.6052575368694817,0.051304205451731,8.560407598099191,11.231764129567617,1435073
736,-0.004871109859177738,-3.3614476315268256,0.3328458434602559,0.015437049359657225,-0.16936811121970888,0.004361084840687618,-6.7161986744700855,0.7235236395517113,0.04768248006513127,8.382584819633863,7.510436393076706,1436048
737,-0.01073116799931248,-2.0891262836146334,0.18342390610521653,0.012986224182345917,0.015285856559091213,-0.004349848090876381,-6.07415522100179,0.732308549696242,0.049405551047372896,9.369333949453605,6.423379973013647,1436198
738,-0.021790413886325646,-1.3170740424343794,0.061928430862878484,0.01760310249999233,0.15580845422502893,-0.012137623091674142,-4.197247854569458,0.5716656993681403,0.0430113407366415,9.622235674002484,4.399042348732546,1436363
739,-0.003880212890196337,-4.604806640259482,0.20337155466464832,0.014336087641485683,0.023212605262076882,0.0009375437349421236,-7.789345253251757,0.5839470766613717,0.04874066789417527,9.53765547348804,9.048654246269635,1438388
740,-0.020965594213396267,-1.3273909480566874,0.10713848773844455,0.013882333682224466,0.18484460918269996,-0.01273536865293661,-4.243466156873775,0.6613887926428965,0.05081723351054307,9.553595304687837,4.4462311853429215,1440352
741,-0.022532912721517424,-1.5572618024856548,0.43315550260514396,0.022631225564568414,0.08736354091138897,-0.013743914834550446,-4.941179297528542,0.6724757533674481,0.07761197040682848,7.9918721400308295,5.1807641494093835,1442946
742,-0.008534312219924218,-3.7385493922757735,0.3418580869140632,0.02524895345736772,0.00427986643474905,0.00451752520504169,-6.824745076481814,0.6486433254201716,0.05278086470818621,8.00646960540005,7.781638446847059,1446997
743,-0.010428176937286033,-2.3919751463683423,0.18971387112544869,0.016289355631846594,0.18361696672926534,-0.0012686580610299907,-6.400204618411379,0.5906296732748854,0.04921466616946685,9.31891176001044,6.832581083190905,1450492
744,-0.008272399574146438,-3.40695462973394,0.3577231441684258,0.02705497716005147,-0.006569764057792966,0.0038642741675115133,-6.587776949028045,0.6605969209204379,0.05697303532342847,7.817293570223949,7.416612769938228,1457961
745,-0.004532576503913267,-3.899463448795178,0.3430353653461929,0.013228419035925384,0.0059017813156717275,0.0029501243595211053,-6.664355945950283,0.6745575180267195,0.04481338179191184,7.911428030014841,7.721363568879041,1458876
746,-0.044964063414245636,-0.9356121126297411,0.16937975457024523,0.020524352351508783,0.024267322648453632,-0.033917331911128994,-4.41863996520465,0.5828430171480441,0.0728519110317971,9.057191455626901,4.516608148533946,1459131
747,-0.004974719721306115,-3.856861023093006,0.18022957949517485,0.013945263418808446,0.07093541088360392,0.0006119948062561661,-6.605357781072428,0.5530124819964745,0.04563073043895376,9.463583285129607,7.648929883809114,1459386
748,-0.009206968710252826,-3.7542102739074066,0.2683371322711378,0.025013035785785367,0.09832659645417632,-0.00022555525426552742,-6.424902653782642,0.5458480653414459,0.06155109576227559,8.716161397616409,7.441335155151605,1461638
749,-0.005109623142754403,-3.998503076323515,0.1939905470196139,0.015986842791163372,0.12043006417410798,0.0027927064403454474,-7.775601404089322,0.6076931289255296,0.04634456460071658,9.602580456190601,8.743454926208772,1462283
750,-0.004686984842721957,-4.407458152634235,0.3750623893663955,0.01628273894622879,-0.009430368221299173,0.0033681015888369662,-6.830218526819037,0.6719940578168304,0.048979768277815444,7.824089534139904,8.128811259423115,1468909
751,-0.01673277167511967,-1.7897425072481004,0.34580571884254097,0.020539993612680774,0.09229220405115553,-0.004685856528830336,-5.064049807608005,0.6581020658855008,0.06062000740429209,8.295566120880132,5.371012818471521,1472823
752,-0.016607324705004766,-2.6181809079179708,0.21688157482677453,0.033287006432388286,0.2091556545173649,-0.0032536405460474598,-7.187139572557888,0.6266078593562749,0.060027805882596194,9.653038061310953,7.64917292927894,1476451
753,-0.02773741073500561,-1.4028516526182546,0.13786174452268818,0.027666791327539363,0.22055230520225907,-0.013335126774505372,-5.826246390163337,0.6034812658977465,0.058235735950443984,9.516708825271522,5.99275727509008,1478311
754,-0.005514415057596713,-4.200447551018377,0.22414229600557847,0.01852433344663554,0.07020060831107316,0.0010044511635466746,-7.206980316447205,0.5413125109559209,0.05342308357474499,9.384839412582567,8.341721939175013,1482479
755,-0.025619529239139398,-1.8517778993548675,0.2801194116778791,0.03729299372499872,0.1341875428035011,-0.008576205104485129,-5.503098548815241,0.6363148516107175,0.0633746636057841,8.335220201587848,5.806304765210963,1483829
756,-0.0033274477600425045,-5.2454001147259675,0.32219626917719973,0.017354628943608584,-0.06250871835939259,0.0030039261723530533,-6.67199373196816,0.5731742958153587,0.054724134721673715,7.993928871658434,8.487032621770085,1485914
757,-0.04154916606795856,-1.294013861487112,0.07909520770322306,0.05162724935920422,0.22472691265773956,-0.024220138608153006,-5.318314168155863,0.6175371191339327,0.05827082443750163,9.557544440196818,5.473475812034633,1487278
758,-0.030252830514678856,-1.4511323533794733,0.20841969848739303,0.024455813801535244,0.062902016207351,-0.013843328733608362,-4.160597799168113,0.533223923433198,0.060768825596679926,9.53814589261836,4.406399795010343,1492242
759,-0.033119721241150465,-1.1740473021982722,0.07617580055564331,0.026243573429461545,0.14990624566976102,-0.019377388610950768,-4.8731875124358845,0.669377045799514,0.05998688248719982,9.520310302205626,5.012618437419717,1494252
760,-0.011764889273046862,-2.4460112144514037,0.29966624702841976,0.023161962342540168,0.17380068796399303,0.0013889653428471342,-6.463689598317126,0.6971067939111703,0.05574184868512814,9.019310777649183,6.911024098106954,1495601
761,-0.002780207671654649,-7.397098876035158,0.32158232785391366,0.015060860739033758,-0.042187457695502535,0.0008656998885570156,-8.16159693663365,0.5964613312180596,0.05335199409837216,8.151211323288425,11.014932425480803,1495841
762,-0.04622307231441988,-0.9374619839491294,0.29267359222315537,0.010111586368921873,0.10021978491347845,-0.03916740701513733,-3.4578555622934473,0.6610396698944184,0.0515413115355261,8.09965118497524,3.5826805692153982,1498932
763,-0.021813238230300732,-1.4529073940268837,0.26925531867144537,0.014413858338827119,0.08938603709255306,-0.012136782113589371,-3.703745242272209,0.6654249387812875,0.050297649782233354,8.453161050807735,3.9785259475428854,1501750
764,-0.044251530111246086,-1.265142174403982,0.08240003973906931,0.05110050445754133,0.2850698232468692,-0.01978196927201262,-5.392198466216947,0.5431837244701045,0.06239827674784166,9.442356666242455,5.538626997779146,1503355
765,-0.011186213519379476,-2.1682929278052274,0.18643617967229367,0.015744452890960905,0.06103284177679562,-0.003397772609130961,-6.635033962429392,0.6290883755541109,0.05954356579652001,9.524908281449475,6.980341675259289,1506443
766,-0.006965394014732917,-2.369601867167616,0.2922859609012063,0.011987682675021484,0.0803919424335989,0.002289457684719386,-5.767263532938999,0.6948303852776614,0.04470384312215405,8.724206300029309,6.235089547653048,1510627
767,-0.06395906279727746,-0.9817126415882812,0.31370114886311995,0.04388125164015566,-0.023632443071382462,-0.05063551290423272,-4.331377792418142,0.5925198555444562,0.09032257894501702,8.809844803611224,4.441237810713055,1511077
768,-0.0024396471881224305,-6.693408926528537,0.2214477358792129,0.009882166064819668,-0.027055454601448092,-0.0005024726296867185,-8.043410023517277,0.5605390206798553,0.04462859655307565,8.991589069253676,10.464137225024817,1516612
769,-0.003939768298164394,-5.916689795586247,0.36313473690232667,0.023476003540705538,-0.021702054876824996,0.0033661999739602526,-7.94005793263061,0.6589365005350215,0.05551502738864874,8.196857222539368,9.902107761013546,1516822
770,-0.0038287744030565786,-7.724375915012756,0.24825618040007935,0.020207529971742483,0.021244757170625825,-0.0006320419164955181,-9.458767179413858,0.5760159581647782,0.05745521330840311,9.407416319029522,12.212053874381079,1517482
771,-0.008316477182071784,-2.3177276851669584,0.29534508964216666,0.010874539063754792,0.056015941917914557,-0.0022299307776643745,-5.484231985663618,0.7241494029190179,0.04489078504289141,8.75022703647988,5.953877903951785,1519671
772,-0.004169482383606798,-3.3734966557319193,0.3667788941215962,0.011925135341545115,0.006401834550111022,0.0038319560227898985,-5.838229909465997,0.711305867075123,0.046745020558714254,8.019759933849379,6.742804176454911,1522866
773,-0.00618346226087245,-3.217718576935764,0.36724640387827184,0.013456294355525464,0.009745149036260345,0.002275122186044429,-6.398229142941177,0.730281588023484,0.04624832727111826,8.094662123294926,7.161776944721142,1524785
774,-0.008178426364299865,-2.1322260620513105,0.332347607635934,0.0107177812043159,0.0039348060975564255,0.0014785626045248973,-3.9607214452918393,0.6379099508594556,0.04134156903243706,7.959097868351647,4.498188785154033,1524965
775,-0.05933562394350309,-1.1172884102459157,0.22364550119071663,0.03741178615568828,0.10747822782632487,-0.046570113931280244,-4.877881208201589,0.6290539195510726,0.06396815738753447,8.552481110893375,5.004204079870847,1526719
776,-0.02308092964486626,-1.4323860925258816,0.35620390521540873,0.021069208302475512,-0.01544182674999223,-0.01191307177305715,-3.981569335158076,0.5756963313997656,0.0662959980933853,8.955138929812772,4.231385622787491,1527094
777,-0.007941341997087521,-2.186376510917645,0.16531162625233217,0.010023640708160433,0.1512793570987352,-0.0006002972026630628,-5.159550390068883,0.7122208350159677,0.03742976627144031,9.415485461620209,5.603677584868029,1529464
778,-0.01258056570406756,-2.3849729614416915,0.35102446106155766,0.03160473646250421,-0.057624487161196884,-0.0013889343562296706,-5.3193036921057,0.628678737350948,0.06999914246155466,8.582092703020123,5.829501504902224,1532028
779,-0.001900635502164013,-7.873809692326454,0.2787370390596673,0.010560484376799042,-0.14824654278070257,0.0010017391631580662,-7.85591759752107,0.584786126924357,0.04654554933227351,7.9853803049716525,11.122604028284709,1535913
780,-0.03719999473930485,-1.2440286277184383,0.3763221002286509,0.02609123471328952,-0.006289103296526582,-0.02413090083812548,-4.961142259608998,0.6672125512311694,0.08387596911165028,8.343832753628794,5.11473750515716,1536993
781,-0.04325560242966857,-1.347895736261129,0.26845717591478013,0.037764406141299924,0.10146484851723342,-0.025831557123371963,-4.710495418476153,0.626944607991158,0.07336919790980925,8.23602850646596,4.8995499796732105,1539812
782,-0.030794079702525318,-0.8577198171001623,0.17484967696663897,0.018361525291574147,-0.03636728348579378,-0.017787864077659886,-4.381647836551399,0.6427666687357589,0.07098258016285808,8.733947112501944,4.464809183851186,1540037
783,-0.020112653840087626,-2.1982188346838885,0.41565468501410224,0.02697588096558298,0.13766535618820738,-0.008186729218223575,-6.118769899572218,0.6780299271108848,0.07171889193060577,8.208817313797438,6.5016544916713315,1540801
784,-0.021975827188828567,-1.417976034629953,0.3233192742521407,0.018278149958735265,-0.01882413841436756,-0.011382521327633226,-5.228077301782199,0.705269150596556,0.07487821765015476,8.781438583864226,5.4169593231069335,1541056
785,-0.0027642881353637785,-6.721132088333489,0.2231777664677384,0.012920207535749972,-0.06174128453900174,1.844255105815341e-05,-8.71985744912237,0.5420415951134098,0.04921529355637158,9.324353498016773,11.009519993253157,1545135
786,-0.05749348172581664,-1.1249870805359188,0.3486977284888214,0.03340359252408694,0.14022886055158962,-0.03871481729711959,-4.625217157711754,0.6143348502218838,0.07961554939963136,8.752659055646976,4.760066143171114,1545645
787,-0.026340866640974053,-1.5181797457063908,0.16884898775300877,0.017223916995169897,0.21880462748223417,-0.011159148107924174,-4.959387368732577,0.6397759365204584,0.05622375187007177,9.293952515727899,5.186558860498679,1549470
788,-0.02594600970721018,-1.1714395761420895,0.18109462114581115,0.010135812808797419,0.1350155626494139,-0.019775583536001822,-4.309781144745469,0.7045170327414285,0.05255759716409846,8.801612743384592,4.4661486983927805,1552649
789,-0.02197752020802696,-1.9759610081536956,0.26195106007225266,0.030576083412186223,0.14139791166607155,-0.007495204424508983,-5.600918374779792,0.6345287000527463,0.0562910981700808,8.419448747838588,5.939251514011651,1552724
790,-0.016736474285343857,-1.5268603352462835,0.2979897534406389,0.012025112736585035,0.05013866303143708,-0.004648268627520975,-4.135623744963225,0.6783914703711202,0.051546326918542544,8.07716763646722,4.408478903573435,1552919
791,-0.00873890493698142,-2.192982176248311,0.16360995318583982,0.010267322440741963,0.05025154903731029,-0.00014815758651963863,-5.360398240711701,0.6237527276690632,0.03819207290360412,8.986703446543002,5.791635358373996,1560551
792,-0.010390156984016257,-1.9910508465684784,0.14755498802075753,0.01326315524040479,0.11911450909132863,-0.0030867551402442048,-5.810800538014743,0.6770085992068863,0.04842121398792311,9.52976663300744,6.142449541202067,1561406
793,-0.020980570623553303,-1.5479267721687422,0.20565491373089528,0.013783508588566667,0.22226686569073278,-0.013951922520281605,-5.777895011416448,0.711672335113804,0.06014986082118289,9.052194786886009,5.981650947267637,1562500
794,-0.016550378207876096,-1.7085863710076314,0.30654869001188473,0.012409157436379424,0.12082157955622062,-0.009852284963303495,-4.290984264016459,0.714543878871264,0.044944469771279076,8.283078256251038,4.6186376066140875,1564779
795,-0.026752896129462876,-1.610695122384706,0.26784272247608165,0.038658659244020614,0.009962092101390315,-0.009058141304476828,-5.30109874517049,0.5924083918878121,0.06773348514369801,8.249117161379715,5.540395895901486,1569954
796,-0.0031999977140003844,-6.782860012849036,0.2607097152606315,0.01908317200940297,-0.1717001179620078,0.0011804359762982522,-8.944268889722244,0.5790172907822582,0.05371519102222504,9.17841873673585,11.225290015209389,1571078
797,-0.006986870900012987,-2.8114380123010494,0.3353189147807772,0.01698350602635986,-0.08788315631546778,0.0010256167467779791,-6.309372404651788,0.6717647506661613,0.05737511489158228,8.67381031068255,6.9074136865829,1572008
798,-0.05825470844468186,-1.0771449784741693,0.11165609937843315,0.03845759685836307,0.25056921796415754,-0.03859699742276379,-5.329319471198059,0.6073160156476594,0.06344565899158289,9.463394007996312,5.437084451316061,1574422
799,-0.022796269344293806,-1.7823656645521293,0.19407508640815435,0.030690059185217528,0.14224797422323768,-0.00702144228640166,-5.670785813209259,0.6300514779206444,0.060138249992571786,9.055111111257563,5.944294668122513,1574572
800,-0.01744307002373573,-2.2031731121646936,0.3631831220909984,0.02544660040076861,0.13417781670361742,-0.0060926453661732305,-5.537218044034935,0.6749546760150422,0.058938927212272244,8.240852165717676,5.959425763389585,1575833
801,-0.0062732746207545854,-4.527764365607391,0.31783394466203874,0.025573182086225988,0.03158552694513068,0.0026093024046824754,-6.390368209086543,0.5687396883863876,0.05681125727984473,8.186495103902685,7.831823286959944,1575878
802,-0.036144604724919635,-1.3784748765718249,0.23003623252403813,0.03981154703896826,-0.0026497631146346614,-0.02070020889911682,-4.967809710695592,0.604552980397598,0.06695754924245821,8.273143885015767,5.155514165146007,1577961
803,-0.00840004776606507,-3.354842352960462,0.3151164906310324,0.02336017671033097,-0.09017063184857023,0.0003142402619530848,-5.591271847434227,0.5627750863667134,0.06095661907668668,8.36992437732296,6.520528205991278,1577976
804,-0.005470744692405297,-3.0041702773648993,0.3005785995519325,0.010604272002266869,0.02378393929153827,0.002294415894761558,-5.767564217650205,0.6741929943610562,0.04000728228723287,8.278235722983377,6.503063590348914,1580826
805,-0.017135304792352635,-2.074534504653127,0.31040218552346854,0.02954208547849896,0.0892673419792313,-0.004230901346431569,-5.291394485839581,0.677445951218477,0.06194153125285477,8.361731588302181,5.683533145480013,1585926
806,-0.00492892361266987,-5.642900865558811,0.35456094420890777,0.023347204260618197,-0.030058578689674723,0.001515640550921986,-7.996828102857728,0.6608944000394535,0.054409042465670764,8.291034318458173,9.787317808530563,1588955
807,-0.02984186040390828,-1.405692425577537,0.3599846859053821,0.022209194041106,0.13105114524981434,-0.01676855101376102,-4.878974824559729,0.6327361280275082,0.06908008688960605,8.236624755805016,5.0774370044357715,1591894
808,-0.01899981696379134,-1.9109929702859425,0.3833087684410502,0.022259521004335012,0.07424674215101772,-0.008474505333475248,-5.384820009072254,0.6908301079050849,0.06507955935785131,8.31334848607823,5.713858649160583,1593918
809,-0.003599969326231725,-7.976053676040937,0.23210634489433668,0.015276378735988357,-0.07845745995510132,0.00039998661054070725,-9.145328185667394,0.5575392311700836,0.05129070634881638,9.40837447141886,12.134844863723995,1594098
810,-0.007829055562765622,-3.508877447678596,0.3223386233261048,0.020619181349655874,0.008579749377466112,0.002579172428344113,-6.991298777463473,0.6475113980210419,0.0546293580721248,8.34109192394995,7.822434374195139,1595777
811,-0.030330039967274167,-1.4998164108683891,0.19308868309088772,0.022670125332355948,0.1824926864120378,-0.016761659106196387,-5.817008472303562,0.6567503922181434,0.06352537241529255,9.415660722027798,6.007248690803599,1603559
812,-0.00459136031763536,-0.846273855990511,0.21529706031233425,1.2571087518114e-11,0.1249791125942973,-0.007522558278395828,-3.941737061573995,0.6385715607149601,0.04015796256861182,9.911425799315065,4.031559313952734,1604264
813,-0.0081583250859377,-3.1679073719445237,0.24638446522367868,0.01359224170650005,0.13845651123692687,-0.0010481142969224406,-7.292092404943631,0.7054729920288653,0.052604509877615654,9.263518922663799,7.950487328425663,1605568
814,-0.031475807801908076,-1.2229184241729403,0.3863400507406247,0.024392483791187414,0.10747331074269634,-0.019119205292438473,-4.928055754518397,0.6664102297217426,0.07929278425749321,8.21977408176679,5.077525282243656,1611867
815,-0.07946974842622877,-1.0289944873877528,0.237077316004498,0.039555392594811147,0.14076473697582828,-0.06018870166135171,-4.643413857562857,0.56531105188874,0.06953595553521652,8.374933141877476,4.756061596287537,1614822
816,-0.0038291875637954487,-6.178822951210954,0.29855656520823814,0.01751937013241941,0.030984340872379605,0.0011775767388590487,-8.099085399932271,0.5797576325814833,0.05620122670678304,8.639829869088926,10.186905191362454,1615706
817,-0.006714407916440449,-3.5127618127244555,0.18455160738825696,0.02240809609928591,0.12061362635614536,0.0013552103200548343,-7.369553406263311,0.5988618727989744,0.04919433538823289,9.514234992154062,8.163933669543278,1617236
818,-0.0035897455447039196,-6.947930830719547,0.2838891907248958,0.02232944802206267,0.007766996842445018,0.0016330577015298891,-8.630090500903815,0.6085308309148205,0.054932381789912305,8.550467730703234,11.079359407576481,1620745
819,-0.01977321685850208,-1.6254021430802124,0.18037410853605168,0.019983766985110223,0.14684267198906836,-0.007882099533225962,-4.465937873874365,0.5571140195711275,0.056600441194349864,9.327394109080146,4.7525291393146905,1622440
820,-0.008464227076780639,-2.0508156631433128,0.1240975770041671,0.01127048602767329,0.02481631563024718,-0.001280599333337825,-5.40082651767924,0.6907868350267687,0.04377994633843653,9.406240685620189,5.777090267449628,1624165
821,-0.005918869396359167,-3.954876719880644,0.18620003150421358,0.014732075532097693,0.20898508949608158,0.001146993220515727,-7.733596091208286,0.5923646269513936,0.04836220755292983,9.620812912250619,8.686170523965435,1624330
822,-0.04105540371313425,-1.3267056238382156,0.24553545736985508,0.03548239788521421,0.12515381322502622,-0.025508200433057286,-4.82957943980629,0.5966689087542781,0.06410665464229363,8.173430166660639,5.008491327508073,1628873
823,-0.00948050135715814,-2.1881676988037326,0.2874549275976037,0.019741023234224584,-0.07232380548122525,0.0010782846718189849,-5.904188041753819,0.6628457120486148,0.05822320164453331,8.760130468493722,6.296627217048569,1629023
824,-0.017550738504252966,-1.3934521665466497,0.17689762230312409,0.013487531108036927,0.1560833566037879,-0.007518850297141775,-4.586983521094603,0.708272838880758,0.04644040431709333,9.302750284952742,4.793967747414139,1629503
825,-0.012399950919389708,-1.725739205868802,0.23505966042756146,0.00987849590583532,0.15894790966460381,-0.004637935662239237,-4.98193959931673,0.7842186140675668,0.043712295765493556,9.214565134362857,5.272371191211107,1630539
826,-0.044613212264031504,-1.2333459116772976,0.16515506478577624,0.03715445506994727,0.07526958886714039,-0.030168192722987482,-5.452896473107749,0.6344623402236055,0.06492074749911776,9.115458363440952,5.590637001655718,1631094
827,-0.004147558968741846,-0.7901000255028607,0.20762675519876858,2.7053113982804405e-11,0.13516727399940065,-0.021001708282638653,-4.161376104481465,0.6545557451514493,0.05346890981801914,9.358539560509431,4.235718254705919,1634152
828,-0.0038265358540843734,-6.1584259464854645,0.2613850496595995,0.018882790183208053,0.002968248703747151,0.0025541685640477255,-7.90030284385557,0.6007528420817619,0.04896387772013857,8.624145633540548,10.017035248164888,1635712
829,-0.008059878538423878,-2.074221039622877,0.1277383787697872,0.010872957786705327,0.2136889611393852,-0.0010960740215635026,-6.189021067601018,0.7057112311740544,0.04544413534100736,9.561037680180798,6.527355873278509,1636372
830,-0.01624135627279022,-2.2805470555186362,0.25944102915540457,0.027518104773981384,0.11904231666729576,-0.004465833644924907,-5.6548752197765895,0.6192767695351402,0.05474570889216332,8.25915948592149,6.097418193274762,1639851
831,-0.05594418440039201,-1.2846443480886387,0.26739276757063063,0.03407637860519645,0.14704917695043526,-0.03815071256452441,-5.011402361134329,0.6287931451037225,0.06855269878238551,8.391523345196285,5.1734383852771275,1640810
832,-0.03822977134878542,-1.0613421995598622,0.3045645161168884,0.02814749640898102,-0.07051235456224421,-0.025002707550032928,-3.306025056020202,0.6678513613537941,0.05853312736141574,8.182846062068291,3.4722109578192315,1644948
833,-0.043054274864306324,-1.2578519175200849,0.051434468014467716,0.05142162734324697,0.23810368635461007,-0.024616885734884304,-5.571187649542555,0.5688969935648238,0.05620611661830993,9.780631291453183,5.711420425150337,1650273
834,-0.0029986904390065846,-7.066757905611385,0.23164324907780176,0.013431517856075863,-0.0075465878320254125,-0.0002644339858336736,-8.901441119290897,0.5839784548798692,0.049903656912819,9.280582077488981,11.365505765108907,1650513
835,-0.006304270068678088,-4.315467050311304,0.24213685733568135,0.019692267533193888,0.13626999502220805,0.002565582601741297,-7.278381388256234,0.5828054446853863,0.04781159664873706,9.225979260255812,8.46156554635354,1652536
836,-0.04531378387563761,-1.092901787683739,0.1646538117362131,0.029236280670553123,0.12626475157917078,-0.0288973457518451,-4.7128896062014025,0.6239767655034146,0.06769467429737998,9.061836864905647,4.837950264085351,1652656
837,-0.004182637351067381,-6.24762239397609,0.2727593454022064,0.01966125456396984,0.1289347868368173,0.000913076938502115,-9.059466828202812,0.5865826862115406,0.053708461663699074,9.37443192583267,11.004850057543656,1654486
838,-0.0028000091964028116,-8.18852368263301,0.23784113859255965,0.016223219329583292,0.004406190169728442,0.0006475266040332936,-8.693084771646568,0.5604238740532412,0.04893962572323271,8.872685199269457,11.942430361868356,1655625
839,-0.01430546545644303,-1.7151628921773265,0.38107830592218855,0.012254735554506794,0.08451297905592282,0.00027887842041820473,-4.070289174924221,0.661372641504646,0.043542722250358726,7.9223882013590865,4.416903634245079,1655910
840,-0.012795443675772804,-2.7546787885902977,0.26433074523404554,0.02497452842708685,0.1147661089505362,-0.0017380348329427246,-6.3551212986321,0.6230695919428559,0.054069660122155215,8.569127283717094,6.926458109931558,1656705
841,-0.020192021620100163,-1.3564208740028434,0.1702472627391613,0.013044447446888608,0.12240909783343455,-0.013414672784790352,-4.814440285136106,0.7285724286037855,0.047228695762384754,9.265592088810997,5.001870934617573,1658565
842,-0.10241572716116101,-1.058655095174292,0.4448552287209052,0.03922095137944337,0.13033489080718078,-0.08595337751533268,-3.8789126001651573,0.49146559114355626,0.09352679825724546,7.9393038972053915,4.020785193250009,1662928
843,-0.008799892242737528,-2.2873309471088867,0.14909948594997882,0.012694303316347386,0.2240278615159438,0.00018367549597669378,-6.2230161255769305,0.6538901898770969,0.05202967656897636,9.685027207367026,6.630068820215409,1663333
844,-0.0060063053773394565,-4.136661999007885,0.2507500996396527,0.021257464111482514,0.050695626539910756,0.0011636181141699595,-8.084428926182452,0.597040724448723,0.05562269279118408,9.599445687301953,9.081297459974069,1663378
845,-0.004339491327032501,-3.9428743498242977,0.26640644036929556,0.012331017620484714,0.04384342411235784,0.003967340427177921,-6.883386696187652,0.6597580500540446,0.040322630135531404,8.70872331364152,7.93267108531266,1668700
846,-0.02600023283125359,-1.3721226035719893,0.13430811545182172,0.020461804995547856,0.059012674226596375,-0.019344618259619417,-3.985044301480176,0.575951847560955,0.06462316329521214,9.672579235298473,4.214652835524274,1674310
847,-0.025853217201945725,-1.3088302072467042,0.11809452496422826,0.015363134774937906,0.1395545877116476,-0.011800051913301857,-4.827816950239033,0.6500733398302828,0.04962908202542517,9.621538501727747,5.002084866974647,1681250
848,-0.002623243487991664,-6.530004105065984,0.23324639044295462,0.010536803377478008,0.01915079436037933,-0.0002432390930662803,-8.235508523393355,0.5540772053078783,0.04899808303067706,9.011631943022781,10.510211903242636,1686544
849,-0.012156769462321224,-3.0296705922497145,0.328662772905845,0.029352198617249376,-0.038454736543036216,0.0018671116743658204,-6.2855078916265095,0.6294225493237944,0.055712912722958426,8.152584455711903,6.977572167540933,1694941
850,-0.01376466589076067,-2.4449036167983484,0.23112215375183487,0.021147540103562075,0.13988619484464457,-0.001319534040877353,-6.2717766543181375,0.6069364996698476,0.05419640166362268,9.026421034927052,6.731473545746404,1697565
851,-0.017017530821232207,-1.5220998803846328,0.13648275985300545,0.011701592000506411,0.15733976149430376,-0.007142873700214251,-4.721454521171011,0.6770217453415128,0.05260669278818559,9.059828896271844,4.9607379331459445,1699545
852,-0.005424733426626192,-4.7549049769363005,0.36428399916103493,0.022408413509340627,-0.029260941076104836,0.0024295632729401237,-6.962896321074695,0.6080253484890719,0.05984653920877161,8.106576551426432,8.431550659145037,1705842
853,-0.005599997058791721,-4.254891984894107,0.2787659251750612,0.02126714218838887,0.01164871479144066,0.0024832284343588164,-6.894543449082336,0.5849377789234583,0.05559737619844163,8.92499036604008,8.10177975351097,1707596
854,-0.007177884650068229,-2.7000319554934626,0.14080647688675238,0.012910608897596891,0.20809210889477567,0.0018567272304270634,-6.852446500148325,0.6201293282791052,0.040982344646441266,9.703113520829287,7.3652016671698055,1713249
855,-0.017828642442929858,-1.7232550280950945,0.1468166717188687,0.020592805575511672,0.21124579832450405,-0.0038158745659497163,-6.013345694451199,0.6510079349921044,0.05482293033684137,9.564390928246944,6.255392420370588,1713339
856,-0.006706857809092013,-3.8143357290164808,0.40065610899883547,0.01601458186406867,0.14273908993179218,0.0030781062093091366,-6.791815925732079,0.7156268556895171,0.04863266304206042,8.089694790871416,7.789603367481529,1715859
857,-0.03373950598119986,-1.1340168418144585,0.15347889763951442,0.019532270507636024,0.15047506887154133,-0.021836693763707525,-5.435561546319855,0.6522880320394406,0.06895799873881904,9.379696229383208,5.55259610644876,1719172
858,-0.007766747071883255,-2.3866328813280004,0.1837622054126808,0.012787054408882868,0.10485848944271045,0.00038933652669539406,-5.500137452102981,0.6679664854488758,0.03977089918322329,9.056049967730868,5.99562578070562,1719532
859,-0.015770216537446726,-1.9458829949218164,0.22310513888834396,0.023569353628211002,0.13779915342109078,-0.008087956254611452,-5.637825615293917,0.5959648041498583,0.06680654092775842,9.568147068967708,5.964187983153291,1723342
860,-0.015109991311775655,-1.5810059422914213,0.20434685848431758,0.01602187051203516,0.07995031461829363,-0.006625697620580515,-4.637077631192331,0.6507103904239432,0.05433339521823995,8.897828574546201,4.899190621650178,1726597
861,-0.02824612811790593,-0.9641897992047228,0.23079802184492146,0.010203230634707055,-0.02494685707431329,-0.02018555425190939,-4.269853391034427,0.6850477315457348,0.06081156558331743,8.577715295961653,4.377363355927703,1730016
862,-0.014162704289728663,-1.5799074876067725,0.14795801463676683,0.01230103999604528,0.17267718528481277,-0.0028915868802586674,-4.865090270431421,0.6645216674620886,0.04525520787413935,9.47123590800066,5.115194132077728,1732446
863,-0.013382824268608432,-1.4577668029941055,0.2463459902090396,0.01315665343036485,-0.046979999650416195,-0.004410042991558804,-4.160913404113507,0.6371063666954149,0.05000011887841493,8.372962534625692,4.4088869806838,1733015
864,-0.01696325134088757,-2.2108552851595435,0.4503487887149659,0.02744081648065956,0.06461152448565247,-0.006585519100977139,-5.116534726855667,0.5681161695400729,0.08858112403151863,8.1056778729189,5.5737607324891405,1733810
865,-0.005202488118338518,-1.536028694524437,0.07017543572394132,1.7725840341964865e-06,0.10595926694079845,-0.01788761589236291,-4.364917116104412,0.7332819263696612,0.053008083732481795,9.24128416780322,4.627297870341145,1737109
866,-0.022381645333064998,-2.4601561775282605,0.3448403364200611,0.044068921292716494,0.12600815815957433,-0.007817602176537205,-6.112056507869305,0.5777175842474767,0.0793435914999042,8.456907759572456,6.58859644941303,1739704
867,-0.01481733529028753,-1.5949993722796076,0.28184908946252585,0.011151525019706036,0.07948058394917229,-0.006732425929427037,-4.5091931491707955,0.6978295381969272,0.05063443612904112,8.641799400417987,4.782974582213581,1741654
868,-0.00832555111220087,-1.856111143948278,0.22325627453463856,0.008244666853641548,-0.12423648100958731,-0.003084055300405104,-4.267500917283573,0.598887747054401,0.050764878343592286,8.583989938500176,4.653677326341516,1742029
869,-0.008362005627907993,-2.2488608140407007,0.15133044693094475,0.013142808950612867,0.041266174277624856,-0.00020221721028197914,-6.346479423449275,0.7046404835917185,0.0467262946499535,9.453378465789307,6.733140131706219,1743199
870,-0.009091958898791042,-2.6943043682110193,0.26698003828444455,0.017695585702280525,0.14572334636798215,-0.004674076153802806,-5.300932457849317,0.5820775681989364,0.059854438985239185,8.852615994508994,5.946356947849783,1747519
871,-0.023105479771846398,-1.8379504411384582,0.4106328571294278,0.03178242759825767,0.06494532435118146,-0.011060597665732025,-3.677090629425531,0.6055154215089412,0.06522111491917604,7.9996471548580175,4.1108463022947115,1748914
872,-0.015052672309067162,-1.4769332768097503,0.3393078576930353,0.014857318332055886,0.08451600481815386,-0.0044982579872129965,-4.097117583713829,0.6619898082261471,0.05150763837194882,8.309653512117261,4.355192808467271,1749738
873,-0.008799993793169581,-2.103199838072762,0.17425492559694009,0.010503565864046419,0.043042244639076944,-0.001560919301933871,-5.41684150185566,0.675067488834254,0.043146784273404445,9.20770470056024,5.810819341116636,1755152
874,-0.02298020195575485,-1.6738144571831854,0.12197365838705167,0.04509867330563616,0.18685129310435994,-0.004443518148349368,-6.371732161637688,0.6334516062736271,0.06110366645035107,9.625416419582645,6.587915116083655,1755272
875,-0.00928580869552379,-2.335571796314718,0.2110393311059997,0.013231348843948217,0.15300895673598774,-0.0017937078987591434,-6.0120275320123495,0.7023257130759609,0.04969631387682146,9.276898883938596,6.449757411051618,1756472
876,-0.008690666904891982,-2.1542220891095316,0.30266121821749675,0.012172822257291497,-0.0890903296836586,0.0014784920666096773,-5.315435127770644,0.7047522160226893,0.0463450998827118,8.612263902840251,5.735374739870583,1759052
877,-0.011287637609955424,-1.8881023767641014,0.34027639189354564,0.016032286626655883,-0.012999307702348587,-0.003386300463245552,-4.117514762317023,0.599768156714979,0.05704300659177871,8.323716823653395,4.529774652567262,1761016
878,-0.0611999647192006,-0.7278379793043774,0.23767361411236235,0.03845863385973715,0.0836283441319276,-0.0443904656881738,-4.441687531738628,0.6646591467877986,0.08430959207577551,8.64190121461857,4.500926155106332,1761676
879,-0.02737488424031714,-1.6324873753159335,0.24089799027969408,0.026132757220291625,0.1671408592990294,-0.013161836766256228,-5.384758026949422,0.6075910031186232,0.06713585132858313,8.570812635031098,5.626778300178721,1763670
880,-0.01859383518952256,-1.4419186235293335,0.34260179488942366,0.01709248484545135,0.12844622230345107,-0.010785375897615308,-3.617158800010082,0.6302447327973321,0.05433617875698825,8.006557092855495,3.8939654725448074,1770820
881,-0.007731636226914442,-3.7226821388976106,0.3029458661616046,0.024842444533617492,0.05527561468466111,0.001743602151316698,-5.7649605039146214,0.5417770238737236,0.06117726600817534,8.113931423288324,6.862443582206182,1772755
882,-0.02352568467644061,-1.4868258624222885,0.10814035515961913,0.020361938289582774,0.212110529286417,-0.009038942248857493,-5.350375856771997,0.6590450962252792,0.06470545085225447,9.482843468256188,5.553122810986307,1775259
883,-0.011995170903210508,-1.6764595855020847,0.1088795029478256,0.012840696321207297,0.11680283937815061,-0.002627876418539252,-4.928771611800429,0.6255614777443606,0.042132185454598174,9.567671259212624,5.206083589716133,1785274
884,-0.002814531890778536,-8.133504699803273,0.3233826903156198,0.016107338246317156,-0.11061115297343901,0.00036071861013459915,-8.32351059556883,0.5765557550632304,0.05752562307322091,7.974670545693256,11.637642688116374,1785994
885,-0.010641379769811237,-1.8688359278534086,0.11910439542289301,0.012788658069707496,0.15381932619872835,-0.0016204484053964096,-5.067038079235626,0.6750107611754194,0.03956501563189238,9.342643492222072,5.400687236052424,1787388
886,-0.011231351306896382,-2.154914165580269,0.2666289185125606,0.01576841845924878,0.05318593954576029,-0.0034006979476618265,-5.026337000831635,0.5706330830223149,0.05773566846184909,9.113517325649456,5.468794995878677,1788528
887,-0.010147705386847875,-2.41565236516489,0.38263580114953094,0.01550197645514192,-0.0019351857449009086,0.00017342002940052512,-5.147414086256453,0.6997198733260367,0.04923655716407728,7.921021718663931,5.686057344480275,1790912
888,-0.06183708975637533,-1.1104970691863425,0.027243526740810115,0.11652935351702289,0.1674940649503721,-0.041319780851604634,-5.011287803214936,0.589756485827337,0.059613027541693835,9.238499147239889,5.132855851017271,1793207
889,-0.008331962195597365,-3.2798103963080423,0.32194635921248593,0.035284201769244995,-0.16659034762414365,0.0018262499947560862,-6.139953856761221,0.649148997090079,0.061781254984460396,8.504763172079027,6.9610480244635085,1794076
890,-0.03137922740840324,-1.2453354831514387,0.142479817791772,0.028632138400959253,0.19191089606750844,-0.014955237529732938,-4.920071228692515,0.6443511124975085,0.05984875304254994,9.119975597115815,5.075230178130239,1797541
891,-0.05389252829664385,-1.163037645602668,0.3111823730043194,0.03450793753203926,0.060915724439119474,-0.039124342686423105,-4.3641772079118795,0.5726687069242683,0.07483693467866259,8.020761848668272,4.516491920411961,1797961
892,-0.004577911078611383,-5.932700296634785,0.33211748853648065,0.027253628434912976,-0.019680172551998724,0.002171292872557138,-7.773922633106807,0.6159031795551486,0.06049164287293918,8.094835518697108,9.779100465544913,1800989
893,-0.03395651753883675,-1.0460501312732005,0.2791888815877006,0.016557229100463235,-0.06033571385540922,-0.021987534018907042,-4.377684245476823,0.6721435738629119,0.0688190710987048,8.54346570946941,4.500926596850105,1803043
894,-0.0038093410069732154,-3.1442326352576373,0.2415578088448996,0.011790649969747715,0.01801800004034082,0.003938176384064591,-6.036200520772896,0.6418466561806144,0.039060351487532195,8.688155530702087,6.8060205400511515,1803748
895,-0.026646173603933832,-1.2007720814454454,0.370727305437456,0.0168407461155375,0.022990102983804064,-0.016706797285741155,-2.8844102505584033,0.5847048901490458,0.06509840692115025,8.07084639780461,3.124368109731185,1803942
896,-0.0039458897812349476,-4.315505370506086,0.21352444513658828,0.014505862138308468,-0.005972043139272448,0.0027178058927585084,-7.060245776235536,0.6244391596047774,0.04366602933458285,8.831965743069526,8.27469981471948,1809641
897,-0.009878595926860335,-1.9279097900011661,0.2046095230247076,0.01100798215395992,0.015099013676441314,0.0002809357974394727,-5.360369577064402,0.6700343662300514,0.04504784386812049,8.99641481896117,5.696525095275183,1810181
898,-0.007147714970373901,-4.108098734860298,0.33713018783578935,0.019761586020887872,0.05876158601483154,0.001194891762131625,-5.776957525842145,0.5820559433860009,0.05440808377921104,7.920804488368419,7.088703229134718,1810856
899,-0.003141616548424911,-4.136801303234517,0.26756919892850006,0.011460577011263283,-0.16350307278927942,0.0031784523606978943,-5.958739721621271,0.6141944309414432,0.04648159580820044,7.919165488039474,7.253944037037364,1813046
900,-0.023949260942300595,-1.3916284256003542,0.25290371987376636,0.034769062295423175,0.01057127971435778,-0.011439728048964851,-4.735882833915703,0.610670068734296,0.06720700723930637,7.984393936077271,4.936113439895435,1815041
901,-0.00832746298984801,-2.814005849667898,0.16446108587620423,0.01489052897265531,0.15846145958834199,0.0018301086544441417,-6.765055839032091,0.6388094990516033,0.04500882748704993,9.411309725631357,7.326978192078051,1815296
902,-0.04215961623554073,-1.2204401229813682,0.3774001638158195,0.03088067572773491,0.09873841578664601,-0.027797503288169646,-3.67529507418989,0.6404693452041105,0.06441252307004956,7.9019744226588085,3.8726306273833093,1820844
903,-0.007717717977152594,-2.0649941452411835,0.16620398039186549,0.01102086455406606,0.08703547598091081,0.0002243109158590612,-5.5229254512050066,0.7107714597576991,0.04324857185241358,9.089429764487042,5.896346865598088,1821459
904,-0.0541395851762803,-1.3853177271123105,0.3987326192089077,0.03905645169357835,0.12623081077847143,-0.04061493041668386,-4.652378892386172,0.6520116783908082,0.08522703310343231,7.876758722128521,4.854249124568289,1826889
905,-0.004614007843187625,-6.109726765511636,0.3437785313585282,0.025359930955001917,0.08519541570993353,0.0020421372730673694,-8.1793124395422,0.6077111829344403,0.06076674527114193,8.196965854776723,10.209305222827803,1828733
906,-0.007875454747148411,-2.339240401838467,0.257550128544269,0.011815843622578271,-0.08865992615335168,0.000336274575108712,-5.650830074476764,0.7465385197050118,0.04474679449732391,8.706086619184195,6.115874932354688,1830129
907,-0.005871335592034712,-2.9619844267384514,0.36342444475210417,0.011241071671777774,0.011431150556094831,0.002526160074382591,-5.312239274206102,0.6892202564843575,0.03960297856110757,7.7166695534923795,6.082206659647375,1835917
908,-0.008873569513672552,-2.4771027365424416,0.23226236800234384,0.01162151395257341,0.15131765753261686,-0.0013763196092796135,-5.966937443024407,0.6628861158156599,0.04890174218701677,9.002488603690121,6.4606795630454155,1838557
909,-0.010080823747137214,-1.9995622733936582,0.34140508356495414,0.015473948848322334,0.15398823291179298,-0.0011034228386483807,-5.137853368364425,0.735570833416954,0.04992400800664875,8.715610385878133,5.5132373901359335,1842694
910,-0.00862156320643984,-2.0226548367331345,0.30680913986557173,0.009217306478815473,0.06569019822973989,-0.002527857274370026,-4.592879686358372,0.7847070266958682,0.043600109537864015,8.296393018821696,5.018533291901462,1842814
911,-0.026181371139248472,-1.4062198057378918,0.11020240349702738,0.022433146077015593,0.25864323987094257,-0.015869838580702456,-5.49053750912616,0.6251354630024812,0.06328953572707442,9.205763232546404,5.667755841704087,1846457
912,-0.004124923189853402,-4.015982453310978,0.2154694538773825,0.015248473493109012,0.010655942263220957,0.0038145426436264054,-6.288698712304706,0.5995691878135316,0.04251885919112255,8.640451040493591,7.461624927550602,1846698
913,-0.00697925141068217,-3.1258406940142707,0.21932314044223988,0.013787617490217919,0.13408866380823675,0.0013862608437785248,-6.694156984217579,0.6670884545019893,0.04801848774068694,8.963626173107203,7.388004992804526,1849563
914,-0.027243765587675724,-1.4762135013008708,0.4163109108320094,0.028748925541216646,0.0683828862706636,-0.016306328493488648,-3.7644258190450675,0.6253190580218815,0.06768688794450901,8.0289256826662,4.043526684531227,1849863
915,-0.005059827259316037,-2.7451590641557475,0.27852071881774565,0.011204085090127297,-0.12387078567161158,0.0031657311399354185,-5.934237008123468,0.7166050853001067,0.04437303474809823,8.521207110959123,6.538430022268238,1850087
916,-0.003232779002774597,-7.787501497668422,0.24699308678905285,0.017319819639442288,0.008772120983014326,0.0005166003020984675,-8.677480764532334,0.5784123020952122,0.050677855486861406,8.78751502407424,11.659496215318077,1850612
917,-0.00725064322662973,-3.116786616151709,0.2739856805978164,0.021802104447741825,-0.06276620123365137,0.002144043507965603,-6.967183401633431,0.6764946025165873,0.055051897065154565,8.934161438301363,7.6325620444657245,1855126
918,-0.0040800143705346775,-4.326612986251921,0.2584131664427234,0.018329342644511696,-0.16152163401903652,0.0035580321431818787,-6.8770781714543325,0.6067800868059656,0.04844787104082121,8.62020305106689,8.124886713616222,1857076
919,-0.038154167265302484,-1.0842672976716106,0.06517018584804639,0.04067850545314717,0.19559901838468197,-0.019578245978375375,-4.896883123281674,0.604194588319478,0.06399157729021182,9.441532202707432,5.015486007943894,1859356
920,-0.0163112400621612,-2.1990799734958792,0.2271597436349221,0.030952099072201568,0.12512559776781315,-0.0009516717385695229,-5.779817203450279,0.6072291527542127,0.057334086613317375,8.630057958837272,6.184031018286571,1859701
921,-0.005649251210779544,-3.751142739726979,0.30474553364671286,0.0189459697503771,0.06151713021004219,0.0031773918896809317,-7.061551308325944,0.6875821577156999,0.04946635484756788,8.548631260927642,7.9960351883871965,1862745
922,-0.008299366575272369,-2.2631104711548002,0.25915131453453766,0.011665649231612438,0.05479822682242795,0.0015502016213442278,-5.658304435865354,0.7208889370647162,0.04244875724099919,8.906751361742904,6.0941019103379,1863660
923,-0.0016861812102122473,-8.487619849338776,0.23774287388781548,0.01538169321629733,-0.1988836776212147,0.0009452176823515753,-7.88113189860002,0.5490032044450106,0.04538361524202272,8.18538628638537,11.582397450874337,1865968
924,-0.008939969818056526,-4.1560927519949225,0.3285294953813777,0.02813685510570945,0.07334102306640203,0.00015566343537862132,-7.388325874550279,0.6550201357888267,0.05984123498988219,8.33714333584478,8.477055278322412,1873781
925,-0.0562783241331353,-0.961194290952963,0.3418089294237121,0.0237121198563552,0.009368229311986465,-0.04030566120152639,-2.791104182675002,0.6213707348665745,0.06441689082929632,8.010085894837122,2.951975105502494,1873945
926,-0.0032880539023336726,-6.030988387571022,0.2752352476694297,0.021009539466087194,-0.1426993146952314,0.0017144842175475768,-8.20312323216034,0.5650927320078256,0.0556937710391921,8.802954743915011,10.18155448313396,1874080
927,-0.026788545297236448,-1.473956395287814,0.1824684960984654,0.022160915892488166,0.11561602878987401,-0.013606592958595233,-5.18513858789861,0.6248049867189057,0.0632495229787901,8.927689407169352,5.390566726321551,1876555
928,-0.005765044033258103,-4.2453222044664125,0.2907755261309231,0.02435272763689999,-0.08519673960003903,0.003439426341726933,-7.019667664426592,0.6419005083159633,0.05236180655711657,8.757997703313805,8.203565976984146,1879059
929,-0.012291705261746846,-1.833185994719205,0.10478053025714368,0.016330336572599333,0.16207068714220527,-0.005414317686504497,-5.612472720232236,0.6915073159059855,0.04783898221153924,9.55670252614953,5.904271413695823,1881234
930,-0.02222444863823573,-1.381234118717066,0.1403355236522318,0.02061225040217778,0.04393581557252561,-0.005148095260159585,-4.650822304091222,0.6444263010004131,0.056999665988523365,9.290788381969092,4.851593119269226,1884114
931,-0.010290866145569474,-1.7851905749827752,0.11610596851404081,0.010392009120346553,0.11941230966903871,-0.003271274646978347,-4.725127725297932,0.6580298702422227,0.04727513517251675,9.665546785533792,5.05111249225223,1884234
932,-0.00834073116510258,-3.943089724111509,0.2874594161334699,0.024906952217593318,0.09636545999737033,-0.0004223548643533634,-6.919229858972756,0.5862944044602061,0.060677465187034325,8.890329083104627,7.963899698872025,1884624
933,-0.026170106377598597,-1.461390588113099,0.08517323515587838,0.036890819481745,0.10702793544729017,-0.007800372851851874,-5.4039374962071465,0.5572580501743254,0.05394531564570603,9.447955952459463,5.598053493308108,1887173
934,-0.005168949124377412,-2.5788220484951148,0.17943621727087977,0.011452863602480691,0.0548438486707794,0.0011477189808433972,-6.134270732105605,0.6828802343805378,0.048441593822967595,9.420372520786424,6.654291891146043,1890172
935,-0.03790209222569229,-1.0682706175810832,0.03621519943452351,0.03621449973284245,0.1740176882150985,-0.023795662478746975,-3.9601663001333516,0.5540714818345339,0.048452646152335306,9.577382084806636,4.101721496774123,1899258
936,-0.005476591181374803,-4.376603877101177,0.30985488953612006,0.023925412994805703,-0.1383464776508095,0.0026224451212030642,-7.111129872721689,0.6155669942296113,0.056286739750139314,8.62761742697985,8.350019734334275,1900022
937,-0.04907160234333976,-0.796626880020208,0.11384660477351133,0.025642828248367916,0.0446227994330179,-0.035501816040464554,-4.53649818737247,0.6204897880327996,0.07354003284619276,8.892647057339227,4.605912525222819,1900052
938,-0.022300034809250323,-2.105146662725739,0.3413377782755377,0.03821214367781822,0.13073834975136192,-0.009529455112306425,-5.780147395116783,0.7115985024093985,0.0705883085484861,8.448831392297206,6.151564547402608,1901761
939,-0.09810879377687932,-1.0996206867169347,0.21566084540380467,0.05720092975325149,0.11160315257707665,-0.07980149504610218,-4.671370861673949,0.6012513571028612,0.07569542551992195,8.239622810643711,4.799049008079854,1901791
940,-0.014387326433756996,-1.4523985585062864,0.20954904637779076,0.010747025510710329,0.00012108564390667582,-0.005581076513732723,-4.39828967972484,0.7040262137675423,0.04537304973193652,9.25105027869943,4.631890939942906,1907100
941,-0.014721059324168414,-1.6473110819111956,0.1097562424714973,0.01141428902574748,0.17400072350378515,-0.005806956058926128,-5.414758411302325,0.7154403876614936,0.04783981221706124,9.515978037062984,5.659791732330502,1908194
942,-0.038699881406378145,-0.9879824399863663,0.20301212445493372,0.021592814324392102,-0.0033234422935498327,-0.026385549209784982,-4.15970754242014,0.6047507357473445,0.07121970099168194,9.508388805528893,4.275427012613877,1911164
943,-0.007707439430059496,-3.9715281909379816,0.34631139439603287,0.028903798805636493,0.0032514371804803917,0.006129196207041655,-7.050542070686171,0.6343218653310659,0.0549102140391947,7.914763968067038,8.092167797440359,1912903
944,-0.04021112526316921,-1.1312242486401805,0.32967118738530937,0.03172964720807213,-0.024944614495826266,-0.029162468860962167,-4.41777053081571,0.5435398047769912,0.0974897716232479,8.780927128231284,4.560303143833232,1913053
945,-0.01184447504303543,-2.5878404861090263,0.23642401287247897,0.016477081634505213,0.1311379960747446,-0.00428516674437192,-6.184371459273428,0.6525543894076792,0.04876573583754032,8.76362530319294,6.703981557837159,1919590
946,-0.0030244587060008483,-8.660985808604885,0.26781743072824155,0.017047092140332912,-0.019283836470357894,0.0014290781478574646,-8.369726823672124,0.5694794238193548,0.04979693960249688,8.171855893305844,12.044293349123969,1920744
947,-0.037785999743755905,-1.1854397715854896,0.09449401507246362,0.04551502184905525,0.1996007793326485,-0.0181776525576049,-5.437074080712852,0.5727088434972131,0.058392323631673834,9.291196156887738,5.564803860983437,1922365
948,-0.009899031326191646,-1.8548106455260838,0.24057510521680145,0.010893311832209278,0.09403164510002429,-0.001453644776644538,-4.818421131367463,0.71176636005153,0.04573098728861342,8.703355061087695,5.163090618027675,1922575
949,-0.008873526188118626,-2.086410635084366,0.13676272275880844,0.013549887950519443,0.13179976025152387,-0.00013983192508882803,-5.5397589989852,0.6775545032335719,0.04392014056115013,9.306277967801336,5.919631669709751,1925424
950,-0.009536011160945016,-2.1305376089069163,0.29532316863395613,0.010811963395331197,0.1876083054725512,-0.00024753835779764145,-4.833920665241173,0.6638388273988663,0.04624815095341929,8.414487070318886,5.282611049548553,1925723
951,-0.009531329082139264,-2.528993893023797,0.2654634554341316,0.015772785997008106,0.10353474253981995,-0.00021781745884879019,-6.241651834537811,0.6756355608954541,0.05306792415554516,8.841053242198218,6.734539905185868,1929577
952,-0.04479700807414117,-1.1207957387269842,0.2090422103332147,0.01939826897162217,0.04769612486140368,-0.03436838027548209,-4.146780440242138,0.567485753903024,0.06670792076279129,9.20596835021467,4.29557575972341,1932411
953,-0.008622454872260907,-2.8433066349704643,0.24828563187359814,0.012481615674245303,0.09336622820713067,0.0002514775062012196,-6.359222388296793,0.6208682612538,0.0453796822192308,8.524208827602441,6.965924346724003,1932621
954,-0.02332093645918232,-1.993615188693136,0.31404337457871473,0.02910787711813555,0.16798724329407758,-0.011780663834693481,-5.493192997400286,0.6399535591776263,0.06690264058766525,8.4523744198188,5.843771969137358,1932681
955,-0.03335760456132476,-1.4792739976623233,0.21492474592833044,0.047152732011768186,0.13438895397233455,-0.017434411276352573,-5.831864813251823,0.601575442335443,0.07922531234164505,9.252150630856809,6.016552065776925,1934210
956,-0.014203443802487984,-1.190198682451244,0.20802180132715775,0.012738923203906953,-0.050660588617429905,-0.012948010532346513,-4.448031145037181,0.68774966231889,0.06305516525426594,8.532881221196032,4.604514520655728,1936055
957,-0.004248692368805059,-3.716302057284674,0.19934040231747047,0.011759868032879988,0.05026967846360638,0.0018021597211874956,-6.019649921063118,0.5959147561715714,0.04535384618375272,8.824586625968571,7.07439652218714,1938588
958,-0.009867028644780847,-2.086476914181871,0.18263403577874757,0.0116005666680501,0.04835190320323904,-0.0030771376246642055,-5.225935659889204,0.7109640965744535,0.04414521520665407,9.409312675179518,5.627058684136457,1942201
959,-0.005767982916680984,-3.6796910026660425,0.31176398727160687,0.014885394003953889,-0.015912199041471033,0.0027649808777316077,-6.430023936286334,0.6479090638652714,0.04746760413315255,7.75435612771621,7.408463652898395,1945965
960,-0.01729721035352782,-1.3091498810644886,0.12050606786814237,0.012045908945206513,0.11306769248787296,-0.006645111854752815,-4.2083626651646755,0.6459535356696823,0.05727045245718449,8.790393264235346,4.4072882515945215,1950147
961,-0.03233099856450698,-1.237737714146489,0.13770968938674594,0.026938736249168687,0.25766783612515753,-0.016884505821382654,-5.842287799882344,0.6354346086031972,0.06742169277412287,9.64029623072795,5.971961267931554,1951378
962,-0.0034844220826303366,-7.547552573882047,0.2626776429070643,0.0171267573289595,-0.03454755985856901,-7.387251105755658e-05,-8.953824676188532,0.5960701246270075,0.053034457691476945,9.197190188316343,11.71053056814405,1951558
963,-0.01869603394164978,-1.4797463753642743,0.42408373272180416,0.024176183022640515,0.13068312997844347,-0.005702219426951408,-4.754907352267881,0.6698816091396209,0.08124720953866539,8.29786227977025,4.979838678517092,1952877
964,-0.005484216505761114,-2.4570799393754896,0.22146070945459218,0.00923108386961487,-0.056174536522699076,0.0018795119573833947,-5.4754302924801435,0.6479026447942452,0.03852711076740306,9.097518735871722,6.001464714241903,1953072
965,-0.008216563206315789,-2.7617838378549235,0.30695319830211837,0.012321563984737924,0.09813100593602755,-0.0005632757554832595,-5.710087864464,0.7289783755626735,0.043863495334046744,8.784591837974375,6.342913635462469,1953762
966,-0.02087289107024958,-1.5555501324615404,0.12024021458231376,0.018374186144308313,0.27173147704186923,-0.00900114234494514,-5.694064656482775,0.6247529042204604,0.0629166823186718,9.728436520327321,5.9027204344105115,1956356
967,-0.006090459833204853,-2.372980643284144,0.27142119815858234,0.01031471782067598,-0.10551338417629566,0.0006336528101140722,-5.703723561905571,0.760103013503931,0.04374477168584387,9.079121218368313,6.177661337758651,1958095
968,-0.03275087952813572,-1.4528943909143837,0.14682646258539636,0.02815024901670002,0.16244966806420907,-0.015411679296695766,-5.952717313877827,0.6379803586737328,0.06646004369858372,9.71710479936764,6.127458325447129,1960210
969,-0.027448028347555196,-1.2486818883627047,0.07506171534226594,0.04192885766333372,0.12231274859258084,-0.008132718128125611,-5.447738260101351,0.5913104181538992,0.05894165376147576,9.8414838588291,5.5890123106768295,1960225
970,-0.016722155151284807,-2.011868184261568,0.3404526554780418,0.019490350644361276,0.08449166597600098,-0.007376603184469973,-4.719444329759285,0.6056455804143895,0.05485695414603597,8.272678519613404,5.130377020506486,1960855
971,-0.03238935651477014,-1.829770804695847,0.39845508897313936,0.044612254898343084,0.11380437534476338,-0.016336361481194925,-5.169109359837113,0.6110063088185624,0.084802100649165,8.416337458088291,5.48340704048796,1963854
972,-0.042965084519300666,-1.0763886392589708,0.06188602324826217,0.02754639893986268,0.18376195754998176,-0.02757151028334543,-4.227226110750499,0.6160715792963567,0.049692585182517436,9.703184682917556,4.36211566721202,1967407
973,-0.009021175528318501,-3.8835801433427153,0.2919798456367624,0.025645109248967162,0.0728276470581561,-0.0014514098484654846,-7.065771809676429,0.576316230989931,0.0646060560233891,9.269306737100202,8.062712074493541,1968606
974,-0.01985272969442066,-1.5253056127601332,0.27921634786629196,0.02291880852585607,0.13487681464750315,-0.006627473241425468,-5.421065615742419,0.6771550704817554,0.06402395808264447,8.893083006571658,5.631563692483847,1971710
975,-0.08621418168861897,-1.1163158697061561,0.18595896291223046,0.03562390845408902,0.2054395168729696,-0.0714099263276175,-4.5988249726057,0.6278051075580818,0.06514076569225795,8.795599095644691,4.732372792756253,1973718
976,-0.020941623680934326,-1.6011119836709624,0.1972799864487801,0.02597603878924383,0.04895471085411868,-0.006032397993629835,-5.846735685522723,0.6431388736303334,0.0622135925110776,9.413502231580367,6.062002784610019,1978156
977,-0.04584483204323165,-1.1675618424304244,0.28031816481831134,0.020644464034551887,0.1313222462044898,-0.03236664094463094,-3.238218028803348,0.5815785889861275,0.0493528790460418,8.515814103416515,3.442274924808675,1980869
978,-0.007090277111456547,-2.302719944870754,0.2273881175223316,0.00882731142621045,0.14455276348027832,0.00015499554805635963,-5.300795202069881,0.6821466407568512,0.03820308911862177,9.009723318431217,5.779355406859197,1982713
979,-0.017322136918662714,-1.507900913441176,0.41180928855059135,0.024774881938203677,0.17299309281256053,-0.004479093842125742,-5.192643809806056,0.6820926908343216,0.07278962813749193,8.479447575468985,5.407154048136033,1985876
980,-0.011282270455876875,-2.701289145870149,0.33730859710355077,0.02158662542170255,0.11792540025941053,-0.0034425482401054417,-5.8670284391723335,0.6414739499981038,0.05846893841212769,8.916674401855548,6.459023591507685,1989714
981,-0.0028000016743083495,-6.12505175191828,0.18624033554979114,0.012137362525180662,0.07741127512500144,-0.000369661382453414,-8.58511833408115,0.5645684595204153,0.0460634083119282,9.960939990939453,10.546113775882256,1992307
982,-0.06080036464253224,-1.0642273463823835,0.1778990814192478,0.02358410930453142,0.21329720950709954,-0.046648686374763,-4.72528084414355,0.6440403350000815,0.06578484748028617,9.039426942117103,4.843641078859794,1992697
983,-0.03502828301887789,-1.50192180650065,0.24526403053986598,0.042688569484090465,0.020500530625141587,-0.016680459640984677,-6.2934416220253855,0.5998977883779536,0.07571231711153538,9.780829073265444,6.470175929809304,1993207
984,-0.01660277835125598,-2.1871941578585337,0.1865054821382952,0.03056678242992032,0.2170725772391904,-0.0018937163268704575,-6.481742498180693,0.6216820359935191,0.05735494478611669,9.611810931595809,6.840818963902801,1993537
985,-0.013836963992672256,-1.8280156689177283,0.2022766905117907,0.02005872400243782,0.09283371927517223,-0.00543139013528779,-5.129185502466728,0.5563797197662089,0.06403404631300687,9.903112797935687,5.445198362275115,1994302
986,-0.0120615945132201,-2.2670912361315607,0.3151987139505271,0.019609843921335624,0.0307611360177088,0.0010591162959801424,-5.591458473524071,0.6662831493958498,0.05484574937964733,8.802714864253293,6.033581899178022,1994798
987,-0.014919219523034285,-2.2702590527177575,0.2188932150944274,0.02698246303339845,0.02736056774643125,-0.000577161575425792,-6.6826467484477154,0.6441980520576399,0.059139571530590226,9.584850686691619,7.05775061411111,1996162
988,-0.006627856996717802,-2.8084898336634483,0.3145030758402246,0.012255478171200339,0.08314319643190206,0.00213477584842435,-5.716731398075907,0.7030875775604714,0.042905752261367495,8.671572158833463,6.3693510676942475,1997828
989,-0.004266884320113238,-6.255814328368269,0.2524696470729129,0.021315539496325493,0.07308470592605391,0.0006398357070823907,-8.999037948406494,0.564170251892493,0.05724095215968712,9.477312899588448,10.959831062013588,2001503
990,-0.005902073121586301,-4.053973041160564,0.347953180086115,0.016809232609418637,0.12284969094901073,-2.978025792133352e-05,-6.831991099276457,0.6113852519985331,0.05745426780287827,8.816896871578546,7.944230598305248,2002732
991,-0.02185542154280635,-1.4321743127105415,0.12770848883446823,0.017218983564662557,0.18835855650478456,-0.014589671882054865,-5.945750874304302,0.6613537374054324,0.06922704384403319,9.666851673776092,6.115805484257841,2004307
992,-0.035506705829646254,-1.2981777924674975,0.34647890255177305,0.03623682559560259,0.059463753076349025,-0.018709900304037304,-4.644210103493136,0.6632612971388309,0.06692997885493296,8.153557559759907,4.822235276948182,2004922
993,-0.027765483376573842,-1.6267552931175242,0.17747622662781978,0.03347267992353133,0.27953917206449624,-0.01017383130461465,-6.084436231126569,0.6463987395302917,0.0660474281065258,9.790451544391072,6.298150286737493,2011340
994,-0.08126573697026232,-0.9841629759954271,0.26061174411379284,0.017619606812204293,0.11913763763299007,-0.07437223808928263,-3.3732733814205313,0.6110833316462304,0.06090670871361138,8.644832115498977,3.513908090590942,2017862
995,-0.013359360144954568,-1.6893707052348335,0.09103350751886903,0.015015543931531813,0.20013471838147145,-0.005182266898922767,-4.9855434943623775,0.6899743991805088,0.04083295676758934,9.754577695795835,5.263992526009575,2019482
996,-0.03654300992777983,-1.0257235480077642,0.21304299371095872,0.018520532376646203,-0.02581858105042537,-0.021946865317256693,-4.809949137318475,0.5791348076517702,0.07366089520564244,9.206962865616992,4.918101208853716,2021116
997,-0.041401912607677366,-1.1500941166990253,0.1717509165829227,0.022775561948311138,0.15434030650134012,-0.027987894921370087,-4.4968689777685995,0.6529793723714623,0.05859808216036257,9.511502886099075,4.64161039731722,2022600
998,-0.008532166870100583,-2.5960972925522032,0.24259757237392823,0.01227168363489724,0.14838945289598615,0.0005198645901400661,-6.012499083872209,0.7138516781426177,0.042549612937445996,9.309838400487651,6.549035530974087,2023680
999,-0.01417431177218038,-1.5622993900344762,0.16620340089048616,0.015040808525999504,-0.04474754085791677,-0.0030063962877470377,-4.656757673202529,0.6774556649693113,0.04707303830845151,9.325721524756785,4.911839921153042,2026155
