,ch0_t0,ch0_k,ch0_tau,ch0_rise,ch0_ped,ch1_t0,ch1_k,ch1_tau,ch1_rise,ch1_ped,absk,dt_ms
0,-0.012637135978424278,-2.4943165164298193,0.1614251211086943,0.021975964870144613,0.27210721580932373,-0.0030803544087024937,-7.036693092851361,0.6350340116128932,0.05114680551118886,10.240452972358568,7.465699201489211,336
1,-0.004719320518785124,-3.2053529154500686,0.21177015442021,0.011442977342774366,0.11256282843661525,0.0034042767802479625,-6.95455646070356,0.617801507535537,0.0425321122778405,9.711221977888165,7.657685216675982,1566
2,-0.015209572763172087,-1.9802883021971611,0.300084689909082,0.01940542834391963,0.10789307676554372,-0.005066024146305273,-5.454162911959831,0.7106217306199004,0.05241177554232806,9.30716667496064,5.802536930517294,1670
3,-0.013444208828017314,-2.061088987791641,0.22682045118069183,0.018126458254495697,0.2436410104433223,-0.0010467500200470902,-6.771250970288622,0.6636403857016535,0.060359495932566856,10.220156797689423,7.077988945896325,2435
4,-0.030755535432291353,-1.2791816089357928,0.2167950875940173,0.02437604377628308,0.1470232722847887,-0.019826331376358936,-5.104139615705541,0.6276017301452727,0.07128783100259144,9.884341191397851,5.261990764459234,4550
5,-0.05500266731308039,-1.0862688225091195,0.22386015256193123,0.023916926467065516,0.12683070501615937,-0.04147188667370718,-4.6751569973678135,0.6247933439431707,0.06991744413521328,9.089719068668007,4.799695084564496,7832
6,-0.005189155246613049,-2.6950156998617296,0.2408642649284611,0.01234748774231613,-0.1058102401010167,0.0022550962672068012,-6.832667870531618,0.6430561356674824,0.048373593957339873,9.812975567362015,7.3449615282516145,11942
7,-0.022465364841414318,-1.948447457625585,0.18481725233966162,0.03522096427338635,0.18301754698476627,-0.009363439933408267,-6.300576213397305,0.6070317171246528,0.060665235860179544,10.563148196865102,6.594975975388806,12197
8,-0.0034921974726789466,-8.570165182357828,0.2984568695569742,0.017085117891168258,-0.03321523724594788,-0.00011941802208048578,-9.384895864296062,0.5820290126755683,0.054215605133455094,9.302453718252028,12.709209323816323,12752
9,-0.014046134591906335,-2.0719539678919356,0.15266075749916633,0.029436413992116096,-0.06710963409783144,0.0005154323446832913,-6.094585786030238,0.5899602861371935,0.05276191978865499,9.84628936533338,6.4371553615199435,13952
10,-0.015847387037316665,-1.91665400001403,0.16895361471787718,0.02872735872645346,0.1039819630855891,0.00013451506175693036,-6.515429082887827,0.6465394655240021,0.05870137201570175,10.036361170140879,6.791493111968111,21031
11,-0.0074753845758048785,-3.5762194965008476,0.30582213148083603,0.020303294429332194,-0.13084853020772952,-0.0004859753099493326,-6.6178596074313125,0.630776816251498,0.053294117723181836,9.201898516694518,7.522327543441837,21900
12,-0.009876716251101867,-1.968947012750593,0.09008122821884625,0.013133723710399158,0.13161488223674886,-0.0016706267229064059,-5.6827899478149915,0.7252758152932842,0.04289853562332411,10.502567708417732,6.014220974490927,22200
13,-0.0031172709791554205,-6.28751435570502,0.1789487181493262,0.011420211790218057,0.08200258723015254,0.0002399974597997775,-8.702930894044048,0.5367171334743304,0.04226929818427948,10.27545286580114,10.736565694844094,22290
14,-0.013724881457844259,-2.243985098035173,0.2847459958230158,0.022086340646532036,0.15309062480628627,-0.003065597362909989,-6.519341766965184,0.6928469947458717,0.06044190800369872,9.749798972521187,6.894728870282039,22545
15,-0.045090567286218214,-1.1824460886842116,0.06943099669177477,0.016227766510887247,0.25415557925057036,-0.03512058108020513,-4.637289772745225,0.6158764274962082,0.050717687719455465,10.281542536838138,4.785669774342151,23236
16,-0.005590479676145666,-3.8439922759401393,0.3201996153289351,0.018284848491179003,0.05388747545777171,0.0018844283658926474,-5.998327572242846,0.596957972868325,0.051031326754080335,9.2097024013834,7.12433928735965,30704
17,-0.017194812874669424,-1.969214078226692,0.3508941006074281,0.021333107278582283,0.09987991395015444,-0.006788104952895152,-5.927616221824256,0.6776243955263724,0.06604670656607581,9.03031027136545,6.24615386931192,31814
18,-0.03103100125333858,-1.3813963125074071,0.22069165841956356,0.02442483983368624,0.13091712682940573,-0.022702258923335456,-5.230070341073516,0.6611247242996836,0.0631414092998915,9.52181256689837,5.4094261751858586,34631
19,-0.02066790323310439,-1.525180134090195,0.3428085548757864,0.023178164995282195,0.04160086258517954,-0.01269389157033393,-5.140212874836151,0.7025150272638301,0.06748716089208237,9.121623069309992,5.361712677872129,34706
20,-0.03621347720908946,-1.0969169307639464,0.09889221701630976,0.02076391846714682,0.0808800942392032,-0.025946645573364072,-5.258968941587034,0.6581442900818262,0.07140257251542247,10.167205683927685,5.372148646637921,37000
21,-0.006339578521390658,-2.7093574522775703,0.1099535428019187,0.010917932413038447,0.23429221449472395,0.0018170213064365448,-6.816024460371497,0.6663383865350861,0.0398486620340077,10.625271486460962,7.334767020744051,37180
22,-0.004860628581307605,-2.4606008600690026,0.2777245436599265,0.009078996112811238,0.02748918761471563,0.0035003181948725965,-4.967088893118594,0.6590175058949181,0.036243288380853805,9.165034628823413,5.543151510171304,37781
23,-0.009745421076664557,-2.0689837853656026,0.21855349791706793,0.012079999165904628,0.18800706678159343,-0.0006491434917954945,-5.833490389068935,0.7190251079687613,0.043722402149119585,9.999247569709883,6.189531809714318,38517
24,-0.03831154570399656,-1.292658193946269,0.2456334931187643,0.029478393277876835,0.18109724759230625,-0.023469152753344234,-5.169513476127838,0.6713219672571878,0.0656217414899173,9.602098471046409,5.328680398207773,39656
25,-0.028577942570699684,-1.0270931356021522,0.12869889037712648,0.012888404267133073,0.0918910080787457,-0.01580393234096192,-3.093610362703998,0.5972637006492453,0.0439499009097213,9.824440175080186,3.2596541818773694,40542
26,-0.009969509650004293,-2.3709705355548074,0.14037968641742085,0.013472069558319292,0.22788207542568562,-0.0004601559019654845,-6.954687138995322,0.6595760208988466,0.046667575250548245,10.181125675630636,7.347732608211596,44245
27,-0.011987623494364445,-3.494419940132432,0.3121155303356526,0.030682105252587553,0.008666272100003886,0.002071353500547086,-7.005002074702497,0.657437888028678,0.056051415604783376,8.968295474861716,7.8282197710962,46825
28,-0.012247881546234327,-2.334300697077409,0.26131476892797434,0.022536914220265776,-0.08828278792268157,-0.0005877957930175108,-6.664609037157156,0.6897406598276421,0.05756749272199683,9.708149546514296,7.061584337989097,51938
29,-0.04816095000260541,-1.127079773170479,0.05638335545752311,0.022259689900952156,0.11704992293445556,-0.034289695657498925,-3.761913293549963,0.6203601052049411,0.05014428054248744,10.053953773706011,3.927123685762641,54489
30,-0.04948588974831111,-1.2687385313477249,0.2978988884086585,0.03305747459437586,0.14243060635572935,-0.03415754387473557,-4.76890070229409,0.5951802386588996,0.07231320173310063,8.575073153338076,4.934785848369455,64702
31,-0.02037002899171817,-1.8358624449671233,0.21056450142732475,0.027623145989023774,0.23420555881458527,-0.004291659369239487,-6.56650999767097,0.6366075415480769,0.06208172115935415,9.937898283967828,6.818316835286658,68436
32,-0.03975026841078121,-1.1428879406629608,0.1796258675137329,0.0316775448653025,0.06122360326597033,-0.025540275827304434,-5.7480782822256815,0.5578774793822868,0.0842887056151803,10.33916130838306,5.860596964773074,69096
33,-0.027397042332893414,-1.711221306092302,0.36043157187318875,0.024946146029539595,0.07603388581195579,-0.017133095529413785,-5.77452035590078,0.6795785300911747,0.07445668045550267,8.97736194415715,6.0227372264724215,70745
34,-0.010783008904686756,-1.7246257362347372,0.17541757413714876,0.013767278000920686,-0.08495237663016722,-0.0024927439927067687,-5.2405082894635155,0.6776464214045528,0.048574284256871984,9.80001491319272,5.5169974680091185,72979
35,-0.00474216191456678,-4.538458151309323,0.2775303048040982,0.01992324292688231,0.03836799601056251,0.0022511417305375557,-7.429535950319539,0.5949043431779549,0.05252549175117849,9.593887750905813,8.706067242347517,77539
36,-0.0035362344446281863,-3.929209176362733,0.2571488900854508,0.014534659207303798,-0.14449049389962454,0.006783284986528234,-7.038952466206915,0.6166666505192819,0.043216498908347785,9.093425603087695,8.061360714738766,79893
37,-0.007678270909470351,-3.3062116276749483,0.24559766300885966,0.01836699248662076,0.13312564259997392,0.002353485888458169,-7.76220467242078,0.6715648246969922,0.04991050477571955,9.694007958307417,8.43699334499702,80493
38,-0.019963912489083854,-2.0966880429413086,0.12594381247657194,0.028541396439854767,0.24418015848069366,-0.002997012587291147,-6.870007205912155,0.6087480703715142,0.05166986375897406,10.518661933681503,7.182833685858109,84257
39,-0.015151879992242247,-1.852008230012254,0.14281279621186402,0.020751211175537996,0.1203309386212842,-0.0018513615017955209,-6.640016077894232,0.6197828837893857,0.054512364581980846,10.389437266914218,6.893456897575193,85112
40,-0.007919260105287153,-3.577981725513199,0.2981005302074962,0.02342043628132605,0.019917643076421923,0.0034635372800296514,-7.754514638631844,0.6636009363004338,0.05226751074575925,9.359402807206036,8.540166889988857,87632
41,-0.024382162572064974,-1.5843511832253594,0.15098939834159913,0.025553590271756473,0.2072801059269811,-0.012372281235521476,-5.957449210585423,0.6463182968538927,0.06165002293688926,10.551747587868354,6.164525104863511,89282
42,-0.00666165560287186,-2.9072572569964983,0.1904551904266484,0.015292645531852613,0.037369250742615615,0.0009486340268974087,-6.220641060698176,0.539802690263239,0.05318492645806016,10.313609422141605,6.866477988343291,90062
43,0.032399995519399,0.44984192028589115,0.04164812126761103,0.037921428423820694,0.18649785271529576,0.04160010889868094,0.5817543880452113,0.08124810800406607,0.08126844912019351,10.407259488572837,0.7353882792486948,91321
44,-0.008245161870857696,-2.4072324850870874,0.20109217476492372,0.014092316727877634,0.14805809288660227,-0.0019000441686170039,-7.162184573056827,0.6450125048412213,0.05340821085818463,10.218963414424495,7.555902070288613,93375
45,-0.021821724119955133,-1.2094610878582044,0.07029349587328543,0.013095843428735729,0.09622328542160004,-0.012674620916538362,-4.341366400008789,0.6807037241739773,0.04257630124929501,10.26339553769648,4.5066903978605435,95040
46,-0.046739558294624464,-1.2950418090008473,0.25707008721885555,0.04660688835582998,0.042941873607140295,-0.02628087846288548,-5.188142674039531,0.6169041643879224,0.06791249387099153,8.913582940147242,5.3473318293566034,95805
47,-0.005742735689156416,-3.0594999884046272,0.18939072712558827,0.013545631737527146,-0.010987827509300253,0.003334228872551983,-7.3843127175029135,0.621055252350374,0.0445631875332673,9.979752986515932,7.993035373931682,96015
48,-0.004440219983546627,-4.339914036504039,0.3551575051232798,0.014896740193980632,-0.06640795561814956,0.003327000147869102,-6.947385769099393,0.6738574090865573,0.04934012258724832,8.810097500955308,8.191521401359429,98833
49,0.019199981105255632,0.09930333843568914,0.4052024572647285,0.009078037085318121,0.02981405280585105,0.0072345430113104,0.12882734384403963,0.11765221945178554,0.11759614995000006,8.836422002398628,0.162658038677415,99808
50,-0.026400049060371928,-2.030453757373169,0.3677459210570986,0.03917238739882112,0.13582693993668812,-0.012590279615956533,-6.008213614931782,0.583722492113556,0.08220582496870704,9.141997927401336,6.342032269192775,102613
51,-0.01826952003150257,-2.1108718500746817,0.23665914223934767,0.0237421049553468,0.15734783232934046,-0.005824770543076799,-6.307901406742362,0.6503508737395605,0.058892756536439626,9.426122080197585,6.6517215910334055,103453
52,-0.038191344714776226,-1.1520236570075457,0.05571185071860601,0.05571083337094908,0.10170848569857313,-0.020636285696514597,-5.276654188260846,0.5574904627056495,0.059644411497649416,9.584375888767646,5.400947873178907,106017
53,-0.0035866033160273474,-6.616451870912187,0.2225297003141699,0.020822916189750795,-0.10216991792447504,0.00012517768469607704,-9.590713426697855,0.5592108853616112,0.055850375233129815,9.884912082095292,11.651575833042495,108088
54,-0.0031308253518272404,-9.412562122575817,0.2468738042972378,0.017924223541685474,-0.07397964862875012,0.0008465966680477489,-9.108268382414424,0.5581674210112937,0.04942113580416762,8.860982951232943,13.097972310149357,109648
55,-0.003063735489509974,-6.941707739835869,0.17360038048837362,0.012900206574116283,0.0010821502616556488,0.0005568530438765668,-8.902216275962132,0.5492556071031084,0.04167753529756506,9.830145802607943,11.288789171975102,110293
56,-0.013916564144371384,-1.4995141621945192,0.1978243906567531,0.011985865856839308,0.06791229408927876,-0.003387922962758143,-2.7029680934161533,0.5557600693153524,0.0383832985197616,8.556516168755573,3.0910482423682235,111748
57,-0.006057381069760882,-3.1663818216206874,0.23658483488388898,0.01866657484160836,-0.04662022719705791,0.0037924235619620885,-7.68463062341019,0.6376426349243229,0.04875412254886744,9.459995755505815,8.31140912592706,112977
58,-0.004329547822372126,-3.590176131225122,0.28834594391565854,0.013973302369475233,-0.15476535792889243,0.0033173249089466176,-7.087834831032543,0.6537773060750023,0.04811804781402905,9.216559017966746,7.945235505963099,115931
59,-0.024462417271765912,-1.0149333989034723,0.15646838655594777,0.008200021234131721,-0.06043220868514504,-0.018198800595797267,-3.1653161364877445,0.649415217258186,0.048423284212849964,9.34213584642325,3.324051150045597,119963
60,-0.028399758202655122,-1.3597100772153867,0.33407990907999785,0.02055218537339073,0.07962079658012332,-0.013842517314160615,-3.8688689503311227,0.6352473879697256,0.05395137087631266,8.468504841537854,4.100848503531594,121808
61,-0.010317935110943637,-2.413976912972062,0.21819061564745132,0.012258877528027911,0.11659185029322211,-0.006709268705334022,-5.95608811136481,0.7277939163435312,0.043302872593934005,9.242573768973559,6.426684224909713,122543
62,-0.011599960529184598,-1.435339521647647,0.1607310827785697,0.009902561183798881,-0.030970500676779734,-0.004937615116823833,-4.280285939059564,0.6649894980136984,0.04461889315440211,9.154831458831051,4.514537325409406,122933
63,-0.041974366629212584,-1.2189117678627677,0.29794682196590355,0.026681879752017856,0.07684851612538636,-0.027930374162454797,-4.793299310786521,0.6347405369754754,0.06950798669819594,8.416245458888168,4.945853230800615,123818
64,-0.006327811738434598,-3.1430731672395575,0.23032521507278553,0.016461305814812924,-0.015505088055171104,0.0030929944615595262,-7.3292889155761936,0.6464809275233073,0.04891767834322124,9.269518561284046,7.974796859018376,125962
65,-0.014222888230980413,-1.6281397352501947,0.15626955207834073,0.012572639788853545,0.12492324403429915,-0.00387895130861535,-4.871365904122502,0.6721724942476627,0.0421076405697098,9.556483240898784,5.136248121863645,127446
66,-0.0036103638324650176,-5.6828357119279485,0.26790924398608107,0.019444979743346275,0.01272874112112677,0.0037053069849071066,-8.520282428772177,0.6028541563381045,0.051317434221846814,9.141166946624875,10.241573824115488,127581
67,-0.014376597179701004,-1.767931242645863,0.1558670356653903,0.018650383672017247,0.17257950087687732,-0.0025439294620548543,-5.910977028156627,0.60596867315398,0.056196080051590616,9.59839209723225,6.169702610832932,129350
68,-0.038632628198750886,-1.1906610592960496,0.06111968394292211,0.026471617898021705,0.16359922089159712,-0.026540007464297067,-5.230248620070336,0.6718104180241815,0.06430166356322091,9.99681637880225,5.364063234701065,131090
69,-0.0038492637405709335,-5.4253010517866445,0.1619056559903526,0.018523469992506453,0.035670465641636305,0.0011314648416941543,-8.527652185353077,0.5256016117544074,0.047571274922769975,10.02287868865239,10.107162969739548,131135
70,-0.037980653486156625,-1.194073525117317,0.09551790104148444,0.030035076788649532,0.27475825606042165,-0.017563329566457928,-5.256431294029014,0.6405980866025984,0.060885326221339166,9.882658994997612,5.390350780073002,131329
71,-0.027798432330743784,-1.5963891121029035,0.3693453186893493,0.023098589981980878,0.17512999052804787,-0.013372641944299685,-5.346399887896961,0.64296374517536,0.06140866537535033,8.58685849723679,5.579646042406752,137703
72,-0.006836806585066892,-2.83089666548651,0.1967539221264306,0.012729377878089919,0.09844684539942346,-0.0006838679591487191,-7.291492603438627,0.6694226108668037,0.05083371995056569,9.73245694835492,7.821754299175016,138992
73,-0.027154728744694982,-1.3169050094201722,0.3137376985046052,0.026056956376167447,0.04085894558203042,-0.01438071263408372,-3.8778714675814023,0.6390479149538943,0.06336067451823534,8.498919412309235,4.095378605564799,140821
74,-0.025241729564677597,-1.4562787544525517,0.11760347881818252,0.034035965494232524,0.17271969388641223,-0.007863581695670792,-6.1889432274531755,0.6183664462818206,0.05374260555903725,9.903603723031617,6.357968707323779,141106
75,-0.014275364776830746,-1.5774325222275152,0.053354806946341995,0.022329437221818703,0.11891249067748585,-0.0028394110780552858,-4.939965485053137,0.614649439476946,0.04106495197198688,10.416267235119093,5.185706543538434,154078
76,-0.00562393109905487,-3.30686902415046,0.31414099216198654,0.018427083866905065,-0.03739115852978151,0.0035029169265486455,-7.449494163224925,0.6589229902000648,0.055156355691892096,9.468664722324908,8.15048133736947,158875
77,-0.02976714431789912,-1.0486672914213733,0.13179125012961235,0.012352022269920661,0.07782872403692327,-0.014209634559103814,-3.0582224202380885,0.6576047874974292,0.04493913741161369,9.652214749134085,3.2330214134372746,159536
78,-0.024715191902958396,-1.4256996505901571,0.28772672500252,0.01643453646316009,0.2250050092551371,-0.010666325698014055,-5.682383067327367,0.694387314416928,0.06659286290857354,9.43596852871544,5.858506364043798,161575
79,-0.008890188122481423,-2.333727967524448,0.16133070246865625,0.012296284930027096,0.17982596317174365,-0.0014515219254136785,-6.138648850714224,0.5741104715923196,0.04762385910758327,10.40927751205823,6.567289847325216,167170
80,-0.017752272038701583,-2.2363646643013197,0.30639220784621096,0.02838014210077989,0.1154992037139761,-0.005022899424674835,-5.908731615739108,0.6536760981703152,0.06050854643881525,9.103222803522074,6.317787288170633,167695
81,-0.0027999963277605565,-4.857900923006071,0.1504056594652111,0.01157872749400253,0.0015868102913636191,0.0025250401733474446,-6.016339588983508,0.4435069923918743,0.03419046298630547,9.503766620646742,7.732757815146772,171565
82,-0.011067117324866161,-2.0421741759392624,0.17994625580103932,0.010611289630387294,0.17704750763728908,-0.005368244711266177,-6.14291897866693,0.6978456072368998,0.04672762055319572,10.17023195620383,6.47347889031389,173410
83,-0.011584192568980845,-3.048063141017963,0.3955319498323434,0.027593149670326143,0.057268163368022346,-0.0008105147317626712,-6.236288140963178,0.5866571094448163,0.06799761835869816,8.996473647684919,6.941323986729784,175719
84,-0.0029194205043918614,-7.577826613076241,0.17960796595806525,0.015130213279606704,0.07832817646854794,0.0011047694785743345,-9.200029814112947,0.5324757635897188,0.042736123151023396,10.258926708632561,11.919060565263255,176349
85,-0.02828938642569339,-1.5654542622140204,0.31255442213029627,0.026827481837746747,0.1468607639986357,-0.014239004518593393,-5.753375631737734,0.6633291578479602,0.06463067414803596,9.529668541086611,5.962547962654692,176619
86,-0.008475010274488565,-3.748907652615036,0.22374471789798772,0.021990170097910856,0.1632264482065304,-0.0009844287704370931,-8.068778630133814,0.5789241532885602,0.05797398099818389,9.853230361194717,8.89716230996938,179273
87,-0.01678969144144197,-1.4009861862814221,0.10747214236979238,0.014590617590591987,0.09711247317069914,-0.002482588422328582,-4.892844384635663,0.6621291232768681,0.0451312945237843,9.901790096504813,5.089468387406695,181057
88,-0.013906180660971155,-2.876049003187908,0.384870790288236,0.038570606782308406,0.021222225714035037,-0.0024471875815781008,-6.407500625325967,0.6426031697278496,0.07254563871929953,8.701649935309675,7.023369713484462,181717
89,-0.008360671962232374,-2.4678868038346673,0.2530585446436669,0.012429187691052095,0.1337296316978303,-0.002284711051786032,-6.306195477342989,0.6990940099807217,0.04961394043289898,9.51670964766352,6.7718953532229405,182377
90,-0.025961947314091703,-1.3198214403248356,0.12164526540909192,0.023435053581823337,0.06203564936933152,-0.010293266951455096,-5.668269788633369,0.6346821566283046,0.05826887796793475,9.76527604153903,5.819897854006967,182991
91,-0.005391626220111499,-2.491654981078978,0.2439403242020692,0.013070842026425398,-0.09771981896257388,0.0025912417793188106,-5.931370598615166,0.6924120237406662,0.04379698572392954,8.98413067362849,6.433467317306595,184881
92,-0.007529880054700869,-2.847650632617602,0.2980172579660971,0.013159599147503899,0.07191073556241895,0.0020857371063895324,-6.380620256162335,0.7342876134367261,0.0445122701500278,8.99001101633808,6.9872332849845895,198575
93,-0.0036509470684482574,-7.182573652797594,0.327389372470964,0.021550489344223604,-0.03815999335015162,0.0020763085172089183,-8.63444103640956,0.6253492345001532,0.05348616304937663,8.41228580629689,11.231337244028227,198740
94,-0.009146369823908271,-3.6710481610522843,0.3231039307570556,0.02530201237433556,0.03716401806217716,0.0026866149665061116,-7.213737619419304,0.6656256430665968,0.052858885153672604,8.43815726898595,8.094109280371166,200719
95,-0.01059775502926254,-2.2169201556366516,0.13438018184371212,0.013772511242975476,0.19609127330063914,-0.002968601539594004,-6.449635683808302,0.6571039039837736,0.04992049456726876,9.919460172150282,6.8200099289019676,201110
96,-0.011300671698129445,-1.9800659423953524,0.1829582802106517,0.011213532627676064,0.10445659977601314,-0.004269215656273586,-5.306416182611364,0.6612714127095282,0.04540210865501222,9.247761016436687,5.663807362482745,203449
97,-0.03272784323844591,-1.4399381159227678,0.2934504511794707,0.02385971266659059,0.027915340824568684,-0.01851847165553535,-4.180121368388286,0.7001243808288374,0.05690213096089213,8.710708743952573,4.421180434244181,206643
98,-0.009292194486023381,-2.4664302026970453,0.25922767636673,0.012876900828061014,0.07802219540070718,-0.0013415877597343295,-6.445134481215558,0.6910842616348223,0.05268418191076085,9.29117344466103,6.900944603873438,207483
99,-0.002993919400574807,-5.628516441351285,0.3125424740501792,0.014703371175021417,-0.009853680133155745,0.003056056985176489,-7.418335569705521,0.6459956253228006,0.04567536266485748,8.483070309763326,9.311922462913868,209702
100,-0.021474753363026663,-1.042790577625089,0.05703476923714089,0.008218396356620332,0.2041809487900395,-0.01669663516681171,-3.6915326759524585,0.5960797228806062,0.053190124390613915,9.776417344137808,3.835990835026641,211187
101,-0.020677691440046705,-1.2598915538612756,0.08006615769144258,0.015679093345112943,0.16517401954674601,-0.016688792457561434,-4.086604279200465,0.6272830984317687,0.04882002804614485,10.030575520105563,4.276407518264662,212192
102,-0.003500282259011471,-5.6030678773428235,0.22425928230813444,0.01660152948953421,0.0475068765372592,0.0022107945607801375,-8.463964007464941,0.5846737853633213,0.048809109660148495,9.534262337322774,10.150520004303868,216419
103,-0.017834396907466982,-1.70363943221332,0.3051743892618239,0.02359255700353216,0.00426031202738919,-0.0055952200107610055,-5.333934442714551,0.6660689785885694,0.06409659569224878,8.71423593405501,5.599396749130099,220812
104,-0.004089233437699238,-3.3215648583298916,0.12752615570307596,0.010879458707622087,0.07276507680450485,0.002183831367833311,-6.52276514487139,0.590695452416421,0.03901277652554378,9.868783560392634,7.319785395982668,224050
105,-0.006519460391304377,-3.002930267565095,0.2058357649848144,0.013245901200194261,0.1869702652386804,0.0015474401229401897,-7.290100186457086,0.6928840200163785,0.04882668385817181,9.409409353112942,7.88436116121276,226346
106,-0.02529495053335084,-1.1339478752308916,0.215135066679978,0.01508017329099671,0.017048891404918255,-0.012642279035755584,-4.052129571664893,0.6585211310688992,0.049777918396005705,9.251975463149348,4.207801308201442,226885
107,-0.00888691425896589,-2.2901808664350147,0.13887244110509944,0.013874261151413804,0.23042538923188757,0.001159713453146917,-6.811527417077537,0.6808834378731993,0.050823995863698714,10.284154067309291,7.186225306416715,229121
108,-0.007464047158936937,-2.5847887755716923,0.09537914468341245,0.014109732402070242,0.12536125676131235,0.00025983453443818595,-4.316510207821359,0.4168473002456195,0.03872904615180516,10.149988800869485,5.03124173425879,230275
109,-0.007742984306838197,-3.4747517654018893,0.2997090262981553,0.020926277253692824,-0.013802871731561545,0.0018459855018781214,-6.760232804074336,0.6327958438578855,0.050662330816443744,9.0280926433714,7.600963583417981,236800
110,-0.01756846801473831,-1.5382698513945745,0.15062280320792887,0.02135196269486793,0.04688663485590426,-0.005847373248598357,-5.482740455604674,0.6566039320915401,0.0571352563820025,9.903311549677808,5.694446157374186,239905
111,-0.009354502575956256,-2.137501251313084,0.31642365983693665,0.011502355870106503,0.0477236971346778,0.0014484218345843108,-5.108648849341559,0.6809329978192401,0.04349233692051392,9.011764858389306,5.537797817295593,242651
112,-0.004695648477944011,-0.8762679336252388,0.24021723123782027,6.166425368887445e-12,0.11291925920403831,-0.019156982520476026,-5.120519935945058,0.6164169694203268,0.05917489674181617,10.315711472401043,5.194956198651787,243011
113,0.004417382613165961,0.3016061621578007,0.11008448170829839,2.2325583196544456e-05,0.004180522886230013,0.048000539349346796,0.19745959196374788,0.09521231494495148,0.09505422208524585,10.157439289126637,0.3604948924881563,243987
114,-0.01998255882618125,-1.7287022562989878,0.14461606332405977,0.029429225430755785,0.08948367500065289,-0.0046317491168618614,-6.808593614292083,0.6460379996045956,0.059712168042275866,10.237411861726521,7.024625149822028,244002
115,-0.005627368268085208,-4.41501770934186,0.25633311808280324,0.02241267561538417,0.06584526067098188,0.002706195142121982,-7.7220000595202745,0.6036780792399995,0.05459834550439596,9.711665796804061,8.895036047877118,244392
116,-0.014344067549291075,-2.045661018193849,0.2981685173275275,0.021393266775734412,-0.06454992923478876,-0.0020883843007765304,-4.785960939867453,0.623048826244252,0.054975240712101886,9.235657131149742,5.2048199891345766,244842
117,-0.0027482662636219794,-6.446481049462372,0.1484440081888469,0.011642010409712165,0.07485678943738035,0.0008208044161458529,-8.489914395146128,0.5940830086399436,0.03722703383561816,10.20522214663581,10.660007709096037,245232
118,-0.06863889259406633,-1.145487319956711,0.2458203280259846,0.03976577040460383,0.14566655458069794,-0.05673284573418274,-4.624996887791861,0.607215885226197,0.07486789567329977,8.736972121698795,4.764738965805577,245696
119,-0.014324289688090111,-1.709286264337017,0.32512026938264765,0.015521858955122255,0.038020473581987985,-0.006760448515157329,-5.29506090799026,0.7173388973698597,0.05702943038478964,8.964934829469708,5.564110850151876,256781
120,-0.002131274701560379,-7.629616181052224,0.24431543470538716,0.01104013206402453,-0.09941269981831923,0.0008522207716067318,-8.524145470617425,0.5799448061427718,0.04614836368906289,9.330064988959512,11.43993439991775,257561
121,-0.007072050577829064,-3.2411733961027207,0.1858057026058872,0.01379850858398015,0.19965946090679101,0.0015450148734264737,-7.443410340221772,0.6324748359804054,0.045978787007307946,10.066175358503541,8.118470451786127,261339
122,-0.015613708081502585,-2.4744050293812823,0.28376622106896016,0.02177491543616939,0.18945854955677305,-0.00550385825367979,-7.1096985799741415,0.6761086310402823,0.061832590874017664,9.785449170253056,7.5279807483490355,261444
123,-0.007677135436359613,-3.877042314479874,0.3480316068671454,0.02531499671646998,-0.03934354536360177,0.002625053485240088,-7.547813411067498,0.6742738216527414,0.05649988471600056,8.852749722698606,8.485337023156937,262748
124,0.0028000845362648537,0.18757788742461828,0.07725211061610808,0.04094933368460651,0.11076836327905726,0.019998728256037223,0.17581290634262348,0.24636446842360074,0.07262570442406671,9.997737781993402,0.25709072695708585,263333
125,-0.04745289751266067,-1.0113508350339326,0.08659154242053506,0.024176771350565777,0.1291895695704687,-0.0330423166670248,-4.887437759742293,0.604495667069525,0.06583727627090291,10.405812869290157,4.990979700106844,263992
126,-0.01977320914676387,-1.3020171833569942,0.07775081401084913,0.016483515202682927,0.1298441870470295,-0.008575564021656483,-4.877340483632865,0.625672003624255,0.04836384664332548,10.458700394002358,5.048138165605311,270098
127,0.0012465027723656107,0.014830123384046778,0.4821858147634038,4.50302238262637e-06,0.1032141205216937,0.01799999084695836,0.23255940659613683,0.09506360061614466,0.09544544858360653,10.48522857789328,0.23303177928328433,271073
128,-0.019298804802710415,-1.675357914300576,0.26456387940776377,0.021637944334846487,0.09065414776792326,-0.0057981133556369215,-4.76872448648287,0.7045925788730034,0.05656472579502886,9.149999411692063,5.0544591569218245,271598
129,0.10160396971205765,-0.039047103553477264,0.19040736860579477,0.18389472671800924,-0.037790238834926736,0.053669813983088996,0.11122480255757418,0.30139332872054847,0.19999999999999962,9.903392438041157,0.11787973956489442,272933
130,0.0832010052300966,-0.074408194628318,0.2757446556359083,0.3129726246280854,0.0003474505844977211,0.009998986482085956,0.2080736810563211,0.9999992588087023,0.19999972323699278,9.68855440162576,0.22097790879672405,273893
131,0.0,0.0,0.0,0.0,0.0,0.02119390449597927,0.2243925574890138,0.11455960731545355,1.7888188487495454e-05,10.351045960376199,0.2243925574890138,274208
132,0.0,0.0,0.0,0.0,0.0,0.10480001813728178,0.24130015454851905,0.07443767769112672,0.07396928452444829,9.14225877570481,0.24130015454851905,274613
133,-0.010133215033425217,-2.2419333904124765,0.22309981495892062,0.015940441816017163,-0.01883895888980956,-0.0019073171856363112,-6.413053047462707,0.6988988471063755,0.05190617328708242,9.38621717386443,6.793637811704205,275918
134,-0.012572895511148489,-1.8682912500275946,0.09625175722871684,0.013557777698922743,0.24198874007887403,-0.003859382051870259,-5.627929423625456,0.6886126619129829,0.04671487693362391,9.991380225972069,5.929932697108697,276083
135,-0.004919547301808078,-5.960178062775257,0.24177550652746319,0.024084863545484603,-0.03819361294900209,0.0011454075692110262,-9.497946174941696,0.6241624995789632,0.054881174878783884,9.861940616175195,11.213148713990956,277012
136,-0.02494544433864301,-1.4314372950590821,0.12754955713470373,0.02391366120423958,0.05671930187505087,-0.011714384123782028,-5.7474226270355295,0.6116406321132869,0.06864573278344735,9.641692360719505,5.922995828417073,277941
137,0.0,0.0,0.0,0.0,0.0,0.019999503410457656,0.14404149150632053,0.11580626655978515,0.11523414805259706,9.373532532543713,0.14404149150632053,278407
138,0.09400151643876922,-0.0413162438856383,1.5708577887538189,0.0014955856626332777,0.12837272615431516,0.018795296343860835,0.12768535149273047,0.076653602626069,0.07670785412197002,8.798454987615854,0.13420350589548571,278602
139,-0.008799819730819178,0.10921168043101721,0.06246415573106335,0.06208230047679546,-0.02317916950845754,0.019999685729299898,0.10467288636149197,0.247551541059112,0.02989289622930907,9.667364676713335,0.1512732768264522,279922
140,-0.008476249862788617,-2.3267615629895344,0.2499830246421731,0.01158635769973035,0.14866144706646087,-0.001672489584640901,-5.983643760588023,0.7432525398810621,0.04514331472102142,9.302570607573507,6.4201099698236845,282502
141,-0.005939169952534136,-3.831574129116806,0.32857578345011196,0.019101231115710264,0.0443016304046543,0.005155978111540033,-7.145274201983842,0.6137716683910103,0.04840532096494618,8.537854483986488,8.107768110180078,284767
142,-0.02455952535849598,-1.5968151956165433,0.2199368527668453,0.01823075999408531,0.1364745082957523,-0.012244006601822576,-5.255822823716754,0.6455897187111368,0.06146322771469185,9.15741025853186,5.493040353324727,286536
143,-0.030143214014520203,-1.2874004955011027,0.1588949232633187,0.01529869626729787,0.17046364121469879,-0.01749084209027044,-4.366556315612576,0.6282597929213353,0.04794896866808523,9.561293849474803,4.552385538729399,288411
144,-0.013419657995854322,-1.7289011240990948,0.22544439395845187,0.01416978871238509,0.08359350788005025,-0.0042419973937866465,-4.853657409661201,0.6622841200162356,0.04446647516495907,9.140404987497222,5.152386762197709,288575
145,0.0,0.0,0.0,0.0,0.0,0.03013368606746105,0.39209832895919794,0.08241470641649991,0.08240255532564172,10.103121581668756,0.39209832895919794,289175
146,0.016815190715265275,0.3413448521369186,0.10201500081685573,5.5797607301296596e-06,0.13469887099235497,0.019200007468740933,0.46587236905610274,0.0980158243934511,0.09760695618841687,8.693376517375127,0.5775407971133472,289744
147,0.0008012792477828099,0.22452170898997453,0.04889388543299061,0.05779193348579018,0.001766796956184506,0.059999966682067675,0.6510483197871163,0.08004274376916819,0.0794033821241929,9.75427984302101,0.6886754769159463,289954
148,-0.015674565839109634,-2.124455868639358,0.15799804062295483,0.03264384582987549,0.08742845935706811,-0.002474233249353615,-6.965394549187153,0.5716930051246352,0.06970092673043833,10.150768471645684,7.282172338227262,290029
149,0.0332000442468082,0.8405136397040537,0.0941799108603866,1.1051875815174176e-05,0.10811157683732754,0.016800476001286604,0.4733824486277449,0.13103970311451904,0.13107151770848302,9.818358770276252,0.9646523317741762,290344
150,0.0,0.0,0.0,0.0,0.0,0.0955998747818275,0.43590750676593226,0.08413786112090324,0.0832872573596831,8.828264304205252,0.43590750676593226,296631
151,-0.032518603732254736,-1.0976930801248357,0.0789502768795588,0.019286496751870816,0.0580955564967253,-0.018211284315022537,-4.640192102653151,0.6341714993484378,0.05348523961706084,9.844230395018473,4.768260987789848,299001
152,-0.004390347928909188,-4.5417110059295585,0.3077721126129813,0.0179739267935804,0.06422681746620175,0.004341308403294676,-7.6608395641797244,0.6550855123572182,0.05008730324931314,8.602717898818648,8.905930703159726,301714
153,-0.0062038248433121815,-2.996181608098934,0.23046472968193063,0.017023385471372804,-0.015620420046939603,0.003968511315982749,-7.4374360988284955,0.6680344294898732,0.05198353330667949,9.384442080425096,8.018264148359515,301909
154,-0.004130440924405739,-4.044423765016682,0.260001993743328,0.016272476324430612,-0.08280121581278588,0.0030872316565507298,-6.512622773053515,0.5861098009114795,0.05000219039783561,9.223871810135849,7.666264995102046,303873
155,-0.021472207212932873,-1.8994548575530101,0.29470544497848383,0.03447409485673842,0.053221517434092244,-0.005523542314342576,-5.665521121808344,0.6665025939321327,0.06754039041807451,8.662116168751943,5.97545465529931,304757
156,-0.00425965407994733,-0.7921785906533167,0.3636173782846771,1.5139538906229196e-10,0.10279206095244199,-0.01485181465456913,1.7008509791965938,0.019469357969071267,0.019463023465154515,9.88398365540147,1.8762838199279679,307217
157,-0.006477414780591833,-3.022231464800363,0.18054485238524895,0.012495120264366954,0.22135574885698472,0.0007238039131636372,-6.646190985355566,0.6486750120511294,0.04891012260849887,9.709508504083496,7.30107784102121,307292
158,0.1210372469754612,-0.6650048055553556,0.018293146024392012,0.01831017317844905,0.1362377797954427,-0.017283030485971535,1.7464162486813597,0.017572859336719718,0.017571651341475154,9.281388230294503,1.8687431886350754,307487
159,-0.004661765688015741,-0.8023920699663127,0.3984301667006294,3.9933173494664135e-10,0.062151054735124375,-0.012887832564922305,1.6612386319836099,0.020846181674743378,0.020841706982662526,9.511585138352602,1.8448704090910018,307922
160,0.3226440841488964,-0.7999494664325986,0.01974178729769967,0.01974492141843093,0.006555475476277845,-0.03464529692330279,0.5396124350045025,0.6902148615528529,0.00410547220641785,9.73203442738505,0.9649356086585713,308012
161,-0.007041542011546248,-3.0844682302592963,0.21237493218091263,0.016398166541216952,0.1412833174839187,0.0031095249616079883,-7.015192264173483,0.658192283471143,0.05272930487733707,9.588933834291227,7.66334566405551,308401
162,-0.01771774419737101,-1.7236386369623984,0.18044614151070032,0.021865591060417355,0.20889620938102088,-0.0059882140617354045,-5.4808725374017095,0.6200058539895986,0.06551741186778869,9.1512739057912,5.745510762506137,312526
163,-0.02301052052162081,-1.9115587249019794,0.29193427624862694,0.026144737493376095,0.09746090736141907,-0.010171426339178231,-5.421161121090653,0.6933052124279685,0.06082135760524653,8.710090751315072,5.7483079823173835,312811
164,-0.013580346891590905,-1.8392919179698604,0.07568566381589319,0.015764076499687456,0.2872211507324996,-0.0034704172206764194,-5.613305674999249,0.6823512390030705,0.04638773945397109,9.737866501907321,5.906961601406261,318120
165,-0.017090677077608685,-2.578712250586768,0.3285517628929402,0.03200717998980687,0.1625961117050002,-0.007502246617162534,-6.530472591423761,0.5850178302041981,0.07283428028420293,9.14690759915543,7.021170069059946,334558
166,-0.012249735476173659,-2.934093088457471,0.2705499019230234,0.02952328015344282,0.14961001331260584,-0.0006238149586677475,-6.432570022918028,0.5714907678242475,0.06171242638964815,9.50638438459083,7.070138566639097,338443
167,-0.002593563500367251,-6.568899433849018,0.17328098627235916,0.011523779086002479,0.06752301905658213,3.911940718095284e-05,-8.996777412966711,0.5375530053206055,0.04902908635116073,9.929846615086172,11.139678792069812,343153
168,-0.0522259679022485,-1.3758080209270047,0.05805910216550471,0.05806367951785701,0.40780386156542114,-0.03118363988874835,-5.88468362812593,0.5512048325176053,0.05695374995706537,9.80296876875004,6.043372329550814,345252
169,-0.009127872598651436,-2.4134634965791206,0.14590034627300927,0.011893356715932921,0.12922584192808487,-0.0016650205938728423,-6.648829962887791,0.6972297058004981,0.046470268056843164,9.838488424346858,7.073312231530174,348986
170,-0.040541534138838334,-1.181271956794588,0.2749329417554988,0.02920924331866839,0.09563243317873464,-0.024361285705503524,-3.776367918885633,0.6308103342800715,0.05996794641677099,8.518000956186189,3.956811607177921,349721
171,-0.017953531629362956,-1.680555066120617,0.10417491660520352,0.01787938437769525,0.15522734800618251,-0.006300348635365792,-5.708631541411306,0.6133949665381215,0.05301886485006699,9.881898082007275,5.950860392065982,352014
172,-0.010312284959417587,-2.324255604499931,0.27564955376545525,0.01754144589470439,-0.06043362048960797,-0.0010782310714066276,-6.104034063774954,0.6912298451962215,0.06149492895236984,9.037072879637805,6.531569181044806,352839
173,-0.011489697135147449,-2.58928369030657,0.24122461032994424,0.01993664443288479,0.13293172964656272,0.00030717214171669527,-6.6361737773699465,0.6453625225876591,0.0514256239861259,9.381784342240849,7.123425610781664,354428
174,-0.02273939963089347,-1.556682856212531,0.19246325489032193,0.018802063083013746,0.20022633145211752,-0.01350268707933096,-5.67138191949891,0.7003604432131718,0.06040020374578668,9.629385065858795,5.8811422692913276,355418
175,0.0,0.0,0.0,0.0,0.0,0.02039976797442073,0.4491272465629208,0.10329196548175525,0.10151026141312025,9.457227479095888,0.4491272465629208,355868
176,0.0024007201673235832,0.05349253908889601,0.04576260041557912,0.04901221200835213,0.12707108695447938,0.014799203686059229,0.19140531865400887,0.10867433222819824,0.10731066775386287,10.29541737080914,0.19873964815109174,356153
177,-0.004647430080781927,-4.297349534164853,0.21000933512886433,0.01817469621715558,-0.0181779468600095,0.002763085568819825,-7.546223270130562,0.6099850481554621,0.04518419364493028,9.43256025932575,8.684048517911842,358912
178,-0.007537844827279043,-3.5479818466822888,0.21644123692343115,0.02565220967579839,0.11814074464514641,0.0014694783015791392,-8.121666231805493,0.5786692324941345,0.06193114917644007,9.919694653158219,8.862823340518343,359212
179,-0.01618384811604817,-1.6621487909710329,0.24035695375021693,0.014761965422961421,0.1671441999455607,-0.006967448914205446,-5.562812363703397,0.6513234936880294,0.06090254518027547,9.297678668808524,5.805826383650983,360487
180,-0.010528874510874576,-2.1453829226904153,0.07921693667757117,0.013768401242599532,0.26324947302404766,-0.00339927607762545,-6.082801733335324,0.6511204987169079,0.040274125204312186,10.032866408299627,6.450049985235687,361057
181,-0.020763453836586687,-2.0650104032437167,0.2909311365427204,0.03683189050369901,0.1365335002254957,-0.006871921920934616,-6.085816574877527,0.5918292620016533,0.07703090845349557,9.344222150669763,6.426618967120955,361446
182,-0.01651343112375912,-2.1164152960343983,0.1718599731506171,0.023688282228691657,0.23364329986747712,-0.005629943280552912,-6.521405787323016,0.6503270814044821,0.053212539942692066,9.751975460719251,6.856234181255663,364311
183,-0.009460307676439381,-1.8675450782349121,0.17564164052593087,0.009640507670896388,0.07608989465719745,-0.002988453174224146,-4.807446218729507,0.677123047724704,0.03330648652029347,9.23685041202623,5.157447407896282,364476
184,-0.01306982078184394,-2.873399004778683,0.33580412604160137,0.02994337804621163,0.059422107981147096,-0.004486473545675756,-6.665725937710174,0.6860643687558488,0.0654569887759498,8.913918417083945,7.258672338473841,365630
185,-0.019303548930539788,-1.717610808457678,0.27584855183642176,0.014807228978914776,0.11612890219832073,-0.01153808165374539,-4.366746415298969,0.6747236897426867,0.05412189984417149,8.702285524276867,4.69240462288335,365675
186,-0.03258312015303036,-1.2298960277958246,0.07479762840948759,0.018193547142986728,0.21273755827457225,-0.021492828292879608,-5.310443614950533,0.6603050402651008,0.0676091107245618,9.855318979409612,5.451005010707369,367266
187,-0.0027167621961586255,-8.231934677538861,0.28945812807245713,0.01372709863861347,-0.016405725022457386,0.00017775041019420858,-8.93656614235976,0.5693006869382061,0.053551259565440136,8.886903628679077,12.150183659189587,370610
188,-0.0036531804583478282,-6.991207707791157,0.21370904498395,0.01831040644153954,0.06444663233263659,0.0001760869353590947,-9.827829597594313,0.5801993968557995,0.05242698767738276,9.978887473704605,12.06081339764567,373159
189,-0.021718179243359108,-1.5088201544219355,0.1634310296421573,0.022504406407452684,-0.030074358584984924,-0.00703173529061177,-5.346816128069774,0.5955084744091584,0.054844344978552104,9.27214370656905,5.555626064250265,374838
190,-0.015865156973456303,-1.905557736545316,0.2951636784520657,0.020113454419643434,0.1728600641365572,-0.007395603808973432,-5.756963766798373,0.7080915279804231,0.06768868137050958,9.142124248304672,6.0641390237639685,377553
191,-0.004597098390050213,-4.0467261065434155,0.18182447792027803,0.017560194323067053,-0.04916617115451557,0.0030847396757418565,-7.463934134631638,0.5845712296596697,0.043906699501817026,9.761436380147208,8.490365418961623,378933
192,-0.14239005424040088,-1.0473234521219887,0.3530098169367933,0.04612020745321983,0.15709777371325254,-0.1282508516296957,-4.208654565957377,0.5465377431280689,0.08692424728341319,8.689874848575714,4.337010452940896,382667
193,-0.032628825802425244,-1.3235961089478452,0.14759799971544904,0.016473850830201493,0.18155039429360506,-0.018790654190747328,-4.747846794575644,0.6638228177016677,0.049108728485890395,9.769377248654623,4.928889920091957,383312
194,-0.03788507993515663,-1.2473374851187642,0.1946070722176441,0.031678759130526805,0.046051506416204875,-0.02233598635865815,-5.590992863083533,0.5697471489786001,0.07995486270290726,9.850995544574088,5.728442370909688,383972
195,-0.036694261098574404,-1.0970835024086538,0.12022585110680523,0.018120558127995106,0.15663450322256994,-0.024365926689424087,-4.683620052674576,0.6409804650175839,0.0645536410933723,9.443988546638,4.81039385176231,384391
196,-0.015601059311358441,-2.3679208392563615,0.3176954017473142,0.03402129860645193,0.10656818282376603,-0.004184315927862852,-5.428584084693288,0.5761593918765335,0.07052456194213903,9.217584290485973,5.922547953842992,387481
197,-0.008260471578740084,-2.219318769389235,0.11509684663306469,0.010718467000932024,0.17961443798294502,-0.0005630084105991333,-5.116344143503804,0.6369255270253361,0.03676282698398854,9.975542686049092,5.576948376570203,391261
198,0.01759999691257112,0.26891661226271735,0.09637198974453044,0.007129507989816534,0.08757906867873798,0.01680084912405206,0.3738127197522922,0.10343855635055144,0.1033985232787371,8.753982576032492,0.46049114410535885,394770
199,-0.04877846541247738,-1.2026937779652058,0.3821968466910348,0.023396353480706608,0.08139414452427841,-0.04100685672830739,-3.7025294176082584,0.58948748718435,0.0701824201154716,8.922864168206468,3.892967558535618,397574
200,-0.00878676358728003,-2.4422440217083183,0.3401533006605878,0.013263375692569449,-0.014185908828928397,0.0007254547110835335,-5.357384076196789,0.7084460296124837,0.04451314650976719,8.45723816753615,5.887794154134207,397694
201,-0.0366432995783686,-1.1291794199103358,0.25451150311299975,0.02283741539545813,0.06370076045679882,-0.023837747863466537,-4.194699150019952,0.7059579534104986,0.05493215509356867,9.113867191602164,4.344024300291971,403511
202,-0.017107256099243236,-2.0708667772269105,0.2205938087196781,0.02330658843708057,0.21224661027609387,-0.00568469327064109,-5.795997558390512,0.6230012754166588,0.05582483392475354,9.542684375128552,6.154841744991576,404350
203,-0.012249013538065682,-1.7281904871499214,0.16812449929821374,0.01171098368198047,-0.0752056015941608,-0.002979495288771056,-4.768494237584661,0.6131134390995405,0.042694598960807184,9.365696913365241,5.071999571545092,404845
204,-0.020632560339166505,-1.4327071113926055,0.11368473628863678,0.015627059084850136,0.1264095638970791,-0.009776958372011545,-4.883309433058671,0.6728719371853306,0.04978827154999537,10.090261064612651,5.0891414488138125,411053
205,-0.04494089868417065,-1.2542478942766424,0.08203772904438784,0.021602282170402436,0.3135253020670955,-0.031924786258225035,-4.692637026129089,0.6507850034426917,0.04913285630819999,9.913725794244067,4.85736348642914,412147
206,-0.04848546495187879,-1.2837128430056022,0.1704845679624414,0.04059297501298251,0.19275727941304327,-0.03507781260440657,-4.842455761526461,0.6207288783940278,0.0595792306584203,9.084170759713935,5.00972019833826,413512
207,-0.005755393083023889,-2.8945838298771265,0.2908618931708825,0.010394055136943607,0.05160625031551614,-0.00032905986616400335,-6.312319634808667,0.747040849994917,0.04597573894389842,9.26730505219168,6.944349841430597,417516
208,-0.006814910126352767,-4.559243250239974,0.38083177081670566,0.02465805729228374,0.03816094841143158,0.001743381880042506,-7.053980870532222,0.6038123708767105,0.0631533831503335,8.505459752236924,8.399127641409748,423726
209,-0.00704907126234705,-2.6263240900983664,0.10961619645715359,0.014349746336314062,0.14863148430982911,0.0018988604717141476,-6.706133023839428,0.6568692261779986,0.04184831868658123,10.043629058918238,7.202069033247374,424026
210,-0.0029793182482267476,-5.321731652075228,0.26529833683348475,0.01433065326500792,-0.07527357192204501,0.0038080884975499854,-7.231854485887886,0.6134213993648361,0.04315887535862512,8.429336956598997,8.978894535618295,428660
211,-0.011557377746765653,-2.0444437065695005,0.22816185844144435,0.011173679678038432,0.11841679716017595,-0.0016821445729863346,-4.89525346294985,0.682547299784169,0.043095970490065465,9.189422607064225,5.305021822373037,429470
212,-0.0038202530884042267,-7.839248720489963,0.21137517303627307,0.018817546083080696,0.04417450472127656,-0.0006817732791227605,-10.31219838350491,0.5612850226555777,0.052357614984068705,10.189245936295277,12.953580817768684,430100
213,-0.0030374111675903295,-7.951302385873592,0.29935509993010573,0.017714905402877235,-0.1202554559681609,0.0009704495446991664,-8.956093661356974,0.5746331446488695,0.05509229022691131,8.906486344024438,11.976427818953264,430774
214,-0.02308980598616902,-1.7673429120209805,0.19224342866875052,0.0358991272577033,0.15032682052571156,-0.009791230158796328,-5.865049126738884,0.5776706234796203,0.07327832542494055,10.177681147810125,6.12554505556292,435125
215,-0.04668982716164677,-0.9228554016905608,0.13483791695887487,0.01761041030607183,-0.0021530364938170178,-0.03312233842394036,-3.5332629443219785,0.6016177672329852,0.05138844032268253,9.572408995402455,3.6517953291700596,436835
216,-0.01809868910851382,-1.3850228721519005,0.09993632822813453,0.012245433323836506,0.18539598192935805,-0.007412070078479923,-4.536349874710318,0.6637360013899023,0.0440804502921755,10.064289192190362,4.7430747982894195,437165
217,-0.0064548786917988845,-3.502693232688003,0.3121261134407001,0.017836003326617916,0.09482056127267334,0.003424804000154942,-7.671991400716671,0.651159104794952,0.0529937016553063,9.091087060311773,8.433760248844454,437464
218,-0.012491698473548555,-2.6155316231706345,0.3498313251842957,0.027955445012736797,0.0494850905749124,0.0011759183770024349,-6.11739176768021,0.7005420937182427,0.05919584237484954,8.63831783514239,6.653081069030138,437660
219,-0.01945802057647377,-2.0320549322945,0.25096113562752115,0.026154199057525137,0.17218074154412694,-0.006866634465994048,-6.35554492603953,0.5725811668567901,0.07338181805771989,9.881950264497862,6.67249567663923,438259
220,-0.008328751679526509,-2.1561109674570527,0.12620156997712512,0.010575664298820177,0.05859181033351828,-0.00019193591948794977,-5.845339322677568,0.7129787299494443,0.03709162163680795,9.90027361171898,6.230313499433977,438934
221,-0.011332347083232074,-2.682685886030879,0.35848917312164813,0.01848834413297148,0.16008991844346257,-0.0030094791181799244,-6.7480277658352765,0.7120645811472065,0.06027749137494355,9.189319343739072,7.26172722508861,439503
222,-0.024883542351362736,-1.4600888723708723,0.2911201233133637,0.01577243609639415,0.19559356480676424,-0.013800797555372087,-5.3680318416474435,0.648609068646859,0.07268483594077269,9.260729994227802,5.563058993769713,445457
223,-0.04525448524253345,-1.246939129349183,0.08486186185746009,0.02155149169927003,0.2813945194948877,-0.030715620665829193,-5.513486451325472,0.650591523868701,0.058935772285535974,10.104696684160569,5.652732970984181,446147
224,-0.01076639545135077,-2.4475466681026323,0.1916849063924433,0.03082480056272059,-0.0032339528678133906,0.000944944451624692,-6.489620958729098,0.612972497135127,0.06414138244752736,10.055912345955713,6.935824744074512,450946
225,-0.012981966687872049,-2.633326968928096,0.2912373447505178,0.025673197990076276,0.09515020739704506,-0.0026231732582570133,-6.218250309391671,0.6018399909198414,0.05615411199222797,8.766586874087107,6.752854791533255,454592
226,-0.022599354329277198,-1.5095610084285493,0.18430431103427852,0.019607599284199372,0.15669793968131823,-0.012258603316917117,-5.27872288438034,0.6432478672586358,0.05567005879329304,9.481235154083917,5.490326923621991,455371
227,-0.011319370070858209,-1.9729515838930816,0.20402393976199618,0.013742162000628694,0.06347084431667314,-0.003926895612540521,-5.354746737268314,0.7138235794711109,0.04453062921575014,9.360862894559858,5.706649680212714,455416
228,-0.018881786630749048,-2.3983345778777325,0.3118441787243662,0.03147014968983594,0.18683638518235585,-0.006382049077457017,-5.977342396024759,0.660196202208078,0.06375824363108015,9.203649965128168,6.440545851615293,455476
229,-0.003937080162686704,-0.9939422236830925,0.2570199944464259,1.5661981377025904e-10,0.14395561776821358,-0.017460728585633193,-4.371077498335234,0.6158354189734426,0.05266526770973746,9.982565480228606,4.4826598845409515,460035
230,-0.008583690849129182,-2.3403496909698247,0.14395324522148562,0.01090698948532215,0.10702147976388422,-0.0005300942762143271,-6.41133074791849,0.6821578027006698,0.04338462420295089,9.973724241133091,6.825129935409847,461955
231,-0.004249762468662448,-5.710711197410933,0.26988345757208826,0.021012508445708095,0.011042875503882676,0.0018456113254067814,-9.021878854070762,0.6189185524478796,0.05200428378813634,9.511137779974968,10.677383595139952,463304
232,-0.014577638371373344,-2.42091334915231,0.28763341406941306,0.022339683606445754,0.06985181302805453,-0.006198592093457501,-5.623331433951281,0.6637079324361922,0.05574535103318097,9.093726453590653,6.122309846795442,466453
233,-0.014266367785056517,-2.3578657492981683,0.32964744003125096,0.021106471433451898,0.07531432433434763,-0.005959080491648298,-5.6063347310108265,0.6503495575797791,0.06309749378596755,8.622171016781774,6.081983229823282,467562
234,-0.002800010918039135,-7.554040858755888,0.3024872418789427,0.015257649537957718,-0.08734966791765057,0.001149324598769419,-8.519202705453393,0.594472346156157,0.04902635914816348,8.757407645319484,11.385971545386798,468657
235,-0.005262002741267952,-2.966582754299002,0.11075877528415855,0.012406056691590958,0.17202504160258394,0.004387250474656593,-6.760467536713035,0.5794606542918854,0.03771439886973039,10.340481667114817,7.382718642414532,470006
236,-0.02791782172993705,-1.3795019929806884,0.1037163694281804,0.016139184707027833,0.21807316514041158,-0.017984736945523383,-5.892278329549692,0.6583155283221266,0.06347803173827828,10.372435617427506,6.051608849018465,470996
237,-0.003652372761489065,-4.960571112818404,0.250797864375564,0.019492800984976747,-0.022418705342554784,0.0021777197317187505,-8.851818521736242,0.6267250742547623,0.05130475175911301,10.203107419897382,10.147017143332379,471881
238,-0.046799994911206504,-1.2806459690452983,0.1594001507434734,0.0317046841560181,0.20495399927014368,-0.032675181754978536,-5.705216477180571,0.6354520358991479,0.06632362069050333,9.492069423902246,5.847183009751332,474340
239,-0.019117882186453744,-1.7136252552876527,0.1867268245748238,0.020256263619430743,0.1603764820852056,-0.006158653440310756,-5.281776002875491,0.6191386808255247,0.05251164919935985,9.218251228639257,5.552807331441554,476380
240,-0.009370001029615924,-2.0495457949250278,0.1773903447884236,0.010431044764605497,0.2230402212983018,-0.0017799079869441814,-5.527966973188085,0.7087255683241485,0.04481874827214688,10.133397352800262,5.895681200858227,478254
241,-0.006238731795696761,-3.08441750889847,0.2737110669661873,0.013122081425162867,0.08347354043580224,0.0018219297735419479,-7.001110874385625,0.748150311384351,0.04467516778674402,9.675137038061811,7.650436905474098,480428
242,-0.013148225745359949,-2.503419988608287,0.33249742399637716,0.02435919968627345,0.09672474145874232,-0.0013352731114203826,-6.088792306980028,0.6961906183377237,0.05535396800280223,9.04133760670416,6.583350468940772,480578
243,-0.0030963995621191595,-8.253099851709445,0.2821407538107114,0.014495999067892453,-0.018806651080102994,-0.0010568943767842532,-9.446119008376423,0.5706529691252604,0.05629039789071175,9.51315154964168,12.543636692869292,482452
244,-0.014352145436532158,-1.6516885785275315,0.14929350600205551,0.01708075492298867,0.23484659503408656,-0.002231292259133549,-6.435914931321254,0.6256743900948117,0.05999519722585281,10.530424033318779,6.644477117399243,485031
245,-0.04145662151807765,-1.361444438326746,0.32271673455359656,0.03133771999110789,0.10701580989873567,-0.02510010162269995,-5.126574587590069,0.6449290319775742,0.06876619365178692,9.024901308532378,5.30427167109445,487670
246,-0.010377978773697895,-2.679340890266386,0.22585137662172916,0.017959887053504934,0.10881484564400389,-0.0029579700545791835,-6.677631849119703,0.6497664258620035,0.05240739165733985,9.659685974235495,7.195111862829604,488329
247,-0.020576980784861938,-1.4235710996628992,0.2194564054873517,0.015765835639989078,0.14360095321306252,-0.01137541745907934,-5.408240790719282,0.6680604072301293,0.0590005250316798,9.345035027871543,5.592461276235658,493382
248,-0.005307551870798976,-3.5871878912253,0.28215418467251896,0.017613015558369357,0.015492249399837248,0.004483493658714767,-7.4142872703557146,0.6635368998782619,0.0499681580141249,8.982433558458768,8.236478173000412,499515
249,-0.01139232358514745,-2.323085042129321,0.3405495971596826,0.019695416237360923,0.14270588855563332,-0.0017459566091687605,-5.994859575485088,0.67622102222352,0.05999686095675166,8.882532607261986,6.429235214452045,501571
250,-0.011170327619546512,-2.267861432590336,0.40659722198162285,0.01810657733574595,0.05150470955553162,0.0005701762190219883,-5.803542627097123,0.7380796157941899,0.06105176834851187,9.039141465803517,6.230915061366513,503641
251,-0.08989846724909534,-0.8363094464376196,0.2747080020838731,0.028467474783933498,-6.228987671989151e-05,-0.07871630532589385,-3.1721132370350893,0.6398069070974813,0.07148862319375195,9.15713298898682,3.280505430383256,505651
252,-0.003199983449117454,-6.3745627309652,0.21227975131073215,0.014847512656719332,-0.10668164483421178,0.001076440687983851,-8.96619553035907,0.5516311379508405,0.0443837156237834,10.14341933797774,11.001259577868412,508859
253,-0.046576440250045356,-1.0993192177274875,0.2638741854823056,0.02260837613418923,0.04896251154889337,-0.03257479990808243,-4.598856573002877,0.6403401431940596,0.07090206921066121,9.239067362035057,4.728423048069699,512697
254,-0.009018076554045185,-2.3076326668725584,0.34741851373522453,0.013395224494958887,-0.03560730081421287,0.0011082040458560041,-5.49854507894263,0.6988958306936568,0.045866467210189936,9.343130655558681,5.963150720079241,513746
255,-0.004617837263145033,-4.909636299352429,0.281230746143278,0.020330326426631327,-0.15211579841449932,0.0025320557348443734,-7.514520751600558,0.611270534060449,0.05135160783725276,9.674632663030746,8.976221405366203,517751
256,-0.027890352441161274,-1.2047805914229544,0.24020364786194245,0.013949938076412927,0.08038335253541366,-0.017927391970922482,-4.032819921161096,0.6144062842982199,0.051003116047811145,9.612298392060394,4.208934875949405,518531
257,-0.007121845794098755,-2.3682033671995497,0.13405221916022309,0.010295310802381084,-0.007627221813489202,0.00034427476407424175,-5.833266563922414,0.6608208712663525,0.03723178160874033,9.656380403484404,6.295664063003242,518831
258,-0.003941516203690906,-3.1420637378884257,0.2706988874799965,0.012326780434088011,-0.06799244916767415,0.0051811598619599985,-6.644892327029573,0.663338605079233,0.04720207212791753,9.087425157491682,7.35031690274439,519761
259,-0.010687221013226457,-1.9485871709138667,0.06201589001974789,0.013435004500427963,0.21718557304180047,-0.002106708724431366,-5.214411751808132,0.7095537063342869,0.033591073824497206,10.105203356659425,5.566604160531344,520135
260,-0.015170593037303785,-1.4598084019504451,0.1372863881941164,0.015261957761048888,0.22125368736959328,0.0013381445520802087,-5.573351359489669,0.6621990761713047,0.061938432131298765,10.011871070872221,5.761361466418372,520180
261,-0.06235811730160419,-1.1338066403900746,0.3067592953933171,0.030463405268258466,0.12025200668169823,-0.05029891766615055,-4.558755856899272,0.5898176149224765,0.08095360519603141,8.972048229152806,4.697634773011419,520570
262,-0.021581282218947714,-1.4848984311646425,0.11143131655575456,0.0191495897995627,0.23403717481436076,-0.010640445456626868,-5.528414754073754,0.6506626242243576,0.05699752630127895,10.305962839656559,5.724359618676624,522039
263,-0.02980999728905605,-1.7035856204425475,0.3305183753020915,0.029570415669755913,0.1893782825205585,-0.017175051117407726,-5.530561275222725,0.5775966778071916,0.07733172881961549,9.444211785679629,5.786995073885223,522369
264,-0.005284454366030018,-2.421622407001701,0.2538483049371107,0.00781390130180996,-0.019469899658532065,0.0017829752442580125,-5.14030909262705,0.7041601721668613,0.03343726025822129,8.821667016995075,5.682167953328821,522684
265,-0.028907238760578238,-1.4168572510948048,0.11455575556824261,0.029647323722307117,0.21501027465122877,-0.012755278074804626,-5.5360642810220595,0.5996507373185627,0.05810576242639521,9.853058653331924,5.714498420122996,526267
266,-0.010635868940153233,-3.5210671892389844,0.3907198703471647,0.02841115179601909,-0.019138712298142846,-0.0009229043288045621,-7.135427393973134,0.5899204764827057,0.06784618439936221,8.993827512390094,7.9568987831816465,526746
267,-0.004405429321405303,-6.344777025141798,0.23551875192725583,0.02220179369922965,0.08822801610265898,-3.427011024961148e-05,-9.755102495592244,0.5745529664648963,0.05527239524211545,10.063465512919642,11.636933453374958,528111
268,-0.0021411519957777662,-7.457516651838692,0.22406834311646315,0.010673265290220986,-0.23681349798932208,0.0003441967953939885,-8.61852647444225,0.5518862535643709,0.04450175532190986,9.31955016999474,11.39708529419313,530780
269,-0.025855672913336087,-1.4546056720319822,0.17762510790783956,0.01645566488756549,0.21443018159051006,-0.01677925507801644,-5.984867658497363,0.6427227629715838,0.06684889812801251,9.819171485058398,6.159100466044967,532266
270,-0.004324720673142493,-3.455138765579478,0.13047726318961073,0.011890630099399798,0.0888621253180443,0.0027955465225970905,-7.002510208375698,0.5804410208297954,0.038867564233574556,10.10843338230123,7.8085295099535825,536929
271,-0.029459631102325422,-1.4555573502065202,0.29033592400071034,0.03640769543201859,-0.013793463459236351,-0.01503090197804492,-5.382814773230709,0.5783073889888886,0.08029137843655615,9.658032836244306,5.576140428885466,537798
272,-0.013479006239247983,-2.837751093707676,0.30640314982973504,0.031118586836401764,0.11895054874255273,0.0009435180084198996,-6.4944617185508955,0.6355122053695076,0.05706457602918655,8.756162589030305,7.087373581487162,538623
273,-0.010396787388992282,-2.6008162059107756,0.19122979214538124,0.01666977104629915,0.16681364618038177,-0.004131293071432322,-6.48811810160584,0.5965405245479517,0.05496546703456008,10.217168591787514,6.989987227263974,539162
274,-0.006158362858172491,-2.7216024863064945,0.18681000148350185,0.011113694979527397,0.17673018531994947,0.0026772001795913854,-7.316698524365164,0.6764219475267492,0.050100728859716386,10.069169118353601,7.806484316894325,540197
275,-0.034504645301688,-1.0738442897436622,0.22021771258792525,0.01652969786720825,0.008340424128121485,-0.025745876697205777,-5.2107503812505875,0.6487758752158789,0.07068808839642599,9.678366256030685,5.320250096970838,540782
276,-0.006880897342727957,-4.039877949645766,0.2136796133147547,0.019695218782726683,0.21996602995328085,0.00135563407066872,-7.902452964684487,0.5679472483838953,0.05353383314450374,10.086713314359155,8.875211361262599,542206
277,-0.009164964363116998,-2.3922879104752623,0.23788106623219907,0.01783266209123924,-0.07371963052617515,-0.0008384784370798137,-5.166991520624633,0.5617467604444525,0.05913576343914784,9.505297727109086,5.693930349136083,546795
278,-0.026949187046508713,-1.3226156909724214,0.03272844866226128,0.03273390800695447,0.21969661477429517,-0.01539634413802207,-4.51528361733035,0.5999163670448495,0.04108463910446622,10.183770066157955,4.705007801368485,547109
279,-0.0038808221524928113,-6.130164608927866,0.3105360514856177,0.022125499631164412,0.0056275339897806165,0.001708047464327344,-8.60314345123877,0.6228076252774226,0.05309844629046354,9.158116781762075,10.56375858182798,550468
280,-0.023079425725349885,-1.6861368340799658,0.20099422921678525,0.037146178662784045,0.071194753288718,-0.010592820298035458,-6.6452981239648485,0.5760253053763114,0.07936310934908145,9.993287732173247,6.855876645594781,557889
281,-0.0254516405271535,-1.3616809208260008,0.23463826819375946,0.014395136288839084,0.10675855398201564,-0.023044206135270653,-3.9393719702623025,0.610777531269881,0.05058729289855966,8.907404763697967,4.168072270274334,561534
282,-0.00879999484332964,-2.1903205457621047,0.11126292076305216,0.01251007626961506,0.2190278866781833,-0.0016669453398559819,-6.209086171165228,0.6896041100904041,0.042074054677770444,10.21662713081813,6.584091066665381,562043
283,-0.012987211490122877,-1.8089060946519988,0.1545027379554082,0.01391842873843601,0.21839005393990543,-0.002567274997200195,-6.352245191857927,0.6417016543584366,0.05700383158624733,9.989733365133812,6.60478313321121,563198
284,-0.033142226911994456,-1.1219230531821136,0.3095147325846617,0.016010598907436547,0.0428546480979221,-0.024328928220421184,-4.534938311611245,0.6660967339107658,0.07158689189560229,8.973827144439982,4.671656754020026,567623
285,-0.00483010241222112,-2.9243509966384487,0.12983613969231844,0.010154596346467072,0.16884861573456983,0.0022334685162581805,-6.762485397606568,0.6372080902044038,0.04309231594361898,10.165279375901774,7.367702321917081,572106
286,-0.007726065818621628,-2.195560108486603,0.11288313129996799,0.009282891105886723,0.17989824190463324,-0.0001244340895320226,-6.024395711942628,0.6656587628356391,0.03541123952743471,10.003067171423215,6.412006541173397,572151
287,-0.011351694268228638,-1.955855085942727,0.2091224216248083,0.013920844410262749,-0.03540025060951863,-0.0012460565021083431,-5.6250145132788525,0.6663827733179859,0.04629291469607324,9.789050136539679,5.955346958138187,577775
288,-0.006435138332931864,-3.6743115794651624,0.30154454617111426,0.018803923096281164,-0.10426849445802912,0.0031277389925602433,-7.668368497839182,0.6684945220669667,0.049060111901313944,9.101426232130022,8.503201808827315,580715
289,-0.00727502153187048,-4.116794019040617,0.2932583518228102,0.023403307276712106,-0.06621346643136876,0.0023344643784156734,-6.437286018511078,0.5606523066433304,0.0529618400302004,8.798068865051475,7.641115381888092,581674
290,-0.007363938843970598,-2.3542083420310678,0.08590463035872245,0.013478614020625968,0.12122755262091518,0.0014732396509049641,-6.332456486919297,0.6782991331097037,0.037614155661075094,10.107159413019323,6.755908678809606,584912
291,-0.0070283953189921025,-2.309993740252594,0.27037927306938797,0.014162181077062004,-0.12757444214541025,0.0010702024186898236,-6.060187428472312,0.7790638173558552,0.04679476452543195,9.463530621796176,6.485517924439036,587731
292,0.16801250016385352,0.02651954922640088,0.2817120934224778,0.22128397947594863,0.04123166257011391,-0.12457185762595455,0.14241626879412678,0.10698464401945831,0.10702234496412993,8.905452930304094,0.1448643507161526,589530
293,-0.0068000069239026436,-3.6549963700438313,0.24887487866564673,0.019302116821608813,0.12161225552644762,0.0038444459156935693,-7.634264306546699,0.6419256090167899,0.047302548874997775,9.365370211035717,8.464100068362054,591392
294,-0.0062084479419489995,-2.64325663346112,0.3008656991615658,0.010588148570138152,0.039671706955503296,0.0016587631623829163,-6.049718612046058,0.7378975430401388,0.0423447875365441,8.976934489255761,6.6019618989564535,591467
295,-0.022990438779066747,-1.483896024565226,0.10114161287595143,0.015191003775671945,0.2129670383136427,-0.012361379739741005,-6.020490655726566,0.6618071243224188,0.061319101265063326,10.20548664182633,6.200665701955829,591917
296,-0.014064126633644378,-2.319950390676197,0.2080379622506701,0.02659155903374706,0.13640884311483825,0.00020961954217835248,-6.646751269091875,0.6113196301004015,0.05449182185932314,9.520586979726257,7.0399909267251966,592292
297,-0.015473437840090608,-2.2378331239940024,0.2553513930044169,0.025760576447965203,0.10439987745135582,-0.0025185754715879812,-5.797886867064044,0.5991378142423603,0.05345373105344056,8.801745472121764,6.21477185535547,596580
298,-0.02379067499809051,-1.4073539691215329,0.31672640490042814,0.01940953925713701,0.030445785842161024,-0.013480825064886036,-4.213291428899416,0.636065193009384,0.05335371456567913,8.831401537184558,4.442124475883068,597540
299,-0.007042038357814031,-2.7978541364385436,0.1568484706995007,0.012172868734079767,0.18157404419544693,0.00018815624603825992,-7.02791450120992,0.6307004896138936,0.042169706434550314,9.800442405023755,7.5643618372671035,598200
300,-0.024579306454634124,-1.6220304967684755,0.36579621222091313,0.028384641666288936,0.0912554984809113,-0.010329715967019799,-5.3314953385622985,0.7210379531347336,0.06744037082313123,8.817965689730048,5.572775383734617,598635
301,-0.021241396318211283,-1.1114013889171168,0.031093302360878653,0.031095966501321005,0.08671311070525423,-0.007992083343323169,-3.6827453066284535,0.5576424144936403,0.041828809869112187,10.088791808417989,3.846794255062363,600900
302,-0.003854457903258602,-5.3733412192184815,0.2811614114713347,0.014472350042431107,-0.08346805620083936,0.0009822730718475595,-7.395666108886064,0.5650181429831529,0.052585411267216754,8.889591573151222,9.141590291206354,603690
303,-0.0256719888950762,-1.6881848692525914,0.26899119988859127,0.031092500054008557,0.05372938934110651,-0.013031727127259758,-5.172015626402632,0.6484071564141496,0.06327791830602547,8.622926256250063,5.440561900440652,605579
304,-0.006931234266976394,-2.8871508892621325,0.31441654237019606,0.011602084970660393,0.021187809449488386,9.613385096358773e-05,-6.550205811072838,0.7504015719611551,0.04450700980445299,8.976152076114253,7.158270491171698,609463
305,-0.006192933534965142,-2.295640467622929,0.19007971380375388,0.011403210298975558,-0.0860261218491453,0.0022227079250968828,-6.088803730711445,0.719216408011375,0.04259044039233773,9.646554923201874,6.50718802769012,613767
306,-0.016316433234886855,-1.690884766559486,0.23780925594771915,0.015581789585405617,0.1512957598331478,-0.010693870861712577,-4.852142882252346,0.5880605103276807,0.05962697904811504,9.947057876743827,5.138324809076887,617185
307,-0.013474186772614633,-2.8430852711787877,0.36863640010290255,0.033975945510432454,0.006695335818860272,-0.002822484849579601,-6.171644632119944,0.5890550346340842,0.07527908915511364,8.847092954184788,6.795022540387094,623647
308,-0.008224831928867736,-2.8624844295058645,0.1891093289496909,0.01762406493722418,0.18203313038255214,0.003911358843270839,-7.116760630229244,0.6188708864920126,0.04758194998279584,9.888957162997615,7.670860380501294,624217
309,-0.010383161967480204,-2.353181484227037,0.24411599957170851,0.017736979271141297,-0.041034523189046705,0.0007677129349299535,-6.58190963477396,0.6769935747787609,0.05150790932861595,9.40838846036054,6.989921139615184,624742
310,-0.002854114247888118,-5.901811535226547,0.255367765257148,0.020355831921336637,-0.03873858606013754,0.005029915472440211,-7.52944098431252,0.556237030906791,0.05147503548732979,8.839905785004833,9.56681038453142,625597
311,-0.009811962342690807,-2.160073618086633,0.09849029865980374,0.013078916572641142,0.20648246181650057,-0.0006312276668250671,-6.182007535423006,0.7233593799954761,0.04080356840029222,10.172577728111104,6.548521604421925,626032
312,-0.0066129612653804785,-2.8199588899696653,0.2739463053080569,0.008638616373991072,0.034937586584072436,0.00025592326656419565,-6.266765434564864,0.7460353938864799,0.043187710866486984,9.230543076566258,6.872009688073489,628417
313,-0.019999469199315414,-1.5740099450920815,0.07143965640861646,0.022114693218187615,0.19907714227431156,-0.008378386734632396,-5.088826260699183,0.6027554884852255,0.046263227150319865,10.022030457625688,5.326693159815986,630111
314,-0.008660505129304738,-2.3457572486797624,0.2501258047996026,0.010518401799941927,0.10646144897169899,-0.0005108732381035998,-5.8432049099607415,0.7452764532087823,0.04091367695475708,9.368838948544111,6.296476847374487,635361
315,-0.013813257980975999,-3.1029758367156153,0.35580924070297937,0.0372298198938074,0.028579686973660205,-0.002107286407851488,-6.409661165985464,0.5937070176365216,0.07032090852686786,8.797648529584917,7.1212509649627656,636561
316,-0.013838687062911824,-1.7643878404282338,0.10395321963108804,0.014586716479062846,0.2108698859908966,-0.002940725533945992,-5.704685289723295,0.7079206881644564,0.043318315026927755,10.07860704254344,5.971306281395752,639035
317,-0.07235788293477653,-1.2812578891626265,0.1443976089751995,0.06748355086697738,0.2076127456609191,-0.05547028403039166,-5.874712072403669,0.5816719203664404,0.0804852613620202,9.896952681186763,6.012808304959247,639110
318,-0.005524326116213765,-3.8825621835929507,0.3424462251213485,0.02478115448355618,-0.08833498093792995,0.003923138061928138,-7.512770245194498,0.6743004716514636,0.05688345455051155,9.071758607644437,8.456713656412038,640685
319,-0.006245117624895745,-3.9874646279323733,0.1884657731343976,0.02194328928753962,0.05937382621006981,0.0018333962028131046,-7.740540400451852,0.5312087220361253,0.054803851910335474,10.23921412157461,8.707229171788185,641931
320,-0.013779322852256259,-1.5975443770589899,0.1420342431390456,0.013112398208180099,0.1471548913979888,-0.001631136586913832,-4.971465621284764,0.6906865252785627,0.04265145673898312,9.708660963160556,5.221840524210703,643221
321,-0.03268304454296447,-1.3923756348235965,0.28624289364452987,0.03525661795068917,0.1061704178954263,-0.015092622558120578,-5.355614391434628,0.6116424472663332,0.06765220393536078,8.688244229437366,5.533652990402643,644571
322,-0.0024002491927402276,-5.435224339620295,0.222593136755329,0.009419121931084237,-0.03601206265371944,0.0011139322761951895,-6.792502629676161,0.5057642999199261,0.04116761769033405,8.814422548442689,8.699411221235517,645501
323,-0.02960013521190082,-1.3638646520381765,0.16035349011253294,0.032180210017727584,0.08843428406859528,-0.015154794084643255,-5.562685526617849,0.6116819174905468,0.07275022490425763,10.172058309550208,5.727442453409979,646880
324,0.019780103635594782,0.8432033951029279,0.0009158943225096271,0.0009169314524937825,0.0679858473065122,0.2091996988279198,-0.10767444895788887,0.09829033099127418,0.09634391612647303,10.233616062782584,0.850050441133636,647945
325,-0.020606954571349683,-1.1238904265303,0.05882673177255269,0.023786317160125473,0.053353454014162714,-0.007545969561623732,-3.9029612545077157,0.5466271724262803,0.04800339568871418,9.944640394504091,4.061555889684999,648814
326,-0.0036893464615856426,-6.548809883253623,0.2773901698850666,0.02255432911531367,0.04643427778332562,0.0015454790609458634,-9.200579776251969,0.5884635723656642,0.0568074236552303,9.511393337698706,11.293253698831752,652294
327,-0.01610988968991458,-1.4134181312408542,0.05697091530070076,0.019301840740416108,0.1788484181574325,-0.004653837922886004,-4.638225728063645,0.5920099505300025,0.049795311697618354,10.172395214008747,4.848802812879889,653913
328,-0.005098293860342814,-4.196260130565561,0.2038755053010625,0.018017985158282318,0.10232823246664868,0.003980201349312497,-7.807699470542533,0.5930672090522341,0.04429175273825397,10.022904596140442,8.863902645318497,658172
329,-0.023798349806091273,-1.6784591405839466,0.3986986450046046,0.032411463610733784,0.03493636324996089,-0.01052217543950811,-5.005401098431876,0.7114759453201778,0.06984969331144163,8.969418848600277,5.279324316879276,658637
330,-0.025945171660107156,-1.3069455940415382,0.2954776797413969,0.017547007100122712,-0.06777034937528587,-0.009032600648038396,-3.9775443089221234,0.6258251476170215,0.05194883760555217,9.00902605693278,4.1867607425339415,659687
331,-0.025804836990188394,-1.3862303866776045,0.21605606655823478,0.016756086446639222,0.12089103518427187,-0.01397513192763661,-4.076918676275126,0.6291969186528618,0.05134610635204446,9.03274097557244,4.306146836547642,663422
332,-0.013095763769420057,-2.2876402683937194,0.1413229712041244,0.02011329000244864,0.12441720797467777,-0.0014556275892050657,-6.352994603514086,0.6098311824095171,0.04738564457271858,10.012200939179243,6.752320966146054,667111
333,-0.007592385558387814,-3.0547538752667465,0.23090530252327615,0.01819929757692957,-0.015810369605960568,0.002600281966075846,-7.704143053375935,0.6798018243385395,0.049366750640173186,9.796346668491813,8.287661999945334,668791
334,-0.002467201762955928,-6.948589791744528,0.2808149544672363,0.012954858976570865,-0.03272314902295703,0.0008330633045034598,-8.315454260588535,0.5761104599886824,0.050146278308387,9.1221369934869,10.836497573195699,670441
335,0.0,0.0,0.0,0.0,0.0,0.020399457227818225,0.2519160638520464,0.078945211939106,0.07875017755935015,10.218400609551685,0.2519160638520464,671955
336,0.0,0.0,0.0,0.0,0.0,0.061198595771648094,0.044960408409687624,0.20775165191490752,0.1845579444685206,9.557448837125627,0.044960408409687624,672255
337,-0.05699499004591247,-1.2042906179020827,0.444780989366654,0.03671947171583754,0.09180255590095138,-0.040151301708144675,-4.988140643168409,0.640019707111643,0.08224752994426442,8.696929427038302,5.13145817174763,672630
338,0.13200259845028856,-0.05616310756670424,4.399243373496326,7.68480999831573e-08,0.1626630139246961,-0.019199946274348113,0.08397754611467426,0.9991042900552055,0.016315701949550072,8.8669510573382,0.10102733740424634,673469
339,-0.007559198111279401,-2.57286884271115,0.13348742669827993,0.013431357295312783,0.1261520083109395,-0.0018405133431768552,-6.030128413791348,0.6068628200396017,0.04212295435986688,10.114694222603775,6.556073731175357,674954
340,-0.03367225353235239,-1.4886311259254197,0.20400461800322728,0.027586112316479935,0.19553541112583817,-0.01956204812239895,-5.663659253078283,0.6349349211745668,0.06792688879216634,9.592785535408405,5.8560275583413395,675239
341,-0.006104360230080131,-2.6946477300084037,0.19088587353144126,0.010565413909776049,0.08358583053358276,0.0014732924765660416,-6.423296418336445,0.6901394932431157,0.038376071779620595,9.521395236217302,6.965620092041573,676199
342,-0.02969154455056769,-1.1619895884336962,0.28435917253650306,0.017413607398312207,-0.05634901064212416,-0.015754993018061776,-3.5741838828076613,0.5866335625516689,0.05338061108225246,8.960252697983073,3.7583254558048003,676679
343,-0.010506432593686183,-1.9164011917653254,0.1346736055637044,0.012287802838056642,0.07389219385232539,-0.002775037220767016,-5.5591846279185315,0.7109241195282096,0.04245360110590456,9.987700685611578,5.8802319048729075,677834
344,-0.0034521077248434082,-3.8550513024997652,0.25028792359597635,0.01056574933943101,-0.010290637006293273,0.002792458035012085,-6.993649846718576,0.6816337441947024,0.0438848505595115,9.185419432906118,7.9857722684416625,678373
345,-0.011542970984438185,-1.782418719537992,0.07459425694291813,0.015595655363632858,0.1583020375568664,-0.002434371400433807,-5.137699617631309,0.6275944790097056,0.040052696464828244,10.12014043639298,5.438103883962531,680067
346,-0.09513494481814272,-1.0443979808438841,0.2185870211704091,0.04999840097283626,0.12349227458647498,-0.07556363026511963,-4.55170288016004,0.6289956176007531,0.07486418034242576,8.748221898419956,4.6699856800260084,680562
347,-0.00882081774893671,-2.0012075482269682,0.2988244018569216,0.01206165587068898,-0.15505812009367334,0.0010601773531005911,-4.828325458043339,0.7312539726994468,0.04594341389643262,8.945332647719832,5.22662016793549,681671
348,-0.01757490942296349,-2.2059994920400143,0.13369493206938848,0.02913396848790912,0.15858473511162088,-0.001687108189853398,-6.922551561120945,0.5985263973947343,0.051316084785194685,10.166663758024562,7.265545669477196,681971
349,-0.007771062305669751,-2.32876153496645,0.11623841538513552,0.012921067334309456,0.15601235303738403,0.0010098489361890911,-6.375543967893841,0.6516338137756664,0.043499524722067216,10.17518164212392,6.787539404915955,688061
350,-0.010029924825873565,-2.626582617225161,0.392371173051122,0.01949670991388581,-0.02811584392065399,-0.0007850257925002835,-6.456023659205692,0.7557606718172543,0.0616741193870764,8.96636339236037,6.969876450363595,688660
351,-0.005918959505865423,-3.9015894454727027,0.2760125838677521,0.024559487538989812,-0.16203178400811405,0.002317946942773118,-6.974771295438248,0.6209669321711061,0.05116118097255739,9.266929553863047,7.991860535863556,688705
352,-0.019377110373483553,-1.5132627513779886,0.1066740878644125,0.018179273046839844,0.19172339323759044,-0.007001051359708867,-5.604248078264745,0.6995950642261292,0.05305950656108705,10.225093863830313,5.804960006532531,689035
353,-0.009310896081550097,-2.9589159845733803,0.32384108493893304,0.01706520453851681,0.1054927655343113,-0.0010372248931942887,-7.195400289305153,0.7056562921680931,0.059012377686113324,9.305936606008329,7.780036576205574,691358
354,-0.028899377224009894,-1.1748917323313965,0.38001988557322586,0.017210506374101434,0.12528541570937404,-0.016758709079879815,-4.937434074565269,0.6701865528590417,0.07856399878618253,8.829817324172646,5.075295639012458,692528
355,-0.013454581288441384,-1.4548683047143367,0.0688789762266898,0.013925370415207158,0.09175927090701562,-0.0022671072769941698,-4.725025690293045,0.7255541003382765,0.04554479932765734,10.185538671373982,4.943936645831097,694868
356,-0.02505554429000426,-1.8563376397336635,0.199457122517102,0.04388342052384107,0.03973139119014369,-0.00796986847249556,-6.404950281926099,0.6257963063319951,0.0676656729613521,10.13650641011031,6.668536387142021,695828
357,-0.011349764118334172,-2.355451197667907,0.18665706921339148,0.020905995380222007,0.03032498233553602,-0.0005885201281496231,-6.71160256859995,0.6529355650637387,0.0517914222351789,9.9476708624908,7.11292902983241,696802
358,-0.003611153558104486,-7.488628928168481,0.20575203282903884,0.01747474935812572,0.10332767708227768,0.0005323905288853842,-10.015530578378284,0.5585147599578658,0.04782058446580708,10.248245285158736,12.505615378310347,700118
359,-0.021012464843998553,-2.1499244477740382,0.2968116932047168,0.03608281703923315,0.08425915534613095,-0.008123460893896787,-6.010913282705997,0.6168278990812558,0.06486215486435029,8.7896542624081,6.383827505763911,704615
360,-0.017025184269393343,-1.6843734399233625,0.12521401334226495,0.019827583874382913,0.2530007130538105,-0.005686949202318013,-6.102700385040673,0.6341662123016888,0.05508029074693348,10.321367844870352,6.330881919187471,706099
361,-0.004507228294239616,-3.0093613157796266,0.12127719011777839,0.011800676579298064,0.010267724593712065,0.0035873465573522108,-6.593811047032135,0.6255547190409048,0.03573583082088291,10.224102481737537,7.24807558272359,707883
362,-0.00696617942827404,-3.030252927655023,0.3304461547212288,0.011333834430815782,0.0647833517688044,0.001014040096929234,-6.078406256492122,0.6992166346417787,0.0427388176335754,8.947292224344409,6.79186685856874,709547
363,-0.02656120132968741,-1.420309451916015,0.024269313070965637,0.10483605102923624,0.24789855235413036,-0.013155373286685678,-5.839151025606506,0.6390118457637306,0.05745172790533766,10.25622379041827,6.009406263437635,713072
364,-0.0029442482502554383,-8.749573728760481,0.30050675484165507,0.016499166435638736,-0.006068011914885219,0.0007999625220969621,-9.472104857616106,0.5790413305343548,0.056225747779511115,9.065002493946372,12.894797821939289,713508
365,-0.01359980051217265,-1.5273629634100008,0.10601802729062258,0.015316185776933914,0.19765290334752936,-0.0032876851336352568,-6.010220897396862,0.6350297298228098,0.059509979851853606,10.231592547488031,6.201257361011759,714888
366,-0.0317736529516748,-1.2444421109086787,0.05250808638710503,0.019865344932222546,0.16987848280416248,-0.01810772261495901,-4.580670677238954,0.5937070904423274,0.04074074807861064,10.296576391029584,4.7467020151595385,715967
367,-0.008581974147509849,-2.890786792454936,0.2885246628516271,0.014803776751035528,0.09951745181686836,-0.0004713285982489855,-6.698822992625338,0.6997315090943725,0.051826641401149,9.374666333114845,7.295949408127622,717406
368,-0.02106953865476391,-1.3049630328051973,0.2943913912387178,0.013279710361348408,0.10742133591601251,-0.0075481057502184475,-4.05922856836951,0.6522149009350195,0.050461617567095114,9.081935811861925,4.263832206742582,718456
369,-0.025465036086310452,-1.3392359662541609,0.07653499415229495,0.016449571984292786,0.25855068011062154,-0.012726602668422597,-5.872621932947527,0.6702590882671786,0.06836961380297542,10.249814517431123,6.023391182767815,722971
370,-0.02119583702376268,-1.787285902449323,0.3081705677151333,0.026522412445340746,0.08710131580513149,-0.008362466392117759,-5.070314504965244,0.6353619300071124,0.059134284040189306,8.548628983360965,5.376102684692233,724591
371,-0.015706705322652025,-1.5780881557555775,0.3230376709981125,0.01612907062386897,0.048808671006810495,-0.006717795078186229,-4.233041642348394,0.6459549376131629,0.05010237635398044,8.687202760639686,4.517632540744281,726556
372,-0.018180061848548985,-1.5881812362671375,0.34594456962158704,0.021905162564589985,0.043969508310937704,-0.005100181003439059,-5.128423567570171,0.690907573263843,0.069958899588522,8.427539531843111,5.3687100804234325,732658
373,-0.02994446490933167,-1.3392407187858577,0.2801859312876054,0.020588564623211365,0.13264737318639683,-0.018189414111257282,-5.056729535651737,0.6468299924830183,0.06660227844674711,8.869413976228145,5.231068657510308,737502
374,-0.006956539452372447,-3.6759898064108287,0.3087924512713563,0.02294298855342381,0.06660307823442517,0.005971967764789605,-7.323173765584766,0.6146430885154648,0.05341696649469055,8.846525233186037,8.194008485337642,739526
375,-0.023430047191899058,-1.4312942471724321,0.1521169744932029,0.025733993699153912,0.14003763438421413,-0.010185019263331412,-6.160725112769501,0.6427465790838665,0.06606205365193252,9.863862435484382,6.324803327938164,741850
376,-0.006990093388753136,-3.801953521633088,0.22965235169583062,0.023283801260317188,0.08400913335798073,0.0014836493941515086,-8.648222850663425,0.5991672782870835,0.06197784172130674,10.34515999835709,9.447042344321066,743963
377,-0.0024212205400405756,-7.8039879705771025,0.26099258918642243,0.016201985251518003,-0.23144717321581237,0.002125572546693914,-8.3194565277902,0.5527544814893338,0.047069736367186914,8.693170550246323,11.406821869508748,745717
378,-0.0028000013713064117,-7.312490998836281,0.2601851558383703,0.013536017317361216,-0.0017304086727449157,0.00034621925916597323,-8.945068410388513,0.575604440484598,0.049751086826413944,9.3823800312442,11.553647626381553,746392
379,-0.014891886868049944,-1.6310345838419706,0.256467900778058,0.015840202861343543,0.09008860294842365,-0.0018176623716887334,-5.290626381232986,0.6908672494382668,0.05079148239362735,9.537966925956498,5.536334646631017,747382
380,-0.009792519335961047,-1.640571388364717,0.1675783101054827,0.013095115239106272,-0.07914893351066489,-0.00047574836749190064,-4.829115989621957,0.6458577288689649,0.05191964564262636,9.472480907209048,5.100179969524937,748791
381,-0.01134385096607691,-3.2600001949806185,0.37245804779023517,0.033805857949196216,-0.022594007101600984,-0.0002494633793503297,-6.639329995222927,0.577088091259516,0.07392706288505263,8.915297547568747,7.396506206090856,750695
382,-0.039645882079639885,-1.2880011216519829,0.1433748623493491,0.026390155602564094,0.18542312708186415,-0.021930100270376673,-5.611622187273813,0.6339757723319325,0.06111227398516464,10.092927282944165,5.7575385766906075,751251
383,-0.0067686414659273286,-2.5660944718076766,0.2253904519939787,0.010782421494260168,0.04618996276414056,-0.0005935017586786625,-6.467473413060972,0.6965966603341708,0.04795662034404968,9.61607662240236,6.957948920974661,752375
384,-0.020799871194583514,-1.8799100098642376,0.33379516284855115,0.04075958730927563,-0.05084133507013202,-0.004581683717582863,-5.721111804752769,0.6406313393058094,0.07086424528337924,9.093164812644023,6.0220579478837,754729
385,-0.03544496897676795,-1.4101041623640798,0.09669179493736307,0.03668465081095952,0.2117782815176926,-0.017799559042367883,-5.362898920688274,0.5710966546881553,0.056516723772865096,9.90359319413005,5.545185171140451,765272
386,-0.00812205290698306,-2.3669690568433523,0.09069617491082711,0.011429272061282272,0.12266912096642989,-0.0007759501577008412,-6.143592107366709,0.6338354761294791,0.038350366868502316,10.23031902892926,6.583788157113839,765962
387,-0.010953712988499472,-2.2828858043818414,0.30899602585123004,0.01526180410900186,0.038555351140537784,0.0003435945729366626,-5.4813573015865655,0.6846306012368182,0.04975901573265202,8.983405003552715,5.937747507557431,769545
388,-0.01647316414857734,-1.478013621238442,0.23523163776888312,0.016729356472938633,-0.025143524856878756,-0.006265983857612055,-4.3751783718249975,0.5667003009818653,0.06611958190081235,9.797010413750359,4.6180851063889685,769830
389,-0.006677595048563312,-2.5910986709789965,0.23295699429518316,0.00951042492936171,0.03272093654138311,0.0007262402020540844,-5.555963329477355,0.668800323810504,0.03719967171749101,9.102103440032499,6.130458452778734,773504
390,-0.0033596257816377127,-5.914485074402402,0.19755007882868716,0.014494740121645653,0.043387357256229095,-0.000361874011823804,-9.160761411694788,0.5645219527288217,0.05158041259499432,10.250275767216428,10.90415899266537,774973
391,-0.003617514225774026,-5.702530673887996,0.28769064523613097,0.017680283685914268,-0.02293840305354577,0.0022130513040237378,-8.057695164908303,0.6237939026679673,0.05015309277143362,9.324675795969737,9.871438976016623,775453
392,-0.011817540869372138,-2.6586729028582767,0.3855706628906072,0.02411596262530676,0.0775508845147058,-0.002185378761114626,-6.584394295637996,0.7102243316326786,0.0646601850676745,8.890405480793891,7.100900636174473,779548
393,-0.017926801135369038,-1.790453646845462,0.17602202858261526,0.027458711682839372,-0.050420914852645805,-0.0032689887565347277,-5.564820523899199,0.642266529209326,0.05563450915824382,9.643587374643685,5.845763570716144,781812
394,-0.019947772487787948,-1.4614950311658985,0.3011022795182361,0.0156629777067638,0.06788329077831615,-0.01272059692902838,-4.015548997406237,0.6920457177738382,0.052171056157244586,9.257515256034557,4.273242501507824,783476
395,0.0012164189499075297,0.10540555837852662,0.07697439864773117,1.5431679026112727e-05,0.014026202933980225,0.07439998740070028,0.17406995492278451,0.48557163924806435,0.025330220950098663,9.994481930158605,0.20349614478881217,783895
396,-0.018799550518397358,0.08519276346018068,0.07097153220761233,0.06352749172097566,-0.024943887963631273,0.002404601122103794,0.08450893022455268,0.08623197214248766,0.08599322390840564,9.970723015207652,0.11999819262672505,784871
397,-0.3288006890818951,-0.10180320797995458,0.29452944616635485,0.2909462849616213,0.07606640062346334,-0.010797091124391048,0.15626231067913365,0.12454379326387881,0.12448912187228854,10.058973464639305,0.18649880131998697,785095
398,-0.0294578320571661,-1.317120072643976,0.09347881557940141,0.014551732582059706,0.22946613005980707,-0.02071343219633285,-5.438418107655971,0.6556530267743476,0.06122407575838204,9.974166669895178,5.595640874774044,785155
399,0.0024000963113831038,0.1427759604483299,0.04171224090544706,0.053280373648191805,0.090391562460574,0.07760005571484115,0.2556152944747816,0.05619776030257566,0.05546127280040034,9.741033237603443,0.2927868741104566,786249
400,-0.018753644128251774,-1.577023173410436,0.3924678950360421,0.013808944233087704,0.12965226830643184,-0.008671344135213867,-4.251031479042636,0.7203911302392955,0.04995967225078584,8.802150755864282,4.534122927897406,786519
401,-0.006358825492555452,-3.57524201034266,0.30221610814829863,0.016026525796903283,0.10804916623023432,0.0033694397518775057,-6.8797560588158095,0.6611947547817713,0.051550152220771986,8.991606143398643,7.753283102101449,787448
402,0.014102565060017848,0.09877152130111604,0.06464846981765855,1.332902807373674e-05,0.1368998350901479,0.10599970966214388,0.24022427143984557,0.05916783947133357,0.06120995074118522,10.06321202401157,0.25973739432153664,792127
403,-0.01757611491368603,-1.844450882792139,0.22659628505367505,0.022627719331226745,0.1154765885664262,-0.008137729742097692,-5.392923779960961,0.5435257054132576,0.06860320146509316,9.947281966392605,5.699616298971461,794151
404,-0.02033897960758666,-1.49011528896866,0.12879618087071557,0.014693382579256543,0.20014408590408703,-0.00899572810143241,-4.693839096783403,0.6216271073064894,0.04485006443444923,9.691627656457252,4.924689740573571,794226
405,-0.020547617258933806,-1.768570222240677,0.13324867572217558,0.03442333253416855,0.1861724191026236,-0.0038130361360734677,-6.9614835571335005,0.6018445061529757,0.05988457049274008,10.010001427875121,7.182624447041383,802116
406,-0.05339184768903101,-1.072799145798881,0.2876371592137565,0.03121404090411981,0.01843839336318458,-0.04155404515255561,-4.651015694002035,0.6261812121786452,0.07832853853989157,8.753848394208658,4.773137856073302,802686
407,-0.021849710132352235,-1.3987992143546446,0.24920103398955593,0.012609619985342449,0.12703161414275002,-0.012669710570357763,-4.3532041552943905,0.6347970355483401,0.05090471840333927,9.099613637076255,4.572420109717776,803451
408,-0.029879764081647248,-1.2757131871847482,0.28946701571606126,0.02183856236905401,0.0020218796782727065,-0.018772006532505377,-4.894899234984072,0.6279582227287197,0.06590800327108795,8.711517002692105,5.058407126418822,805669
409,-0.011586494521575126,-3.267134427400647,0.24644210976352623,0.03372727426279353,0.18065004141174837,-8.278391036825268e-05,-7.9445756742853275,0.6440992401872787,0.06013228609847006,10.044006147781502,8.590136786521663,810198
410,-0.007371190218537892,-2.6389806299075,0.1437736438278018,0.017100766403519343,0.1483244881928781,0.0030418972954869756,-7.66804582317468,0.6435767444014328,0.05291803841070835,10.358508775752465,8.10944791655595,812059
411,-0.029774590643182497,-1.4603657593711552,0.12937538311889255,0.041079775086577765,0.14038614151636267,-0.017383032567204852,-5.656415691898645,0.6305473282497875,0.06217054047398483,9.747290616586907,5.841892384382044,813259
412,0.01999998668879511,0.14834261019085784,0.034239749667537386,0.034105587918172794,0.12580853177807805,0.04679919184622869,0.13768228319245066,0.12201982383615792,0.12173826679496665,9.397211881160617,0.20239056574683265,816348
413,0.002399887899403251,0.24216224968882533,0.05120079281299966,0.04472797993630198,0.053724078644629546,0.0015996521830216098,0.33599200820788827,0.13894956318578885,0.1310023553723091,8.69368565300938,0.4141656489303798,816678
414,-0.0617526697066401,-0.11289124498589814,0.2777234642556636,0.00921593209723717,-0.0435984474700267,-0.04066988150573016,0.257907817070244,0.2728836436263276,0.01267017063643276,8.854216882354262,0.28153308029502416,816708
415,-0.0061728216890265955,-2.777395105575002,0.3192712825526955,0.011005417687086629,0.039186980904248395,6.509084069476986e-05,-5.596818404432229,0.6961575705599875,0.0457628142010635,8.82830294479744,6.24806368602812,817518
416,0.044800103718769115,0.10727322577865614,0.020985956365431473,0.024292085844281896,0.07294109303390442,-5.826772199246954e-06,0.10124394689505449,0.9999999999950259,2.0880386179479654e-05,8.607327444047648,0.14750553125848248,817638
417,-0.016364453471586424,-2.7136776604730652,0.27526489561031625,0.041703099080091115,0.12294786754732481,0.0009012577695677057,-7.387485752457956,0.6759664970548478,0.06119198949229601,9.279759750041071,7.870132920587801,819362
418,-0.00783222920608279,-2.6721974715135985,0.18252173467807392,0.012045963748590972,0.19249266508194232,-0.000708965854518518,-6.875415716011146,0.7317489067841916,0.04653442990604395,9.891557053466972,7.376447694841787,828150
419,-0.021654875911991545,-1.2718192302128444,0.2276714914875258,0.017469661927394013,-0.023118225105897162,-0.011537454770738694,-4.951102931561414,0.691011007106259,0.06547216413203673,9.110393361429589,5.111843541546946,831720
420,-0.003553204157195768,-6.020068718343891,0.21123773397536866,0.013200693097909059,0.09658638441788897,-0.0001309508176210356,-9.049020701244393,0.5521945625388667,0.050978787880356966,10.186207206563724,10.868578703084053,832005
421,-0.017256147794985785,-1.947176012975155,0.13905672014218246,0.037530406631770756,0.1543804140221062,0.002281953908409724,-6.913081818138968,0.6165309368533768,0.05686517524639078,10.173727073280663,7.182074536635596,834915
422,-0.017822193263158863,-2.1686242071220647,0.3288744915384996,0.02428084900006574,0.04298592057056301,-0.0065009096650359005,-5.696001739508305,0.669842951071233,0.05853752643844917,8.489463342220287,6.094863966340631,837645
423,-0.009878644540464672,-2.2021148240525337,0.2222813506107958,0.013017170006364978,0.06896488557209213,-0.0006261424658893299,-5.365147663024173,0.6984353222220969,0.047235684148395754,9.37679961056163,5.799493007527957,838350
424,-0.025145395712573633,-1.0884403003692174,0.19853528234282927,0.012968278466759952,-0.10008363178683807,-0.013761832987155463,-3.3736872839300207,0.6621795075155392,0.05342912093502446,9.167904925964509,3.54492146277163,838740
425,-0.01619084778538178,-2.138933092453698,0.1992959141200852,0.023198494426467403,0.1897667730847952,-0.0056666082571629126,-7.300704392914731,0.6288132565888128,0.059798345251349846,9.986536431446075,7.607583020034549,841079
426,-0.00896976408953799,-2.7627443313856617,0.33266971604724904,0.01910773941207287,0.07703756588854535,0.001920244802051192,-6.331208323275931,0.6618247647481333,0.05390007581984872,8.934878742594012,6.907746019746385,845473
427,-0.0052592146952582615,-3.28309791958623,0.296933581850987,0.014003435824965398,0.13317731836313407,0.0041249989025111625,-6.9763535627243565,0.7370108924324864,0.04641076494454312,9.010481041605122,7.71026854147949,848428
428,-0.0039997534374580646,-5.409196637578109,0.24286799927921773,0.02137908764308483,-0.04321004316217829,0.0025827233790708857,-8.200984385686933,0.6094025691379596,0.04799899401721124,9.364934841327067,9.824232955211679,853348
429,-0.02022518791631592,-1.70230012680832,0.2057757670914666,0.03014562420286462,0.1334191049185987,-0.005445379243072663,-5.860502233251947,0.6374175116839857,0.05963450557179335,9.475654729056354,6.102729893062832,856302
430,-0.007254275061289307,-2.2566129824847914,0.1746823639503066,0.01077092014685578,0.005568951537296992,-0.0005088440690503052,-6.101957474133987,0.7133540073591679,0.04352319263673735,9.87650284770204,6.505857911825198,856857
431,-0.013227235377521887,-2.2608978498957226,0.2195346586150062,0.027252053706432067,0.0994447514633636,-0.0006525376979337377,-6.904748753487881,0.656506299274629,0.05184755096147389,9.799570810619901,7.265481018931612,862274
432,-0.004023109374009146,-6.291103894612789,0.23722967299410777,0.01910509986969606,0.08914667651436393,0.00047961860868414683,-9.274600706286051,0.5758358022359062,0.05205003339283127,9.765090343131313,11.206971333676817,865200
433,-0.015100078824671048,-1.9302152699014845,0.18974940182035688,0.028093447470177838,0.10334243933085004,-0.0026154816891068872,-6.111337373717015,0.58772988616345,0.06364758159548953,10.351267965240112,6.408913752232218,873942
434,-0.0034870006628769153,-7.2310276072073725,0.2013531138121835,0.014900652740683615,0.11038247432293369,-0.0005435234741790486,-9.93635583785277,0.5258140092261205,0.052739225104817995,10.259474769993348,12.28897585613325,874977
435,-0.0030138595377760986,-8.17275105926241,0.25040628971224915,0.020149154506303737,-0.14092764693943105,0.0023312009184813577,-8.627668015071936,0.5809874861920827,0.04913959852069096,8.858649631508463,11.884044566349042,876566
436,-0.015440949008433211,-2.179347810042258,0.2807828219620497,0.031383704946972686,-0.006518700064787299,-0.0004609327688154668,-5.923878836682367,0.6067482762693179,0.05751987001711659,8.795919318306533,6.312043832929966,880646
437,-0.007180445839599082,-3.0953904250700313,0.15511610396985484,0.02179837346208005,0.14983472595317607,0.004713027148112805,-7.930261449384081,0.6140864330175065,0.04933915131580607,10.06811864886732,8.512960033924895,884020
438,-0.010372228827399202,-2.2710050332137133,0.1984790250308156,0.018236349805628445,0.023169896144738116,-0.0001945114851802627,-6.60101010174384,0.6298734409212902,0.05497253649104987,9.829707386310389,6.980744818728603,885790
439,-0.007070822993850575,-2.3502115827123315,0.33057600447750335,0.01124558012653731,-0.03920223046822835,0.0018901489133610239,-5.171337689177139,0.7017166436043468,0.04093241545915805,8.785185127715094,5.680336959989183,886645
440,-0.017265130404730888,-1.323677493094968,0.15608222819520542,0.012336498515965124,-0.038321959873416404,-0.008610315935981015,-4.213525317829233,0.646327291789164,0.043249154199827715,9.62519397820554,4.416550431016736,893753
441,-0.0034157782562490046,-5.297350363203637,0.30985759649135586,0.017483406540578506,-0.028035270994426726,0.003336306279060884,-7.19087276565424,0.578991209093217,0.052454413959289,8.618757281318151,8.931437286482033,896571
442,-0.036888191537643174,-1.2754734059287687,0.13039935861943708,0.032450851986654136,0.036608830434102575,-0.018670206478457935,-5.378588803142878,0.5885168704237733,0.057624071730304115,9.590477793452159,5.527752700919739,896751
443,-0.034363186393566204,-1.8354808905929119,0.3687615542508746,0.04177014682996734,0.16323886243658414,-0.021800062930459316,-5.309424148471383,0.6006670919712154,0.08392833642645103,8.798787804857326,5.617737523959518,899572
444,-0.02323893443662297,-1.8334506094636007,0.13913195551201243,0.03108090875808791,0.2590717146221544,-0.006837878029824815,-6.5028419132305215,0.6319380436505625,0.055604299050969114,10.210944214594631,6.756366929482889,900022
445,-0.05324968986126448,-0.8240760863801511,0.2794408131619892,0.023926580186413405,-0.07524832352036327,-0.048398265119428026,-3.170804044701297,0.5823988228891404,0.08435158452190414,9.653527638425409,3.276140974689235,900756
446,-0.0031726842373184525,-8.704780602987944,0.2494468617436284,0.017987270866877788,-0.21704415889529016,0.0009089601729538435,-9.217931443096699,0.573485616639965,0.05240765206723917,9.165941921909424,12.678464632430298,901716
447,-0.04988702458161786,-1.1569295958375714,0.07177467786642952,0.04451774907488769,0.29318050262726353,-0.025173658418701308,-5.619549619113906,0.6289445337122378,0.06388090482310488,10.136474558235111,5.737405686493516,904116
448,-0.02215911383414399,-1.3090542852585596,0.19161553172156814,0.018793444916818006,0.003928607253460135,-0.009556857672147836,-5.6598959681693835,0.6708448254460545,0.06794160200543661,9.794053198998077,5.80930679963228,905766
449,-0.0060562360971289945,-2.627153712063397,0.148332045803081,0.011649290496607938,0.013948071498155478,0.0015128729752420136,-6.566824967891481,0.7166406949648152,0.04337132385558457,10.162374646301448,7.072844320761728,905841
450,-0.013537644670765417,-1.7514107330646278,0.15473945394594474,0.014580199755488797,0.0910300600055194,-0.003080277235035882,-6.344024949121134,0.6320540920483861,0.06022440221628733,9.914098902650267,6.581344248021477,907820
451,-0.006362739362297654,-2.571079381544432,0.09219442007847133,0.012948783805872137,0.1634139118938273,0.0014605705990115455,-6.8919688628983335,0.6124668229620721,0.04082980562104755,10.162670284098931,7.355928492947919,908945
452,-0.008483743296464615,-2.381655597557837,0.16974723001347716,0.009128404075857202,0.16320905664763813,-0.0010009270392750905,-6.749339382881003,0.7309563328967783,0.04430179288406745,10.065864020851809,7.157224705895931,909125
453,-0.023008834737507165,-1.5807903214644483,0.2538529311116813,0.018737861511677344,0.1608333052800347,-0.010765838502814132,-5.150955183679226,0.6434189350171498,0.05999802029232319,9.214810156242997,5.388064341181122,910444
454,-0.003425437271212364,-5.268491549730153,0.18043062873927992,0.012674907577045645,-0.07672920809877776,0.0019069388400281572,-7.5480111216614905,0.5441136490470304,0.038548722930060016,9.64820499589767,9.204861492836466,912768
455,-0.01668614061861257,-1.5029175112536322,0.047866342664357915,0.022028377813760217,0.28288206323674814,-0.004761941420815352,-4.960994618865072,0.6847369073491216,0.04977649156166356,10.190508812335302,5.183650128436623,912932
456,-0.021403950381287624,-1.6506894585182565,0.10460840573627135,0.02410928043994763,0.262484606476473,-0.007847453279617245,-6.05567191927857,0.6148664191582477,0.054449174799246915,10.372121678211954,6.276618363609683,913966
457,-0.0036751135423165374,-5.3092994796338004,0.2845916000973546,0.015831895750868456,-0.009949470950868594,0.0023515255620183487,-7.3115013524205485,0.5861653126731918,0.05491083230803837,9.205971819657844,9.03585707007848,918452
458,-0.01684714409494348,-2.4105703795213786,0.33610553389734843,0.027484524628356738,0.0762210258831086,-0.006112644268200249,-6.014642032746448,0.6788039916620568,0.06341204708634765,8.896291067080824,6.479719773007639,920521
459,-0.010347154796588147,-2.692857067209234,0.2851159615416516,0.02226079423495406,-0.04351260851431625,0.0015343557178354307,-7.370071600850355,0.6887717636227523,0.05486973995102469,9.704433269172778,7.846619309363723,920731
460,-0.005992950571896513,-4.281916421767917,0.32795400306191425,0.02387127560627276,-0.0899486806763945,0.0015135102628836751,-6.764580994519486,0.6282314553750269,0.053426242158121355,8.632044738321511,8.005895594773891,922577
461,-0.0352530478490635,-1.5924777841485511,0.25743694685958673,0.04812102568075596,0.11350837885857848,-0.01991491133353284,-5.727344918740584,0.6187788610685265,0.07526646223902278,9.491360692626278,5.944616498246986,923296
462,-0.011460534131500453,-2.7432862061298877,0.3717426431552467,0.02147504066793826,0.09364033096467195,-0.0028794830726897548,-6.377880240551935,0.6719539199872413,0.0608744922735168,8.682575656945785,6.942836277168382,923551
463,-0.029836477447269527,-1.4613021566405033,0.1209036748060439,0.028896918116098944,0.2855761573010451,-0.014318139029435427,-5.883375734105576,0.6268800058943177,0.06011904008587774,10.118528809911677,6.062137743541013,928141
464,-0.026196658342028504,-1.6449889164246005,0.09086296256009306,0.028108201793431726,0.24041027492230088,-0.013010890493907626,-5.866617849822822,0.6186842139943195,0.05280669807627385,10.11057993018633,6.0928805610334695,930030
465,-0.021145405776401793,-2.2521231973910583,0.3024634671502436,0.03148903126882071,0.11165758519239874,-0.011826094958644876,-5.695473859461613,0.6914342806972965,0.05868469552866936,9.305330119741297,6.124580098262858,930375
466,-0.06160005290211541,-1.045037705884528,0.37777882889787545,0.03516474511666251,0.011662325141865949,-0.04708249791665134,-4.7188318300625705,0.5734819213485429,0.09014050371391247,9.074438425521604,4.833164351347062,935668
467,-0.00453870468416645,-3.132830223387081,0.2527654009654242,0.014818335987858457,-0.07511584320121961,0.003925625043630757,-7.460665306735878,0.6582100223344318,0.05025956765362657,9.44551544660658,8.091733561338998,937723
468,-0.011934478892716385,-2.211421593566728,0.2012969537652449,0.020015532276621898,-0.04143253535181254,-0.00012827252516435872,-5.963875025136924,0.6239556706710704,0.05129841569285605,9.23671120752496,6.36067533992619,944685
469,-0.00730090354324187,-2.904544051287008,0.2846859010910728,0.016028302204867187,0.12282971002559558,0.0007441981752745403,-6.65475186414914,0.6670503966819912,0.052107591287800584,9.120426999671752,7.260998451952954,946379
470,-0.014967558303537928,-1.9200945565540442,0.3365679534238997,0.01880091077124699,0.06479235766629649,-0.006273373500814649,-5.415298230435638,0.6704213871362532,0.06279393253922019,8.763774637973652,5.745625991192589,946545
471,-0.006046419011440871,-3.575152994498624,0.2738014680155213,0.01901429433580342,-0.08363649431270215,0.0034345889891129098,-7.8941307779347,0.6674533154308079,0.052068030230122395,9.342482497966161,8.665969055634136,948690
472,-0.023006362991109836,-1.1389378392743463,0.03343179365421616,0.027903551877561647,0.28163410891770474,-0.012706993744372142,-4.627189708247469,0.5414880226822014,0.05054707987574609,10.280145074099188,4.765297891826093,950894
473,-0.006268697142046583,-5.263716713377706,0.23115229409465657,0.02310989199738782,0.15001747345296318,0.0008422655028049579,-9.488775701162016,0.6017836304080421,0.052835449182776155,10.23785185740645,10.85097129042624,951013
474,-0.006196806864611451,-3.388256030759526,0.3464569112627919,0.016077095851338947,-0.013690449030591785,0.0005228409620846583,-6.703403752620312,0.6499221361830246,0.054914818764029295,8.85655053053828,7.5110519103932685,954612
475,-0.002972052180211607,-7.676970906635308,0.27877209032968925,0.013294903021691553,-0.16117604884028264,0.0006708422329980972,-8.57012041888113,0.5854462424104893,0.04722851134523439,8.956376892161158,11.505774476124943,955588
476,-0.045704024032639144,-1.3313408276662582,0.28809002503509845,0.03893485537537932,-0.006020169444482403,-0.02375084737643513,-5.047184795660474,0.5527859405456979,0.06654604901986867,8.899614366988821,5.2198221005085355,955603
477,-0.06577915193088443,-0.972738641558742,0.3029214452705802,0.031184186325942845,0.03008778203580379,-0.04473074903833535,-3.549569488049589,0.6452986253231617,0.054188801427979105,8.90859688356146,3.6804434536172637,959532
478,-0.006495231307919865,-2.9463806450209282,0.23876258500874384,0.010481157115635244,0.1063849392687414,0.0006391963411235868,-6.744012793357216,0.6758356629417388,0.041714600657420796,9.18974846998682,7.359542612304092,961361
479,-0.016180297868522975,-1.9293459689910584,0.11166346573972027,0.035151200010997426,0.13286157085304498,0.0010224739872821866,-6.704915967772455,0.5811166030271971,0.0535309277296243,10.006325428421544,6.9769817258576845,963821
480,-0.0076027413863285044,-4.040458951503777,0.2667317049124385,0.020410610836160165,0.16700576913785686,-3.053592691236749e-05,-8.426446332857555,0.6242212732937545,0.05424038459085255,9.90261237694224,9.345068557229292,966175
481,-0.04906172979319095,-0.9100190163423115,0.1659353956758344,0.04037390094437629,-0.05044816008556155,-0.030711456470186194,-4.964497457733605,0.6525761983531833,0.06824218626899818,9.701298850844173,5.0472140451884995,970703
482,-0.0024000002373746974,-7.123157496943971,0.21994864668653957,0.010159824902204309,-0.004324773412097226,4.935283990730341e-05,-8.649978741058673,0.5677358033653489,0.04198566955477599,9.43794311190596,11.205423015086762,974316
483,-0.008582847711994206,-2.990577597686594,0.30256292391847583,0.016577493583343737,-0.0058050868200165626,0.0007038438261899104,-6.4947363579977475,0.6355476317650622,0.05054063715131281,8.784091591833429,7.150185642882481,978529
484,-0.006753113389473481,-3.477088348355263,0.2984994131032192,0.02073904778030481,0.04137153708569713,0.0014129002071905101,-5.937280334660312,0.5776326113914823,0.05921160537570336,9.136693742075835,6.880511692789425,979474
485,-0.008511193899472143,-2.359435994955505,0.19206623191977726,0.012815709114951671,0.2485967302909026,-9.17165825664298e-05,-6.786420873159482,0.7030946829937257,0.048746297291188005,9.950236784402408,7.184876232889915,983164
486,-0.003481762218645883,-4.134474126567195,0.2096516804251933,0.014807098719132336,0.06505030661896317,0.0029508175982409794,-6.813861773019408,0.5697276570697387,0.047659882799770896,9.597104879361838,7.9701059318599246,984259
487,-0.02262130817543427,-1.5498623172744848,0.3001162592837068,0.01862680133200357,0.1455397206460801,-0.013305661988281224,-5.13786416136184,0.6017870863727915,0.06333971287449686,8.735215661716449,5.3665371836142,987528
488,-0.03327365862045831,-1.067086357441696,0.2730293582988516,0.016529298927002053,0.04417539677269755,-0.019510932274970264,-3.1837796502351745,0.6255577319997041,0.055112369319977324,8.836851004322838,3.3578454633127173,987558
489,-0.013766377601364099,-2.7131498566282306,0.3353424999546955,0.030202905356671205,0.058525683024252484,0.0021408653701010267,-6.782965968964469,0.6744015349804496,0.06105188521386669,9.025779883496577,7.305464357633393,988473
490,-0.0036989330856315433,-6.678670303570499,0.22052018090572265,0.014385180104578591,0.11635923403959449,-0.0010104779901709729,-9.120834581009492,0.5718369542918266,0.050020575845320936,10.032950852322303,11.304612354164695,989177
491,-0.05510433099086014,-0.8080791280964238,0.15070371832237678,0.0181115510031982,0.044709177875636594,-0.04388084523350889,-3.46424263100603,0.6161978739522782,0.06206131228820587,9.716179577233541,3.557241752221046,991711
492,-0.0039011879517108898,-0.7735747943578763,0.2070926473629758,5.087908560269098e-10,0.15068789909544017,-0.022389335355488867,-3.7459576133044132,0.7222772306921312,0.0485427683928695,10.33481807936139,3.8249988762271716,992010
493,-0.01738901705017207,-1.5414556977111784,0.1702499955933371,0.012587645122700762,0.19065695806908015,-0.007373686506353846,-5.31053945443496,0.6659876290082837,0.05057620882127828,9.668606903971854,5.529730098758584,997184
494,-0.03322546606374443,-1.4439348938922492,0.1553713821463341,0.03730739180701809,0.10984058396387564,-0.019882126800086972,-5.425888359130144,0.5918611550500184,0.06401574771890761,10.124323464540229,5.614731735670336,999823
495,-0.01298711892882249,-1.619871029842731,0.2977960785632044,0.0165667749550056,-0.0674827186778052,-0.0054107517686990585,-4.603358660548387,0.6107231257481313,0.061094122557538474,9.726177664911601,4.880050523403378,1001713
496,-0.00314286753277637,-5.908959228294088,0.14161066311821022,0.011481675080161183,-0.024746278617023606,0.00043001934883405774,-8.364504432661303,0.5769640081710389,0.04100894507185251,10.182503445555945,10.241129506341204,1002822
497,-0.005167243150550622,-3.38103564856537,0.12731541995994464,0.016091343829580215,0.02269060237980846,0.002119896219251662,-6.374848561782706,0.5214036117838827,0.03994744662046931,10.13004031896393,7.215961214040226,1003812
498,-0.01592866911274428,-2.3043917847897393,0.2108765449265461,0.031023932769500717,0.2121855252656441,-0.0024660766143570546,-6.952293985799061,0.6067472528927105,0.05681733664720184,9.632563576096215,7.324248300186459,1005221
499,-0.0031199614635918005,-6.70509529332713,0.23782699244281644,0.01820248547648683,-0.025276082979253975,0.002050974035081265,-9.000660847920079,0.5501318225759271,0.05194724973305936,9.679022218635742,11.22364462159592,1008204
500,-0.0038770171880587096,-3.0117215380320053,0.28459422467312767,0.009476555187133019,-0.09751625126354346,0.003989851639714217,-6.171572586955984,0.6557794643411898,0.03952349420212287,8.8531977364456,6.867224680954632,1010603
501,-0.031925623614453204,-1.2124028283798438,0.2947814036455966,0.028204985034979396,0.039521472756768546,-0.027395774587867933,-4.312758540452704,0.6333678178392985,0.08176133191855561,8.81416742494078,4.479933799344716,1013557
502,-0.004469858938107607,-2.8012344697810847,0.19996993612035738,0.009999419250133411,0.01414696044718587,0.0029778331590677148,-5.952066308637277,0.6415114410876789,0.03935618156114159,9.466061792393397,6.578298252367758,1015356
503,-0.021308828074025454,-1.6443387256558977,0.18474102898989264,0.020418877995508074,0.19792787285776983,-0.008352654914131936,-5.805223298952207,0.657438247242151,0.05878556710194775,9.803274993978162,6.033611472028109,1017172
504,-0.015322475450078477,-1.4774720556539234,0.20113958965700401,0.012812477454152779,0.14052832743073232,-0.007791106824923144,-5.139977271031162,0.732108627883163,0.054715697812624135,9.342157000220213,5.348110883476069,1018311
505,-0.01273458437643081,-3.1657983946016306,0.310767271476734,0.036051283636295305,0.09325382926782065,-0.0014850638751190057,-6.359196309753104,0.6481929455593194,0.06468772796966624,9.374961208068187,7.103636898183898,1019331
506,-0.009581534912965805,-3.312595008010498,0.3791256790280654,0.023291395618675367,0.10449030700812628,0.0014680099090624381,-6.911380625033558,0.7061618292791305,0.0585434221907623,8.610080936502763,7.664233023022286,1021537
507,-0.0304271777567392,-1.4520244270219667,0.2639699218169584,0.03258377465503588,0.11499967589979591,-0.01655521984400416,-4.916808812533129,0.6012564510579949,0.06367257258058244,8.639817556094398,5.126732276574613,1025556
508,-0.03732965465697438,-1.1870184569104507,0.18827444288901607,0.030861202247587306,0.012913777352724433,-0.022644415075646688,-5.197683237850994,0.6007187983486904,0.06969650195981605,9.423315513781143,5.331502964275951,1025675
509,-0.0025571673325223655,-5.237640409050052,0.21190708236765377,0.01043275861029935,9.384384502872912e-05,0.003123731611624585,-7.346521472845374,0.5730849649434718,0.041973166743982084,9.547230123874625,9.022430648416876,1026275
510,-0.011780958092420628,-2.1315607236405296,0.09737268965635276,0.016904852431253916,0.26937139355688966,-0.0012387965178180273,-6.194758332761685,0.7027922212645759,0.04646473470367733,10.296040600163376,6.551227512450416,1030938
511,-0.03220061015918594,-1.8052387166097486,0.3669622900889996,0.04556833783613656,0.06164596065231178,-0.01758413733889622,-5.204169332064089,0.5798523676031614,0.0884120476408172,8.804307288438839,5.508381364860571,1034463
512,-0.01188505387154129,-1.9656861399989307,0.16228948794762552,0.01677636143091251,0.1356025881512988,-0.004520694509362135,-5.493640330393699,0.5215570341355096,0.0632380592761547,10.214171714973876,5.8347241649209165,1038979
513,-0.0032080563149934843,-6.494419370456655,0.31547258574391657,0.018801230759553558,0.011318991553826308,0.0011280935273201215,-8.372917387903131,0.6087381066261404,0.05073447817151936,8.879081670106123,10.596378086120428,1040448
514,-0.008776485478029655,-2.9090696686995647,0.15392464969040284,0.01809914369500436,0.28955399305792484,0.0022886827553592237,-7.930624525609123,0.629333491218765,0.04850264894316295,10.181351117852302,8.447336367372897,1043927
515,-0.012699430261562008,-1.652052599033483,0.2767111140635056,0.013410808096618735,0.020844918449467294,-0.006155823328016967,-4.6589496258408865,0.6770593449026157,0.0554769816030114,9.48264727902319,4.943186159360804,1049670
516,-0.02293776262069143,-1.4176603035256603,0.36970580874754266,0.023348178685642776,0.05341754402202404,-0.009411071647967364,-4.250278352370204,0.6454513360046682,0.060033818209070465,8.735312929378793,4.480471717221217,1053496
517,-0.021735420432228942,-1.8533423282815624,0.199994481730774,0.020589848063620356,0.1683415763153933,-0.009686974913183741,-5.6908814240234005,0.6482366681842839,0.06582557491880717,9.543532293823997,5.98506551076049,1058250
518,-0.029173569444666828,-1.4040044169332913,0.24160696459903386,0.030536586150905425,0.03441574611464324,-0.012772603724304688,-5.362350369420177,0.6076349650852076,0.06258070945116262,8.78053070385781,5.5431065195600295,1058595
519,-0.026751042307989827,-1.6621907477047533,0.34886884131169643,0.0273789630805185,0.09049089841508308,-0.013501978076976472,-5.266098871936137,0.6242362269595346,0.07396206245875732,8.74314224308829,5.522198421893434,1059435
520,-0.020799868711316734,-1.5622549235427634,0.1920151409255983,0.01620780560751154,0.13525375590249572,-0.008248297490859202,-4.8725524609229165,0.6606439008007399,0.04931448723383649,9.520983264640487,5.116874820686898,1060186
521,-0.02065864644837416,-1.9003058779224968,0.3350623067908853,0.025251218499428407,0.12191717485999914,-0.009072181092687339,-4.501820679322446,0.5558651483965902,0.07231490157874446,8.985993177088444,4.886466193318235,1060351
522,-0.028341316929623286,-1.3255804308158947,0.04772588152903857,0.047722023164730315,0.1913764931671748,-0.0122658210422884,-5.4499597901700065,0.5746682119557319,0.053466778201392395,9.801370276669742,5.608852395368588,1060816
523,-0.0038963704422830645,-9.514083936878277,0.31863980555662286,0.021455738690283048,-0.05902430263702369,-0.000292436356323343,-9.62366519872878,0.6114245325344568,0.060016768560589406,8.46207201957442,13.532654027026211,1063485
524,-0.012591963652267418,-1.9722283640184928,0.2656259574134562,0.013889756197217763,0.1491510449596993,-0.0014626301683453966,-5.483789128045225,0.6749102209290755,0.05411409538645331,9.031868402329946,5.827660587294534,1065329
525,-0.05200016995733329,-1.4687765778421003,0.22753588595002316,0.053344734349517225,0.12356278608660023,-0.032284108896560325,-5.147220613276299,0.6342335875786762,0.06654638538205652,8.605554886726953,5.352680139645371,1067474
526,-0.005475515361180411,-2.9228517665956857,0.2608490649571841,0.013564208047044207,0.08218419735145956,0.00024140816938338184,-6.762250168721641,0.6523681583869803,0.055029659992130775,9.302987142915,7.366891460709014,1068268
527,-0.01007780422208694,-2.5209040414100006,0.2025468231003992,0.017151922534156448,0.18023759009953963,-0.0018084257892301212,-6.051191837151289,0.597776726241626,0.05067873642821545,9.761294480805606,6.555294031239458,1075109
528,-0.005083695439282262,-3.0788976240141883,0.3325689503309513,0.012399589335064343,-0.005921647823314007,0.0021192613677924045,-6.458088983749636,0.7376012738372812,0.045626814668012355,8.703328290895874,7.154475794996348,1075454
529,-0.02748269223164009,-1.3492154542611223,0.09462189543797883,0.0169539327457962,0.2317139386260215,-0.015117731150158005,-4.247790238410796,0.6140686510052364,0.04432667165518926,9.862754447545944,4.456916451040461,1077103
530,-0.00620464521978833,-3.49897974356037,0.23387203814683621,0.01741350352530596,0.08106855275153312,0.0017117002464276407,-7.18740600089172,0.6483571291816599,0.04768376081813015,9.400805316024858,7.993851654083912,1082291
531,-0.02817809578008762,-1.7007396028697401,0.25886722421175645,0.03041102798755326,0.08906597470522871,-0.010760738129800827,-5.105207802441371,0.6269299339906944,0.06181723438562155,8.852385519232604,5.381046543459532,1083431
532,-0.008975475113419961,-2.29796310166395,0.1226913460932764,0.016093859414778915,0.13919330066010793,0.004232368631313998,-6.514306384058568,0.6758216744548817,0.04019191847519058,10.093065032314183,6.907736393493546,1084796
533,-0.012989756676593522,-1.6956408263592733,0.15159776929161703,0.011916866430309701,0.14440331415121943,-0.0030683263919081623,-5.164995390544542,0.678691239257191,0.042513987335970345,9.796323974363743,5.436209635064005,1085142
534,-0.007510517885393776,-2.419933654154864,0.3008125897914357,0.012605588814809542,0.020444982617726412,0.0005129977913373744,-5.3232157895099546,0.7269125622550726,0.044226509966248315,8.695966540692895,5.847452884136768,1085457
535,-0.02871391892417128,-1.4137490804963102,0.29363694648213795,0.021256887066111754,0.13402223412308595,-0.019182193001163087,-5.310875363814762,0.6361979338953644,0.06599988629429203,8.842639598890466,5.495824195930829,1093421
536,-0.013419900391977492,-1.4854909469656747,0.21616816608455314,0.010604550032948119,0.07164693851698607,-0.004959770882344773,-4.388905529466902,0.7061869978234471,0.046451405941097285,9.622742802911233,4.633484121058593,1094171
537,-0.03664138403583628,-1.295165978946197,0.28376319537608713,0.029655200936848335,0.04741855041305716,-0.02584518549747658,-4.775219737251901,0.6439236157140737,0.06954859797459792,8.6791808755628,4.947744784450768,1097454
538,-0.0036341195324121013,-7.009684153323237,0.24630739832607387,0.017732070054911977,0.06629418143759738,-0.0004790625308791694,-9.606555087375613,0.5572779075087934,0.05765897640867092,9.82275502562587,11.892080245950797,1099059
539,-0.06623746639934679,-1.1145376725574492,0.27206699172764826,0.04569093238466398,0.09684705831117275,-0.05101727269581682,-4.52692770598945,0.5693182854263557,0.07301836311411002,8.46370382299298,4.662109895616434,1099464
540,-0.010262734125764636,-1.791595338258217,0.15891950348942763,0.00972845123204398,-0.029329369169039554,-0.0019122425073341235,-4.764429587085762,0.7153037817968013,0.03642230070319339,9.680268398002335,5.090147654672385,1100678
541,-0.00802029803582598,-2.657124389547415,0.1645413185519786,0.014799112217455472,0.1263460263646239,0.000485620931435556,-7.718700474170125,0.6763155474566934,0.049017594497307075,10.13229567817433,8.163249783724728,1100843
542,-0.03436578183871114,-1.3349461379952832,0.1162745002344746,0.01907809256758769,0.3295973607105198,-0.020588285594737344,-6.048017648685409,0.6677666320120473,0.06428393230094397,9.835146849828767,6.193593356861484,1103077
543,-0.013112997605387741,-1.3545180243613366,0.08675716788528869,0.010032131139131109,0.16479722189739843,-0.008707734586610172,-4.2755014702070815,0.6643991397532478,0.05047768124240085,10.060233444226807,4.484933879118248,1103916
544,-0.0239851321507078,-1.2213461710262332,0.3024510915365329,0.012925446309184971,0.09098400951350978,-0.014335818524407927,-3.993218638383324,0.6574672214768748,0.054136914877705125,8.555801833131381,4.175821064582678,1104426
545,-0.007062666481904142,-3.1840551913602892,0.3677807987631379,0.014748057419915108,0.04184332348396308,0.0005571901111478445,-6.423424149481406,0.7378163197273367,0.04763597459063064,8.493948987499293,7.1692806658527,1115495
546,-0.00393185772198816,-6.001459860860213,0.22830628817286033,0.020465636554191008,0.050406596340041375,0.0016760253659413088,-8.790249934344818,0.5623529517367817,0.05324992338422077,9.718496873581653,10.643590295091471,1117040
547,-0.004132027018065831,-3.0989982938727105,0.3259072548015253,0.012472936214348834,-0.107152363489298,0.004230713497242549,-6.016536918699721,0.6929601065968745,0.042965366456079936,8.529462897644162,6.767754939380024,1120535
548,-0.029974970248760394,-1.3440881828124898,0.14916914550307514,0.021020693319696547,0.172383661217996,-0.016688645242864838,-5.200851739568614,0.6524092561273918,0.07417475300418615,9.537727655278367,5.371725221951515,1121090
549,-0.013843223727895907,-2.292229682212791,0.28958494290000264,0.03043257607537729,-0.03238235601070181,0.00030898040424638104,-6.288642403588309,0.6904711836276378,0.06284563083986121,8.93410905866514,6.693380326578365,1121585
550,-0.010669533063111511,-2.910206028296417,0.1963731692120346,0.030169620094852245,0.14512506728067925,0.0002437885865526044,-6.936637885957934,0.5990779948139134,0.05448318920189757,9.873895994111898,7.522382886296055,1123864
551,-0.010220441600631678,-2.1092923764101528,0.13520475915355495,0.012678286565802575,0.17775119893895241,-0.003418843147279479,-6.167000436404322,0.7064658961830703,0.04756576629293667,9.909895213763818,6.517745677133551,1125947
552,-0.005220284587807577,-2.9314179600102297,0.14643902467423345,0.013048905547855774,0.1829849791707696,0.003431892314914828,-6.872718477403301,0.5936519604465837,0.043875513365583395,9.782778061680949,7.47177827066029,1128991
553,-0.018593182749920743,-1.5375970384492976,0.16795720293978028,0.01951119012681589,0.06630116732074617,-0.005881239780236614,-6.0483017102986665,0.6671322934961114,0.06284836529849612,9.617955856832266,6.240685718048123,1129681
554,-0.021431610930765076,-1.4707754812378455,0.2246289159263537,0.014630577038768985,0.06947400772169124,-0.012340649822914718,-4.827402338297772,0.6808245194900429,0.0519134425738449,8.987093087748578,5.046483315340814,1131228
555,-0.018985389225579602,-2.127350252240136,0.17504607934752883,0.023758021846639613,0.2211736469678229,-0.004269986019419161,-6.581717926342712,0.6031864091574937,0.053909448357244434,9.969291824735873,6.916981274923851,1133012
556,-0.009917038735728212,-2.4275975091612674,0.2650511190509539,0.01161076282955866,0.19887099911660283,-0.00027922925685047034,-5.7153560824060685,0.7074723338306294,0.04369441933160416,9.0806160813902,6.2095510961084806,1135200
557,-0.00745592979838074,-2.8704105159337403,0.3373121933907496,0.010794147908088227,0.09236430413065286,-0.0003932702020511963,-6.134759837312738,0.7631491617555177,0.043106305069225144,8.80323885276317,6.773074249665982,1138334
558,-0.012335691752770248,-3.0128111248483815,0.33777727100150073,0.03033430336139942,0.1604573373634064,0.0013310103644579685,-6.949748214482742,0.6979548121652317,0.05972178373116341,8.761253645728232,7.574696767443317,1139369
559,-0.04765043051061529,-0.8834771800887988,0.4294114792865077,0.011330201394457737,0.11960236628562854,-0.038942894655888044,-4.249470287557671,0.6071994569882532,0.08422991678080652,8.739061619553018,4.3403375044543635,1141409
560,-0.017293589418959178,-1.9285172204635472,0.317345564517601,0.03273716628237038,-0.016343704365542694,-0.005268632257251065,-5.753623455435834,0.5959205791090004,0.07657985276371874,9.57853903727357,6.068225567376829,1141634
561,-0.006040147901278077,-4.560584259970669,0.3047584320721277,0.021622052331393457,0.0748623420125355,0.0022093371413480236,-7.928415711421473,0.6365214447175453,0.054008101009294006,9.159398277440395,9.146513241963142,1147243
562,-0.005711324555784842,-3.715573099954244,0.28967819898190444,0.01875645959788133,-0.077102220715347,0.003913594240245179,-7.361838444465774,0.664303329857329,0.04909750277470711,8.70508810578426,8.246341536919134,1149538
563,-0.014468474913093865,-2.1206222465872813,0.29368055807472726,0.02426068974442518,0.14013972806074648,0.0003812210766259203,-5.4744104375639555,0.691518358260922,0.05546627030027654,8.7297438288696,5.870792821385376,1153362
564,-0.05002776264363228,-0.9820923635708951,0.15117024792403613,0.03478658308617117,0.009817480515606587,-0.034603013068496384,-4.867950359201927,0.6199415458090785,0.06557973738422225,9.191456993981538,4.9660292095635565,1156586
565,-0.004763805443788062,-3.5762461700909354,0.22773531822576915,0.014051188390733138,-0.11503626384292633,0.0019768087077994905,-6.466809725137595,0.6041817910196075,0.045344921952739536,9.232897433263833,7.389801397211177,1157606
566,-0.006578982282030695,-3.624296434161461,0.30007843358038583,0.023381242557185572,0.07279971447975807,0.0030914952494895684,-6.637584233762586,0.6083440105672011,0.05320194672034939,9.027952012467383,7.562608617598106,1158235
567,-0.005522802696778712,-3.28308866615623,0.26448483062165296,0.012736331377711848,-0.005965002327803518,0.003416474669998193,-6.41653954374587,0.6521291757814449,0.04302062061285373,8.564628825503029,7.207679994720767,1158355
568,-0.002278710713383069,-8.607639710246811,0.24018323021345578,0.01606612717168302,-0.01645121378130868,0.0006799390352619026,-9.058843758506876,0.556568479175778,0.04825058670740718,9.159073659468744,12.49616387626446,1159225
569,-0.008347039692100666,-2.7940982750079626,0.28769995861099057,0.014151717119262884,0.13257446684287783,-0.00011049725907898625,-6.226071144896463,0.7195652981401456,0.04818110811732413,8.83622100721087,6.824290957433954,1162283
570,-0.005445254966813331,-4.164276943943746,0.1813360022784669,0.016574791467344682,0.14893848500809345,0.002084668013011423,-7.479179749704551,0.5672736567486232,0.04467062820409546,9.936925801007705,8.56033481788254,1163948
571,-0.023344240846617428,-1.540636259150686,0.11086309526174559,0.03479379951169436,0.04308338740615286,-0.0095507034676774,-5.611715464120174,0.6054997593173075,0.0570690409910412,9.691863743338695,5.81935653945136,1164653
572,-0.0056894593549497675,-3.5440672739518986,0.23137009993691762,0.014679082532732762,0.04386808141888198,0.003426131477026835,-6.668168222903694,0.6164323505967246,0.04737960584024407,9.464212059364707,7.551481993042124,1167112
573,-0.04595550071370168,-1.0252545301589269,0.1958146053792002,0.038919119707897985,-0.02711940242753662,-0.029408342132789762,-4.52332023950882,0.6634823281204607,0.06294564257686878,8.97659968752176,4.638057011374648,1167562
574,-0.04318569130206225,-1.034647825092035,0.10875186438187681,0.03116808847405687,0.21561254326655,-0.029142264124416957,-4.4659067730204685,0.5642081127226224,0.06825923834290305,9.641731610900502,4.5841923418719865,1168072
575,-0.007395335504066465,-2.1457242048046368,0.22420236917837288,0.008442869335668552,0.06222037884213864,0.001969262535455499,-5.3817327315131545,0.6883412292814034,0.04012092056395583,9.463728409753818,5.793718974590028,1169152
576,-0.009233559287032152,-1.989270815277975,0.14154262105406343,0.010880400178688058,0.182349644674743,-0.0005817831139762984,-5.9940411461754115,0.7167542281438019,0.0429813357380878,9.800863498578522,6.31551483559025,1171790
577,-0.01285115013187582,-2.8887643713876696,0.3791148192429651,0.032974214454878505,0.05899965114018574,-0.000578392912469053,-6.15855233171981,0.5917278128769575,0.07721994967005588,8.599778523608201,6.802405928488119,1176333
578,-0.03022291827667507,-1.3617322185323726,0.09796034654665368,0.015925680026336604,0.2970001408607516,-0.022159985865403794,-5.505664932494848,0.6401699488234924,0.06330460769592434,9.75449835323621,5.671566008069782,1176903
579,-0.02650436643173607,-1.2060149819948136,0.09157804257136305,0.030007156719832433,0.1255401623899431,-0.011383621353724845,-5.4137649536436365,0.5884082780852159,0.05797690604299314,9.823398092241282,5.546469427491333,1178763
580,-0.009049532505479147,-2.6505986836653905,0.23209787314706315,0.01434123886380316,0.17157428780302583,-0.002064845839465137,-6.1445142084188635,0.5679447032042693,0.057618490422998936,9.743685118760943,6.6918404224331285,1178927
581,-0.01841720264752514,-1.2449729124975626,0.14840760806483363,0.013096366590350059,0.10348850001627632,-0.00938793412983889,-3.5368001496075405,0.6050907718844966,0.052301002335381465,9.089239079410032,3.749521682977255,1179242
582,-0.03137102564656742,-1.2311398460206278,0.17154286319149675,0.01495994318065098,0.21519388228354402,-0.021717929235664443,-4.562276689321459,0.6810767469782781,0.06349972334868494,9.321218361388405,4.725470760716404,1180158
583,-0.08038435059735649,-1.1351796625026958,0.4129551192623992,0.03625022125448049,0.12077301061962381,-0.062224666424557595,-4.079575485907223,0.5611373629293535,0.08457506157828544,8.347635463671525,4.234568338257737,1181462
584,-0.004732517313611448,-3.4511133196288055,0.3479209341349095,0.013948882482674644,0.027129416910125312,0.002148949249584385,-6.911797174614615,0.6906521766862552,0.05139152156517518,8.77516401646531,7.7254853134240005,1184371
585,-0.012367073948435675,-2.168086171489308,0.2567340638887516,0.02247066105896358,-0.03718270664627183,-0.00340806371919137,-6.352698020248309,0.5797000847445849,0.07320194356722556,9.806231540850417,6.712478661677067,1186695
586,-0.006312887149704636,-2.4628454395056374,0.17092863165420086,0.009217593149954783,-0.008645619529084715,0.00029938378662352897,-6.347595103218765,0.6391850006689626,0.0400252414268963,9.648911196309285,6.808639456844558,1189679
587,-0.010590329441864103,-2.3326530867429818,0.19618204729143746,0.01851703328429149,0.10316002256767003,0.0010276586690147248,-6.147952169396424,0.638898041785014,0.04952257423933663,9.422074062651168,6.575605394203469,1192109
588,-0.005936672539407478,-3.8880666241394897,0.29533631658124243,0.0238223031961106,-0.09075795480580638,0.006332087876357683,-6.469301847153541,0.5828209754790242,0.053413075283267435,8.837054854636053,7.547776391980069,1193578
589,-0.007843175058403254,-2.249800389160349,0.15967450632548608,0.010053725848183065,0.15094392334009027,0.0014213400793740589,-5.9043961058738725,0.7154478073369932,0.04306737940241857,9.593536321747045,6.31850418739472,1196067
590,-0.012767840545821934,-1.886775532502929,0.3120220701322026,0.01136551609429901,0.10183875405308282,-0.00701594154944925,-4.023112605038855,0.6828098230708214,0.05048429193501411,8.49251696890017,4.443574793212581,1196427
591,-0.03532710772640298,-0.8154282792764784,0.14105706666510628,0.024741642373577247,-0.037943954493062176,-0.025173788846690855,-4.560457287151951,0.5758688521095521,0.0770834383222157,9.540330808948951,4.63278468597248,1201676
592,-0.003143656539007686,-3.8205467405722127,0.2884963699994446,0.01191853466528665,-0.06386276258565597,0.0033655774345993164,-6.26825164722524,0.6266069935336492,0.04260282940049301,8.62823270088984,7.340814403718357,1204480
593,-0.006172759023181665,-2.633285232498721,0.24030326325745752,0.011250392762492576,0.014483314832840865,0.0024313398142162355,-4.870739692155305,0.6364666192471424,0.044966827489693995,8.752165456539027,5.536993431857491,1205515
594,-0.004637628035153991,-3.1025344759166598,0.2454800691441113,0.01688662497651776,-0.06903167631465137,0.003975982306786943,-7.443929304663507,0.6766791908821188,0.050129544897140756,9.543378452832012,8.064601891419041,1208649
595,-0.04342009111443606,-1.182971453603679,0.10089822945557253,0.05686549325883508,0.20308754922756544,-0.01862991930352167,-5.372490962000815,0.595524338617446,0.06299453808884062,9.65040472097346,5.5011890166419155,1212157
596,-0.0347253670492317,-1.175446934257427,0.34552857882646115,0.01158219169071536,0.13325963808904456,-0.022662268785450204,-3.3020770840214078,0.6603505003648569,0.05222531083876614,8.724753281888303,3.505051863250315,1212457
597,-0.005325283991244889,-2.579163792276952,0.22178286838910577,0.010408250991759608,-0.01269958621052484,0.0028660567809563452,-6.400540129398941,0.7174782578245215,0.0422585162113046,9.498394400312993,6.900652129722135,1212637
598,-0.007540553664373392,-1.9958099993161358,0.10163218003782004,0.010700706860673485,0.029378888854949176,0.0017193926722959764,-4.9262966824055265,0.6625955895861189,0.03289552326481572,9.928854881855592,5.315228739805087,1214706
599,-0.020845470429722315,-1.2768718298890562,0.16669559193609923,0.019943576799743016,-0.08066093476335677,-0.016214802407263626,-4.378605839414443,0.6802895230115868,0.051026292237646376,9.111271787198902,4.560985723165387,1217586
600,-0.03056898057286832,-1.7330538278645826,0.379579369461192,0.04240401324161167,0.06851349851591887,-0.015097564271528707,-4.978886343561803,0.6375496951714001,0.0822525030414399,8.758350630961933,5.27188626512203,1221439
601,-0.02334479147607088,-1.2884779518196623,0.18376566223540128,0.02854159372146359,0.06968116660342731,-0.007488220270028507,-5.678391991567684,0.6700433572811476,0.065496604816177,9.556371905298912,5.822740853088466,1221649
602,-0.05037487578498441,-1.1370264920485675,0.2722699861960167,0.029301069094216037,0.10543102789774235,-0.036606973537427256,-4.458868917532185,0.6149680345170847,0.06701139080564104,8.588964430956967,4.601558569371351,1226509
603,-0.011800103073867613,-2.357538727468432,0.22539774047158403,0.017859755644300854,-0.00637166575698514,-0.0002599091768200659,-6.025209229200093,0.6488206536041109,0.04933968242119796,9.287143802424415,6.470018168997012,1230648
604,-0.015576815317200243,-1.7887350525014516,0.28909069294933326,0.021099343006787254,-0.039820112419347575,-0.0052940088015438844,-5.8016826396458985,0.6897828422116367,0.06678000910901254,8.960819831039744,6.071169124576911,1235598
605,-0.02495518696109614,-1.891946086762178,0.3061504112614921,0.026945764411873036,0.1292375963043267,-0.01382807963321456,-5.872951307551417,0.5884099192517634,0.07526526838434035,9.393327878641882,6.1701715580755625,1236212
606,-0.00586738151411344,-3.584132562390741,0.2190710990786173,0.01789935655682067,0.1125434260286999,0.0030453695144959814,-7.533345786455675,0.6221084073533573,0.049715166035163225,9.56590389874031,8.342499922870788,1237142
607,-0.005290375167521853,-4.814179274905405,0.21327001852030078,0.023199423728371926,-0.019801268931384248,0.0015601324490819163,-8.456475630588356,0.5949282204626624,0.05224952606627206,9.99580832231173,9.730791446828128,1237743
608,-0.022393747124334364,-1.9881136663312915,0.3368168226565352,0.027988626522853853,0.10588605529645163,-0.011037738220557184,-5.7687028068873945,0.5957288589096608,0.07464165551762686,9.288386003315008,6.101682392950632,1238298
609,-0.015999954435186124,-2.228569062300994,0.21878186349702974,0.02896536734559913,0.15559891204114118,-0.0022205454089295118,-6.630864328292572,0.6170331258511789,0.05395609401352844,9.448604972085349,6.995347154049471,1239197
610,-0.003782879089149013,-5.8074999431575876,0.265855542604432,0.015965754731564728,-0.0034106319665117906,0.0019058297049410246,-7.106442927204768,0.5340284472842536,0.04706111100069356,8.574377990863248,9.177613342661264,1239467
611,-0.05059181006241518,-0.9285652547905676,0.25944068688271144,0.03943539991574328,0.04202578635987227,-0.03347465148222529,-4.678303077714708,0.623912069438909,0.07003521547591436,8.767371941916526,4.769565296686815,1241537
612,-0.003417187162010971,-5.224762032976102,0.203113182154992,0.015421669712650332,-0.13765215004860448,0.0009780348634120758,-8.049915195756938,0.5248631664958805,0.05224615490287388,9.599387721508228,9.596836612139807,1243695
613,-0.0027526339674200494,-7.1903600693415175,0.2571128694816692,0.01563844392680395,-0.09649933921497668,0.0020036116154591287,-8.158824318393266,0.5877330595635599,0.046178933648485854,8.69180744040539,10.875095042581757,1247475
614,-0.008476270570086172,-2.0968970887916285,0.22132975559183107,0.012144022698051439,-0.04978928088668111,-0.0022631005939392937,-5.1668085969375115,0.572086920964351,0.05646685618017068,9.693132462267664,5.5760997550591025,1247715
615,-0.01460201807616684,-2.8324528085468073,0.37488345411660945,0.03161121401053966,0.08394597845900471,-0.005419316460927351,-6.07099898126474,0.5925366010939486,0.07682903821820294,8.660491489103046,6.699240072065056,1251449
616,-0.017688649544063902,-2.035808119104187,0.2050771434875346,0.036490202414049905,0.1492206800591362,-0.00023685197576000082,-6.410604329610519,0.6023900238844342,0.060903322560762536,9.258968058063452,6.726095640758586,1252228
617,-0.010787365601073958,-2.2244124013661684,0.103992240282372,0.01167368809935716,0.26105908756530155,-0.0034497521293361897,-5.780015525254554,0.6890333720666149,0.03849058598265014,9.705953308918929,6.193269734440386,1255019
618,-0.009489465138580566,-2.177927067549389,0.1596617017864248,0.010701028407702649,0.124864718492318,-0.0007381157558840454,-5.496773076194761,0.6734792429746957,0.038094886326730394,9.473373261652835,5.912518969334804,1255199
619,-0.029792573226694617,-1.186217499749931,0.19372551353576803,0.022778226074664783,0.014844234935818244,-0.015733056484718594,-5.272508990271205,0.6711525380601175,0.06678671593707519,9.389686955509461,5.404300418111826,1256639
620,-0.006285497054676742,-2.5251238143138144,0.12692625687538678,0.01145281925889332,0.21710887730877812,0.0015430017308569392,-6.443743515123567,0.6531108915569049,0.04111468439018481,9.721346547696763,6.920843934543805,1257074
621,-0.020736763599591784,-1.6795247052921258,0.16231419220628557,0.03268242078067385,0.24799469806764582,-0.0004960018705801802,-5.907863400874492,0.6137136304171039,0.061222506539474995,9.877648133732961,6.141958417237854,1258018
622,-0.004476604794447111,-4.977088404306031,0.30679091793740615,0.020721526482786537,-0.04706164032399802,0.003133078893654324,-7.175402752004479,0.6027059543230417,0.052575801300634925,8.605478399717283,8.732571994421289,1260525
623,-0.008179156540000565,-2.3065174127485673,0.1059564157138801,0.010245488007659826,0.20518367246560104,-0.0009084076926896258,-5.439131418943545,0.5932722318300071,0.039860497611927975,9.996545954507114,5.907975386530581,1262909
624,-0.020307548474762196,-1.2230127721654136,0.1366604426669897,0.014193950569223325,0.09175585310354911,-0.008287539668660577,-3.5791437732592004,0.6394455560290606,0.04973352935103347,9.442009419209462,3.7823313433039996,1270273
625,-0.028661536295790265,-1.4276029521535356,0.19459500296260696,0.02058230876691406,0.19419159149840307,-0.015157876412124403,-5.297550685070534,0.6166927410170645,0.06502327216007887,9.280799361896921,5.486537473661214,1271278
626,-0.015998328155946845,-2.569632083862452,0.29388387279136274,0.03522113608038116,0.16460539296567864,-0.0004927580599203822,-6.47140597679172,0.6117985779081729,0.0695041286554159,9.27499065687927,6.962909188182112,1273287
627,-0.04137517188356859,-1.1874262046302362,0.047949020819360345,0.0479644341509761,0.3042607787360725,-0.021488663104619558,-5.466505323358504,0.5628321983973099,0.05429006138673682,9.910413055208318,5.593984397703432,1274008
628,-0.010102619813917774,-3.0362866299834588,0.24359577412122432,0.02916620562676328,-0.06388802623683258,0.001863017958250567,-7.127566934214022,0.6457598589049491,0.05733093697713839,9.450573261698283,7.747338052590541,1277667
629,-0.014192050028354991,-1.7826280226264928,0.27278725339853016,0.018250706340027723,-0.02732075181150344,-0.00592350193338915,-4.48779576359882,0.6652205149411625,0.05824264128345757,8.79881322362279,4.828879112467898,1278552
630,-0.027866228962949414,-1.2453020958229786,0.1556858824479668,0.01676216907261914,0.1999665582038353,-0.0202765626580049,-4.2133091651572085,0.5649643737364518,0.06686911097012771,10.08107412978098,4.393489664385116,1278987
631,-0.005531580754226982,-2.8745741841523986,0.3024682647703626,0.011991069810061957,0.04578236643171683,0.001766484869532935,-5.9211073333448745,0.7468289324737782,0.04395146474191991,8.763028390532607,6.581997325522541,1279451
632,-0.04925465126644417,-0.9229470072796849,0.06423258110922776,0.02262754515753543,-0.04223927469928211,-0.03838339688237886,-3.557578495181833,0.5949058185748334,0.05034517273122737,9.092297337878922,3.675349769426954,1279631
633,-0.03146198352552449,-0.9434590601029358,0.2158051722625189,0.020261656676090044,-0.026474016036278802,-0.01751400788487314,-3.280962225642549,0.6580261382835235,0.06054909020427331,9.395130980933597,3.413916830296781,1281656
634,-0.005831481317157118,-2.84042898314688,0.12744380615894912,0.013461591939141324,0.10948301873682831,0.00228355506852844,-6.153365587536751,0.5705171303461729,0.041521430668229956,9.925377365406739,6.777311034782329,1282810
635,-0.020890397296070198,-1.817239687120481,0.17916121191310014,0.02782225635833479,0.22178814405453479,-0.00778305132871443,-6.560428190855987,0.6411539984792635,0.0631374322066434,9.65800473525952,6.8074648825993735,1284114
636,-0.004012167247438496,-5.113162230886314,0.28742414990515225,0.01976967362321144,-0.10037121520506309,0.002896744716447985,-7.951704405131075,0.5991701673758487,0.05194666728311417,9.025054372750619,9.453783948554317,1286618
637,-0.01596508314574925,-1.6847981243500654,0.09101591139742207,0.014236675881772293,0.19403426131910192,-0.007054726139124348,-5.664879015163997,0.7342713439334436,0.04280215902291013,9.989975877046437,5.910109895446862,1286828
638,-0.0028000158824784682,-8.664708312264741,0.2669167850566308,0.015978139926164744,-0.07719802553838999,0.0006634376898652253,-8.91694596550135,0.5799021641435653,0.050261025852492765,8.591460655741223,12.433386324260198,1288462
639,-0.023467731196502375,-2.129374811777561,0.26106496219113967,0.040190324121875974,0.19186563438510396,-0.004120630623063298,-6.644376006420927,0.7031893635412539,0.06425939104467548,9.569639673123058,6.977246563203484,1290187
640,-0.007546181730176227,-2.3079913791251325,0.17613563438315635,0.00786488176121708,0.11254244425104361,-0.0021013361555679276,-5.081004272766126,0.676781734804994,0.036268209333803966,9.397805080936003,5.580629769657145,1292228
641,-0.014791782686298644,-1.5196510901562439,0.05100668434264704,0.01877386725018647,0.2308248083592614,-0.004249779391502689,-5.483032034762985,0.6108593364278285,0.06495664103890107,9.979666749432885,5.689725804469859,1292828
642,-0.0065837299614254965,-3.4092295564396458,0.19577263376620208,0.01725996897929065,0.13700599813919911,0.004159058147411812,-7.183085322166132,0.634695286669352,0.0468460615796888,9.396787620596982,7.951072941057715,1293203
643,-0.02374274092485503,-1.9466029188218446,0.1277784398044569,0.040456923996231624,0.3077729057323941,-0.004044781868147818,-6.673306414038585,0.6283160758467479,0.05471559391880004,9.815037268338662,6.951422978010635,1294043
644,-0.008210591511915114,-3.2652385838515583,0.22358042243849013,0.016785970570986082,0.08019123797066985,0.001885613262444305,-7.013269564788859,0.6259767044891471,0.04802200675649842,9.675531046292592,7.736131655928991,1297296
645,-0.026364602561489335,-1.1860200965109178,0.21901788691985813,0.017380356777199967,0.09836459728909794,-0.01617894520356718,-3.446074717724109,0.6259740473651517,0.05453523234704556,9.580793939561328,3.6444580707514067,1300341
646,-0.02476335434560205,-1.4309088722314254,0.1555026968796868,0.020472042517028333,0.13308634354628668,-0.016309364603632533,-5.0569963611369175,0.6523024156178027,0.05467865013873928,9.672905099511986,5.255541113642118,1301315
647,-0.00505933952736038,-3.8017426900188744,0.22024972732379053,0.016611184285928976,0.12336266512218681,0.003273071273475663,-7.791918604642706,0.6458759722268061,0.04873715636671765,10.006436868963858,8.669904441370106,1302170
648,-0.036970031419295855,-1.3954755926925677,0.09083663329578055,0.03346305172158063,0.29622954895737313,-0.018483478095800213,-6.01593195251502,0.6299956403087017,0.06518678138833661,10.528552872607726,6.175661048591628,1302875
649,-0.01598531230344014,-1.4511598789522449,0.04608022176703038,0.025782184657527425,0.22911460358017227,-0.004217462015028779,-4.723424872746999,0.6241325169241586,0.043008030398113406,10.449999530775209,4.9413163754981015,1304989
650,-0.043394245892185275,-1.2697490969487115,0.07900414575301695,0.07904619084217622,0.2263422520743377,-0.024765874938322264,-6.211140771180516,0.5715892120348613,0.08076959378930497,10.596814550767272,6.339600338240808,1306818
651,-0.03182951279992131,-1.294876042379587,0.08098777873579051,0.02402676401322579,0.3311687004097064,-0.01793440879190509,-5.627731522954217,0.627788851197661,0.058843157402651405,10.298555055105332,5.774778442466967,1311902
652,-0.007064395833092138,-2.4311185123963694,0.27043073071538437,0.012532560222365744,-0.12720145967073868,0.0007576405943498337,-6.121874682012045,0.7127026419447763,0.047275751595493846,9.231905109540742,6.586933037732843,1312607
653,-0.0027616541286852223,-6.925863575233516,0.21611824751164788,0.012018531847073048,-0.11997697021489868,-1.0740321559196697e-05,-8.681007871002903,0.5660041399874225,0.046271670450828264,9.570267992629171,11.105290807500753,1313672
654,-0.02215245771657849,-1.7417301970567736,0.21241920013290239,0.026759492853361704,0.15623048865778622,-0.009392092589211563,-5.454947677127456,0.5986772577867611,0.060102933003177955,9.164081403450034,5.726262152533506,1314272
655,-0.007835293184377739,-2.2746598409551453,0.26567551661627087,0.012855485625394248,-0.07736813445755537,0.001308502110546415,-5.7421958795356804,0.6766790651705018,0.04826266723960834,9.25502487560244,6.176316937383527,1314632
656,-0.008000001253803263,-3.2976918930092234,0.32069287047606343,0.019674292090579488,0.09018184415086598,0.0014389394875329257,-6.564994719666076,0.6063161809025966,0.05245326209174393,8.598302264868586,7.346695004589629,1317436
657,-0.022290782645519817,-1.7023629399317945,0.25755689271366294,0.022877396630007832,0.09525833712934288,-0.013165508898151981,-5.115418143326469,0.6984966212029255,0.06068324965437567,8.856545483277674,5.391246827991354,1318381
658,-0.003599935067969641,-8.046935985902541,0.23198844661506646,0.017870672280801116,-0.1502927197720049,-0.0006035556999406976,-9.738349289278938,0.5516555181797372,0.05310998206285512,9.66890090100448,12.632839175783602,1318710
659,-0.003483309765161728,-5.7256688964978935,0.19663495845246004,0.013977222476267145,0.06801150864107428,0.0003548338545042451,-8.565574299557627,0.5535104729109118,0.048592220173353726,9.943782870642318,10.30302612796675,1318830
660,-0.013750553271921836,-2.971289114657512,0.3235117406362293,0.03195684401004791,0.1227842735877867,-0.003407280020747847,-6.840941656030003,0.6337023492709244,0.07219086532611081,9.29588529395407,7.458353822666818,1320225
661,-0.027999413704185766,-1.6413202548394268,0.32531815654459106,0.028911184548614216,0.19264799966174279,-0.013965126026203284,-5.5665433852309745,0.7144257053553746,0.07003271594004527,8.80149704700895,5.803476323601647,1320360
662,-0.014604794334334677,-1.529261798025061,0.2085853981164691,0.014535772428492069,0.02416256041145331,-0.005331030448680253,-6.066272860981668,0.6562714192026762,0.06410055922492162,9.693904523538391,6.256061706120038,1323690
663,-0.008290864484560456,-2.3606603835696296,0.279069342121924,0.010328869080568077,0.0555625740659723,-0.0013171683523436693,-4.940291235876619,0.6644772418405759,0.03732487478825243,8.52349925784676,5.475326012379029,1329434
664,-0.018542535760324982,-1.5078122297300853,0.2802357944544155,0.016931608033275494,0.04511127317406074,-0.00916688293131544,-3.92444901280995,0.6326104276867558,0.05486720485953874,8.789630652291601,4.204140551202897,1330543
665,-0.004212588655592123,-3.325508772097775,0.26922984541208184,0.010714657678522001,-0.07114298903764699,0.0034428863987078016,-5.978929803810168,0.6664471079903872,0.03777272938984822,8.479424358294926,6.841535660375436,1332508
666,-0.032312569311520524,-1.2291026437903692,0.08608363790589438,0.02625074201458734,0.17590331134924053,-0.015154412904589501,-4.597367374189188,0.6604771433262084,0.049077860368211754,9.992877084545336,4.758831798060493,1340981
667,-0.026676793035089862,-1.5787265555102745,0.19290598544724874,0.03055129847119571,0.1820862080756512,-0.011791607480969966,-5.7016845025265965,0.6030078787634349,0.05955194246849896,9.201117767450375,5.916213628954359,1341191
668,-0.0054377255008546035,-3.306780728978604,0.2543114685217,0.01370669589641456,0.1115006484391146,0.0031828485374134777,-7.204390897887628,0.65839964280942,0.04481046772889088,8.998017678225644,7.927045288069848,1342225
669,-0.054399987159814145,-1.154237393807768,0.30438445419186516,0.0313271333784746,0.06663495251700344,-0.04266669811375987,-4.756716133300071,0.5970903237924347,0.06572120415974624,8.557241600515686,4.894753551922848,1346514
670,-0.004253439508823084,-2.436724069253823,0.18710787077875465,0.008422442806990288,-0.0030720183636567338,0.002958126241004611,-5.9847788369133115,0.6308774451479179,0.04023233129903047,9.43314729024779,6.461826515502127,1353668
671,-0.010310964202490494,-2.248917303555877,0.21351438062410272,0.014755385218884544,0.0485633088638361,-0.0016177802922434457,-6.558125533846824,0.6521638240448324,0.05896749730719055,9.623073396929724,6.933010857912075,1359682
672,0.020404731232526542,0.0797474449842047,0.5711443177082113,5.951740107102134e-07,0.12471459880130184,0.001195609789266447,0.1301687489827555,0.1178506595932255,0.11774746199956093,9.03578267397107,0.15265503002929307,1362351
673,-0.02122404310250674,-1.594763330677267,0.14443922748523136,0.024435536617934264,0.08282931622645444,-0.006464034536001046,-5.94639220077715,0.5960490790969455,0.06142637923595567,9.900657285357028,6.156529077843795,1362726
674,-0.03566115196982929,-1.2018421953055611,0.10018875648808821,0.014665490830696987,0.21174607622140462,-0.024510651061212554,-4.393866219581024,0.6737779920122001,0.05382231055555564,9.396566115975673,4.555270026902042,1364211
675,-0.0029059565098339215,-8.703835217339286,0.2529313867182286,0.01668861106817565,0.002575595496811881,0.00010723234432774368,-9.441373781550542,0.5505327754119481,0.05271653669692545,9.254286590144844,12.84119489664204,1365201
676,-0.013115837030159911,-2.509514857337653,0.3129096220285709,0.02747656625030774,0.10102478532409447,-0.000495253869353653,-6.213877041780368,0.6410923725559223,0.057685367802143804,8.743905516680366,6.701487350548649,1366371
677,-0.017748172681813782,-1.8811692129544562,0.22786845363997413,0.028863098407688338,0.11792350568310533,-0.000453307251541257,-6.392690222110948,0.632015262822621,0.06309790638003636,9.549283614733717,6.663729127421118,1368186
678,-0.02328643226911713,-1.7639055504479222,0.2703461912442088,0.03095099121770453,0.09474909699542416,-0.007813562505705222,-5.144304919492225,0.5957586204099024,0.061332000520446434,8.628364539170233,5.438311860827116,1369534
679,-0.021867088756238308,-1.2750747751543987,0.27241877167140055,0.013483710776154149,0.132242760965357,-0.01275266879649486,-3.707353255639619,0.6315357973216701,0.05245445595700993,8.939160367322446,3.920495357009969,1370345
680,-0.0363557164084239,-1.2174462831739719,0.4050231828566617,0.020230790593948486,0.060043364863532366,-0.026786104929910678,-4.701947230515842,0.6880228253215841,0.07402411629981094,8.5745111404315,4.8570035218197765,1371529
681,-0.03319974325468385,-1.5362111761764854,0.18968447774539599,0.034537565215999926,0.22328375037846213,-0.017526615370669386,-5.341795427082559,0.6433549390187874,0.06203009137802822,9.901200180848825,5.558302183455815,1374962
682,-0.002799954017214678,-6.8681859199701165,0.24805783708476717,0.014077023667742003,-0.23303898219319896,0.0027585336247186675,-7.891625126303557,0.543776806224818,0.04528743158107699,8.837033950921859,10.461822258353532,1377602
683,-0.02204551819742697,-1.3242353932300863,0.3090545583428156,0.02241134672001962,-0.04130442259989916,-0.008389053609694028,-4.088124699966387,0.6440117465926977,0.0560627988458212,8.736711359344996,4.297250625592892,1379581
684,-0.05422357794489623,-0.9740493524838945,0.08492304391963437,0.08492227892298156,0.12617336792789682,-0.029970052704202343,-5.1070659555824145,0.565370027680605,0.08883538521116877,9.894166447256625,5.199124427799667,1380856
685,-0.004799990869787339,-5.679979820168888,0.24574633227864254,0.021104188992575337,0.031336639523069434,0.0008798649155857934,-9.241546133209203,0.6105133691540993,0.05298045621226403,9.82304465014201,10.847504122597039,1381905
686,-0.0027964432414806445,-8.361118621355688,0.3142193569066078,0.01524416608717672,-0.05499742472437558,-6.046841182809223e-06,-8.965356600109358,0.58648130669068,0.057111975935495794,8.56106820920859,12.259115937436322,1382355
687,0.15120440793960555,-0.08836682710070722,0.24039755981388394,0.24213506109811633,-0.04016887728266028,0.18800081127199306,0.1231214129237863,0.15720374715780555,0.15664970078674142,9.258786364751485,0.15155058050761724,1382656
688,-0.010166825953919994,-2.267919085985514,0.2069837906374409,0.017000456584472832,0.049768766442275944,-0.0014921017062253473,-6.558344106815683,0.6518041670994472,0.05889938918333037,9.7268352584127,6.939404470412527,1382731
689,-0.013808461920473011,-2.359072815594966,0.23398450413807312,0.024649280201102155,-0.005044071561985199,-0.0012749517200109995,-6.595495851181881,0.6660408031497981,0.0560756953389599,9.646827680023842,7.00469771455104,1384694
690,-0.013457252877488526,-2.1801210552545576,0.20686048844308966,0.0199327855268807,0.153696617944308,-0.0016502574192645914,-6.397000689264502,0.6274948961344968,0.0547383340643226,9.964976530078133,6.758294580292779,1384889
691,0.027602397236402863,0.0164331705105586,1.2460470900188154,0.005883482455106941,0.1345423635473308,-8.209425651978849e-10,0.11223591128152116,0.11081260122296008,0.10946773595980683,9.989904444106752,0.11343257413204808,1385009
692,0.054401327011757664,0.22598424175712067,0.025292990387055892,0.025005040107538543,0.052727873153088106,0.018800563005092624,0.17704350077723457,0.13108542959933903,0.13476777422663228,9.30713727446121,0.2870771302106795,1386644
693,-0.014289442619286502,-1.307094744508847,0.160220562444337,0.010081282086381234,-0.007532561441114176,-0.003859098634619894,-4.4792917646006645,0.6727541776095868,0.04372986666665297,9.675216666654954,4.666106662255159,1386734
694,-0.004213299711681782,-3.9704262677388424,0.29585680903080613,0.015309288116348633,-0.08984852342405004,0.005350867909634359,-6.778998256896661,0.6089325830039984,0.045918094485296976,8.33039708617661,7.856150591387525,1387529
695,-0.004061426114915591,-4.53752271042611,0.2501672540004074,0.016688058440364313,-0.10908119180946838,0.003293741255923061,-7.0868879611498805,0.5660128628840533,0.05311542812410965,9.265085422879084,8.415051593515265,1391667
696,-0.02619004844629759,-1.0115316392356204,0.12902994023966946,0.01210461405303818,0.08853007085365705,-0.016740336093679337,-3.4168598923392675,0.564213000380462,0.046150139497363754,9.408504974306132,3.5634432479066382,1394142
697,-0.010779156159842011,-1.9355787036280987,0.126606800181567,0.01267044317566644,0.15115437497855064,-0.0015198516917988604,-5.891410117233381,0.7158034881883788,0.04538607131094499,9.943385115997094,6.201223918500159,1396901
698,-0.026352244763320567,-1.699935097057942,0.42682980851886737,0.024210401608454862,0.07041026611483314,-0.017157894705608513,-3.96451091318587,0.5765583815225825,0.07084357561071329,8.53596293905838,4.313597815626679,1399541
699,-0.023303639494983742,-1.4036473704165402,0.0755242988761127,0.019830659288508478,0.23042359661442613,-0.012745061796358372,-4.814582905166025,0.6457107335718535,0.047644102520784826,10.14671227836156,5.015020886416545,1406936
700,-0.013718487899272522,-1.7407260931412163,0.1698913028232769,0.010315932000614033,0.1742508719498102,-0.005393830431978474,-5.2117306086359445,0.6950078229605113,0.04486298580852802,9.939653970343185,5.494748699288756,1409980
701,-0.020477361841450607,-1.6509485024166854,0.10898219951083483,0.01568286537707877,0.25401383694770285,-0.006544516357489299,-5.32590069424513,0.6859076332449292,0.04570268367026497,10.033527914477599,5.575916889857008,1411944
702,-0.025475517244237814,-1.4994401323151434,0.15605441021278008,0.025095797856753185,0.15932628067556606,-0.012994616827875215,-5.413269826491148,0.56452216727604,0.06324486474331992,9.50719549206497,5.617099867796259,1415138
703,0.017999945515714495,0.08137180649437564,0.03544889313241179,0.03856470471298696,0.005098541543956519,0.07360127762603182,0.13275430746293035,0.06801948868964666,0.06798026159961579,8.80153015682098,0.15570830755653456,1416593
704,0.0020044753569941204,0.10686206644969358,0.05814810258430949,0.05674735617714671,0.1499536888192234,0.014799435975365937,0.26877800035788935,0.11164833843416244,0.11038215740017486,8.450489720927466,0.289242311431582,1417448
705,0.01360030515318636,0.22332982709505145,0.04110760423444295,0.042960628849306876,-0.07012794610787246,0.021199860559120046,0.13570593417450882,0.1325297124449545,0.13202565575409803,9.560332291030418,0.26132797829639615,1417688
706,-0.015599525011127838,0.015717187644001315,0.7134348003022134,0.00024060741262015958,0.03209103925843834,0.0727999502782452,0.10190356728058249,0.5239195534088877,0.03104096841285491,9.985833616339331,0.10310852055938417,1417868
707,-0.016399679865718754,-2.0416878445090694,0.2697600828746861,0.031312178774110674,0.17398336073535864,0.0011749717790851938,-5.593775997146244,0.6135084879295151,0.05800815999105254,8.60090829969643,5.954730821847915,1426340
708,-0.004552436000614747,-3.8902021299939413,0.32310415908438694,0.020203318288903538,-0.08364784661737197,0.005876697589202314,-7.0836447470693455,0.6633591024330971,0.049106670520833395,8.228929781530285,8.08156516492273,1426520
709,-0.00039860853856788316,0.16538901593165986,0.05018184993682217,0.042544430972452654,-0.057104131602414974,0.10840003471569183,0.12115810169135656,0.9998892836678789,8.040657929928781e-05,9.717902309596905,0.2050190532518769,1430749
710,-0.01419175924354113,-1.6193396894492313,0.10868367336324601,0.01670147572509778,0.14218912463185954,-0.001798252618768834,-5.037227395742684,0.6595673355155776,0.045854783669848936,10.013693018980689,5.29111716618014,1431844
711,-0.002724655807097035,-6.876781887895824,0.20958509296928998,0.010846769698540412,0.104253764287007,0.0003643749851547424,-9.191578024178147,0.5465799851667063,0.04906501572588613,10.079252050775494,11.479339515331302,1436943
712,-0.00878724349166654,-4.051974306209051,0.3070325928922594,0.03720634131639357,-0.13874429824363751,0.0020871023801503634,-8.146359356103009,0.656613438792725,0.06135764498551526,9.410695116566139,9.098443083129407,1437648
713,-0.029048420699053064,-1.3648291192632875,0.14632976653150584,0.026874436308693038,0.045286152581973334,-0.013034198705195304,-5.186657957480587,0.6307716374637199,0.053950003829115564,9.717783865709734,5.363224710254614,1437678
714,-0.023578058192394596,-1.5216274916340176,0.30918567391390467,0.01927154104925468,0.11621464126562268,-0.016748501787694357,-4.227417045545084,0.5915331085088591,0.059720048890563975,9.504540935403218,4.492928343548511,1439222
715,-0.008514371099360566,-2.0532557817431605,0.38781005317921,0.010091186680940568,0.024179858842278336,0.0025469690913558878,-4.388365048507796,0.7110115427789186,0.03976522365205116,8.537055853131019,4.8449568733092505,1440527
716,-0.0037483265489815887,-1.194763876983419,0.3432172325095939,1.9176114343388563e-10,0.153866895177106,-0.02232846293945671,0.7649219874795088,0.999999852790597,0.0025062289315921104,9.312960541740136,1.4186494876022238,1441621
717,-0.021502002705921217,-1.25924953411938,0.07733621065911046,0.015573433037622281,0.11488861933590563,-0.009117093039038928,-4.4109764624988586,0.6853809198222928,0.049551930359768695,10.277835283620801,4.58720206028673,1442776
718,-0.004913255489671395,-2.9917904522309167,0.29336271476608744,0.011660609351176243,0.09607491973444619,0.000765994568455007,-5.756349545802967,0.6628681783820639,0.03887310443891508,8.66097857567296,6.487400881980864,1444395
719,-0.003025004283382049,-7.814547303009527,0.24229745269585215,0.014569805526509863,-0.19112410932395063,-0.00012539449302798508,-9.589234043084508,0.5710172361261017,0.05232036246963979,9.72707430654306,12.370147900652778,1447695
720,0.104717567770858,-1.085871084819502,0.001144913372535643,0.0011466096092862816,0.04953906721845783,0.01720002998038783,0.06485402256129748,0.11156567437853965,0.10613217274453095,10.0107390020938,1.087806075129875,1449781
721,-1.1052223936224578e-07,0.3751480429623484,0.05045859459543197,0.05094080584656351,0.062483484203815436,0.017599676838177886,0.6343202514929427,0.11075101262259263,0.11077126447387069,10.04585188421744,0.7369519900187189,1449916
722,0.01799879388152768,-0.05458644305701475,0.10764697278026673,0.11166709720229057,-0.012795415563589535,0.020800663504310004,0.0972273988529423,0.12863754982880957,0.12897577536020027,10.171532506982643,0.11150267644019063,1449931
723,0.004431446551092499,0.26864753226760174,0.12813825998233558,1.6762578619836204e-05,0.16844576001762443,0.0199994307615325,0.22167698239368677,0.12574522678681438,0.10602302151707194,9.643875713323935,0.3482989823652131,1450126
724,0.004398661104602758,0.2574810784184613,0.1465506034197584,1.9511894165197343e-05,0.20462494534329592,0.020398189090109688,0.23599123359671628,0.11219158244626047,0.11182366829457847,9.269022518318128,0.349268332486691,1450261
725,0.04839999920782015,0.27964785062523484,0.03435796901676816,0.023524572592339747,0.12431414735725307,0.07599970426383817,0.2449046053909422,0.0870111305996845,0.08702913846471377,8.957289591535634,0.37172730072057764,1450396
726,0.020946285461463092,0.2275317378849713,0.0428634795133246,0.04284046375967888,0.07746496371136051,0.0011997198228465625,0.13592070588922484,0.17432375189032187,0.13736851423974974,8.64632216931346,0.2650379784755016,1450486
727,0.0028001494708969825,0.1663344499411676,0.09655122573382013,0.04955510183508774,0.07435864700579586,0.015191799080252737,0.161856403764926,0.10061346070515528,0.10050046955233895,8.677057162539745,0.23208757975588773,1450531
728,0.0027999698979589236,0.18663813862683604,0.051436145845276234,0.07961953318884285,0.02698623561241535,0.02040002764343655,0.09964186524435306,0.5042938826547768,0.04635750376023006,8.798296281193926,0.21157101904434805,1450546
729,0.04839954900504191,0.26324341112491456,0.028930546386953776,0.02389015427328096,-0.013590165534114148,0.001998758503996911,0.24065016035363396,0.9882632700433001,0.03744088621218942,8.87145145116635,0.35666453871798154,1450576
730,0.05599987560215154,0.3091588521692539,0.03484865230703649,0.018903853442362138,-0.008995733651829268,0.0195999345159531,0.15972960003131653,0.2407309616633501,0.07271860180031632,9.068076836977925,0.34798382290097185,1450606
731,0.00319949453846785,0.15718337628564868,0.04881493872806803,0.058100225521567524,-0.07257866726002987,0.014799595775750548,0.1939026875476722,0.15668200879823266,0.15752699460543815,9.318382503136819,0.24960942694290617,1450636
732,0.05359622361267469,0.31857896098605387,0.025590055456436587,0.025624378239567588,0.02902153597180035,0.019999967453930064,0.24289074166572935,0.11740181665880511,0.11371610625873221,9.818109384504199,0.40061011815714503,1450681
733,0.052799829746813416,0.20875831719773252,0.030200878082841068,0.06497476440162848,0.15826350237914505,0.012799872879853291,0.1731272841381021,0.07313778986929058,0.07254873749879544,10.112358109058935,0.2712067320555746,1450996
734,0.02800169553710526,0.22203220159302242,0.04909520811357128,0.04913466173885059,0.09056232310108824,0.012413160803078608,0.2891745620811194,0.12497405114301695,0.12478110189780563,9.534153288463065,0.36458226218379264,1451221
735,0.026400041033639358,0.07812977189682682,0.04902320862134242,0.09560227953172785,0.14517796550192646,0.3198010149519747,-0.05533176371018274,0.9999999999524655,0.19999999994375467,9.345342571811726,0.09573852584999251,1451281
736,-0.007921351760018215,0.10190988825891036,0.749902494960648,0.0032072887619831723,0.05241246900317987,0.04159981309736771,0.5262907793618641,0.07384551047225976,0.06802114188941273,10.147346412367245,0.5360667959930571,1451836
737,-0.010100590870200918,-1.8527961405101958,0.16085145532652728,0.009053029374550598,0.19862888652261781,-0.004614741148604315,-5.016831081716367,0.6512418567863246,0.04231131215628087,9.875369088657656,5.348032127873288,1452046
738,-0.05675898485957961,-0.9850962495161215,0.31842464050031494,0.020397919335099268,0.08577926331047772,-0.045178448783622815,-4.793518288596477,0.6548625464724079,0.08084078976780745,8.929348387470863,4.893693104795153,1453591
739,-0.006787260075125294,-3.975852686813969,0.22603244675188885,0.028141021237598807,0.0043759393728700375,0.003108639927462635,-8.449830739410682,0.5992415011794927,0.05659018183074303,9.88262576464975,9.338471187080652,1454760
740,-0.0047463992654271136,-5.046822614813751,0.32372706662472434,0.024648777660790475,-0.01637948098117503,0.0026011909155777297,-8.24968019660303,0.6573843870410746,0.055420033932784045,9.131161587699703,9.670969023402966,1455270
741,-0.008141641055658818,-3.8175351869472736,0.35888269440357984,0.023581174278930372,-0.002025019092028373,0.00416611113174498,-7.231710557293751,0.677248843704426,0.05645067196798575,8.505087401068208,8.177482038381648,1455555
742,-0.0031372075336579654,-4.1241968917723195,0.15813406968513213,0.012322996343646772,0.09973864706907817,0.0018968145503389228,-7.331477525953777,0.5173086714714659,0.04749426139406561,10.048813463483867,8.411870345866594,1455900
743,-0.007835343630890099,-2.301245819161994,0.17633106386320105,0.01075971604055491,0.17351180998508325,-0.00024399520170493135,-6.669249110063912,0.7035693214081804,0.044337069110443335,9.840487503726068,7.055112756880562,1455975
744,-0.09686669115713446,-1.0795171509197405,0.18085418229106065,0.05152595410055297,0.15902516407962117,-0.07574772733406519,-4.6927856083828425,0.591015646529734,0.065916168398469,8.791362274629563,4.815349836239834,1458360
745,-0.011200191622937766,-2.4410328378577226,0.2836883863714307,0.026177725279786006,0.09611462683831562,0.002348887868370199,-6.594964505019243,0.6749550074759454,0.05772614932294902,9.150595979066448,7.032225688781856,1459261
746,-0.020686907994049725,-1.5143242750343446,0.2283160270541789,0.016091692427999384,0.21412153134741335,-0.01014061262506916,-5.507443975879926,0.6705854731389439,0.06392977154914323,9.61438243936741,5.711840085070167,1463145
747,-0.06287087268686095,-0.9735584858698996,0.24667973152694456,0.022914155254163144,0.18141901775818567,-0.047400093844695894,-4.38201634181051,0.6857363221638487,0.0690935557018548,9.196937663223615,4.4888621437179,1471287
748,-0.008339231489987062,-3.1202298254468617,0.25628801782427585,0.027935484073940753,-0.054870305743493275,0.004172596876690225,-6.707524498215847,0.6228361444253819,0.054283706989318795,8.86018431958538,7.397750945914163,1474586
749,-0.007252723955039202,-3.659737273891626,0.31269359535765295,0.018546211873596057,0.07781206422894084,0.00316781246232986,-7.203004518687565,0.6341653520938592,0.04844739085359798,8.822365003182737,8.07941526412309,1475442
750,-0.01979067081377456,-1.5095313291464059,0.28127198639305645,0.014612838898191708,0.10753390892575648,-0.010953378825064123,-3.889009362228326,0.6219279912302674,0.047661538132601204,8.814637843319653,4.171699731904741,1476491
751,-0.01349431442136337,-2.769453505587035,0.29901425298828316,0.0322562637316715,0.022152686955982295,0.0009846682861290239,-6.588301547771681,0.6313789285285346,0.056165381461887966,8.829619658142017,7.146718827824349,1476551
752,-0.0410296233377141,-0.9320742609419825,0.09052288896727687,0.027893284350607978,0.10437933207513575,-0.025766348000979156,-5.054127817988779,0.6299317709303107,0.0638594519840118,9.78197459158936,5.1393550595846715,1477706
753,-0.008184393784124392,-2.1041522172842564,0.2663339354348185,0.00837184914613859,-0.039916984626835406,-0.00017057721571823168,-5.005434146433521,0.6002245588311911,0.03870129891524839,8.810036986843388,5.429717078060782,1480510
754,-0.004497837025771098,-3.861737888553527,0.27230568006597566,0.02022922770141847,0.05068064648141798,0.0033260484893651624,-6.612387354040234,0.5541923552327725,0.05270158628376216,9.090188463912773,7.657459502978847,1492344
755,-0.010906741588668778,-3.522795771758272,0.20286319075751383,0.028738368810362017,0.17063713857123758,0.00026545065994205643,-8.314937376777435,0.5862019317862401,0.05454114551704886,10.017000907754767,9.030408275889211,1493004
756,-0.027384141020566972,-1.8186352573676474,0.38589232853016303,0.04399398771182108,0.07376891299555917,-0.015562643605026634,-5.2705356247877795,0.6121945447950583,0.08061927206779056,9.006078499127874,5.5754802458171975,1495433
757,0.07239924561921986,-0.07427260941786394,0.13411590650858765,0.14576369472711428,0.08361754057842746,0.0888009740913528,0.10913546646176002,0.9995908680629434,0.03089971419575345,10.326457643440648,0.1320112516021438,1495927
758,-0.010700388113653723,-2.2710658178092644,0.1361231786100301,0.013004561731141442,0.23211844064399403,-0.002624656075393341,-6.523855293031279,0.6309115244324445,0.052488191038902766,10.236973027881856,6.907852620983883,1496032
759,-0.04395432072002535,-1.1518282609672075,0.43683256606602455,0.028247037876761784,0.014685405943354591,-0.029912228306055423,-3.1568391659359385,0.6006565079342956,0.07089436616856329,8.927014914977477,3.3604079904603625,1496572
760,-0.008537864208834494,-2.5936971404177833,0.12952373599687006,0.0107471175204153,0.1644082202529796,-0.0008267763066780296,-5.8481327940877454,0.6507254213165979,0.03449223799945024,10.016620295585474,6.397493418011146,1497127
761,-0.0073069499858301095,-2.8458650829769705,0.3223125965228313,0.0187231905946763,-0.054229948577222964,0.002112034323855567,-6.872514922718659,0.6656072221286042,0.06031684104331345,9.178026174611768,7.438441330917262,1497622
762,-0.0037510249631300847,-8.240217029428562,0.2614002332702982,0.020184508434333677,0.0030171550448186064,-0.00035071865839059625,-9.857705529959201,0.5815199637153333,0.05552419432129797,9.595265177524265,12.84817243842379,1498252
763,-0.004878712928830292,-2.914544636256478,0.1368498109607972,0.01067371058203157,0.20963439337245374,0.0022437491802374445,-6.694416672427384,0.6103280486700653,0.03801413361138387,10.042224009018312,7.301355012653826,1506096
764,-0.002625033269834357,-7.831416684788558,0.24142261330415596,0.014844410647579371,-0.04945739026352561,0.0016198830646370873,-8.627485862815577,0.5610958880082857,0.0447767979326986,9.028663280381902,11.651806709856942,1509394
765,-0.05477147916743109,-1.0777244312318623,0.2923512069421919,0.02530438389800008,0.061996305241816776,-0.03438640739120698,-3.406690989274611,0.6380062822972493,0.054929094689705076,8.839414157585399,3.573098577716387,1514598
766,-0.02824231247349083,-1.419297745889728,0.18497524557078643,0.028205416860437697,0.12508014513379553,-0.011466030267668317,-5.5024422379983555,0.6794217652574219,0.05820393773684851,9.512438944840081,5.682541392193815,1515288
767,-0.015936196497483728,-1.5416033767315214,0.08307443624364029,0.020513203051829357,0.15316479939211425,-0.002454931519980762,-5.479752453819919,0.6529086130074699,0.0485579975232106,10.256498125613653,5.6924711616569,1517027
768,-0.013383715134627857,-3.3299914216171604,0.3616808723451117,0.030997690246104586,0.09663322824957712,-0.00524337012542377,-6.790283627030176,0.597338617199528,0.07334091304634832,9.15622658711542,7.562856246389849,1517433
769,-0.05872868509865694,-1.3185187448925344,0.06580259381877317,0.06579862915677137,0.2664707067363756,-0.0398423789279759,-5.649680112284232,0.572837938831129,0.056881964596952085,9.719872732539294,5.801497828300287,1520162
770,-0.004430788399082214,-2.7343691248244095,0.11378482480499584,0.012903931924228715,-0.11263660212420581,0.002320467065133591,-4.110436700659697,0.43420439205559586,0.03736915311609915,9.58386940357359,4.936847615728399,1520701
771,-0.008145432383896978,-2.900859469914204,0.30936503769694024,0.013391328807098925,0.0806461793960083,-0.0010820059331317195,-6.582176435293186,0.7293449413800768,0.04644878395437581,9.377398614149245,7.193054447835066,1526338
772,-0.046533537506252345,-1.1672604533888888,0.11368403789866612,0.045148732199771044,0.04972858928116817,-0.02179798260311152,-5.369325172459055,0.5714013953664576,0.0583168403777742,9.81842139969711,5.49473837171963,1526713
773,-0.009554677806520322,-3.0712032152335973,0.20113476958887644,0.019789788722928442,0.13538773619939168,0.00031099227132908713,-6.312322152274343,0.5490423833181826,0.053072440392731283,10.012691783121696,7.019807699884277,1527148
774,-0.0054976920197426175,-2.1318840289621788,0.1506116431348101,0.010941524361243583,-0.09832778274065893,0.0023431643270496578,-5.0911360710612215,0.6072941948579879,0.03578592823367167,9.552569829899763,5.51947425095948,1527702
775,-0.022476192994325798,-1.2177293352148189,0.14555766221714117,0.010795849008997695,0.1525931142450128,-0.012958956782204734,-3.4750873352544134,0.6575575999866151,0.04913781306871962,9.557760051803845,3.682267877475557,1528256
776,-0.011583090977534417,-2.8117270512457373,0.19112341554145615,0.023470512480547177,0.03282179956442279,-0.0012161623931374026,-7.714609580736081,0.6176615896671666,0.053518931229466445,10.194294850727104,8.21102977670231,1534853
777,-0.05077819973919941,-1.114344108020065,0.24636979856836788,0.023520841955929066,0.08302941252486229,-0.03835899222761381,-4.322558940971069,0.6543523893215852,0.05907213885873323,9.351067598761947,4.463886041247912,1535363
778,-0.006119693178583505,-2.635378308847415,0.13509081968324943,0.01261778712479982,0.11405671787412772,0.0029678346954138787,-6.784840453008106,0.6819835263193327,0.04465227899845413,10.16616561622529,7.278686612536544,1536802
779,-0.013975404866537318,-1.9838905696656852,0.2630934849582098,0.015783371972880683,0.17476140047510538,-0.00629868528301252,-5.747837546220058,0.6631551214671118,0.0605646246913286,9.257982490217795,6.08058042049815,1538391
780,-0.05720099196671363,-1.3117144443981432,0.3945078977186278,0.04568078006647302,0.09553228398888475,-0.042243238008944105,-4.57639358941444,0.5726612668882054,0.0949057778155779,8.70063909677347,4.760669392940064,1541600
781,-0.019431334008217577,-1.6150211117503295,0.15105612670975088,0.018245047608517643,0.21449171337077516,-0.0075521728646331075,-5.891330367956503,0.6662272885625767,0.059190775509148426,9.84885279906066,6.108687804742174,1549202
782,-0.008608497049309044,-2.3620774532380557,0.3338525501485358,0.013098513153923842,0.03617933255350335,-0.0006950817538475583,-5.338466607159574,0.7279895418671221,0.04734343038834623,8.995462115127054,5.837690948556066,1552547
783,-0.007028132058373099,-2.6862631301078572,0.324008897933335,0.012735492480643472,-0.037814952216397926,0.0014820220557146678,-5.852944805958492,0.7032959819897673,0.043252671566204125,8.754205131290444,6.439951281319863,1553567
784,-0.0037676137886161797,-6.50611254786761,0.1867232360543358,0.015215340530385184,0.09109939760019485,-0.00041965638844464187,-9.408648097619555,0.5727321608075268,0.050432249008016856,10.365812165234892,11.439062877279783,1554002
785,-0.008712882819235587,-2.0314570304244763,0.3389871971307075,0.014913729883097616,0.0414982683280477,0.0021510245948129633,-5.137051455814982,0.6872656729018433,0.04664255107040442,8.92718296758461,5.524139328995229,1557495
786,-0.011169325217582673,-1.8505776483809946,0.1413447561298555,0.01294115942061513,0.18424249900192063,-0.0018199347603457664,-5.11600838744107,0.6576706620703989,0.04188861259732345,9.898841122388294,5.440420889329677,1558230
787,-0.05181815638549962,-1.2811190037405715,0.18795531418687528,0.039583896802250135,0.22226453901079982,-0.03596797044114451,-5.19831714659854,0.6064479194492878,0.061181234925672706,9.066288772352616,5.353855345297034,1558410
788,-0.010742790082993703,-3.0026598335928747,0.23571517548652787,0.02382641750608088,0.09535314513756399,0.0006845253175141433,-7.471362203657712,0.6535916141430611,0.05311960483023174,9.451715809743886,8.05215618666932,1559295
789,-0.015803841840811243,-2.22590077960818,0.24586940968150503,0.01954763184660706,0.17107212221396176,-0.005388700774486909,-6.81915973652791,0.6726459701224452,0.05784985054895279,9.660655370239757,7.173254058859458,1563224
790,-0.011176055146466803,-2.934622959251289,0.3733536537528171,0.022896471182818,0.10490722296549959,-4.85234516531023e-05,-6.7523841459770635,0.6991710959270826,0.05882356252289848,8.708096738049965,7.362520191334432,1563554
791,-0.027117200479511213,-1.2186032581946942,0.045342531140395034,0.025583133042955536,0.2642731177239237,-0.016954864709103415,-5.181287718705192,0.6624599903444588,0.05666984711294112,10.319506081051061,5.322662522167639,1563914
792,-0.022674983929773598,-2.002008736923293,0.190753059433874,0.045389960651936505,0.18004108042992664,-0.005839594207867353,-7.298340098534805,0.619942553204313,0.06454746607462322,10.181165788675095,7.5679460342022935,1577936
793,-0.01065081978270322,-1.878755624117063,0.1148669871680868,0.012405117251420546,0.1505753784317024,-0.0017426107351657127,-5.595404081733133,0.6982320745304619,0.04320995285029284,10.136165797890872,5.902395236937909,1580155
794,-0.028238056405956936,-1.4839378161304926,0.16886928176670768,0.028244519144654194,0.19243040365341182,-0.013130640188877583,-6.021013567933006,0.6403932079785296,0.06085623462534683,9.746811446605019,6.2011834215233055,1583213
795,-0.006315108661839124,-3.837531295698147,0.18822953792587332,0.022093052795303155,0.025109137373332695,0.003715755195675018,-7.6521841351077216,0.59243687641001,0.04771599187247746,10.049491989618067,8.56052384396288,1583858
796,-0.012308947170189585,-1.9363807250905014,0.141621647328944,0.0156381072614317,0.21592213495979232,-0.003343501873458093,-6.788340688524616,0.651283471435754,0.05833645865216473,10.108612078199016,7.059117481383978,1584023
797,-0.010125650927951467,-2.3119642711796864,0.17027818703002717,0.01757295378385484,0.07181358805414301,-0.0015215458855951378,-5.78245569564186,0.5536561165458151,0.0487341001118014,10.234319987608483,6.227517375589763,1586872
798,-0.01168847695111076,-2.4187104234641046,0.2818395403284993,0.02419874378840242,0.0003401864044744301,0.00035095550193561613,-6.055672494627216,0.6463531924484408,0.059469656515206484,8.897947049472156,6.520838096039382,1587472
799,-0.028571403352419512,-0.9885654469857353,0.17637512849199738,0.01656780402810318,-0.06791228390825062,-0.015102523279200282,-3.2931349078293315,0.5737036761875028,0.04944532146775508,9.40230860931035,3.4383134185437787,1588716
800,0.0,0.0,0.0,0.0,0.0,0.022764258184359693,0.18466943041917488,0.1068011841003769,3.1997883056028906e-05,10.118778167753005,0.18466943041917488,1590920
801,-0.010364053083347292,-1.915950686539323,0.1018763038200129,0.013444538866387159,0.2186108858584239,-0.0003206041029046121,-5.777667333904204,0.7218197301734636,0.04042572848638142,10.013457970927897,6.087060608743289,1590950
802,0.0027997054424980686,0.1974756369094468,0.04063570535625446,0.04868464028122227,0.10845655089646958,0.020000163306462697,0.22466625038799082,0.27145807953916307,0.11667905389906019,9.592183397985657,0.29911795538915925,1591220
803,0.02400000056903315,0.1175041804888344,1.9510596275482734,4.1378605697194145e-05,0.10533263784757288,0.02159999899601817,0.3887843870376167,0.18735986162921806,0.00018158021018088285,9.107436391558982,0.40615333562161954,1591370
804,0.03159984283960519,0.14784217154357154,0.038695023588131344,0.051241053103032425,0.11252963403616344,0.020400692295183973,0.05812373302821905,0.08899373734583085,0.08112521011989114,9.016494296503993,0.15885740784695726,1591430
805,0.039599976492038357,0.19004269046339534,0.043068798278786055,0.018686439357248896,0.11586295315773375,0.013999133410561278,0.18826159667582418,0.3051732243218292,0.0660393344697791,8.731231274141237,0.26750449151649136,1591460
806,0.003600000973820811,0.15120683645659347,0.0834946784417733,0.0001958198030400133,0.1381158245201983,0.03239995737852173,0.13084135813722494,0.09140257610406517,0.09106739803434807,8.605196792847668,0.199957416442613,1591490
807,0.015265828812341632,0.18543139621475235,0.09054852303357645,1.538736831396921e-05,0.07565746372804145,0.022138024521018068,3.1578558651165456,0.0008335406710221044,0.0008332075082106154,8.725091778085403,3.163295507465769,1591520
808,0.04000018778913982,0.23600779457739646,0.026959568352673765,0.06682843818285475,0.010792027681384354,0.2884144399404977,-0.06191437267888301,0.11461711102578014,0.11407443724937878,8.597089722694376,0.24399399305209582,1591535
809,-0.017601224204376417,0.09709743039346921,0.3799706138937943,0.03962789376372585,0.01602184265886692,0.015122957726383201,0.19870252434231478,0.0832166919398828,0.08328652304914895,8.507128131431998,0.2211574194301941,1591565
810,-0.005192333795582893,0.17352279261350984,0.0815884655789456,1.6198166239698846e-05,-0.03248487460856148,-0.017199792382457113,0.09863163478646518,0.11479737004923415,0.11470483964730246,8.76474051196301,0.19959548826825166,1591655
811,0.05039807062963926,-0.06907212640014564,0.35313831392558,0.30288151380976275,-0.037659994832258126,-0.0012000206301031133,0.062122992520687516,0.4919523758043704,0.10485354882807214,8.975009460749787,0.09289900346700762,1591670
812,7.503528160747196e-07,0.16244033822920198,0.04477299827740966,0.04553347861194498,0.0845506363988767,0.07360034891722328,0.21339948371978892,0.07357395447189571,0.07455521970076769,10.111423631213878,0.2681906097086362,1591939
813,0.057913597658443755,0.6429449502630238,0.03115346338090695,0.00017824054038772174,0.07705750966876061,0.0015992923716401535,0.21839312905862981,0.3896737396521622,0.05286263060432321,9.99485481244611,0.6790241290916998,1592014
814,0.04400000537554456,0.28345226243000804,0.010812260587422405,0.05160011776517807,0.18399540109378962,-0.05528331319732227,-0.04244152250564692,0.9999999999999964,0.006116666035344056,9.660180385540336,0.28661205122828926,1592254
815,0.002799863728755862,0.15538592289974607,0.03831082715006121,0.05226739272275263,0.11208688921813866,0.02039941285712687,0.17519846810861586,0.10825822746720766,0.10633315468860088,9.153809699352905,0.23417789875009878,1592374
816,0.020400350347767285,0.2290627218916035,0.049179196620388256,0.035009889014593204,0.04775288243890094,0.020399639247055446,0.06950455834071285,0.10382545810586465,0.10238280631994233,8.690324639008281,0.23937546697714795,1592599
817,0.014029195532182662,0.21147646206621773,0.0619740246019913,1.579844939104358e-05,0.04846918052064418,0.03559992777364848,0.2855950354261085,0.08178487947580633,0.0817427751347933,10.155583462235501,0.35536856679802814,1592884
818,-0.00561199286532225,0.23454714121145892,0.12999963932437394,2.922754290685946e-05,0.14249580156610406,0.015966449057779643,0.2897873811647618,0.10350955595917877,0.10350215344951574,9.933022007354129,0.37281240286878736,1593139
819,0.019999932022384703,0.1445674391762058,0.03718849140620966,0.04683553292952062,0.12741688717151298,0.018800124990781278,0.27783226964185226,0.3074424010352889,0.030067277063424075,9.7258272802991,0.31319405250468735,1593199
820,-0.01096045660082034,-1.8699520440685486,0.22656776627445818,0.00936483496835657,0.06815093775353555,0.0009633695357381489,-4.597537917566253,0.6083524636245534,0.0386535216374412,9.273191414222833,4.963272665346483,1593394
821,0.030800033711594125,0.18883829800365287,0.06363569952014055,0.06445158263129706,0.13786375985331648,0.006899123877378789,0.38811052954773334,0.19269341753483238,6.419436749031003e-06,8.851956983568499,0.43161288898588096,1593513
822,0.040400532301269027,0.31255120769230943,0.03328020106727656,0.017270756396114445,0.04511082497597364,0.058399634131651494,0.3213730815965359,0.07816126549343351,0.07980058309226847,8.755074864850611,0.4482955665682796,1593573
823,0.03439997938034835,0.35270761213185897,0.04698484789637244,0.02340857603106371,0.17445027651285,0.0007991561230761698,0.19428857229928911,0.06055408008224427,0.06057394279254718,9.148955865136422,0.4026794121653775,1594458
824,-0.034712364668072274,-1.1888083449260243,0.2948896712900899,0.016606450156824867,0.07684408975965204,-0.02308505867682966,-3.243111403067411,0.623850870566357,0.05302200764205146,8.894260513059784,3.4541332999280185,1594563
825,0.018809469300458327,0.3265040128605755,0.08458714840048935,5.202044634264474e-06,0.14662738325201,0.03296397965641546,0.4099668889433374,0.07710530407688675,0.0771245676328614,9.626744008069297,0.5240970525045314,1595313
826,-0.02194313075112353,-1.8399877364505268,0.27613901726210416,0.03218586033153105,-0.023719243120262364,-0.007164461924490518,-5.963719091887116,0.6371149149732372,0.06247703982226744,8.906130721162093,6.241113704878899,1596648
827,0.0,0.0,0.0,0.0,0.0,0.03160115870434496,0.481429479031598,0.08219799399236433,0.08206559063468166,9.842164091040374,0.481429479031598,1597113
828,0.003627839700603941,0.3283710301167299,0.10357088890095621,2.8598687152192443e-05,0.1252803107965657,0.05843710022108735,0.4465292285252001,0.07198547510569518,0.07194942443953962,10.31994413181862,0.554270588564135,1600038
829,-0.011019611195842112,-2.073860876060196,0.34934961480778304,0.014344659916568933,0.05481965960301217,-0.0031385659089626667,-4.7533290885469714,0.7004696419006307,0.0511586758327705,9.021687155136256,5.1860424561779235,1600488
830,-0.017484731197670775,-2.056635363810796,0.34700577719000736,0.024945027604216255,0.10676759032508695,-0.006169423660832527,-5.520980875723122,0.6361659322997791,0.0663908140449904,8.947478180090608,5.891602400856462,1602482
831,-0.002326731102965055,-7.226568013125473,0.27378874854268953,0.013483423369262811,-0.129148903049979,0.0005713734432875673,-7.9958629323873165,0.5563201349991967,0.051839791353500926,8.685405699515917,10.777620761645574,1603591
832,0.013598532219802385,0.2379034660141424,0.043276697792925437,0.04608250675393434,0.02577581899096575,0.0320000966385564,0.5337482292268695,0.08366803911752324,0.0835397696885577,10.132357360361068,0.5843673770363649,1603846
833,-0.00897870115949582,-2.938310918730323,0.35863402182532816,0.021041188409908,0.13192437811039948,-0.0009096422101089692,-7.063101417894485,0.7230891550768189,0.0592739357257005,9.117415472853097,7.649906711496089,1605406
834,0.004763355451057956,0.27744564589870174,0.08206736587403175,2.4842982967807086e-05,0.007254029086056172,0.044800195949606415,0.42421509734980856,0.08767282269498698,0.0876925614689299,9.973943931380425,0.5068871030591086,1608810
835,-0.03067602946481987,-1.3021314182424533,0.23394831784647954,0.021339978032833027,0.11404398567577603,-0.021523677180013807,-4.798952557710738,0.6350263177545996,0.06437959516083105,9.097123481809827,4.972473416875402,1610401
836,-0.02272309328315482,-1.6280558905659894,0.16061104555758432,0.027929189664749787,0.2903827446706505,-0.0042799847751954605,-6.671727080690143,0.6650459362811522,0.0600730061898351,10.165325761687589,6.867496503240525,1613956
837,0.003549975449656598,0.33703817913718054,0.06276139633971163,0.06277924544615611,0.07982247403683194,0.02040000429670815,0.3533409355152047,0.08995458432820146,0.09077844640599696,10.064348358179528,0.4883078444043944,1615111
838,-0.015836048816795352,-2.054277280408519,0.35080747230387754,0.02258527339722532,0.06993529526725353,-0.0028468468516616085,-5.576393493043163,0.6660847163608444,0.06008474943328118,8.717611655798237,5.942745117709218,1616565
839,0.003200506228537305,0.28829653663450355,0.044034487763915366,0.0524794478185005,0.0714439502808476,0.04560015659753303,0.47425819097370125,0.08283080483625913,0.08307856224691207,10.109461801408349,0.5550096618448164,1623044
840,-0.024010906142756243,-1.4995615600216237,0.2581295510154033,0.016860466330803223,0.12760510926663776,-0.01621631161583533,-4.18747742867228,0.594495187063547,0.06050218980623838,9.646338435421686,4.447881752917258,1623194
841,-0.01973238716040101,-1.3885545946749185,0.2745583449086056,0.016481232006484988,0.11013089687724639,-0.0061182132861068534,-4.002432013987838,0.5795892959755761,0.05139468855909034,8.940204163795528,4.2364544006737015,1623389
842,-0.0056560660720599495,-3.034094696310463,0.1495797718236933,0.012775057055741161,0.029191539046111627,0.004386232099999707,-6.984521784034251,0.5849057434639195,0.04056313996030584,9.913641770946438,7.615068954239894,1625820
843,-0.008097252066027422,-2.7532602909189694,0.15923733126320877,0.016119454359373116,0.04693552575877018,0.0019050270639626179,-7.560531113970867,0.6669532215574833,0.04710188094997038,10.187140365817084,8.046245892021494,1627859
844,-0.0055236953399124995,-3.187061846170228,0.21103098626350753,0.01199191277409124,0.06337070726532675,0.003887742708938419,-7.0176150353871005,0.6325942851543714,0.04348079702021044,9.540631420335071,7.707417466065081,1628264
845,-0.014303435637727577,-2.074886754663544,0.33509161930942627,0.016600466850431282,0.12903149195430832,-0.003155583509330998,-5.764336893573286,0.6761171679549922,0.05806080658911202,8.943584202223308,6.126396564644533,1628415
846,-0.019199992231522557,-1.8236456377957064,0.35469191126823096,0.03042208851176636,0.09812705754306666,-0.0025257797825729315,-5.1222162918961835,0.6600845237244118,0.05519115037540203,8.654985208015065,5.437166831468205,1628535
847,-0.019006649286682765,-1.4284876803614208,0.10452180117692568,0.018730233831538188,0.0825520844149967,-0.006767487221052768,-5.964070372158126,0.6586929236884737,0.060333835846755314,10.001749939070713,6.132757329048551,1628789
848,-0.006000082079707967,-3.952642313823881,0.2523347629915971,0.02002169326228797,0.07886921861278177,0.004208463646111331,-7.777862525161098,0.6481521553069571,0.049842261630055694,9.41267078017693,8.724593212370213,1629314
849,-0.014349077098786309,-1.9307253959484239,0.25318520326142957,0.0267367324638596,-0.02709837837289158,-0.0033038477524635033,-5.771849465373331,0.6916620931011629,0.05828778221691815,9.245813911890757,6.086209559774508,1629674
850,-0.006418667505896554,-2.908389150322825,0.12598278405589777,0.01205353257835081,0.14615587526628518,0.0015429343233999409,-7.011141643660054,0.6736388935632385,0.03749399596764064,10.295854019788697,7.590443636387779,1630888
851,0.028403283952005615,0.17029877766754134,0.17866793439070525,2.5107991325130296e-05,0.0570652571821972,-0.040557669470782313,0.20237771742689203,0.07563067009347857,0.0756521712780915,8.724685729744277,0.26449652962936515,1631472
852,0.0016610672063903844,0.12014644811841027,0.16437403940623344,1.6998799153225253e-05,0.08845696653151879,0.00039992742190497304,0.13833097531876123,0.09885041892838402,0.08780157842551277,8.583007284884019,0.1832228908409361,1631577
853,0.06280089684514138,0.04709163521500358,0.126732594823176,0.07928005646362088,-0.046820306932076644,0.043199882590970136,0.08952569489379116,0.011601813641364695,0.07869583448965621,9.788740107773293,0.10115568275405563,1631772
854,0.0,0.0,0.0,0.0,0.0,0.009999960467514063,-0.09915310949965837,0.10708470066214668,0.005878151008116189,10.161896555018325,0.09915310949965837,1631892
855,0.029999836887468857,0.6247508676190401,0.036604696143228865,0.03927218901472082,0.0864362474912811,0.04439991996933554,0.8402690992247855,0.08549919150242022,0.08384247333667541,10.147296960852833,1.0470748806569548,1631937
856,-0.0003998698653149273,0.19093861787546584,0.06953064327039903,0.0593843254125175,0.08052528898352025,0.04359379702643551,0.2623234390265091,0.13607758208790527,0.0693748903620031,10.10315438469913,0.32445514706795425,1632972
857,-0.01301867460086166,-1.8741523513396074,0.2157598166070967,0.01641510594786435,0.13985416945729098,-0.004037269924922754,-5.380562585564428,0.5641608097753341,0.05614102918457725,10.258438290420845,5.697622378958397,1633932
858,-0.002804311778134556,-7.960161809357904,0.2561746242852178,0.013764272945249607,-0.07210402630201343,0.0004905295933317219,-8.972655821983594,0.5791769905647743,0.04695369304767998,9.382238936480968,11.994695849871983,1636316
859,-0.07036801987844797,-1.0259764046658295,0.46202496131778187,0.02801817873192158,0.08678905564380741,-0.05994185848610347,-3.0105691861208848,0.5636587610384822,0.07573160701316761,8.699553840803746,3.180590260840209,1636495
860,-0.013771566630404242,-1.9894993396077751,0.26798395715836104,0.013286614984758874,0.021188135434050032,-0.00538490031925463,-5.07997264203135,0.7263671805313048,0.04215443332294582,9.241387350450568,5.455660332726621,1639329
861,-0.005352385364653045,-2.375815818577924,0.14854421317115374,0.010202367823515492,-0.0853228978419391,0.0020394324088181576,-5.931550698896484,0.7961458400044681,0.0382618624280335,9.98380467934133,6.389663097330286,1639763
862,-0.04657610726774052,-0.8851179551794772,0.18936513817346898,0.015341527431453776,-0.11247101767750614,-0.033131652912023045,-3.287693180413421,0.5299046171281128,0.05457409965579309,9.173575128359317,3.404755533532182,1642672
863,-0.0021459431319672934,-6.431364079632881,0.27822204248740395,0.014251567912684187,-0.1429273551818637,0.0024591531368985567,-7.513463796647579,0.5906455062231764,0.048239848603668874,8.584088476227318,9.890125486985792,1643601
864,-0.012932753882625575,-1.8410399461430578,0.15877353723248766,0.01690622705034646,0.09661691988857454,-0.0037132894086254016,-6.2186632321817505,0.621332037976037,0.052060623958886075,9.966696348065485,6.4854606990239025,1643826
865,-0.025028583380303365,-1.770692102402124,0.4300545693262499,0.026760758809343456,0.11478777598695772,-0.013359616648462594,-4.091071407246745,0.6141789806760685,0.067138671838051,8.545857850802156,4.457826351564304,1645521
866,-0.04237509833871297,-1.079576541952636,0.1519089640985565,0.014453285468420424,0.09987390174393425,-0.028182308281686653,-3.7656941191443045,0.5672745835591537,0.04458424579739527,9.440809119994464,3.917389144429286,1646181
867,-0.0020919744643092316,-8.324761429857775,0.2920333804709349,0.0125260716648263,-0.0477974769888636,-0.00010955107366222454,-8.458796420874888,0.6160482074847268,0.04660530133910399,8.535244759350938,11.868146011650408,1646511
868,-0.0042958105224204955,-2.5744842142375237,0.2647716300595719,0.00878189625180931,-0.12150356500678848,0.002304590500421679,-5.46608028829328,0.7168599453511283,0.03542096146938692,8.822043416033202,6.042019752320125,1646631
869,-0.015046869890789986,-1.8280828364991581,0.3669727687787703,0.027424919275044944,-0.004048024028902588,-0.0020548131220558524,-5.449357774250068,0.672900825011195,0.06850548909163728,8.743527085826708,5.74781584681368,1653604
870,-0.006697571493870972,-2.608328621737354,0.2954963835907367,0.010848765336454238,0.07801306675328999,0.002623382178247147,-5.59465040695579,0.676558334775669,0.04277362887804536,8.788734373064859,6.172802554352834,1655343
871,-0.011516658038719941,-2.4156974028606797,0.2833323554579955,0.02199325163977181,-0.022259217304841945,-0.0022900260519096447,-6.5323553470593625,0.5706363553474895,0.06963984773923647,9.604502762462142,6.964715379858884,1660725
872,-0.006998036243432599,-2.3077492482518065,0.18379186609624162,0.009336954478928355,-0.13702671777832082,-0.00022399654667405586,-5.474144841354635,0.6714445091187855,0.03609917869954876,9.312771158058363,5.940704363704386,1662675
873,-0.01866990408797625,-1.631414509776377,0.17302727526518388,0.021514580561266216,-0.029304001257095334,-0.007528013087896662,-5.407305175636466,0.6445994969062143,0.05893368917886458,9.59190310482642,5.648049447833634,1664700
874,0.0,0.0,0.0,0.0,0.0,0.0463999875250225,1.4276801821347507,0.07300952202075336,0.07305349515507681,9.160347809669302,1.4276801821347507,1666665
875,-0.006488137222512857,-2.4317175275639276,0.2837136551527078,0.015291043926717977,-0.18035793115781443,0.003080460775290979,-5.79704892627409,0.71889647035219,0.04655114855685577,8.9078754852324,6.286416020872084,1667626
876,-0.003920485134548756,-3.7820024328466,0.3289842015487749,0.011769531073335827,-0.0083955416644199,0.0033965000502390705,-6.429399686695625,0.6924024420932814,0.04562249688853475,8.465257458526628,7.45927092505289,1668510
877,-0.020375953863542073,-1.8366720659907356,0.32755885364568,0.022073828434795457,0.06463889712459227,-0.005857687865107047,-4.458366165205519,0.6573423891780915,0.05597007935304145,8.468111147636026,4.821866147150919,1669499
878,-0.004146871569281246,-5.053130897453546,0.24107179141445506,0.015602294544110513,0.07471759806087969,0.00036150678886424226,-8.127779375752336,0.565961536259435,0.05371763186802062,9.737392172042204,9.570523990237144,1671088
879,-0.024225788981308376,-1.632875558209443,0.16215803713857635,0.028033927936964947,0.21186467481399787,-0.008545072188741034,-6.42191989814677,0.6261724107175731,0.05833651390332161,10.342292581057933,6.6262612208402425,1678090
880,-0.012587570833252366,-2.4718645805958537,0.14368503437932542,0.02116181453717223,0.09160145955590354,-0.0017544915617291813,-6.797846163561009,0.603874861387321,0.050446699213563824,10.357777886725659,7.233313692094754,1679770
881,-0.029793180969681497,-1.2321726946234726,0.20858029051784854,0.014511959851045484,0.14649032484218796,-0.018749698345845715,-4.24756037051794,0.586736384039984,0.060213444385336,9.853958898857,4.422670986018536,1680266
882,-0.008286125580934897,-2.0828769843387196,0.3216416752378365,0.013432110116760657,-0.06669706258278814,0.0013909872010038227,-5.260763598936215,0.7368418260083447,0.047813857616095516,8.671832797187948,5.658092450268048,1682576
883,-0.008145595963662204,-2.370766954387765,0.15151758774906535,0.009323403396899344,0.1724160363407879,-0.0010168879442331187,-6.041071307641548,0.6934142878420712,0.03814256027786461,9.644489805700296,6.489613123756069,1683131
884,-0.0043421061386093454,-0.8792186290840636,0.22565450035630633,4.840141299114733e-10,0.14668588778155445,-0.013843373418001707,-4.123956803836633,0.6661741126845059,0.05343768058705178,9.78580765798447,4.216639078417659,1685096
885,-0.023811282237082752,-1.604457169820294,0.2186061761383521,0.02016781709841409,0.18244777876820403,-0.011853052301470025,-6.107279052852349,0.6547235822790781,0.06786390921424641,9.549849275417207,6.314518211169942,1686175
886,-0.01997514429274208,-1.5414352459881286,0.3463233982466504,0.01584474079128887,0.09351195842196713,-0.006188882553821074,-4.113953834243498,0.7082460936158512,0.050656401780472156,8.76091527740829,4.393249226695574,1687494
887,-0.015546665195642823,-1.3364851996932692,0.11083516150724314,0.01927808299208324,0.2393977256754741,-0.0016072044236277426,-5.960470108637176,0.6424605214771336,0.062247234610723276,10.110347015939245,6.1084692521904715,1688993
888,-0.007021539003478367,-2.3376280539189715,0.3202873892055022,0.013784488335564586,-0.0616849211670382,-0.0013736909539179157,-5.503853663432027,0.728567638677913,0.0509311720086774,8.809658864385757,5.979708192457483,1690627
889,-0.00900499551310706,-2.4185200255555594,0.14810671425586305,0.011562973211256222,0.19101516901563326,-0.001767657919707095,-6.111453033084709,0.6829190475426096,0.041383275457476845,9.946998792718373,6.572602018197477,1700044
890,-0.014361889259770702,-1.9151421686990686,0.31512766941688614,0.012660524091517949,0.1429138685726153,-0.005104290690389924,-4.411449515378945,0.6006938204690023,0.04132142751944774,8.46895379175825,4.809226169880816,1700463
891,-0.046896179168699086,-1.3250921413145624,0.24323969044281804,0.05060951267795427,0.07621363775144206,-0.03149313087644403,-5.237995907228509,0.6142752369251984,0.06463458775573994,8.45526244971072,5.403005673429949,1700508
892,-0.020456343564823523,-1.2817292768992337,0.09328645024756502,0.014359732847839955,0.09339863189151022,-0.01234838351821659,-4.611832316766542,0.6443207061464623,0.04987529954189192,9.747508887309781,4.786630052263583,1705802
893,-0.02173772915925399,-1.4622058637750006,0.15389294859459382,0.022600577960220528,0.06301798436864921,-0.007882151978513306,-5.210709933345233,0.6102557692187586,0.057026342712410576,9.454499470762318,5.411981522281897,1706747
894,-0.004475401449149129,-5.455220097470512,0.25541816114397725,0.02213490952302171,-0.0023678931450887854,0.003795365528135793,-8.641092566586142,0.6232995126629668,0.05011304202786629,9.3556282621649,10.218997360610112,1708232
895,-0.05222809348740196,-0.7489687181014011,0.20256118755664462,0.02179345059978756,-0.06962412008719994,-0.037590519087582264,-4.154320541069869,0.6173842028306833,0.08240609507692226,9.112210094834431,4.2212952157660695,1709686
896,-0.01783184817381568,-2.0960224692829468,0.21979697406462864,0.02521038245586001,0.1779414176742333,-0.0036579552758249415,-6.380924205529473,0.6178320392991283,0.05521216127489532,9.556407347605392,6.716360912611153,1711200
897,-0.004966334915854945,-0.9767993249427744,0.25356515125721435,1.9828135348405856e-10,0.12813420898207054,-0.011511523258427477,-3.8028459151144984,0.643996627982781,0.05001355065846577,10.021687285232478,3.9262926502378406,1711965
898,-0.009349304847996311,-2.2588979617370892,0.16416002677815322,0.010908949894541428,0.1997578853453512,-0.002851208158167806,-6.405804922608075,0.7150893911027177,0.048883070723784706,10.062622048963402,6.7924190615751785,1713074
899,-0.01025950297213224,-2.7281076353595903,0.3290960151746536,0.0239794327070626,-0.00630453464685949,-5.366060873859707e-05,-5.71768766710708,0.6184259710849956,0.05577693108231313,8.434306417327544,6.335181412453451,1714618
900,-0.013161293695647457,-2.2084368507230745,0.2001423711182545,0.01890381910533539,0.1520020023711768,-0.0015005795315065097,-6.2361055066026125,0.6238730008797553,0.0514343927740893,9.89550430008249,6.61560316321279,1725177
901,-0.016633366571164186,-1.708698247367603,0.13742447653953524,0.01528029039571363,0.2071851235565796,-0.0075220561357060315,-6.083688336883281,0.6920115868405731,0.05982647998951889,10.204013913582363,6.3190911910564145,1736065
902,-0.012781197564296378,-1.7148519429637388,0.10487452034754229,0.02316376935613311,0.19630675122719052,-0.0006780544704989798,-6.235303164544794,0.5713989070945589,0.054529920187680124,10.215509793768064,6.4668170486004035,1736950
903,-0.020343301481505784,-1.8414627064954185,0.2916299795816659,0.026759486935191045,0.04968820631963928,-0.008345166378604389,-5.719483139022943,0.6632670785554164,0.065423591137284,8.885270525078749,6.008616502738477,1737535
904,-0.00869930567910418,-2.455983970548929,0.27317860648279574,0.01982624773720787,-0.07620693767012768,0.002113265694970179,-6.452417670559972,0.6126275497927027,0.05265661977043165,9.337468110971866,6.904024265524264,1737729
905,-0.01392689722120853,-2.403342122385955,0.24648786677695758,0.029832924514352797,0.14745760473239164,0.0007077573717065715,-6.804954711051407,0.6749376629644172,0.05696689157616518,9.570412772800427,7.216887277538381,1741313
906,-0.013065479420699981,-1.6924150235584134,0.15747868666100973,0.01175037491696377,0.15932971517854283,-0.003777482496773365,-6.114217297081673,0.6558357105587747,0.060434468244647974,10.09286011647284,6.344124980475947,1742887
907,-0.010203831975131424,-1.9973669135731948,0.2619191696007937,0.011153374093450453,0.013086749827631925,-0.0008307100248086708,-4.770275071149754,0.6640281839863165,0.04227530262655785,8.792594344099264,5.171556713589217,1747523
908,-0.04280003491674958,-1.3158418716985734,0.15907865748495462,0.029579564737965865,0.2643744311072885,-0.02850244131149807,-5.522517283238453,0.607217421751252,0.06282889635075485,9.552526041464567,5.677115198318828,1749277
909,-0.0029472417369699163,-6.7132564520753055,0.19085738135123792,0.012839793750366505,0.09707043890017991,-0.0010575147814000233,-9.349042068214061,0.569039378126506,0.04890134258209769,10.202538804121916,11.509665494034437,1749982
910,-0.009671287305404161,-1.7307030299536925,0.09053027142483763,0.012198298792266825,-0.05427307553559288,0.0026920976438171446,-4.59594289294144,0.6367177439154919,0.034940993100090634,9.742993206236697,4.911010492054545,1750821
911,-0.022722063810991306,-1.3621928610228347,0.2429955092532647,0.019855596266566588,0.10156391038805263,-0.011862281185146494,-3.9194914496323943,0.6361518219732107,0.05452040053079506,9.12320918539943,4.1494557009760955,1753432
912,-0.002494480055820768,-5.645864363929464,0.280638043997689,0.015212714228002366,-0.14373436660490668,0.0031496910506008426,-7.510545199043316,0.5995910726424122,0.048718001071505465,9.09397845434771,9.395960493891046,1753702
913,-0.07575188668042532,-0.8626588852149223,0.36806599395285583,0.02614528827172271,0.08000893546476802,-0.061416758547142326,-4.407337099063205,0.6577934466504692,0.08241989817757486,8.791823748022102,4.490968788248157,1754617
914,-0.03463202107842587,-1.3451492626147237,0.05335600651200899,0.05333886286885182,0.2661951303331825,-0.014379070729548873,-5.743271041361428,0.5842675629092247,0.05424113372558996,10.12627979307944,5.8986938209449145,1755022
915,-0.004619387893070571,-4.268005102550474,0.17060669103895287,0.01675346076900963,0.06032332605924211,0.0018246297305263475,-7.970028947407254,0.5461067847897038,0.0487549946010224,10.157091863349164,9.040864393292628,1755922
916,-0.010885045402239899,-2.888387982102279,0.30458611233062477,0.025434143495116912,0.10691635431418406,0.00010962010365850237,-6.104638524343653,0.6181493811253791,0.05847735821152748,9.344995887769137,6.75347293235514,1756402
917,-0.005682300399022472,-2.850092629389646,0.2348356780813252,0.012793811119150046,-0.07548823498339251,0.0013927983391847907,-6.9000715121625005,0.7091527445584793,0.046503145193538334,9.646482559744543,7.465521741248744,1761769
918,-0.016969923921127717,-1.2897151577293444,0.06447732898747315,0.02208905507997559,0.10286071387715023,-0.0011457275008014782,-5.135893641935329,0.6605146343663586,0.06319675119569769,9.971725726589511,5.295353499942054,1762849
919,-0.022684835135134602,-1.6212526342850058,0.21058410227848445,0.02775279035376481,0.1313309797395693,-0.00699147718869558,-5.397919908328452,0.602586379656553,0.05814496351028545,9.268963675828509,5.636133376784541,1764438
920,-0.004853332751999342,-5.179856474803177,0.2798709386721569,0.01882753420543094,-0.024851419289458658,0.002232432611290912,-7.490435482329194,0.594795084158352,0.051643180684111695,9.116115154661646,9.107004821262398,1766432
921,-0.033549213254987546,-1.5584428732219715,0.26350958288462867,0.036793601491600235,0.1055728668109836,-0.02027241386440089,-5.235802004448399,0.6561935249134299,0.06319215062339818,8.725693617314038,5.462816747693649,1769671
922,-0.014259454031717897,-1.5615123372326052,0.29807285894702856,0.016038445822166396,-0.013645374751408855,-0.0037678860492038574,-4.633093406607013,0.6620513300269608,0.05265832020195732,8.985963638180504,4.889158955656383,1769716
923,-0.04197903641038813,-1.2948981862169124,0.06095438426127906,0.037881331838427665,0.31553155715209075,-0.026783486719408098,-5.049803703931803,0.6131823505001971,0.05803682329082889,10.03565171505827,5.213183169706509,1770091
924,-0.02753537501425115,-1.5375212732142864,0.2374637504070599,0.026223554039999097,0.10744133255843975,-0.012257365041734785,-5.744685881341345,0.6961799705456355,0.06342858800561292,9.267936722447894,5.946880488194552,1770406
925,-0.006513690166734045,-2.485928111343686,0.17153693816460344,0.01295873353524031,0.03043634866457065,0.0011527072175015688,-7.134944477629049,0.6975459118409392,0.04829751432556904,9.990444342351543,7.555611905968838,1770885
926,-0.006012908770807493,-3.0948273550035235,0.23157879311203547,0.014375503936498018,0.13558289896022482,0.003811152914813553,-7.102151150737045,0.6108576679102025,0.04832937900496821,9.317988738328236,7.747161243009832,1773344
927,-0.03495134816520566,-1.431108453412837,0.3591670354959357,0.022992054576432858,0.14610179794163558,-0.025792267238849004,-5.144530600596127,0.6390038864189854,0.07557705419451091,8.653887295121024,5.339875139542087,1773599
928,-0.005615679975324172,-4.361689363315105,0.18942866701489786,0.020497789350107865,0.16427014201771625,0.0009537442147670663,-7.936683684219449,0.5390687015570842,0.051183146374530177,10.023461379553773,9.056228906416363,1775053
929,-0.03415494777393421,-0.9656241591702953,0.14008010689444428,0.016507341054845207,0.0013718282475901568,-0.02218958236187832,-3.929306575255301,0.6480629544424849,0.05404376321095646,9.316877500626646,4.046218009341302,1775743
930,-0.006667176237158234,-4.129497216974789,0.25373221876400454,0.027672906386225642,0.036403785111847164,0.0021961621789932835,-8.247413850133956,0.5653626368867634,0.0614252717383886,10.095673091997437,9.223479955005265,1775893
931,-0.007798586280029551,-3.3606759376890873,0.3400617553831689,0.016315110726394272,0.1093896967111065,0.0016899407382976704,-6.783499587602479,0.7304326886040707,0.04617480033179988,8.799912423926418,7.5703374702298065,1778576
932,-0.04597625758486056,-1.1039402663513105,0.05016921139640636,0.05016338225646501,0.1420740821774074,-0.023402353235308374,-4.991437755848545,0.5815841333452902,0.05745465827112912,9.961823645185584,5.112057803094773,1778846
933,-0.025647032888626117,-1.7890394104058218,0.3815897162903201,0.027018327386465885,0.10331892775274679,-0.015502321863261899,-6.06147609182401,0.7089385661620333,0.07410973012765901,8.714417202438831,6.319980571468498,1779671
934,-0.007906396725887927,-2.35806626532915,0.34199162115278736,0.013358246958092406,0.12361921535723261,-0.0006449094067909944,-5.485038021768763,0.7342396786161797,0.04678774550434217,8.824318570737606,5.9704370536780935,1785534
935,-0.031009271443914507,-1.4125513338148141,0.12787566205505352,0.024882324642901136,0.24176972080381973,-0.018205389140268886,-5.86930744936581,0.6126225816887089,0.05789121914200292,10.18195718115875,6.0368925123645365,1788023
936,-0.00216249374715869,-7.422776633513894,0.2484789458937584,0.010460303832697354,-0.19417485352869837,0.0003117889179350183,-8.665205898378062,0.5850204264106208,0.045920502146274064,9.369660468166947,11.409794310693153,1788742
937,-0.008400002952620183,-3.441764038931219,0.2664413608143254,0.02367956760404674,0.09989305539018156,0.00017074845252943832,-7.52803195629376,0.605821347497149,0.060778310626650796,9.668047167790617,8.277499914506807,1791233
938,-0.007374063766917963,-2.8521020256100917,0.1195379647086144,0.014281647939142933,0.20365837618233648,0.001991505037773437,-7.100048189116382,0.6218374342354767,0.04045850349982638,10.116822338423006,7.651481572366492,1794097
939,-0.026136313804014356,-1.2315253858267103,0.14406780980275036,0.029254979633078385,-0.016905423862278366,-0.009950023082536643,-5.110778556681815,0.5804299500050948,0.06421338392239737,9.365792958950498,5.257063080406615,1795761
940,-0.028400043561594722,-1.4098868541099394,0.2090794741322057,0.021486320508706656,0.09253532994697929,-0.01590041105514017,-5.147964571258859,0.6648172571728947,0.06279489704852999,9.437605344270098,5.3375387744098335,1797366
941,-0.08281471875201675,-0.8086614552196101,0.2579243142137952,0.02579672720534658,-0.04112704220800486,-0.06621901422121951,-3.3098546925658603,0.6387276952097397,0.06046680707897026,9.0600401782747,3.4072087454481186,1797725
942,-0.012887844580513919,-1.5644904863708662,0.1797605068946449,0.012560138387383,0.08699025110768194,0.0004711821727314251,-5.636061187034031,0.6539534264021839,0.05329571673111579,9.65651689905136,5.849172265024889,1798820
943,-0.03309434386411218,-1.301501304781393,0.052752436315441166,0.05274767469480425,0.16065842755196358,-0.012951850969675308,-5.240040784246158,0.589039437812578,0.05479843301377378,10.079649570869362,5.399253010084892,1800904
944,-0.016357534208364232,-1.8092732189935317,0.1764383243995983,0.022401945332584414,0.14333437600900184,-0.0017412739205197138,-6.859657440086923,0.6596954987366584,0.058555679714480835,10.120382374943468,7.0942490635941935,1804865
945,-0.007165273504178421,-2.3600520847549546,0.26829761589197404,0.009684527268699268,0.045983014934787104,0.001714980028241103,-5.203600732490708,0.7386871323150405,0.03812131745529518,8.873484488145044,5.713782147223855,1805525
946,-0.009687623005331412,-2.675109981771074,0.3551241929296119,0.01739027990125272,0.0324422256371854,-0.0004393291666820862,-6.264318537446845,0.6718951564630861,0.05896220848985002,8.892987685275681,6.81160041056222,1807609
947,-0.004483651015508266,-0.928598174840579,0.2546685668586351,1.529136223506205e-10,0.1275740654469987,-0.015119187991802866,-4.136276983792748,0.5829658100275035,0.053397164652396384,10.299455248239573,4.239231281372943,1812018
948,-0.0046721450507580375,-3.553050543369483,0.1454371152912237,0.012448688461994173,0.19772584025832268,0.0034720567066789344,-7.421150058968057,0.6469614012390216,0.0387315746452029,10.03963937974315,8.227857337208745,1815181
949,-0.0035998599685647613,-7.226880426004039,0.2382906369928497,0.01743876979504407,-0.02793497671340972,-0.00013378443956354552,-9.286440808643926,0.5536154340091878,0.055386805892091696,9.606807784313139,11.76714848993619,1820265
950,-0.007853293409488109,-3.5133831719784108,0.29689696489286604,0.024652315076649615,-0.08116880554817739,0.003429726431500661,-7.362058741003222,0.6317010873802541,0.05673645500438565,9.100028248717155,8.157436498013515,1826729
951,-0.061425408569848385,-1.2520715524127282,0.1836241789839934,0.039461412189012106,0.16010751139708126,-0.043545681134192375,-5.110975291366056,0.5545228462131129,0.06600070092898105,9.018244573033721,5.262105244226455,1827419
952,-0.004006754294637637,-1.5358567582910627,0.05743529032764402,5.069770979199952e-06,0.24456050447791908,-0.020613951540117567,-4.984134603864389,0.6364936976130079,0.06281332384938734,10.122265674629183,5.215405423495547,1829009
953,-0.006854352472857856,-4.110094167243387,0.24247343156452256,0.02467692996310046,-0.02296634287332212,0.0017084860891961528,-7.647078691084399,0.5731119859744749,0.05653852977406651,9.81670878440141,8.68162925787811,1830823
954,-0.030261031360909775,-1.2365578627561908,0.06720417516628796,0.02385556541591066,0.10878048779131173,-0.019552130737731918,-3.9114361508269586,0.647860651043933,0.04531526721821857,9.951181629021207,4.102244277214629,1831843
955,-0.02720010521195715,-1.0581709980211653,0.4043156046606728,0.017850782836341984,0.021624388406374467,-0.017804332576788824,-2.9584649856585292,0.6529076324555986,0.057744180792604516,8.516376393609141,3.1420122425637733,1832608
956,-0.0025693687797812568,-7.144382163671947,0.2291168929608549,0.01326219244995949,-0.15980023965819945,-0.0006760103933381987,-9.25354405098292,0.5515831236463901,0.051314038982516734,9.68426529805844,11.690606229108704,1836792
957,-0.001975766817678402,-6.264256583507833,0.22077517127372034,0.009961503473744521,-0.01614663362316271,0.001093149630335715,-7.883676307950783,0.583334958060862,0.04349231590180944,9.192540601495411,10.06942216180083,1838351
958,-0.011875225857019106,-2.2568695686638702,0.34446049865814743,0.017023561339468196,0.09414980258028602,-0.001614518994343589,-5.342783028951523,0.68519296865337,0.05300141980610045,8.62802226049414,5.799895752891896,1841516
959,-0.030181476313237365,-1.2687615456424188,0.14631660928475823,0.02248915427033986,0.1559195055287536,-0.01588472705950175,-4.867072993010078,0.6319922859544733,0.05823405809056083,9.644494264927554,5.02972716745044,1845251
960,-0.09100068612254601,-1.0998314096262278,0.11493434301915936,0.07615179603550216,0.16760574667473063,-0.07021084700171076,-5.062391344271436,0.6332207691544933,0.06613671168143741,9.051255913408049,5.180486005400919,1846421
961,-0.009870159462254651,-2.922789424449283,0.19062486496663406,0.018202640671805933,0.13104263903678345,-0.002427774195536344,-6.568447131884548,0.6190372840409449,0.05229158844609372,9.743909403251978,7.189380762209977,1847141
962,-0.024283609029586335,-1.4086740287537904,0.049311979227757076,0.03217588201597253,0.2548146763655011,-0.00994208827368544,-5.37825850133601,0.6261099539857757,0.05385277907999209,10.013577832953876,5.559678680146767,1848011
963,-0.007835343287146471,-2.268225091544345,0.08947279467210756,0.010824728500954738,0.18376381549986473,0.0021775063842535657,-5.625695905610003,0.6300971073984223,0.03649536925367428,9.955253831403867,6.0657480567782,1848086
964,-0.023033621737058748,-1.3618468223459075,0.13144933547882537,0.013621427673027736,0.1677861848840963,-0.011942028503901254,-4.127243642218075,0.6346590673204034,0.04778858268822167,9.563679062497522,4.346120896818584,1849257
965,-0.005925333039974054,-3.437845342883692,0.39083267320588966,0.013969245490541767,0.06926875143731002,0.0020560737255889867,-7.293858177366161,0.788668668754134,0.048833276433708855,8.75190510339939,8.063445151615921,1850502
966,-0.017999863961672875,-1.511749489863729,0.3485493243663467,0.015538097907849492,0.018175711809844557,-0.007915321552388319,-3.6603352916737277,0.6941749569045673,0.05384108185191588,8.603257588109201,3.960232438579261,1851612
967,-0.008267762832323484,-3.948882107419777,0.3399219483919853,0.02171627018049905,0.021308294310250726,-0.0006481667875032471,-6.842737381135266,0.6517435946465381,0.05173622433140104,8.713955001312828,7.900425606604114,1852602
968,-0.0527569411477715,-1.1427871548914095,0.19204557510798245,0.0513303870982021,0.06963686651429495,-0.03235986086493599,-4.876435799366296,0.6206540666492092,0.0644317104000645,9.098810398312914,5.0085515457790795,1857520
969,0.0,0.0,0.0,0.0,0.0,0.0023846395771964235,0.16411158853608554,0.11073351426589984,0.11069906084028074,9.140575820717942,0.16411158853608554,1857610
970,-0.006147894417857501,-3.0973463300289072,0.20206450477940294,0.021458733363316752,-0.05131507486399976,0.0045591062026070685,-7.751954975172454,0.6034260756794655,0.05012638953510818,10.031940347380022,8.347835661130645,1857760
971,-0.08439073663183416,-1.0804118921289465,0.15906891987374225,0.03950228574006437,0.17698419297331136,-0.06996827862137789,-4.824451002645814,0.5970442497569147,0.06110576208145292,9.61851543992652,4.94394754559389,1858375
972,-0.06213694748451521,-1.073925661053888,0.1281875798138472,0.05108846515459585,0.008305951035059362,-0.03693950841255973,-5.218661729975022,0.6266927508977053,0.06750672716256476,9.939573187808886,5.328015256864034,1866668
973,-0.005612273247341975,-0.8887168510575739,0.24788270427095951,2.506077833292919e-11,0.07970033921139384,-0.02038503868389102,-4.8018359650606115,0.6578185650413331,0.054512591114315015,10.315397638544772,4.883384715205557,1866728
974,-0.019478107550092903,-2.159271269361307,0.2437847356172895,0.034470606524438056,0.013011954859022758,-0.004085793798937202,-6.232824302533359,0.639272855632696,0.05540840258634093,9.533719461561528,6.596252815117053,1867508
975,0.037195291436566955,0.19418941091523392,2.1639284431014122e-05,0.08526997048986078,0.017377621797829774,0.0012000571787591549,0.12500942312271351,0.46771794287762275,6.624509423550413e-05,10.441318480458195,0.2309477931937848,1867762
976,-0.014715007128860355,-2.015656073953949,0.2303718725668779,0.020453688179622564,0.14502528681072446,-0.003661330195957763,-6.384340409670645,0.6224470391263411,0.05481035765530364,9.881985309745192,6.69497362765687,1869291
977,-0.008740299328528328,-2.104719504624306,0.0792270965202158,0.012991813128112,0.20635515147726982,-0.0010038866745828313,-5.738826192655956,0.6688355602975257,0.03754055509383619,10.256872759914943,6.112607484753134,1871001
978,-0.01861458622437927,-1.9205349744989195,0.3250122994288507,0.02336669185014423,0.05749298672625946,-0.007978826816691367,-5.346655103738426,0.6584470477393575,0.06139368015153007,8.835238708566866,5.681124482583155,1871571
979,0.019614313684228266,0.06187000307420144,1.1756661309251633,3.488843372469931e-07,-0.11578910465078035,0.03320005951299595,-0.09227622117305408,0.9997179331838685,0.04899123026826804,9.844335188268516,0.11109814703396313,1871751
980,-0.02612974892170965,-1.2910330049111418,0.15361183723744906,0.01646045429351254,0.14058057090243184,-0.012598236814777676,-4.369793118757178,0.6482211377444189,0.05033029941462257,9.801083351202365,4.55651820148976,1875201
981,-0.042959755506371475,-1.374395340982323,0.3933419332793304,0.04269372141148304,0.06703490192530495,-0.02667782822078748,-4.767666929678326,0.6092860837813643,0.0848538525693806,8.841090867631783,4.961815242999508,1877540
982,0.045424007308316305,0.38348090501843746,0.6482119510134579,0.004418058573926904,0.05647356483038189,-0.016464824909025455,2.4822322083536643,0.019270764675829236,0.01926360080051264,9.462260577403734,2.5116795855964726,1878334
983,-0.0036660496511340926,-4.529679767638072,0.2650612566798029,0.013365766301737454,0.025991249459799873,0.003543060409331796,-6.946358599846728,0.6003890185884057,0.04637504847788957,9.00831654941694,8.292761698916369,1878439
984,-0.030182527882185155,-1.2400493115333455,0.3031316323878455,0.02458189990799834,0.10408774178338466,-0.021026758225769677,-3.875076207490162,0.6460446177719198,0.05362804513023983,8.964189899555775,4.068653082887586,1879474
985,-0.028367548108197478,-1.6341807716445518,0.18328159157336513,0.040794551690610255,0.14769931218569798,-0.013884941603264605,-6.46921681403548,0.5725673993829973,0.07898262081473892,10.230974927589084,6.67242931632941,1880044
986,-0.015920314652327634,-1.5349670455843796,0.06282926689132134,0.019378325906686682,0.2719058964554944,-0.006676671418186685,-5.1158175422725005,0.6631453471437184,0.041545612547458796,10.186348322053886,5.3411340515711725,1882939
987,-0.011171445905776492,-2.6087827837136914,0.2876596618960961,0.02041408389120443,0.09049963308032868,0.00028855946369186586,-6.139034919731149,0.6445040995432206,0.054253921607007025,8.901051171476997,6.670344620653373,1883448
988,-0.03260040238618201,-1.2151236355741069,0.14154572034188978,0.015287933127817037,0.10740654039392054,-0.023078599228054206,-4.25916793152143,0.6915160122522899,0.04865951108192777,9.43433383598181,4.429112430118632,1886284
989,-0.008704107989006634,-3.0066717556678055,0.2501689324593946,0.014908354175196191,0.14346811903064463,-0.0019211405241338641,-7.330778282898597,0.7008363876421456,0.0493566954897654,9.605814226205254,7.923407428584511,1887258
990,-0.029602901503082982,-1.389876715740775,0.19647397884504295,0.03205413539750891,-0.017472008074977043,-0.014775412805384186,-4.881902435995173,0.5975155149868239,0.06357491041579416,8.853298862669666,5.075896834997138,1890632
991,-0.0027316320872248037,-6.937646083376672,0.2880163900686278,0.015581076326030256,0.011488522241324692,0.001369559029140622,-8.240803238891093,0.578560034155801,0.05102238458567086,8.924571441069261,10.772268619019375,1891457
992,-0.012674981264530837,-2.3174833725133235,0.3671515030129244,0.01856504572888643,0.08051242222278096,-0.006247150433474021,-6.026559709596269,0.6995275864822239,0.06465810627209956,8.719492824041474,6.456791084989879,1891532
993,-0.0019558852225179113,-6.827514463919993,0.24074256836579624,0.009683541976439485,-0.02745696730930335,0.0004004075145949833,-8.112552252809833,0.5810229416741778,0.04416664349620006,9.140462425313533,10.603228650255854,1894413
994,-0.0050025221632193865,-3.221353343111122,0.3053726870204539,0.010508180092077336,-0.03726634663121977,0.003014659121441231,-6.201987835719154,0.6925923329012743,0.0421560566819118,8.791757776628051,6.988688752232536,1901598
995,-0.004671818919724236,-3.153302952467573,0.25074205186674536,0.011861286027805694,0.02550236615886633,0.0035257674813194855,-6.791562450824938,0.6681938973856559,0.042412511350628145,9.01128062313179,7.487899574212781,1910385
996,-0.017186583116514425,-2.258240964596196,0.17719834847381377,0.03501298767003812,0.24539744095323418,-0.004664742072934219,-7.36909086120894,0.6567782402175242,0.060226870041530704,10.132165923579583,7.70734405453224,1910925
997,-0.003668355456574852,-4.330596697043889,0.15119229871645098,0.01455727067254353,0.04257613430942645,0.0026648226043675524,-7.472277119429747,0.5125641972888583,0.04746311746169266,10.697441637623905,8.636491944186641,1915918
998,-0.019121911048381877,-2.149617198458759,0.2874339680733574,0.03619019253852028,0.10598432659177306,-0.00627439349008922,-6.160207890419851,0.6337420162617241,0.06330091366289148,9.493876657597692,6.524493493988685,1918587
999,0.003599924454034234,0.2949030777600527,0.05524943956805271,0.04776851721437276,0.05567601807092057,0.04799976194438056,0.4129035650182442,0.12635899451817187,0.12669680303816488,10.475962045569082,0.5074023839884151,1918767
