,ch0_t0,ch0_k,ch0_tau,ch0_rise,ch0_ped,ch1_t0,ch1_k,ch1_tau,ch1_rise,ch1_ped,absk,dt_ms
0,-0.008006402526090228,-3.834987048783155,0.5625266150840487,0.027631954065571132,-0.0913046635709164,0.00018947506987168145,-5.514061682116368,0.6110489102234035,0.05013408535637146,-10.086354052219187,6.716546873097702,933
1,-0.014911730435050716,-2.5750172768986594,0.6446793563729457,0.031593857498317834,-0.0010672052100061313,-0.005886683414476653,-4.906377471094368,0.6691056678079862,0.05315004224034313,-8.591658648630128,5.541051693062333,1053
2,-0.007958530096089355,-5.262010972340953,0.5073450556010904,0.03180197966657523,0.023867056108408786,-0.0018293287082846498,-6.0623816247074815,0.5427046680338056,0.06185070432410712,-10.034314012285568,8.027529535082852,1757
3,-0.06678110999657415,-1.3939660102088942,0.6777546613457345,0.07435727664421038,0.016165407498931948,-0.059818623190389796,-4.190556789101553,0.6245677950771115,0.08950869053097366,-8.334738964915175,4.416322841494134,2072
4,-0.02136655243082763,-2.1586230258501224,0.5818546183591846,0.03645903935596573,-0.0540237078347648,-0.011033712310751266,-4.470304105379166,0.6733742922214481,0.052086381013868324,-8.460175391138852,4.964199045394953,5056
5,-0.07155671428196934,-1.3549142335895341,0.4917201762628589,0.07015103501097887,0.05758126386064306,-0.08032484741174047,-3.639059005317679,0.5521328395610189,0.08142069587002898,-8.789569871165023,3.883109968126992,6572
6,-0.007066000794999644,-3.290949276343773,0.5860934441678829,0.025127945077336376,0.08203258988468537,-0.0006427074957077617,-5.389041003296012,0.6281099885438775,0.05359020616051418,-9.040341738946484,6.314436639532722,9646
7,-0.10759990087214999,-1.2354612062500685,0.6570031081148893,0.08422632834067303,0.05640953304722821,-0.10152459980607545,-2.6730318628810235,0.6001419865196941,0.09145419452226468,-9.782388652901597,2.944734917123453,10935
8,-0.0359578353917555,-1.720497140696662,0.5590657618015272,0.04870823293089069,-0.05691862638702548,-0.026667931368874288,-3.45012590863588,0.5603041134154957,0.07241435990789258,-7.797294669823686,3.8553183002945355,11115
9,-0.047777762365151216,-1.3761921461226039,0.4780840141070219,0.047754266337413684,0.00585946556060917,-0.04309863749755934,-4.701958737659356,0.5482611647551843,0.06803332491214034,-7.695967221885277,4.8992163448556445,11355
10,-0.12065615524614223,-1.127674786396687,0.5354097694198232,0.08075979281444505,0.0754681294129884,-0.1491063085508576,-3.220945206354204,0.5136674961227629,0.10093670882450076,-8.457639664945937,3.4126439084983566,12539
11,-0.07189843612402788,-1.284904346720574,0.5205771050578476,0.06755488503369868,0.05851249503609776,-0.08157651025262357,-3.3339548247763955,0.554756478130385,0.08303146725675085,-8.78585841424529,3.5729866993694825,13588
12,-0.0639394313005616,-1.4669201073024734,0.5302294607434178,0.05902902888544587,0.0665549880776895,-0.0651406461222309,-3.184324642329921,0.5512791967810071,0.07965137876467922,-9.250359584017643,3.5059632098694187,15687
13,-0.03050617216869564,-1.8559576007688834,0.5484509981873196,0.04438686981677286,0.03245501470997464,-0.0169772046025108,-4.973275453573605,0.5603202390552767,0.06402902100888473,-7.7283373729603735,5.308299855223849,17127
14,-0.06597153843346071,-1.492521933221521,0.5468577179070718,0.057558815376501024,0.10820028512505103,-0.06233920240114587,-4.215344954777707,0.5962465272521054,0.07783915541871396,-8.374805930475894,4.4717731168874355,17486
15,-0.07757598831114432,-1.25017403760445,0.5161613135222569,0.05761376247439246,0.006922140965164019,-0.07741795172816342,-3.8978768011455025,0.568488893842538,0.07321283106669847,-7.9985268497598065,4.093455591698597,18086
16,-0.05539191776426473,-1.5149911110188414,0.49529247857965275,0.06978014943758469,-0.06204687036351887,-0.054142749057416506,-3.6557110983764227,0.5889196712331682,0.07958376265890049,-9.16518997637504,3.9571987189498907,18985
17,-0.031199789661535984,-1.8017223318003428,0.5429240598506581,0.04048709007591088,0.05296786983548665,-0.021809882462209346,-5.497969119571439,0.6351130422872758,0.06327967544452376,-7.464537097600234,5.785660532788733,19240
18,-0.003720695679116301,-6.264307406702386,0.4886431627426361,0.016798551748344836,0.03169155472894837,-0.0009670323393947068,-7.292771289182833,0.5082513883172248,0.04917747305152477,-9.437299709551223,9.613847323626262,19690
19,-0.01600020874268787,-2.054349912903236,0.5428603348920716,0.03004017827565122,0.012356733815548594,-0.006166746429981536,-5.657979016593648,0.6456889195728014,0.05730495263326777,-7.267276817058558,6.01939200558159,20244
20,-0.14067181120865466,-0.9624808403791323,0.5522855981175815,0.05048832427852776,0.09765268345400982,-0.14370895004998024,-2.6630003441621106,0.6207833540210186,0.06773943618764022,-7.838596782732367,2.831596758209834,20409
21,-0.02320007430035338,-2.134136610767248,0.6754707470173262,0.05447904464584765,-0.018085914252353466,-0.013525222983700963,-4.246564045076169,0.6291251632252006,0.08025759067510459,-9.287265619065925,4.752667173530121,20964
22,-0.016985224194530538,-2.5573530652802043,0.5568041513143435,0.050477627677479715,0.0668582596245223,-0.007222176961970174,-6.445720492597482,0.5729710403158593,0.07686131071708549,-7.244744055770101,6.934505560542091,22254
23,-0.13107088835790073,-0.9637522166989487,0.5903232450045041,0.06351138759113116,0.08685351168809176,-0.12988513329269102,-2.209781279031189,0.6120454888323168,0.07228118823222938,-8.558097666590447,2.410798962242363,23544
24,-0.04399739043356799,-1.4049402824772526,0.5907813201031487,0.04702613003609915,0.10081847107512562,-0.02672836165539692,-4.981452664811333,0.6377576443045181,0.07424913776436975,-7.425430563685486,5.17578282476025,24279
25,-0.04032579531517066,-1.924603932253001,0.5429107270429647,0.04943225781623815,0.13155286947807468,-0.030291317087054723,-5.062906235184383,0.6151143506055844,0.068887421391126,-7.8883456097900675,5.416375157087313,26440
26,-0.02662239426360547,-2.3190215195430874,0.5596001114335671,0.05330015367860629,0.07763680429869249,-0.0126624168506433,-4.86203684798156,0.6140218787732686,0.06495452716260082,-8.79321316733458,5.386767409052891,26574
27,-0.05671027667835455,-1.4055925705951213,0.5722423753135747,0.059790028432094924,-0.04163508607483069,-0.05532304559133164,-3.293616881593902,0.5659734655030451,0.0831069267263826,-9.374140301076793,3.5810058136273026,26965
28,-0.0672175967499711,-1.3182613188893577,0.4619739289035053,0.06433313362230468,-0.07360256614555026,-0.06958239133390545,-3.443917206295752,0.5681968372444837,0.07404455076338952,-8.843854784573743,3.687597948353351,27999
29,-0.13478382836177044,-0.9292807094649596,0.47297296231870894,0.07293044375228043,0.003493398067950262,-0.13024201882069453,-4.350314401931206,0.6097195023387403,0.07439046738116444,-7.308232673974407,4.448460186697613,28269
30,-0.01939407081953066,-2.6921002941938426,0.6275341322188129,0.03815749497472229,0.11302283052013376,-0.01104546742754006,-6.200745469974564,0.65350886350999,0.0702250977894391,-7.824736101451096,6.759929613347216,29423
31,-0.11715853848091748,-1.1660732807261265,0.5517952418143,0.10357611651993998,0.09152344741370241,-0.14068875630105968,-2.684873913001501,0.5294162355689798,0.1011096769157212,-9.646918231207124,2.927161564509104,30923
32,-0.04782891288977591,-1.7693428883668787,0.5596856008759078,0.057306207732348055,0.09503564840773844,-0.04512494297637106,-3.729053928816627,0.6047937262363627,0.07005117879936708,-9.409131702893657,4.127519528801429,31733
33,-0.036637158324123245,-2.210679856677554,0.5815365769457669,0.06306356999766036,0.07114418760068278,-0.02900699815109888,-4.224607018363868,0.5694675207061408,0.09278140245340093,-8.22431551498624,4.768061439235987,33487
34,-0.004807738763010225,-7.256238138756074,0.49466568252255366,0.02356507550212166,0.05079689394887507,0.00022283512581999408,-9.577852258668445,0.4813728968840311,0.05887550393531123,-8.707419186092453,12.016166019792605,33577
35,-0.08657176906133841,-1.0983166337852048,0.5215091549693004,0.044360982274245966,0.04676011514033204,-0.08856371909647891,-1.9579512950713818,0.5018519968320031,0.07073244111669996,-9.83918611547059,2.24496608034976,35871
36,-0.01849010059979924,-2.2325949585041878,0.6267558651200644,0.03745801291923664,-0.04073659653874592,-0.006901632635194251,-5.026552657696544,0.6109972702037216,0.06432565575769457,-8.142562735126956,5.500064715013315,36066
37,-0.004128391982428719,-6.48810588842697,0.48998064797422153,0.01827364021045522,0.03421734571422523,-0.0007207335378253542,-9.07241518809737,0.5217355437664691,0.05060935675423842,-8.358635618107117,11.153664660758837,37491
38,-0.023498603313782198,-2.538307554809146,0.5335674089996679,0.05012502142430326,-0.022250212461735877,-0.018314249392472212,-5.6032156800493365,0.6546621409531967,0.0702226932504955,-7.623262288196636,6.151343853171593,38121
39,-0.011730346442634564,-2.7428914183507733,0.5633453346185258,0.02386875185817669,0.05000116225465379,-0.003547649876427162,-5.761983879686515,0.6288073576620113,0.05080888516880696,-8.153565579078496,6.381528936127264,38450
40,-0.16022927656159608,-1.1489568946659128,0.6116697156173025,0.11506505925533159,0.13295881809258495,-0.17461661747144033,-2.776231452146051,0.5229584479263055,0.11363911305302016,-9.463520670379744,3.0045903251001307,38691
41,-0.12909553696678888,-0.9407068903008391,0.4611523213594384,0.08467886087505964,-0.007289787838613053,-0.12474209669139777,-4.143540586752082,0.6088416746475193,0.08184656250424537,-7.410244267920175,4.248983178069932,40326
42,-0.04184725643538181,-1.7266826079189896,0.5214026071125683,0.05008586325736439,-0.00817957850941235,-0.03611363894998401,-4.5566954872164604,0.6006382059169639,0.06639289440987124,-8.312445783111395,4.872874571719323,43025
43,-0.004344953118765459,-5.727909329896344,0.4767208541314642,0.016463898887723583,-0.030245062913349368,-0.0007869312494565623,-9.84489882424445,0.5313045949653684,0.05236993290048118,-7.327313197816027,11.389950752796228,43145
44,-0.02854779190881193,-2.2334397130794126,0.5540787160741534,0.05742770904038426,-0.020399537390382833,-0.01705450313407139,-3.976465717970652,0.63400827430801,0.061409640962779,-9.805682717570281,4.560760085573029,44900
45,-0.010400143184514396,-2.7875072044490037,0.6114213272203273,0.02567923512795077,0.06009775204145125,-0.002104792640561644,-5.165859670052984,0.6400970849249077,0.04977838339272012,-8.46212475066677,5.869949109279826,50539
46,-0.004630193257148759,-5.791546050612468,0.5066899441064963,0.02076875265031292,0.06820563373487377,-0.0014607694651630739,-7.061444612280729,0.5097296827362533,0.0564745761170898,-9.308499698614112,9.132688852067249,50674
47,-0.003723713237033329,-5.3757749332757125,0.4530510939079756,0.014175880875557403,-0.06145749687895899,-0.0008190641221669918,-9.06532894767329,0.5263365077629805,0.04889319289599317,-7.334246219758378,10.53940914201355,52159
48,-0.0035083455482906854,-5.438662647570695,0.5098431493816264,0.016480894823742463,-0.04210224363976339,-0.00019071299137671106,-6.189605930971153,0.5424672414862277,0.052337796551563974,-9.504817826228694,8.239555386960753,54741
49,-0.013166439017239828,-2.903065813256175,0.616622384832779,0.03508847421650323,-0.059376841490917896,-0.005499942785707806,-5.358002614682307,0.6271961605978975,0.0648192106283318,-8.833721920982475,6.093930023805588,55986
50,-0.03284468296294882,-1.772542789920038,0.5710957967475945,0.032727686409378356,0.16127439433420243,-0.02013984704861772,-4.003239277365999,0.5892772012226256,0.04898117138559193,-8.115589035478852,4.378108341960414,60438
51,-0.09047512444492073,-1.071328104884284,0.6093281339293884,0.07730706643055303,-0.025456034192357885,-0.10808740179877462,-2.959088079386288,0.5446985978262515,0.09910624942507486,-9.196467446629747,3.147053569591878,62957
52,-0.015221269279871772,-2.8674912758678794,0.6392880656086009,0.03137384767924104,0.08523295932906327,-0.0065286560181014985,-6.172491466780501,0.6685981261544499,0.05807213852808919,-8.144185220793116,6.806038284101589,68460
53,-0.10223204064177026,-1.0096675903591301,0.5688975940294015,0.0940304262204552,0.09456866876134923,-0.10352816408835687,-3.134583365139407,0.6080577395306027,0.09464997537899351,-8.791594751397303,3.293181063353532,68566
54,-0.004746223404085273,-6.382210091608158,0.5198239757544628,0.027737209132176605,0.0518386121853024,0.0014504133479150134,-7.689195002148649,0.5119595983194725,0.05907249346469625,-9.594265513435042,9.99281368957176,68716
55,-0.15632064594243283,-1.0135639552311262,0.511392984030392,0.08092911841807456,0.12601221231525875,-0.17472893383838387,-3.217943693372536,0.5043393472445724,0.09175253956990523,-8.24319876541586,3.373792154988188,70485
56,-0.011994359957381514,-2.685422854972435,0.6330397034588936,0.026153393632058874,-0.05367348717933794,-0.004991205548750442,-4.612277712604954,0.6711665945011819,0.04699551850652033,-9.191280781641964,5.337096739632952,70949
57,-0.11300975488615825,-1.0065586559717814,0.5154183253092345,0.043947407706492726,0.04567473538836995,-0.09781422657277122,-3.3952462810548427,0.6166267374118574,0.06278554539011864,-7.56748306060882,3.541307334435753,74322
58,-0.07854051586401282,-1.028870036671517,0.5299991082754835,0.05891017211115496,0.04626218372516369,-0.0818220572632915,-1.703137746672462,0.5712711028889579,0.0858339692122716,-9.868111928585328,1.9897868570530364,75837
59,-0.00889268786934054,-4.080455620555011,0.5287209308554022,0.032923314826663566,0.0004951430699045965,-0.003126425256284688,-4.780232055539253,0.6032494504155508,0.0561599137244722,-9.68322138349731,6.2849611435651696,77876
60,-0.007916751804115,-4.415701919460687,0.49048082731491616,0.026191442632683786,-0.015321397079108979,-0.001844263127988977,-5.440295926206976,0.5349303084072458,0.05388185093756096,-9.453184106531998,7.0067997835126565,80710
61,-0.011127268395674836,-3.3653856757099785,0.640960936114811,0.03263899069975008,0.03802804573046765,-0.004581461483184429,-4.498770367974428,0.6677789342158997,0.055787377344781265,-9.83893822988926,5.618252003073437,82870
62,-0.06435904216747837,-1.4141867454270325,0.6131614418972594,0.04987408985199216,0.16774532358897543,-0.05109929481970518,-4.8389829622886005,0.6418037908946382,0.07250249986341062,-7.415996645707014,5.041396657699219,83320
63,-0.01537766207001285,-2.55495927231911,0.5835041998316356,0.047031365291849384,0.027534775582066073,-0.0031855851195199754,-6.596257767090107,0.6404339289005586,0.07327273405705545,-7.479244707492155,7.0737849425258865,83335
64,-0.1681922514949308,-1.077700695321494,0.5925315803979565,0.07891069127502633,0.10889796752042571,-0.19665974057269894,-2.824657415489015,0.4680082537555829,0.11540600142147299,-8.915957809010328,3.0232645110167775,83590
65,-0.003310178358248573,-6.733299026623617,0.4404856735832679,0.016043150701393415,-0.004594021805168227,0.00036189000758069315,-8.764673495511447,0.48660634526639845,0.045733677486302984,-8.581524726129059,11.052457521513096,85494
66,-0.076732743833958,-1.1804668906744586,0.5611211384860577,0.09091309109422246,0.06727418442196761,-0.10702885046087164,-2.7991029035098673,0.5434609811633424,0.10295004095312575,-9.39310003328417,3.037841198024675,85688
67,-0.0034946992826702774,-5.485616140488929,0.46221829005407583,0.019923269945000075,-0.06324039538722036,0.00017646777182106821,-5.827128862614032,0.5059868921624165,0.04897342479710629,-10.013704803076767,8.002962902719352,88851
68,-0.013811528751726558,-3.2295941707680234,0.6256312907721518,0.036507368399220495,0.04331424672812479,-0.004343479975993739,-5.946006117351791,0.6517505187288152,0.06449626985574312,-8.832625507194734,6.7664811575473784,89542
69,-0.05517453131408301,-1.3430983465898392,0.5550461756861526,0.042549519343021217,0.15467933181779536,-0.04977882765475564,-3.085150998349744,0.5835745578857375,0.06126098102169063,-7.9534043775179155,3.3648283539031794,94384
70,-0.010634374820218768,-3.170972328365024,0.6391202508911653,0.03128583599424962,0.08889837964332188,-0.004417657727529246,-5.553671070387902,0.6233920588019551,0.07043313561272664,-8.868920541778188,6.395180049484159,98553
71,-0.1413864025575928,-0.9932888217261613,0.6365685112954274,0.04383910374434652,0.06423715074411206,-0.13429462274240977,-4.1450888523524485,0.5775715538178392,0.06868485714259578,-7.560168857708128,4.262438771086652,99229
72,-0.02080000906420624,-2.5653440997972017,0.5891400686120227,0.035984946235390836,0.050300392164542344,-0.009097148468362072,-3.5690958598052034,0.6510667410579948,0.04969129963023225,-9.803598933589125,4.395387992753649,99873
73,-0.12977273211082238,-1.06455004615147,0.5826124659651215,0.060121434278288734,0.09856159173579764,-0.12073725169753126,-4.655583892189385,0.5708015845807926,0.07568641741929732,-7.322019251596149,4.775743730349688,101193
74,-0.008535671435523256,-3.5736517159477277,0.550616639361036,0.02370848340678279,0.05727704251840687,-0.00019806566623935124,-5.366144539790961,0.5736501452011753,0.05022450250558836,-9.509781651912986,6.447208218199911,102649
75,-0.11352225698695131,-1.0059721492379443,0.43785443950352493,0.06287432883704,0.05937385335371137,-0.11533989535197259,-2.000757335428328,0.5401736247119585,0.07492732309371163,-9.732148832205846,2.23942177365334,103714
76,-0.0035776702485600955,-5.776345607959934,0.4836927879163012,0.013064345533744288,0.07753814734689758,-0.001069674243559196,-8.379987844835073,0.5384369065876704,0.04650535779512089,-8.176129982423586,10.177935196403128,104389
77,-0.04315777178192101,-1.7062339504948971,0.5325775553618587,0.05419335281800451,0.10057771650554635,-0.041352012208152746,-4.2489819225798975,0.5763152702016916,0.07103636162044036,-8.83448802084439,4.578764207974919,104479
78,-0.0036393927520757745,-6.361362784294291,0.43946910281302465,0.01721380687835979,-0.20069059255211738,0.00016438187095916876,-8.346508910470696,0.4833547447490943,0.04627726505501172,-8.692914495914355,10.49433882938659,104989
79,-0.04310498806542313,-1.837201164967399,0.5249337489986609,0.051808746447004866,0.02629093501717373,-0.05038520165944577,-3.444118826901098,0.5622480353213022,0.08627991685865533,-9.911399800793555,3.9034936421585424,106773
80,-0.008656948881793858,-3.9237409769436424,0.6156201267474063,0.030981316771955036,-0.11264330395049156,0.0018999461047502564,-5.47197313375872,0.6174791295536766,0.055464433678818516,-10.163752792309563,6.733367154011718,106775
81,-0.030965538592150486,-2.3648933507820833,0.5793039568440335,0.05637806284499488,0.08222679238065993,-0.03159242487714412,-3.5253193959629887,0.5296880809687852,0.09441447865796583,-10.140680444973738,4.245067420445306,106818
82,-0.010173138529151872,-4.898827055596812,0.5423112481743674,0.03848391486062613,0.059800588988900776,-0.0037940986289018014,-7.036975689502643,0.5400222574210045,0.07018879848582264,-8.980306948955837,8.574236605978315,107539
83,-0.03222554299170943,-2.2287573738751827,0.5185982427603321,0.055291834407993026,-0.028025511035929138,-0.024534243336500464,-5.056048514497581,0.5899863497721953,0.07224653499263718,-8.474791542181267,5.525485138207884,108979
84,-0.10759999182685817,-1.179416020352858,0.5975583738563672,0.08389795433774157,0.06849570065095938,-0.11237861092660353,-3.1000670653448474,0.6183276643098836,0.0956095085990974,-8.474678823318467,3.3168415637019484,111468
85,-0.03184671786665094,-1.9922508620822625,0.5873310708210909,0.04740201790075417,0.08184444066066822,-0.02469424713552665,-3.3714828431093506,0.6401992643549741,0.06427189801955063,-9.169507068169002,3.916115429714531,115607
86,-0.021687596445143953,-2.7525049920839617,0.5868475903674505,0.038740526982320146,0.08625565942321566,-0.01533499141608303,-4.3503911166757625,0.6277366865683095,0.06325433390887304,-9.929795300518037,5.148027447430571,115742
87,-0.011415008363591248,-3.6311471175991907,0.6027281101541375,0.0340620890220684,0.04340331404248856,-0.0014203337165089476,-5.425437331324635,0.5910065406789493,0.05897148795811469,-9.88419335661106,6.528445421827457,118861
88,-0.0914264500670691,-1.162103429754566,0.5556312460034043,0.05555008087382221,0.11505049735497229,-0.11065715081359487,-3.380599736424802,0.5358079334206735,0.083762909521791,-8.866586409724412,3.5747641823430487,121528
89,-0.08269354122744844,-1.2062008478360522,0.5668411473992412,0.05539407131376915,0.09625655288819965,-0.08061927413089552,-1.9448919930971325,0.5966004074052874,0.06855310575141474,-9.904569651407899,2.2885640367124855,124813
90,-0.04035574879670681,-1.7976507316702317,0.5804953094856995,0.0522510405735243,-0.027867273979303164,-0.03470957869956729,-2.894690663887398,0.5642228741353171,0.07522477335038717,-8.741263089834376,3.4074597859213815,124933
91,-0.11515711138238534,-1.0415855660324458,0.5723894110568292,0.07139777190098918,0.15716335267520162,-0.10743196812793135,-3.7660707640951743,0.597515292571431,0.0779072043530215,-8.01902422262036,3.907453069652858,125368
92,-0.06476545552779876,-1.1712441377531881,0.5434192896259639,0.04849163098753664,0.07464267282477552,-0.06698421931489226,-2.136935535232758,0.5728720938764306,0.0722363155929793,-9.761995177996429,2.436864032309091,129732
93,-0.06839171748338711,-1.3726007347698352,0.5752333079201704,0.05953708812003686,0.11046117125542616,-0.08187932583838563,-3.013557785608589,0.5774245988122565,0.08401241450907548,-9.718704861516272,3.311429193610039,130737
94,-0.04622734842950751,-1.6022847013333374,0.5638857675195409,0.058661465093015286,0.008689923847204246,-0.035365559343566166,-5.392032882490125,0.6151354265435989,0.07681964244370666,-7.329634417068927,5.625063099200011,133090
95,-0.027006957728250628,-2.3267629665804357,0.6113577896319505,0.04199032874728145,0.06466261260331567,-0.01758602783803239,-3.7345178203754896,0.6953426007649969,0.05763069075771513,-9.320968196832368,4.400051051221143,133630
96,-0.04946551067897836,-1.712784501911479,0.5557251732635973,0.05039653754234328,0.07826542030509236,-0.035648050689468816,-2.8440453042391387,0.6241065003828803,0.06496890361468864,-9.394669637574259,3.319973560520151,133660
97,-0.007659443976699174,-4.599939010465693,0.5420801564465696,0.034141027640565536,-0.0424684732458013,0.0014138782174203857,-6.895670331268152,0.573760235506806,0.060872927789239306,-8.918287489030007,8.28913193389609,133915
98,-0.014134633194187165,-2.697609978843152,0.6218964350046345,0.02677967242686285,-0.0401686109385298,-0.007441613902215676,-4.114668784740283,0.6589124188035163,0.04729197481870925,-9.320161496128964,4.920121828376837,134890
99,-0.005599670872594521,-4.4346623288488995,0.498730618069806,0.026127217803442702,-0.055399894916046855,0.0005097016203273833,-7.6749828569343626,0.5366718282709868,0.05832537144741527,-7.606328112915651,8.864061813026119,138038
100,-0.02022084550508319,-2.0399234467620704,0.5900433538728613,0.0414538381037444,-0.02362490494027522,-0.008152452814578149,-5.691637899874005,0.6450448543401497,0.06179454557127218,-7.477325416753783,6.0461582556142055,145056
101,-0.013190172602996186,-2.6089133512837877,0.5313630614926371,0.027821184884217233,0.013685302389395538,-0.0018306320575404587,-6.985052130097223,0.6234372814456113,0.057168212488295955,-7.2268030493490105,7.456365209314963,145131
102,-0.04234763381425144,-1.7171783864609573,0.5825571100065613,0.04868674748114213,0.0758314912461796,-0.0375452535991041,-3.245946390146959,0.6254682729562716,0.07719250756370456,-9.609916448512827,3.67217504738496,151639
103,-0.015132445395825601,-2.943893592510031,0.522465118639956,0.03588268764984532,-0.029664813068995863,-0.008760384581153077,-4.814278800416764,0.5741012571100085,0.061731351422283066,-9.512316912529593,5.643030201245063,153873
104,-0.08706240577144853,-1.1104663301529185,0.4211481762462255,0.05787076156036538,0.023741812515284497,-0.09030479626977685,-4.335256489789828,0.5523746238004086,0.0707600906150684,-7.563289155821027,4.475218911144807,156212
105,-0.04344485153222622,-1.7531538312439334,0.5207133719767045,0.06700395440784858,0.08755718642492141,-0.04518973195621296,-3.107312931337763,0.5483916303760958,0.08308177636924946,-10.122072542709084,3.567764287234257,158791
106,-0.09437282445284624,-1.0264725994672155,0.45431045896809513,0.04515490392257131,0.067597647160094,-0.09703802924648844,-1.9562176678251413,0.5680206245951905,0.05782358980986635,-9.836328536656259,2.2091703332627426,159661
107,-0.05070929357964435,-1.6289646457173332,0.5740675665305778,0.04815316656646429,0.025392009668920214,-0.046575343752401216,-3.009579518819411,0.6011318053944954,0.06701976961163575,-8.935820773444265,3.4221476731862803,159916
108,-0.15360026937193047,-1.0018282453803815,0.5063131223821745,0.11005152031940624,0.028147147814619057,-0.18414099287805677,-2.540354192780174,0.5580664222765762,0.10015412821892346,-9.542170049992276,2.730761662616813,161625
109,-0.019400044792269006,-2.2549827628979897,0.5712672216473906,0.04055439270065898,0.08733227251829792,-0.011967750572152297,-3.2969774843516824,0.6230289562457376,0.055903792657979914,-9.844926303635525,3.994372014884067,163679
110,-0.015992453067874404,-0.07480078364872231,0.18221702461230174,3.186935211847817e-05,0.03572035076726659,0.01726734821989,-0.14572849970228371,0.05106297297308845,0.05106438577830865,-9.857455408278074,0.16380461794449347,163829
111,-0.1663599760798522,-1.065340087768104,0.5188648061375992,0.09247033578950686,0.08017826548538418,-0.18714320598957598,-2.5130977254934987,0.4954345877723456,0.10515816695451347,-9.865604463062713,2.7295804953300697,167682
112,-0.06774320769191872,-1.355383692289906,0.5304232171161699,0.04962306390275526,0.06971411739149912,-0.05542952874193463,-4.396241318397943,0.6154119349425003,0.07273960539933695,-7.565702163332517,4.600435053656851,169166
113,-0.016529390321606736,-2.280625413758589,0.6320242227869505,0.029267800938454547,0.10751640289082898,-0.010131335383992609,-4.296764085194489,0.6756659278465589,0.054632543371979835,-8.193108738581138,4.864507568264107,173349
114,-0.1813588101229391,-0.9458482249857217,0.5543728762473928,0.08809598013547622,0.07985836148370201,-0.2207649451013366,-3.0064188303399817,0.49768120638901814,0.11592757393907327,-8.635491276484105,3.1516952657469064,173424
115,-0.011743628766279247,-3.2710289356151327,0.5718897036627272,0.02792399133511273,0.062445171923419245,-0.0021209602462520863,-6.063635270336317,0.6078228141675773,0.05254582747487016,-8.47424545699925,6.889651877221232,176409
116,-0.10331896788821032,-1.0844042297415883,0.5189133989006746,0.060433107963656675,0.09070869870454415,-0.08436954840207425,-2.5091618778294795,0.5632433289999181,0.06559770029441292,-9.51590448987248,2.733464077436213,176575
117,-0.07311535867358294,-1.2427375249017245,0.4698024677490024,0.06924535050837402,-0.053756783048478606,-0.08496835486410377,-3.3564984467241086,0.5159368920913279,0.08861471744755826,-8.648123928481112,3.57917286236083,176935
118,-0.02019867327900178,-2.6587209289285134,0.635693545157763,0.03890708944217487,0.010707142211544372,-0.011545919513359862,-4.536849676126281,0.6713099243922964,0.06137404124580911,-9.087256787569675,5.258498070902911,177894
119,-0.1723245752815364,-0.8956432551116793,0.39655629000193476,0.06237340169736741,0.015178779387505349,-0.17986107704101462,-4.052022165104565,0.5707353960074487,0.07511806856534321,-7.408895912860535,4.1498265586558825,180099
120,-0.03876271547473046,-2.0619191653996394,0.543054138125417,0.05729890296549703,0.11087569013631056,-0.026974713974976527,-5.079412832982612,0.6305334661506238,0.07293305650719917,-8.140096048064635,5.481965466191007,181359
121,-0.0339504626246442,-2.0859248051252886,0.5477496907434924,0.04515966341376567,-0.020761588725298454,-0.031784883300972525,-3.7376588746675425,0.5773959159880669,0.06937871063834636,-9.870647131817924,4.2803243050051725,181824
122,-0.13604231438617873,-1.0897288429922354,0.5428177622773493,0.1028482334983368,0.11724396274051323,-0.12996481849605507,-3.4971410690040066,0.5805290603521003,0.09728541268582024,-8.307828938504631,3.6629912104404077,182379
123,-0.017096266451036488,-2.509017500961056,0.5687172205081558,0.03317935045383489,0.0485535804985705,-0.007052827776920204,-3.531291804980842,0.5610980641502344,0.045888867015196386,-9.977789159703391,4.33188072689608,182723
124,-0.009314595968825116,-3.89651512090722,0.5309461852464035,0.035594966206376054,0.05156560390683107,-0.0009902752331453332,-7.351030617991049,0.582691930371205,0.06226421888975924,-7.637561279504352,8.319884688750228,184208
125,-0.16759516950436354,-0.9393824922258764,0.5170515614023999,0.11396396451927533,0.04751994105320726,-0.19472259011203566,-2.371544096683635,0.5818529805311846,0.09895025557711054,-9.89508911956482,2.5508157262365105,185693
126,-0.11526227302959692,-1.0696708585685022,0.5243189975552527,0.10174865875155575,0.03384132266210666,-0.14357398258938495,-2.4102615322100527,0.45318834669312413,0.11449714147228031,-10.01039587657135,2.6369596886039472,186729
127,-0.0769980613048779,-1.457991150590624,0.5200897867657349,0.08963326440507835,0.0017714333826110184,-0.06433547342072317,-4.559446123870595,0.5106824062724183,0.0989083559570033,-7.557252250032258,4.786887000095069,187074
128,-0.0040485752105187236,-6.892698830643146,0.49515569425242156,0.018541717243021047,0.0056702197938184335,-0.000627324170395007,-8.771174730195218,0.48662124563007975,0.05376012975488071,-9.032272032282483,11.155393463144389,187494
129,-0.08467340851554127,-1.1868654138267474,0.6104964520281538,0.06945254017543916,-0.0023624833292233242,-0.094240487884773,-2.9505440139734005,0.5768574649017105,0.08595082199512696,-9.385947699558663,3.180308080820536,187869
130,-0.006970172676876505,-4.315822944551147,0.5838125977824038,0.0298255749474355,-0.08224593082944476,-3.0232730111104917e-05,-5.858809327898514,0.6117384881476677,0.0578082763710709,-9.84051738369461,7.276810732002363,189833
131,-0.05267402040459878,-1.4163646032545902,0.5763559700048698,0.05793009946687949,-0.06570043239483594,-0.045499160163121395,-4.263363576636123,0.6315022363007775,0.08030101644271131,-8.03540307384701,4.492477899326839,190987
132,-0.10828922973873677,-1.1483867046343574,0.606227507568612,0.06880641503019644,0.12951137205200647,-0.09450701461303022,-2.5087306917424628,0.6107056014310509,0.07492983082521852,-9.919309994016498,2.7590798660190274,194691
133,-0.0170440379913867,-2.648008977949105,0.47474728832090024,0.045732324801349034,-0.07801949983970306,-0.012327183230966465,-4.558897276395549,0.5414747537619558,0.0664254447764319,-9.844003520344552,5.2721433899341,194841
134,-0.019151346006870528,-2.247762566942755,0.5732209488515672,0.03376116895489814,0.06125279843550566,-0.008590813439990557,-6.058292613298442,0.621116203974813,0.059314041997991215,-7.421495697082051,6.4618376601161645,199100
135,-0.14995123956698905,-0.9413773887726898,0.582555302307527,0.07576543783376984,0.13180980087268096,-0.15878395174680152,-3.409768101129642,0.6203759582295222,0.08635109134925205,-7.998992914208702,3.537330899360948,200314
136,-0.004056316877865056,-6.686605956681025,0.47767024693528143,0.022851373625150634,-0.023774062141147755,0.00214583454090307,-7.03658620291059,0.47618666158008677,0.05240875290492203,-10.098739487113448,9.706917358817568,203792
137,-0.0743540638257526,-1.1263797115279441,0.4983525107048745,0.05988475106566301,-0.02106048059016591,-0.06738193785167419,-4.458516742623864,0.6034544143296598,0.07271915808422441,-7.470730823582893,4.598597916626228,207045
138,-0.024603236063513514,-1.9326078853785824,0.5762555674528027,0.03221394966783613,0.07327744357945647,-0.016299789101837898,-2.6142355390599006,0.5688022534704426,0.05173100500952201,-9.703743995409937,3.251030712298991,208664
139,-0.11948819015359957,-0.9803961443861314,0.5571181922410086,0.08236879388281226,0.06370710282245176,-0.12892827929385695,-2.9167762103089343,0.595686864088382,0.09124503785113915,-8.716306377590955,3.0771350410652016,209474
140,-0.010393008793108255,-3.692537405262844,0.5755117239801097,0.033648581175715786,0.01715369939137348,-0.0025728541813999565,-5.2088674871582015,0.6055773000802823,0.05753591712048416,-9.827519112796722,6.384914485569799,209714
141,-0.018582088650205716,-3.013824897656614,0.611244386471567,0.04262829100129799,0.0482070850221209,-0.012560895106018276,-4.35421629915694,0.6663196924052363,0.06944317271047423,-9.952753767989297,5.295501873626225,209759
142,-0.01134166007404693,-3.1709378343761205,0.6043048625156469,0.03456905263008864,0.048301900625646044,-0.00017564577186315395,-6.308344305753086,0.5989622732330613,0.06038914681265451,-8.466470520064378,7.06045711193017,212367
143,-0.004919631989938032,-7.068786414458388,0.5018447916524288,0.023576698673526984,-0.07143267898957689,0.0002855970365019492,-9.35447294736433,0.49375803529521023,0.05925169807834685,-8.68447441534651,11.724926673382763,212907
144,-0.016982533997100164,-3.0101089191692196,0.5363143223972933,0.03587522666953901,0.10964198282567232,-0.011922318440963921,-3.481794541595041,0.5683325780339965,0.05859387899311237,-9.670492305521751,4.602569818606026,213642
145,-0.06987353881518693,-1.3666577264662552,0.6331307660783866,0.0823730060793491,0.03255413893374127,-0.061049215454779995,-4.1589374885640655,0.631549363232447,0.09253641465224155,-8.145616764377834,4.377729362933882,213957
146,-0.037155666429621544,-2.1282037588254537,0.5909142877271358,0.050011323495935664,0.10115630549470196,-0.03706481083683661,-3.7625512364484894,0.5516570748777625,0.08281289488690244,-9.953601123928276,4.32273559750985,215786
147,-0.05830828452928187,-1.6210919102452424,0.5817486246575991,0.07411100223783301,0.10186364656935003,-0.047170936552769174,-4.002669471719046,0.6471801162471224,0.08999392755557799,-8.786893798135738,4.3184837479483695,217465
148,-0.10051320003772006,-1.0247354406635145,0.5252861424130053,0.07168977230696791,0.06385037554338147,-0.10938094552501408,-2.6799939697164916,0.5429466737378679,0.08779727716464922,-9.317047269166682,2.8692247038300445,217555
149,-0.2093728349024531,-0.9082212037380251,0.6132101715931594,0.14052419712759093,0.016962051174052337,-0.2087477486810017,-2.045519634734221,0.5347233131605845,0.10642599701277916,-9.846600068863175,2.2380831823242335,220824
150,-0.10167461193348006,-1.2905204116772406,0.574886313642293,0.08131699877027926,0.10216545611886242,-0.09421255649241118,-3.4899783885184723,0.523229991960453,0.09505068100310829,-8.230450159791276,3.720939677726795,221334
151,-0.020273676369038394,-2.7376219073799932,0.5428702567527376,0.03969000235977756,0.08646799550870024,-0.016704407937867424,-4.477078696917782,0.615256628387569,0.06509099154237807,-9.824679782018565,5.247743073566188,221618
152,-0.05141747541442213,-1.4372167150954944,0.5317805232357531,0.04996192962863994,-0.006589469984817394,-0.048486140622266034,-3.452316736549021,0.6023328338201499,0.0677449966576669,-8.837237091134321,3.73952974792371,221903
153,-0.06379876161272585,-1.3428536490303558,0.5471416912673525,0.06060812165684043,0.03475222402329407,-0.06545682903186703,-3.0962216882247366,0.5221299496933283,0.0845104743320826,-9.36964822639427,3.3748843928862775,223554
154,-0.005800830197936196,-5.4099180175453405,0.5140581479060327,0.03032188420719126,-0.09628969548840799,0.0010159024857989353,-6.62319342150973,0.529205772672044,0.05570609830856888,-9.707603511785694,8.551836297269228,223823
155,-0.023911697953480054,-2.799439827241211,0.5557194385064833,0.04789826308629281,0.06025084009108061,-0.021455678056929217,-3.1760417501096723,0.5625081168142755,0.07719083083303695,-9.911578840579319,4.233686873728856,225667
156,-0.037166381423793526,-1.5993743423938525,0.5574494689941619,0.05831643514156331,-0.06577121783731274,-0.043166829153477755,-3.40356913304565,0.5553120928278527,0.08696606410117297,-9.569446916460171,3.760622439241792,225832
157,-0.0831184135662871,-1.2796429641683287,0.522661595591114,0.07380113851420414,0.15739909178161646,-0.0731889046066685,-4.089016606806925,0.5992319371108676,0.07586036400018835,-8.065427731659206,4.2845703316071635,226297
158,-0.06219341517719129,-1.4678873179650411,0.6000376215583303,0.0803937169448857,0.07865049191403568,-0.06024667043070195,-2.8669508615019548,0.598068450390887,0.09081951374515733,-9.95809508766556,3.2208850368352797,226732
159,-0.016128950623821497,-2.9628430010717883,0.5603998390452514,0.0494613038243676,-0.0005468633901435209,-0.0069656200750034805,-5.151608884775736,0.5769184693426997,0.07367815540142825,-9.364227867334307,5.9428539230491255,229506
160,-0.020283484259206286,-2.3738958245344866,0.5960367467903477,0.04321508377168862,0.11830910781034475,-0.014678057977052407,-3.3710049194840015,0.6134674249181172,0.058733736813413207,-10.092918239851624,4.122991092996395,229701
161,-0.05906340996772372,-1.4998904346070352,0.5714696784170066,0.06676337513410624,0.0441522614053166,-0.04678282458527398,-4.965108170419163,0.6440459484648021,0.079807819968203,-7.570723929792551,5.186710948162506,233046
162,-0.013405889312773625,-3.066428650936382,0.5694135349717264,0.03761660368523021,0.10268061835982141,-0.0014308215656531956,-6.827838176984338,0.5956538773221044,0.062299942666256325,-8.02997458749682,7.484808537455606,233256
163,-0.01546572093336909,-2.1055533048687787,0.6275835506115799,0.025133581499913512,0.14125231003296154,-0.0070284370145356915,-5.270388002216073,0.6492723151401432,0.05075673603068821,-7.742919587270511,5.675415792128976,234185
164,-0.04896107842503719,-1.512284248333177,0.5348513685024536,0.052804365039470745,0.07412587091861736,-0.04536317542109634,-2.741460755041796,0.6008311883974553,0.07356264956465275,-9.284302144419451,3.130912122559651,234470
165,-0.30760199017599543,-0.9810205576971649,0.10975370395215026,0.5642445473259926,0.09012945700690156,-0.31396710434210273,-2.2305204824753235,0.5192623736258319,0.11772462797915201,-10.053239078902099,2.436723816390854,235640
166,-0.007415648859277599,-4.942677034762039,0.5433603384272984,0.039055256467056744,-0.018882685013273892,-0.0005309065721595641,-5.897585477237571,0.5390099130321541,0.06348304000834959,-10.320147300659517,7.694905505026528,235715
167,-0.018318817866493607,-2.4378061458678184,0.6087398218887156,0.04200620263573301,-2.7459046406333175e-05,-0.011971415329511358,-3.517541529148623,0.6870322839160418,0.056626775759351045,-10.262738858373181,4.279719291509215,239764
168,-0.11712393894416064,-0.8260749718800424,0.553943140857447,0.08411743903892262,-0.013430108689022186,-0.11555561596864256,-3.6411648039558258,0.6966990322272274,0.08031148565677176,-7.803136607707396,3.733695352962435,240004
169,-0.1442426670767381,-0.8189710438513405,0.5445360264520617,0.06510765535186834,-0.03261353918079984,-0.14237619826161702,-1.3128114850212271,0.450418762018533,0.10565540325447076,-9.790777356334884,1.5473162462375278,241819
170,-0.12460397442252798,-1.1277068853006562,0.5560101795012209,0.08228251381542391,0.16251499198707012,-0.11260861038546778,-3.775289223721587,0.5785082035678607,0.08841122058413839,-8.137676329058836,3.940118214204093,242283
171,-0.007483448208198102,-4.828831005132963,0.5588766709523645,0.0299773089988902,-0.003086501871325876,0.0029359413720732334,-5.910027814816118,0.5567928034037086,0.054673869563899,-10.233564878238012,7.631909174514172,242763
172,-0.11373835841749652,-0.8774615191799066,0.5472995334499549,0.06933967785625308,0.024490706584861254,-0.10932130846737764,-2.6921292747638894,0.5873151829320787,0.07463279567225041,-7.771481915592792,2.8315188061678582,243992
173,-0.11510757577084343,-0.9235681117371108,0.6087959986049288,0.07039558212580223,0.008069146331410293,-0.11501721980433438,-3.9648345895484858,0.5728440004474302,0.07941114673526486,-7.8884467126952815,4.070981623576525,244997
174,-0.015893465944499408,-2.016902822643778,0.5605739798853647,0.044035377351613114,0.022525646045125376,-0.001802532352715325,-5.605326680102947,0.6263533374860769,0.0646857679843806,-7.584354920087135,5.957145640880569,246062
175,-0.06678374433444541,-1.4928549707202512,0.5417303032769433,0.07923987930791883,0.06627592603481222,-0.06349612263767453,-3.1815134158277294,0.5050878766512015,0.09948239371798605,-9.280872422483839,3.5143482437994087,249480
176,-0.11889479938114024,-1.0281331401773388,0.5425616397568475,0.08804805906443328,-0.06029759043805374,-0.15897322123598465,-2.4591564158940975,0.4494314710412363,0.1272950006156145,-9.640668698007005,2.6654283017488987,249810
177,-0.011303067539914755,-3.4629852282332636,0.688520556158479,0.027964437468512553,0.13156532535553436,-0.0031846185284600884,-5.2553613737111915,0.6855482054934748,0.05316116043093266,-9.543890689759868,6.29373417449906,250544
178,-0.10073830578026498,-1.016567546918282,0.3944854800227794,0.08241029187838575,0.04793696222933853,-0.10316635202914687,-4.499530101296604,0.579404618508968,0.0823776342454896,-7.509761729166345,4.612936235189219,251069
179,-0.010580227214007231,-3.017380748389723,0.6571668309763444,0.02547484945850929,0.060056785063592716,-0.005053601073253966,-4.230440649999215,0.709579960741886,0.044632998030246465,-10.01274221551633,5.1962693034444145,251655
180,-0.018587215371371233,-3.2942498941534426,0.6084529151783991,0.04100279424097487,0.08375296683806839,-0.011762917680354194,-4.640808900527038,0.6546113634346384,0.06758297500577887,-10.154636409842857,5.691150113671308,252690
181,-0.23374568747171878,-0.918354788539429,0.4799846691652746,0.1398567708490891,0.09853598612465257,-0.2593845517889877,-2.427907756737447,0.5337499821600166,0.11779793398678237,-9.304823281905092,2.5957872780447864,253499
182,-0.026781598941070323,-2.2471470477967217,0.575582399957733,0.042753911157582446,0.028434560691774836,-0.021638869327606516,-3.435457580748673,0.6449668766130215,0.06743548847563101,-9.928643208386234,4.105123462643364,253709
183,-0.04225019464195317,-1.828006866746299,0.6204918055805271,0.058867770305692756,-0.022481930415317715,-0.03175317931558355,-4.027418965391101,0.626472536964191,0.08936084845024185,-8.95776459979141,4.422862492511332,255853
184,-0.005199988935943867,-5.839462494568452,0.5000333286424022,0.02664597630178266,0.025126858450196677,0.00022418879148100438,-7.9597624846681025,0.5222479255864213,0.0584882088279525,-8.759440965596829,9.872038342601863,258374
185,-0.03288069012800882,-1.887833467173318,0.5999661377182947,0.043096617163620135,0.10939090143996606,-0.02151663321561885,-5.193131183482395,0.6553310413537882,0.07240409569862795,-7.567340050865507,5.525624551906951,259198
186,-0.051395998413207744,-1.5759593565508845,0.4912411413464766,0.059697274957343345,0.027471047207809983,-0.05371686228665601,-3.2711372136818295,0.5425440072347982,0.0738985091145457,-10.054937453137125,3.630975979572765,259618
187,-0.019443167033630332,-2.4468798639460796,0.6405201908854059,0.042226049866735685,0.094454733456796,-0.008751779861728185,-5.327714913221872,0.6434889097201403,0.07101361827774222,-8.582410919733226,5.8627440047431305,262362
188,-0.031921373150176555,-2.1809958419203435,0.5834489966976316,0.04997734936926328,0.07412422684636345,-0.024637674506391205,-4.049078187414602,0.5670960490543142,0.07285345589587412,-9.837814812189619,4.599106112090755,262617
189,-0.007998431843264354,-5.225466184262073,0.5295538600392814,0.0379666315211423,0.03935137378160205,-0.002312714379292813,-6.061907421486455,0.5353639632915511,0.07041322293110018,-9.69815483218397,8.003262986403671,267612
190,-0.03272630616285764,-1.8679971424603687,0.6100989769563904,0.0524269370522621,0.04068046096214015,-0.031549047246095537,-2.8980783688937506,0.6522352051939321,0.06755530594370371,-10.101782233822611,3.4479372901040364,267717
191,-0.06477833070078072,-1.2879730329947996,0.5346067895866429,0.059546079918312976,0.0075234119390557965,-0.0746396432066401,-2.986026392762455,0.5853414647501782,0.07919329814153332,-9.689027260846352,3.2519575876686617,267793
192,-0.016365672923027836,-2.847308346301038,0.5387576882875296,0.04775282557202907,0.06702174856213464,-0.005469779104712771,-6.124488449867435,0.5991153636911298,0.06751432646106169,-8.459091412942652,6.754000561998435,271332
193,-0.040339274934105836,-1.5805551391546149,0.622426546993706,0.046492843542777273,0.12363638744085337,-0.025861884893893846,-4.486069986279745,0.6499957835927742,0.06755824742930454,-8.086012691420088,4.756361894316707,273281
194,-0.058605313103773635,-1.565614986272173,0.595362679707857,0.051809678461164736,0.15476529185534096,-0.055496989377869003,-2.825359252948912,0.5862808719904721,0.06893723513251453,-9.306454891582035,3.2301401197880026,273491
195,-0.098352280879255,-0.9996076681288228,0.4777248710850997,0.06903114779908069,-0.07968451470595656,-0.11341231214838192,-3.5426971179626485,0.5474823962332238,0.07836205789335457,-8.341106332982694,3.681021374537616,275906
196,-0.004586203166535791,-5.494007641927292,0.44379941675207096,0.02034712185775347,-0.08220364111761108,-6.0844671765091086e-05,-8.579936144594575,0.5142082798649181,0.053079133016633036,-7.856312480841439,10.18820024414891,282970
197,-0.044328503743585275,-1.5438885254561165,0.517470334816307,0.061145615457502106,0.05040420209166544,-0.04858943074266795,-3.603395568856785,0.561958422457316,0.07485211940182283,-9.363497260841585,3.920210632694597,283480
198,-0.06384313609139623,-1.5066323194474875,0.5390403393882972,0.07804256324540873,0.059564904859381214,-0.07078765117917693,-3.412927444223112,0.5575048259157348,0.08824728807324812,-9.413571580341419,3.7306855516828294,283495
199,-0.011033726411277768,-3.665295760653085,0.5261622441011208,0.033562214581293014,0.08761973003656989,-0.004558745114866125,-5.8829040353664945,0.5512303149212543,0.06622918875261675,-8.137122767733844,6.931302395826694,285265
200,-0.040242960460393114,-1.7180574537675957,0.5224606198303909,0.05808211590300493,-0.0765349484920556,-0.03378189424563037,-3.282841800061699,0.606823610575026,0.07124289892095152,-9.132478737045306,3.7052357143208487,285835
201,-0.021750971450510376,-2.3229547573697493,0.5587097177117614,0.054052132240512925,0.01745213301681749,-0.015329576130219244,-4.187491132300528,0.5877664295458609,0.07666387554774902,-9.584443042550033,4.78865333761824,286809
202,-0.05872202251416668,-1.5901743736691467,0.6511638441986779,0.05205032807558237,0.18455659732446053,-0.05538921837692127,-3.024855260773131,0.6386242037204162,0.06757845082070742,-9.097819446539273,3.4173679765721676,288445
203,-0.023629493584232608,-2.067795220811054,0.5797734492097371,0.045531343357899774,0.06637533838842556,-0.010558988452682357,-5.887848964731824,0.6157185592793687,0.07135217977911283,-7.628360254504388,6.240396021624161,290124
204,-0.08545461664536971,-1.0101746776084808,0.5036133654095484,0.04202517333062682,0.05839423161853716,-0.08398664364716701,-1.8176946559275777,0.5330195460984123,0.060449295157334354,-10.003633422736591,2.0795352224641626,290754
205,-0.07355053357090795,-1.3081416599120803,0.5924825070653728,0.09697591816044752,-0.014562704601264725,-0.07142744632187009,-3.5942069174725537,0.5746844647818277,0.09881307633704756,-9.094478358433468,3.824860516150241,290844
206,-0.040359915677099394,-1.8272278449141928,0.5579554038414929,0.05877958991531591,-0.022135482778745226,-0.033431877634227655,-2.9036727249542413,0.6218019659430768,0.0715273983690993,-9.4924767335075,3.43075456581682,291804
207,-0.024837306818155765,-2.544535246792511,0.5676014250656742,0.0506612101289502,-0.03840650691197814,-0.013436793686890993,-5.4218540978796215,0.5992782249358019,0.0728893601776476,-8.731256190388077,5.9892538333972345,292868
208,-0.06497028298420598,-1.259664511407854,0.40601097310887657,0.05544657502975053,0.09466176613114832,-0.06618842511372694,-4.661980639321917,0.5497445956038638,0.07238989976133801,-7.605032697001946,4.829163298410272,293123
209,-0.05615891122974722,-1.3315569398708769,0.5712406428594048,0.06225076854434574,-0.037302683069657276,-0.05615497412645269,-3.8569766943758306,0.5779098713002334,0.08559169328836448,-8.285040289100191,4.080356982553929,294908
210,-0.06342223821028396,-1.3855587027012615,0.5479958861839392,0.0670597023122429,0.10548682774302853,-0.07471088162393386,-3.0426237216372125,0.5457205859323931,0.07973035644204474,-9.579600665653832,3.3432517150374252,295507
211,-0.03691161250527717,-1.8755264663934037,0.67578490430167,0.059471821293697394,-0.028944071123728272,-0.02864231369336057,-4.380635913396078,0.6426218898488402,0.0831971458153842,-8.944174749020505,4.765246114512619,296841
212,-0.06474245992155653,-1.3381042198684763,0.5196730437576232,0.04835898581591336,0.09423453183878228,-0.058123759485711315,-4.7071423413230855,0.5908183983625935,0.06611100462987225,-7.687260781450061,4.893639946369819,297111
213,-0.04340540146174159,-1.6150417082329296,0.5074112881603545,0.04455050445975377,0.06175167359266476,-0.03217303874937652,-4.585931701877533,0.6046186809229469,0.0627048985924024,-7.742631126284272,4.862008771445945,297186
214,-0.03508994560293649,-1.9512344883798811,0.5153009518199247,0.054353120076079,-0.02099281568268304,-0.031155927860615315,-3.963001952360657,0.5899768719115775,0.071215599259855,-9.352555282553526,4.417318247880435,298821
215,-0.0032291678640687877,-6.864707139451491,0.5176945223123572,0.01797622738921902,-0.017545070484816693,-0.00014703563368454728,-7.291384294479142,0.5096347778023208,0.05090020647963553,-10.25868950072918,10.014414063748982,299751
216,-0.03741852959411975,-1.8413043560913607,0.5848458045673751,0.05033823566214925,0.006687686371252564,-0.03273434546860879,-4.740013404657805,0.6235488771974171,0.07381482570377258,-7.969439791354286,5.085088869242768,299946
217,-0.028635134436262553,-2.5285968255947995,0.5511472273939556,0.06615677807964036,0.06707790722367513,-0.024980457406523597,-5.2819678368023215,0.5547330780396458,0.0929743973358446,-8.453610222362537,5.856021357152166,300276
218,-0.02452875473724902,-2.3091621262995057,0.5752866765088124,0.052750012743576956,-0.005451848838873267,-0.011811665761114993,-5.6806986653946145,0.6228921017240698,0.0728617953119322,-7.967287483490026,6.13209320318537,300935
219,-0.03883127198362121,-1.7245752862696728,0.6684807496722661,0.04019528054031728,0.08144293690960809,-0.03097960792620851,-4.552381646030541,0.6918205600008905,0.06389609875814775,-7.986237031385639,4.868093935939184,301235
220,-0.04466317210900649,-1.535686650874706,0.5759015125819245,0.0564535985134323,0.0822205453621993,-0.061531927178768625,-3.398511748976486,0.49420600957143634,0.09455023569920534,-9.667501775349633,3.7293720111576407,301520
221,-0.015171749225156987,-2.798179903595263,0.6829630387530363,0.03314807534898301,0.052284983160711555,-0.005563390507796975,-4.067797683578349,0.7085258747769158,0.052787600570766646,-10.03284422876229,4.937285566726901,302749
222,-0.012192138444817058,-2.5115291810706757,0.625260882318287,0.023333906006843125,0.08964681138882713,-0.0053772183428470455,-5.466649942174352,0.6625903919571109,0.05156158220537784,-8.104141769031347,6.0159820825567945,304234
223,-0.016627674408639867,-2.897963549593796,0.5706637142249422,0.041167770323382515,-0.016366484828487664,-0.006744212978922367,-5.513472093894478,0.6404766214151727,0.061793223667140997,-8.767888354806137,6.228689048662442,304849
224,-0.018044747359302234,-2.557544030655936,0.6178946111082442,0.03790702119796251,0.08852626295834672,-0.008995384956458474,-5.931468619816471,0.6446779174427163,0.06464440958207619,-7.894299891804485,6.459361536298407,306215
225,-0.0886409001872656,-1.1575249514235326,0.5829334890146113,0.07275267762239764,0.04907375287448983,-0.10313693706856404,-2.6749561982018855,0.5378482594126676,0.10318555439112662,-9.31715919487174,2.9146620173644036,306469
226,-0.00612469768269314,-4.4716982343215435,0.494238569580822,0.02550231491350156,0.06273318448943843,-0.00025128711497815855,-6.3769030380086,0.5571987193619334,0.051896627586267806,-8.634436648288863,7.788515741461766,308313
227,-0.012215399117504593,-2.7111480806173796,0.6158994879928096,0.022459059551307583,0.10048991557554682,-0.00420940694005157,-5.734565109146741,0.6293559156947375,0.0499855516479401,-8.176857524965287,6.343150708132236,309243
228,-0.073735348796065,-1.2441191553509572,0.5489415750615068,0.058674580865865786,0.09660133529845213,-0.06229390331308245,-2.1062866647258947,0.6005109245315873,0.05567982263997117,-9.287700720522105,2.4462779863934747,309438
229,-0.03488629216664323,-1.6569361259808892,0.552673080565346,0.0367876897577322,0.09862746864234041,-0.022652154105996712,-4.1110599632581355,0.622189100118178,0.05370638380039228,-7.643463374554106,4.432409203478909,311103
230,-0.3186827313171444,-0.7815876505712145,0.5494313668518022,0.08553453463685465,0.00807267886246575,-0.35689657661521235,-2.4338424501203457,0.4940887363963596,0.11218111743310505,-9.188685022969397,2.556260614165394,313412
231,-0.08797584567285396,-1.1662350877719643,0.49578421852332394,0.06422238901371223,0.1329795464951477,-0.08448817870066257,-1.6907761229827138,0.5062375284680547,0.07491019778061579,-9.975015341492512,2.053978621602216,313577
232,-0.0045013507902601484,-5.792069254569802,0.45076282943953977,0.021867820753780902,0.0021552098999682075,0.0012935473324241823,-9.04759310438233,0.5063875914208253,0.05331869047059854,-7.951095925129558,10.742765343811595,314192
233,-0.005518073019677777,-5.698770473536199,0.5694953291700231,0.0282464503137948,0.015975761835214708,0.0005016902613567414,-7.477212814792276,0.5769765947495692,0.05606733200478007,-9.460797211408883,9.4013135458691,314476
234,-0.07904891009104771,-1.2146679348170746,0.5258319369496657,0.07293242731590176,0.035150847496024006,-0.0855463851112305,-2.816425958858694,0.5854890656168823,0.08131385533242501,-9.724882976370786,3.0671930773275244,314536
235,-0.008818163080529833,-3.877903255988748,0.5892924705507167,0.027406533778434418,-0.056397402150906224,-0.0017933391245704856,-5.113179878634708,0.6156121507718573,0.054252777387990114,-9.67689664034419,6.417378135506975,314777
236,-0.0038410860155740664,-5.449139399786216,0.47059763219674056,0.014019570945150302,0.0290700391152655,-0.00011640700918928819,-6.756027409151063,0.5617007611033066,0.041017511263693074,-8.998399723656958,8.679690464037465,315392
237,-0.07191985448940146,-1.3637933896521388,0.5120526822444156,0.06313559896814433,0.0818884275735422,-0.08575993603069725,-3.776624931459144,0.5442559467269865,0.08350097370121651,-8.731418674390106,4.015324181504858,316322
238,-0.0899922512913824,-1.4383359030053628,0.5864095006897833,0.08607589561338856,0.09604440843516275,-0.08838683590108072,-3.597400641681526,0.5910571048919272,0.0942011840847493,-8.996482713380558,3.8742872307877363,316382
239,-0.04709167842322101,-1.6486444761337347,0.5985322240167101,0.06013136913579533,-0.016144089049534675,-0.03297645796448485,-5.164994610635607,0.6267378371857223,0.08538333175304719,-7.542986407749574,5.42173384966296,318992
240,-0.027714438508441082,-1.9943525378311078,0.6481513266397767,0.062357313646189814,-0.03425517792663225,-0.0165901033026509,-3.965276531982896,0.6440442271278857,0.0828219526412167,-9.565523668847648,4.4385650857284595,322771
241,-0.04238939201357549,-2.089935655507079,0.6224551202386902,0.05856709488411512,0.1468478012078515,-0.037512510425586586,-4.257521791560003,0.586553244796314,0.08525468901525313,-8.934943259920665,4.742818028321148,328382
242,-0.037465567187843156,-1.7065118639718522,0.5508272773613747,0.052636549892120084,-0.04128639800714982,-0.039063555003383404,-3.7465900530231773,0.564863788261649,0.07544620053707773,-9.542659451366196,4.116930867441048,328772
243,-0.11850915668250563,-1.074607742785588,0.5839262360167601,0.054343644011975674,0.16440854967967627,-0.11509586233336655,-2.0939418178755367,0.6076403160516762,0.0743389544159664,-8.640585360459589,2.3535875036850964,330317
244,-0.01549899743695716,-3.2010019852488734,0.6044661022688804,0.046678764131821794,0.08886846976425741,-0.004571212452257581,-6.163851512371566,0.6564775061559369,0.06670682147593734,-8.957181163909143,6.945464647965064,330377
245,-0.10277150727393819,-1.0037193502775088,0.5734843108140869,0.05787211302653748,0.08125857375460602,-0.09792407000871715,-2.311113123258521,0.6144033093927153,0.06460095753661695,-8.58383587970349,2.5196619619741174,331307
246,-0.12776339116811972,-1.038342899726374,0.5322204298529619,0.06766124093030461,0.1108147614104,-0.13354150209558194,-1.7754430744558367,0.5854629031714431,0.08642224920963051,-9.783014269236052,2.0567824600684848,332537
247,-0.011551516565930274,-3.1872270692763705,0.5588117719456006,0.03892550952602592,0.03998309394674464,-0.004559063734763164,-3.827521751405609,0.5928748068671351,0.05958055872765124,-9.984744793383566,4.980797039491883,332597
248,-0.04328103049405552,-1.7780775022406037,0.6164595812712391,0.05941420629574597,0.02788925169601756,-0.03828952153129758,-3.373118168844304,0.6155909801529658,0.08556065845122195,-9.93582687051725,3.813067765587406,332732
249,-0.015350430124182511,-1.9279722741780403,0.5882131819400434,0.022071548001725186,0.03304199626711973,-0.007554495426088816,-4.807552486407183,0.6450299444774887,0.05175543024231784,-7.559823323659667,5.179733390779793,332972
250,-0.05639989040313189,-1.4365369320994887,0.5957830148353565,0.061550967062105784,0.13075007902119926,-0.049955778120062404,-4.377503766888261,0.6214104379003582,0.08459864010910714,-7.511206897582828,4.607187600522333,333032
251,-0.09083877002264001,-1.0719525395712926,0.5580573224078191,0.055092081156920984,0.12661840376456565,-0.10104773501254262,-4.2875535662425195,0.5682302259127181,0.07470334918243422,-7.778576712566009,4.419524615893919,335132
252,-0.0423203475824837,-1.4074654024990834,0.5543247152072934,0.044125112413689827,0.0930752883777532,-0.03096595041154482,-3.533830299450092,0.5924740708031171,0.060399348118905044,-7.783830131095074,3.803802760993718,335147
253,-0.038664908475876426,-1.85912490773384,0.5301287343388205,0.055017797375589386,0.05504798529970038,-0.039909055290293184,-3.410790988870924,0.5515821115905754,0.07777540766794934,-10.183550536230463,3.8845644018756404,336662
254,-0.14903739840751914,-1.1378148464061946,0.5671274649893908,0.10003497510539985,0.14220129199958634,-0.1323709827044218,-3.591636076121014,0.6086371119860345,0.09061677794527959,-8.581377414253392,3.7675552189710912,339315
255,-0.028607117531814233,-2.5173223915209784,0.577410559310835,0.0508725078456269,0.031732015340126,-0.0193749488961916,-4.099819184380703,0.6317963244055088,0.06499329265318313,-10.166237905111698,4.810969690973842,340636
256,-0.08505081868004967,-1.0557523763323422,0.5695404901498231,0.05790551004059282,0.02114633405756131,-0.07547447808243361,-3.155266126917051,0.6565319114604877,0.06272620552820767,-7.61400273040189,3.3272086516780877,341101
257,-0.03700423312877475,-1.7724569783388335,0.6060976405021635,0.051407306511086055,0.11763979659044463,-0.031008291490082055,-3.647238339173742,0.5693334634469027,0.07804465153197547,-9.197541965588277,4.055114208354786,342405
258,-0.0699019439631212,-1.1346940946374753,0.5844646588585551,0.05168034475669423,-0.0694386918616547,-0.06458831954226879,-2.557285010854947,0.5869912981265767,0.07020338192393213,-8.676934417064528,2.7977200208649444,342825
259,-0.04624630989918143,-1.9709712311152425,0.6172351321950263,0.06591466946388683,0.10632638722527726,-0.03819447764621602,-4.2877091566951915,0.6222176032990111,0.08586306058219392,-9.241357176713702,4.7190229291974966,343424
260,-0.014134060521037774,-2.9228084363876192,0.6255444678499543,0.03240896599812034,0.09604334437992273,-0.005990375112975712,-4.036253780680359,0.6630968181868323,0.05287926244614488,-10.020911403476964,4.983387777192854,343589
261,-0.0045932768867381615,-5.6162226507697675,0.4718823591143078,0.015234283346492778,0.04869553455836362,-0.00222848356075268,-8.836531962812204,0.5222947881438909,0.05314799907914938,-7.736058307722022,10.47025567943883,345148
262,-0.024910254927804073,-2.48302988563328,0.5947893194175224,0.04840454981262584,0.03304239000891946,-0.016546296679624713,-3.7506562797446543,0.6507797154339967,0.05854472865977677,-10.276035005330032,4.498095145918551,345628
263,-0.07593465332448684,-1.304955101526106,0.618071732795185,0.06998271220398669,0.031563330841716024,-0.07478826815697233,-2.891365496434496,0.5873095919577338,0.08095160044143904,-9.919873466893003,3.1722077881139676,345718
264,-0.09339080491248382,-1.2296792344193659,0.5702460135524753,0.09622582220596985,-0.019837334987100767,-0.0939329663038729,-3.42213836645208,0.5080139711014222,0.11027011231911378,-8.50057130459956,3.6363638457538197,346842
265,-0.06310959755035253,-1.4924055318161187,0.5710639054241305,0.045402746670405385,0.1279234908007409,-0.04904004236947558,-3.1499515376269187,0.6250932537776547,0.05938153987669866,-8.308380299786714,3.4856088364579207,347262
266,-0.059063635427110316,-1.4597648888836767,0.5337641479724282,0.06743184260689584,-0.03703939861424496,-0.05793632164919141,-3.255939602577877,0.517011452095091,0.08379861951818722,-9.30713959436419,3.568200698734946,347772
267,-0.008909768192222793,-3.7189870083066117,0.47719258923097607,0.030758017487480683,-0.07556776212936325,-0.00046304404154802107,-6.9177205245958895,0.5446845096279885,0.05523463200804746,-7.803439655380927,7.854025822746484,347922
268,-0.11074484464901108,-1.320332388213138,0.5355253841419993,0.11390392212136295,0.1271247468996469,-0.0978094145148414,-3.3836740996735184,0.5334230553105985,0.10409207570077694,-8.529541790195733,3.6321519830764246,348282
269,-0.009552396617662698,-3.5013195329356397,0.6355729990463038,0.026802217903903996,0.05974398740032477,-0.0015483787950924767,-4.847103985969618,0.6392077224564282,0.05438331349936872,-10.00631763785491,5.979436053886621,348612
270,-0.04338760632764962,-1.7735658827329932,0.5658466331356813,0.05203228200869809,0.062221117336012315,-0.048344487411574724,-3.162394598635325,0.6260736588980875,0.07250359871351983,-9.960890660699098,3.6257793007672623,348642
271,-0.04415642213697582,-1.9252619756241276,0.6594799464043276,0.061627791455073036,0.05216088411519339,-0.038128989515017926,-3.605961389598015,0.6367413349898016,0.08376786790931606,-9.84434822715517,4.087736686487495,350696
272,-0.039083564093993654,-1.4463264687047972,0.6555126220636346,0.033140831838252,0.049733575482532544,-0.029856163791480164,-4.510413103284377,0.7036329709783508,0.058641337432776955,-7.2561172957393385,4.736632413049961,351011
273,-0.020369802514708886,-3.145528662535382,0.5771324488746785,0.04848133981723805,0.1334780710721562,-0.00970634855925311,-6.15133296640523,0.5462512482937998,0.07872134160403,-7.879098093776588,6.908925229760081,351206
274,-0.016937088364382596,-2.9586021692166278,0.5693672738046344,0.04567674653349419,0.05633394457257675,-0.007552941116670743,-5.076960696137852,0.5776916526727317,0.06450506233339415,-9.20062478406077,5.876125994719811,351475
275,-0.012884828470051644,-3.0029509120814515,0.660224091322428,0.030715708989870583,0.09452538566884706,-0.004695028480242183,-4.200868162769532,0.7129282311190244,0.04649154513881593,-9.978372932778937,5.163817144452492,352646
276,-0.009120997601922348,-3.4181964113537484,0.48101859718624695,0.03239811807277266,-0.02885382288279393,-0.00215372092408655,-5.382924510655244,0.5310578468119267,0.06387815909252893,-8.112555599720247,6.376514956777303,353860
277,-0.08317226599992983,-1.2123205425096353,0.5409704618485216,0.05995365856609725,0.11612857236788249,-0.0767038370225186,-3.5634588112464733,0.636327622552414,0.06735712212646215,-7.456130343402596,3.7640350419783535,354055
278,-0.009087687520600017,-3.108945684792527,0.5861858290461296,0.024798234324514862,0.013404711045297096,-0.0018275201008352557,-4.470397766485337,0.5611566586546218,0.050788778834775145,-9.610647614896202,5.445181306585407,355720
279,-0.06758284081208794,-1.745664915458762,0.6044349678670037,0.09057006119054159,0.11097523437143954,-0.061878238226248834,-2.993556191794951,0.5502755040957992,0.10857311829034112,-9.810265759867972,3.4653606840410616,358674
280,-0.067513342300079,-1.3325565160391184,0.5170897471485342,0.05696012096524006,0.07767983281758871,-0.06437744879456375,-2.9010216439999823,0.5873162098850436,0.06476037326875064,-8.680964287845544,3.1924337812074777,359349
281,-0.015890348295619396,-3.176520993127328,0.5935729710808676,0.042556427066146645,0.016960345245912965,-0.0067420419428758285,-4.808930148610221,0.6238164725618465,0.06383308023380917,-9.850134765506535,5.763340593266283,359678
282,-0.017718791863244675,-2.39566986648725,0.6460528576507658,0.032015926275336226,0.021377783100502198,-0.009449653220227252,-5.767190662176026,0.6996912376463571,0.06151114213792101,-7.170053622622265,6.244975760007832,361973
283,-0.017451145030907427,-2.1831035081401224,0.6492723141194597,0.027504567269259646,0.08892754489373118,-0.009135041872558513,-5.145594493981352,0.6991944625301335,0.054197571123113575,-7.774321730907572,5.589551290018271,362169
284,-0.03903838449931692,-1.7072647891259995,0.49335417578840884,0.04690783111915325,0.06644763190076383,-0.04132275853424038,-3.0031310049760527,0.5371214071010061,0.07126987456003601,-10.035656676603907,3.4544969088476427,366639
285,-0.03730494450554605,-1.8302346629024155,0.6214634446919193,0.05018519701056428,0.11119252424206427,-0.028770202015818765,-3.8317802184692913,0.5893002585698467,0.06742597918414692,-9.117076149819628,4.246445403386471,367389
286,-0.0837816952823666,-1.3325648464353193,0.5239767740755634,0.0784192973928961,0.057624886457054623,-0.10071520058041118,-2.671501021907807,0.45022392131376743,0.10211734092648818,-10.143860648881072,2.9854056307325543,367613
287,-0.026696480645532473,-2.5083110855666875,0.5880271463575099,0.05001653380621587,0.11265028158987415,-0.017835085672728374,-4.859952039161404,0.6103996928109802,0.07412378034743314,-8.711024493560055,5.4690728944607985,368318
288,-0.12200339561292407,-0.9037202254690105,0.521737625999921,0.06330584756162673,0.06693347831254619,-0.11792702816059837,-2.0164949017902503,0.5998287580917817,0.06565012744062997,-8.684159271005033,2.2097425041999417,368333
289,-0.022722797937754693,-2.211965299748651,0.5556564693165075,0.032475268139979,0.12637248072010698,-0.016533889541037714,-3.3265332580140567,0.6412607489671626,0.050753752981897965,-9.010021279686026,3.994823400848372,369383
290,-0.048531194339389176,-1.5695215248338998,0.5751609300287867,0.060249920211653894,0.06335455624656922,-0.0478059169389763,-3.198267516337534,0.5591522389964177,0.0797393893501661,-9.611611833347563,3.5626272500749763,369459
291,-0.030898183850469243,-2.0254868120799214,0.621496230416453,0.05145550042515439,0.040145309299053744,-0.023798029203834288,-4.52644032434621,0.6418412392760305,0.0766488666240532,-8.66652937302277,4.958957434358265,370313
292,-0.010609173924693934,-3.0900234759419494,0.6306067052738192,0.028586538928692118,-0.015953731902661805,-0.004633700299918462,-4.1569294437413085,0.6725093856856176,0.04958793346982055,-10.24670361611296,5.179604954252379,373671
293,-0.09559002834459134,-1.1333163018303773,0.5582713902063275,0.07317856615363177,0.06532466443480595,-0.12464030415295643,-2.677413923643854,0.5041225301135128,0.10754730403145871,-9.410675268695579,2.9073959411329686,376430
294,-0.15743046838848865,-0.8327816877730251,0.5045083712414746,0.06307976176886118,0.06170392056736569,-0.14958148567698365,-1.8810151836592865,0.5549990786218768,0.06931644616465912,-8.640101787312625,2.057120186242619,377270
295,-0.03863473059412667,-1.926230876953607,0.6257251600119199,0.05055876295755549,0.09465172907658187,-0.041028314351502344,-3.4808128717482347,0.5916690276805999,0.08093096470917369,-10.275101526068365,3.978243788338977,377600
296,-0.0538448609379235,-1.6778881752598924,0.5469290069231385,0.06569125694447522,0.029436509695785682,-0.05789115694865108,-3.1766190980197804,0.650601473609717,0.08033547050705075,-10.115628067078307,3.5925224595791985,377660
297,-0.08548972016055048,-1.2364167378462052,0.4753327266112503,0.07281533604438986,0.04330828394637211,-0.0725376695663633,-4.233226429991212,0.5634806085252503,0.07239180202023393,-7.977901329098,4.410094370555169,379131
298,-0.06770249782036897,-1.2610899875693546,0.49615395661568606,0.04581321059979426,0.09267064394812849,-0.0589666024851868,-2.7087001005699434,0.6321882264780304,0.05642218659022579,-7.984089696480321,2.9878762008448905,379161
299,-0.09558911952070287,-1.1207525434630328,0.5033637070348823,0.07762405728189666,0.08195298075657081,-0.11150858693717483,-2.2772975857639843,0.4993679000185826,0.09014702918248205,-10.219274452441695,2.538143131859456,382564
300,-0.004252561841289919,-5.7140272564612165,0.4757043442721804,0.015584056809817191,0.08416735787867571,-0.0013355843821204608,-8.660894830437412,0.5057932447353701,0.05196727322423646,-7.787065276406708,10.375991844227674,384094
301,-0.029073761859959604,-1.6742146551730388,0.5420502768009982,0.05051965494397276,0.12047442977846502,-0.022901948885888774,-2.7469597037792584,0.5868401976892959,0.06838934463777267,-8.662552600293594,3.2169523350188465,384274
302,-0.10088012100198535,-1.1207586256315127,0.5739598680408473,0.04962915997228872,0.15845578316812065,-0.10106806154002869,-2.0708828452052908,0.5412572427513908,0.07146793521952084,-9.14315189583469,2.354709250734153,386374
303,-0.006799985593852601,-4.254965874155097,0.484283619849078,0.022473679732624766,0.026684869761314317,-0.00171419884303461,-6.616013442230822,0.5456891395381223,0.05924534626509171,-7.825956383611781,7.866153345695937,387139
304,-0.032447813660619704,-1.8803974269980763,0.5943902042182635,0.055637715583410505,-0.018285874399961016,-0.02073947802195863,-5.123679118404175,0.6431651538120227,0.07910750913374186,-7.715749805046352,5.457836768522119,387918
305,-0.0258176726841178,-2.3873972252110165,0.5463334383837885,0.04735963858413088,0.019135671615793874,-0.023760935145101626,-4.2480755914419275,0.6191363339286703,0.06905770480955838,-9.391093878689707,4.8729674472081115,388443
306,-0.04386035302198715,-1.92792074239734,0.5420795640295568,0.05481917512617232,0.08093596630752102,-0.04074492726252276,-3.618103032120645,0.6322452937175739,0.07000379529742067,-9.715599211938766,4.0997009573878085,389478
307,-0.009086281124592647,-3.684326653629021,0.6163682063752074,0.03502574562378783,0.025182562272985376,-0.0014471257073140856,-5.123207926299857,0.6326398115764652,0.06275340536980635,-10.04749015756108,6.31042964834748,391562
308,-0.018470683978275972,-2.582576400576115,0.5849119905600872,0.040658018926187825,0.0303441266153985,-0.010144958728856771,-5.11365459300502,0.6182633943683061,0.06327288253145552,-8.517513016260468,5.728801284856546,392252
309,-0.04063920900534935,-1.5764168061346666,0.5985638318524679,0.04477856318810005,0.05790604332008529,-0.032631853241023495,-2.6788457752741808,0.5884391071233304,0.060582615657859634,-9.01586273671943,3.1082639261118334,392387
310,-0.02258401807976502,-2.175006904555384,0.6403337983241667,0.0329464183345286,0.08357446618311391,-0.015491217761824345,-3.1900306638710276,0.6302365288744138,0.05503442761538118,-9.387875230888902,3.8609520420876793,392447
311,-0.07704510522953814,-1.3523128393034705,0.5842904533203607,0.06544411559642663,0.13323040057659669,-0.07382288135725483,-2.8622970098763716,0.5293716357441942,0.08224441306187982,-9.419915112224075,3.165674365453944,397440
312,-0.004288589415100494,-5.472070390119402,0.49733763726712926,0.01670510126173455,0.075556945661514,-0.0009918380050133635,-6.575877979831648,0.5655077967021761,0.04585850955866694,-9.121242837476466,8.554865607363816,402402
313,-0.04902173245427197,-1.4583769472371977,0.6328604445441127,0.04468234380756985,0.08674175197069804,-0.03891024133631441,-4.614907672131517,0.6768767371871889,0.06487887597874774,-7.490864259791144,4.839859103582586,403032
314,-0.040290833599407154,-2.0470564258148625,0.5450759967524031,0.05353719588690725,0.074858107642294,-0.036653598512717885,-3.836216402685218,0.5894346971121651,0.07563285501423794,-9.634862416384943,4.348217600201378,403512
315,-0.027857164771442715,-2.401697088229399,0.5150468506253768,0.04870092443770255,0.08795303394619099,-0.02352237722092942,-4.294019164430711,0.5475015563402151,0.06967950789241324,-9.603096384520018,4.920035516955929,404531
316,-0.015776372768029095,-2.45956728904689,0.5595270471411212,0.034464191250235934,0.06394164862919069,-0.006141248733180227,-6.098396616960764,0.62990856913059,0.061789883284735045,-7.385650599900116,6.5757062394170225,407021
317,-0.03069504909014871,-2.0549142368511717,0.587505455574561,0.04981382416540848,0.02479781791645094,-0.02177310091862099,-3.7753028878281936,0.6208904256986083,0.06749601004357716,-8.84400659760752,4.298323442420025,407366
318,-0.09280010961123122,-1.0815323004228796,0.5225224455000803,0.05118859954525608,0.10607812316563463,-0.0874176994490376,-2.1708011515171686,0.5955691927282409,0.06473897993484642,-9.87420421786586,2.425301992801365,409555
319,-0.01347815193005809,-3.168254573876796,0.6360618428577731,0.030216400363167664,0.06279659785701201,-0.0070479099176452,-4.420394369795488,0.6483386668078308,0.05714926423718788,-10.006338653289104,5.438540560610989,411609
320,-0.17223215546546916,-0.8353924812142294,0.47077678614974416,0.0770010690983362,0.03552607896380686,-0.1725144425295641,-3.8013191851048176,0.5825046716368524,0.07919599564871294,-7.508608456250132,3.8920313648164786,413093
321,-0.18880816230915906,-0.9032033406323641,0.5568289623198753,0.11488602361066137,0.03919541743379009,-0.1763483325903004,-2.388235394299032,0.5742176495387372,0.10465920843927837,-9.653945950172641,2.55332030366582,413693
322,-0.020485220580101313,-2.6408793616490724,0.5823907893456783,0.04882402883974324,-0.04858462875528793,-0.007956826965530734,-5.6163897907615885,0.6064057499797565,0.06763860777967762,-8.400380761661115,6.206293425592688,415822
323,-0.06723066238372992,-1.4084772141251343,0.5234300301898324,0.06059680994623303,0.12333740684221176,-0.05236928232624701,-4.8725829621888845,0.5711056053228206,0.07372678211183857,-7.334427975778867,5.07206790038571,417053
324,-0.023335471467740964,-1.8757846830953633,0.5761379826661366,0.0381999844892901,-0.06918760029017695,-0.01097514626599254,-4.777983382783201,0.7116751000583769,0.05569455069768855,-7.512762446003453,5.133000426990784,418912
325,-0.01512171753659959,-2.7910443807739913,0.5806196921443834,0.03779854805965123,0.021239316561607158,-0.008251667028995812,-4.8772438213632165,0.642245153805298,0.062129475996663026,-8.978120495528918,5.619380395424014,419767
326,-0.07437676702226366,-1.3410828794138963,0.6279493853457754,0.05844043531801727,0.14862126224886704,-0.06570941121235188,-3.7895286006960913,0.6433270626917014,0.07963430849922566,-8.445970347192159,4.019829636309323,420276
327,-0.012899164291265301,-2.8019067045034673,0.5224985078598741,0.028039711453999902,0.008946753894323896,-0.0026437600083922953,-6.580366525935226,0.6037627284986815,0.056334187881418724,-7.430019333597117,7.152055983868577,421056
328,-0.004464695260238226,-7.423113598483973,0.47271566722641367,0.020234624435376884,0.0011297588162416806,-5.8980836087315315e-05,-8.946446046733193,0.4600898652291605,0.05255420841947452,-9.324950365138296,11.62503816609243,423425
329,-0.01938278852806423,-2.9508218679247515,0.6753384895239043,0.04456766995939593,0.07767362502324088,-0.011771679172659257,-4.49341964264036,0.6798453291573124,0.06915933474341547,-9.877822774347571,5.375701794285946,423650
330,-0.03284428996944022,-2.155443375665589,0.6731881499232729,0.05423234699716231,0.04120936278631958,-0.026317978606028764,-3.573336246399003,0.691786456241585,0.08320263041820902,-9.62286247665332,4.173088553521191,425690
331,-0.05860830210493485,-1.5292299521021393,0.516472765394814,0.06290120699743289,0.06813100117652526,-0.05256985730469042,-2.415599199930068,0.6197850144966206,0.07517523878410386,-9.963819193676866,2.8589620041387565,426590
332,-0.03146868688000981,-2.5115142987042294,0.5414072021344388,0.073366319933707,-0.0681589724198711,-0.027189244176395476,-4.993920259381874,0.5114065380019491,0.10394929034199728,-8.499303775963941,5.589896566991246,426814
333,-0.01623661935711511,-2.6334588350484323,0.5909653501282779,0.038386187092227714,0.07701238601764394,-0.0029509667251156023,-6.995015267777638,0.6409032428895326,0.06634431120263773,-7.364343308291613,7.474312278219108,428058
334,-0.021186062909474408,-2.85513603420879,0.533226337914911,0.04809536377306288,0.13394752070945826,-0.012165547234447445,-6.223204033150101,0.559041806154706,0.07527198926990321,-7.502354308333571,6.846902234737486,428118
335,-0.054561063178202994,-1.470425926157895,0.5066952524975811,0.06707850670926611,0.033818711297582106,-0.059003566868400484,-3.3755955426507587,0.5869106471535505,0.08025024198287743,-9.537931658926269,3.6819556857573628,428478
336,-0.06916661287573252,-1.563913511995201,0.5827053122173587,0.08570684954157697,0.129028280029705,-0.06027928012344078,-4.278279865149328,0.542664550909814,0.10461011870041109,-7.5162713647920185,4.5551623546854305,429153
337,-0.01106424721316526,-3.2563436713448874,0.5816003387861068,0.04546426263325081,-0.050283324554393875,-0.006183513290571406,-5.037710874457044,0.6560836261448507,0.06690846774315863,-9.051967897621234,5.998525232132533,429783
338,-0.03381438753479401,-1.7956985259379552,0.5897165881051577,0.03955504338433117,0.14783507684225963,-0.024960414137275934,-5.026721537141728,0.6354075110007323,0.06841035827162002,-7.568113240316985,5.337833137895961,431133
339,-0.02062331292010112,-2.5746742738788546,0.5645479760849825,0.04505162759522564,-0.055411872510693065,-0.011104064674175471,-5.208269416835932,0.6172906166176245,0.06623172994411092,-8.478225257996018,5.809906878334807,431823
340,-0.06853669660382634,-1.3947600732077476,0.519026860793851,0.07175660606422106,0.09144107096285475,-0.08701374928118405,-3.1918754327419,0.4782899411956457,0.09647314528194868,-9.320591427081416,3.483306538327595,432423
341,-0.16747489312750127,-0.9712959733280794,0.527128460443538,0.10026355284664569,0.1157931739856753,-0.20615569009828158,-2.9721500253576494,0.5390314378577322,0.10457362850077138,-8.354888822985972,3.1268341243239655,434269
342,-0.1103384120787657,-0.9950438402200423,0.556318556579731,0.06807579744193762,0.08063162485172129,-0.11923948645653613,-1.3813064919146814,0.5454829054736843,0.09722036574779647,-9.96511997479374,1.7023865214943088,435679
343,-0.004578882989770884,-5.832822843588311,0.508211512656357,0.02051494026976209,0.06741972030316273,-0.0005351760498885599,-7.412550432151666,0.5221182515366305,0.05810329969719502,-8.745533797069095,9.432270470776244,440343
344,-0.16113448614807666,-0.8344154405558384,0.49965449074837065,0.06743106836292788,-0.016638981299481662,-0.16062454445178778,-2.027047543120424,0.6061253887473806,0.07203210077440912,-8.307829279382748,2.1920699964892862,443851
345,-0.03150726984645282,-2.2544671034160526,0.5924368206641698,0.05996049007178656,0.1017055756259546,-0.022597158237621782,-4.635642489549439,0.6564129655201025,0.07425913232442317,-9.15273665398338,5.154784497076603,446415
346,-0.018676339985816588,-2.424136294078407,0.6408139247472385,0.03140528074950221,0.13178236318282172,-0.011713701368241625,-3.1593565100639496,0.664035069572031,0.050536860610110056,-9.922002551728331,3.982206716125075,446535
347,-0.03192737280681436,-2.0038579537502703,0.5778323786326642,0.045739269077701275,-0.0006311426620084997,-0.025753940983300267,-3.036830880081421,0.6136351686690673,0.061885566011386395,-10.080486288639795,3.6383771784992716,446550
348,-0.037516144244736815,-2.122980040020656,0.5504348364245761,0.04797449880096414,0.07043090697032565,-0.03783140194025842,-3.7280558886720856,0.5521845504791639,0.07061997715856576,-10.182639056180586,4.290156752309724,447615
349,-0.07108107183587987,-1.411887920949749,0.6278853299173692,0.08317462280535982,-0.03328868933542951,-0.06222791323548987,-3.511295178890711,0.5549842872452488,0.11277610933621475,-8.905129497401573,3.7845239244355366,448784
350,-0.10978873205290533,-1.0713507903525552,0.5742331412402498,0.045807364541301694,0.14206382615005217,-0.10269631122423613,-1.9989098500468534,0.525409898325335,0.06761234593969315,-8.997160362261708,2.267913822128914,449354
351,-0.1784000055709049,-0.894783681924715,0.569557012432444,0.061513099925485995,-0.004494821475118766,-0.176725024876897,-2.369921917252366,0.6213396944800523,0.07005445994620955,-7.879196444092967,2.5332129265641843,449895
352,-0.015829308451278015,-2.4104766851792747,0.6338060131691019,0.02986441886567125,0.1058327341821343,-0.0057442990145144665,-5.911290855523546,0.7048963661378577,0.05520453102815615,-7.586936133849004,6.383866965123033,450120
353,-0.06824659236941175,-1.5379444971614917,0.5713444080531994,0.07408879460273182,0.10782707389403137,-0.061715057510545984,-3.451760536450879,0.5806649971886265,0.08776076955497064,-9.845299613054765,3.778878679892882,450525
354,-0.04202593659306266,-1.6072097812692276,0.6181899200781844,0.036393853469739994,0.1911031621474669,-0.033437911366534206,-3.395704601446116,0.6327706090169359,0.05681759116750208,-7.966862939728996,3.7568514771401067,453210
355,-0.10990347531182003,-1.0444608383861074,0.5193369624425644,0.08599868127971846,0.027377841384542346,-0.12351603058330278,-2.756491410041587,0.5236220753041945,0.0915301884484186,-9.458852551428865,2.9477352894307294,455460
356,-0.1083524561363431,-1.0915550186867897,0.5802533489530253,0.06603658914482613,0.06858702754112266,-0.1328509506631531,-2.5958947495381977,0.556447283951611,0.09020099839469936,-9.895921210074702,2.816054315793696,456569
357,-0.034120649827949906,-2.132784961795427,0.6140049833302524,0.047657084568909984,0.12286392761858905,-0.030576673553072486,-3.4471730686397657,0.5774674001238963,0.07350480513244136,-9.909605508135359,4.05361244551277,457543
358,-0.06817365727201999,-1.07299830098954,0.4992835481505938,0.050943487715562896,-0.01969269426234359,-0.05094874753498801,-3.483893197381206,0.6207283179375351,0.064350834008519,-7.777373405880998,3.6453857360621638,457889
359,-0.0063857123123822355,-5.157301274223441,0.5379397875214629,0.030528996807855934,0.0847151279701629,0.001693594152010371,-6.721029914329712,0.5392757522191636,0.06061430533884337,-9.232592822023737,8.471717626456963,458429
360,-0.07713754163783054,-1.2131206459729562,0.5021802299914965,0.08258037866645353,0.06782844649123886,-0.09552918525943073,-2.52720395285363,0.5602203824264403,0.08306646247571448,-10.06084931566688,2.80328762723429,458653
361,-0.007879175267278231,-3.3154685184820543,0.6432231029303835,0.025120396100091615,0.06390037534114625,0.0004791627661979741,-4.531575235306449,0.6478508097610143,0.04595706191277168,-10.230502167772077,5.614935939998629,459658
362,-0.07150913734313209,-1.4899155875132433,0.6420668654770477,0.0653137210452276,0.15147168143416084,-0.06876963232736431,-4.3245551582519415,0.6629217988402106,0.08082799407264225,-8.243717840485104,4.5740163723666765,460228
363,-0.05278925570229114,-1.512611848579424,0.5092044724272079,0.06960082035198441,-0.0043005900575217824,-0.07546025091410782,-2.964444347525575,0.5151998501560977,0.10196455812224771,-10.085127292661971,3.328051215657474,461683
364,-0.021107899114101547,-1.7856969249540828,0.5575537594611756,0.03540039770622765,0.05605201139092868,-0.008637235714573546,-4.5883307588460225,0.616344478820429,0.05097517542352392,-7.535535866323517,4.923565035658916,463107
365,-0.047900839939481465,-1.3757273579683948,0.5936040985605513,0.03859271318673253,0.1306837757369698,-0.04074160184297482,-2.8392987049275225,0.6545433725208893,0.061163074596566676,-8.429567444101538,3.155034532182779,463272
366,-0.026297757152433564,-1.7077062218766887,0.6564813837580131,0.02912761585273937,0.0973841533279339,-0.0182002815289352,-4.901722012213591,0.681450514769129,0.05581495325316578,-7.361660806623532,5.190678108422406,464052
367,-0.06875463692548553,-1.2427842487448273,0.5115280160388714,0.06969992991351989,0.0845551902751812,-0.07065209299699472,-2.2048133657533735,0.5131825147270562,0.09786839454310657,-9.267757462611064,2.530951336302807,465431
368,-0.03768496415551626,-1.748798718365176,0.5746419640078406,0.04867105816998063,-0.07410676863415097,-0.028362499642502217,-3.3196253797660584,0.6427491039145173,0.06637634676582051,-8.478058386913018,3.7520940312501003,465806
369,-0.036223074410853,-2.2928066879854194,0.6239227783103429,0.06579010628715586,0.01391930059088036,-0.029256693186675547,-4.3156628187013375,0.6738440769387999,0.08197870137402133,-9.698983825135695,4.886911915841316,467711
370,-0.08503406071506736,-1.432689877231691,0.5481902310871825,0.08698283475093221,0.10662124438059785,-0.09257693037124633,-3.0637252142188154,0.6393638252301945,0.09113050352032631,-9.856374151331305,3.382160917603165,469630
371,-0.027342571598985687,-2.0899470219582907,0.5744931665012463,0.04813890153495183,0.026657430046228014,-0.014544555864678978,-5.915105172932853,0.6013619219632363,0.06930970377764346,-7.608824639672939,6.273463777009423,471909
372,-0.03012473505810016,-1.7471599082448883,0.5518795431201834,0.03907915810223793,0.05936579333818916,-0.0227229700883648,-3.0036972652401257,0.5131904502750199,0.05992903536130962,-9.283755907036094,3.4748762576801635,472419
373,-0.1556967493387147,-1.078733705975712,0.5834273349169427,0.11600289679047444,0.11643529795830924,-0.15211062505522138,-3.200318497569636,0.5472518453088552,0.10502039085895318,-8.729989093919405,3.3772333194931123,473333
374,-0.005186199988704958,-4.64817069478311,0.4868043023975442,0.023102420646692802,-0.11758526199716954,4.83658599352068e-05,-7.53511976135586,0.5698873491462371,0.0541967971244208,-8.141916044355781,8.853446821764734,473844
375,-0.02705131937249945,-2.1357681994079507,0.605736272550929,0.05136447318973905,0.013914545027630194,-0.019989196994940766,-4.181523541762175,0.5954592882719734,0.07814194077177777,-9.579659935758803,4.695385493430073,474489
376,-0.09518436403981395,-0.9200979928128498,0.41350094527780656,0.04442043173615183,0.06430636997621209,-0.09463504659904853,-1.6244829039059057,0.4479936622448403,0.061751098884492726,-9.97466458711201,1.8669560845024713,474668
377,-0.008400015523030581,-3.6662962034865387,0.47813236876466364,0.026531657393368043,0.02668375569398429,-0.0015135186409523426,-6.6772368139614695,0.5542461891422377,0.05680730868756066,-7.383392283504751,7.617559932250098,475958
378,-0.010139613715236497,-2.6220216740087894,0.5988905021833163,0.027789494783012878,0.057048545073899545,-0.0019553946536608694,-6.554720538952927,0.6520451564907143,0.06131410298323133,-7.3856283075941995,7.059699639697373,476064
379,-0.008598520411454872,-3.0876254645225227,0.6223296765880789,0.0211008450201466,0.06713985692407988,-0.0018444815124414992,-5.506366046601318,0.6638499157258757,0.04525774340947862,-8.678352888376596,6.312962699741838,478298
380,-0.08297097337664086,-1.0514097567405651,0.5604151831483091,0.0611785873117809,-0.02355788194909456,-0.08430087886742245,-2.196436515933911,0.5660496750029514,0.08549803873052536,-8.062150988905543,2.4351172138312256,478854
381,-0.0859999795941418,-1.2258509701204097,0.5517768094391575,0.07574695107671908,0.11365971331088967,-0.10549199260504465,-2.762955325526805,0.5045032412993541,0.09949171396100023,-9.99281491570983,3.0226863436026705,479543
382,-0.08905345777217717,-1.0800500986982093,0.4683368233773568,0.05274549554991754,0.05045721538084462,-0.09915217703198674,-1.7736597464774453,0.6050318555778961,0.06673963285267488,-10.035147989468058,2.0766263775586706,481672
383,-0.013940355811744415,-2.653911374117527,0.5698417587990482,0.0347268455474194,0.13285541549333477,-0.0009231634055216755,-7.260863793108224,0.6017710424758672,0.06176752868905035,-7.422238040290978,7.730678405142742,482977
384,-0.05025094707490194,-1.662076246249921,0.6158405190841312,0.052166776847190864,0.07405816131985216,-0.048222589769165304,-2.751255073448135,0.6066352877370719,0.06627677851367604,-9.70871352826169,3.2143276011511848,483503
385,-0.01621783916850574,-2.024229605146606,0.659234572771009,0.030334587073721782,0.03870374396166859,-0.007081783452772252,-5.243370232405337,0.7576235208876025,0.05070781576196858,-7.561528817254252,5.620537064055924,484058
386,-0.01105136786014433,-3.5820586304871798,0.5745763137704248,0.02907375343207212,0.06712590548619307,-0.0013512451706766675,-5.548810307249037,0.6218778313238015,0.05350573020600377,-9.391052010578496,6.604577189955528,484463
387,-0.03308234390877143,-2.3109465609292377,0.5384495632210553,0.05434192434243334,0.08089488393385319,-0.029850597828630275,-4.129243627787329,0.5608192715687321,0.07426437529046465,-10.13773035591942,4.73192634611877,486653
388,-0.07973313982532367,-1.2423656310810358,0.5997110570625471,0.05067355713787523,0.09419316990009846,-0.075975352346525,-2.9017312271028723,0.5947735337186083,0.07474296952520008,-8.554187979850253,3.1565038374181205,487297
389,-0.02771736662370745,-2.2738015323696916,0.7408309407505068,0.04015566146082878,0.035722820943819476,-0.021707218421318585,-3.8485842042397413,0.7215001173845761,0.06879842001623478,-10.061408448927557,4.470097737827485,487628
390,-0.0506785232666449,-1.4904020251051646,0.5176490683010505,0.04746871121525711,0.03005165818142708,-0.04626582600272824,-2.096435197094298,0.573806500127048,0.06335397102869492,-9.989079028332615,2.57222447155247,489651
391,-0.14309228631847185,-1.017856022762546,0.5362303318184858,0.11520942091159629,-0.003291788828972364,-0.172998908769702,-2.2992515230194854,0.5086180991381981,0.10985186084723891,-9.883990621786346,2.5144757801938384,489681
392,-0.01978450536325817,-2.7731160672908866,0.7042897152999934,0.0401667021923508,0.13932203267568624,-0.013911532258256401,-4.80225702314793,0.6805797493873389,0.07293130686903534,-9.567407538311613,5.545434630309917,490476
393,-0.010068202005787208,-4.296209294822497,0.5330425357381902,0.04443966379717448,-0.026309298296194036,-0.004552467830707249,-5.3320707038582045,0.5456813797861659,0.07451757729800566,-9.389559534493364,6.847509933973236,490716
394,-0.010630081246901518,-3.8695499546823733,0.4838745704231144,0.04199219540779443,0.05237383313015088,-0.004095964654788612,-4.351327190072459,0.5414495534367726,0.06488194344539283,-10.094882856653227,5.823011692144044,491600
395,-0.07977444786191876,-1.2148808527664583,0.5220946325361722,0.07237482101662292,-0.0015396659917445937,-0.09258662163820548,-2.54954778241269,0.5366582997882834,0.0863471402870589,-10.080151533959818,2.8242042031737054,491675
396,-0.011600018023450325,-3.0913962836642734,0.6504132332091311,0.0328490596556596,-0.045774498684786925,-0.005312171122710851,-5.512440443336127,0.6887783457627821,0.059935485223372116,-8.463366159262955,6.320105270007856,491795
397,-0.07447625634660206,-1.4824601353768283,0.6505440725106137,0.06395427755373026,0.12272221512862458,-0.0717496155767947,-3.6088807461655543,0.6070957281208821,0.08425358788416464,-9.247497457105332,3.9015007744489725,492380
398,-0.06219481877488733,-1.3550462845635145,0.49885791336586854,0.053425496632868066,0.08303477007026894,-0.053437139894959323,-4.824783763134742,0.6436151885862347,0.06947969656116618,-7.374045292351978,5.011455755997256,493009
399,-0.14620192990150946,-1.0133910789244402,0.5612228491413451,0.1073818747425577,0.02540794657560234,-0.16076552225274496,-2.423070924244132,0.5200142145073908,0.11371431261279762,-9.845978836512412,2.6264489682384755,493505
400,-0.004469536397436661,-7.497226255637257,0.5055417719836599,0.021807556572877015,0.031225179693468275,0.0005525631907345991,-8.378052541175936,0.4909883026980945,0.05465802931357372,-10.054149512443352,11.24278283659883,494510
401,-0.017529518398805635,-2.6420081466711323,0.6188589353327848,0.03470685697216148,0.09241163636544485,-0.009567937396720608,-4.100723012557502,0.6140666805524836,0.05295066987154912,-9.59540280397601,4.8781283575563394,497448
402,-0.12929405836778748,-1.1007849624169797,0.596019885242215,0.10041158377043702,0.14106954377083322,-0.1249832346353342,-3.501518583333245,0.5675091325256707,0.10408666572113648,-7.925057445994799,3.6704713488748837,499159
403,-0.04554916483225611,-2.0961569969585874,0.5714046511498115,0.0749353119379603,0.13153801195485307,-0.03614698742285413,-4.4502132901273725,0.5336965699366656,0.09682596654316022,-8.37658150335168,4.919173963535417,499204
404,-0.05296265435060416,-1.8823647447374978,0.6571644462429069,0.06711269175376752,0.1143432875581021,-0.046620598045172455,-3.450258397132028,0.5922598669714767,0.09159055331390384,-10.109269073679195,3.930340957119463,499623
405,-0.06584408922885711,-1.5013383055627822,0.590022738863925,0.0718655762206673,0.05277063486994487,-0.07217313634816885,-2.9104572720688315,0.5858294465701699,0.08682221594015692,-10.125744613746011,3.2748707211565575,499653
406,-0.05782372748048041,-1.4735027642169873,0.6089804738849539,0.05892883772937758,0.11929327277936508,-0.04232819506075778,-5.0764705089530615,0.6325929570629957,0.07610133485958137,-7.478467529998192,5.2859968997744655,500957
407,-0.02712850145648383,-1.7871867210478565,0.5900228277023656,0.03262865750160529,0.11887874024231006,-0.014351840485214177,-4.668855117387567,0.6215717045614247,0.05962421972650092,-7.731071771145751,4.999224388147211,501077
408,-0.05085122695831134,-1.704220887359772,0.5938049033538908,0.05472302084238297,0.11648408858312806,-0.04094178365761091,-2.718237829252717,0.7125401049849048,0.04874200637490201,-9.57431533457549,3.2082995074172627,501467
409,-0.09989893349550713,-0.9675169661196308,0.5273729374178711,0.07007738052889043,-0.09831455041637971,-0.119053015535748,-3.4478137768490695,0.5413209050359123,0.0936362231712545,-8.29446502811179,3.5809927282193104,502817
410,-0.016508537755235572,-1.912347180291611,0.6043103152301038,0.03180909427758463,0.015479648997876865,-0.005558857213520558,-5.14355341058111,0.6663798120971435,0.0533100718472253,-7.518777734043691,5.487550767461732,502952
411,-0.022226748187620198,-2.786425553377304,0.6066776345286905,0.056969387389738634,0.04860159037961654,-0.017463651127083285,-4.869961899036569,0.6409998064949164,0.08153769543390145,-8.774782353320532,5.61076610300072,504286
412,-0.041532953846626156,-1.837077595575835,0.5819863527837263,0.05290139387834136,0.02721835088554174,-0.029968703826194647,-2.754672887252158,0.5962175858816913,0.06504763003819282,-10.103515167385979,3.3110537307523162,504601
413,-0.09245613267664075,-0.975150969732229,0.4983294114610499,0.0575856146752747,0.019122461362670568,-0.0987380971620427,-1.5482444324488474,0.6264242424716381,0.07478862814693982,-9.952151775756072,1.8297486812069466,504646
414,-0.04192990092509997,-1.8959910620680962,0.5748430731719176,0.06083161866214889,0.0896871384002295,-0.03636136227166159,-3.8544490717433426,0.6159407665496758,0.07949415649731259,-9.07115562692414,4.295527878399257,507391
415,-0.05351511053760826,-1.5767847135291604,0.5899572692722036,0.0693014653837518,0.05008199785565078,-0.05301258404057944,-3.73022265581144,0.5509578619195279,0.09595179558617871,-8.130276556962977,4.049791487811217,507811
416,-0.04676282862124395,-1.7292931998918397,0.598788315835075,0.05613628895679602,0.10778810434610456,-0.03532297484415192,-5.016916752788511,0.6575445723238444,0.07574178163241262,-7.710489829239728,5.306591059767294,509101
417,-0.08092520855110685,-1.3774319762653253,0.6260120373709886,0.08378389346061028,0.11701864687455725,-0.07031501882054202,-3.39224919804621,0.6139419248063193,0.08947190683240985,-8.853203370820793,3.6612393353731134,510317
418,-0.07834780426053062,-1.4182178664228988,0.5313871013851842,0.10448929038758176,0.0159963609435875,-0.07296680479018246,-2.921957561916538,0.5612556693022103,0.10317644995131212,-9.863303354482326,3.2479498010718024,513646
419,-0.14200314078898643,-0.8845706803501302,0.5724778375946883,0.056177370607465464,0.03227310572511094,-0.14736065620333919,-2.0957234566822938,0.5171820488175465,0.08706383466791288,-8.149625572220678,2.2747575904749664,513796
420,-0.15160187505722625,-0.968653958758062,0.5131367998281218,0.05890561645694493,0.07084483036488913,-0.1415269790022573,-3.095251750908034,0.625288960663688,0.06524655079654852,-7.326946452185361,3.2432813466174832,514950
421,-0.033373189347511406,-1.9592337338238246,0.5637157085485931,0.04877716797034695,0.018074730150045078,-0.033974846933161086,-2.7650986483741073,0.5755530026347634,0.07870126100563833,-9.570483135946017,3.3888593005602283,515460
422,-0.004394264041552678,-6.478707153124868,0.501646509315993,0.024894061005009512,-0.10044134079023637,0.0009673180142199837,-8.670487345593692,0.5071077654233052,0.05624477516587831,-8.740455542344437,10.823631423235534,520742
423,-0.15376391209083115,-0.9030093988973056,0.5382290017823994,0.07582913109922897,0.049477858928187804,-0.16263243351654216,-3.219071573149436,0.4721464189572626,0.09946802547337269,-7.786600004900275,3.3433288452612104,522136
424,-0.021801038198146817,-2.493628364169656,0.6012160741182963,0.04900847103062003,0.11767547669225006,-0.017383931976715703,-4.22002337169339,0.6345336839270701,0.07301801296218483,-9.407256809039081,4.901711912814735,525421
425,-0.23877090903854328,-0.8271296934665056,0.5251075874424967,0.09506501721645834,0.06521362923153103,-0.2610230934683537,-2.5630503582652584,0.5264134973958339,0.09583360451138653,-8.68457063534341,2.693208248319774,526276
426,-0.054123672158374846,-1.531294092855848,0.480430625304778,0.0511956603316088,0.05360256399818995,-0.056700843247767224,-3.664047078588223,0.5400887603958843,0.07568278686908482,-8.675405099669408,3.9711588476068425,526306
427,-0.13665920607377285,-1.120129088090988,0.4770827933906917,0.09168248300325459,0.0799948636953193,-0.1482657375305118,-2.620558866028428,0.4642031762267715,0.10000477455410971,-9.055240626501238,2.849915427571097,526366
428,-0.14757146220677667,-0.8832610864777607,0.5430311551866733,0.10463494513251725,0.10752529037277685,-0.18042889005498872,-2.041405473513641,0.550033251958707,0.11717206341933319,-9.924385549398833,2.224294596985149,528571
429,-0.034316832299734104,-2.1034408837614555,0.5253141940413736,0.04710524900738996,0.06345751382078828,-0.029583199118494805,-3.909473540115257,0.5552275336919513,0.06791177418366098,-9.61475948412893,4.439419659408253,532441
430,-0.014071487429892497,-3.453825113289432,0.6117638848594674,0.04393643217304309,0.07220745475784507,-0.003870756363092077,-5.181034484742916,0.6322135168622937,0.06136076342626775,-9.942806861488599,6.226718738250834,533536
431,-0.046721104496203494,-1.8206714028251552,0.5334332582525902,0.05793919611407966,0.08680405960615087,-0.04110183159859415,-4.397621975619468,0.6376238865027996,0.07181793269726788,-8.62345233922029,4.759613786591995,534272
432,-0.06271753382051905,-1.8044091952933596,0.6124002238886127,0.07417305200100602,0.10647424662450454,-0.052653715334040584,-3.420615088246715,0.6144379337774597,0.0804216025932236,-9.89707064357798,3.8673634592575223,534572
433,-0.0874251015947451,-1.2306129980767315,0.5229140966003818,0.06801012805036813,0.08496804044067544,-0.08747563436878535,-3.856315648073417,0.5787456320080648,0.0857668909231551,-8.400357783970897,4.047910415092125,535232
434,-0.03186666198016823,-1.8842505318267937,0.6367753046367096,0.04170593055670706,0.04923108389822668,-0.03050942364213051,-2.830671228759934,0.5986330583032533,0.06859102562443431,-9.814692788103567,3.4004558035679318,536567
435,-0.012922411836265914,-3.0262373302925454,0.692028672884486,0.028524536776240596,0.0768595421151595,-0.005403465070321614,-4.651454952073025,0.7291210415389086,0.051437095049620525,-9.6357107097587,5.5492472958429975,536642
436,-0.03777191086817868,-2.052449396547393,0.6402226994222445,0.060868517524418436,0.0737420348975071,-0.03393942825529216,-3.9735377033021564,0.6790474312288531,0.07848368009309242,-9.65876153559971,4.472309292183573,537466
437,-0.1136406062054822,-1.0675961197000097,0.5457516239891843,0.10688049039303903,-0.010828287865323935,-0.14078710662899094,-2.761169537228718,0.4885565337779513,0.11905285155008646,-9.18563051177159,2.9603747546752204,539686
438,-0.12584857943277947,-0.9101233236924906,0.445475170619655,0.06171192319091654,0.11123929453869584,-0.12636053939929104,-1.4411043804842518,0.5412586888120203,0.08250088047091447,-9.67668744980883,1.7044372384397042,541500
439,-0.08007917743291104,-1.305669320848012,0.6591958227895804,0.07081094304195251,0.11388626143462073,-0.07068800142522358,-3.7637548929350464,0.626000070506707,0.09316862434442431,-8.343396723315879,3.983795083773287,542205
440,-0.02011972188622779,-1.9825118441029566,0.6348056591235669,0.03287800298957345,0.037695131095111856,-0.010285266557808165,-5.777785000857644,0.6900753803486278,0.06416949970562913,-7.307908518096974,6.108449289970743,544873
441,-0.009552258401994735,-4.310399221131028,0.5532192855089682,0.03518995945587994,0.04618972045671754,-0.0017233088771994906,-7.379134881524889,0.5848520713733002,0.06432211634776024,-8.27052391898633,8.545827815095757,545203
442,-0.039836069013746554,-2.008871732733425,0.5570260396626229,0.046408298761634374,0.14391512433656503,-0.03396268238443406,-2.7945769253350887,0.5257403206660994,0.07305779553198757,-9.214953768586646,3.441689386070555,547392
443,-0.017688488033453825,-2.0244470161462593,0.6421578510469012,0.031453513247973394,-0.025958625492617272,-0.007981414832309843,-5.174663713114569,0.7001626470173252,0.05480079169281065,-7.628867739843653,5.556575408019597,548817
444,-0.1511885426538895,-0.9266477725368766,0.5198874098931036,0.06812347708726671,0.02557648100703723,-0.14879528996927985,-2.504646423154807,0.5616187930728374,0.07921099688547761,-7.853493326246224,2.670567317887666,549776
445,-0.1447499996149332,-1.0295033915931884,0.5113549729214013,0.0765270469505756,0.011004118807598164,-0.1835894342667543,-3.0825223977978706,0.4465100064970577,0.11650365379635655,-8.177937401315578,3.249895623897391,553750
446,-0.012754075990274213,-2.3829397637350365,0.6078952269011941,0.02810057075412042,-0.04931653257531481,-0.0015279306071148734,-6.2289708460439766,0.677793891618821,0.05584694927013818,-7.139427630397008,6.669218823704573,553855
447,-0.042673590659094686,-1.75630916791224,0.5593172436870832,0.056422377655494516,0.031205975105112443,-0.037182466195857355,-2.773872886033628,0.6309218229310986,0.06679551551519054,-9.88645606047782,3.2831376275089528,555595
448,-0.013092608485709622,-3.1899469580110633,0.5190234772922018,0.03895635915063609,0.02250823245512594,-0.006082527059497843,-4.615906986377057,0.5379465341088592,0.07169502667706042,-8.57091520609595,5.610914266125313,556269
449,-0.008079654973665222,-3.540366702889274,0.648881121199049,0.023256947856129813,0.06608833434173694,-0.0017034254828712301,-5.311699981029059,0.6516313999079049,0.050510301599683914,-9.520145788341805,6.383443669320751,556419
450,-0.023075207106427957,-2.5664850365037513,0.5776011156494804,0.0461744497484813,0.16543547115044582,-0.011076558990032043,-5.792132637445859,0.5958757536789081,0.06790694911841215,-8.244995006031383,6.335269996800704,557169
451,-0.05050709218305295,-1.4469081784193578,0.5618230418976516,0.056878069278516234,0.0013385186888372536,-0.040714413423870464,-3.8303387493603336,0.605775572844783,0.06831375385684225,-8.287628822048706,4.094513183716486,559718
452,-0.058147846324084894,-1.6824561901586967,0.6167877978132497,0.07851658654331767,0.08748552739917644,-0.050336552392644666,-3.318298958966645,0.5940382050063342,0.09251087219205796,-9.547164765635609,3.7204525010920966,560468
453,-0.15026056139018604,-0.8793305764122543,0.5879786805647758,0.0689520218200364,0.004989765442320894,-0.14970690615100823,-2.2388032694585016,0.5254810246843226,0.08710396850705773,-7.980407222121033,2.405298805128291,561758
454,-0.017740934712350498,-2.3905515300678877,0.5811235474987685,0.03932030617419906,-0.003687366421209141,-0.006240308102510857,-6.164022767156083,0.6216273523436288,0.06717987843831483,-7.570901060546915,6.611347312910467,561803
455,-0.009846334177381507,-4.214215060480482,0.5320610679538919,0.039241712213099064,0.0023243310333290242,-0.0028035818685343637,-6.240236948927089,0.5376232141406216,0.07118748080074663,-8.429754897124567,7.529951245176517,564713
456,-0.016332359887356224,-2.546687499840261,0.6129282161874406,0.03724426971429572,-0.016075291970316624,-0.004137000184029587,-6.541450426447651,0.6764647170042223,0.0626553827454794,-7.413554544987422,7.019700200401353,567801
457,-0.09631217976642187,-1.0192480023277595,0.5335083224278103,0.04933520025235744,0.054558388583006226,-0.09426968832069108,-2.912411205406736,0.5797779473487249,0.0682352227521546,-7.429061075838628,3.0856126651976017,569048
458,-0.028010489997952748,-2.5616785011728433,0.5233000705843973,0.05331590929206183,0.07142331928266303,-0.013842107603901664,-5.608983674839812,0.6029892673176585,0.06461669821354359,-8.317288596692936,6.16627072126992,570204
459,-0.1318852004914895,-1.058928403959793,0.4890672556364203,0.05624801403755444,0.11964732415528971,-0.12292030587547309,-2.174466157043574,0.53423183502442,0.07308728944591134,-8.951073788899077,2.418601338137537,570339
460,-0.1423179705512603,-1.0400659635927316,0.581935565105975,0.08748082762780862,0.08100545995782758,-0.1807487646562012,-2.886240369447139,0.5400940371255583,0.09963290200231004,-8.767761284439551,3.067917971336658,571298
461,-0.016700547251358475,-3.183309445233116,0.5850275895009197,0.042075595099496835,0.1374063798869375,-0.006370158667692046,-5.005702983516836,0.5940688799286481,0.0642693265455418,-9.48563118903261,5.932159925634147,572438
462,-0.01281311780328929,-2.748981369442822,0.6799466163850263,0.03355528232507771,0.04088713894260102,-0.005021508490560576,-4.126653220203722,0.6916608613613365,0.05632212344160199,-9.694815765734381,4.958443845538787,572558
463,-0.017199993205342764,-2.548693726181428,0.6891886276056256,0.047521544554779145,0.14069852637528896,-0.005763007675371348,-5.543281196018572,0.6731881390489799,0.07158954834501731,-8.267227397078976,6.1011315448865435,573188
464,-0.004001043848537782,-0.20863187371523814,0.12508283633678746,0.03305077064826254,0.07830307531183453,0.10479997557866319,-0.5060267788083286,0.030418780015322534,0.03027563506058726,-9.680963874778948,0.5473484809525502,573503
465,-0.0587087709754035,-1.3432476589238602,0.544621224029839,0.07417750911467993,-0.005588007217560215,-0.05699149975151201,-3.048968263319602,0.5364761257373302,0.08464824490425774,-9.347421073020891,3.3317445496218014,573608
466,0.04120001319979873,-0.5038189418587123,0.012677734506467413,0.03257083402538904,0.0074610569271081695,0.07439994445839933,-0.5492250460055967,0.04548257755094623,0.04547823241415934,-9.137823967442994,0.7453064318355789,573638
467,-0.04192137102438402,-1.8124868755026846,0.5357627623557297,0.05025656275596892,0.12336767284227065,-0.029450331703262316,-4.606922697997824,0.5997967045410499,0.06368408287705289,-8.054683448834338,4.950640909942574,575153
468,-0.004479300429358209,-5.79820074863771,0.4585660677292462,0.021774047324416533,0.0810158332408072,0.0005828844052153461,-7.485793248831093,0.4924270202143241,0.05196728069859725,-8.735033103325197,9.468697507352744,576263
469,-0.061410745296039085,-1.4275942740512642,0.5581173441007015,0.06035736709903402,0.07018680346659475,-0.0687663802450875,-3.0954809411307003,0.588471368452568,0.08294965724402587,-9.842867576323709,3.408816168145088,576563
470,-0.0137772974576293,-2.488125727737275,0.6317190875098248,0.02916894345395039,0.07813178910692595,-0.002697107811338103,-6.998353091564359,0.6771348751015187,0.05817114379930012,-7.111609178080032,7.427497265649888,576893
471,-0.019200025611219775,-2.5230336742638664,0.6407109324344673,0.03677332850072269,0.11661821977685817,-0.010203356301477366,-4.420785277016206,0.6859025451902099,0.05636402672241019,-8.39732006885429,5.09009247332037,578212
472,-0.04417063037719107,-1.64244420850977,0.5162029920196565,0.06180788599595941,0.09449294331947324,-0.03550393296232776,-3.6491781484481214,0.5834838077795583,0.07607059342300007,-8.978383902963207,4.0017651276878485,578317
473,-0.02392734597612914,-1.857072000982691,0.6341821655982062,0.032107188632291624,-0.0033156486006977784,-0.019044602587877303,-3.9580620547418692,0.6774280376554319,0.055622663776051885,-8.388343381507799,4.372067205112621,580716
474,-0.017313568902455955,-2.36114699214592,0.5696772178926218,0.03363111454510421,0.11230793949484336,-0.003718487994950289,-6.383122909212965,0.6042215614170312,0.061265477511693804,-7.26039380284795,6.805826415112209,580926
475,-0.02549257202453582,-2.5263634126845638,0.5827692062022354,0.05192814441028046,0.10633202546793541,-0.013169713966878748,-5.683913199338287,0.6268265766844376,0.06938331343104691,-8.126719090645192,6.2200788862009775,582155
476,-0.027373186123734593,-2.055007430324875,0.7128406480456316,0.031931442786768204,0.14096588693229617,-0.023193136710069385,-3.4669600447186713,0.7058964962724431,0.058115222245082594,-9.395468419758098,4.030244098111941,582365
477,-0.044502946728046916,-1.4008605849491402,0.4983180277250286,0.05809323684313424,0.030084604154079243,-0.03184940327288036,-5.0272888643149,0.5937858463432218,0.07080468891025826,-7.291185922304542,5.218816312510783,584869
478,-0.009502261548557642,-3.409660945408269,0.5465069468150295,0.0330606792816417,-0.053178652126366764,0.0006620599281768199,-5.8279344197818626,0.5837066215835249,0.05721528493459639,-8.832830097069122,6.752081705957102,585679
479,-0.018712474510440624,-2.585248419529579,0.6047330078110279,0.047407121550372515,0.09575266797798622,-0.008521382187102524,-5.201065699993195,0.6606748211627287,0.0739211667487145,-8.50953623140282,5.808148913924805,586189
480,-0.0838303479319166,-1.4881189963615642,0.6077783033789925,0.09143082442041874,0.11878209761440224,-0.08310318703492958,-3.0175677506097607,0.5924667958438185,0.10122618798652741,-9.837181590545391,3.364552463085128,586474
481,-0.09515509229295922,-1.2010377442914453,0.6197745602901646,0.07032651380890638,0.098650976088301,-0.09747590032852776,-2.6840569236642913,0.5806110402026541,0.09202331583816029,-9.380177639195036,2.940519211411975,588347
482,-0.10208850092599593,-1.0225662374706967,0.49083534152351027,0.08585243004587914,0.018078263957040933,-0.10078358708981752,-3.26654889339542,0.5464622089739752,0.08921683120991629,-7.946348302170762,3.422861870271399,588752
483,0.043199747501621644,-0.31957443128012003,0.0582410057736334,0.03360989120243836,0.03175557650080743,0.027599853490300336,-0.29787175891494316,0.07706442446486449,0.07502298706796504,-7.501336739584865,0.43687000570775536,588827
484,-0.04109488892804968,-2.007255558963983,0.5489105371499075,0.06544259954106639,0.08733470495647115,-0.03341825507145467,-3.755177699780333,0.5774238052534667,0.0767566010366925,-9.785061970771887,4.257984785778282,589427
485,-0.07379592071783095,-1.3632116784802337,0.5841814989747878,0.07209223216967932,0.09251292863603952,-0.07108903964034019,-3.2608522961097433,0.5858768604637681,0.08492841474513148,-8.870169396527949,3.534332154366519,590267
486,-0.009560178756441587,-2.9231711698426697,0.5447217175012263,0.021697788756732964,0.11289498427072708,-0.00048788692980481727,-5.575760247244207,0.5834901601465781,0.04690357887802165,-8.146783159275275,6.295556530041498,591107
487,-0.029442136798578482,-1.9496222146168267,0.5837914123069142,0.04242242554523241,0.09364115957388554,-0.02103382205364861,-4.761030693594125,0.6108591892732755,0.06918560520442031,-7.991315278562585,5.144748783475514,592051
488,-0.035483999767972486,-1.9016373919613876,0.5749701530943674,0.04227055925929106,0.04974136904030237,-0.028124431454175435,-3.122868337542744,0.6528426326487131,0.0663837360855477,-9.97499805115744,3.6563002371431,593492
489,-0.011833798304649285,-3.629950840273501,0.5517846136308363,0.04072871646192276,0.0312413034931797,-0.008925676037583097,-3.922706962047933,0.5473260633494151,0.06892773856556624,-10.0178104162222,5.344546099801331,593522
490,-0.1353093496770843,-0.9140981694166315,0.4980454626325329,0.10279010957474399,-0.023330683441402406,-0.1442087578526981,-2.5737758919615747,0.5447473694215555,0.09756901683682212,-8.872306695399784,2.731281348629876,594676
491,-0.05590577351681195,-1.3440198352317358,0.5792316072734266,0.05415461832084353,-0.11476551767299216,-0.051768897904524304,-2.8387489222867237,0.6194347219278984,0.07327524194405155,-8.6171369885198,3.1408414097627375,594691
492,-0.003762574145866682,-6.1280512652301935,0.45709835600855175,0.02452884618935366,-0.015603089210484299,0.0014437820400741185,-6.651897305770012,0.4667804277414427,0.05757507827860155,-9.84552602325824,9.044376710188475,595426
493,-0.04233451764505854,-1.7691143774522322,0.5457852473438762,0.06513188546400066,0.09951256778458703,-0.03491643723989629,-4.035163309978213,0.6100468687974727,0.07920042439208878,-8.796655706841165,4.405940151511652,598229
494,-0.09810248216473305,-1.0181643658775186,0.547848082491391,0.048461082464929785,0.12882982151050673,-0.09786545645302752,-1.6206563715668434,0.5540500246619737,0.06435465133878215,-9.999401061879466,1.91394507513747,600433
495,-0.07714666181748449,-1.1097499462939586,0.5608158056861027,0.059475703286326474,-0.02154504327011953,-0.07178858594198005,-2.327022855686659,0.5873904407049224,0.06524836239779179,-8.800915254362089,2.578096257742821,602669
496,-0.08344130235468379,-0.9288514266048864,0.483821145959373,0.06768599011435082,0.08208669543006086,-0.08799057805183468,-1.5244924157736333,0.5193724585374386,0.08188163651817074,-9.575104331893014,1.785172848341936,604349
497,-0.09656939734754257,-0.9028172456835768,0.5256705262687232,0.05349901077672216,0.0783121348951465,-0.10074103858098396,-3.8008905143705114,0.6245758139118486,0.07425728883522129,-7.487541358860561,3.9066414835937286,605939
498,-0.010516134706691996,-3.7139664458533947,0.647409889363045,0.030573551761098956,0.03624684932372036,-0.0034945806009232332,-5.382471000975105,0.6755308877554626,0.05790280814945495,-9.425114110066366,6.539460286389302,606344
499,-0.01523825065691982,-2.624489540030462,0.6278529682514191,0.030968397838760205,0.06894615717767015,-0.0077881965561772334,-3.910062366369234,0.616857386430205,0.051354801436211066,-9.580282471778379,4.709196646417124,606374
