ch0_ped,ch0_peak_max,ch0_peak_max_t,ch0_peak_max_10ns,ch0_peak_max_t_10ns,ch0_half_max_left,ch0_half_max_right,ch0_ninth_max_left,ch0_ninth_max_right,ch0_oneth_max_left,ch0_oneth_max_right,ch0_ninth_max_10ns_left,ch0_ninth_max_10ns_right,ch0_e_max_left,ch0_e_max_right,ch0_e_max_10ns_left,ch0_e_max_10ns_right,ch0_integ,ch0_integ_left,ch0_integ_right,ch1_ped,ch1_peak_max,ch1_peak_max_t,ch1_peak_max_10ns,ch1_peak_max_t_10ns,ch1_half_max_left,ch1_half_max_right,ch1_ninth_max_left,ch1_ninth_max_right,ch1_oneth_max_left,ch1_oneth_max_right,ch1_ninth_max_10ns_left,ch1_ninth_max_10ns_right,ch1_e_max_left,ch1_e_max_right,ch1_e_max_10ns_left,ch1_e_max_10ns_right,ch1_integ,ch1_integ_left,ch1_integ_right,proj_max,proj_max_t,proj_theta,proj_half_max_left,proj_half_max_right,proj_ninth_max_left,proj_ninth_max_right,proj_oneth_max_left,proj_oneth_max_right,proj_e_max_left,proj_e_max_right,proj_integ,proj_integ_left,proj_integ_right,proj_integ_peak,proj_max_10ns,proj_max_t_10ns,proj_theta_10ns,proj_oneth_max_10ns_left,proj_oneth_max_10ns_right,proj_ninth_max_10ns_left,proj_ninth_max_10ns_right,proj_e_max_10ns_left,proj_e_max_10ns_right
0.0041368846,0.009237908,0.07759999999999999,0.009072116,0.09,0.07702948588171717,0.7290687987920286,0.02624063418662263,0.09274688015938552,0.08554144040454485,,0.2695235148514851,0.0,0.07977934694837445,1.0350483679404632,0.2950413323398939,0.3084756929608051,12.385223,1.4719915,15.097457,-0.0027249542,0.003664171,0.0648,0.003473303,0.03,0.06185024043835338,0.26140853384463847,0.043165119477006283,0.0007883731517214907,0.26323443256060175,1.4566430408805238,0.22307032553851386,0.0,0.06335041137356288,0.49023360778075475,0.2352612757834234,0.1439221197592108,3.7146153,0.51979786,4.20418,0.009766154,0.07759999999999999,0.33040655,0.07680587659917355,0.6871968190438135,0.03125517858645662,0.08711937219143445,0.08543429818470545,,0.07933820311308645,1.0005595023872542,6.4602184,1.595509,15.620026,1.1624964,0.009570119,0.09,0.32402155,0.1052560159739938,,0.04971315796476979,0.10492328164232576,0.09573576195959241,1.039809869700494
0.004016567,0.0069897734,0.0144,0.006629769,0.01,0.01680960243481886,0.17980480141873953,0.008907307492672998,0.01584384664385986,0.02109961174009163,1.3582789129198702,0.21019580276586913,0.0,0.019281028745228194,0.3391392920086019,0.21699102166786263,0.015764129042086746,5.8739967,0.23885572,6.8976417,-0.0022093623,0.0029006987,0.0192,0.0026205936,0.02,0.013824640385212205,0.045123201082055905,0.0015361598438531473,0.0015361598438531742,0.02111272023662482,0.43186035225454783,0.21250879979200457,0.0,0.01509021383188092,0.06149021383188093,0.22500370518425974,0.0,1.2516733,0.0893729,1.4294038,0.007377528,0.016,0.34987587,0.017019329560698543,0.16309014984477938,0.00530733396457872,0.04211198643593233,0.022540079207472218,1.3127563467880572,0.02025932878641183,0.3325335833653178,2.9735863,0.27402598,6.954926,0.72505736,0.0070807976,0.01,0.3588467,0.025685891313940914,1.5698341893670213,0.004825879342043393,0.05707074483189125,0.017779733964580515,0.4009343567317905
0.0044930996,0.005388227,0.2336,0.0052579623,0.18,0.2438666668414313,0.82150000019661,0.1650933341722045,0.07069333340323908,0.28050666764534715,,0.34476923449202057,0.0,0.26540918925410417,1.1398727929194368,0.40073569068819204,0.3580566643049391,8.31137,2.8665366,9.439226,-0.005000993,0.0027797327,0.0752,0.0026012585,0.04,0.10518079949503994,0.5349711990637201,0.0704647466495675,0.0033942397054403358,0.36644938584483755,,0.2399892988570911,0.0,0.11102783916631141,0.7813417588303212,0.26315529390178816,0.29968917125215405,3.7262645,0.6462335,4.232932,0.0058523086,0.2336,0.40092313,0.25530258724838983,0.7868357487865538,0.1774868674978704,0.07107300983593133,0.28040657851465306,,0.26747314979829556,1.1239725630491708,4.5532656,3.2214081,10.117863,0.693625,0.005744515,0.18,0.41454092,0.2324778787129236,,0.12344192032589844,0.18535809815232704,0.2200661341164646,1.279224028621284
0.0040544625,0.023767881,0.0096,0.022896295,0.01,0.0072697806998405674,0.10108160276827494,0.002165632423998386,0.012122332892927442,0.010806680051713374,1.111853440564349,,0.0,0.008618456456096874,0.15886353503673095,0.21570473504750975,0.0,13.679701,0.3625266,15.98894,-0.0014781146,0.008986168,0.0144,0.008011996,0.01,0.0056268798919546495,0.03160106602544835,0.002586708853530581,0.002160125999398859,0.012850720159603406,0.1026028806384136,,0.0,0.006866253472087192,0.04913250744435092,0.21433652842741235,0.0,2.3972535,0.15002933,2.6526945,0.024680497,0.0184,0.32192463,0.01581082493175418,0.08349446227542344,0.01040711522625361,0.004376831772911667,0.019510356964722725,1.0679452228398565,0.017167965166097702,0.13569861366953417,6.867713,0.8945913,15.565879,2.2150497,0.024257623,0.01,0.3366084,0.01865776748179094,1.1391264133219245,0.0028502985178831606,0.011587877735040136,0.014434516414078828,0.1450198414353001
0.0043884143,0.0047231656,0.0856,0.004510005,0.08,0.11850102838319644,0.8431767999913491,0.048781434312453346,0.047993811453707534,0.1435721599303739,,0.26721955160055644,0.0,0.13371279738938155,1.1409691975460672,0.30579596620081734,0.47508759840793474,6.9958124,1.2027724,8.338606,-0.0049043195,0.002559119,0.0296,0.0023608143,0.02,0.06785919809437756,0.3958591980943776,0.04563455890511837,0.0005506127642520786,0.20002218558033458,,0.23041434714694073,0.0,0.07522080886618256,0.7054566469774084,0.24665980723663847,0.3218277269872583,3.0845013,0.3754585,3.566381,0.0051541966,0.0856,0.41187236,0.11882091339140884,0.843137462906754,0.05808289305382696,0.05426478894096773,0.1434872595906163,,0.13007832954752546,1.1409884074021461,3.8227892,1.378222,8.99357,0.61128426,0.004995246,0.08,0.44442204,0.1432496554048204,,0.06244294044641506,0.14167946737430698,0.13024507542170136,1.3371878274739668
0.004296045,0.004756324,0.11120000000000001,0.0045881635,0.11,0.15444373233787548,0.8878327995037557,0.05307541147942802,0.01980655898989621,0.22263615620244506,,0.28370907624907155,0.0,0.18111079109767445,1.227940526913133,0.34861708946784786,0.4577199890500186,7.6723604,1.6753635,8.901706,-0.004486393,0.0025749835,0.024,0.0024237763,0.02,0.11372415969654322,0.4991743999038172,0.07282069284226636,0.00863103981725261,0.16437247917603345,1.4823195731135155,0.24101039069399785,0.0,0.12140423227571667,0.796653174160817,0.2734507886988234,0.32441062227349143,3.7230425,0.63708085,3.9937277,0.005379392,0.11120000000000001,0.4860711,0.16967822404067806,0.8239796490620467,0.05289943368882132,0.019741073233099343,0.22207234670689294,,0.1899186762999611,1.1839701680784809,4.2614746,2.0106442,9.594273,0.61897975,0.0051547047,0.11,0.4732485,0.22555182878798488,,0.056469697916796874,0.2353910461069405,0.1936466615093565,1.3350308356151561
0.0043874667,0.0046056905,0.09680000000000001,0.0044398988,0.11,0.13431360184970373,0.7407712005410712,0.05022272030199365,0.043111360150996814,0.17216089616398217,,0.2954207592297712,0.0,0.15783377335119844,1.0390891827584257,0.3427453843108695,0.3666488845883947,6.9560237,1.3846687,7.976944,-0.0047198962,0.0023746954,0.004,0.0021069844,0.04,0.06063199931244267,0.4030655992377512,0.019295085721892022,0.0005109333620546065,0.3753983991323509,1.4599317322559517,0.2532323196001488,0.0,0.06728914152048832,0.6853927612732009,0.27594340774715953,0.26286469415760205,2.8854525,0.29508165,3.2818136,0.004997949,0.1128,0.39882973,0.1562206917450795,0.723140468541346,0.08964099249198698,0.042279113379318584,0.18808805895488698,,0.17404100104029413,1.0229671478374833,3.7653122,1.7619765,8.40326,0.5915915,0.0048191794,0.11,0.39939177,0.18908214428078174,,0.08816453381414135,0.16431069931901524,0.17622455509840962,1.1943076663496688
0.003940777,0.006651085,0.1008,0.006336081,0.09,0.10994623991292538,0.7316655993362445,0.05049311973575559,0.06059803443712181,0.12681269330208542,,0.27196990299117085,0.0,0.11942912436067454,1.1165339786956587,0.30267003381064844,0.38254078584627016,9.082182,1.5820469,10.86302,-0.0014533264,0.0023305733,0.031200000000000002,0.0020777353,0.03,0.03941439999398858,0.15594773362856132,0.014552159588517407,0.0007521600091674265,0.3865694400825069,1.2111755520660055,0.22954570796950005,0.0,0.04607274407097875,0.3951394107186752,0.24295460714750833,0.1387373775302808,2.1999402,0.19777104,2.5756032,0.006867606,0.1008,0.25177357,0.11009359871673946,0.731496847333653,0.05259285373872653,0.043807577393865496,0.12675117422196117,,0.11931138023270499,1.091140596097671,4.6719465,1.6651738,11.102333,0.80874246,0.0065655946,0.09,0.26518893,0.12095506963672123,,0.05550896934865136,0.11039697072874878,0.1114291685351202,1.2150999009553798
0.004495468,0.005089802,0.10719999999999999,0.004928747,0.09999999999999999,0.1279920003303049,0.8564768000050331,0.05503839849632932,0.10151919924816465,0.17049706720913527,,0.2804149594809495,0.0,0.14493483381443228,1.282773933901848,0.324237359999922,0.4491324395410458,7.8025084,1.4885149,9.346265,-0.0052801063,0.0029968757,0.0448,0.0028060072,0.03,0.08807199811391465,0.46383599916779267,0.031567199999248535,0.0035343993086865027,0.10590479792680899,,0.23424097663101906,0.0,0.09455182487373455,0.751611095004978,0.25949061928218126,0.3077069431052417,3.8710256,0.5573988,4.4097943,0.005732697,0.0872,0.500118,0.11852020820942658,0.876317601427194,0.04976121154235771,0.11416780569136267,0.15003188839097364,,0.13280308997641413,1.1967388027336054,4.3515863,1.4987233,10.332413,0.6778624,0.0055439603,0.09999999999999999,0.4755741,0.16758349904980044,,0.07118113110059418,0.2111870910172517,0.14923600875604756,1.3260400583674983
0.0041283583,0.0065819263,0.1272,0.0063095544,0.09999999999999999,0.13091599965003375,0.8414319990720005,0.07176426563765671,0.050964265019687205,0.1457670394604389,,0.2802014849930746,0.0,0.1385447453799787,1.2229066089722174,0.3099496133092676,0.4503876616522943,9.678794,1.9018569,11.811939,-0.001057709,0.002430717,0.0304,0.0022919038,0.03,0.03584479997445142,0.3030447999744514,0.018584479607152843,0.001537919814847516,0.33124825598160507,1.2534882559816052,0.22707288537373216,0.0,0.03855885934374851,0.5276784792256646,0.23886547804557617,0.14603088784323062,2.544742,0.1860205,2.995389,0.006826531,0.1272,0.26850545,0.13173809087568383,0.8409478425963643,0.07587981283153476,0.05093264375490612,0.14568395043884963,,0.13845914944370305,1.1564574655589106,5.0035424,2.013956,12.091679,0.8061875,0.0065664323,0.09,0.2983242,0.11539755206040263,,0.05146570000321049,0.22805989691425807,0.10499492498417873,1.3597449340049674
0.0041042003,0.0038823653,0.056,0.003761574,0.049999999999999996,0.1697254397775317,0.6791423990604667,0.08408908747735049,0.010340906502807588,0.22720223884015686,,0.2668246735058296,0.0,0.1857191683642585,0.9662525011547315,0.3190104902612251,0.35646697007506045,6.2326975,1.4826759,6.4445553,-0.0015361186,0.0017316937,-0.0872,0.0015209954,-0.04,0.05939440016756853,0.19199253355675805,0.018235520889690403,0.0004471040807455072,0.30242393612107016,1.0901039361210703,0.2203262061613492,0.0,0.0700262364331108,0.3511327955413885,0.243189591562478,0.2024448089811721,2.0171285,0.21882008,2.0745125,0.004078988,0.0264,0.35605288,0.14486926338908437,0.7086517961216253,0.06970957856448108,0.005507686962056352,0.19395746220382554,,0.1656275939575382,0.9767127758930482,3.2724543,1.3477666,6.8100576,0.47702134,0.003937568,0.049999999999999996,0.30011067,0.22331826770274876,,0.09416522359018771,0.13922905557633591,0.1899406506295279,1.10868073377751
0.004110832,0.0045862687,0.09119999999999999,0.0043517924,0.09999999999999999,0.14349120150367367,0.7031456010915801,0.06251929591443514,0.004759296042480303,0.20534207979804237,,0.29176250754841515,0.0,0.1647692284868531,0.9679923063579611,0.34167907952089976,0.32885754439347886,7.0363135,1.52117,7.774441,-0.0014186233,0.00217193,-0.0192,0.0018496852,0.0,0.07300960024045684,0.1918031999569181,0.0007009597521038813,0.0014019194111806895,0.3414172807120536,0.9863477944891581,0.23068246619660412,0.0,0.08563091240739328,0.36172364962957304,0.2556729178775503,0.13951420920560567,2.3204105,0.3257122,2.406797,0.004904588,0.1088,0.362262,0.17097394676693134,0.6643197617052043,0.08423025062682937,0.011796169692590248,0.22288136631996958,,0.18587247648384375,0.9254783316378149,3.7009854,1.8995316,7.8888917,0.5629564,0.004599085,0.09999999999999999,0.3294204,0.2201374157983693,,0.0922651486394296,0.1687950509934582,0.18521958687709525,1.1069365556890396
0.004207938,0.005851022,0.188,0.005562071,0.21,0.20437546832483103,0.8619264047815657,0.11617632086823168,0.057421056976041884,0.24037376073736633,,0.3804885720344517,0.0,0.22569272583954858,1.1765854524655375,0.43165777784239256,0.37823994609324163,8.906562,2.6507225,10.422962,-0.0045265495,0.0028630202,0.0232,0.0026969402,0.049999999999999996,0.05923999857228469,0.6118799996368096,0.019365333934475485,0.0018480009017132536,0.07461066562802529,,0.2512826057437362,0.0,0.0657631733003876,0.953121057466887,0.2753781343914021,0.3179232270874142,3.8829243,0.35625365,4.637225,0.006311765,0.188,0.38445613,0.2145873319619372,0.8606413855560952,0.13360795802279563,0.048694946315655796,0.23981155806514087,,0.22628591405538445,1.1763445452293628,4.8563576,2.984797,11.174854,0.7443217,0.006058748,0.14,0.41165596,0.19759771043357974,,0.09036704119850185,0.24326083197331463,0.18321721248792705,1.374391058478749
0.0044812574,0.0052816467,0.0008,0.0026645078,0.0,0.0020171427696714546,0.0027799999459322496,0.0007135998263540842,0.0011946663660719436,0.0031129600773102083,0.35331200088081305,,0.0,0.0023538615487842434,0.0033692576234065088,0.20615890175103915,0.0,1.5580859,0.01579763,1.6805348,-0.0052488735,0.000858658,0.004,0.0004446973,0.02,0.0004618664793104927,0.0028380439819356627,9.237329586208034e-05,0.0013542392545837089,0.40357631259392845,0.003435262872351777,0.19134284525804302,0.0,0.000583910594011877,0.003000769451221299,0.21390804668753688,0.0,0.23709661,-0.04609715,0.31133682,0.0060967724,0.0008,-0.52304494,0.002336537027670556,0.002192958266497819,0.0010462510181987455,0.0007889514810870094,0.003552314329760429,0.003997623561657476,0.0027087192449667783,0.002653157241324686,0.61566937,0.031140018,1.3062755,0.13921429,0.0027210412,0.0,-0.20419976,0.014655960397629215,0.6263608822460888,0.001210119558384477,0.0029041719762950328,0.007649416581164985,0.2326194476211239
0.004116516,0.0073635145,0.07039999999999999,0.0072403555,0.08,0.07141800015040677,0.6885813344028899,0.03302976104791624,0.08137440126459335,0.07750435547089186,,0.26665530572150753,0.0,0.07348884110313046,1.006817682283082,0.2859126332777573,0.2985513647294408,9.694427,1.1443552,11.778307,-0.0015866861,0.0028357538,0.0256,0.0026721521,0.02,0.023184000080152374,0.11516800016030478,0.01091519961226295,0.00231520047189749,0.03322453326119621,1.150318399945897,0.21460345381831786,0.0,0.025990111518933327,0.3175703342089505,0.22602723154460072,0.07173288508911942,2.436418,0.15679932,2.8490152,0.0077263773,0.07039999999999999,0.3076897,0.07124771524176145,0.6437408476944574,0.03617491101862052,0.06269278628190424,0.07762847901467758,,0.07344260755747327,0.9878529961758051,4.9885116,1.2245452,12.020956,0.9291445,0.007545109,0.07,0.29398102,0.08570176852604583,,0.04565727063753926,0.08112084701485169,0.07706504586041028,1.061036046052929
0.0039687245,0.005142855,0.0808,0.0049818004,0.08,0.1096684806689143,0.8165484805969397,0.051309696119387994,0.0927161607063277,0.14178726444533923,,0.2680660804628775,0.0,0.12438069364725825,1.151790346823629,0.30545005171760453,0.41392683539240993,7.671295,1.2595509,9.121616,-0.0017939144,0.0021754,0.0216,0.0019919684,0.02,0.06302080010219424,0.24761386686437592,0.03857261695716534,0.000702080010219426,0.3192949760735799,1.0630916267892998,0.23139608127703515,0.0,0.07047598416804526,0.4574703936672181,0.24840829773775935,0.19123838394854428,2.418447,0.30742744,2.6815722,0.0054297475,0.08399999999999999,0.32652462,0.11730809672766514,0.7855942095455503,0.05698932171339311,0.08921470179429909,0.14361749667443122,,0.12798550039019657,1.1127211674604798,4.0208454,1.4227012,9.416782,0.64720255,0.005260506,0.08,0.32697216,0.14476551832461412,,0.059179425053477314,0.13330513639446853,0.12940112071343363,1.262365700912126
0.004484573,0.012798164,0.017599999999999998,0.012386053,0.04,0.01506221165411448,0.2876287994966773,0.004413071815532476,0.06504575612441509,0.020232825579999596,,0.23525091145061217,0.0,0.016975270968111363,0.6159258140839944,0.24566554740421656,0.11326048168051563,12.578135,0.43756315,15.334775,-0.005295971,0.006607009,0.0304,0.0063566496,0.03,0.022160710817812877,0.09794879871756337,0.01110975733894402,0.012443091782115475,0.029995439280357004,1.2475908789364283,0.22218414211746454,0.0,0.023838442938065054,0.20143844314039605,0.23347316411964808,0.0,4.691387,0.34098333,5.472211,0.014132099,0.028,0.46674022,0.02479249067388282,0.25352723151707135,0.014480528108843553,0.04293573460373142,0.03046987486888629,,0.026615154205348334,0.5615800860276451,6.671898,0.81503683,15.964568,1.622834,0.013848196,0.02,0.4712627,0.028984982310972567,,0.011221349229348476,0.05662872164358871,0.024074263842641767,0.6169574317046232
0.004233044,0.007069353,0.062400000000000004,0.006801718,0.049999999999999996,0.06303243621971133,0.2117567985655359,0.04955136053351789,0.021175678598251747,0.06887748257445815,1.337454078738341,0.24488185090132575,0.0,0.06589402715523766,0.3551293514368251,0.25651753131708,0.001478821974070212,6.5032926,1.037062,6.9236927,-0.0036431039,0.0030950373,0.0184,0.0029239997,0.02,0.013994400731139832,0.07659440063984099,0.002797761346558491,0.0014391042968204043,0.020631936813899028,0.42718992116103266,0.21340435134026792,0.0,0.01561130129291346,0.09651412657846581,0.22534351910088854,0.0,1.5452886,0.10900917,1.6760454,0.007488171,0.041600000000000005,0.38110334,0.041967583703370975,0.19876099337135625,0.029121824743008163,0.03542707674426401,0.04792951706324793,1.2998708092682434,0.04420692044652301,0.364409177570938,3.3057377,0.7410054,7.254753,0.8821655,0.007237292,0.049999999999999996,0.3487067,0.06514815707561625,1.4277245392043656,0.042210542613694675,0.04160164456770987,0.05701208324799289,0.4158975500875304
0.003993356,0.005355069,0.1168,0.005137171,0.09999999999999999,0.14208800187172768,0.9085920003355475,0.08187839817965432,0.09500879836106184,0.16646336088232266,,0.2902599158128134,0.0,0.15133519039755502,1.2437783965087226,0.32242436340053815,0.45121743312042917,8.237712,1.720358,9.780403,-0.0012292423,0.0021064891,0.0112,0.001967676,0.02,0.04559679891794408,0.30079893297197985,0.02735967959092236,0.0010798397390287878,0.38607423939945845,1.3567348478798917,0.23067103960449897,0.0,0.05049740830169153,0.5309948166033831,0.2442041228398715,0.2012694810422868,2.3290858,0.20729062,2.6908674,0.005592318,0.0712,0.32706922,0.10020651861207594,0.9030951737539914,0.048818756935504186,0.08940528811114974,0.12055472734812779,,0.10728643665576343,1.272288441022366,4.274638,1.2341253,10.32725,0.6607281,0.0053883535,0.07,0.31515977,0.12510576681650334,,0.052800154362909454,0.23908338542376545,0.11159682434478767,1.4159865809712964
0.0041236216,0.0049879584,0.1392,0.0047132177,0.09,0.17683199869975139,0.7272959989933585,0.10168479854351271,0.01588479893673285,0.22865279504229075,,0.2759821401299378,0.0,0.1952499667312283,0.9934799731176035,0.3219560103654389,0.39239997611937555,7.4680815,2.0071297,8.296092,-0.0036123667,0.002506569,0.0512,0.002313222,0.03,0.12563584042368534,0.3885930670687645,0.07681194592712635,0.0005393066196439604,0.297922563876172,1.443840854725046,0.2456000029050063,0.0,0.12685441268407135,0.6647308825887511,0.272845548615284,0.26651552189517896,3.1629572,0.65412927,3.3512225,0.005342092,0.0696,0.42378038,0.11286064014196022,0.795949118943057,0.03635703958530521,0.08553984007645747,0.15917623536009318,,0.13170005239691832,1.0631604072723189,4.0540495,1.398287,9.306203,0.6265605,0.0051419064,0.09,0.4112333,0.1850257865009225,,0.06816647218191597,0.17399134231443816,0.15620227992789645,1.2650913109662805
0.0039838827,0.006134289,0.14320000000000002,0.005980339,0.13,0.159960000078644,0.774880000419435,0.09147200056623696,0.09022933315157838,0.19686399949667793,,0.30518352305830276,0.0,0.1787901523388485,1.0853983585952949,0.35115182923021776,0.34175378616121194,9.120314,2.2411706,10.45837,-0.0027423059,0.00250409,0.0184,0.002325616,0.01,0.055360533889807724,0.36696053378970084,0.024808160136910236,0.004832640516982267,0.3360734408564781,1.4603787529146024,0.21657301268408322,0.0,0.06203418508684327,0.5335477407919648,0.23575126384107184,0.20812171729205453,2.955729,0.29860908,3.3698134,0.006454679,0.14320000000000002,0.31639558,0.1664015319402464,0.7511077634289351,0.09363348987027276,0.0799636455780901,0.1968894999165042,,0.1799301259730762,1.0575810419246021,4.793632,2.4331596,10.846833,0.7757733,0.0063038343,0.13,0.32175198,0.18751101353165434,,0.08650113859194128,0.1533602835250142,0.17138543960775757,1.1882264615728577
0.0041245683,0.005519913,0.1568,0.0053138584,0.15,0.1810579203996376,0.7316896040265818,0.10105792129352922,0.07172895958098549,0.22105354748099926,,0.3300262538909403,0.0,0.1954476835909317,1.0791715258733692,0.3745420908681693,0.33685479315460004,8.206093,2.280095,9.181066,-0.0030997496,0.0025516832,0.0432,0.0023161964,0.0,0.09055680011622098,0.3446352004764056,0.050431359221720276,0.0016470387736699722,0.37040778725308143,1.439011680691765,0.21070540837969468,0.0,0.09680563948827234,0.5950889367579973,0.2313149603155816,0.2483168890652404,3.0371575,0.49525467,3.3058605,0.005848247,0.1568,0.33667678,0.18527041908136735,0.6879991097727443,0.11936050276918649,0.05279966837893123,0.22103642726435696,,0.20116053459239092,1.0239564694885641,4.374358,2.5101776,9.627558,0.6939579,0.005639911,0.15,0.34169403,0.2181672445698557,,0.11963502604894345,0.14290869694084676,0.19912287663543593,1.1832554268679027
0.004261939,0.0044351616,0.045599999999999995,0.0042812126,0.049999999999999996,0.06269040090755197,0.35716160276827497,0.024392322501494253,0.03113205339401152,0.06804726848457986,1.4614827202180014,0.24566193449202273,0.0,0.06484644863654153,0.5886696726072536,0.2645894377614754,0.11877330204671363,4.9283924,0.5832368,5.555084,-0.0044690412,0.002371721,0.008799999999999999,0.0020693066,0.0,0.021369599094278557,0.08782719926660586,0.0019654402290354028,0.0007654405722884213,0.2794889587634482,0.7989779175268965,0.20254512371290342,0.0,0.02327700603571834,0.1261846705556418,0.21400188679048535,0.0,1.5459063,0.11214888,1.7356588,0.0048400653,0.045599999999999995,0.4119461,0.06213306975899254,0.27119948818087236,0.035444076837105334,0.019147968623241005,0.06792453645744358,1.4511040949692953,0.06393207337516542,0.5540259010213057,2.5675347,0.6522478,5.7242723,0.56575686,0.004625979,0.04,0.39654818,0.06880383929708422,,0.0375931522678065,0.06550444123777457,0.06352529306131657,0.692536888876625
0.004253412,0.0065160836,0.11120000000000001,0.0062981863,0.12,0.11600960086193844,0.8828096008430623,0.06176076869720045,0.07960191984648778,0.12800691274914433,,0.2988676091050066,0.0,0.12095029544270769,1.2180101770452356,0.32851568622536664,0.40622295925985336,9.336436,1.6117285,11.482727,-0.004267267,0.003161469,0.0424,0.0030077833,0.049999999999999996,0.045681280193327484,0.45186880055705914,0.02574688046468318,0.02888128223624887,0.05353152058911933,,0.24298828897821032,0.0,0.048833101958770934,0.7569997222501956,0.25742447075118613,0.23486894077430825,3.701105,0.30984983,4.4560256,0.007088123,0.11120000000000001,0.40450808,0.1146436201603602,0.8428418809079414,0.06383093324664432,0.07787895751107975,0.12759504807801988,,0.12016833693998041,1.1574839035889075,5.01979,1.8013026,12.183285,0.8441255,0.0068390896,0.12,0.4003875,0.1430216189049632,,0.08281580604737598,0.12589287215727094,0.13323925627259006,1.2563935873730578
0.0039706198,0.0056738616,0.108,0.0054725436,0.09999999999999999,0.13330986629197136,0.7367765326091089,0.06901098656236727,0.04073318349043769,0.18051865521924765,,0.284355701837327,0.0,0.15686540780210512,1.108731571184896,0.32641308173406697,0.37935350389860745,8.460108,1.7738618,9.747715,-0.0029475507,0.0026473647,0.0216,0.0024961575,0.02,0.07316266702067306,0.37189760042560915,0.03844352005338151,0.004854400087165778,0.33937920064923416,1.5171916801861138,0.23126351967993217,0.0,0.08346778479394748,0.700500419211662,0.25446680592458093,0.20883117268439755,3.1930742,0.43089584,3.530068,0.0060903705,0.108,0.3719735,0.14121183861655767,0.7365983999646107,0.07407110026830704,0.04063989289175381,0.1805283243372835,,0.15734416375809843,1.1007204349143505,4.521037,1.9885827,10.2457695,0.7194953,0.005875793,0.09999999999999999,0.3726358,0.17705143985903787,,0.07684296534534056,0.1600287834962989,0.15302185977393307,1.2171310477418105
0.0039369874,0.0041087894,0.0096,0.003781943,0.0,0.07713920030828457,0.24875136022750152,0.033975679446345025,0.003151358892690023,0.08454528004152403,1.4718540800150997,0.21669906931875602,0.0,0.07916376377694169,0.5759637627758515,0.23952220839943822,0.1739903654381312,4.5949144,0.6435443,4.9230633,-0.0019986636,0.0015745375,-0.0392,0.0013489663,-0.04,0.024272639871355476,0.06456319935677726,0.01294421288474714,0.000677546461743852,0.35377343982010806,0.230097919658551,0.19008702187113077,0.0,0.02564873471234246,0.08281218367808561,0.19745547022445195,0.0,0.97070026,0.09286792,1.0538642,0.004232735,0.0096,0.24259698,0.07516179305160153,0.24865093635708277,0.03459239025024644,0.003118927680332175,0.08449350456742682,1.4719738803251818,0.07893597121808393,0.5759916157939097,2.3467746,0.68080163,5.0029182,0.47604632,0.0039334726,0.0,0.27847075,0.08199119698875496,,0.03559764744416199,0.05005871770135319,0.07433016883805514,0.7276212703704916
0.0040629893,0.011857887,0.0448,0.011514463,0.049999999999999996,0.043136873171526854,0.43890112161968736,0.03120422513589692,0.04928422716248227,0.04886600526705147,,0.24425467146048088,0.0,0.04495909886576901,0.7732242654611751,0.25574800738664744,0.1913593663431459,12.864124,1.1846243,15.405235,-0.0016808807,0.0046031424,0.028,0.0043478254,0.02,0.020818666483819106,0.08222800012774295,0.009923733393447582,0.004971200180342647,0.028570399656597193,0.8647703996565971,0.21221994045315432,0.0,0.02205187578213795,0.14619539136242574,0.22389120172715998,0.0,3.1076787,0.2091318,3.5679927,0.012489493,0.0448,0.3193838,0.042634769468588636,0.38849839972176664,0.031225985201593632,0.03314016680136033,0.048719506732330504,,0.044625166956705244,0.7333920093676021,6.594664,1.2458341,15.699453,1.4916369,0.012157226,0.04,0.33145317,0.0498251925952566,,0.031007617522137917,0.04898752045188382,0.04502889826629655,0.7921336285833555
0.004384151,0.009582754,0.0728,0.0093790665,0.06,0.07083733278340859,0.4823786654642878,0.04175786549784252,0.0480735945892808,0.07801386647559089,,0.25036900584243776,0.0,0.07303023871447353,0.8278604776850098,0.26517871509278046,0.24425722645126563,11.172459,1.544358,13.247339,-0.0049087815,0.0046705655,0.0464,0.004422685,0.03,0.040449066225829076,0.14774719867748723,0.023414719867748682,0.0030764799118324798,0.04797749290839206,1.3647729914833056,0.22237551597248625,0.0,0.04258761823273867,0.4359283322052918,0.2342711770202274,0.07337615070259504,4.023597,0.42087826,4.6828356,0.010398407,0.064,0.4131377,0.06143946746968854,0.4889106943664608,0.04097372308489221,0.04317255269121209,0.06902195954084223,,0.06378098329685145,0.8174860985646517,5.923942,1.4700544,14.076371,1.2520497,0.010218762,0.049999999999999996,0.43097946,0.060474452471913624,,0.03141499001769425,0.06469059080504322,0.05440486783044328,0.8966629101780469
0.004013252,0.005335173,0.09040000000000001,0.0051551703,0.18,0.1276207981565878,0.9326103994919597,0.05520166310146969,0.16453610586526715,0.17461871871322784,,0.36309280455253967,0.0,0.1418550894280062,1.2383826346776836,0.4108370458781545,0.36991570941921526,8.4125,1.5125458,9.980889,-0.002556395,0.0024421196,0.0328,0.0022487724,0.0,0.09628159956717683,0.41114079983919427,0.053976319312292076,0.0005254398641417848,0.34972458647002613,,0.21689231251974048,0.0,0.10530949496563781,0.657564242568097,0.24014024621755822,0.3096398772587902,3.1777048,0.5163719,3.4821024,0.00572278,0.09040000000000001,0.3701599,0.1305338767553847,0.8887393696852889,0.055582612809702,0.13269500112879687,0.1745429516428493,,0.14858874551474494,1.2415884453712647,4.4961495,1.70716,10.494454,0.67294043,0.0054875943,0.13,0.35485667,0.21664205395685307,,0.10429806586050702,0.22328272313493933,0.19273636767429494,1.3222149814744077
0.004730419,0.0055653867,0.1512,0.0052716983,0.13,0.15946559955539943,0.8255994662692524,0.09047984035295367,0.018143871678075296,0.17887423884235779,,0.3073368595021775,0.0,0.16822628396252148,1.184965709342312,0.34255730338289186,0.4427213414503965,8.071326,1.9292816,9.697861,-0.0060767955,0.0032978037,0.0528,0.0030276137,0.06,0.06229546775807502,0.493495467758075,0.024128640007213743,0.0018572795311091084,0.07870310481380342,,0.2537075140146322,0.0,0.06897038161635287,0.7390555733359956,0.2729110899706941,0.2809419074706481,3.9415503,0.44685358,4.6982055,0.0062353304,0.1336,0.48845106,0.14317432991809295,0.8262345065106623,0.09041926585552901,0.03431974676682809,0.1597646400266522,,0.15060353906136442,1.1454591947449875,4.488539,1.9837368,10.700596,0.7310697,0.0059344345,0.13,0.47711468,0.16322120092711856,,0.09451061905375972,0.15185067498567834,0.1515152568346975,1.352068030531886
0.0046186275,0.0050850655,0.14880000000000002,0.004919274,0.14,0.17171733260631353,0.7933173326063135,0.08351759931737124,0.07807039856554154,0.23901120099825415,,0.3126283051729208,0.0,0.19447640430100915,1.1117146057401828,0.366725443912749,0.3481164628261107,7.812337,2.031487,8.933088,-0.0057823127,0.003127261,0.0528,0.002911605,0.049999999999999996,0.11579519962328377,0.4751122284492371,0.06571958894713058,0.0013457072437631503,0.14064469251578,,0.261856199134925,0.0,0.13143982113190386,0.7471865775665868,0.2922523107686272,0.2604887453493172,4.2884574,0.8047155,4.6202455,0.0057922397,0.112,0.520265,0.1492316000325438,0.8047537297034203,0.05965916778219271,0.09820237757476573,0.20220870214120681,,0.16786807874250403,1.1013347747438555,4.455251,1.982773,10.122995,0.68310136,0.005634783,0.14,0.5094371,0.23409936658777872,,0.09672037983106087,0.1660469394399827,0.2019236807778838,1.1895727013409605
0.0046200487,0.005675757,0.1504,0.005382069,0.16,0.1602474666778516,0.7503712005033227,0.0850536958713511,0.0386342407524645,0.19565408034666282,,0.3344804985235709,0.0,0.1736790068127846,1.115153434173182,0.37709215116907413,0.35463130520032204,8.197092,2.0283504,9.586899,-0.0058537023,0.0031986507,0.06319999999999999,0.003042486,0.06,0.08832319929064956,0.46236927979705417,0.049032320408776656,0.013945855985764942,0.27129087925578527,,0.25673921087067225,0.0,0.09323400860810875,0.7933020260798773,0.28073399342024824,0.27372938904869254,4.085691,0.6205928,4.6928744,0.0063686245,0.1504,0.47079927,0.16226496010442662,0.749797602832655,0.09286302201688458,0.028423257052068232,0.19431917716717417,,0.1800462580080167,1.0671402421579155,4.579281,2.3704424,10.498417,0.7415359,0.0060567404,0.12,0.48327124,0.16877607801957745,,0.07706218882684233,0.14878514289686023,0.15303623343617942,1.2162263932746136
0.0040520946,0.0052963304,0.13040000000000002,0.005068959,0.09999999999999999,0.1627447989760549,0.6767447989760549,0.08677791765954936,0.01811861251068247,0.21266751783907348,,0.28636502463121916,0.0,0.17854451019230783,1.0082167667192814,0.3301167454743516,0.3286658929949643,7.7367816,1.9976435,8.552358,-0.0019818076,0.0023013232,-0.0048,0.002174904,0.01,0.05775146597468438,0.23514239975553528,0.014856959594428917,0.003390292593793949,0.3344844794902309,1.3767075835921847,0.22345813489560548,0.0,0.0704948854005775,0.4622948854252607,0.2502620823976802,0.18635762071397574,2.621337,0.2775557,2.9045403,0.0055384464,0.13040000000000002,0.2967752,0.17055669758947256,0.6767561661510595,0.09769235451984469,0.018239171944812685,0.21265722039615353,,0.18749105128963783,1.0081850744260201,4.0825715,2.180355,8.899687,0.64867604,0.0053461064,0.09999999999999999,0.32340452,0.1873994168474729,,0.07814018492425227,0.13596122951846643,0.16121254763701684,1.1553995609914862
0.004217886,0.0054265955,0.1216,0.0052063297,0.09999999999999999,0.14116479972317306,0.8431530663283229,0.082426367148178,0.032577281330446226,0.1678621853585903,,0.2847197521067862,0.0,0.15298651645971767,1.1575730337058754,0.3208248982045578,0.4108789320445852,8.043142,1.7201084,9.524608,-0.0037997642,0.0027559367,0.0152,0.0025154925,0.02,0.04129439978659411,0.42032959965133715,0.016071551535244272,0.000711551962392517,0.40480396826267534,,0.2237905999635633,0.0,0.0488223331060557,0.6918223329181985,0.24160087987049408,0.2534759372670824,3.2064595,0.25398645,3.7737346,0.0058549163,0.1216,0.384878,0.14658580859133544,0.8239762537061862,0.09072631096788326,0.03265906107195606,0.16756628305026056,,0.15480477606590212,1.150396522433552,4.329296,1.9259715,10.09329,0.6942578,0.005643686,0.09999999999999999,0.39627472,0.14951330907911484,,0.07580659205958383,0.15973711214087108,0.13776810814221846,1.2800191680901782
0.0040516206,0.003934945,0.0,0.001767812,0.0,0.002294399965846014,0.0023291198890490385,0.0010430399059417597,0.000590719662215418,0.0034177369790079413,0.004362079426527808,0.20010310740910742,0.0,0.002640328090149569,0.002867213431260784,0.20736407226543022,0.0,1.2210548,0.016374448,1.279674,-0.0016179192,0.0010078825,0.004,0.00035843535,0.03,0.001611733387770164,0.0016211200979862658,0.0003252800244965783,0.00032528002449656645,0.38577002696062546,0.0025871544116966272,,0.0,0.001802738626046812,0.0019649295268842916,0.22905058222381836,0.0,0.1793418,-0.0132159535,0.19433858,0.004393176,-0.0008,-0.54474264,0.001824217722114372,0.0026659837066095164,0.0005493139015933593,0.0010569069240474586,0.0030178044063554807,0.004177532273259712,0.002180900701456085,0.0030226667178471973,0.47569275,0.011013831,1.0043414,0.09701974,0.0017678626,0.0,-0.007571636,0.016984829010682743,0.6725242915911889,0.0015817028332642735,0.005377509469881405,0.009998263246257296,0.300660947608929
0.00397583,0.00560944,0.15200000000000002,0.005476807,0.14,0.1736735997923798,0.7300735997923798,0.10098943840195033,0.0847157756257304,0.2313049595671433,,0.31926385972332594,0.0,0.18915382940293837,1.0403538294029384,0.3641144904519958,0.32527523742092557,8.471122,2.2890646,9.511581,-0.0016392369,0.0024545137,0.004,0.0023181792,0.0,0.06048106662792634,0.33597386681428065,0.025984319327320645,0.002384318605350165,0.26585888046558503,1.472583552186234,0.21283964192057706,0.0,0.07280740632640505,0.6309432084352067,0.2374639992791333,0.2300636694335077,3.0344303,0.33546874,3.3524609,0.005950178,0.1048,0.36873606,0.1330503520936515,0.7770494379785604,0.06201377455507573,0.10615852518302903,0.1840049887372578,,0.1514962078590407,1.0795893560978256,4.4977217,1.8569413,10.274366,0.713366,0.0057959636,0.14,0.33340153,0.22229211345923666,,0.10328974649730974,0.15403212086554266,0.19045051598286342,1.1524344810897726
0.0043059923,0.013568858,0.016800000000000002,0.012758846,0.01,0.014430932890969507,0.17966399698008745,0.008244264787609971,0.013590399129971713,0.019319680002852144,,0.20631886528500726,0.0,0.01628049051040607,0.3623713495366277,0.21584775501610493,0.03416241381986589,11.202773,0.44135132,13.418697,-0.0043128766,0.006243616,0.020800000000000003,0.00602796,0.02,0.012590080015870172,0.06791679986774864,0.0019320321190743927,0.013452031620078147,0.020356906156296463,1.0101414374463433,0.21196244572068645,0.0,0.014337481629649073,0.1030749632592982,0.22370850496754602,0.0,3.5331652,0.18871431,4.135515,0.014595055,0.016800000000000002,0.37722957,0.013985480827953551,0.1637885496405894,0.004108499248998669,0.03351486344761253,0.019134663473439697,,0.01577420372533943,0.3295160754429109,5.85826,0.4592877,14.01618,1.3301874,0.014089735,0.02,0.44208655,0.02898884391924362,,0.012146048905999436,0.03835751394410809,0.02444417621931734,0.387933547693236
0.003931303,0.014358026,0.017599999999999998,0.013645122,0.01,0.015635011565293008,0.1102991992722802,0.010418093612104894,0.004142719332738631,0.020010631063645087,1.3276318936943265,0.20543311348875803,0.0,0.01733090094477552,0.18411266173411528,0.21591388714323848,0.0,9.509332,0.534353,11.057352,-0.0013447547,0.0048867175,0.0216,0.0044132657,0.02,0.013428533553000898,0.03217120110309796,0.0031816971170681428,0.0015694951645505567,0.021592106795511608,0.09118816019326739,0.21119339763444875,0.0,0.014695439989087436,0.04713860052772408,0.2241512207970342,0.0,1.5074859,0.15766096,1.6713349,0.014978663,0.017599999999999998,0.2888739,0.01531505478619765,0.10630555770847805,0.009102809086537354,0.004607893973685219,0.019910371962032197,1.243997870497707,0.01710243607551702,0.160644871137514,4.772379,0.54434437,11.087422,1.3733194,0.014273993,0.01,0.29794145,0.019193211632973117,1.4580874300835622,0.0032647108128977466,0.026393930355373484,0.015045161987123166,0.1853667137912041
0.004231149,0.012518685,0.016800000000000002,0.011952626,0.02,0.014813046915976156,0.16849493440429084,0.004473417639604213,0.05161424101639531,0.020022528545801877,1.4954252851036722,0.2157413356986897,0.0,0.016347413196341313,0.28931636989817877,0.22584977363147307,0.0,9.818415,0.42078957,11.469226,-0.0041244878,0.006055227,0.02,0.005859401,0.02,0.012761600993889625,0.06449493399325468,0.003036159803626924,0.013416958821761344,0.020658773643389486,0.579788160155696,0.21195588936951051,0.0,0.014576576525073916,0.0847531533818597,0.22401435348836318,0.0,2.7772546,0.1784919,3.1501904,0.013720344,0.017599999999999998,0.43206698,0.014823241740927052,0.14557656552335874,0.005077229663906474,0.041133394994370825,0.020638254181161757,1.4321172101039013,0.01663362169517245,0.22873924690644767,5.039548,0.46544856,11.728526,1.2835585,0.013311569,0.02,0.45579207,0.029374025873055556,1.555772131061542,0.011679785049827345,0.040081870215426516,0.024509932062651105,0.2598838299922896
0.0044793626,0.0044545834,0.0928,0.00422958,0.15,0.139323199789234,0.8791385601701227,0.0376837117416956,0.008304639407338667,0.22125567992953502,,0.32528494035042355,0.0,0.16504891127399018,1.144711139214834,0.3920679733657748,0.3887364035927799,7.145854,1.4317744,8.2714615,-0.0054144575,0.0026354657,0.0344,0.002454513,0.01,0.13367039834485317,0.5870037314671197,0.0690505599738503,0.0006804477009676143,0.20411007549984123,,0.2336389467302454,0.0,0.14617656327239112,0.8335531268764691,0.27078444511068445,0.37707277667240907,3.915768,0.7693882,4.1262183,0.0051138117,0.0928,0.5133818,0.15777802903961202,0.815110142088603,0.05871616660148611,0.008226228464766542,0.21919759320859625,,0.18191454458300294,1.144777504021819,4.0739036,1.7969666,9.135006,0.5823567,0.0048203045,0.09,0.51642627,0.22268419121881083,,0.06399323695622484,0.26492124712973597,0.1844149248941153,1.3008775686415481
0.004238728,0.004754429,0.1376,0.004493899,0.11,0.18722960003617628,0.7572592008587927,0.10480473612603164,0.026011840352325902,0.2490131223580577,,0.2979937678689921,0.0,0.2050018011081003,1.097535134790963,0.34907529480959726,0.3908836043645074,7.2748165,2.0138175,7.983931,-0.004420457,0.0025090473,-0.0296,0.002397501,0.01,0.05564879964006577,0.5673951983769161,0.014609759636608897,0.027746345656747818,0.30377567947039275,1.5574504522592927,0.23396888668562632,0.0,0.06815821190760012,0.707134927277349,0.26261853848109123,0.2667839345950424,3.455703,0.31037816,3.847974,0.005187609,0.1376,0.4115616,0.19860519060388288,0.7278136079705257,0.10974878313743056,0.04453757693630003,0.24906399400195,,0.21629177628241397,1.0600593165242824,4.024886,2.345846,8.616476,0.6086584,0.0049730483,0.09,0.44920313,0.20328171624625252,,0.07211136787480739,0.18178607231170218,0.1735660557640732,1.2353371234396735
0.0041582007,0.0050125904,0.116,0.00476864,0.08,0.1444656001226847,0.7206655998615866,0.0824931187920255,0.0313862399974834,0.1528507734513344,,0.2701169986507642,0.0,0.1462300344447021,1.0078700798729225,0.29986239444343976,0.3544330343396765,7.1201572,1.537915,8.171986,-0.0034918967,0.0021382184,-0.008,0.0019498292,0.04,0.018566933382092702,0.24865040006499853,0.006490079585662352,0.00046005328878199125,0.37042144155906365,1.415621441934778,0.25039957046290884,0.0,0.020216183977192305,0.5652828504768748,0.2593624430277723,0.18492596698367259,2.3541226,0.08319485,2.8030343,0.0052465466,0.0976,0.36859086,0.1260023079168665,0.7263688742859747,0.07209598475113507,0.039979354689754686,0.1341402344673576,,0.1277804073963978,0.9975649728590356,3.745066,1.434132,8.628464,0.62175393,0.005037146,0.08,0.32798082,0.12388334015575346,,0.06313271599525308,0.15469752089774422,0.11497062147413062,1.1902073075514985
0.0040577785,0.0057051256,0.0888,0.0055322284,0.08,0.1088703989807735,0.7830901332557378,0.053236052377020136,0.07425407913932153,0.13851468768874575,,0.2674699994803889,0.0,0.12334497257355023,1.1207749538763816,0.30143152179024024,0.3769484690110573,8.235342,1.4156024,9.693005,-0.0021379723,0.002209607,0.0288,0.0020583998,0.02,0.05661247980066105,0.23116559960700292,0.028417493760011212,0.0013131204098290594,0.39202410557318806,1.3846544633439128,0.22500385649155002,0.0,0.06661555544170623,0.5375077777208531,0.24301045188888928,0.18182054960934,2.3627968,0.27138838,2.6949568,0.0059225215,0.0888,0.27178445,0.1136064224387309,0.7663793707799121,0.057814808986330714,0.06714013323754163,0.13737224020178326,,0.1235134120572951,1.0831502083508555,4.283673,1.5149832,10.007402,0.71025604,0.005804226,0.08,0.30735192,0.13428184098341317,,0.05656734738641859,0.13159311571040436,0.12015132411156074,1.1945617863572229
0.0041018315,0.0048321146,0.1544,0.004588164,0.15,0.20916080032008086,0.7271215999307934,0.10164288014428512,0.016464320553654987,0.2801192542454636,,0.3329783065461738,0.0,0.23625377568117176,1.0799172194767277,0.3945778592586369,0.3632611898366042,7.658388,2.232348,8.350804,-0.0036792941,0.002387586,-0.017599999999999998,0.0022264635,0.0,0.08585279968139435,0.4702822397672376,0.03382741248371909,0.0038822374511572,0.29210803200182744,,0.23106738406327926,0.0,0.09214173594774652,0.7957417360808771,0.2608788189269518,0.2748089021055451,3.3703086,0.43846804,3.6127357,0.005202525,0.11359999999999999,0.43696728,0.18652220882889675,0.802254491863242,0.07615252898666522,0.01907696581990393,0.23763354495884045,,0.2067733745585322,1.062355306863938,4.1825466,2.1465802,9.12211,0.60508573,0.004936555,0.11,0.40801194,0.2387277791394989,,0.09119107336226726,0.23686143702694915,0.20698042901507535,1.273970348553079
0.0044173086,0.003569257,-0.0008,0.00179055,0.0,0.0016608002239781854,0.0034791117596814046,0.00043840006634695785,0.0017622400953794294,0.002985829205459686,0.44692032171682977,,0.0,0.002085559208451696,0.004153035313101375,0.2074675367425092,0.0,1.4699812,0.01922753,1.6015487,-0.0048983707,0.00081800576,0.0424,0.0005155915,0.02,0.03931999999999999,0.0015199999248571583,0.00017600002003810005,0.00035200004007619463,0.44210133298600585,0.1535760002554859,0.1933913018176175,0.0,0.2064393131154535,0.00382506383758826,0.2197770830064131,0.0,0.37367976,0.015666008,0.41532367,0.0039906004,-0.0008,-0.46367267,0.0019343878334920645,0.0029085528838727103,0.0006768124909916878,0.001160388259918395,0.003172212555319174,0.004934729148875563,0.0023180932247614692,0.0034801647233128137,0.57382584,0.02449209,1.2350626,0.0967399,0.0017909891,0.0,0.022146435,0.0176353381496115,0.7769783768380404,0.0016170441545402523,0.003613625414664935,0.010371708309733236,0.3696348993754788
0.0041553583,0.004956221,0.128,0.004780956,0.14,0.17154080228696808,0.770970401143484,0.09214816059140421,0.003565440394269462,0.22946672069505517,,0.3249353570258274,0.0,0.18678220519297176,1.1063822051929717,0.3756642881925814,0.34894666737447555,7.6561384,1.9572468,8.522636,-0.0038438868,0.0026141487,-0.020800000000000003,0.0023960138,0.01,0.057091199643321856,0.4597819427432938,0.014458239955916224,0.002191573289249573,0.3009287465892195,1.449593120068455,0.23266608376543846,0.0,0.06546614918643395,0.6837322981214193,0.2585566086726604,0.2847859604974733,3.3955922,0.31386736,3.7923253,0.0054398677,0.128,0.42487028,0.18003956274566862,0.6927395481556262,0.10103383158811985,0.003800761559850054,0.22931196293245878,,0.1985706257728996,1.087161484538843,4.18756,2.262821,9.105827,0.64027596,0.005226381,0.12,0.42252943,0.22509448158634524,,0.10277404191674912,0.1497161765151284,0.19551918405352772,1.236482605008923
0.003915197,0.029236162,0.010400000000000001,0.027218245,0.01,0.008305230796034903,0.08091733470348603,0.003012533227076574,0.003491734518934846,0.011340647850649792,1.070235735603875,,0.0,0.009444954578878877,0.13244633976278825,0.21578067737945292,0.0,15.360354,0.5288897,17.90123,-0.0017577239,0.011806552,0.0136,0.010190371,0.01,0.004635130379327484,0.024052000300571086,0.0016525999635557127,0.0021855998032625627,0.012304376511628197,0.09029360029080279,,0.0,0.006043161029465773,0.033549476356381086,0.21446984996258103,0.0,2.763001,0.16772102,3.070621,0.030452913,0.010400000000000001,0.28363398,0.008110182265232106,0.0767522759798137,0.0025014104516732005,0.010756445099160256,0.01126857218218238,1.0463367203148173,0.00927652064675158,0.12152139658425294,7.759922,0.5317676,18.06672,2.1521783,0.029063314,0.01,0.3582401,0.018686015702122135,1.160063490866387,0.00305334428915863,0.007943443293111922,0.014621657375388607,0.12567360335621308
0.0039734617,0.01680274,0.017599999999999998,0.016118258,0.01,0.015474365573617479,0.1175104078518961,0.010136553528761577,0.004675523748481192,0.019650850922932252,1.3662796804693476,0.20168951666862245,0.0,0.017004977029505923,0.21747613009059497,0.2158012872058684,0.0,11.492909,0.5885733,13.402119,-0.001821677,0.0059213713,0.020800000000000003,0.0053363736,0.01,0.012877600012774292,0.026355199879771564,0.009111041178238612,0.0040634521018506585,0.02039936008355885,0.5543987201671178,,0.0,0.014640038448977157,0.044106769597937606,0.2146266204698762,0.0,2.131773,0.20539682,2.3608148,0.017638046,0.017599999999999998,0.3089882,0.015267426677945468,0.10448344436831142,0.009347192677597514,0.005589651972157775,0.0195331709841164,1.3228114711681875,0.016747617238857447,0.19357553234704436,5.7984433,0.6097799,13.49739,1.5808545,0.016978666,0.01,0.31971782,0.01892077789594083,1.4389778906907849,0.0030683987498651534,0.016197662177059795,0.014758253995475243,0.2267475855417048
0.00393225,0.012876796,0.016800000000000002,0.0120336255,0.02,0.014814523737793524,0.25503146807317034,0.003149439544494726,0.014698881837127916,0.019586240331091173,,0.21668627694797987,0.0,0.016757482656836964,0.5787748196080873,0.22589072273952024,0.13354861414819416,12.01693,0.43049753,14.663556,-0.0014796017,0.004587774,0.020800000000000003,0.0043696393,0.02,0.012801828332443711,0.062006399158400956,0.002774184951407642,0.013184510970844604,0.020750506541027836,0.9103257598115416,0.21204222652506136,0.0,0.013848635303454284,0.08783771689855095,0.22381565628213343,0.0,2.5544095,0.14426449,2.9812598,0.013420753,0.016800000000000002,0.28568467,0.014545665810692662,0.23489371841279988,0.003667013888200472,0.025503372319080148,0.01948740277724023,,0.016443931909659294,0.5676771619537692,6.1248703,0.44207373,14.919168,1.2313955,0.012802418,0.02,0.34831402,0.029275497572061583,,0.01253064865328966,0.04663982151037386,0.02488432504011463,0.6160507074929722
0.004513468,0.0056047034,0.1688,0.0054033846,0.19,0.17223280006134234,0.9301312010318096,0.09769312065368913,0.005446559933624447,0.17979682151405932,,0.3619191077812497,0.0,0.17581344102544907,1.2375557354734537,0.3970133838170822,,8.445661,2.1000671,10.274698,-0.005453127,0.0031079263,0.044,0.00293441,0.06,0.042092158955694646,0.5541535981825457,0.0186707189043168,0.0032121556958220592,0.2328547157625409,,0.25090593095136887,0.0,0.04374042077515969,0.771880841022739,0.26541465667822783,0.2908533815647902,3.8969293,0.28412333,4.779136,0.006292262,0.1688,0.47184873,0.17099244707056627,0.8619810482887386,0.11447606349446506,0.005336224973759739,0.17970855331489005,,0.1745301492973605,1.1646440877225304,4.6470428,2.39701,11.083029,0.74096805,0.0060084686,0.15,0.45802018,0.1675021104757375,,0.10623445758759069,0.21989075228907107,0.16079844875568994,1.3757643294114967
0.004031252,0.0127185825,0.017599999999999998,0.012190418,0.049999999999999996,0.015392000176162537,0.3332800006291522,0.004192001258306754,0.06918399949668125,0.02033279978357168,,0.24552110534219637,0.0,0.017388974586891662,0.6102779492829268,0.25578150013793843,0.09838955902958271,12.648831,0.46452412,15.280417,-0.0013700385,0.0047260914,0.0288,0.0045178714,0.02,0.020213199779455772,0.06456853221120128,0.00952527862939587,0.004433704839194471,0.028351679871455645,0.8470550396143669,0.21191303356109287,0.0,0.02173806186060201,0.10611328642663186,0.2234004257555996,0.0,2.6955771,0.22264235,3.0029492,0.013327501,0.017599999999999998,0.3034501,0.01493322227532981,0.2988467937433989,0.004825882454955899,0.05571519204693104,0.02024289202010095,,0.01712930981416348,0.5742856380176281,6.4382,0.4730164,15.512487,1.2534616,0.012849413,0.03,0.34530464,0.03918983200813202,,0.022012958246867314,0.05502951347145048,0.03468596950074442,0.6157332830624638
0.0040104096,0.0052788043,0.0008,0.0027279821,0.0,0.002269561789945192,0.0028031999006601954,0.000911054854406484,0.0009276794887086772,0.0033078932686049483,0.32936490618096115,,0.0,0.0026304774994961007,0.003325589846107145,0.2059922026366798,0.0,1.4528077,0.012839768,1.5420982,-0.0010071413,0.0007689255,0.004,0.00028803718,0.02,0.0004963199732491375,0.0020815998662457413,9.92639946498457e-05,0.0008481599866245741,0.404,0.0037067519036969336,,0.0,0.0006274681176960713,0.003074681176960528,0.2124973845999765,0.0,0.031356785,-0.044457905,0.061102465,0.005958356,0.0008,-0.48225832,0.002618970763100924,0.002266204242967452,0.0012284753658444514,0.0006693885216699839,0.003668728423992752,0.004423174883637321,0.0029513216621384797,0.00276106110342749,0.63628596,0.027280673,1.3427693,0.14411072,0.002775271,0.0,-0.1848669,0.012615891060573361,0.5691942934584103,0.0011563880219525656,0.003073629272443622,0.007309770943662102,0.194186205310192
0.0040066196,0.005045749,0.1312,0.004726008,0.13,0.17296213450215747,0.7030432026990627,0.0804521600956311,0.005304320977702453,0.2363592539566134,,0.31845398940667136,0.0,0.19464890554482328,1.02194671742091,0.3664960242975428,0.33222227644601215,7.53286,2.0089672,8.230014,-0.00233826,0.0022239843,0.017599999999999998,0.0020554254,0.0,0.09855104008945005,0.2855850666078883,0.056117760104598846,0.0010355202091976718,0.3521196791403666,1.3662598394714454,0.22346956892393058,0.0,0.10791614449662593,0.5285896866584666,0.25000559242507137,0.22398015702540766,2.7274299,0.47742483,2.860046,0.0053749504,0.1312,0.35180387,0.18273619205931246,0.6910588132784603,0.08912234995708486,0.005328059768815794,0.2363327825274088,,0.2025496144380092,1.021527670231386,4.0056705,2.228279,8.594131,0.6126038,0.0050191707,0.07,0.36523095,0.17878955928670148,,0.053936299750827886,0.20452401061551354,0.1456518649724085,1.200451603433984
0.004065831,0.012387947,0.044,0.012103733,0.04,0.041730400371592806,0.42304320239078286,0.030505325250201075,0.043979094126344154,0.047559680042422815,,0.23444261494971722,0.0,0.04393997882221065,0.8101999289353373,0.2456489937204498,0.20508454724207834,13.400697,1.2124567,16.135902,-0.0038235607,0.00581627,0.028,0.0056229234,0.02,0.020349155686767928,0.10078560036369169,0.010621695822061883,0.015569493036769863,0.028658773493103765,1.368376320214007,0.21231178779347834,0.0,0.022073627429039972,0.31813252963874183,0.22374548563764157,0.0,4.378687,0.27689156,5.1916113,0.013525674,0.0248,0.43438625,0.021797047846574557,0.4013686908895853,0.011028359752397137,0.05480379983332026,0.02815193234607559,,0.02402227362320955,0.747069634121449,6.9994707,0.6747229,17.185486,1.4806641,0.013213536,0.04,0.4127776,0.04943543343702736,,0.0307386327315092,0.04292594672359383,0.04443536806812581,0.7798749759277966
0.0040937793,0.0043664766,0.0,0.0022609234,0.0,0.0021276442844378836,0.0029419787661168484,0.0007374396567190161,0.0013899517833704134,0.0032684796032408487,0.4198318912825783,,0.0,0.0025314579330468403,0.0034629159600789616,0.20676194928098848,0.0,1.5072815,0.0033307788,1.6345859,-0.0033823336,0.0008512223,0.0232,0.00043726177,0.03,0.01998240029405897,0.002294403168025188,0.019249813291954663,0.000274720125789117,0.4226899242560866,0.1484483207698637,0.22081548435241263,0.0,0.23530924993600552,0.0036292499961198092,0.22687136524915763,0.0,0.24540275,-0.015413965,0.27440476,0.0049395114,0.0,-0.48646823,0.0025034255264276906,0.0025112781849246047,0.001023905123670329,0.001007284602378671,0.0036375080787649037,0.004249471588767935,0.002858536427171157,0.002937030850569746,0.6088468,0.013047654,1.3148744,0.11896295,0.0022686764,0.0,-0.08269628,0.016450121529540524,0.6724526223427498,0.0013850212343159286,0.003641280187387515,0.00875500396625192,0.2854760503217115
0.0039720405,0.0051987506,0.108,0.0048837466,0.09999999999999999,0.1489799996461019,0.7055800000393221,0.059407998531975405,0.00795599907200239,0.20906933301351432,,0.2851453000070578,0.0,0.16860007454110365,1.0095000372705516,0.33539096196295476,0.361837898000511,7.754546,1.7476327,8.691387,-0.0015043898,0.0021957261,-0.024,0.001994943,-0.01,0.060286400178839954,0.3063242670126578,0.005817280336339354,0.00040493718594313374,0.2825185066737802,1.2359703466808938,0.21302534882582588,0.0,0.06307945919149156,0.5869589183829831,0.23914112735531837,0.18525621338042592,2.5537896,0.25132415,2.7779977,0.005414736,0.108,0.28339562,0.15699390651038925,0.705501323726397,0.07365331418653923,0.00794651246061703,0.2091260837252199,,0.17453252724221333,1.0095139954776207,4.0796566,1.9190505,9.002747,0.6317761,0.005146407,0.09999999999999999,0.3208669,0.20517337263891233,,0.07482788319862366,0.16972413206262765,0.1723901264928145,1.1972257471412808
0.0039810403,0.01484119,0.017599999999999998,0.0139506515,0.01,0.015525511371704305,0.18412959930793124,0.008817279023556467,0.01334197286775982,0.02017459833600506,,0.20649896614545493,0.0,0.017319369875353367,0.40668795146078945,0.2158976657881583,0.03416148227445225,12.387356,0.52972513,14.679662,-0.00170319,0.005245153,0.0216,0.0049600904,0.02,0.013259636506718289,0.05086400060114216,0.003785601839501942,0.005971205290051097,0.02143520010069142,0.6217408004027657,0.2117148880706786,0.0,0.014250268585071809,0.07080071610184427,0.22394412974238403,0.0,2.2501361,0.17260917,2.536934,0.015563832,0.017599999999999998,0.3059236,0.01521434888489248,0.17097980189811968,0.007988099272077033,0.022162867186305973,0.020086052823501906,,0.016972557780958186,0.36382362800755885,6.2449417,0.5422213,14.77557,1.4425392,0.014752642,0.02,0.34289724,0.02917173522385376,,0.012825953105527078,0.03811239164640524,0.024827880708713224,0.4151586828622919
0.004297939,0.005524176,0.0016,0.0029567748,0.0,0.002685866796846767,0.0024259201201051236,0.0013863680289913644,0.0007463678195088991,0.0038944836055470207,0.2927932809695235,,0.0,0.0030510911116621176,0.002918972884070053,0.20591854312658867,0.0,1.5387833,0.04421346,1.6331663,-0.004706015,0.001059441,0.0056,0.0005017097,0.049999999999999996,0.0013197708036284438,0.001479464732992686,0.0003419198056806181,0.0002279465371204072,0.40559999999999996,0.002877278135854629,0.24018119525287504,0.0,0.001577911544996323,0.0019613448228424832,0.24478380517969295,0.0,0.41693363,-0.028884431,0.51930827,0.006197309,0.0008,-0.51096237,0.002242568899188882,0.00259309330447664,0.0009687044460358721,0.0010871099090586107,0.0034800654633384965,0.004424507194270034,0.0026346169211001326,0.003184238298565725,0.5691768,0.036817145,1.185527,0.14374979,0.0030038077,0.0,-0.17719325,0.012740312108635975,0.5969258079477786,0.0011587863466808557,0.002586059558616298,0.007324932704634293,0.17846170692931917
0.0040459363,0.013947335,0.016800000000000002,0.013544699,0.02,0.01444434308106961,0.22551040261726785,0.008292023862755469,0.04462207982383704,0.01944984003564541,,0.21547778883601132,0.0,0.016311781204074578,0.5471726044401981,0.22575843702622997,0.10101448243577801,12.793545,0.4879274,15.567119,-0.0013363267,0.005312081,0.0216,0.005029497,0.02,0.013108799867147447,0.05597759962248243,0.003514399909828717,0.012228799819657347,0.020702628445617984,0.8389727997064419,0.21155373031568292,0.0,0.014424716396060694,0.08094829823706984,0.22355723846358105,0.0,2.7467647,0.16777049,3.1729953,0.014782628,0.0192,0.34965932,0.016425373606985066,0.1971917661564188,0.006112383925415724,0.032753010664479075,0.02165966859122532,,0.018195496396743147,0.49504070196369104,6.4801903,0.5828771,15.662899,1.4413848,0.014448346,0.02,0.35554564,0.029116288806574176,,0.011941576624825458,0.03824056034152412,0.024529870382693417,0.5379898750578971
0.0045399945,0.0088940095,0.0512,0.008612163,0.049999999999999996,0.05084392739585387,0.6836415978860529,0.030405540758760983,0.05740415790115253,0.05779441846036889,,0.242603912250986,0.0,0.052791930896768875,1.0143798272498545,0.25590952066506706,0.33301128974395855,10.958944,1.0143957,13.5398445,-0.0052092127,0.004475236,0.028,0.004267016,0.02,0.023421599038172508,0.1662572791232936,0.011792424807133557,0.021125758140466883,0.03183910333499148,1.523110612689621,0.21322359534592797,0.0,0.025063873879797256,0.4919438741202545,0.22496534274641006,0.140870974817018,4.147041,0.23231243,5.0578785,0.009718551,0.0512,0.4148968,0.05042528852092687,0.6046403170240263,0.03205603568399374,0.042329362890166956,0.057655740635426854,,0.05229250475375433,0.9719720305126207,5.850409,1.1217461,14.358561,1.1607194,0.0094934115,0.04,0.45742363,0.05364999728344302,,0.0273805112835953,0.0615553866011837,0.04578671325978263,1.0669835556911416
0.0040255673,0.0056781257,0.12079999999999999,0.00550286,0.12,0.1449895997216002,0.7447916800885847,0.07863583785207874,0.03433433446003866,0.19714837348544825,,0.3012754096845968,0.0,0.15889426655667635,1.055098088985804,0.34488602591157635,0.34264444366683605,8.558044,1.9053662,9.804797,-0.0012565093,0.002443607,0.0392,0.0022527387,0.01,0.09737280089570349,0.29868640017883996,0.05135091167855676,0.0007886393146979255,0.4225985068741611,1.2206636804149888,0.22221196955428874,0.0,0.10430812459026682,0.4695406229513341,0.24608143895006082,0.1594539958618353,2.805513,0.49883294,2.93974,0.005988697,0.072,0.35325047,0.10243213811702999,0.7933794691085418,0.033077445669918416,0.0829908088761632,0.1483403930368965,,0.1184437285585038,1.0903402125591006,4.5000887,1.3965039,10.5079365,0.6979381,0.00581214,0.09999999999999999,0.3376764,0.18032912793505812,,0.06761051690712236,0.192533901974936,0.14992083284758076,1.152337909072033
0.0044750995,0.0052285935,0.1096,0.0050154324,0.09999999999999999,0.12686079890527527,0.8574303994526375,0.05782143813603307,0.08536607949730744,0.17063577606281452,,0.2795008131794846,0.0,0.1427275091857719,1.1311275085418573,0.3223771812911628,0.4222365920134617,7.8880086,1.5200541,9.402514,-0.005271183,0.0031118924,0.0328,0.002940855,0.03,0.07604319961977722,0.547643199244063,0.03280576054503558,0.014417281635106702,0.2912311033597109,,0.23351495056908236,0.0,0.07966468363789622,0.7839485129708382,0.25869994070452323,0.2928197703851899,4.0140533,0.5086994,4.5753794,0.005909744,0.10400000000000001,0.5059349,0.13062684951215126,0.8006195105508441,0.06577826816985835,0.09060814439061163,0.16499189210816376,,0.14489071658050054,1.136370298965684,4.4225626,1.75683,10.322018,0.70120007,0.005690342,0.09999999999999999,0.4919917,0.1657495149046723,,0.06996682947815024,0.18369530570693499,0.1465209781610712,1.2868038601412968
0.0043936246,0.0041258424,0.16799999999999998,0.003936366,0.14,0.22433600185599886,0.8119680005347794,0.13146240038588003,0.010374399119185243,0.29307392028488,,0.3185599948619274,0.0,0.25361846656209963,1.1816369300510465,0.3847236973697679,0.4128652775009999,6.699757,2.0036104,7.3429103,-0.005352488,0.0023256154,0.016800000000000002,0.0021843235,0.0,0.11501119856927626,0.5431370654243062,0.06515055987105475,0.0012404480319327196,0.41128859376593424,1.5575400518986073,0.22475789164925414,0.0,0.1298888871939685,0.6871629623516043,0.2600342661594887,0.34236738308126213,3.3981943,0.58285826,3.631574,0.0045666695,0.1744,0.47234765,0.24720855603479155,0.7663080322832413,0.15059034025583923,0.0183075943387168,0.2995216646159437,,0.26334235553932805,1.0711847319094494,3.7561278,2.3887172,7.9449015,0.53743356,0.0044045392,0.14,0.4652561,0.26840513613764894,,0.12159713650027314,0.20662057302912767,0.2361902298912582,1.2657291712757224
0.0042553074,0.009711597,0.0648,0.009564754,0.06,0.0632012809522836,0.6494016004026566,0.03352021454130781,0.06832129101261442,0.07097830435695564,,0.2500503940843612,0.0,0.06586846199715372,1.0055141035608244,0.2654136068848134,0.30992115712033874,12.2498665,1.3914642,14.875532,-0.004175551,0.0046190065,0.036,0.0043537742,0.03,0.03045360009017131,0.22376906643756445,0.01852096002404569,0.00872714667868951,0.040010986280799944,1.3878164792385026,0.22244591234358443,0.0,0.03203086250548886,0.4788462941194531,0.2345769118296809,0.13120612427698167,4.303578,0.304302,5.1601295,0.010624686,0.0648,0.41761285,0.06263475634833093,0.5806512778817406,0.03925197588747487,0.05645219758407532,0.07054823158118907,,0.0652924485815215,0.9360196823095923,6.4712763,1.5220249,15.598078,1.2719759,0.010408789,0.06,0.40548462,0.0727174058181903,,0.03980914863953913,0.06711902289472378,0.06496945568950964,1.0092515676054443
0.0040535154,0.027617564,0.0096,0.02516622,0.01,0.007799220174162201,0.07216959325552863,0.002265919458734834,0.0033321183356566073,0.010347269944905566,0.8013563194598728,,0.0,0.008797479944116005,0.11248964937464895,0.21584053117478053,0.0,12.391855,0.45963198,14.0686,-0.0022197731,0.011091169,0.0136,0.009328737,0.01,0.004527615985226339,0.02234879992185144,0.0019065597745045126,0.001655236029770478,0.012312516835971702,0.07261568001923657,,0.0,0.008826881891669245,0.03218150551333539,0.21446786277265614,0.0,2.0942192,0.17568679,2.2676115,0.028506132,0.010400000000000001,0.28193003,0.008438596061194858,0.07008908444468662,0.002687581186116449,0.004007994315995141,0.011107911038358224,0.7643334690301715,0.00945785069929052,0.10824304248369643,6.24263,0.52209485,14.116187,1.997914,0.026839592,0.01,0.3549823,0.01870153936094276,0.8549054524452493,0.0033616827688922515,0.0074064534964706046,0.014832912418491091,0.10864074586075885
0.004020357,0.009176801,0.0256,0.008928115,0.04,0.025079360026172753,0.17059679918210058,0.013699681099126702,0.04789968031268801,0.030438847943753806,1.2614971195673008,0.23649080211733892,0.0,0.027505758376667244,0.2927958096541576,0.2461949644809574,0.0,7.497451,0.535863,8.537556,-0.0017026942,0.0035714633,0.02,0.0034376082,0.02,0.013583644570907109,0.053550933712721314,0.005003520488929007,0.011905280733393446,0.02194751978839777,0.13116501319226517,0.21234786816390458,0.0,0.015314765893134607,0.0646480994653174,0.22479628306329402,0.0,1.3443801,0.11974909,1.4377072,0.009803014,0.0256,0.35936502,0.024466417995712118,0.1505064636002064,0.013296978859492447,0.03194779830746742,0.03027690384712318,1.2245045688738119,0.02692973858054256,0.2698918268568743,3.7456536,0.56096256,8.481578,1.1038554,0.009474282,0.02,0.37130922,0.032274718868454504,1.479574138729712,0.012519667605919266,0.0463714005198589,0.025860404388995943,0.30956053820836266
0.0045205737,0.0057160207,0.18080000000000002,0.005505228,0.12,0.19301439974833864,0.7734828801338837,0.11484096008556463,0.03190762605317381,0.23195296112429492,,0.2965064888406086,0.0,0.20481791148739498,1.1092089565125296,0.33814288444104185,0.3807527044126198,8.408831,2.53806,9.553267,-0.005239454,0.0031421338,0.0272,0.0030330664,0.049999999999999996,0.06169386590388359,0.5309407987676585,0.024028160805530524,0.003014080228133667,0.0793689580314573,,0.25175732924723127,0.0,0.06520680494529252,0.8300204144409884,0.2740436796462184,0.2497850196248675,4.017524,0.4044972,4.6868014,0.0063826907,0.1048,0.48156026,0.12453084757662441,0.8101410488577862,0.05852512868213698,0.06314141162610344,0.15575965548394466,,0.13727050146505274,1.17025127126431,4.656645,1.7804723,10.955922,0.759481,0.0061876727,0.12,0.47408903,0.17617567699575254,,0.0793311154899301,0.13230830928742593,0.15642004924082165,1.2087514914556723
0.0043083606,0.012086207,0.056799999999999996,0.011870678,0.049999999999999996,0.05400299987613566,0.44362399905626987,0.04112959325552865,0.05496480106956077,0.060047199938657654,,0.24204540586491935,0.0,0.05590284415440338,0.7604113769996491,0.2552650299823522,0.19093769468895977,13.568857,1.5228478,15.997585,-0.0047124596,0.005899557,0.04,0.005693816,0.03,0.032259999492785796,0.12122666573155427,0.021202286229550463,0.012938667868951006,0.04030628466903331,1.2879487980571078,0.2220836779077845,0.0,0.03391778730543842,0.3206684592316668,0.23348342758047372,0.0,4.60785,0.4179758,5.3369913,0.01315684,0.045599999999999995,0.42841718,0.04219705269719725,0.41882552370630194,0.030424827873561388,0.05328096472061642,0.04856768988937201,,0.0440366797174136,0.7341392302139961,7.1284056,1.290941,16.948643,1.583477,0.0130030215,0.049999999999999996,0.42042157,0.05910889617207715,,0.03661821857169435,0.05337610229004804,0.05379989939423986,0.7737856477412856
0.0040563573,0.0058841803,0.09999999999999999,0.005557334,0.09,0.11289173353046768,0.6375500799416147,0.05449376017333125,0.011991680621601926,0.14675071955204455,,0.27347527044482545,0.0,0.13005081826955256,0.9213505846463805,0.30822282949412605,0.32787744819294373,7.998023,1.485648,9.327553,-0.002209858,0.0025913436,0.0296,0.0022889292,0.02,0.0559816005237456,0.15630528017577416,0.02962905658931213,0.0005575468359217961,0.39701792004333236,1.1695268801333412,0.22277821206361972,0.0,0.06736374350420947,0.47718206810813235,0.242390891696715,0.1687895621148872,2.5405283,0.29492733,2.881488,0.0062057194,0.09999999999999999,0.32331732,0.12089205043245348,0.6374532790706978,0.060816867074959,0.02040030244382803,0.14464593021417177,,0.13200122274670775,0.9213173753251425,4.1953897,1.6214519,9.678396,0.72246355,0.0058658984,0.09,0.32579428,0.14046494387967487,,0.06164225435754247,0.11264120504968275,0.12419410080893718,1.1016718670567551
0.0039701457,0.0046677436,0.0448,0.0045208996,0.049999999999999996,0.07717760059559778,0.3957664009814755,0.026353280012583035,0.03597664005221962,0.08687180793235352,,0.24862609661977336,0.0,0.07980722960021967,0.5967550212412184,0.27286807852217404,0.12431965278549834,5.420793,0.777987,5.928589,-0.001435479,0.0018169647,-0.0096,0.0016930243,-0.01,0.019909333398457147,0.0610640000976857,0.003172800369703145,0.0015728003697031284,0.38246208007033367,0.33587760008791706,0.20082477602228518,0.0,0.022005404014975832,0.0956270200748792,0.21199793904459088,0.0,1.0020573,0.08326806,1.0905507,0.004818845,0.0448,0.25108427,0.07710935798359292,0.3359766480888118,0.039417925032472434,0.035844774935293894,0.08678002126459797,,0.07975531271585173,0.592683071270606,2.749891,0.82296497,5.970716,0.5716456,0.0046477965,0.03,0.28935194,0.07815503687628081,,0.03008721833406405,0.0745180365129408,0.07049062213896981,0.6992503613392437
0.0044428883,0.005379227,0.045599999999999995,0.0050665913,0.04,0.04858986684912079,0.2501695997609221,0.026955946165582282,0.0068339197282067995,0.053101056417253725,1.438870187749367,0.2369955500601845,0.0,0.050514151502650116,0.43017075706253577,0.2468276596352333,0.07688595953099103,5.2319098,0.56636506,5.943748,-0.0054714708,0.002692479,0.016,0.0024966532,0.02,0.015779198978058323,0.07674479971859019,0.007558613265203894,0.011068959948902916,0.3313765118973728,0.756620640123084,0.21795789860499684,0.0,0.018692875270159632,0.11905716666008853,0.22700371375866998,0.0,1.6631548,0.09379507,1.915869,0.0058341883,0.045599999999999995,0.39753515,0.04842104466904339,0.20392851738762713,0.03614786110242135,0.007146538517375112,0.05329151978224113,1.4367845425183017,0.05041053516560368,0.4298898242902743,2.7339003,0.63062996,6.161075,0.6746109,0.005571741,0.04,0.4291083,0.05613224742957449,,0.0339001356687929,0.044014702158401954,0.04875882416831687,0.5357772883407914
0.00396683,0.015033033,0.017599999999999998,0.014215917,0.01,0.01583552068653112,0.10197760065431696,0.010536503150815588,0.00402392581801991,0.019324115831785865,1.276719871590095,0.2025200123822432,0.0,0.017379512884735323,0.15109756516983708,0.2158798247904759,0.0,9.299723,0.5377633,10.830454,-0.0016962494,0.004990332,0.0216,0.0043582367,0.02,0.01250112000384729,0.032070399847710464,0.009693582284325476,0.0025403734850885243,0.020660053270012985,0.09426005327001295,0.21121569024085385,0.0,0.013352272386536924,0.04278068069789836,0.22395550085141774,0.0,1.7092605,0.17050911,1.9519355,0.015514678,0.0184,0.26482245,0.01623479396701041,0.09177249101752588,0.010712895847084793,0.003602971340911913,0.02010120998526572,1.2758357931896391,0.017994806131080576,0.14773905102436385,4.7114515,0.5838381,10.947128,1.4195502,0.014800977,0.01,0.28210524,0.018939915930940642,1.505694437982835,0.0033893774074179104,0.017739383862427783,0.014981278261026814,0.16168972890158367
0.0040985155,0.012592107,0.017599999999999998,0.012004732,0.01,0.01573325798489359,0.16933280484448113,0.010053281847816242,0.013253283630215088,0.020462115965413252,1.3310795215695759,0.20677713535638031,0.0,0.01756487952322641,0.2715434353980544,0.21594232837516134,0.0,9.572215,0.4600917,11.032721,-0.0035399855,0.0056566354,0.0216,0.005319518,0.02,0.013264000285542806,0.0591280003832285,0.0029674660040727757,0.011625599236548009,0.020860801923654936,0.527660801605051,0.2118417070356847,0.0,0.014671995054072386,0.08071999141614625,0.2238478962674408,0.0,2.4120028,0.1831046,2.6701705,0.013539256,0.017599999999999998,0.3762629,0.015255765575168154,0.14945200724869417,0.007882860701985827,0.033890852079072935,0.020281920589299444,1.2799624330671675,0.017034592670890743,0.2415500559440841,4.894434,0.47628728,11.25919,1.2753098,0.013061275,0.02,0.4194673,0.029244416286870915,1.4872834514231001,0.01260124619204582,0.039154987303342347,0.024803700603385506,0.25652480933342964
0.0040700943,0.0052191196,0.0008,0.0026067176,0.0,0.0024357332211345237,0.0024536000283118474,0.0010869218456831277,0.0008806396205513427,0.0035401269463632163,0.30702122674104637,,0.0,0.002823921095987225,0.003035881840590909,0.2063173576119887,0.0,1.4123077,0.013965391,1.4876244,-0.003475041,0.00081998936,0.0048,0.00031183418,0.02,0.001249280244424608,0.0021785604657654782,0.000825856121022025,0.0011528533919781287,0.40278176114157005,0.002790880570785027,,0.0,0.0013891378239381993,0.002436422324336336,0.21316691536739918,0.0,0.09493925,-0.042959444,0.13224527,0.0059929173,0.0,-0.55267954,0.002026064843773747,0.002733828300333445,0.000579449498118811,0.001156590891468145,0.003052035547998048,0.004424181091096557,0.0024344629816267114,0.0031987033752852783,0.57610214,0.018346747,1.2122171,0.13612926,0.0026375426,0.0,-0.1530347,0.015317022208931944,0.555651862925928,0.0012470091409726792,0.003219146091426673,0.007882601150559764,0.2079378913202109
0.0039943038,0.014413447,0.016800000000000002,0.013724228,0.01,0.015009422429454116,0.18456959954701313,0.009627392163277636,0.004534784829877189,0.019514737947260434,,0.2044413933014833,0.0,0.016705480828160264,0.5151797316450132,0.21596939396046302,0.0984533959415627,12.385106,0.51268554,15.124338,-0.0018147363,0.005232759,0.020800000000000003,0.0048237564,0.01,0.013762667169288626,0.04352533413485623,0.00988880132251279,0.0030517350966836995,0.02137097146678693,0.8687993600535018,0.201087279543109,0.0,0.01627525213618369,0.07098350148157588,0.21484361832926854,0.0,2.9358976,0.17516233,3.4357486,0.015171902,0.016800000000000002,0.3175308,0.014813532989940995,0.16132781054883594,0.00831346410779911,0.011577051170966754,0.019368400247789304,,0.016503700193879877,0.4823218019550235,6.3413076,0.526228,15.454597,1.3622088,0.01454727,0.01,0.33799037,0.019296741061335183,,0.0034012890919305505,0.018859417252359144,0.015187118838752693,0.5642252718858622
0.004029831,0.0059107067,0.1056,0.0057022832,0.09999999999999999,0.12676479972317306,0.7887765336576965,0.05379648044418145,0.05199530777397664,0.14467327843969957,,0.283821384011762,0.0,0.13496021431623562,1.1942801067909723,0.3178237881283633,0.40023511612246904,8.609083,1.6154125,10.223775,-0.0013863986,0.0022636454,0.0408,0.002040553,0.02,0.06647039982566862,0.19345280005710858,0.03953056019431929,0.0007305599738502902,0.25555007952930525,1.1877750397646527,0.22406315788606385,0.0,0.06843603957856044,0.46921801978928024,0.23863313825078275,0.14541369232000712,2.3282182,0.32084864,2.5837831,0.0061187493,0.1056,0.26151597,0.1273404239671855,0.7885353875615402,0.0680879561860672,0.05190495419725138,0.14469666656597055,,0.13500655582490512,1.1549937463411981,4.459158,1.7195779,10.491567,0.72687346,0.005949862,0.09999999999999999,0.28949162,0.14478088241097842,,0.07143689350953346,0.14249065324568608,0.13275405724538167,1.2585133860159303
0.004093779,0.006083604,0.1336,0.0058467584,0.14,0.14997952016156618,0.7973488010695607,0.07941951791121073,0.052683903947453266,0.1945878408720032,,0.320300529032245,0.0,0.1650524256868989,1.1399914556240967,0.36193787597218713,0.3560378460979487,9.004498,2.121437,10.4087515,-0.0031934485,0.0028312923,0.0408,0.0026776067,0.02,0.08433760175984535,0.3686752028854824,0.046551680993888386,0.0021710082521915414,0.43124768219086473,1.4310590727525343,0.2264969008394508,0.0,0.0901014210151925,0.6615840437624334,0.24970737605732835,0.2456805773956069,3.4984639,0.5232336,3.8687973,0.006516513,0.1336,0.3665556,0.15698419545629552,0.7677000263712802,0.0915511089848097,0.05272750236331259,0.1946188148075917,,0.17256529356296618,1.1069361984569164,4.8300805,2.3713448,10.97006,0.7754002,0.006290819,0.09999999999999999,0.39398313,0.16635479062273162,,0.06477561692259193,0.1782966522707892,0.14447547811387418,1.2293995947435463
0.00426715,0.004903641,0.1352,0.0046407427,0.13,0.17696319892414983,0.7921631973512695,0.08411263701781291,0.027565055491242198,0.23861375633330123,,0.3123738279476269,0.0,0.19947975253240624,1.0701398757547738,0.3672006222925931,0.37798645558287874,7.5267,1.9866083,8.3699875,-0.00448788,0.0026384406,0.0024,0.0024351783,0.03,0.08571519773369192,0.4386303952509768,0.02700202544835188,0.008503038172527802,0.28886367859903683,1.5670909427084567,0.25115130430095056,0.0,0.0930550877992505,0.707976842257917,0.28019430942394613,0.2687438693354896,3.5624146,0.47056526,3.9030025,0.0053513334,0.15200000000000002,0.41195443,0.20697496859779863,0.7270645271025427,0.12083983647593623,0.010725368193934983,0.2542637450426008,,0.22446568481782248,0.9919717754956172,4.1617055,2.5113215,8.920658,0.625757,0.0051134704,0.12,0.4355785,0.22755476774150218,,0.09796654137616194,0.17653353237131653,0.19929890174620873,1.159094269537525
0.0040430943,0.0060158656,0.1056,0.0057648104,0.09999999999999999,0.12464000062915094,0.9479200001572881,0.06802133380170189,0.12286400157288349,0.14337599808108592,,0.2847356285473124,0.0,0.13525958584931233,1.320515752003537,0.3177687515309822,0.4685746309930962,9.230564,1.6361495,11.292419,-0.0024929375,0.0025645723,0.0368,0.0024232804,0.03,0.05875893342216891,0.36315893343502664,0.03365536128644426,0.000551786784624267,0.31629941305907855,,0.2309906055710965,0.0,0.0652638709704816,0.7501759140504812,0.24765795678435815,0.2559220742105,3.0630603,0.34192738,3.5729508,0.0064030304,0.1056,0.34952894,0.12741637089633742,0.9379115904532813,0.06832546827951293,0.09888429046085821,0.14282680731873465,,0.13506195041720725,1.2670607275967158,4.860696,1.7859745,11.749065,0.7563174,0.006144278,0.09,0.3532876,0.13393435829231615,,0.06363674668233159,0.2441655092717591,0.12246429786621613,1.418624855232196
0.004889105,0.007479095,0.072,0.007268303,0.07,0.07090496023756795,0.6884623994337619,0.033326240796192085,0.04632624040297196,0.0791635200603986,,0.2554068534869049,0.0,0.07396888246699404,1.0703751059833841,0.27524135897761687,0.3480197617965691,9.617214,1.1458974,11.79311,-0.006325667,0.004166377,0.033600000000000005,0.004000297,0.03,0.02932319905921072,0.30464639736699234,0.011489277427111484,0.0063261849514076735,0.03926783933714014,,0.22255691430207092,0.0,0.03153316292509675,0.5871331629669495,0.2347924058061417,0.19338857278419141,4.202442,0.26342046,5.1632276,0.0083338665,0.068,0.47272885,0.06547057912536211,0.6682064811706857,0.03963252848474158,0.04787921828316785,0.07491514563239453,,0.06920066139681975,0.9813960045751647,5.237966,1.2254996,12.785606,0.9958672,0.008147706,0.06,0.4765579,0.07434181164035628,,0.03489632863512661,0.08046327979834353,0.06521382909382269,1.1225423544932267
0.0050392644,0.0055525973,0.12240000000000001,0.005356016,0.14,0.12370346753908931,0.9442368008724227,0.05447552059391965,0.09238041599557077,0.1486395751122972,,0.31175436302362225,0.0,0.1354044383093421,1.3198073971899933,0.3514075442245948,0.41858397709551437,8.267435,1.5036247,10.312712,-0.0070732753,0.003674582,0.0544,0.0034242228,0.049999999999999996,0.06265919946498248,0.5127296001743314,0.02670873566085911,0.0015859197342949112,0.0789465614667869,,0.24153770130494054,0.0,0.06838577663652072,0.8950265399850144,0.2620378002145901,0.32471834476354916,4.6170244,0.49630067,5.5721083,0.0063981432,0.12240000000000001,0.5199479,0.12834511313559083,0.8751814706410456,0.07296596141775753,0.09244632572544045,0.14831665510031,,0.13569642862216982,1.2135821379449458,4.734376,1.8307483,11.5526705,0.7615936,0.0061970213,0.12,0.53909487,0.15151583176744587,,0.076609582178774,0.184398780672651,0.1393754524581958,1.3512926491749437
0.0040558833,0.005292542,0.1128,0.005041486,0.11,0.1419384004986031,0.7703178672776437,0.06258767996665501,0.03918767915599238,0.1843564833470961,,0.29365898331360163,0.0,0.15850029404276164,1.054267058243722,0.3371497727621245,0.40103877969718527,7.839219,1.6927097,9.062406,-0.0028786398,0.0023305733,0.0248,0.002179366,0.01,0.07708864018695541,0.2991216004673885,0.04743477316247518,0.000601728346450776,0.2810259202897507,1.2719796267216712,0.22172892748673065,0.0,0.08652364644258724,0.6087545580532341,0.24404890033678941,0.29347110624546136,2.8738036,0.39186156,3.2339742,0.0056099077,0.11120000000000001,0.36848873,0.1431047907127137,0.7679195703916439,0.07283913820927773,0.04789758875424049,0.18103283643015003,,0.1591461143874293,1.0558156029540038,4.174078,1.8575311,9.532093,0.6600659,0.0053574,0.11,0.3451285,0.18530572372565404,,0.08315827814569539,0.15128894442677335,0.1638287617201479,1.218039733480581
0.004053989,0.005235225,0.128,0.0050149583,0.12,0.1549132795198309,0.7637887997735051,0.07995775676532967,0.003978878354980057,0.20291487975809078,,0.3027656863315379,0.0,0.17550233116180114,1.0927558282017096,0.34810357077545967,0.3838260833397718,7.8252444,1.8789861,8.922193,-0.0035380025,0.002556145,0.0056,0.0023975014,0.01,0.06729984047177671,0.38381653374211044,0.016449920198376912,0.002049920198376917,0.3296492818316819,1.511059712608741,0.2203444396658751,0.0,0.0712196562216036,0.6598147423494441,0.24613366185596733,0.24704582826497376,3.175723,0.32514217,3.5914185,0.0056490675,0.128,0.3851518,0.16343639007273714,0.7495983667119258,0.08747406625729555,0.0626346520706042,0.2027148343778265,,0.18326186486102664,1.0924888313430479,4.2225485,2.1214566,9.450927,0.66140056,0.005425727,0.09,0.39842463,0.17055060517520132,,0.06047422562548882,0.17864615726343847,0.14981186042683658,1.2525615430872814
0.0047953143,0.0053228573,0.15760000000000002,0.0051878556,0.15,0.1653194661116143,0.9166316797110933,0.07919583785207879,0.0719986126155411,0.20018128012803243,,0.3173542300813682,0.0,0.1831650214139156,1.250372017142136,0.3668968264112091,0.4191230403254818,8.1786175,1.9916959,9.885204,-0.006451095,0.0034861928,0.0464,0.0032978037,0.06,0.06883413293791436,0.6237674668964369,0.026566826579033385,0.0018502400252480193,0.3921681080052099,,0.255836659183699,0.0,0.07644845874802204,0.9294242305466714,0.2789457269067786,0.3096687703156392,4.6121907,0.5264827,5.4661393,0.0061477735,0.128,0.54295164,0.14510474667969775,0.8822532281742773,0.0772152208899748,0.08724701300212337,0.16842193326095625,,0.15657375466283935,1.2127677344433565,4.692694,1.9884158,11.240167,0.7340678,0.0059732324,0.16,0.5185934,0.20663985272920335,,0.11137039688070978,0.19085177213073654,0.19262682726011923,1.3183214753456685
0.004827999,0.004520426,0.2384,0.004264633,0.16999999999999998,0.2705375958475876,0.8331125325881371,0.17065375890150253,0.004702504757960079,0.3276335355321127,,0.3456541098425269,0.0,0.28726896287851844,1.1430517217995657,0.39923241441967894,,7.064616,2.4541097,7.7774014,-0.0065824715,0.003059838,0.0784,0.0027053687,0.03,0.14027519987977158,0.5071375998812744,0.0666500267633839,0.002850011389509414,0.16775014425930906,,0.24012391433299948,0.0,0.15084231684208543,0.831713853527423,0.2719369370815753,0.3927831223931379,4.1317973,0.91038007,4.5147734,0.00521612,0.0784,0.62686896,0.12060001755999102,0.8917614274250152,0.045609269385508654,0.0070794442229050805,0.1677293210483785,,0.13975871957349614,1.2493579216993609,4.072584,1.415933,9.588609,0.5938532,0.004936524,0.11,0.55027807,0.20377651723935197,,0.07893189589189441,0.26788443302535975,0.1764959288181597,1.4499980438584268
0.0040530413,0.0049993275,0.1088,0.0047601135,0.08,0.1392575999664452,0.8022745596919673,0.07131818489721235,0.03315455562109237,0.1687982082997785,,0.269326035092357,0.0,0.1544593930533121,1.2134742409526131,0.3062733183934807,0.4549779319602824,7.4671354,1.5595998,8.772982,-0.0030015889,0.0022056417,0.016,0.0019899858,0.0,0.05514560107404204,0.3541592006304485,0.02022368055275074,0.000711840088518268,0.3880262432113075,1.4062710404058714,0.21152156842281358,0.0,0.06413291676895878,0.6302662498520769,0.22830911820432057,0.3182214282255254,2.584032,0.26829422,2.9958854,0.0052639227,0.1088,0.31841063,0.14229320470753848,0.8021666930393183,0.08411848292286267,0.03340407843620132,0.16870397936342546,,0.15470388998656887,1.1487894524323468,3.950372,1.7009982,9.1868515,0.62232894,0.0050654877,0.08,0.34900096,0.14517216414402787,,0.062443681418403826,0.18299934942250104,0.13068221536486627,1.3816619241951125
0.0040303045,0.0053773317,0.0008,0.002670192,0.0,0.001984213366468703,0.0027540209760179178,0.0008029670821097171,0.0012618054741809091,0.0030379815109463832,0.01409791972149531,,0.0,0.002304177673627055,0.0032750218992286776,0.20584605630512465,0.0,1.2517263,0.02032032,1.3335562,-0.002045761,0.0010639036,0.0048,0.00032026184,0.02,0.0009722667047808045,0.002158400077397127,0.00022890668730588004,0.0006867200619177019,0.390690240210475,0.003112192222903726,0.21015449711172832,0.0,0.001123483090176751,0.0023852246732454984,0.21379206311188909,0.0,0.15963528,-0.032916524,0.21379718,0.0061703436,0.0008,-0.512584,0.0022830139753592447,0.002262993012954196,0.0009765302074578813,0.0008903529723024053,0.003370513528192305,0.003902740222901641,0.00262871558939828,0.0027165948584115243,0.50628227,0.028442243,1.0626642,0.13318624,0.0027117543,0.0,-0.1753062,0.011440272601239343,0.5382263994346483,0.0011339736781842901,0.0028300793933414164,0.007168079456289718,0.16952222338517692
0.00449831,0.0058567068,0.12240000000000001,0.0056411773,0.14,0.12966080021600893,0.9158549343847159,0.055378240343516426,0.05278549404860991,0.16544332896859196,,0.31220412692384863,0.0,0.1439456361280199,1.2535048625578407,0.3567924536019345,0.41654987351156886,8.790745,1.7081918,10.746019,-0.005369344,0.003395964,0.044,0.0031976595,0.049999999999999996,0.07087999969942863,0.5638399993988575,0.03299199975954271,0.0022960002554859023,0.2384853327321912,,0.2504977333890954,0.0,0.07670405418829573,0.810928041182263,0.2713034548538483,0.2970295570515647,4.4049616,0.5223586,5.147488,0.006563192,0.12240000000000001,0.46825653,0.13859190607489102,0.8398276539146455,0.06802106321320452,0.06552483731811118,0.16553644547488366,,0.15016629944785487,1.1983146741237576,4.9162874,2.0371342,11.743235,0.78320235,0.006342025,0.12,0.48907158,0.16870685775983388,,0.07661355255699881,0.19733653650886773,0.1531713577263582,1.3197338291982044
0.004395046,0.022243075,0.0184,0.021442534,0.01,0.015995413061931092,0.12236559488185726,0.01113624864120461,0.00311172886408843,0.02000301324561906,1.4608723208984276,,0.0,0.01767480807910524,0.2238559644532672,0.21578564555963697,0.0,15.148613,0.8486957,17.635489,-0.0052974587,0.010822467,0.0224,0.010041642,0.02,0.014630399990381692,0.04728533413485622,0.01076426660655243,0.003114239855725879,0.021278400158801877,0.7814352004764056,0.21120439610836073,0.0,0.016104943705387495,0.0709429662232325,0.2245460996426845,0.0,5.041272,0.40995497,5.6425066,0.02447143,0.0184,0.43006033,0.015539069997847356,0.10701809569587065,0.009936185514197768,0.00417161917901112,0.0198091028455141,1.3631405324328498,0.01707451422768622,0.20364917549930492,7.9355135,0.89913535,18.421183,2.1843607,0.023656368,0.01,0.43607363,0.018747647762751927,1.4898868573966466,0.002778532101441087,0.013535374306303022,0.014408960744456181,0.2220595735687612
0.0043656775,0.005456438,0.0008,0.0026806127,0.0,0.0020986481771876698,0.002669561765520961,0.0006701962668405485,0.0010107600105186323,0.0031684976313587866,0.0047149435984750925,,0.0,0.0024370716961837845,0.003133377967225859,0.20602409896188462,0.0,1.2449756,0.025273971,1.3663586,-0.0049008494,0.0010683652,0.0048,0.00043874842,0.04,0.0010095998719566069,0.002019199457768948,0.00022986663711049005,0.00034479979373299607,0.40300639977156555,0.0034875423456807355,0.23065238078678132,0.0,0.00119182048903167,0.0023836409657706655,0.23513739457091737,0.0,0.2715527,-0.0385604,0.34195077,0.0062372405,0.0008,-0.50574046,0.002381659609394092,0.0021670494393960953,0.0010399209322715707,0.0006242028952582004,0.0035252014705558395,0.0038223431523945715,0.0027430661657559087,0.002642905281961737,0.47878465,0.03598738,1.034516,0.1316728,0.0027170868,0.0,-0.16403693,0.014407026213585609,0.5250452919655052,0.0012025609017035067,0.0025103867697111788,0.007601636062964304,0.15603856003565847
0.00431215,0.007345515,0.0544,0.0070778797,0.07,0.05520373296947369,0.6501407996267029,0.04752447516810193,0.040641492138224634,0.0594480212695345,,0.2670055732321927,0.0,0.05724183466740865,0.9789469355673638,0.2763979266290095,0.3052153566516496,9.168037,0.93133086,11.220893,-0.004773439,0.0038535516,0.031200000000000002,0.0036924288,0.03,0.024909199832055764,0.178836799328223,0.013843679820107991,0.01259157326814264,0.03239724780428,1.2655954133796883,0.22250901870965328,0.0,0.026123113281348195,0.5438615566406741,0.23431309649092433,0.13800213034634395,3.5872037,0.22537397,4.343735,0.008128902,0.0544,0.4426273,0.054021257752695964,0.6244871324009366,0.04263010309278352,0.030117927702861723,0.05919855424108564,,0.05610030225439955,0.9343030087823461,4.9104815,1.0272394,11.934349,0.9628557,0.007850048,0.049999999999999996,0.45004287,0.06283638731968011,,0.0425563655470313,0.054050235794511875,0.056114530385444464,1.0453492057970961
0.0040871473,0.004491531,0.068,0.0042333696,0.13,0.14018560067319283,0.8599712005599455,0.04969369584074884,0.025317120449214643,0.2064540797175107,,0.3295046494906993,0.0,0.15972003737555235,1.1038320219723186,0.382524191562918,0.39243847466299364,7.300396,1.4367111,8.20467,-0.0029822541,0.0021863072,0.0048,0.0019756085,0.0,0.12497066687372689,0.36552800004132857,0.07384447977493219,0.0005644798033062074,0.29060053396520136,1.3823008012293367,0.23761538211433025,0.0,0.1313204857423049,0.608240971258269,0.2680909155787582,0.2590000339210237,2.922513,0.56521255,2.9728327,0.0047991453,0.068,0.35998455,0.15780621694254215,0.8093547836271429,0.06656742276584172,0.025538136462560576,0.20884256330057532,,0.1768491121728055,1.1037843889238625,3.9309702,1.6475879,8.660358,0.5589391,0.0045661004,0.07,0.38687447,0.2134832322636574,,0.07617735446558732,0.2792704600391358,0.18035524717003668,1.315201085408054
0.0045579947,0.004968064,0.09119999999999999,0.0047904304,0.09,0.10679360099406109,0.8351904014973822,0.04650410727065391,0.08303744103013114,0.13853696297966267,,0.2723172823341219,0.0,0.12480749095986243,1.227045992392755,0.31071958012411116,0.4753765745257382,7.511308,1.2047188,9.16946,-0.0055701267,0.0027911349,0.008799999999999999,0.0026052245,0.03,0.03930399891794204,0.496745142497684,0.0010015994890291494,0.0007206397359781598,0.3856857588260887,,0.23307333317469842,0.0,0.043294140977441886,0.8309553127112134,0.2524912430874221,0.35321482495976175,3.573817,0.22005318,4.304569,0.005553236,0.09119999999999999,0.46320504,0.11452429633064522,0.8350482999107409,0.05153345338983054,0.07748450272017476,0.13823724146386213,,0.1250489966228335,1.2271068935617135,4.1583242,1.4100703,9.991185,0.6577404,0.0053812885,0.09,0.47300926,0.14420093941687037,,0.05745329360419007,0.19295363644793384,0.12858689348558897,1.3664733166110312
0.004452362,0.015554093,0.016800000000000002,0.014800925,0.02,0.014281955753155808,0.19746880001258305,0.007253761157642248,0.03245375801187527,0.019129742419045852,,0.2158030927558249,0.0,0.016086336569972354,0.4578801312727568,0.22578551443671585,0.053151324508915354,13.48537,0.5403215,16.290918,-0.0053148093,0.008051161,0.0296,0.007813196,0.02,0.021306181353165584,0.07799199879771565,0.011197865138425822,0.011798399603244676,0.028563198292755304,1.0999855972212178,0.2120742914883699,0.0,0.02275715318713533,0.12536669129482486,0.2234942398761582,0.0,5.0359397,0.40665248,5.8080873,0.017158898,0.0184,0.43593913,0.015122755999816264,0.1852414538089344,0.005681210796645974,0.031151623441215304,0.02053242157134978,,0.0169753688666191,0.41339755311522886,7.17531,0.62610126,17.254501,1.6225178,0.01673659,0.02,0.48570645,0.028898818779633118,,0.011707049567780316,0.0357538990702102,0.024074646545013678,0.4495731117042518
0.004115569,0.011035562,0.045599999999999995,0.010817664,0.049999999999999996,0.04401074277008875,0.40967519926389345,0.02371008084557552,0.04950335977518311,0.05016279263434539,,0.24234133726879953,0.0,0.04558633475177498,0.7452832260847648,0.2554697454048486,0.17490472156873504,11.813598,1.0872743,14.153509,-0.0027021489,0.0046328884,0.0272,0.0043924437,0.02,0.020983999829676168,0.08867599939885784,0.009676159056445796,0.0134602649033163,0.029358577796628423,1.1949254398898705,0.21268454400938694,0.0,0.02230097760561607,0.19650293300286858,0.22440365542495233,0.0,3.3662186,0.22521438,3.9867873,0.011807457,0.045599999999999995,0.36358905,0.043122362265895525,0.35660092626131956,0.0300251697077656,0.04273713392215695,0.04997497857065409,,0.04525493929122877,0.7095661951868313,6.119216,1.1672086,14.589297,1.405551,0.011528035,0.04,0.37144336,0.05000852444829178,,0.027382495169070466,0.04940881315733599,0.044738588255036335,0.7829233860291229
0.0040113567,0.007942364,0.0432,0.0076865717,0.049999999999999996,0.04400604544922307,0.5302136010900061,0.03211029756178123,0.050165447210097906,0.0488481602187876,,0.24477450942168794,0.0,0.04538600853940543,0.855032103715645,0.2562448751430031,0.2503227586939786,9.2690525,0.78554815,11.240196,-0.0012337042,0.0031024734,0.035199999999999995,0.0028694654,0.02,0.031208533218448294,0.06120639954012581,0.019468372779212498,0.0012025589167397733,0.3544092158487525,1.0389486930812541,0.21342388100503643,0.0,0.032583437299060866,0.11021953105994915,0.225637728288024,0.0,2.123345,0.2380853,2.382876,0.008340075,0.0432,0.31006673,0.043721811576607254,0.5116217880661557,0.03182396808327248,0.04274714387783926,0.048873685880141515,,0.04532565651054083,0.8158479136210917,4.73746,0.83710766,11.417717,0.98151004,0.008045783,0.04,0.32668385,0.05396289908874102,,0.03205762683508027,0.05412270452534902,0.046606554089791245,0.9188830565921654
0.004026989,0.004492478,0.041600000000000005,0.004340897,0.04,0.05278975929434323,0.2309162658222041,0.03943487963509101,0.036634879635091024,0.056647537314411016,1.1526855669563125,0.2402443189641745,0.0,0.05416688537643745,0.47439205007280894,0.25161168765302844,0.05765816862958758,4.4112396,0.52592194,4.8601794,-0.0012639457,0.001955282,0.0072,0.0015958553,0.0,0.014155200401262755,0.04795520041178268,0.001662081062219204,0.0008310405311096064,0.39947936027141595,0.1646391470285546,0.201864117436654,0.0,0.015577867865611824,0.061588933932805914,0.21217687228286092,0.0,0.8445293,0.077366546,0.8886521,0.004728773,0.028,0.35539588,0.03915946076228902,0.21991266530114023,0.026254414177941863,0.02706748156963014,0.04315644933076301,1.1661515472227695,0.040612526822203836,0.41676806367806274,2.2147198,0.41272095,4.94779,0.5469398,0.0045128725,0.04,0.2769559,0.06141023806788716,1.5290792201022188,0.041633558018152994,0.04476538691701286,0.056221302837963165,0.5038392789723956
0.004020831,0.0062749744,0.0752,0.006142341,0.11,0.08106506599871678,0.8148780790718744,0.03623903802824097,0.09247808046808645,0.0898718161258394,,0.2947356204771291,0.0,0.08431833669599499,1.2183958414270464,0.3182984623635377,0.3728824319358621,8.849243,1.0959427,10.9115715,-0.0015143051,0.0023295819,0.028,0.0021833323,0.04,0.029572800044584756,0.18635920006687715,0.00926911971385598,0.0006014719277667019,0.0388887470275527,1.3903331205413292,0.23572029543019654,0.0,0.032352535343685034,0.50061014137474,0.24711177540180768,0.13546363398615505,2.2969856,0.15340145,2.7415595,0.006573289,0.08320000000000001,0.30242476,0.0889388774438998,0.7935952039703893,0.051235689257782456,0.06866088007309896,0.0977063381792409,,0.09191049646722722,1.147087753268053,4.5658817,1.2915515,11.113274,0.78662735,0.0063714203,0.09,0.28261888,0.10970580078183041,,0.06195318600373355,0.11631241304580477,0.1031045188405703,1.2485390290851237
0.003963514,0.005444122,0.0784,0.0052570147,0.09,0.10026293317289951,0.8551943997593493,0.04063887932271773,0.08215925256870524,0.12575551987836395,,0.27818550469015346,0.0,0.1160191507561352,1.2013652516181217,0.311575604463332,0.43052685750446046,8.108511,1.2298808,9.801717,-0.0017121136,0.0022795098,0.0112,0.0020043624,0.01,0.04187839972046863,0.29254271987832864,0.013708543595647143,0.0007356799816651467,0.40002815952950566,1.4917614928628389,0.21621578280414733,0.0,0.047400307378747536,0.5406503842585675,0.23351209672413306,0.20387268092328156,2.4253874,0.20668375,2.7910113,0.0057099024,0.0784,0.30631006,0.1076514401039461,0.8263902758308181,0.04964001501198072,0.08212074491564067,0.12566279883714815,,0.1160955903858498,1.2011956909246737,4.2312193,1.3328003,10.1213045,0.6814011,0.0055264616,0.07,0.3376674,0.12274864430545235,,0.049578958071739836,0.17198690020352547,0.11026778378168452,1.3182165320469086
0.0040549366,0.013523856,0.016,0.012882006,0.02,0.014259999882033981,0.13552,0.005935999370846639,0.02396799823837742,0.019574857064534126,,0.21690680387496522,0.0,0.01596673782901398,0.25950106638885934,0.2260244641695691,0.0,10.293999,0.4448897,12.283617,-0.0019257867,0.0053438097,0.0184,0.0050091706,0.02,0.011499345335012413,0.04616426610560064,0.00149951788397957,0.006898553651938686,0.01968117315509453,0.5095374077861134,0.21173828055330723,0.0,0.01302302378434233,0.06360144284533349,0.22439481373283807,0.0,2.154206,0.14096765,2.4933066,0.014353304,0.017599999999999998,0.35373107,0.015429011653629914,0.12586203956565387,0.007319941329467474,0.02220165120404686,0.02098141959466084,,0.017256651652492974,0.2140821514541348,5.201441,0.5130911,12.348707,1.3582084,0.013821645,0.02,0.3708577,0.029552782293801556,,0.012896229297248284,0.027851182583141072,0.02513852853274493,0.2727100775853283
0.004211254,0.0044858465,0.0584,0.004308213,0.049999999999999996,0.06494080053352122,0.2303040041523961,0.035620267494350724,0.017260802164270655,0.07033472033017893,1.2636736008808147,0.2473936962466822,0.0,0.06717052235573936,0.41597052231710197,0.2590234297713508,0.06479617933382088,4.451741,0.6589174,4.8510623,-0.0036584723,0.0020569135,0.020800000000000003,0.0018685241,0.02,0.022292266739471687,0.04377536013153006,0.013663839555004097,0.0029276794857223897,0.41057456050360736,0.19421964843676617,0.22023310171929325,0.0,0.025061692236386036,0.071592538600383,0.22722112429968028,0.0,1.0557239,0.0934392,1.1809037,0.0047820187,0.0448,0.38795805,0.05090560330912554,0.2227064927233814,0.03847975777344986,0.0207650997752422,0.05667842083372488,1.2775126851748662,0.052942146424001565,0.3894678020921968,2.2601414,0.54967374,5.0063057,0.55587846,0.0045463447,0.049999999999999996,0.3250921,0.06875427252566382,1.5375625568763007,0.04707799829315569,0.034185901133766704,0.06374880923170138,0.5338454268927888
0.0042586233,0.0050898017,0.144,0.004829272,0.14,0.17471679937839787,0.8823946658417788,0.07023839818175384,0.011092265313291355,0.22489706532168005,,0.3179146018653943,0.0,0.1907565551318581,1.2530696657372418,0.3688554961943069,0.44621679638542416,7.909797,1.9862447,9.236367,-0.0045553036,0.0028917743,0.0328,0.0025868812,0.03,0.09075519910028998,0.56355519910029,0.03306656086564472,0.0007466242660418784,0.40897756372636807,,0.24043561616162917,0.0,0.09746593858132928,0.858198907809033,0.26749799678220826,0.3745181858131212,3.8079402,0.5381693,4.3309684,0.005548931,0.144,0.40965557,0.181810219398973,0.8783985522239809,0.10657667054658714,0.05666156908976332,0.22289168765104397,,0.20170693938536546,1.2589265255674154,4.3860016,2.3059764,10.0443945,0.65762216,0.0053444672,0.14,0.4426913,0.22471528368296334,,0.11102506271889517,0.22692309372826103,0.20066261096200877,1.3775694839261274
0.004057305,0.0054687536,0.12639999999999998,0.005196382,0.12,0.15764800014680228,0.6654906669148324,0.08084720031772122,0.0413962657746693,0.21281417128887403,,0.30415483623005674,0.0,0.1710353743463282,1.0318765314652685,0.3489015536604799,0.3260258910006165,8.096787,1.9613523,9.06418,-0.0016754273,0.0024287337,0.0232,0.002235387,0.02,0.08442560017232763,0.25663840005861144,0.030335362546447777,0.0019676813946498334,0.35445455975217893,1.142303039834786,0.23276703460491194,0.0,0.09647308486576726,0.4732730848657672,0.2606741986643329,0.14192679699405333,2.707847,0.4384888,2.8557081,0.0057045417,0.12639999999999998,0.28851774,0.16403113707188613,0.6654210716244919,0.0850306355712867,0.04151220824366827,0.20981852280924373,,0.18024584711444422,1.0316869149085772,4.266294,2.1479757,9.402409,0.67429847,0.0054769665,0.09999999999999999,0.34526366,0.1881430608384709,,0.075368519640352,0.162984388564153,0.15924835266696022,1.1571181836835378
0.0043756245,0.0068675615,0.0544,0.006588084,0.049999999999999996,0.05533226709588798,0.2071987203040064,0.0417595730156816,0.023039357636909136,0.06030094243436288,1.4086771209210787,0.24549033043174937,0.0,0.05726317447484102,0.40066317421612757,0.2564603712332948,0.013680897844056373,6.436385,0.8624726,7.047801,-0.004834913,0.0034192647,0.0264,0.0032036083,0.02,0.021278399657849605,0.06709013268343145,0.00940704051517978,0.003871360262900168,0.05290534363190836,0.49914534347060935,0.21284808696245783,0.0,0.02290076822794281,0.10630230430522822,0.22477525335613108,0.0,1.7831285,0.15850863,1.9568927,0.0073930924,0.0544,0.37932187,0.05465211233043701,0.19265478304765113,0.04234777495865801,0.022710514444226514,0.06006947624858057,1.3342448787055452,0.056564624296060725,0.37667648853390717,3.3195682,0.9377408,7.2024555,0.87030995,0.0071722805,0.04,0.4179452,0.054064388908083315,,0.032189384161080664,0.049204267181484775,0.04662372493173308,0.4363238607579713
0.0043197293,0.012785373,0.016800000000000002,0.012385105,0.02,0.014797942896561198,0.1766816006543188,0.005518559558965171,0.05143711975840699,0.02045139700493369,1.5517336319710084,0.2160065910461448,0.0,0.01648528751414601,0.31613134052981895,0.2259030735866522,0.0,10.288671,0.44734544,12.044404,-0.004826981,0.0063858996,0.0296,0.006249566,0.02,0.022483840159182544,0.061409599882777055,0.013168767658551224,0.010521919146378119,0.030194559663360404,0.7591657599010118,0.2123386934068662,0.0,0.024358715209544152,0.08942775153246829,0.22414552715154534,0.0,3.2265375,0.34008917,3.5495257,0.014183347,0.0264,0.45727065,0.023661744759191198,0.1454009716384724,0.014535895243996493,0.03304269278647211,0.029699282599183835,1.4154578916794083,0.02552011529863812,0.25024407338860216,5.3280697,0.79787916,12.1756935,1.5941658,0.013872559,0.02,0.46732348,0.029411499142377125,,0.011921266365770152,0.039599305674609966,0.024629363864831434,0.2780458856088945
0.00443152,0.0042655803,0.0816,0.004026367,0.06,0.09280177805351722,0.2462040004207451,0.07312106746079598,0.005509028578105286,0.09465208894108519,1.3527344000629153,0.25829789365691735,0.0,0.09362531604905243,0.44787679153307947,0.2712372141315784,0.06960500032597401,4.393477,0.87176526,4.6418095,-0.005163107,0.002260175,0.0192,0.0020841798,0.02,0.020329599651337096,0.08849439885782988,0.004423551745981149,0.0015059190461877555,0.4139649591645619,0.568764959507363,0.21848695389387202,0.0,0.02201093946007568,0.1312437579225051,0.22673116297614215,0.0,1.4731537,0.09385538,1.6774074,0.004662925,0.0464,0.44621244,0.05500040119534665,0.25335703575754465,0.03834570969787155,0.008704986598625137,0.05934556515395224,1.3878794868154711,0.05780315974339178,0.46634676265640573,2.2995229,0.5660675,5.1018806,0.5416054,0.0044289376,0.04,0.4423299,0.059780242297243685,,0.036304753148559216,0.05665571132018486,0.054998205583286504,0.5664661928234245
0.0044840993,0.005160382,0.0976,0.0049780114,0.08,0.10223040102551804,0.779830401025518,0.05454304025983984,0.03628607995721774,0.10710380356904657,,0.2654432010019818,0.0,0.10481449234461034,1.1020362300893323,0.2873441096392164,0.40645459548150137,7.226856,1.1531309,8.777126,-0.0051784753,0.0029572148,0.036,0.0027291647,0.04,0.03317199914712873,0.3407626650402421,0.02100586624586713,0.002217598737601441,0.04138959846483176,1.4813194645319414,0.23373062567175396,0.0,0.035221971446552924,0.6590886380159693,0.2454516985059398,0.21855456872865595,3.1927004,0.22465876,3.8789577,0.0056911875,0.0864,0.45937887,0.08870639263947674,0.779051713449667,0.05720821637032414,0.04749906480247659,0.09577130263337062,,0.09281545208382427,1.055948289651509,3.9466252,1.1537595,9.557903,0.68247724,0.0055889296,0.08,0.47193274,0.09711667762269009,,0.05692379278910977,0.10244528077243,0.09005903524734876,1.2174701538615291
0.0043121506,0.005569176,0.0008,0.002828878,0.0,0.0019042205807617394,0.00293439979627452,0.00047027976121721626,0.0011916091356408659,0.0029420797976300035,0.3487300778280116,,0.0,0.0022470269786125756,0.0034424322837580132,0.205906298017948,0.0,1.6929677,0.017937358,1.8498776,-0.0046415664,0.0011809029,0.0056,0.0005314558,0.08,0.0015460570006684974,0.0012074661904281825,0.0005081600893699032,0.0001905599738502911,0.3979067729185452,0.002515039898482068,0.24960000100637536,0.0,0.0017022843858030229,0.0017673099785750416,0.27404579833465376,0.0,0.34133124,-0.047038898,0.42238826,0.006463771,0.0008,-0.53238565,0.0021875650853019125,0.002451514405027602,0.000748944425372747,0.0006818602172193753,0.003307244986383375,0.003981583072327903,0.0025479618373570245,0.002885392513702432,0.6427011,0.033920955,1.3854913,0.14175394,0.0028826646,0.0,-0.1934787,0.012299138930495133,0.6832557092725817,0.0011533059011016179,0.0028188907195599955,0.007290284326645278,0.23336502442434542
0.0040885685,0.010707295,0.0152,0.010276237,0.01,0.014688853213654693,0.15664426566002124,0.004822184006878797,0.0513444259776756,0.02017641401898559,1.275159807259312,0.20809889273332374,0.0,0.016130762023871238,0.2645292196495409,0.21630537471208852,0.0,8.221723,0.35569203,9.59211,-0.0024641834,0.0043329527,0.0216,0.0041941395,0.02,0.015130666451257184,0.04767359999519086,0.006396800420799536,0.009798400210399759,0.02353462842003878,0.12157119925157729,0.21169369481434094,0.0,0.01716547071655955,0.06271943138545959,0.22463020864289263,0.0,1.6103561,0.15084022,1.7789148,0.011495919,0.016800000000000002,0.3864604,0.015802252283819596,0.13469079799228922,0.0061612263144436834,0.03267913119943722,0.021636632748717282,1.2734525081423158,0.01727865518624817,0.20399103525754153,4.1111627,0.40716377,9.540352,1.0885814,0.010998387,0.02,0.39124683,0.031326053124954074,1.4523454370211077,0.013549591459522574,0.03945637015858438,0.025814361368731865,0.22937369029790614
0.004570785,0.010580345,0.0656,0.010310343,0.06,0.0635562671378314,0.6189376021391216,0.05089834648435244,0.07501900770082544,0.06865863118365778,,0.2515194683091611,0.0,0.06537835305574549,0.9271872969889654,0.26555751202413164,0.2798314870041318,13.341959,1.5377947,15.967506,-0.0052637463,0.0055212914,0.04,0.005213919,0.03,0.03196712706446365,0.2775095994041173,0.021527678388938966,0.003927678388938978,0.0408213016674199,,0.22222909816992042,0.0,0.03393194087980982,0.5230911054281523,0.23390316676162867,0.12652873694645086,5.324102,0.4006927,6.3308687,0.011635098,0.056,0.4644229,0.05322420763596038,0.5912467541169674,0.04122721184680495,0.07179042792463174,0.058883074485442055,,0.05521327155458052,0.881435992275177,7.156742,1.4230255,17.183086,1.3927177,0.01138023,0.06,0.43709037,0.06928750191405512,,0.05022344793963071,0.0827684069707549,0.06441412015218631,0.9662858193185141
0.0041454113,0.0058543375,0.088,0.0056814407,0.08,0.09668720009594572,0.7127097601122406,0.05297744041240921,0.04556992109388518,0.10359695899304197,,0.26543296459937993,0.0,0.09911984420289555,1.102299804506578,0.28998220479153364,0.399581730813783,8.140603,1.225681,9.82623,-0.0028365003,0.0024743443,0.016800000000000002,0.0023404888,0.03,0.02238560037721709,0.17986186687439493,0.0069314124837190315,0.0023942374511571954,0.03194816251157672,1.2663481625115767,0.23018945481311207,0.0,0.024847862084450025,0.5366478621201753,0.239324514209741,0.17538696295407033,2.4621983,0.10901006,3.0124931,0.0061861556,0.09119999999999999,0.357457,0.09962341721918261,0.7207889327996877,0.060903069969609626,0.03180803870793312,0.10681083429228037,,0.10218408891858062,1.0359884977386045,4.2437696,1.371418,10.139364,0.73444176,0.0059936396,0.08,0.32418227,0.10276869642822199,,0.05535713372844114,0.1048770974044704,0.09506329672164349,1.1999282846609711
0.0040089884,0.0075894655,0.0528,0.007333672,0.04,0.054011733155772707,0.18055679970639507,0.04169343922560384,0.020751358810483764,0.05940963543245921,1.2766289065721539,0.23606281257150602,0.0,0.05588830685043686,0.3413393825534193,0.24662185919823726,0.0,6.6471767,0.9534096,7.179723,-0.0023109931,0.0030642997,0.016800000000000002,0.0029205286,0.02,0.013272399940261448,0.058995839866065374,0.003188959798617361,0.012788959788247473,0.019850319739761608,0.2623337598566275,0.21345385018641197,0.0,0.014121135364135444,0.07900189237469747,0.22550888872137342,0.0,1.3040996,0.09838075,1.410936,0.007997136,0.0432,0.34338927,0.04401246150204015,0.168798706351455,0.03229657620250991,0.0230887390988534,0.04957055901406161,1.2391642484486483,0.04597569708926026,0.3261238914027695,3.3490865,0.8275803,7.312314,0.9411753,0.0077478,0.04,0.32843295,0.05538662524014242,1.449918677675248,0.03311898769655407,0.03948146583896161,0.04728946023345301,0.3699619145016708
0.0041117794,0.015006507,0.0184,0.014298338,0.02,0.01585969227195346,0.18956800035951624,0.009808354645848748,0.022268798125130256,0.020761936695709755,,0.21577597764602346,0.0,0.01779786504775875,0.4474409274507143,0.22576176390206829,0.034901366411246464,12.891125,0.5547242,15.327669,-0.002377425,0.0058574183,0.0224,0.0056244098,0.02,0.013677538181242243,0.05850399779079837,0.0038903982566876947,0.011912318605350166,0.02174239969291625,0.7344543981574975,0.2119062514012107,0.0,0.01499842617699046,0.08553280864151441,0.22349909203418497,0.0,2.787541,0.1845767,3.1536605,0.015894305,0.0184,0.33581012,0.015348507932724487,0.17832428639286615,0.00821001589145626,0.03307305500949588,0.020636799034128125,,0.017391959959543648,0.3695957933852648,6.5448313,0.56602114,15.52722,1.506714,0.015364779,0.02,0.37477013,0.028943528113783687,,0.01217656057916514,0.041281642721195,0.024353494427849398,0.4355153793398005
0.0040568314,0.0043442133,0.0872,0.0040742094,0.14,0.17218239867039092,0.7631157324637058,0.074467359637766,0.0021347186215276183,0.2300849909362803,,0.34189111289031227,0.0,0.19127548406003306,1.1519169891112084,0.3964850343289132,0.3628971765084325,7.0232863,1.6397753,7.6823077,-0.0019461128,0.0018318373,-0.036,0.0017029396,-0.049999999999999996,0.09212479978659435,0.28555599972291074,0.030591199946648568,0.0010549333420165083,0.3210415990396745,1.1031366396158697,0.19109300014198496,0.0,0.09804946187539886,0.6173483856261966,0.22221972887616404,0.28296976701110177,2.4495556,0.35604563,2.53148,0.0045829946,0.0872,0.32422325,0.18095014323210656,0.7630012981517793,0.07909518115671485,0.002344886881160771,0.23027416047760071,,0.20124665110032536,1.0767959023536313,3.7188618,1.8200171,7.991101,0.5292861,0.004325739,0.07,0.3491536,0.21825162273130763,,0.07947678770515708,0.23698408333205298,0.18805869093589023,1.2888045782162734
0.0038934078,0.008415581,0.024,0.008074523,0.04,0.024513745542314745,0.17402560025166136,0.013123413777374662,0.042990080295281105,0.029717858510917586,1.3451660809915438,0.239624856663805,0.0,0.026484203587323098,0.25907362737416556,0.24655282053603667,0.0,6.675007,0.4865909,7.519478,-0.0024007258,0.003401913,0.0192,0.0032283969,0.02,0.014059733174030498,0.053158399458972036,0.0034383359169942195,0.004595839344755034,0.020962558764050527,0.17030502365590588,0.21283058606161215,0.0,0.015560118491596496,0.07974017773739472,0.2250310609520715,0.0,1.3656976,0.13751806,1.474889,0.008944465,0.024,0.3456064,0.02406966671656378,0.1431708281168676,0.01327211389678423,0.033736304302550986,0.02960211949156478,1.245473869450517,0.02587071840261624,0.2533910977667785,3.3714843,0.5173375,7.5626144,1.004796,0.008647643,0.02,0.38259244,0.0338443835104767,1.4577257955421326,0.013828549583109506,0.04557083851883916,0.02662183570000913,0.2754113433903222
0.0040933057,0.0056695985,0.1904,0.005430384,0.16999999999999998,0.2147503984302654,0.9259751988219126,0.13503007891911875,0.04228671913093172,0.2338353581894556,,0.35192114149946757,0.0,0.22334048072676446,1.2892214410754985,0.3907749230455737,,8.836691,2.6990423,10.406027,-0.0038528107,0.0027470128,0.035199999999999995,0.0025933268,0.03,0.06274624024598766,0.583888533609358,0.04064874743105329,0.0029731214307183646,0.07671616305260567,,0.23425556004490677,0.0,0.06960330294978802,0.8406694190001025,0.25164342319052674,0.34372033305133154,3.6154633,0.39156914,4.292673,0.006045211,0.12240000000000001,0.38159636,0.14798831000341414,0.9831261360411389,0.08833979369339941,0.1180427144297214,0.16553788727643834,,0.1568182709464533,1.3495520891046822,4.773743,1.9964339,11.525101,0.724108,0.005879089,0.09999999999999999,0.4177373,0.1484972493450033,,0.07388774330333042,0.3141207961360229,0.137375450455639,1.4681833721610167
0.00392704,0.00518454,0.10400000000000001,0.0050092745,0.13,0.1414240006291534,0.8863748572751076,0.0594341323134071,0.12316746603891304,0.18116079988832548,,0.3171505358158375,0.0,0.16245575630113485,1.2510957560056253,0.3619939916322866,0.4493504604462836,8.283659,1.6743435,9.751151,-0.0021582989,0.0022919038,0.0056,0.0020836843,0.01,0.0633968006056513,0.38471872010724384,0.027339680173279386,0.0005917443218279554,0.3296571202311018,1.5302040686300953,0.22771080908695696,0.0,0.07284323979034775,0.7047005356878018,0.24648171234451122,0.261967110612606,2.8418272,0.3237331,3.1748548,0.0054864152,0.0928,0.3939686,0.13864573487752604,0.8973904113580796,0.06969707458666272,0.12377613737270186,0.16961668481022193,,0.15168547525575582,1.2621435947489033,4.369962,1.7076267,10.1796875,0.6535735,0.0053043095,0.11,0.34048712,0.1913672788368809,,0.09291271847940963,0.24625252459520688,0.17347324748713192,1.3680511010681808
0.0040933057,0.005610387,0.1048,0.0053545944,0.12,0.1323007982383705,0.8534751996822779,0.041980159174557226,0.060190080334708296,0.18180428700966456,,0.3005248506958058,0.0,0.14837893681893674,1.1639719162368625,0.34689829712196424,0.3835870725028552,8.408356,1.6498183,9.880466,-0.0019570196,0.0024004753,0.0232,0.0022740564,0.02,0.08117887989804617,0.34151573309020455,0.04197471994289149,0.00236629321497497,0.36514495892034765,1.235981652973449,0.2327902863315303,0.0,0.09052955209349448,0.5766971640701208,0.25687224137081877,0.21582784175996847,2.9503984,0.4251934,3.239551,0.0059658927,0.1048,0.3469616,0.1377351640418981,0.796267735234756,0.05507949422134507,0.057540085650996796,0.18190029291688428,,0.1552852759516797,1.1039710030577314,4.4552817,1.8440605,10.295795,0.6951187,0.005694782,0.09999999999999999,0.34982866,0.1808198799111173,,0.06492561209568144,0.19208751535083152,0.15473752901394897,1.2672873526375772
0.0047934195,0.005443175,0.1288,0.0052608037,0.12,0.14105706544890692,0.8715855994935325,0.05791807920475431,0.1291180792047543,0.18429408018937476,,0.29218435530693404,0.0,0.1576876615513293,1.2333625534243138,0.3394049606033527,0.45003486633502177,8.310896,1.7382697,10.021391,-0.0062527903,0.0034737985,0.04,0.0033176339,0.06,0.0768224000601142,0.5988112000300571,0.02984223985993358,0.006884478809738501,0.09458016065524498,,0.2606194335308515,0.0,0.08331577352144959,0.8155473205643488,0.28544263574621465,0.28657191290769635,4.5829406,0.5641108,5.3257146,0.006276433,0.12,0.5398101,0.14342072599853675,0.8564591031491822,0.07076191270173549,0.08939846813759564,0.17522809886161203,,0.15681073725773656,1.1455118494434466,4.742323,2.012938,11.180285,0.74973136,0.006105977,0.12,0.53241694,0.18059760661297075,,0.08026490584312775,0.1861931058874054,0.16121452063743646,1.3462479377852807
0.003998094,0.013343855,0.016,0.012858323,0.02,0.014384940693177395,0.1615146639543236,0.004676264726083082,0.04303268545440655,0.019418513981923662,1.388771839767465,0.21645032233906641,0.0,0.016077583015338858,0.26378187383533197,0.22595123503568756,0.0,10.070181,0.4365433,11.713057,-0.0032489737,0.005861385,0.020800000000000003,0.0057176137,0.02,0.013633371584623181,0.05636672011830495,0.0035889054926998144,0.01396671631136392,0.021700483807641648,0.5341668277269485,0.21191885831355123,0.0,0.01517179899793291,0.08143079409355256,0.22405098001230114,0.0,2.474097,0.17664091,2.7653568,0.014332721,0.0256,0.41657156,0.023464346664778077,0.1326469466206861,0.014408469089944264,0.03127699928704935,0.028705885235373534,1.3436399814243083,0.025029963236396814,0.20391016979540455,5.1050415,0.78260225,11.571487,1.6042328,0.014072227,0.02,0.4184064,0.029424415822757694,1.4782829722673065,0.01214925800951697,0.034621508092076744,0.024876479428650244,0.23781845131325283
0.0040089884,0.030030541,0.0096,0.026612867,0.01,0.008129630278126796,0.061558801462781636,0.0025853129054232795,0.002680639276588504,0.01056405331879291,0.8485833594299893,0.21001158928026128,0.0,0.009054607167409176,0.10153542067951898,0.21596451568323374,0.0,13.372868,0.5246015,15.368643,-0.0027150386,0.012763867,0.0128,0.010646968,0.01,0.00415177133108,0.021865244184988298,0.0012986729232711694,0.002129033892936331,0.011640997592003304,0.07309696062518785,,0.0,0.008919660665103902,0.03125242844027712,0.21466582067493659,0.0,2.7825837,0.18479693,3.107307,0.031211512,0.010400000000000001,0.32111982,0.008703419178375998,0.05971698884809609,0.002869037639064345,0.0029049439351283702,0.011300984512242622,0.8472579303067002,0.009699715245133985,0.09194890951190446,6.783773,0.59219414,15.531558,2.1326094,0.028663607,0.01,0.38056535,0.018795019587702768,0.9383504229426375,0.003894512336474491,0.006235440060033968,0.015132237826670265,0.10042306117943518
0.004380835,0.009822914,0.016,0.009136063,0.01,0.014759854694579053,0.18158960168770066,0.003294336118381307,0.004471677624335466,0.01969634151213554,1.1454150402919263,0.20818650865842703,0.0,0.01678811320017448,0.27095614592064554,0.2161908011591514,0.0,7.6080575,0.3426618,8.646032,-0.0047962437,0.004681968,0.02,0.0044886214,0.02,0.012755199837691453,0.07262079951908627,0.002014721006715263,0.013481388341319359,0.01988534832469013,0.3495987180643222,0.21208073317124196,0.0,0.014041275116935049,0.09495159399978965,0.22405499357004435,0.0,2.0833118,0.13896467,2.2765346,0.010583009,0.016,0.38131008,0.014331037187486117,0.15735960956762665,0.003618731595058489,0.04308631163853468,0.01952585864347211,1.1167886580098463,0.016160465249210984,0.257430538450257,3.9184542,0.35472897,8.88649,0.96604335,0.010077253,0.02,0.46164453,0.029717348913109162,1.3048839343452692,0.012857507998778104,0.05026258558522058,0.02529286170273046,0.2778653464537298
0.0040492523,0.0065426095,0.124,0.006346028,0.12,0.12984959960363412,0.7908991992072681,0.06601983940859582,0.07281983940859581,0.1635857052528928,,0.2978751410524208,0.0,0.14653548642699743,1.1215754866786583,0.3347488687278279,0.37372436283538907,9.454739,1.9617587,11.247065,-0.003242033,0.002941847,0.0464,0.00277081,0.03,0.06843776063769233,0.3839648003486627,0.027665919947900963,0.002698879921851517,0.08074496074962462,1.5398899221989801,0.2295121409102281,0.0,0.07280214143137341,0.6172016060740328,0.2477071025244576,0.21613170328786652,3.4431858,0.4374182,3.9365926,0.0069903764,0.0824,0.4052486,0.09547401324557495,0.8150933975619084,0.04569672237204677,0.10701772064382008,0.12192228000764471,,0.10542041613984679,1.1255887366184598,5.0232067,1.471927,12.1348715,0.8280362,0.0067611625,0.09,0.3871487,0.13382988787878447,,0.05300369001021487,0.16541441082802547,0.11811226883244011,1.2576433755735588
0.0039294083,0.00695851,0.0424,0.006735875,0.04,0.04406755589731715,0.17356160034225862,0.03340160181194751,0.03567520020290137,0.04797680032873199,1.344769066600955,0.23962353535314596,0.0,0.045188629878560004,0.3822042071614882,0.24644004691888574,0.016375515834634327,6.236843,0.6938663,7.0146427,-0.0019649519,0.002966139,0.0264,0.0027281737,0.02,0.024186400084911432,0.04074559963931469,0.012209706704872678,0.002229121690418134,0.1416310396293955,0.40785241585175824,0.21465039139348505,0.0,0.026451163555405856,0.06388093097224239,0.22641526470108925,0.0,1.3183527,0.17606556,1.4230822,0.0073434752,0.0424,0.3252301,0.0438199383717962,0.17299309582419697,0.03398431909790329,0.024887195588027797,0.04811243633968802,1.5286513261478194,0.04515407671682565,0.34311377942418253,3.1655698,0.7458671,7.0733128,0.8738112,0.0071451864,0.03,0.353767,0.04376790734140926,,0.025233397235273857,0.043644397531759596,0.03685002730822866,0.43495396138150433
0.004578837,0.0047103767,0.1888,0.0044664256,0.16,0.2298069335234772,0.731955200434115,0.1247820776922744,0.0015880517791887073,0.30282581577388284,,0.33995118126077356,0.0,0.2538572915104115,1.0862097229377676,0.3971064759297691,0.36646654020392466,7.295897,2.354741,7.9395237,-0.0057168724,0.0028759106,0.0256,0.0026825634,0.049999999999999996,0.11696319807634505,0.5141877331623413,0.049685439541929104,0.004704212203186053,0.3682045865143773,,0.2686459829308977,0.0,0.12426835731787779,0.843556119551956,0.30426175576443537,0.29692554266818444,4.1182876,0.71876645,4.401863,0.005353445,0.0856,0.53990656,0.14409318836174306,0.816563223193349,0.045277728743063385,0.09676478620060742,0.20016782835825125,,0.1607295930341541,1.1628575919037372,4.1875677,1.7404456,9.442912,0.6228312,0.0051104305,0.11,0.52436894,0.22865611029173244,,0.08677084581520746,0.1928408606970749,0.19431243420591093,1.3003683811538551
0.0040468834,0.0052423305,0.0008,0.0026204546,0.0,0.002252077388257294,0.0026107200035547094,0.0010926798280645926,0.0010284046927332951,0.0032933009673299695,0.014357653445951569,,0.0,0.00257675337411265,0.003078617017648935,0.20631020743543776,0.0,1.5784547,0.04550183,1.7331145,-0.0026282803,0.0009647512,0.004,0.00042189262,0.02,0.0006919109269462296,0.0030054396644421887,0.00013838218538926413,0.0012454399284640148,0.40320447930237385,0.004089884363527672,,0.0,0.000839569433528868,0.003368170162185869,0.21497625839637916,0.0,0.29299456,-0.021291029,0.37653032,0.0061197435,0.0,-0.59597886,0.0018036297422589541,0.002732556706309199,0.0005735321470264353,0.001103146812815817,0.0028872803100660803,0.004360963905817388,0.00214775549101505,0.003171564163833062,0.5709324,0.03254041,1.2399821,0.12900512,0.002644587,0.0,-0.13519713,0.015389571145696052,0.6736859579952162,0.0012240028860747286,0.002935458960769715,0.007737171733199518,0.22376672392920452
0.0044282037,0.0053347005,0.12480000000000001,0.005038644,0.12,0.14801920168612445,0.7717461341246664,0.06160153663941918,0.0397358930022597,0.20094485421037145,,0.30018388432478366,0.0,0.16678061556367246,1.114387077558273,0.34623890808541297,0.40552157793758375,7.930523,1.8002545,9.168394,-0.005288039,0.0030667784,0.0432,0.0028536012,0.04,0.09819519837691613,0.45754879954613725,0.052253013024747,0.0023795195371205274,0.1296862716007451,,0.24712104666022353,0.0,0.10567530074783622,0.8163651809409328,0.27527783799988254,0.30334382587417114,4.035867,0.64390135,4.503246,0.005921922,0.12480000000000001,0.4490973,0.1583689772746941,0.7719834874749792,0.08196206172101875,0.039868261649811276,0.20059722484725756,,0.177176166766178,1.0797825919574144,4.448155,2.1373515,10.06847,0.69514805,0.0056657237,0.12,0.47493935,0.20015812729670268,,0.08788237354262123,0.17908877265836612,0.17615549715457093,1.250516339916799
0.0040118303,0.0059879185,0.1328,0.005753442,0.08,0.14868373470208973,0.6676512018748697,0.08989674795852834,0.0252225601380989,0.17480608091289979,,0.26591204127366136,0.0,0.15958501844759437,1.0071880147533627,0.29795679635907435,0.3603040776087048,8.319659,2.0336633,9.436384,-0.0024701327,0.0024178273,0.0216,0.00226662,0.04,0.044603200330628215,0.22840213380556418,0.012507093377417094,0.0005202131801755713,0.40564576063811303,1.2422228801311994,0.24268875841397392,0.0,0.05253025369862725,0.5012434178995424,0.25935595623875957,0.14821823387039654,2.508056,0.22916462,2.8942537,0.0062518776,0.0864,0.32293424,0.10803243551169539,0.7110547989606882,0.05715413928223415,0.059936636227438105,0.12719967517316252,,0.11453373276745692,0.9975851141937054,4.3427677,1.4807879,10.148428,0.74778515,0.0060762935,0.08,0.32744563,0.12649770386971762,,0.053917357985452975,0.11065805947445839,0.11270934988338531,1.1649503151869438
0.004415888,0.0046364805,0.144,0.0043735825,0.15,0.18324053519841874,0.7142643207670626,0.08342143960405382,0.021252864110730997,0.25309472116298665,,0.3278919391051535,0.0,0.20653268702960723,1.0021596121754144,0.3857711561811393,0.3317095885752183,6.9686947,1.9279015,7.684204,-0.004779883,0.0026205927,0.0472,0.0023801485,0.01,0.13042879923204048,0.4053717320054754,0.0708457601121131,0.0006766081704360843,0.39521578400934776,,0.23182020184194774,0.0,0.14058488564176913,0.6207282951690223,0.26191103405672606,0.2848099384372062,3.4534705,0.7345758,3.5881937,0.00515305,0.144,0.45158955,0.19581057377796893,0.7031605007127467,0.09734482490056681,0.02133122210637072,0.2531354554485403,,0.21707728380075356,0.9863952879587717,3.8885984,2.2870216,8.333575,0.59520525,0.004844176,0.14,0.4489624,0.253129942692917,,0.10867097484887474,0.1452206554916695,0.21928293969950338,1.1481989344422656
0.0040762527,0.0074629895,0.062400000000000004,0.0072616707,0.049999999999999996,0.06269236352405219,0.586203999248949,0.04972080004561349,0.0412832011324761,0.06884359961543073,,0.24347693034412285,0.0,0.06493379781953704,0.9127344945488427,0.25621707293711316,0.27702722666763624,9.083129,1.0767546,10.892625,-0.0026287762,0.0031342022,0.020800000000000003,0.0029656433,0.02,0.01685759999398856,0.09345760011496859,0.006941013401730015,0.010446079523893611,0.3560592458019299,1.2343036803273224,0.2134322073042671,0.0,0.018392034806252015,0.2294352207659168,0.2254978432239615,0.029281326934088213,2.4614544,0.12477221,2.9903078,0.007819121,0.0504,0.3274014,0.050533626843362024,0.5821379608693787,0.03822105571971597,0.03752602725708543,0.05674122840666446,,0.052767962258693527,0.9006908665380997,4.6961036,0.92088103,11.355206,0.93635494,0.0076512652,0.049999999999999996,0.32049003,0.0645129636420468,,0.04125641571236159,0.06040948100539157,0.0565723174113203,0.9778635885416511
0.004638996,0.0075515704,0.1032,0.0072436715,0.09,0.10328777129400978,0.8175072002390773,0.06100095872491574,0.06460057586229134,0.1103782408512429,,0.27376485161264386,0.0,0.10576181318139229,1.1372945048505039,0.2956089854554673,0.4007347371843787,10.489398,1.7077994,12.796151,-0.005843787,0.004304198,0.0488,0.0040340084,0.04,0.04613823976014405,0.377545598887887,0.026778240156296942,0.0023782401562969643,0.057041663541977414,,0.23248702304380084,0.0,0.04796182473327722,0.7439745497903115,0.2453387549531554,0.22464246745592753,4.7802525,0.44584674,5.7365756,0.008402484,0.1032,0.45392996,0.10271575543036301,0.7662297195637087,0.06337526765969878,0.06430722089824481,0.11035604508050025,,0.10524395909526056,1.1086579223575208,5.7616444,1.9564978,13.868179,0.9973296,0.008121275,0.09,0.46918365,0.1051723570164647,,0.060564804383177274,0.12125157013972707,0.09618853555435251,1.2188518207693533
0.0041771485,0.0058818115,0.156,0.005730231,0.15,0.17137813383106226,0.926333600854074,0.09064896103181154,0.0798781264303377,0.19668048012174094,,0.3223338676687437,0.0,0.18671693225348818,1.2215584660450842,0.3693029187277246,0.42644009186263887,9.120787,2.2431402,10.915363,-0.0037675397,0.002723712,0.0232,0.002557632,0.06,0.05119040050195417,0.5047968001673181,0.012316162909528066,0.0029580810003024508,0.3552890884949568,,0.26102170696615073,0.0,0.052742123818708755,0.8276754570212995,0.27993628468751963,0.2791918403653613,3.5438251,0.2781251,4.246071,0.0063118497,0.156,0.3712678,0.17986399282163765,0.9151105175904272,0.10500510808687158,0.07980487260940565,0.1963118948652431,,0.18689825099740176,1.2213408693407424,4.8925304,2.4855561,11.534933,0.756315,0.006174527,0.15,0.3816709,0.19658056564037465,,0.10237204519400528,0.21847863068284729,0.18471222400511222,1.3707559518061658
0.004481731,0.02085374,0.008799999999999999,0.020053202,0.01,0.00663988139310668,0.10461920089968584,0.001735014697000179,0.012245609962806018,0.009999223019553983,1.3031927481777514,,0.0,0.007890695319645693,0.17030074988108493,0.2157536123504053,0.0,12.81498,0.3089532,15.2589855,-0.005063459,0.009473003,0.0136,0.008756628,0.01,0.005530310865904267,0.04166911953447411,0.0024127295247342775,0.011104854986612029,0.012958621117192069,0.8692620739404868,,0.0,0.009655864444141843,0.060500309134552996,0.2146497488252176,0.0,4.1655083,0.16825706,4.8843617,0.022294706,0.012,0.4174625,0.009498050177385267,0.09309834731363187,0.004009921238702099,0.009902845341032224,0.013030643263050569,1.2786193310320861,0.010810937357138619,0.15868140684522017,6.7016554,0.4872449,15.813944,1.7049543,0.021881714,0.01,0.41171342,0.0186642414785706,1.3725490432675054,0.0029069343788168567,0.009994602693038371,0.014489791958746069,0.16380605206652504
0.0041430425,0.0049685375,0.2288,0.0047980086,0.12,0.2755824002548066,0.8103911997428342,0.17295647768471553,0.05031882610770029,0.329008320773228,,0.29828960464982923,0.0,0.29761133405978485,1.207234002090219,0.3587471010765242,,8.037221,2.752442,8.659294,-0.0031413937,0.0024074167,0.0248,0.002134748,0.0,0.10988480076345127,0.43616960115118836,0.04737696034054734,0.0004439772896832083,0.12532352174571906,,0.22197255630529522,0.0,0.1146226497181217,0.71428176626529,0.25025024984744987,0.3081092375479638,3.2059646,0.5385922,3.468594,0.0053633084,0.1096,0.41441005,0.16596661160949683,0.8918264817742342,0.07129062150683367,0.03303155285994214,0.21000430756505967,,0.18570165253970172,1.1975163632733345,4.3238926,1.9849958,9.849655,0.6277287,0.0051890146,0.12,0.39068788,0.2265288441290775,,0.07991667276794794,0.2451715145368492,0.20042511155160384,1.3924548517422193
0.0039649354,0.0050282218,0.07440000000000001,0.0048434823,0.14,0.12436799811253983,0.8062559995595933,0.04167871992852843,0.12471872017616296,0.1837711981219808,,0.33010792182001286,0.0,0.14498124724804562,1.124671869907453,0.3789733308864916,0.3381245724953983,7.8407574,1.4210755,8.952152,-0.002357099,0.0024287337,0.0216,0.002158544,-0.01,0.10975893357312243,0.2695192004050199,0.055935362789299684,0.0006270722979745982,0.3960727465639381,1.3998545597863314,0.21637402350897567,0.0,0.11932385113115938,0.5279638511379502,0.24328638170724595,0.2292252812194856,2.945193,0.5650319,3.01398,0.0054095113,0.1152,0.3777008,0.17531306558059337,0.7246850269473697,0.09014237811518996,0.05197797514213462,0.22490802518742223,,0.19067882604690217,1.0245411748819013,4.187121,2.1529474,9.078852,0.6348373,0.0051605497,0.09,0.35764587,0.20383706363212603,,0.07856962254571584,0.19348231011044478,0.1708080806324375,1.194216885771815
0.0040331464,0.0051376447,0.10719999999999999,0.004988432,0.13,0.14270720181195468,0.736676800210766,0.07187071778538001,0.09273535901978094,0.1972182402220907,,0.3162737955256929,0.0,0.161169567410736,1.0767797121314509,0.3622830422799156,0.3341241379554151,7.843245,1.7169634,8.87956,-0.0032722745,0.0025382976,-0.012,0.002364781,0.01,0.05859200105199879,0.4222613338610033,0.00961920012323426,0.0012384002103997594,0.09933824086131712,1.307981867280834,0.22775904401171956,0.0,0.06791332950624224,0.6151711098535048,0.2536159134629844,0.2500187427734232,3.173864,0.31028715,3.544817,0.0055710403,0.0768,0.42369238,0.1248817436824007,0.7543627568002576,0.052371932911257045,0.10751475312092415,0.16676875902120605,,0.14410816877351604,1.1115323712206362,4.2272954,1.5588062,9.595564,0.6587498,0.0053785276,0.11,0.3855519,0.2046780664307931,,0.09065469947236522,0.15248652163632065,0.17696556261323124,1.1750475443662332
0.004323993,0.004787587,0.1712,0.004636006,0.12,0.20648559929692245,0.7907423965145038,0.1248684739097951,0.04043423695489757,0.2627081561873304,,0.3010165383050848,0.0,0.22662214708149697,1.1460442937262312,0.35095719014128635,0.414349525214094,7.427699,2.2518132,8.258669,-0.0044169864,0.002567547,0.0136,0.0024436065,0.03,0.08074319915013448,0.4631545593115712,0.04485727832882476,0.005714556657649535,0.3088770115144061,,0.24595058920772997,0.0,0.09463800287316071,0.7829586687073452,0.2731501224506989,0.3047264251542552,3.4801188,0.4540902,3.8955665,0.005322476,0.1176,0.4769941,0.161191800126026,0.7839237351233239,0.07774894758553445,0.08063309225144516,0.20912196811911327,,0.18109886287993499,1.1415398327807038,4.098186,1.9713429,9.239166,0.6289083,0.0051045124,0.12,0.43179226,0.2158765638907213,,0.08894444444444446,0.18696656809077367,0.18670537712795648,1.2864588525582556
0.004022252,0.005681441,0.10719999999999999,0.0054682796,0.09999999999999999,0.1233951991758107,0.6679903975840604,0.0690380776293593,0.01673523037165547,0.15708543619991353,,0.2862574742853398,0.0,0.13812258394420426,1.0300245165321074,0.3204395670697527,0.33531434740254384,7.943548,1.635892,9.142103,-0.0024522853,0.00252392,0.04,0.002258688,0.04,0.0697456011421701,0.11987280045160847,0.036019414287145585,0.0014145603669979846,0.2785747202869455,1.2023080533438868,0.2444450698262818,0.0,0.07691920131681376,0.4933490016460172,0.2634348160431173,0.1374926714958155,2.5604827,0.39538643,2.8036537,0.006032595,0.10719999999999999,0.34287918,0.12816464921461723,0.6677619342062147,0.07566605870774747,0.016467422635686835,0.15667166009986602,,0.1411796632297212,1.0047292522261781,4.1709967,1.7815604,9.478157,0.70432276,0.0057709245,0.08,0.3403675,0.1350187934399247,,0.0558571123475808,0.11730483417927362,0.11828466421930131,1.1329880023009729
0.004372782,0.0052716993,0.1632,0.0050561703,0.14,0.19048256045953257,0.7295225607761223,0.10344085354920225,0.003961281423139381,0.23525152189941037,,0.31738483869045847,0.0,0.20822317045492833,1.1038077229404362,0.3670140962227352,0.34516110340079587,7.959063,2.279751,8.89768,-0.0048438367,0.0026225762,0.048,0.0024441022,0.049999999999999996,0.10350933211768874,0.47337599875763875,0.05846186644624786,0.0006771197754131168,0.40721407883089694,,0.26034585432308194,0.0,0.10630053490515715,0.7095502674525785,0.28412855545556504,0.24947908633813962,3.414058,0.57531077,3.7562573,0.0056776693,0.1296,0.40761667,0.1629683997030344,0.7374048092026602,0.09079599779735681,0.10552441847571116,0.2018083458015254,,0.18096221459537853,1.083171273735358,4.330186,2.1164322,9.7499485,0.6799558,0.0054961503,0.11,0.41797078,0.18668164234963655,,0.0772856265356264,0.19890241002423736,0.16512509664961414,1.2176988913734492
0.004766419,0.0044635837,0.1512,0.004354635,0.15,0.19095359836420117,0.7975383996516067,0.10523071401045964,0.0766769049928434,0.2559382400289409,,0.327768683241224,0.0,0.21426070928712024,1.1311535701649518,0.3846556132690016,0.3558763879331442,7.016181,1.9516995,7.859705,-0.0062924507,0.0030176977,0.056,0.0027970842,0.049999999999999996,0.1368556793324912,0.5382261321510871,0.049495678689510075,0.0015478393447550328,0.2656944445601406,,0.2631104349179245,0.0,0.1438253879425558,0.7975126939712779,0.2997345725206345,0.2870559669491437,4.135886,0.86413014,4.414132,0.0052361735,0.0872,0.57140255,0.14482187729131196,0.8173945725830251,0.04812532828599715,0.007956880486081671,0.1917757434580119,,0.1586989053268419,1.111809513129183,4.069176,1.6675262,9.215897,0.60235023,0.005023923,0.08,0.57628334,0.19002698403620658,,0.04714408970282655,0.21649776433517645,0.1584913620655511,1.2858136053511695
0.0040070936,0.0082426835,0.0936,0.008027154,0.09,0.09272080075340974,0.7468277341302609,0.04578416074869256,0.06238732863881517,0.1018574399405451,,0.27141087606352426,0.0,0.09564411052012957,1.062199248888583,0.29514455132050993,0.3315368837444041,11.098799,1.6526928,13.460974,-0.0024711243,0.0032244308,0.0488,0.0030558724,0.04,0.04520213355508813,0.1797732573030801,0.032960426761380036,0.0013875197875964332,0.40011050685115074,1.2599847824072257,0.23230903731717384,0.0,0.046778099993044726,0.487704133166218,0.2448236276329491,0.12142654584209041,3.1322193,0.3233583,3.6526449,0.00870227,0.0936,0.3264468,0.09233216774362285,0.7135858750394659,0.04901830728918703,0.050249817750338356,0.10151122002478132,,0.09541827829544983,1.0412327622749267,5.758543,1.7715281,13.84787,1.0392661,0.008459297,0.09,0.32101712,0.10542850607217381,,0.05419267803290602,0.09309500167728926,0.09571178602973177,1.1440555765551794
0.0043476773,0.005474438,0.1184,0.0052375924,0.13,0.1353964791086176,0.8636911979646927,0.056098240658091894,0.06139882579312443,0.1713683129711259,,0.30867703990015133,0.0,0.1475257780638573,1.1972886666154021,0.350432351140978,0.41293565799548027,8.162037,1.6516715,9.737886,-0.004775421,0.003049922,0.02,0.0028615328,0.03,0.052321598588817415,0.4447477323925449,0.007137278328824778,0.001537278328824767,0.07091775548542233,,0.2313425982267925,0.0,0.06162208735022581,0.7797627829574297,0.2545904703077028,0.27694264461867707,3.6919312,0.33753747,4.356499,0.0060140523,0.1064,0.45004162,0.1286650510607219,0.8294304194983603,0.06554884614376842,0.07575689455693786,0.15863066460116312,,0.1448192937350786,1.1948867513246504,4.477668,1.7539501,10.572813,0.7152579,0.005823033,0.09999999999999999,0.45597,0.15733712987243764,,0.06877099414029374,0.17280562549173858,0.14067663219596582,1.314687166388029
0.004027936,0.0040178406,0.0232,0.0037809955,0.03,0.07976320009347405,0.3775712005599454,0.028209493270697793,0.001276159862425305,0.08747292402898643,1.4142140797175107,0.24029999362062815,0.0,0.08477151263293972,0.619157268977414,0.264707159115775,0.15405864162487978,4.7366657,0.66850376,5.086249,-0.002529128,0.0016092407,-0.0328,0.0014183725,-0.03,0.019596799573188762,0.06959679966636578,0.0017591461766684007,0.0019193597829874724,0.3672,0.47738282629849993,0.1921999979230929,0.0,0.020282980840770324,0.11504397461623662,0.20342900163762645,0.0,1.0246139,0.056890447,1.1383911,0.0041379016,0.0232,0.24148037,0.07965264981527198,0.3167571314311864,0.036491296088186395,0.001454654742540108,0.08742904480871183,1.414276831028354,0.08439991015292658,0.6235481644999441,2.4221287,0.7062518,5.174806,0.4767976,0.0039089676,0.03,0.25658625,0.10187787987956434,,0.05314410774800869,0.04807414676741962,0.09433490667413387,0.7054122058185622
0.004007567,0.0038013645,-0.0008,0.0035408344,0.02,0.06121000017203369,0.30696000031457626,0.018967999512407095,0.005367999512407077,0.06753599997203769,1.1591559998151868,0.2403714403038356,0.0,0.06354428542230403,0.4974885712958748,0.25676397373898663,0.11185938357809747,4.1843433,0.49706697,4.483242,-0.0026714117,0.0015036438,-0.048,0.0013524365,-0.04,0.009781120063961589,0.075626400022355,0.0002426400310339886,0.0004852800620679872,0.3307350403047797,0.2599566935636379,0.18500706177074136,0.0,0.011735109329027046,0.09093510932902704,0.19597313275422262,0.0,0.8548164,0.023966137,0.9341382,0.0039844085,-0.0008,0.30429024,0.061000837342181466,0.23591049330730351,0.03788057717410479,0.0028817094381501174,0.06751664766023255,1.177577056386622,0.06352472132048506,0.4567954739253444,2.1241155,0.52794176,4.5166874,0.45034808,0.0036695495,0.01,0.2705179,0.08708630754260446,,0.054703213169212214,0.05259996026013056,0.07866669091216401,0.5955292253887332
0.004566048,0.014256183,0.016800000000000002,0.013455646,0.02,0.014331957532233718,0.21447679888011134,0.003323062265893441,0.02381535920726672,0.019275164617189373,,0.2160951885376376,0.0,0.01611703465324963,0.4901111037080878,0.22580383557765973,0.07531667674139879,12.525792,0.4740002,15.191958,-0.005700016,0.007506815,0.0272,0.0072514983,0.02,0.018894932784734964,0.07742719867748724,0.008822720468890929,0.008658176375112714,0.026757545650334353,1.2046696520574416,0.21203554391863771,0.0,0.02035725505767282,0.12601934645080393,0.2235129606113462,0.0,4.716918,0.34497893,5.466013,0.015694246,0.0272,0.49873653,0.02407623860423846,0.17250823334352527,0.013803547391998836,0.02917760080093233,0.029432486928245908,,0.025930302575274844,0.4086106588623124,6.6280875,0.89045393,15.722502,1.7564871,0.015285242,0.02,0.49429563,0.028952054710268984,,0.011624667663668476,0.039160734117262785,0.02419770789191766,0.4811962220392441
0.003995725,0.03182014,0.0096,0.027933512,0.01,0.008045957563012279,0.06077000196610436,0.0023928292230508304,0.002615681025164805,0.01052371436215144,0.9895320009201352,0.21002877981286253,0.0,0.00908106945908662,0.10014032078581184,0.21597011259736687,0.0,14.434999,0.55774665,16.870834,-0.0032643422,0.013932873,0.0128,0.011791184,0.01,0.004141312060095015,0.022094399977958094,0.0014815626187921224,0.0024257704295866434,0.011517440109107383,0.09413952130207638,,0.0,0.009099703940582321,0.03203224636153218,0.2146069329703805,0.0,3.523499,0.18685053,4.050865,0.033166002,0.010400000000000001,0.33277896,0.008581431290201726,0.052574584943952514,0.0027035780723423616,0.002934045425497922,0.011249414140408044,0.9414944565537146,0.009710234259264735,0.09092984925582666,7.397047,0.6242002,17.237213,2.2416608,0.030320177,0.01,0.39942536,0.01878860426790986,1.1037286198610974,0.0038247202833268544,0.005877537027027318,0.01510163815553746,0.0995670550418179
0.0044452567,0.0050808024,0.13440000000000002,0.0048557995,0.21,0.16596160048444716,0.9175743998154489,0.04023231803704139,0.04223231869639929,0.21122596645047056,,0.3792218532365438,0.0,0.1929928032378929,1.2828964016189464,0.44112680513253133,,8.013063,1.8456273,9.585597,-0.004914235,0.0026929742,0.0392,0.0024996274,0.04,0.09534559977607432,0.5766911999278629,0.04973824105801023,0.002938241058010219,0.17782207916681536,,0.2515118660419622,0.0,0.10269388558101891,0.826315108749439,0.2757748308123278,0.3429228633091513,3.7433681,0.5526833,4.233924,0.005560437,0.13440000000000002,0.4183967,0.17581762850986193,0.9172800335791333,0.0742646932379963,0.09356040072985161,0.2085877760443423,,0.1944217394830314,1.2303633253253168,4.4213924,2.141461,10.345741,0.6503787,0.005301542,0.21,0.41299698,0.2898261402117833,,0.16768357584606974,0.19802889864115542,0.2735283098950395,1.2998023097976672
0.0045414157,0.0044517415,0.1848,0.004229107,0.16,0.2242368018622904,0.7447456003942684,0.12281472030199365,0.016703680075498405,0.2957331214665523,,0.3365255019579081,0.0,0.24734009569193435,1.0813640574528496,0.395987029309258,0.3695243626792211,6.931629,2.183879,7.6217957,-0.0057352153,0.002770313,0.0152,0.0025373055,0.01,0.10028159709046094,0.5381407990321593,0.04329407988999087,0.003576319206492337,0.3856467190099179,,0.2245683847302281,0.0,0.11780133035005165,0.8158022167502442,0.26300116525546985,0.3307840435392871,3.7837722,0.57590663,4.1357627,0.004983125,0.0976,0.5164071,0.1576090964103248,0.8181655390322975,0.06084194975536548,0.031045421836399245,0.2082630706050544,,0.17696808775718084,1.1423400706422047,3.9480035,1.7313153,8.919489,0.584574,0.0047809985,0.16,0.48523453,0.27470567288907893,,0.13426139613452598,0.1738374317070147,0.2425447933579618,1.2714635588064205
0.0043296767,0.0054332274,0.0008,0.0028066149,0.0,0.0023039998499713873,0.002662095177605331,0.0010470398638515236,0.0011185229933836209,0.0032633599572805903,0.3279334393034036,,0.0,0.0026250844727845105,0.003123938326263345,0.20610014230606755,0.0,1.5132034,0.018961754,1.6347048,-0.0044392957,0.0009786324,0.016,0.00045312545,0.06,0.012435199833015895,0.0007018664645046125,0.011431679508265234,0.00014037329290092246,0.4140851181244364,0.0020283727436789197,,0.0,0.01262066185075414,0.0011929776677860543,0.25473817858552644,0.0,0.26585138,-0.027378045,0.3337707,0.0063743903,0.0,-0.6015037,0.001822616704903612,0.002819421579082677,0.0005222891765080475,0.0012029920406193015,0.0029293485770559985,0.004463060202648592,0.00213993131354182,0.003258292255397778,0.54858685,0.017118763,1.1719689,0.1343294,0.0028415495,0.0,-0.15696773,0.014429659793939748,0.602206506639098,0.0012234643754471363,0.0027438088472018615,0.007733775181558044,0.21505779848674625
0.0045395214,0.005341805,0.1688,0.0050410116,0.19999999999999998,0.18564320073296225,0.9194954664373758,0.09120288036155252,0.00944345644292399,0.22655552044543883,,0.37015593837110305,0.0,0.20240730326857387,1.2710054778410609,0.4208607694774982,,8.10259,2.1774821,9.670979,-0.0059082364,0.0031292445,0.07440000000000001,0.0029433342,0.03,0.11249920066726904,0.5686796798013825,0.07456793611051413,0.0021465597635507453,0.4328714240327984,,0.2350198329003045,0.0,0.12196782405557205,0.8279871296609135,0.25752488341783214,0.38638664808915835,4.332209,0.797649,4.9012194,0.006040187,0.1688,0.48563787,0.19298520980147008,0.8399736668121542,0.10254402455204045,0.010336598609068968,0.2272780815866577,,0.20667638846399267,1.1431593765452777,4.593952,2.607255,10.660803,0.7006177,0.0056853667,0.16,0.49493644,0.22456255237492784,,0.11618799123326126,0.21868579066508567,0.20452037393461525,1.4111232245540535
0.0045873644,0.009971653,0.017599999999999998,0.009152169,0.01,0.01549386667994877,0.14848159930164248,0.008168160434115862,0.00493452813569559,0.020378359839644825,1.2383134393585793,0.20666174776111337,0.0,0.018025951691739418,0.2349816637212017,0.21595785521318134,0.0,7.210868,0.35565785,8.3575535,-0.0054858476,0.004937781,0.0216,0.004632888,0.02,0.013045333286577806,0.053574399721069615,0.002074880176976785,0.004387201334540633,0.021484798917944088,0.7532565321818107,0.21210533743699073,0.0,0.014670555853694532,0.0840979637740023,0.22392051933462875,0.0,2.3485441,0.18146831,2.6691775,0.010747082,0.017599999999999998,0.3821969,0.014997395507840157,0.13184721755705833,0.003504741148712128,0.014916755781411103,0.020257346881870215,1.238331276125171,0.01763186550497221,0.21508725216646102,3.783249,0.38149792,8.76399,0.99226373,0.010253739,0.02,0.46880913,0.029275243739880424,1.4192850227790432,0.012126262769735021,0.03363016324663295,0.02465850741003308,0.24094799067487457
0.004123148,0.004810798,0.1184,0.0046379007,0.11,0.16464959960363412,0.8839247990893031,0.09282495998993354,0.07422495885934714,0.2000328512014848,,0.30308931260844585,0.0,0.1800573642622802,1.237428940811726,0.34534774022096093,0.4532661001913028,7.664544,1.7975805,8.810283,-0.0037120148,0.0024822766,-0.0032,0.0022889297,0.0,0.06096448043618907,0.4428112011677197,0.026404480613165013,0.004804480613165011,0.35844032409138127,1.553473387467489,0.22078935417471982,0.0,0.06732809001733317,0.7669760300057777,0.2396189187601655,0.28690703092999265,3.1635768,0.32750902,3.5593183,0.005228773,0.1184,0.40255645,0.17161322377529017,0.8837340952373628,0.10671646258455848,0.07180114399687201,0.19982652468993342,,0.18331402708628278,1.186225945441396,4.14563,2.034979,9.345313,0.6200855,0.00504543,0.11,0.40468118,0.19678320493251253,,0.1067113651627539,0.2074636554607926,0.1802950664978372,1.3469489994811288
0.0042685703,0.004902221,0.1368,0.0046487963,0.13,0.168958400066061,0.7655309716915313,0.10051167869262435,0.005311678692624386,0.2098017072032632,,0.3161649213214953,0.0,0.18757352479327757,1.1255112708008137,0.3604710528024642,0.4224932485428403,7.4602666,1.8935893,8.565386,-0.0043545207,0.0026290214,0.0056,0.0024654202,0.0,0.062484799448451527,0.47338986611428346,0.023448479936880085,0.017296959873760145,0.36723631950014934,,0.21454590452081404,0.0,0.06896341610743308,0.775163416218543,0.23584214781863494,0.32396558048368573,3.3770008,0.3546288,3.8592525,0.005346267,0.1368,0.41044638,0.17780094644461455,0.765593641898781,0.10550512099691486,0.005457273999605174,0.2098623073535349,,0.1925685989368163,1.1253567925606813,4.0940623,2.1820607,9.206303,0.62678206,0.005155085,0.07,0.4758054,0.14854882624622343,,0.04827712530151388,0.19867993748053095,0.13165172602628358,1.3840422505556111
0.003913303,0.0063232915,0.09119999999999999,0.006164605,0.09,0.10090559906465983,0.9917583992796207,0.04934335461952251,0.11913583984931805,0.11444511964704566,,0.27453198014732816,0.0,0.1073505418519685,1.3430021674078738,0.3025754675800398,0.4862834179838133,9.699992,1.4069908,12.104207,-0.0021295447,0.0025110305,0.0296,0.0023821325,0.03,0.040041599978959994,0.42940266682029204,0.021080532762915483,0.017210399694168634,0.33292480029856747,,0.23021411757425608,0.0,0.043618163988090375,0.6431381640714373,0.2421746681362174,0.22759473147985784,2.8819838,0.21556196,3.4558275,0.0066603706,0.07919999999999999,0.34669715,0.089266817553405,0.9710524103310746,0.04471563890486086,0.11916467720565481,0.1020875638153217,,0.09520124806580589,1.3039833881011735,5.0510616,1.3229359,12.574614,0.7959627,0.0065059643,0.09,0.3253741,0.1183364782615478,,0.06098873010977464,0.24182224630891797,0.11011325599425391,1.4129129293910914
0.0041430425,0.032205723,0.0096,0.028089356,0.01,0.00794465521037987,0.0609529686369499,0.002354035594273364,0.0026486296468471865,0.010247587468198299,0.8367041615032004,,0.0,0.008834708949185187,0.10112719389397007,0.2159312519854494,0.0,14.075114,0.5464662,16.172258,-0.0034844603,0.014462842,0.0128,0.012075751,0.01,0.003961244310362326,0.021941236086613775,0.0012535358784729396,0.0023669197164484855,0.011582689709277748,0.0813454942390542,,0.0,0.009201650791216116,0.03192429193842187,0.21466777885585464,0.0,3.2262907,0.19183597,3.6511579,0.033437688,0.0112,0.3824833,0.009278825986731725,0.051473206257615436,0.003388674360182813,0.002342383007204659,0.011787599252077735,0.8118375222067975,0.010239624541579314,0.08941912910447303,7.131095,0.6775086,16.27706,2.289429,0.03057508,0.01,0.40601775,0.018716387278008284,0.9503695809971966,0.0036949963781344763,0.00577893944162683,0.01500638429008049,0.09873451063341174
0.0042680968,0.0075079906,0.032,0.007268777,0.049999999999999996,0.03253818190657517,0.2293600015728835,0.021792000053927407,0.04853599993708491,0.038766222610587646,,0.24775320152902078,0.0,0.034615288938988534,0.43666446204110176,0.256603202279081,0.044489002858624976,7.1034594,0.57832855,8.227881,-0.004294038,0.003684001,0.024,0.0034906543,0.02,0.02028959976104575,0.057259733280566376,0.009577920649233511,0.006918613766155696,0.02813418613752765,0.8934004262351131,0.2133041407890965,0.0,0.021551806041200414,0.0948626420167952,0.22551293084089855,0.0,2.172797,0.19815268,2.4728563,0.0082061235,0.032,0.4154733,0.03214170313518817,0.1982136787111897,0.021862960796304377,0.033544628693879475,0.03848317251982289,1.5223522185939558,0.03419336154508505,0.3961638160603699,3.6880631,0.6362201,8.502338,0.96422434,0.007887444,0.03,0.42714474,0.044860836516074795,,0.02380017152807156,0.04430873056886952,0.03694200344140754,0.5218212701526538
0.0039748824,0.0093999095,0.0152,0.0089072725,0.02,0.014611200134219144,0.15983359984900358,0.003900160120798409,0.04310016169115102,0.019592960259210666,1.1351507210280347,0.21903756048000766,0.0,0.01682803261860645,0.24668032359144795,0.22635365380960343,0.0,6.9591026,0.33059144,7.938221,-0.0024160948,0.0039750133,0.020800000000000003,0.0036155866,0.02,0.014276266752162564,0.04405760144274121,0.0030828795112709485,0.0009105063001030702,0.022594560397154965,0.13489728024596753,0.21185204827610557,0.0,0.015554674255168039,0.06763739438193452,0.22454840150534297,0.0,1.3828022,0.13595363,1.4853008,0.009956354,0.0248,0.37030393,0.023736724700176137,0.1342218178546076,0.013773715413364153,0.027068251498227322,0.029057775936927873,1.0918048956277437,0.02575285582295469,0.2183265125521665,3.4939156,0.5716605,7.7556705,1.1125109,0.009613114,0.02,0.38559422,0.0312647712554827,1.3102681791726078,0.013338443889449181,0.03922807545441471,0.025900426824141575,0.23209402030329615
0.004260518,0.0049694846,0.108,0.004780008,0.09999999999999999,0.13277119432505868,0.8679942394805717,0.0713571143879517,0.021438077107587286,0.15720938496404002,,0.2858863294963663,0.0,0.14800701470493247,1.241880695736197,0.3228555729266026,0.4498728746284911,7.3940673,1.4798716,8.789322,-0.003776959,0.0024852506,0.0232,0.0021803575,0.01,0.057080532863105965,0.2644883198740005,0.01920415991163195,0.00040103997693114753,0.4192083198145809,,0.21803711437838402,0.0,0.062140224573212346,0.6517800747324993,0.2348783422161737,0.2950220228818449,2.7710567,0.30618796,3.2044759,0.005330207,0.108,0.37000686,0.13574425981468743,0.863993011941071,0.07921100309711072,0.02127720557933111,0.15712164541191728,,0.14804010478140353,1.1631062582757248,3.9478738,1.6429663,9.259685,0.628127,0.0051168143,0.07,0.4019746,0.12587443776251062,,0.050012381729273796,0.16669541524878137,0.11335987356809554,1.3783905413816586
0.004821367,0.0047046915,0.1672,0.0044275834,0.21,0.1978912005033227,0.8093824018622868,0.08498912005033225,0.0067782401006645406,0.279069440775116,,0.3757661642496559,0.0,0.22084515467783442,1.1189935391814598,0.44132324718635274,0.3314744227228538,7.32633,2.0164132,8.435713,-0.0061814003,0.0029066473,0.020800000000000003,0.0026215846,0.07,0.10538079835587309,0.6207123194411778,0.010538079856176592,0.0003752320129606398,0.372828479378619,,0.2782035056843368,0.0,0.11225959112635928,0.8319063937591329,0.3214818658416027,0.3284229850086811,4.172449,0.59529096,4.6582947,0.0052864444,0.1672,0.47355238,0.21224937016116974,0.8085951172093275,0.10485724573457138,0.020599437739884003,0.2790908909194442,,0.2385152871412265,1.1366621750991284,4.211472,2.4644284,9.3867855,0.6175592,0.00504412,0.19999999999999998,0.5112439,0.31485306352099446,,0.14852968124673743,0.20492248602864738,0.27561003045966787,1.2337165757359407
0.004742261,0.012540476,0.0184,0.011919941,0.01,0.01589479946757997,0.16077226489385685,0.008871675107741657,0.040348669720153,0.02103224881214787,1.3167483730321792,0.2060065977846783,0.0,0.017654035216397915,0.2447024590880396,0.21585418479267587,0.0,9.236367,0.47689986,10.59728,-0.0061209174,0.006812254,0.0216,0.006656089,0.02,0.013728532372172595,0.07065706474434519,0.004798079145574411,0.0143942374511572,0.021813468590460208,0.66318271834325,0.21209665757943194,0.0,0.015453654083539414,0.10253006450052557,0.22378458100042345,0.0,3.3442798,0.23480904,3.7322128,0.013988568,0.017599999999999998,0.4684981,0.014426748769599226,0.14103669237745772,0.0053548919594804826,0.039169852834407014,0.019902472119737332,1.273302876907975,0.01621519384031294,0.22531444369493397,4.8756123,0.48064092,11.185284,1.3027253,0.013631743,0.02,0.51011616,0.029012657679748345,1.3995033527099356,0.011857288055221958,0.03599082273470894,0.0241739996105553,0.22531976327472386
0.00434294,0.005301541,0.0008,0.0025470322,0.0,0.001948681394556661,0.002739756497619651,0.0008305152062895103,0.0010625424371590996,0.003009848840379436,0.004589685935154386,,0.0,0.0022991865137748395,0.0031512189637408127,0.2058507504499171,0.0,1.2550418,0.011514334,1.3482404,-0.005182937,0.0012265121,0.0056,0.00046799757,0.02,0.001589599199916802,0.0011930662568877025,0.0007916801015932378,0.00039583986489310705,0.4011251149029059,0.0020834095281033966,,0.0,0.001800873634093705,0.0013673947888698577,0.21491883009509824,0.0,0.2817139,-0.031468544,0.3441798,0.006055148,0.0008,-0.5042381,0.0022884981681916086,0.00229111849554368,0.0010431403948055957,0.0006131047509929457,0.003366497054814772,0.003844751244323203,0.0026341252454055394,0.0027249401091545837,0.48136774,0.021572426,1.0181072,0.12167512,0.002582963,0.0,-0.16699114,0.012789831374442713,0.5262932371146287,0.0011658909033623386,0.0025421721893093816,0.007369833996556068,0.18752094457397925
0.0039118812,0.0041338955,0.0216,0.0039396826,0.01,0.09112640507095643,0.3479754682926765,0.042385279755889446,0.01999263987794472,0.09898344087247674,1.4231668817449536,0.22639838748037863,0.0,0.09362642784115552,0.6049057084266947,0.2505262498132293,0.14894564175960848,4.8900247,0.7921991,5.106264,-0.0019862694,0.0017480536,-0.0432,0.0014803426,-0.049999999999999996,0.022694399384830602,0.07448319815449181,0.0034427732225894487,0.0007522134458138533,0.34410325222602844,0.475101951335617,0.18078005180615858,0.0,0.025009240435083076,0.09506468304558142,0.18912079588500438,0.0,1.0160618,0.08587753,1.0748096,0.004228029,0.016,0.2701482,0.08502309465618332,0.3534726836678314,0.04349990409921506,0.03744936931037391,0.0933177165251523,1.428672410947567,0.08801189349488464,0.5414976883550945,2.4919152,0.78356594,5.201492,0.4993052,0.004068978,0.0,0.28352615,0.08530857628675434,,0.03670291781294707,0.07803912910898333,0.07569992038643583,0.7151684086808309
0.0042657284,0.00756957,0.0768,0.0073564094,0.09,0.07757866750553785,0.9229840006291534,0.02911360088081474,0.10714240073820472,0.08587413333962486,,0.2730131644642894,0.0,0.07984137233123892,1.3079620588900784,0.2957972112388742,0.4493193659753471,10.853665,1.2613282,13.693556,-0.004582571,0.0037246537,0.044,0.0034866885,0.04,0.04134719936278852,0.5024207995190862,0.02240415931048865,0.018936106542697482,0.27441247942650965,,0.23266323374760112,0.0,0.04259859443334244,0.6975971892423992,0.24514479611331239,0.26821292455709417,4.213474,0.3438658,5.1487274,0.0082053505,0.0768,0.39624625,0.0765742999492094,0.9172147126060656,0.0377409061637135,0.09670359641083189,0.0856330039671424,,0.07926176649017816,1.2359051952287436,5.8194537,1.4037529,14.550838,0.9861562,0.008033117,0.07,0.42784134,0.08611563934980901,,0.03876517158372472,0.1479960906628377,0.07669592225278102,1.3609964863493842
0.0045812065,0.0060106553,0.13040000000000002,0.005851969,0.13,0.13235119937163367,0.9879349330411269,0.06366047862844562,0.21097365301232612,0.14026980547418094,,0.3021604807169313,0.0,0.13426685138831074,1.3708671270287882,0.3359008716817088,0.4594171379862349,9.167682,1.6906884,11.505936,-0.0059201345,0.0034509934,0.0464,0.0032824343,0.06,0.04393759843703037,0.5911375998226627,0.017827519814246715,0.0014850127805490193,0.05363178603319561,,0.2509473402425046,0.0,0.04611224459253922,0.9736537404806478,0.26526829732102036,0.32671170801568183,4.443631,0.34004948,5.4822507,0.006781943,0.13040000000000002,0.48156035,0.1310233684019529,0.9370727802642344,0.08321026937389825,0.12315053436710376,0.13990168251142904,,0.1336649603116277,1.266369289972812,5.091598,1.9634836,12.5535145,0.8105086,0.0065965396,0.13,0.47971368,0.14673782903205712,,0.08302024333362668,0.25546728268400576,0.13783857988925033,1.3799867315773828
0.0040464094,0.006959931,0.1312,0.0067088753,0.13,0.13630880360818765,0.7477544012590895,0.06250058752287233,0.08630176335967912,0.15452633710116684,,0.30177745266416467,0.0,0.145041590990562,1.0806603974731683,0.3413123969905274,0.3243693159358163,9.792955,2.0261781,11.560767,-0.0035265998,0.002854593,0.0376,0.002688513,0.04,0.048965120113976676,0.4584256011421701,0.022880853422569635,0.005285118744810434,0.05978304097445239,1.4510915204872261,0.23749575073369164,0.0,0.05178491465834486,0.6500236005258369,0.25246516518171863,0.20572637757306755,3.3470082,0.2813406,3.9727826,0.007368916,0.1312,0.33473125,0.13743548344489823,0.7165639813818042,0.06679941912192025,0.07907788387025448,0.15414433501514527,,0.14549951235480008,0.9644656260227914,5.1744885,2.2077744,12.090456,0.87709814,0.007112299,0.13,0.3384271,0.1583535103329617,,0.07549447119190839,0.1447105936606575,0.14884881096191066,1.1706162477250837
0.0039876723,0.006189711,0.1352,0.0059433915,0.11,0.1460357329589878,0.8670828795968395,0.07889071931611298,0.06929071931611296,0.16295530652797366,,0.29151797939310037,0.0,0.15415449450379015,1.26055449450379,0.3233356125457752,0.43896596228233,9.200723,2.002198,11.085655,-0.0020279135,0.0024713692,0.0664,0.0022606708,0.04,0.08037599975202861,0.2591839995892193,0.052530133579134324,0.0007975999376314413,0.315378399584648,1.3951567992530802,0.23964102097856624,0.0,0.08352239101156851,0.5686417934079795,0.2541059030004991,0.2171020490375327,2.7426744,0.43857005,3.0833862,0.006497349,0.1352,0.30895543,0.14617274862237487,0.8447458018125057,0.09055808781505648,0.06926448944295768,0.16276520757924717,,0.1541389695182596,1.1774255976496026,4.7995157,2.1441975,11.429575,0.7672275,0.0062583294,0.09,0.3257648,0.1239802327720151,,0.0549919170872775,0.2129939644073523,0.11289287123723199,1.3653840012001301
0.004078147,0.0321522,0.0096,0.028106887,0.01,0.008161342163785503,0.053001607499567456,0.0027325210716820495,0.0024836669269068315,0.010499365961717695,0.9015219212197154,0.2101171666628646,0.0,0.009022465244923478,0.09187944481509892,0.21600233090277673,0.0,13.696399,0.54823685,15.968573,-0.0037685314,0.014746912,0.0128,0.012528381,0.01,0.004418437915522236,0.02192865885947317,0.0017598936979597057,0.0022398402463182352,0.011772373451441172,0.08146739250630636,,0.0,0.009651798892228544,0.031593286040048164,0.2147975971012394,0.0,3.6411188,0.23536476,4.1893067,0.034015063,0.010400000000000001,0.36312947,0.008686962393276645,0.050721242420244825,0.0028684900673691576,0.0028221912174963555,0.011199407908729381,0.8847773608022206,0.00962539032962245,0.08179859840276779,7.048292,0.62727344,16.387653,2.2691517,0.030772671,0.01,0.41930616,0.018779405274999945,1.02860046928149,0.004055564911074824,0.005457241246042322,0.015180183679507806,0.09083628870536045
0.004435783,0.0042021065,0.1904,0.004026841,0.12,0.2594968012496547,0.6855174413629957,0.1561462398909467,0.006255488096436481,0.33109696669419214,,0.3058693512257334,0.0,0.2850126102077157,1.0991776543831915,0.37069193328626654,0.4079233077326202,6.8715887,2.2272937,7.267002,-0.0049816584,0.0024505472,-0.010400000000000001,0.002185315,-0.01,0.10375439963893845,0.4655635196599937,0.03398176056086668,0.0018545061980417747,0.2097572259257914,,0.2262785838585368,0.0,0.11699931452752098,0.6583990857865047,0.25802799163804735,0.33375913578938643,3.4809866,0.53662765,3.6840007,0.0046920488,0.0848,0.48866397,0.16545417421627712,0.7910356581941052,0.06095970900982511,0.002163438314588241,0.2251271775128231,,0.19145643019711278,1.1687585783798267,3.850741,1.7714028,8.460227,0.54214615,0.004503638,0.12,0.4643101,0.2653356229051878,,0.11029493213601924,0.18941533453255752,0.23123169161374213,1.2803796750997436
0.004371835,0.004858168,0.11120000000000001,0.004720797,0.12,0.14881919854036987,0.8132096000754983,0.06192127759747919,0.08648191451378238,0.19913727963005926,,0.3003192341284695,0.0,0.1705728455922767,1.179945690504891,0.35345970545287997,0.3966285626979083,7.5796366,1.6529393,8.730467,-0.0049157217,0.0027564312,0.0024,0.0024862415,0.04,0.07043199932872395,0.4604959980763414,0.02487168036645653,0.0004447998617371707,0.39200426500884805,,0.2564216895829797,0.0,0.08001867448473762,0.7581644573153745,0.2829068156933652,0.2833472646096509,3.6005874,0.39137325,4.0879207,0.005467597,0.0864,0.47664776,0.13486492607505265,0.7959969374343356,0.057602363445881107,0.06947702545449477,0.17417815879634524,,0.149636695598185,1.1350693941753711,4.193378,1.6284379,9.616857,0.63532877,0.0052077067,0.12,0.43587217,0.21399693577629156,,0.09349633139103083,0.18663577260521194,0.189917285936919,1.2549856325450817
0.004125516,0.0038018385,0.09999999999999999,0.003617099,0.08,0.20888320206361505,0.8006566401872356,0.10117887903362166,0.0014455455532078867,0.2739148809034625,,0.28795333778983656,0.0,0.2370348805599833,1.1159174398867715,0.35039503037761793,0.40523638838516934,6.392095,1.7477864,6.6844807,-0.0030541397,0.0017624313,-0.0936,0.0015963514,-0.08,0.06227520043402482,0.40936266709498087,0.014091733601175747,0.00037920020438859383,0.3041192010245731,1.3870922681748674,0.1790526382137786,0.0,0.07459550264689614,0.6655820101865243,0.20830243195631015,0.3313904971624722,2.5417686,0.23886791,2.6596358,0.0040698852,0.0872,0.3649574,0.21053666681787417,0.7799538707980123,0.10267244659381586,0.03975852665154298,0.2664063043000911,,0.23243215311779397,1.0494095286625456,3.4391432,1.866003,7.0954742,0.476745,0.003883265,0.08,0.37239617,0.262199252824956,,0.10388335169800456,0.2098336768213583,0.22634806433252022,1.2845015847615873
0.004644207,0.0054147528,0.13199999999999998,0.005225277,0.13,0.14811584007902148,0.9463558398273608,0.057828960402658135,0.13942896040265818,0.19526064029931883,,0.30112562720170544,0.0,0.1641612322657074,1.2295741550890138,0.3512419033895392,0.44836455918424023,8.3092375,1.7975096,9.994745,-0.005882457,0.003103465,0.0768,0.0028927668,0.06,0.12160640066606603,0.5989440004608768,0.062406399458972,0.006935466486324015,0.137628800625189,,0.26092028739391354,0.0,0.12602505565724223,0.8542626395894235,0.28917724974263137,0.3271864270194809,4.239254,0.7960636,4.782237,0.006092933,0.13199999999999998,0.47630745,0.152456556669656,0.8910494347172058,0.07700047365057981,0.056773920661304246,0.19309515099652694,,0.16851759348148404,1.1927383136794831,4.6640353,2.1370602,10.971903,0.720567,0.0058813593,0.13,0.47684556,0.19616695283447078,,0.08286033210250707,0.20841727695094073,0.1737714946240843,1.3574457628110495
0.0040421467,0.0051286444,0.0008,0.0027104556,0.0,0.002163323000214905,0.0028380235552744933,0.0009120672199341699,0.001172927907841828,0.003331306676942813,0.3199878395293939,,0.0,0.0025250584243432057,0.0033765532342868118,0.20596859551222205,0.0,1.4682028,0.017549248,1.5976386,-0.0034274478,0.0010202768,0.0048,0.00039313894,0.02,0.0012232002584913971,0.0020836573733769483,0.00032928010339655883,0.0004390402753234586,0.4011270418611379,0.002909013987844389,0.2105477781950206,0.0,0.0014407236148507765,0.0023322554615727363,0.21523635569260896,0.0,0.24862501,-0.03150939,0.32472435,0.005766393,0.0008,-0.47475985,0.0025360482701339607,0.002277809088467685,0.0012122491567198267,0.000796853633973932,0.0037524315048032804,0.003950294380545029,0.0029030993712283364,0.0027730165291312957,0.5960853,0.026216106,1.2763568,0.1355309,0.0027369976,0.0,-0.13937987,0.013404070344587495,0.63756309196297,0.001188054216441259,0.0027850208165962277,0.0075099315909746165,0.21370270199177174
0.0050781067,0.014632292,0.0184,0.014094654,0.01,0.01576581837160379,0.12631200066060846,0.010689969534548892,0.004989867091693625,0.01993935279348211,1.292732344283393,0.20146404501865284,0.0,0.017288385698362527,0.20408385522806244,0.21568620391515794,0.0,9.778271,0.53023034,11.338844,-0.007125826,0.0075073116,0.020800000000000003,0.0071553206,0.02,0.012765760419116623,0.0540576031620197,0.00687021725945433,0.011763840506563738,0.020205921036070457,0.9636118420721411,0.21152322711864954,0.0,0.014357761875579172,0.08602069796564407,0.22414916384866082,0.0,3.8138914,0.23770875,4.425289,0.016172295,0.0184,0.4399447,0.01532881329248944,0.11036759557046746,0.009649678653137518,0.011165776216590685,0.01971592442819897,1.2903901459762221,0.016867907458751188,0.1791611490192049,5.235717,0.56260777,12.159624,1.4706367,0.015557122,0.01,0.4370752,0.018665334243539108,1.4547568078040316,0.0026322236628297446,0.01902904872771917,0.014202163426821813,0.20778750184177688
0.0039933566,0.0106248725,0.0152,0.010110918,0.01,0.01481173327293468,0.2575253341722045,0.004471041373062235,0.04397759602378182,0.01938152723799394,,0.2096004733345093,0.0,0.016274217287402144,0.597371085942408,0.2162852600622193,0.1605639725112399,10.191445,0.36595887,12.495712,-0.0024661664,0.004334936,0.0192,0.004057309,0.02,0.01379759942046071,0.05759359882977511,0.003998077547339927,0.004798077547339945,0.023537919761947523,0.9991942396508362,0.21264557916387986,0.0,0.015043619008298583,0.08859149204370619,0.22530831804711854,0.0,2.5715127,0.1612492,3.0383961,0.011318429,0.0152,0.35188922,0.014491233672525824,0.22952580323288768,0.004597390281363368,0.033507592445400226,0.019427976221511517,,0.016021111686237006,0.5575274658841582,5.2266374,0.38480136,12.789141,1.0449632,0.010833086,0.02,0.38388917,0.030612541172114337,,0.014100456679140195,0.04584914397032927,0.02597776908272529,0.6528959875881075
0.0042510442,0.0052750143,0.1624,0.005016853,0.16,0.19286217145065593,0.7934175997105906,0.09672704148480198,0.006363520742401004,0.2384477858154931,,0.3413898075851403,0.0,0.2073752474236898,1.1839314354816288,0.3872582837220034,0.3952993305317025,7.9862986,2.2738857,9.128721,-0.004755096,0.0029056566,0.0304,0.0027123096,0.03,0.08435520054704039,0.45512586680426154,0.03467551900270328,0.007383679220117249,0.37615989389834054,,0.24053381225639392,0.0,0.0941110963554192,0.8799422190356395,0.26614345117206406,0.31824544091629237,3.8443804,0.5557553,4.329235,0.0057739527,0.1624,0.41877422,0.19778107745578188,0.7929598605485186,0.12272491825827102,0.04287538346345947,0.23844586518323516,,0.21597975431495858,1.1511723965711222,4.429735,2.6348126,9.901914,0.6739181,0.005543349,0.09999999999999999,0.46669814,0.1807089781733108,,0.07361512702030751,0.2208590244270205,0.15830844323264934,1.3674504007275479
0.0040885685,0.0037203631,-0.004,0.003564045,-0.01,0.08992213324525206,0.3566442660682735,0.04582655750855256,0.031056639658999526,0.09233983926473083,1.3629678076555265,0.2207127904432743,0.0,0.09115478348507122,0.5538869594546681,0.24261152842194753,0.14810749981981317,4.456004,0.711315,4.5629396,-0.0030536437,0.0016999653,-0.068,0.0015661098,-0.049999999999999996,0.01768182874085269,0.08445760026249907,0.005097280186053694,0.000548640093026838,0.2945836806728793,0.3575170142251617,0.18775088717272245,0.0,0.018096038143212582,0.12149445343777134,0.19788716703025963,0.0,1.097244,0.053763457,1.1795403,0.0039386014,-0.032,0.3775889,0.05937006836172081,0.31839384412488275,0.026421387005844416,0.0015843951982329677,0.0641725044067272,1.2879738101545148,0.06248462448963419,0.5438398686200087,2.2733192,0.5059476,4.80092,0.45507577,0.0037403451,-0.01,0.30825233,0.09583572281805854,,0.05290621175925935,0.054369890742517565,0.08763136614135734,0.6286736441815494
0.004924631,0.0079764705,0.0824,0.00777752,0.06,0.08175497181736169,0.5349369606009654,0.061675392472517895,0.02938847946018851,0.08782408079886594,,0.25278056764008283,0.0,0.08363084613878423,0.8342872306650686,0.26579548732592667,0.25317774845295704,9.419924,1.5116812,11.012943,-0.0065358696,0.0047484003,0.0264,0.0045575323,0.02,0.02126239899158304,0.17052479734895803,0.008176638012223248,0.006185982807333934,0.03039231860535015,1.4631897581404667,0.2126944701423686,0.0,0.0229069258186566,0.48459141356091007,0.22482828745736122,0.11474253265102426,4.2249994,0.23396033,5.1404223,0.009016587,0.044,0.49896738,0.04267966592947423,0.48558197103607753,0.02723097813316299,0.05493844159889254,0.04918960298630036,,0.04460234315418047,0.8414747860804379,5.146581,0.8833415,12.471785,1.073457,0.008747578,0.04,0.50865215,0.05266461163866637,,0.029170840369778333,0.06630612998109894,0.04546376820546463,0.919766180194864
0.005012738,0.0053422786,0.1816,0.0051362235,0.18,0.18802986688197637,0.8282223997829425,0.11280448050709664,0.04628827470603964,0.23125376080699198,,0.34733920592759365,0.0,0.2112129772257671,1.1444851910038902,0.3982272212177232,0.35076123702669265,8.004181,2.2869632,9.317014,-0.006839772,0.0031931982,0.10400000000000001,0.0029428387,0.09999999999999999,0.13190560246769323,0.5663056024676932,0.08274444822997311,0.001464448368572841,0.14707504181229508,,0.2967028153979585,0.0,0.14095251041041376,0.8309715065610935,0.32294306033500786,0.2698116427075884,4.304696,0.9241905,4.818429,0.0060707196,0.1896,0.49491835,0.2050439814017565,0.7581593983281459,0.12616451818687263,0.031844861540218726,0.23795280071671754,,0.2233681345186785,1.0994141753738653,4.5441484,2.823904,10.269752,0.71349335,0.005861946,0.16,0.5045553,0.21364625232281562,,0.10385335934917861,0.17891096939333598,0.19651677830910805,1.2495085360567193
0.0041373586,0.01462566,0.016800000000000002,0.013836967,0.01,0.014582108761877953,0.127801597256902,0.008740159253827005,0.013080321182808377,0.01943587547249199,,0.20571980808953902,0.0,0.016285553248587666,0.22122776663615837,0.2158550193547334,0.0,10.581055,0.47848576,12.597792,-0.0030690122,0.0060532438,0.0216,0.0057409145,0.02,0.013496889003180194,0.04395733388104133,0.0031628808579514042,0.003907202284340244,0.0217824003065828,0.7247824001187256,0.21160456390367527,0.0,0.015032738320196038,0.06494910776040332,0.22408010947843104,0.0,2.732264,0.22348423,3.1231718,0.015602351,0.017599999999999998,0.35570526,0.014870367357182886,0.12006345294188717,0.008108820091436701,0.013278517572264635,0.02010648862765647,1.487182255051347,0.01681132335022371,0.19515035721327312,5.4351044,0.53423476,12.89178,1.4331816,0.014761166,0.01,0.3557374,0.01913129415526292,,0.0029720506875803208,0.03590553523819546,0.014790662864749109,0.2507626802203624
0.0049814745,0.023965884,0.0096,0.02298298,0.01,0.007067885274136142,0.11127519926389344,0.002235462320173065,0.011660011566708206,0.01073191999690339,1.322970240028102,,0.0,0.008372989791110967,0.18708165799580223,0.21568377257207413,0.0,14.689844,0.39063147,17.331024,-0.0069418983,0.012776757,0.0232,0.011814979,0.02,0.01495107379105075,0.04162346664529267,0.011452099053987605,0.0022420122847960065,0.021917622780736383,0.811023359752329,0.21089066138204818,0.0,0.018043744624976123,0.06946561693746418,0.2244705831933595,0.0,5.7212076,0.49773324,6.401516,0.026363324,0.0184,0.46607348,0.01531475385355161,0.09169858928776235,0.009918565189541732,0.004626288958350932,0.01929146600676372,1.239977689861252,0.016704513498753383,0.16185806884391027,7.8470154,0.9574554,18.033815,2.3263376,0.025796857,0.01,0.47142598,0.018539020489004798,1.3469310045475194,0.002594289244445207,0.011674008129090724,0.01409342429870847,0.17334707182035997
0.0042908345,0.032650046,0.0096,0.028301572,0.01,0.008163974495999673,0.05247080177735834,0.0026704432588416692,0.0024351269797098646,0.010494707821133216,0.8769097571669279,0.2101458208825887,0.0,0.009027097846599507,0.09208982200003171,0.21601649036453638,0.0,13.726358,0.5601138,15.882123,-0.004625206,0.015851468,0.0128,0.0134148,0.01,0.004519876522979121,0.0218316791641713,0.0016526392804319585,0.002033096261213729,0.011741439609886993,0.0919100331379977,,0.0,0.009620485225914308,0.032169137146044594,0.21477076677762458,0.0,3.9778624,0.21455318,4.5870285,0.034602392,0.010400000000000001,0.38131246,0.008658393116806655,0.051059489206885,0.0027992298632594156,0.00283497254713275,0.011172635000555374,0.8398484890413078,0.009623909486075445,0.0878856679752726,7.110404,0.62856,16.42282,2.308306,0.031319894,0.01,0.44262794,0.018773952682848434,0.9729313392917168,0.003998961181532366,0.005444538992762521,0.015157650500302397,0.09277830590791658
0.004870157,0.009688861,0.064,0.009551491,0.06,0.06151389075767833,0.5630421330369325,0.03215579348512392,0.07974527781054619,0.06808458662409403,,0.24965653002157848,0.0,0.06412756886851739,0.9459481187710108,0.2652942607702103,0.27201424589028406,11.939718,1.3738419,14.326168,-0.006666255,0.0054984875,0.0408,0.0052977037,0.04,0.03364159991927513,0.270230399547139,0.018974558461076048,0.029549116922152088,0.041736831945945234,,0.2318669925612712,0.0,0.035611572190899,0.5136694345178144,0.24379090819971058,0.10291905601727984,5.2486234,0.41434926,6.2246532,0.011020112,0.056,0.49662018,0.052694136962805664,0.5228627899440756,0.03190763825741924,0.06225131191505665,0.059775553462559715,,0.05520906188852277,0.8790428863655133,6.4990587,1.3370007,15.594578,1.3171722,0.010836857,0.06,0.49200112,0.06952641462549373,,0.04058809695953969,0.06998054009453747,0.06405354068428942,0.9410196339910365
0.0049696323,0.00793147,0.08399999999999999,0.007699361,0.08,0.08296868508359294,0.7199807982383706,0.05227373611793,0.038238719043686836,0.08909220557777248,,0.27004078383357705,0.0,0.08477100560363006,1.0527565078431473,0.2855065225447706,0.35452216503393513,10.356408,1.4994692,12.5235405,-0.007119381,0.0048361504,0.0264,0.004521342,0.03,0.020963199523894673,0.39640799896302786,0.0067607986173729845,0.004760798617373009,0.02978879831680192,,0.22282657882546084,0.0,0.022323507323292826,0.7166215170557506,0.23462741293565087,0.22691377685604375,5.014872,0.23505028,6.2108965,0.008927185,0.0552,0.53172886,0.05343199669480955,0.6879491090381692,0.03530847230967756,0.06394893060587843,0.059938454554631336,,0.055571632785609296,1.08128808188598,5.7345896,1.1031864,14.101011,1.0731338,0.0087814685,0.049999999999999996,0.5290473,0.0608904406168088,,0.0334764927868575,0.09123456032149135,0.054879218664624294,1.1583936843212885
0.0047204713,0.005101644,0.12480000000000001,0.004935852,0.14,0.1357546654223443,0.8997546661493634,0.06283093379471247,0.003923200346034366,0.16905439975227143,,0.316772286536878,0.0,0.15018540189255686,1.258185401892557,0.3575325069098073,0.42666872099750974,7.714282,1.5705104,9.369947,-0.0061615705,0.0029487878,0.0544,0.0027851865,0.03,0.08111680026450303,0.5695722665564572,0.036468906622582925,0.00790335993387436,0.11793024152810626,,0.23036763244736475,0.0,0.08741576543799284,0.8453543536471035,0.2512169764927584,0.34557746429387176,3.8559074,0.52714396,4.516013,0.0057497495,0.108,0.5012491,0.12581015084760597,0.8863012547164555,0.061766290791209204,0.07755042079985919,0.15209956596726704,,0.1372365982376696,1.1903472518966725,4.30907,1.6221483,10.371391,0.6817649,0.005586189,0.09999999999999999,0.4945351,0.14922697918237604,,0.06288432108027009,0.18936321004589127,0.13359837322693935,1.3499951511857233
0.004977211,0.005614651,0.0016,0.0029406697,0.0,0.002411365526039026,0.002633163891248209,0.0010241198771383097,0.00095477324739579,0.0034989314071631724,0.3161366423656168,,0.0,0.0027569711082512187,0.0030887347736691995,0.20560786076865933,0.0,1.3784397,0.030445218,1.456717,-0.006617671,0.0011739628,0.0056,0.0006335832,0.06,0.0009962666519720642,0.002447200224677097,0.00018943997475203103,0.000757759543131951,0.4042798945997395,0.003219841899609258,0.23883808846501775,0.0,0.0013299857842359415,0.0026974894955106295,0.25466045985331753,0.0,0.45349836,-0.019764815,0.5271189,0.0063525364,0.0008,-0.578581,0.0020219550263698696,0.0027897090128951095,0.0007727748329271435,0.0012984347959588373,0.0030766213646496,0.004527974731360735,0.002366998506800383,0.0033012493138024636,0.4530473,0.019273099,0.9487683,0.13014835,0.0030014287,0.0,-0.20155396,0.009853327151966908,0.5298641765762507,0.0010948132787130759,0.0022778631883813133,0.006920544899642493,0.16622963241176333
0.0041042003,0.004711323,0.128,0.004491057,0.15,0.1870272005536528,0.8223568000534779,0.10905514665827795,0.031033087261728563,0.24256298616390448,,0.34209762405761623,0.0,0.20485931379258315,1.1430124179887522,0.3926314248038286,0.38272488329436766,7.503845,1.9928404,8.313974,-0.0031889866,0.0022690992,0.0048,0.0020831889,0.0,0.10403520013225143,0.481846401124138,0.05530585622622198,0.0022646401124137958,0.1215635235263066,1.3391878406897109,0.22667222149384147,0.0,0.10658331656070809,0.6509721941391264,0.25488620781422217,0.2987386917317078,3.04447,0.46988165,3.2683063,0.005102472,0.128,0.39410317,0.19219083277034832,0.7943197116472203,0.10951287326715246,0.030992743285172535,0.24234347735684286,,0.20836613682339397,1.1199912975888642,4.048813,2.2440777,8.791826,0.5956052,0.0048165955,0.11,0.38313875,0.22808552923226014,,0.10810586574800587,0.23541749469641707,0.19645309348389478,1.2921599288755075
0.004748893,0.0156128295,0.0192,0.01475545,0.01,0.01614199971196613,0.17675733291389775,0.010669440557680673,0.011649068045204432,0.020772479909402092,,0.20489461979213672,0.0,0.017896779817882954,0.33427101841159623,0.21567760042463255,0.0,12.448461,0.6005394,14.650291,-0.006281049,0.008211788,0.0224,0.0077879126,0.02,0.013982254805386765,0.0713024045686805,0.0034502409269629424,0.013050240926962968,0.021726080354974964,0.9922086444244063,0.21197005799797447,0.0,0.015403617680841261,0.099810852277504,0.2237830356379782,0.0,4.327748,0.28156078,4.987234,0.017307041,0.0192,0.44616503,0.015551726162003524,0.1524655843883918,0.007677885250826058,0.013876818999822576,0.0205346674485932,1.4943184893175732,0.017383006349937342,0.2941678665711518,6.548662,0.63613284,15.391615,1.6222069,0.01648383,0.02,0.49207723,0.0286219187166202,,0.012125506238928736,0.03212738352609409,0.023906164938688475,0.3305887090218852
0.0040663052,0.013275643,0.0464,0.013031691,0.049999999999999996,0.04415301778498442,0.44913663931950876,0.03286732740044481,0.043768320619091805,0.05032536582016473,,0.2439394741869092,0.0,0.04637264829481255,0.7895452951242999,0.2556525181455382,0.1907101870671457,14.490657,1.3783077,17.319416,-0.0028776485,0.006109761,0.028,0.0057577705,0.03,0.02036735973453524,0.09430613353638605,0.009487353171024915,0.014171838292756235,0.02858624125759179,1.1717972481794772,0.2223854694952003,0.0,0.02229152504240333,0.21661920767380557,0.2338647680677966,0.0,4.329359,0.28973582,5.0281343,0.014296036,0.0464,0.38010967,0.04361095094223178,0.39184031886323956,0.03283025095934336,0.03728094585889418,0.05014495953368642,,0.04565471334973417,0.7175391135660386,7.53133,1.4850994,17.867706,1.7233541,0.014063383,0.04,0.39951277,0.049634972909881725,,0.030697317184216356,0.045200527154014736,0.044593176268732077,0.7789224184774234
0.004064884,0.0054611745,0.1088,0.005188803,0.09,0.13469759965186892,0.7274976003103815,0.0720446403026216,0.03777856050835194,0.16440070367523166,,0.27985230041424247,0.0,0.14861379861356805,1.0485206975542607,0.3141266061240508,0.3670354790213033,7.861955,1.6804615,9.025102,-0.002660505,0.002422289,0.02,0.00212979,0.01,0.055817601271416876,0.16472704052227272,0.007709014327221758,0.0003908801720020455,0.41534336155575885,1.3766905603449557,0.22023768373073357,0.0,0.06418888838110479,0.4383533330286628,0.23664369908049954,0.21479897732244024,2.582916,0.30346245,2.9019384,0.005695443,0.1088,0.28781158,0.1386803585461536,0.7277725816223743,0.07860402411318437,0.038229987789681966,0.16444826466925294,,0.14960046653136602,1.0268511533102027,4.135872,1.8164611,9.396371,0.67347896,0.00548652,0.09,0.330942,0.15064954706316364,,0.07086661984004096,0.12185954583683761,0.1361453904131326,1.1949902755655302
0.004787735,0.0050935913,0.148,0.0048780623,0.13,0.16346986660654766,0.7780023998199054,0.08809638413529292,0.0030939738114899146,0.20696864061845657,,0.3076884695802755,0.0,0.18055101476084562,1.1062340107803668,0.3507606408636352,0.365254293834991,7.4638186,1.9091479,8.581017,-0.0063226926,0.00323385,0.062400000000000004,0.0029859694,0.06,0.09842453364459179,0.4286184000398257,0.055229120346859235,0.001124906728918356,0.11899311973354347,,0.2615618379296153,0.0,0.10398926190359575,0.6991973154758989,0.2864190713678327,0.26458212780219853,3.9786072,0.69015,4.4837875,0.0058219205,0.1016,0.5261869,0.1259011891674249,0.7934128462341247,0.06815007335722192,0.06491674974648605,0.15903935114217438,,0.13791461823814244,1.057100560995227,4.2261953,1.6544719,9.841521,0.68459064,0.005575777,0.09999999999999999,0.514337,0.16412405609828457,,0.06792483379639343,0.1454574664949473,0.1422960070835889,1.256191025802002
0.004150622,0.005908338,0.0928,0.0056478083,0.09,0.10971893335115933,0.6885045331753461,0.043460907606202366,0.03758272295448111,0.13500889523283732,,0.2735089893907847,0.0,0.1210151036800917,1.0668151034983293,0.3085806420261416,0.3547066475640107,8.117629,1.416524,9.562739,-0.0034214987,0.0026255515,0.016800000000000002,0.0024445986,0.01,0.043782400925759524,0.2606694405391047,0.016989443342350478,0.0033894433423504624,0.3640174941052006,1.3638262412640536,0.2143152424753745,0.0,0.047156337392621164,0.5167563374131271,0.23067315574137487,0.20625974028422542,2.8628979,0.25256777,3.3146603,0.0062804827,0.0928,0.34597337,0.11016621015156956,0.6884832057832615,0.05011777262801061,0.035936166987967824,0.1349778968155751,,0.12259530353423088,1.0126868072348276,4.303735,1.5652579,10.01642,0.7426552,0.0060195806,0.09,0.3532899,0.13683068299626314,,0.060589616579029844,0.10271285255145193,0.12408153723461873,1.1554611576630773
0.004757419,0.004591006,0.1528,0.0044062664,0.14,0.1767071984837433,0.7663071984837433,0.0918028752084054,0.05166762542402206,0.2383419722858656,,0.3167260544659394,0.0,0.19960483855673478,1.085609677151522,0.36725087872605255,0.36555230532562794,6.9691668,1.8853145,7.8781786,-0.0061754514,0.0027767583,0.017599999999999998,0.0026404238,0.04,0.0809077328270374,0.47588079940712297,0.03369615933303153,0.0019948793643915492,0.10126543957153554,,0.2499333289847888,0.0,0.08892962174479202,0.7814648107506443,0.28032545562813077,0.3092430832662887,3.7763364,0.4619373,4.273089,0.0051597287,0.14959999999999998,0.4984993,0.18464350851245115,0.6990513189586638,0.10894708438615908,0.047189647353978834,0.23476854656454754,,0.20436433009166935,1.0679543784566403,3.9632616,2.240264,8.745848,0.61421555,0.005007973,0.13,0.49921528,0.21880827981547413,,0.09547762825452004,0.1679513089898231,0.19042251639574312,1.243344470452241
0.00431215,0.004917852,0.14,0.004718902,0.19999999999999998,0.17690560004404066,0.6575244803201127,0.10052223836169097,0.039722238361691004,0.34888575997627197,,0.38350825943910133,0.0,0.20008022523214658,1.048700281186396,0.43274814934228767,0.2647527891662155,7.4396605,1.9812653,8.230249,-0.004855735,0.0028203852,0.045599999999999995,0.0025650682,0.03,0.11430047991854518,0.331160959980042,0.05880819189689196,0.0010068266999966808,0.38735372767788373,1.1982960799557785,0.24575695576441778,0.0,0.12580508528719078,0.6213025424862516,0.2752332848750137,0.2481619699921818,3.5919137,0.7137404,3.7990174,0.005453484,0.07759999999999999,0.5171955,0.12598248907528165,0.6886736476672579,0.04960013183218653,0.0039719954027792265,0.17265276019797307,,0.1456671778164718,1.083119285544912,4.1213117,1.5460548,9.302122,0.63266605,0.0051737367,0.13,0.43565348,0.22795137797250897,,0.11068729784923392,0.15239765161058125,0.19826482699206188,1.2014675412108373
0.0040468834,0.005597598,0.0008,0.0029804592,0.0,0.0021505143528826923,0.002874442201709928,0.0008581440404544992,0.0011971446166950388,0.0032393600450129727,0.3384659224335557,,0.0,0.0025073757452132666,0.0034114734922819443,0.20596478126647624,0.0,1.6214421,0.012225092,1.7451936,-0.0021454091,0.0006677904,0.0048,0.00031579996,0.04,0.0010388001003157116,0.0024620801371807205,0.0002873600535016976,0.0016155200401262774,0.4025862404815153,0.003151744006468293,0.23029561405171098,0.0,0.2065082309541359,0.002689877076716069,0.2332689551768324,0.0,0.13435148,-0.047331266,0.20065954,0.006497067,0.0008,-0.53246623,0.002543175967905927,0.002263107250888694,0.0011718362022054406,0.0007918448018024921,0.0036892056873815363,0.004344750755864411,0.0029169265305435147,0.0027951447259162688,0.66438055,0.028080087,1.4075068,0.15510128,0.0030486132,0.0,-0.21184683,0.013639096280403962,0.5781654342034728,0.0011976895229719987,0.0028595288590073445,0.007570841705641697,0.19722955269132628
0.0041032527,0.028929684,0.0096,0.025670698,0.01,0.00796496429965705,0.060846720857660554,0.0023956429754545755,0.002867578004241062,0.010176058949895468,0.8063268267158803,,0.0,0.008818912716933074,0.09969173034278574,0.21588744469398866,0.0,12.098286,0.48614928,13.861835,-0.0036500446,0.01258341,0.0136,0.01057062,0.01,0.004705828435333161,0.02164693325139974,0.0019652797664558423,0.0017229652769915615,0.011947385453911602,0.07300010785505943,,0.0,0.009791764453992938,0.03133558761436623,0.21457927158133122,0.0,2.7761395,0.18820009,3.1391606,0.030199386,0.010400000000000001,0.31084988,0.008467588923455014,0.05902655624191186,0.0026985388347669868,0.0032396286146009487,0.010924339916745976,0.7887570732543978,0.009432108596266062,0.08959114811780912,6.183798,0.5481812,14.132853,2.039722,0.02776189,0.01,0.39061818,0.0186668653929852,0.9055552399679557,0.0035468590968075375,0.0060576204559873465,0.01491047698393416,0.09414274086831212
0.0043742037,0.00491501,0.1448,0.004737376,0.14,0.17544063928125683,0.8455206393446748,0.09786015819244585,0.09224063292333827,0.24178858529986946,,0.3163967104902678,0.0,0.19479228253115793,1.221176847654167,0.3697929247265414,0.42355236019299297,7.6560183,1.9797285,8.782335,-0.0050684167,0.002785186,0.0256,0.0026339786,0.08,0.09825919980362664,0.6044943996979257,0.033731839960725346,0.000599253105433514,0.12545322646334653,,0.2906337373394443,0.0,0.1105640096405551,0.9013640101703211,0.3251494038511001,0.3102304173387582,3.9590244,0.57961017,4.4158683,0.0054503274,0.1456,0.47143218,0.1888662649852839,0.8046364404375375,0.10184321865016545,0.09156847412637259,0.24426909937293173,,0.20593086120107681,1.2013357898915538,4.309466,2.378002,9.625479,0.64842784,0.005284435,0.14,0.4590424,0.2416123348939158,,0.10635375998819385,0.20374067619898711,0.20597377781724205,1.3086799595133363
0.004151569,0.0051376447,0.044,0.0050073797,0.04,0.04853839971216289,0.19215359933310003,0.039741435570760084,0.036735359019780936,0.050892942184193456,1.2565818510448143,0.2403294035045205,0.0,0.04985990381227498,0.3599756539190154,0.24753638200632946,0.013470357315992759,4.692494,0.58519876,5.1595526,-0.0031686602,0.002310743,0.024,0.0020975657,0.02,0.019491519961226274,0.05251519987977157,0.006327679190461914,0.0014915187856928158,0.3481118402763754,0.35752947208406377,0.2135702561503936,0.0,0.02089128182756426,0.08151410245340622,0.2252067378162411,0.0,1.1149671,0.11190031,1.1882159,0.0055135256,0.044,0.37138474,0.0475396454448397,0.15572814896868908,0.038736092432532766,0.018185627790390502,0.05083637292908952,1.2262548529542712,0.04961507530856857,0.34391840459580864,2.3886075,0.6223003,5.204381,0.65157455,0.005374325,0.03,0.3859688,0.047105596067898214,1.4581689822637298,0.025543633503366223,0.04502206372113677,0.038915186210708365,0.4169644774937602
0.004735155,0.0053830165,0.1168,0.005271699,0.14,0.12996480372457345,0.9141941340736357,0.05843647831386888,0.12461823951429453,0.16632832384034477,,0.3120153977485645,0.0,0.1433869395079221,1.2885869399268204,0.3575952467463162,0.4169870843532454,8.216041,1.5491503,10.017721,-0.0062513025,0.0034103405,0.028,0.0032665697,0.06,0.056503199203486607,0.6062021326784219,0.01933418622155373,0.00520255967297743,0.07720460679636822,,0.2597000244976397,0.0,0.06511474164930883,0.8494382471151483,0.28305100499565206,0.3100208609640574,4.5499706,0.43106207,5.3969784,0.0062748557,0.12,0.5396843,0.13698074269832122,0.8583852318255218,0.0713077214996797,0.08261557359069971,0.1693600035708467,,0.14833331310209652,1.193454786811761,4.6931868,1.9588172,11.130667,0.74527186,0.0060551977,0.14,0.5143611,0.19464025070916266,,0.0979378799505826,0.17353241054256838,0.1759285066420319,1.3112703993841957
0.0041624643,0.03106129,0.0096,0.026511496,0.01,0.008262258840510003,0.05190559997483394,0.002489248944394103,0.002381162947826823,0.010201141789422809,0.6958834131766745,0.2101887726204595,0.0,0.00899265569047402,0.0897600865992215,0.21600381190528123,0.0,12.032206,0.5386102,13.688818,-0.0032499651,0.012988944,0.0128,0.010497743,0.01,0.0037129410360652398,0.014759999173427962,0.0015039991513286623,0.0018509468075766115,0.011230117730053963,0.06192800053351417,,0.0,0.009340822140789032,0.023159397397196097,0.21452139875357687,0.0,2.311487,0.14937297,2.6348472,0.032108966,0.010400000000000001,0.30906412,0.0088779286073629,0.05021007103440178,0.002809246456062147,0.002461386118996697,0.010959321456708675,0.6950643875504493,0.009669877496100798,0.07995956506277092,6.082591,0.5973928,13.807113,2.1152198,0.02851424,0.01,0.37702703,0.01874849763589786,0.8348418729357725,0.004358453736571732,0.005620074511030538,0.01525359770183428,0.08857083624465469
0.0044206246,0.0049870117,0.16,0.0048093777,0.18,0.1993779210146962,0.8286224011812343,0.10486758304811755,0.0778844799565885,0.26144128913530734,,0.3587844477115688,0.0,0.22019178445232154,1.1110783566034692,0.4130270436669788,0.33967073871791653,7.800377,2.2390025,8.692928,-0.0051189847,0.0028977243,0.07440000000000001,0.0026795894,0.049999999999999996,0.15766080016591538,0.4549840001477809,0.07267039990982867,0.0006234665260661041,0.18401344028662478,,0.2651833236012856,0.0,0.16422318338246772,0.7716154561086206,0.300488596070086,0.265982351017473,3.9694357,0.9729463,4.10639,0.005537455,0.10400000000000001,0.47366273,0.15479533545168214,0.8542885349942837,0.06442083955805637,0.13034429875153686,0.20812359769323938,,0.17385231267200613,1.1210853617744192,4.376118,1.9574224,9.854214,0.6587612,0.0053481497,0.09999999999999999,0.48979026,0.20829871601808622,,0.07295226135962303,0.21897466650714842,0.17523154466684887,1.2550104483396793
0.0041297795,0.00545549,0.112,0.0051760133,0.09,0.14401813425049678,0.768613600303566,0.0661902944954465,0.08624272076850938,0.1929475832997785,,0.27565341704069696,0.0,0.1546482122415212,1.098848211848301,0.31795773621084666,0.37635731444645326,8.132314,1.772008,9.28646,-0.0035325491,0.0026746318,0.0288,0.002481285,0.02,0.0881546674648504,0.34463200164562824,0.043326401562969664,0.004263200277277087,0.32976880118049406,1.4103750407894207,0.2345847466396662,0.0,0.09767528724611516,0.6452564654169073,0.2584119383632271,0.21625460403457744,3.3365974,0.51310307,3.6158347,0.005874509,0.112,0.37998077,0.14839156797517353,0.6998315372116845,0.0809796605124966,0.07745564749552908,0.19110134661253975,,0.16527025127266684,1.068692482310405,4.3949013,2.0183332,9.843973,0.6944729,0.005635343,0.09,0.40654808,0.1753183413184341,,0.06761098051253882,0.18295992455418375,0.14896288766071875,1.2153367302390687
0.004315466,0.005506649,0.1152,0.0053266473,0.13,0.13419999882033973,0.8230666657928437,0.05928000041943342,0.11581333417220453,0.1773599952813681,,0.3082845346257376,0.0,0.15295744219868493,1.1630059533299177,0.35297874483692643,0.3690162756258577,8.312434,1.6945084,9.807638,-0.004662884,0.0030613248,0.033600000000000005,0.002917554,0.03,0.0777866658985396,0.4853599984971445,0.03145066726780883,0.001576000901713255,0.13286133307116837,,0.2363611109661596,0.0,0.0852453505253442,0.7452907006749742,0.2598712843689866,0.2543786421697721,3.8575168,0.518913,4.3463373,0.006128345,0.13440000000000002,0.45433292,0.16131668695839002,0.7777598656318777,0.08915614957212756,0.03439574356072598,0.197178474235277,,0.1766756202129058,1.0959360041321977,4.581046,2.2836258,10.407797,0.7262601,0.005897942,0.09999999999999999,0.46032494,0.16707970335738884,,0.07069376313686021,0.1847891762225817,0.14815589616341476,1.2571816119759385
0.004078621,0.005329015,0.1296,0.0050519067,0.12,0.15739999960677992,0.8319999992135597,0.08359999779796308,0.06519999779796312,0.20175999937084757,,0.3063571265207203,0.0,0.17355633875275753,1.1189042261656248,0.34816873228558426,0.39239616643177605,8.078314,1.9275639,9.30979,-0.0023848615,0.0023945263,0.012,0.0021565608,0.01,0.06421119977757717,0.3022639997219715,0.032345599086262194,0.000618239839374691,0.25772415932239173,1.4031551993222118,0.22504587679326057,0.0,0.07248502732713201,0.5503080218617056,0.24478576711346473,0.24831035827027212,2.9040446,0.33583838,3.254052,0.005659351,0.1024,0.40091345,0.14080797776010587,0.7967782307598503,0.07531108508624876,0.002350723661763769,0.17451611255922833,,0.15323390640733356,1.1460197958840035,4.285537,1.7775742,9.874115,0.6602188,0.005389067,0.09,0.37287647,0.166686294690386,,0.0703348003614579,0.202658829356783,0.14583645977914594,1.315970223103714
0.0043344134,0.009691702,0.016,0.009187222,0.01,0.01541028662334511,0.17089066915531134,0.009824534401493203,0.05109888161868331,0.020220800248515025,1.2078070860938313,0.20908333729724587,0.0,0.017237239858605244,0.27157239946466194,0.21626541889864023,0.0,7.407568,0.3307732,8.493622,-0.004664867,0.004674532,0.02,0.004401863,0.02,0.013428800006011442,0.06108639969642263,0.002834560264502579,0.004508640066125638,0.02023701271669352,0.46078220726713526,0.21216630564289513,0.0,0.0148291385485079,0.08534569263306196,0.22449184690280574,0.0,2.0196066,0.16010399,2.2274547,0.010554204,0.016800000000000002,0.40708503,0.015099381209525108,0.15570053142094625,0.005312683927869694,0.039852045643530454,0.020772811120243477,1.1391708468488373,0.017387751518049843,0.2346659860208924,3.8009226,0.37106887,8.679065,0.9985373,0.010080651,0.02,0.45188773,0.02998658489811355,1.3784541835273103,0.01340552088358173,0.043628013770028735,0.025654265603029743,0.2553587683009059
0.0040762527,0.0045024254,0.061599999999999995,0.004305844,0.06,0.0936053331166252,0.3736079996696951,0.045120799811253984,0.008736639948661164,0.1004871989162854,,0.2594917955643511,0.0,0.09548438532857949,0.6044906315215477,0.28249938512531864,0.12324693380234446,5.191881,0.9085945,5.6010313,-0.0025519333,0.0018179563,-0.0072,0.00164444,-0.01,0.020733600231252057,0.08426720043131991,0.0051734400862639635,0.001173440086263982,0.39072032000831586,0.3950804802003308,0.20136298257897947,0.0,0.023108777848968885,0.12043511206162039,0.21132726229918958,0.0,1.1552477,0.06975762,1.2829062,0.0046921778,0.020800000000000003,0.32721645,0.05238384682394353,0.36628104702291886,0.014201418623858764,0.003736871304232276,0.05948712536052412,,0.05433649172928881,0.5623618358597086,2.6438549,0.51492137,5.9724674,0.5294109,0.0044501037,0.06,0.25531876,0.10661633730223684,,0.06207484308464231,0.0460412135986773,0.0983611239987264,0.7008736097480729
0.003959724,0.010717716,0.016800000000000002,0.010291394,0.02,0.015743085788243162,0.14470080157917192,0.005936128447755163,0.04164032212400516,0.020917366588042843,1.0991876272066188,0.21759705758606482,0.0,0.01769459228113924,0.22056755498868355,0.2261508044868147,0.0,7.613506,0.39428768,8.678598,-0.0024597216,0.004390461,0.0216,0.00418472,0.02,0.014989866615235586,0.04936959980763414,0.0048169601902616705,0.010433920348662456,0.02327632001978136,0.15470528013225127,0.21187970722451413,0.0,0.0159784478316561,0.06287586104690182,0.22436259285642912,0.0,1.642209,0.16218528,1.7930443,0.011424739,0.016800000000000002,0.35365054,0.01534012968971433,0.1357995530078081,0.005876715432982655,0.03919980327408136,0.02078867081553726,1.0991623951751528,0.01725660679456155,0.20181272440336473,3.8555398,0.40897226,8.778035,1.0853896,0.011109667,0.02,0.386203,0.02994504629325462,1.2774588324208092,0.012774590215432086,0.03650027495560144,0.02546860867087837,0.2048238561535721
0.004695365,0.0045346376,0.16799999999999998,0.0044020037,0.16,0.20903359836420118,0.7293167997389018,0.11853167840100978,0.044663355248670926,0.2735702426757841,,0.3403784187527588,0.0,0.2273094189206752,1.0229641290598888,0.3942441431186613,0.31136160568626703,6.9277205,2.1418154,7.5001755,-0.0062364303,0.0028997073,-0.0072,0.0027113177,0.01,0.07557226623651496,0.5055309716292795,0.019471678899306608,0.0006238931869885194,0.3161483736025784,,0.23072713842076328,0.0,0.08391563712657048,0.7719156371265705,0.2605968865627116,0.30401226898559375,3.97365,0.4554935,4.4017396,0.005103703,0.12639999999999998,0.47673175,0.1812047524258971,0.7707208737982616,0.10731718653939287,0.08670135861415151,0.2318085431287433,,0.19948029938398787,1.0604120806188333,3.9893475,2.1492553,8.659803,0.611895,0.0049693994,0.09999999999999999,0.5163693,0.21074364468157017,,0.08098018932222643,0.1767690229830358,0.17905729541969323,1.2052405841889002
0.003959724,0.0063952925,0.0864,0.0061466056,0.12,0.10320053373074779,0.8762677337793326,0.03772812890074492,0.08156812789410106,0.12669429420596737,,0.3021660591357408,0.0,0.1118064222974855,1.2285096330656344,0.33751197473573713,0.40671698499929637,9.377647,1.4154454,11.395923,-0.0023337982,0.0025913436,0.044,0.0023682509,0.04,0.06678160014803139,0.28318159977231716,0.03543631965043519,0.003515093064555316,0.1817691730402428,1.387926879928314,0.24176848089179045,0.0,0.07337310110792995,0.6185731012144914,0.2589906299561995,0.2129279795384547,2.8423226,0.3718942,3.2446327,0.0067108376,0.0864,0.30787477,0.10348851544775811,0.8223744711703488,0.04266670813533492,0.08141846278576577,0.12670129551642723,,0.11231632510620802,1.1694573723507329,4.899014,1.5324221,11.796106,0.79286736,0.0064578317,0.08,0.3280519,0.12616030704130943,,0.046038546296334394,0.1837839559304527,0.11216574508932191,1.2969410603101532
0.004450941,0.017391063,0.0096,0.016753951,0.01,0.00748867418613795,0.13981696194886248,0.001927609114327561,0.012754268947816201,0.010602505104742295,1.359134081022058,0.20061156407732125,0.0,0.008646336987460517,0.21978582479547965,0.21568096690807867,0.0,11.772269,0.2747576,13.922467,-0.0050892388,0.00782559,0.0224,0.0073149563,0.02,0.012747077015916148,0.052911999218512244,0.009125600541027961,0.00416746738803727,0.02031013324391333,0.7447303995438829,0.2114864180776545,0.0,0.014096304338053233,0.07325186936559597,0.22344079811862358,0.0,3.5546074,0.24829693,4.0540867,0.018660842,0.02,0.39645445,0.017196865005675365,0.11738705523831577,0.011367330516885387,0.0035042599004031093,0.020881996430470826,1.3054530520730667,0.01866771906724548,0.19728814468539504,6.1158876,0.73446524,14.082462,1.7545524,0.017964192,0.01,0.36916113,0.018556791715606095,1.4381755497112163,0.0027354424428931165,0.01910238275232723,0.01426774461393137,0.22470002593452293
0.0045622587,0.0063848705,0.12560000000000002,0.0062356587,0.11,0.1267664001950368,0.9781221333763255,0.07415664110730996,0.09740531288584797,0.14080975972285847,,0.2890186490818984,0.0,0.13410605180557264,1.3878660521830641,0.3174520854149012,,9.703426,1.8034079,12.196221,-0.0056777066,0.0036423565,0.0408,0.003391997,0.06,0.040955197165609344,0.5718157706018163,0.019375519551697834,0.002351040184550992,0.0527796774681371,,0.25286176587694187,0.0,0.0453742694099958,0.9078645618325799,0.26667491982637165,0.31620468267414154,4.46284,0.3132105,5.532569,0.0070974617,0.0992,0.48876387,0.10098300927443193,0.9855891057508394,0.06062786695464365,0.12394242474175553,0.11354431378377317,,0.10719743158318215,1.3486266983536948,5.331374,1.6067073,13.388363,0.8575565,0.0069635,0.11,0.461293,0.12969809888986503,,0.07479126885936019,0.22614926219685114,0.12161136636908708,1.438398278805299
0.004648944,0.0075416225,0.06,0.007328462,0.06,0.05942453324804833,0.6511157324637059,0.03834735899618772,0.061263146073306664,0.06486312000487592,,0.25191933353385376,0.0,0.060972792162410305,1.0158299351479516,0.26574904414170897,0.31930249525316956,9.578964,1.0017147,11.70382,-0.005528483,0.0042367745,0.0264,0.0040607797,0.02,0.0219719110959712,0.18778240028854862,0.009567360804930104,0.006053888749457092,0.031489279884580584,1.4599249913473034,0.2132134755657053,0.0,0.024253350687830515,0.5241734537128481,0.22517613194623942,0.11840707511269521,3.9787307,0.21228679,4.7935143,0.0084216595,0.0512,0.47679076,0.05015578687721659,0.6014212754361601,0.037301790900043395,0.05340948832220935,0.05616455501790715,,0.0517910296023073,0.940727352187008,5.168302,0.9577864,12.599342,1.0039454,0.008208778,0.049999999999999996,0.47625148,0.06104786311707194,,0.03909755091205099,0.06894397760200484,0.05550271569640572,1.0439377595046395
0.0040369364,0.00584439,0.1368,0.0057093883,0.13,0.1499763196657945,0.8290815985152038,0.08876544102342288,0.05196544102342285,0.1651667186831832,,0.31255160443611807,0.0,0.15753060833428414,1.208314260394306,0.34392693845417294,0.3779966846483062,8.5417,1.9616278,10.120035,-0.002191019,0.0023865942,0.0472,0.0021560653,0.03,0.06246826679223873,0.1706048001202284,0.03169365357592824,0.0005134934794778574,0.44257621332050895,1.1395321598343855,0.23018513002818902,0.0,0.06366884551924226,0.5534688454414802,0.24409091440795583,0.2038859755948066,2.5168552,0.3093232,2.8974762,0.006125978,0.0864,0.33512804,0.09986577405590133,0.8199620457742939,0.057278205761258874,0.08554749235535934,0.11452558002388583,,0.10707065616921323,1.1758493656901488,4.4471393,1.3477726,10.804949,0.73017836,0.005964217,0.13,0.29337376,0.16470896734813698,,0.10165350824555411,0.11224190184223681,0.1540426925821992,1.249866726231929
0.0040397784,0.0044796886,0.108,0.0042617912,0.12,0.17133247988876593,0.7335541337290004,0.08201749319072524,0.008608746846045054,0.22807231901097474,,0.31717862981849837,0.0,0.18916474257553226,1.043182371108486,0.3651236584014539,0.3590627946948246,6.9111404,1.7342596,7.5403194,-0.0029728345,0.0021768874,-0.004,0.0019463585,-0.02,0.09513024010387744,0.2799302403782391,0.044205120421100495,0.0003512800113465691,0.3681640534065392,1.4238460804084765,0.2135282062768389,0.0,0.1064547018058654,0.5544820526831079,0.23930587745720197,0.3002006278883651,2.753706,0.43799716,2.9036732,0.004763326,0.108,0.34683323,0.1769566533914516,0.7389340815781296,0.10305895437516724,0.008690093532970684,0.22836710198351484,,0.19556902649011726,1.0431262355269804,3.7178261,1.952145,7.969227,0.55884534,0.0045478097,0.09999999999999999,0.37687987,0.22330252022706837,,0.10428484663502423,0.1729198126148865,0.19385132423253137,1.1984888455919724
0.0039810403,0.004834483,0.12079999999999999,0.0046568494,0.11,0.1631530683639805,0.7714197346811179,0.08617728091101172,0.04223296057378677,0.2265288540116996,,0.296206825057084,0.0,0.18344455373206875,1.0924891086866269,0.34568046442393435,0.36757384678000254,7.458372,1.8302418,8.340029,-0.0023263616,0.0022740562,-0.0064,0.0020782305,0.0,0.07395946621046627,0.41213919972948604,0.018933919972948618,0.0020271362993209336,0.32400703917883933,1.4476105585787489,0.2212179753865053,0.0,0.08415703531947816,0.6680785176597391,0.24903879237948814,0.22974874367913292,2.8481474,0.35795823,3.0993743,0.0051511703,0.12079999999999999,0.3524748,0.17135712036890186,0.7713752957254989,0.0866469233967684,0.0421609564375605,0.22665174215074793,,0.18925668767387083,1.0351777349396636,3.9915411,2.0503094,8.761202,0.6111626,0.0049698055,0.09999999999999999,0.36753502,0.20832835847966147,,0.08125812510286473,0.18817004339979373,0.17527417934044628,1.2054778130463368
0.004316414,0.0049727997,0.048,0.0047951657,0.06,0.05405622846768265,0.24719786612699426,0.033918717795463814,0.0239197869272753,0.0582068474691971,1.300517118367981,0.2579503433424293,0.0,0.055808801147380245,0.5080704069235407,0.26836095202489385,0.05947799919362293,5.0446815,0.6139032,5.611808,-0.00471246,0.0027390802,0.0272,0.0024465811,0.02,0.027239998534714597,0.0622199994552144,0.002245332939250784,0.0011359976555367281,0.24168914256147891,0.6671559993575287,0.21737499243604508,0.0,0.029050593389465303,0.09038794528313936,0.2263915646459459,0.0,1.5716861,0.15609021,1.7385099,0.005481288,0.0328,0.45914957,0.03797096809072232,0.2294929183031249,0.022633471478953563,0.03885046814215756,0.04282171457620966,1.3158695785852794,0.039513084812164014,0.45580209442244995,2.609376,0.47671077,5.909588,0.6337576,0.0052453293,0.03,0.46188587,0.04791143280229001,,0.025716468633832507,0.05420631848629185,0.04215077934224233,0.5537487921870499
0.004686365,0.011945047,0.016800000000000002,0.011369513,0.02,0.01411143562824318,0.16869440918563958,0.005634718886398514,0.024493888036037848,0.019386357181055656,1.2927562409731412,0.2156625475223895,0.0,0.015801717967389505,0.25961718456822463,0.2257309614146578,0.0,8.979984,0.40733033,10.327988,-0.0061551253,0.006598581,0.0304,0.0061895787,0.02,0.021970285510633264,0.06129600033062881,0.01212959973249126,0.0047061326520388734,0.02989312014812153,0.6335831999391344,0.21226544227111263,0.0,0.02411628401845237,0.08584655578173021,0.22362228674173476,0.0,3.0847497,0.34031028,3.3302755,0.013357813,0.0192,0.46407318,0.015783419691805238,0.1391136151710615,0.006535379801978434,0.022330586666760473,0.02158981682373278,1.1383844545650024,0.01745780704564836,0.2308872081706666,4.705474,0.50317067,10.742664,1.2811553,0.012945143,0.02,0.49853465,0.02891917269697025,1.3773967122980253,0.011612961833391396,0.03886963001816646,0.023956739443229437,0.2369749999645512
0.004173359,0.008254053,0.0592,0.008064576,0.08,0.05913999933152581,0.7204533320051275,0.0194506647232919,0.08318799952813495,0.06789199921749278,,0.26479281319655357,0.0,0.06176940813542146,1.0758588163966734,0.2855336763579482,0.32883613628127595,10.823704,1.0478976,13.351433,-0.0033144145,0.0035719597,0.0448,0.0033240793,0.04,0.04116400169447106,0.18077942932224367,0.023670400761446764,0.0007685336746489263,0.050366935657083244,1.2663801616848833,0.23272751086950308,0.0,0.04368708750834067,0.4469913916722271,0.2452037234027694,0.12111586611584285,3.389025,0.33806986,3.9727838,0.008898253,0.0592,0.38284975,0.05849479329908822,0.6631742828614681,0.02108077667978314,0.07351624396213047,0.06757807816087084,,0.06146056720941296,1.023882601547904,5.6530657,1.1433747,13.83523,1.0417979,0.008589794,0.07,0.36255,0.08577249186999204,,0.04057806624467283,0.082653864560612,0.07633138234621412,1.097066895489633
0.004088568,0.0057927584,0.1064,0.0056056506,0.11,0.1209832004577082,0.9207328032715978,0.06660885405252365,0.12364531205959331,0.13520976066658671,,0.29408615451935904,0.0,0.12696832409550635,1.3134146593492848,0.3240871887987233,0.44777410092024383,8.88418,1.5286679,10.90056,-0.00227629,0.0023479247,0.0328,0.0022512516,0.03,0.04818880014727997,0.37677760067027416,0.031831042346867844,0.007115521332133551,0.41121983996453254,1.3046970513285854,0.23043455831226992,0.0,0.051186609361806176,0.5719799140332761,0.24432348593202904,0.205837820244678,2.6935945,0.25024235,3.1609733,0.0061276318,0.0816,0.36059424,0.09647610548622061,0.9156175643969915,0.04253962255385868,0.14287921254034816,0.10993035600408801,,0.10200778875457768,1.284767637483802,4.631598,1.2852498,11.406369,0.7230751,0.005912325,0.11,0.32349637,0.14482769998517867,,0.08185242089474094,0.24598400942346965,0.13430469212484183,1.3805196317283688
0.003959724,0.029665325,0.0096,0.026979504,0.01,0.007859546024183237,0.0716006404751344,0.002260023570729618,0.003345920319757221,0.010303010199395113,0.7815814415842051,,0.0,0.0088193996267888,0.11245265768717595,0.21583042841073954,0.0,13.403777,0.48393357,15.265261,-0.0025653185,0.012428237,0.0136,0.010581526,0.01,0.004614510184055871,0.02230346634472083,0.001983055094758765,0.0018036790447838941,0.01225867272995697,0.08013247867508098,,0.0,0.00974789522848496,0.03215760317479675,0.21450085830125043,0.0,2.4475722,0.18680562,2.679093,0.030834753,0.010400000000000001,0.30317548,0.00842435890691836,0.06972269708261569,0.0025917009632318243,0.003863907946136687,0.011064311537062804,0.7803799546508721,0.009449944318005509,0.10792847919703381,6.7616014,0.54828423,15.34179,2.1435804,0.028980376,0.01,0.37376955,0.018655454483332293,0.862167133268287,0.003315780780883202,0.007042960584269377,0.014780834324167883,0.1076797002759719
0.004554206,0.0068074022,0.1104,0.006613189,0.11,0.1107872014973792,0.8215174400397626,0.045398722818607254,0.07586581521240482,0.12872949306098053,,0.284889860330818,0.0,0.11982315154958395,1.149547781663472,0.3179747732410807,0.3938129052367181,9.634504,1.6343515,11.809452,-0.0056187115,0.0037073018,0.0712,0.0034668576,0.049999999999999996,0.07262591931614015,0.431825919551307,0.03779647974571662,0.0006837025439598867,0.08662442496850258,,0.2409604990688043,0.0,0.07825278120493485,0.7015509270068536,0.25762368509274036,0.24276534479461945,4.2401204,0.5956677,4.969261,0.0075806435,0.1184,0.45559832,0.11956910539601558,0.7735717004364726,0.06492725846652365,0.051764790193305044,0.1362810660162616,,0.12741080178547418,1.134355258255513,5.258708,2.0194783,12.621534,0.9016184,0.0073100384,0.11,0.44018644,0.1342511942566932,,0.06701067775501726,0.13363281159832022,0.12261006901813482,1.263373222455385
0.0045418898,0.013569805,0.016800000000000002,0.012897165,0.01,0.014303519869010552,0.2166352002076198,0.008767043057685487,0.013989014381360328,0.0189629201704216,,0.20549684359784906,0.0,0.015991807220425244,0.5078704984882297,0.21575958599064188,0.09938313562539447,12.0230875,0.42560035,14.672674,-0.0052002887,0.006821177,0.0216,0.0065038903,0.02,0.014203599905695728,0.07024575991247356,0.005335254182947574,0.0112028812744214,0.021875305652806355,1.3374503664640567,0.2119338822591296,0.0,0.016257876934318755,0.1310315067683957,0.22427274680817177,0.0,4.4474716,0.22699179,5.3169127,0.01494558,0.016800000000000002,0.4324357,0.013875460814881262,0.19457174411263006,0.005723057755555783,0.014845629410513024,0.018738204578175783,,0.015508245794462984,0.48475522228460854,6.3900986,0.44924384,15.576325,1.3455417,0.014266929,0.02,0.47335145,0.028901371654679764,,0.012574757221747106,0.028932454909124262,0.02442318101832832,0.5573318041432757
0.004557995,0.005500965,0.1048,0.005297279,0.12,0.1073205349887015,0.8741808018151039,0.05714410867547831,0.060610774643087464,0.11437792026451352,,0.3012894343466478,0.0,0.1110302047441076,1.188763537815294,0.326923983443256,0.4117145923527942,8.054867,1.2777853,9.926772,-0.005797186,0.0032660747,0.045599999999999995,0.0029810122,0.04,0.04335451431417655,0.43742719967939087,0.020454080228133626,0.001016320019236623,0.060915627291854534,,0.23249171808986827,0.0,0.04435074185868193,0.6966630563940114,0.24547585184199272,0.2467450680348011,3.6334338,0.29679346,4.424049,0.006104417,0.1048,0.44839278,0.10628125916960095,0.8193913573845409,0.06692750702106805,0.06078402307640572,0.11423464791208612,,0.11053690664367946,1.1435227378441604,4.4168806,1.4652898,10.744944,0.7307695,0.0059331055,0.08,0.4948081,0.09738526007011614,,0.05054706939511363,0.1907069322159752,0.08926852156134998,1.2856852368857616
0.0044684676,0.00499838,0.1336,0.004846799,0.13,0.16688320144075844,0.8238416007203792,0.08275328158546653,0.09657664079273327,0.21999488043663118,,0.3120626891819125,0.0,0.18407221883345223,1.2454296246986345,0.3593731852014364,0.4273018385737902,7.8000216,1.9175922,8.976194,-0.005245899,0.0029626682,0.0136,0.0027767576,0.01,0.07396159821460442,0.4831807991253373,0.010074879571185238,0.0028449277427111505,0.36000725148688945,,0.219657477144054,0.0,0.08524408282951063,0.8897763303120592,0.25046003823320334,0.33292953710806855,4.0135574,0.49986273,4.513904,0.0056360858,0.1064,0.50257033,0.15128633287567167,0.8509673647749211,0.07369944238722982,0.09191583340562434,0.19305611709383302,,0.16362056885017834,1.1854907497193379,4.3843884,1.9285045,10.004419,0.6705358,0.0054700733,0.09999999999999999,0.5021874,0.1927079792108174,,0.07504401303965054,0.20314478099440536,0.1627414683207411,1.3303830253941793
0.0040061465,0.005046222,0.1328,0.004859114,0.13,0.18128959895560948,0.840644799172665,0.08521792080531632,0.09160597360177213,0.23870875372856812,,0.3117565191374778,0.0,0.1987487368497525,1.0967658246560914,0.36867824082636547,0.39450260383254365,8.047878,2.0732102,9.064062,-0.0028275766,0.0023414802,0.0128,0.0021183877,0.0,0.10370453374478224,0.3983568010910751,0.045111360234445466,0.0005037865593293251,0.4058011204924862,1.4359204482044667,0.22600937229405463,0.0,0.10617680892894187,0.7351536182335979,0.2525425733155666,0.30236831003099013,3.1356902,0.49410152,3.3880324,0.005394778,0.1328,0.3614359,0.18864434504833588,0.806392561971465,0.09722761046188089,0.07909421707804126,0.23874668651313266,,0.20613250256501245,1.0966443211839305,4.3183703,2.3226023,9.545983,0.6405484,0.005196094,0.13,0.36212116,0.24142182906958146,,0.10379354848079934,0.19719174754187327,0.20985872560533544,1.2836617694182246
0.0041823587,0.0056397566,0.14639999999999997,0.005393437,0.14,0.16992480058825726,0.7868330666862403,0.07961984019629435,0.01913664058301548,0.22739285388474986,,0.31535771297210025,0.0,0.18538885927937362,1.1616832879250583,0.3659621852940688,0.36943152876809543,8.498004,2.1918097,9.736112,-0.0038344674,0.0029765503,0.0648,0.0027435424,0.03,0.12267093294192273,0.45506879984670856,0.07068851176512139,0.0007685113315299067,0.1640261485890457,,0.24116508230670483,0.0,0.13316320361235393,0.6742298704460047,0.2687692389079903,0.268307890728543,3.8505774,0.80251145,4.092633,0.006078713,0.1176,0.43157896,0.1549986990393234,0.8155852139525385,0.0720742864717784,0.09975383484559512,0.198508504883286,,0.16805788446620468,1.0831977010394418,4.6647544,2.1236,10.645655,0.72390646,0.005885907,0.14,0.4119777,0.22604016806680752,,0.10240051712589263,0.17894852761353996,0.1957533531102286,1.2366352259658346
0.003991462,0.0048240614,0.16799999999999998,0.0045848475,0.09,0.21974720037119977,0.7101888003271586,0.1305177596023782,0.006263552320314072,0.29052992029444263,,0.2804770969697466,0.0,0.24840003453291876,1.005400051406124,0.3347762097984236,0.37364719943654406,7.633163,2.4070883,8.013182,-0.002085422,0.002219027,-0.0304,0.001990977,-0.03,0.06578080039788123,0.26478080025247996,0.013032320326420495,0.0013729280879111294,0.366436352116285,1.2118454401538925,0.20109647226789723,0.0,0.0809693264186973,0.5631026597520307,0.22947038660025143,0.2684795055833675,2.7499874,0.31729904,2.9650235,0.0050781877,0.14320000000000002,0.38542852,0.21459085009415932,0.7344904376719606,0.13682656703713483,0.0012794616926655924,0.26573493649064317,,0.23524846988381737,1.0125286559655986,4.053525,2.4439492,8.49332,0.5951978,0.0048876205,0.09,0.35382855,0.2156127238203737,,0.07876026290796445,0.20815003281696043,0.18256740898428325,1.1765611454476002
0.0047536297,0.005423753,0.0016,0.002761614,0.0,0.002542222165261956,0.002312000015728804,0.001144000005242924,0.0006661821811144147,0.0036443075930952546,0.013775999937084909,,0.0,0.0029008071255977484,0.0028659878842633942,0.2057003666090029,0.0,1.3255033,0.02074745,1.463584,-0.006338557,0.0011427295,0.0056,0.0005081554,0.02,0.0015220002273070804,0.0020220003212356487,0.0007376007243776713,0.0009688005793513102,0.3952794672374181,0.0029753604563874784,0.21042410827634198,0.0,0.0016946460402492449,0.002265630642139819,0.21529396310406732,0.0,0.36624414,-0.03863451,0.45610082,0.0061579687,0.0008,-0.5692448,0.002091833463767489,0.0025521936298347385,0.000844442087878133,0.001073061218871804,0.0031790805509696383,0.004180916524728773,0.002471311924144902,0.0029964449251284764,0.4595391,0.02290821,1.0028452,0.12331751,0.0028053236,0.0,-0.17675684,0.01165482647352313,0.6045692055235256,0.0011372232941202042,0.0022823066619967764,0.007188617219505957,0.1477778060938442
0.0046825763,0.009047483,0.1008,0.008843796,0.07,0.09850666666666666,0.6867733334731444,0.06914133380869489,0.03883733407433428,0.10653511095576491,,0.2574568638880793,0.0,0.10141173565172257,1.0502901390802302,0.27511755662328236,0.33940645076031967,11.676464,2.0475967,13.895821,-0.005784296,0.004740468,0.0432,0.004584303,0.03,0.037699200480913714,0.3628495999113315,0.022119680192365467,0.018919680192365486,0.04582570652452978,,0.22220586473707252,0.0,0.03948375372979467,0.6683612517442177,0.23428482795938765,0.17772678319642768,4.885974,0.4089722,5.8875356,0.009970869,0.06,0.4743794,0.05712437912105461,0.6694041989842077,0.029513452759608573,0.06474499929275307,0.0654423218976368,,0.05988129122323671,1.01097172094833,6.309477,1.2972566,15.458911,1.1966358,0.00980007,0.07,0.4454387,0.08161287137082177,,0.04731815641869098,0.07367948882903,0.07437932469188048,1.0927027375263774
0.0043050447,0.013569806,0.017599999999999998,0.012774006,0.01,0.015639199299544406,0.15915291331399437,0.009746815985504326,0.004655678461514262,0.020010880156691974,1.5030813443403461,0.20610708720684556,0.0,0.01735844035051432,0.2895644963477273,0.2158825796632007,0.0,10.436108,0.48315373,12.2745,-0.004666354,0.0063492125,0.0216,0.005895592,0.02,0.012748533164762876,0.06929119927862938,0.002098241659152427,0.012449120829576195,0.02081683124514507,0.8888841568981065,0.2119425017491397,0.0,0.014235272170346253,0.09261163355216924,0.2235714778590914,0.0,3.2570257,0.2001969,3.7278748,0.014548925,0.0184,0.39091188,0.015779668438716272,0.15026210763590586,0.00910898970664698,0.014256635001055527,0.020658706436302916,1.5021620580332165,0.01770953210413554,0.2770822432362368,5.444929,0.53022593,12.763832,1.3681282,0.0138284685,0.02,0.44043976,0.029010491325672235,,0.01277012119480247,0.0350207471879247,0.02464379123943779,0.3112886318599513
0.0041127265,0.0059462334,0.12480000000000001,0.0057283365,0.13,0.13312320049493268,0.8990424005300607,0.07440678465371448,0.09683392332192994,0.14570175934652022,,0.3107774559844563,0.0,0.13798406150961412,1.1943405805315392,0.34133579596073726,0.41580921715618124,8.874825,1.7255694,10.825243,-0.0020021338,0.0023836195,0.0408,0.0022249757,0.04,0.049230932926560084,0.3677171196090167,0.0313128529616934,0.0031692792016824473,0.3040548974175078,1.295956296687019,0.2385319628159194,0.0,0.05048370181712835,0.6110170351504617,0.2508213877110135,0.1884841567220531,2.6422825,0.2505783,3.1299872,0.0062023457,0.12480000000000001,0.2883756,0.1334198509441665,0.8711908484270734,0.08880915068120712,0.09359872455465222,0.1452275911384519,,0.13789168625169618,1.1759796296242886,4.6299047,1.8449991,11.190317,0.7379953,0.0059981607,0.13,0.30108446,0.1567802079371834,,0.09646408771491623,0.20270592743579285,0.14716473174297845,1.304717562044986
0.004047831,0.012109891,0.016800000000000002,0.011501199,0.02,0.014867556217330002,0.2565216004982879,0.00832693452872477,0.051853867343354315,0.01970812623851357,,0.2168470592317167,0.0,0.01695208640451692,0.5797125202212079,0.2259254252622908,0.1277852753963114,11.43512,0.40574405,13.956691,-0.0023432176,0.0048316885,0.0304,0.0045590196,0.02,0.02257635522188425,0.055987195671776374,0.01194581144173926,0.0036791447750726364,0.0306342396074539,1.0755123194521587,0.21221623015282046,0.0,0.023725627743990573,0.08902813820452453,0.22398552478066464,0.0,2.8916504,0.26473835,3.3101974,0.012801253,0.017599999999999998,0.33015355,0.015164782018903089,0.23366318327322824,0.008225182880660124,0.04276918120433258,0.020413307524121092,,0.017380230147725027,0.5303873910655441,5.8774886,0.44566807,14.298418,1.2144934,0.012371832,0.02,0.3773949,0.029281768638196155,,0.01248442561729135,0.04796131193050609,0.02490071563705392,0.6240815499291651
0.004546153,0.0075852023,0.0528,0.0073649357,0.06,0.0530219632846622,0.4053472005368761,0.04300966352929336,0.03596207911195173,0.057039534799423884,,0.2567347217557283,0.0,0.054318173873637535,0.714395435077314,0.2660938780218194,0.17160568996859876,8.235934,0.92374915,9.713493,-0.0053802505,0.004398393,0.0248,0.0041207667,0.02,0.02087807946810863,0.0947903982206125,0.009239040276525428,0.004419520138262698,0.03141467425322808,1.2511675729480676,0.2135622236120167,0.0,0.023048718169613402,0.19754615474245762,0.2255702832105514,0.0,3.246616,0.21658708,3.8250449,0.008446852,0.0528,0.4556127,0.052647223571959785,0.33670411985596904,0.04347118450709545,0.02313597721444243,0.057167763971025215,,0.05406204559310522,0.6615670049731539,4.412176,1.0441433,10.312447,1.0047989,0.008236338,0.04,0.47053775,0.05076898375161605,,0.03339814626603314,0.04609904276228418,0.04601776325822904,0.7631625273514847
0.004039305,0.0054867542,0.096,0.0053091203,0.08,0.12035519856972651,0.7007465597946447,0.057253279068852955,0.06210655813770596,0.14855903786906166,,0.26864459308838673,0.0,0.13241995122043407,1.1011149631449266,0.3022216261901044,0.3992159162460822,7.9111004,1.492973,9.232459,-0.0027214838,0.0023593276,0.0112,0.0021511079,0.04,0.04580720075067697,0.245407200750677,0.01132915223454188,0.0010409602250276934,0.32805296069980555,1.5173059217255804,0.24529550074042733,0.0,0.05015095951053568,0.6180264392658035,0.26442653693057827,0.19079190490976444,2.4795504,0.20133671,2.9026825,0.0057749646,0.08399999999999999,0.3172623,0.10977410878994866,0.7127150676625831,0.05644105798142391,0.05671268332657335,0.13587481402262536,,0.12084703079396254,1.1130721453389236,4.144909,1.4460843,9.682513,0.688203,0.005605674,0.08,0.326728,0.13688960096315647,,0.05934685095387231,0.125508327079605,0.12209079533135019,1.2238847709998566
0.0039488296,0.0048666936,0.0,0.0023774514,0.0,0.0017630720742500216,0.003035621232976931,0.0005479467029477745,0.0016513346822853705,0.002871738288430879,0.004955648407891767,,0.0,0.0021105681650098176,0.0035477628334050367,0.20664209884169607,0.0,1.5866258,0.019054748,1.7482724,-0.0025816788,0.0009801198,0.004,0.0004347825,0.02,0.0007907998872387907,0.0026543998937981505,0.00015815997744775815,0.000893055993627887,0.3929875183865314,0.0034553597786076886,0.21028024676713844,0.0,0.2817596187807986,0.002933015634006843,0.21604160066737435,0.0025826140304742356,0.30241412,-0.013684052,0.36488,0.005614716,0.0,-0.52209836,0.002046107345084556,0.0024897508950221425,0.0008530478711929391,0.0009496609969804337,0.003165244879173497,0.004051115497091007,0.0024379744568717794,0.002951879328250639,0.6122165,0.017839404,1.3390172,0.12353462,0.0023899814,0.0,-0.10244362,0.01653419247640727,0.7494073726872457,0.0013251689672758716,0.0032585851845667443,0.008376665481366743,0.28022132151668916
0.00425436,0.0076993606,0.0144,0.007391462,0.04,0.0151394462734223,0.23320640006291532,0.004000513513385977,0.015111395930436786,0.020915931126937903,,0.2390970932365481,0.0,0.017151344199644564,0.46229278668602014,0.246600975384699,0.04147555241739531,7.1163664,0.26218545,8.465317,-0.0043574953,0.0037474586,0.017599999999999998,0.0035392388,0.02,0.01376480002454664,0.05912360001840999,0.0032377613465584543,0.010209440157649682,0.1401424799914525,0.7639079679155034,0.21306689520494826,0.0,0.015045118883605893,0.08469674592240392,0.2254420193176689,0.0,2.1078525,0.12360118,2.436666,0.008406848,0.0144,0.41319156,0.014781618167784427,0.21003146183196272,0.0038095772567099634,0.04117017823080772,0.02086019441258104,1.4311538815505211,0.01646872740961371,0.3847100888592694,3.6819282,0.27860343,8.741319,0.7773612,0.008126824,0.02,0.4505946,0.03434789620637986,,0.013732751860659035,0.04857943249504453,0.026793694212428817,0.48622635877740217
0.004106568,0.008143209,0.0808,0.007960838,0.08,0.08108224154419168,0.5415528010050705,0.04206741528733882,0.058202243246431515,0.08886890731585835,,0.2653034713181631,0.0,0.08318948575274686,0.8367894851318637,0.28573134448694354,0.2377951130643445,10.043181,1.4437767,11.853033,-0.003394232,0.0033419265,0.044,0.0031659314,0.04,0.040261867293357956,0.12479280094003696,0.021914239555154837,0.005438079851718265,0.04856563303911148,1.1583256329468237,0.23272960858559358,0.0,0.042217800638095104,0.380557067092569,0.24496265669682926,0.053232648134903374,2.9093757,0.3006219,3.3384569,0.008529052,0.0808,0.30194053,0.08069597579911783,0.5413222721020073,0.049146780502105775,0.04875358159373107,0.08792732848446909,,0.08296747808181758,0.8830768822303331,5.227006,1.5495332,12.246487,1.0347586,0.008391993,0.08,0.32194096,0.09534262895759484,,0.05245932890510161,0.06759490729281024,0.08648398439851455,0.9396813517800682
0.004222623,0.0054218583,0.148,0.005225277,0.12,0.17034239898496717,0.7679711995113585,0.10012544087577462,0.05906508858465875,0.21424298511923098,,0.30231298083183744,0.0,0.183952804694663,1.1327685364424882,0.3445135269990302,0.3985842638850088,8.101761,2.1412237,9.235419,-0.0043312195,0.002915571,0.0432,0.002670169,0.04,0.08890479871580882,0.32233653260244394,0.04072127953271156,0.0021638380066050724,0.32889151779821385,,0.24646598140795975,0.0,0.09694800013574463,0.7374560000968908,0.2712387121159386,0.2699750429352495,3.5941434,0.55512524,4.0395846,0.005935373,0.08399999999999999,0.44291463,0.1144008107605594,0.8332415777065507,0.04723784498478917,0.11024523475641627,0.1499980154697572,,0.1339774022007317,1.14309336933044,4.4301753,1.5437554,10.390053,0.7013379,0.0057254247,0.08,0.45989865,0.15041433649071742,,0.05325660091406377,0.1812934445652703,0.13001172881366743,1.3172789847106925
0.003998094,0.013639911,0.016,0.013028849,0.02,0.014142933075520796,0.15543599858440485,0.00427626323847071,0.042538133354305105,0.01931768875762136,1.4814647989760548,0.21662861586667273,0.0,0.015914786892454368,0.255097409466089,0.22594191186423002,0.0,10.27067,0.44234604,12.064417,-0.001945617,0.0053636394,0.0192,0.0051231957,0.02,0.011540266932505438,0.05291039996693712,0.0030620823564772763,0.011931041178238653,0.020216776857829608,0.4853058126682691,0.2120331880927019,0.0,0.013567005377224405,0.06396700537722443,0.22426944959790027,0.0,2.1242123,0.1574318,2.3615577,0.014546064,0.017599999999999998,0.35483268,0.015281207446472217,0.13465080450083494,0.005685495524207272,0.030165083678255912,0.02067006269381086,1.382398424339781,0.017163491972749172,0.22769002703255178,5.1844387,0.51366675,12.0980425,1.373561,0.013999931,0.02,0.37464735,0.029413987018975334,,0.012650478132414378,0.03446354075204859,0.024931147284082654,0.24586078403420858
0.0047076815,0.009792125,0.056,0.009576596,0.07,0.05453504001409301,0.6703500793517223,0.03321002621479356,0.07095376100035392,0.06134707214998989,,0.26121762248958064,0.0,0.056726011247541376,1.0470150278279142,0.27544004548750456,0.31916644979695286,12.345552,1.198947,15.182602,-0.0061486806,0.005476674,0.0384,0.005216399,0.03,0.03241879961188724,0.3086700797566573,0.018356691313495686,0.019935036970243458,0.040143573368867556,,0.2224335956553236,0.0,0.03411523815109158,0.6022182853941457,0.2342275062364334,0.1667783327476562,5.4611816,0.40247288,6.5865593,0.011100721,0.056,0.49046022,0.05330845727482679,0.5855800276935743,0.03499897631471222,0.057024888515831616,0.06104831131964265,,0.05560030396656457,0.9845672481687735,6.731301,1.354607,16.418354,1.3224049,0.010799091,0.049999999999999996,0.4926256,0.0608647467767993,,0.03353141114668773,0.07374662886822748,0.054548916816005356,1.0463774794191127
0.004633785,0.0045962175,0.1816,0.004364109,0.19,0.21904960147221314,0.815169920247131,0.11086997048229723,0.005504957571467892,0.28876309563630836,,0.36359722590679855,0.0,0.24508472785307533,1.0910756976094003,0.4279090935876136,0.34049699096828284,7.253976,2.2197943,8.014959,-0.0055319527,0.002690991,0.045599999999999995,0.0025373048,0.04,0.1299423981274404,0.47114239777877864,0.06565478325035057,0.00613695792004809,0.3608217565646686,,0.25841966185732107,0.0,0.14091978475197162,0.8451864514186384,0.29091964168247003,0.2879442686687348,3.8270261,0.7610286,4.053465,0.005090764,0.1184,0.5426762,0.1793707001347147,0.8367839296051871,0.08514549671055412,0.09148617759066653,0.22523876510289398,,0.19941112575814027,1.1135792676200624,4.094092,2.03424,9.111391,0.60017127,0.004903024,0.16,0.48582858,0.27143711607581733,,0.13343885695045457,0.19643314257559302,0.24447137041126882,1.25536336375358
0.0041847276,0.0071176696,0.0952,0.006878456,0.09,0.09622080016357955,0.8192416010318075,0.03720832177923885,0.10213888084390221,0.11138995130360377,,0.26778229343415055,0.0,0.10239718954462146,1.1197295857124223,0.2972380449751475,0.3794066094183308,9.895744,1.4653484,12.121614,-0.0035508925,0.003064796,0.0376,0.002901195,0.04,0.04019413447684005,0.35034560071535986,0.014118826670674298,0.009389120003005711,0.05080166507551671,1.2743020814379333,0.2327588743845813,0.0,0.04330486365102388,0.5491365756222534,0.24741416812327546,0.2003335867096663,3.296937,0.27604905,3.9244468,0.007588373,0.0952,0.3540669,0.09662530920417589,0.7551522372768883,0.047432803587082434,0.06632083004465195,0.11121496330435934,,0.10245265456721882,1.1192796121438409,5.2125072,1.6095221,12.632878,0.90283453,0.0073287706,0.09,0.3523766,0.11167026903995272,,0.04944304279990071,0.12467858275373656,0.10182422410990291,1.2079080496966474
0.0039862515,0.025020318,0.0096,0.023210824,0.01,0.007740799830548394,0.07851200100663751,0.002241866800536354,0.003617066999418034,0.01052931271784646,0.8988607993960146,,0.0,0.008871703391338723,0.11802177220984227,0.21580890366457053,0.0,11.872572,0.4175246,13.6364765,-0.0022123368,0.009658419,0.0136,0.008171136,0.01,0.004663466806487986,0.022394763505205344,0.0018792802442893844,0.0017880447031177408,0.012427040076495406,0.07140326423449371,,0.0,0.006005275767249531,0.03180263788362477,0.21455667485086277,0.0,2.077983,0.16051157,2.3298295,0.025882175,0.010400000000000001,0.27610204,0.008334169684678181,0.07065050589310727,0.0026610741088611578,0.010817456918225148,0.011269896383365084,0.8102497591608819,0.009543553248304715,0.10236056757908019,5.9946876,0.47562087,13.729355,1.8372086,0.024607107,0.01,0.33849096,0.018714501535925195,0.9672247222793664,0.003260213067820743,0.008084483356863148,0.014779650629096537,0.10874510217766772
0.00442252,0.0053403843,0.1336,0.0051485393,0.14,0.15921920015099655,0.7784767976092171,0.07168307101389328,0.0750879083055926,0.2232276477249849,,0.3148772809396779,0.0,0.17616195494189493,1.034936591636314,0.366976318186709,0.3482207407714499,8.096788,1.9488689,9.25496,-0.0050808107,0.0031074309,0.0184,0.0028645077,0.03,0.08188586632468338,0.5448575985452332,0.03201151912954287,0.0032115191295428677,0.1083012253046104,,0.24353178499239833,0.0,0.09255764145628892,0.7319515283276808,0.27184016910888487,0.2803680465950379,4.1606755,0.55673075,4.5928555,0.0059476336,0.1424,0.4779381,0.18244496537522628,0.7094790018671079,0.09777740507027065,0.06625999792325607,0.23214613829436645,,0.20091829450673832,1.0260033969922362,4.5516014,2.480061,10.023881,0.71147877,0.005768355,0.12,0.4892308,0.2120132492905294,,0.08167416629613157,0.18031289428781624,0.18176861083218648,1.1844906149578769
0.0046664705,0.004563532,0.144,0.0043408973,0.11,0.1771072000566237,0.8694762668232555,0.07618858613873845,0.013541438632225896,0.23127295963005853,,0.28697411687422514,0.0,0.19708751885614492,1.2020583460570484,0.341352844837584,0.46025028750754426,7.140762,1.8244729,8.282829,-0.0060703503,0.0029815077,0.008,0.0026790935,0.0,0.07042240010219435,0.5325482673933817,0.00536224016050528,0.00048112000405771307,0.31764812819967553,,0.2130099904897207,0.0,0.07776503442955636,0.78614601358097,0.24047112130101927,0.36119589367341454,3.9434085,0.4410966,4.4785824,0.00519661,0.144,0.49876344,0.19055283287304378,0.8359826722733747,0.10268165389024216,0.03912703347849522,0.22934279314582715,,0.20478667822209892,1.2020231822509702,4.078563,2.2294443,9.167235,0.61093193,0.0050096395,0.11,0.5226309,0.2005285567108294,,0.07669240750195336,0.2057955350517341,0.17615616432230063,1.3566035744709997
0.004504942,0.004725061,0.1424,0.004554532,0.14,0.1754399996854237,0.7495199971688209,0.0779167992550847,0.0007093323919367281,0.23853120017112947,,0.3174696684441002,0.0,0.19548864419101586,1.085488644191016,0.3719479234632034,0.3593426589780186,7.176052,1.9095166,8.040182,-0.00587502,0.0029101176,0.053599999999999995,0.0026919828,0.03,0.1227839975954313,0.4757919984069703,0.06731135934980366,0.0035391996152682884,0.4128527984159874,,0.2449010890556666,0.0,0.13133687521717305,0.7159158342425664,0.2738620702522721,0.2585931178306049,3.8350835,0.7719643,4.07057,0.0053414917,0.1128,0.50842875,0.16121560113027256,0.7629890823571978,0.07386075879545051,0.030399494700618722,0.20537476187151524,,0.176957832236311,1.114640056475598,4.067648,1.9360383,9.04221,0.6288993,0.005129574,0.14,0.4780433,0.23796530113031697,,0.11255944414009918,0.13581614261540276,0.20868643151069022,1.2152261225017127
0.0042519914,0.0069319834,0.06,0.006664348,0.049999999999999996,0.06173653332867293,0.2006144001132474,0.048113151927722995,0.0263414402472568,0.06732131581902266,1.3460729597942673,0.24586454671584246,0.0,0.0636575564729237,0.35020036180135805,0.2567448021126293,0.0,6.3331203,0.9797648,6.8120213,-0.0042097587,0.0033518416,0.016800000000000002,0.0032031133,0.02,0.014408799978208571,0.07980879988014723,0.0019270375978268932,0.015425408044340278,0.021871680702736512,0.5175144538553925,0.2141314282581509,0.0,0.016025351527130534,0.10538403670568759,0.2258101090910724,0.0,1.8424966,0.11383379,2.0510883,0.0074509718,0.06,0.37544048,0.061242139878186254,0.17027191288546914,0.048353483736798986,0.014166316748822799,0.06714983802423413,1.2854980359476562,0.06327423498577878,0.34870451651318113,3.283803,1.0710592,6.9841995,0.8728245,0.007197644,0.03,0.43977576,0.04592853918414818,,0.022958165803879424,0.05707377777311466,0.03769130948437983,0.43567201789690707
0.0044613625,0.015012191,0.017599999999999998,0.0142234955,0.01,0.015661440773605182,0.17755360160119224,0.010348288327964564,0.0042707226977991486,0.019589836890742843,,0.20549888427586582,0.0,0.017358540008141746,0.2981061284757582,0.21585837687735868,0.0,11.663675,0.52913946,13.703504,-0.0056112753,0.0074180746,0.0224,0.0071181394,0.02,0.01322559980216938,0.08716053296329647,0.003192105781248847,0.014125438446644743,0.020426696838310818,0.9773868806732794,0.21191693363124636,0.0,0.014590554985292783,0.12453388718681897,0.2230948152406465,0.0,4.263794,0.23816955,4.9238997,0.016354412,0.0184,0.40796748,0.015501763603399742,0.15950983593496884,0.00919358965264314,0.013593363955583245,0.02020881684942947,1.525457108922292,0.01749121862735069,0.2815085013295838,6.199032,0.58094937,14.533525,1.5239092,0.015520929,0.02,0.47643653,0.028895026483142773,,0.01253438684144335,0.034609748354426005,0.024441176460068235,0.32634541442869447
0.0040809894,0.013853071,0.016800000000000002,0.013097536,0.01,0.014498999844678064,0.1511840006291534,0.007263360984494602,0.03215840196294315,0.019860799944275098,1.50714186693161,0.20641676905205042,0.0,0.016311274003998007,0.25437818531599304,0.21591118978814508,0.0,10.612082,0.47233063,12.512409,-0.003123546,0.005983838,0.0216,0.005790491,0.02,0.01386057136477666,0.058911998797715664,0.004174931169221509,0.011020798917944094,0.021589028803052496,0.6343744005290057,0.21185371586502671,0.0,0.015526009637621156,0.07601001665631776,0.22401734558239517,0.0,2.6890092,0.20273173,3.0247633,0.014860509,0.0184,0.3917609,0.015614364998636119,0.13487011404898494,0.006369508158955614,0.02458689510140554,0.021231281007360894,1.5053235055070362,0.017434626386634226,0.2317245343911513,5.4173994,0.54711586,12.694946,1.4188931,0.014311783,0.02,0.41653708,0.029273633863845773,,0.012386760704296904,0.033233949320755636,0.02466084469435792,0.25998152986800255
0.004473679,0.022874976,0.0096,0.02143022,0.01,0.00787519979380054,0.09124373443504795,0.002677556602235791,0.0035510392483773232,0.010783491193382587,1.2119187186276104,,0.0,0.00896662646598993,0.13891293909510635,0.21584793500746036,0.0,12.390197,0.39770254,14.638922,-0.0056058215,0.0108829485,0.0136,0.0099781845,0.01,0.005490400032311436,0.041920914080589636,0.0022606627163037954,0.0031123195070634183,0.01272925071308855,0.6990108785692816,0.20031153438955548,0.0,0.010001397660137855,0.06106806415982037,0.21463256952487816,0.0,4.187693,0.17701022,4.9302197,0.02431261,0.010400000000000001,0.3665691,0.00842369242893633,0.08877027991779142,0.0027956645896705596,0.011132182037714853,0.011473397493174208,1.2110438229541802,0.009542883994156455,0.12955369068986824,6.533977,0.4490769,15.421677,1.7831932,0.02363934,0.01,0.4357614,0.01869029943392313,1.2979232493103297,0.0031646110811610127,0.010131705167393992,0.01470411641676364,0.1321193419400655
0.0045333635,0.0054663853,0.0016,0.0029487219,0.0,0.0025011200952284526,0.0024864000503321726,0.0013488001478507612,0.0006154670868007716,0.0037029333264301384,0.3606175998458579,,0.0,0.0028914359148860054,0.0029742948632741,0.2057683640694841,0.0,1.6348233,0.02615239,1.7981281,-0.0059057577,0.0008958406,0.0056,0.00041743106,0.07,0.0011802183103931385,0.0019274671876565476,0.0005782406414199158,0.00028912004914341863,0.40520416126420433,0.0027208320415028865,0.24814118290583181,0.0,0.0013191226473969891,0.0024110348309164978,0.26345363440841263,0.0,0.24825281,-0.045700133,0.32199728,0.006311902,0.0008,-0.54203,0.0020694511434921426,0.0026772255899672466,0.0008729274114689815,0.0010803476095239955,0.0031902993234497897,0.004523698475985652,0.0024490283178268783,0.0032482668139114245,0.6362127,0.029432263,1.3908045,0.14295638,0.0030325153,0.0,-0.23562625,0.011080939825205291,0.66006931374789,0.0011287442657400247,0.0025948482380177915,0.007135023983902826,0.20373412909640265
0.0041132,0.004643112,0.0008,0.0022462392,0.0,0.002591015434947576,0.002103161939286811,0.0012975707993167817,0.0006273283043084351,0.003640929654616093,0.3068198398808806,,0.0,0.0029097959485743104,0.002586790390516654,0.20649935594622557,0.0,1.3322539,0.017501958,1.3847152,-0.0031399063,0.001042586,0.0048,0.00040801184,0.049999999999999996,0.001794971628880785,0.0013648014021654287,0.0009364802905022315,0.00019227437016871709,0.4000566422233264,0.002301897872276474,0.2209200293056808,0.0,0.0019219885980126946,0.0017868343639526043,0.24565241155347017,0.0,0.15728119,-0.029114826,0.17971435,0.00540375,0.0,-0.558065,0.0020902737849756705,0.0024012015727280633,0.0009150740700661573,0.0009277048514539132,0.0032277633281388714,0.0039599810880758006,0.002423848705070395,0.002778400051284925,0.5234194,0.018166611,1.0913231,0.115367524,0.002257636,0.0,-0.100523055,0.015804532813256174,0.617162750070075,0.0012809303465351007,0.0035229405963310627,0.008097024064722406,0.24589244200491978
0.0047659455,0.0060035503,0.16799999999999998,0.0057430207,0.14,0.16987839928276793,0.8239189328551787,0.0785113630501117,0.07790378638257045,0.204250559936141,,0.3059881080070935,0.0,0.1888367872811597,1.1132367864947195,0.35381448574385,0.36692247178438286,8.7944145,2.2906837,10.347172,-0.0062874937,0.0033225915,0.0888,0.0031391596,0.08,0.10784639915840098,0.5583615997896002,0.06649642653094197,0.001497856293742551,0.12180070441839495,,0.27539429271740007,0.0,0.11197114029592159,0.7583826841645415,0.2962821266845109,0.2782587569983847,4.4224377,0.7933658,5.036934,0.006639923,0.1448,0.4814493,0.15533312436780206,0.7831882418191902,0.08405145684366316,0.10114074728706933,0.17921728608424775,,0.16758161591662618,1.1334813406770587,4.9212894,2.296541,11.541521,0.79432994,0.0064544636,0.14,0.47394434,0.17953528841226643,,0.0820011246736577,0.1858998730716657,0.16789547501696808,1.2341456055437223
0.00436994,0.0063403444,0.12240000000000001,0.006129552,0.12,0.13126171441668064,0.7791263999219852,0.05912213135081147,0.06712213303972842,0.1466976015099681,,0.29968888018303647,0.0,0.13884999188438302,1.1172299954530687,0.33194532624722606,0.379317342951916,9.00876,1.7981236,10.826191,-0.0049484423,0.0030990029,0.0448,0.0029701048,0.04,0.0560005327627487,0.4552031965734896,0.02933354533613865,0.015040127201683195,0.2080019180490884,,0.23481517015950995,0.0,0.058088863733071594,0.6607222161993901,0.25174867976341664,0.2331355765034244,3.6056702,0.36989903,4.2552414,0.006923574,0.0936,0.454097,0.10266467977293141,0.7967421165361636,0.04893468206459156,0.0655720656805017,0.11657281672863483,,0.10838086649280408,1.1415146309936821,4.838711,1.539402,11.7000065,0.81536263,0.0066280114,0.09,0.4314571,0.11889156358974781,,0.056061645314752794,0.14331642682111825,0.10980615115291861,1.302705603305076
0.004748419,0.004185527,0.19920000000000002,0.003913155,0.16,0.2491583999077243,0.8134250662248618,0.1348137597420471,0.008427519484094216,0.3171238397193979,,0.33712200722934443,0.0,0.2761822234662212,1.086315557149084,0.4033181121914163,0.41834558381640097,6.6657686,2.1467233,7.266053,-0.005840813,0.0025040898,0.0128,0.0022462937,0.049999999999999996,0.10085439942691042,0.5876625778093935,0.04427210637217363,0.0016163186360058542,0.35055625144515806,,0.2723408546700992,0.0,0.1117085453351021,0.8285085453351021,0.3043177457007238,0.3722069238992215,3.584725,0.5397967,3.94378,0.0046424153,0.19920000000000002,0.4473793,0.26105919991186477,0.7631900963895104,0.16027191810370833,0.03670027380861237,0.31704019580696363,,0.28451900901766924,1.113522876034967,3.7802587,2.506811,8.016955,0.5402652,0.0044184993,0.13,0.4921019,0.25111058698973177,,0.10603391302790413,0.24658566458316353,0.22274824661533416,1.359290737945449
0.004696313,0.0055402815,0.15200000000000002,0.005310542,0.15,0.1611567997027259,0.8159568000110101,0.08751423969632942,0.059780905663938594,0.1976422406052438,,0.32565856960491185,0.0,0.17622925127579772,1.1696585033380358,0.36701056816212757,0.38340674030894684,8.174591,2.041986,9.60632,-0.0060232524,0.0033062308,0.06,0.0031079266,0.049999999999999996,0.08524693222990208,0.472713599230537,0.04266815840096178,0.01235605280032061,0.10480671732551346,,0.24897657285148714,0.0,0.091393304169363,0.6806899558909092,0.27102484104750396,0.2791958561253603,4.1998396,0.63009024,4.823755,0.0062357807,0.0888,0.5355656,0.10744395257707894,0.8079168563955071,0.0401773474547318,0.11499574525217822,0.13401595938996602,,0.11847528088599561,1.1679485550030644,4.58664,1.4784904,11.009567,0.7394328,0.0060232165,0.09999999999999999,0.51263535,0.14988518537971635,,0.061967058623323155,0.1695532669276978,0.13323947034237216,1.3164697599243622
0.0039857775,0.0041192104,-0.0008,0.0018194444,0.0,0.002163200137814283,0.0026892001389049658,0.0008546745205805563,0.0010637870032280084,0.18969779205254683,0.33264447955456117,0.20003722025416767,0.0,0.0024991788950459067,0.003148768207298592,0.20839662661944688,0.0,1.402597,0.03732872,1.5027823,-0.0017864777,0.00086659036,0.0024,0.00037826563,0.02,0.00046613324641812145,0.002741942708145336,9.322664928363337e-05,0.00037290659713449045,0.4004228260408771,0.003622826040877079,0.2112512180283226,0.0,0.0005893048164287848,0.0029530939710207564,0.22038305844910017,0.0,0.20784746,-0.022556242,0.23325522,0.0045417887,-0.0016,-0.59395146,0.0016862992333025887,0.0029205458976752385,0.0005288940102786455,0.0013944871062548656,0.002750542820755345,0.004439612114703896,0.0019874860618024743,0.003367188776226102,0.52303123,0.030757977,1.1273942,0.10488316,0.0018210246,0.0,0.04166513,0.018421048807403084,0.7638249356069388,0.0019294254835885028,0.0052368693197473145,0.012511270520106095,0.30909937949416627
0.0040483046,0.032359675,0.0096,0.02831199,0.01,0.007988096436480782,0.05252095832494464,0.002462381434819326,0.0026768385886367656,0.010317577756527318,0.8271721604888513,0.2100078166451225,0.0,0.008871917779106571,0.09089229638148975,0.2159392426302987,0.0,13.416922,0.5427003,15.508974,-0.002928712,0.014278913,0.0128,0.011862078,0.01,0.004042017526578502,0.021280915111120177,0.0013349182124023171,0.0022520804027652535,0.011468395996033632,0.07263317452733602,,0.0,0.009314703814995936,0.024530139871181193,0.2146848873082715,0.0,3.0084035,0.18452148,3.4372368,0.03387618,0.010400000000000001,0.32860196,0.008538988660990572,0.05073633622041545,0.0027221640052376645,0.0029467340970586965,0.011056129853225185,0.8311129405264153,0.00948537260343287,0.08172004808968043,6.834957,0.6107161,15.755516,2.2517958,0.030696543,0.01,0.39675817,0.018719264782513817,0.9470600353571266,0.003828723667473995,0.005488068331484558,0.015062953467504627,0.08891141603842044
0.0047507873,0.0053673843,0.16640000000000002,0.005218172,0.18,0.1772648003130032,0.8622197331082365,0.08881727864941741,0.11815061263651283,0.23406656259461836,,0.3472607134832249,0.0,0.1971680745616294,1.195088074435799,0.3999898059784804,0.376688065762332,8.247776,2.207891,9.691821,-0.006213625,0.003310693,0.028,0.0031495702,0.06,0.0721423994424401,0.633553919412323,0.025336958928762626,0.001336958928762639,0.09602175954313194,,0.26186512230729186,0.0,0.08335408118449128,0.9166032647997607,0.2914628785888574,0.3211723744704414,4.5999193,0.5071993,5.355831,0.006119296,0.1856,0.5009546,0.20775925650533106,0.8426688445041869,0.12755170251532774,0.08386053239511856,0.2535922905947607,,0.2296044280522195,1.1470136724508833,4.7217493,2.9594479,10.624449,0.7290771,0.0059301867,0.18,0.4950736,0.2524564915162973,,0.13388659902506794,0.16498143236948135,0.22556624736960068,1.2788247134799418
0.0040056724,0.0076519926,0.0528,0.007483832,0.049999999999999996,0.053774399724745854,0.3098464006669,0.04278975991275747,0.030369278245927236,0.058824704194282186,,0.24951417315613983,0.0,0.055425360640578084,0.5735173878936816,0.25664691031118847,0.09314383012956519,7.8642063,0.9766764,8.929062,-0.0021503663,0.0030895835,0.017599999999999998,0.0028441814,0.02,0.012514132494404976,0.053571198500148874,0.00133141301686519,0.0023961587015329127,0.020916052715826253,0.6239654388013214,0.21243406481399066,0.0,0.01380199990496435,0.06387066607938209,0.22527497095708202,0.0,1.5451628,0.089989364,1.7961421,0.008119182,0.0264,0.38212857,0.02695665387381341,0.2879036853629578,0.016632442290288874,0.038118763331647605,0.03228143840250382,,0.028390502870590036,0.5223162379014188,3.936585,0.5103603,9.266536,0.9406816,0.007838068,0.02,0.3713435,0.03463303016399664,,0.014781645432755895,0.058968024672812376,0.026935391414647684,0.6142446838555548
0.0045783636,0.00471085,0.0016,0.0024158207,0.0,0.0029630478374675475,0.002068266897915068,0.0016424888565768469,0.0003978000515118326,0.003987815550763662,0.013547200746593404,,0.0,0.003332046693036773,0.002601953773007577,0.20585493933020432,0.0,1.3612685,0.01737519,1.4610987,-0.0058487444,0.0010247377,0.0048,0.0005339342,0.06,0.0012214397596630989,0.0020535993890886954,0.0004409598749622546,0.001020479937481136,0.4023529567796753,0.003050985529371762,0.24107998948001202,0.0,0.0013962193330769878,0.0024603654747928434,0.255453397032683,0.0,0.3739265,-0.038021233,0.43540087,0.0052420176,0.0,-0.61007935,0.0017506055941845717,0.0029717974326867137,0.0004278980670794226,0.001715699526404711,0.0027846782641402115,0.004535782335981524,0.0020593885438527195,0.003423549739870369,0.45073223,0.013628349,0.9697365,0.1105702,0.0024401278,0.0,-0.14126654,0.012627529213744281,0.6437996739526903,0.0011798396314490844,0.0028010983872582165,0.007458010369213568,0.21986246279488544
0.004057305,0.0061200783,0.124,0.0059258654,0.09999999999999999,0.13573599910345815,0.8775359994966782,0.07342293157730546,0.07022293274612348,0.15250239978294247,,0.2804259148514365,0.0,0.14413439115636698,1.255093756189748,0.3134065338474991,0.4381923833010671,9.121971,1.8322717,11.006666,-0.001827626,0.0023950222,0.0376,0.0022735607,0.03,0.050529599610760076,0.34301973326787555,0.01623061265230517,0.0007729592726179736,0.2866088530666263,1.3655421863999597,0.22721632304496972,0.0,0.054086038801389444,0.5782860388751143,0.24389012486895514,0.20484352172718853,2.6521978,0.27070734,3.090699,0.006450913,0.0864,0.34952274,0.09836930607685376,0.8679126368683212,0.04889280367273323,0.10755520207654712,0.11481928640650467,,0.10594628165499566,1.1719745001398103,4.739333,1.387116,11.596762,0.7623715,0.0062609254,0.09999999999999999,0.32863498,0.13512868208633158,,0.06187214640940958,0.17645066050158795,0.1230070255228108,1.3019272346880972
0.0047394186,0.0045497953,0.0752,0.0043626875,0.07,0.07890514281477136,0.3323359980496321,0.050849065657227674,0.016589439173545398,0.08498496046959898,1.4828624004466973,0.26416867471306504,0.0,0.0807511019353537,0.5375144284469554,0.2774925028316731,0.12242559873656403,5.070854,0.80670404,5.639283,-0.0062651844,0.0024946702,0.0216,0.0023038022,0.02,0.020683733197742186,0.10856746668670474,0.009604096005482461,0.0029401600040076135,0.4048368640770425,1.0544921600541026,0.21643559048424146,0.0,0.023271463657844108,0.173489329468354,0.22624128075481204,0.03098574818067504,1.9214463,0.11103466,2.2553415,0.004915674,0.036,0.47469413,0.03926479917559973,0.36395667515503055,0.027295008107082505,0.055589181133783416,0.04556437352387938,1.4567536665423295,0.04134291083600606,0.6111829090616389,2.6942058,0.42916915,6.286464,0.5791088,0.0047745807,0.049999999999999996,0.42568597,0.06717907148828729,,0.04270396480853563,0.06732850125296648,0.060504847577044024,0.7044191184179397
0.004499731,0.010651398,0.016,0.010064024,0.01,0.014930347376015014,0.17355521056977705,0.004397762424747634,0.012263682530028883,0.019822811747615694,1.5431596841649955,0.20787485830902253,0.0,0.016616873102393084,0.3238843638063914,0.21616884997371408,0.0,8.52382,0.3730379,10.069235,-0.0051883906,0.0051980554,0.02,0.004875811,0.02,0.013893999750150033,0.062117331930668276,0.003570133052800338,0.003902079684520115,0.02183871926564416,0.9637967973339295,0.21234280321527335,0.0,0.015604453252047276,0.08613927125599466,0.2247938880359345,0.0,2.7354848,0.1680082,3.212903,0.011593688,0.016,0.40595958,0.014514182406291775,0.1515006640914886,0.00454664615984102,0.02473389557010196,0.019676315743134408,1.5383035437063273,0.016121816458687453,0.2943599163532923,4.455641,0.3899282,10.536607,1.0585194,0.011046246,0.01,0.42489758,0.019751973023312813,,0.0035350982189800103,0.04637408049501227,0.01551885442086018,0.3711691046866107
0.004632365,0.0056634406,0.0576,0.005412385,0.04,0.06005493310998432,0.2695530652797366,0.04191295948661281,0.01871296010192265,0.06221567986706387,1.4630952227366538,0.23534127135518632,0.0,0.06088348940193728,0.5214922129067806,0.24641461908684362,0.0871167462311716,5.665098,0.75330657,6.3621335,-0.0056727496,0.0032655788,0.0264,0.0030400073,0.02,0.01902613254316484,0.08809279931870555,0.00964313526170008,0.008507838946195796,0.026788223676152436,0.860380372783755,0.21247166723936986,0.0,0.020049635764595633,0.1119080296575665,0.22406182148271098,0.0,2.174408,0.14998648,2.4975204,0.0063319495,0.0576,0.4636571,0.057047206946162034,0.2204922784527815,0.04194272302485351,0.011970601070602055,0.06209884582085387,1.4629740392489405,0.06033520880019842,0.44618503068611776,3.0197184,0.8436725,6.722024,0.7394922,0.0061479546,0.04,0.49418575,0.05363661549073342,,0.030819404965925584,0.04247960347492403,0.04596289995122511,0.5552624965881204
0.00471005,0.008901588,0.0152,0.008536846,0.01,0.014194036210560033,0.17213439869137123,0.005626885606882752,0.03320671996099264,0.019440174561094956,1.281260480554283,0.20857994373230365,0.0,0.016082438059446712,0.2776121912457552,0.21625934809088554,0.0,6.880351,0.3064577,7.941062,-0.0063187266,0.0047791377,0.0296,0.0045783543,0.02,0.023492571485005238,0.055349333734094786,0.01454240032762309,0.005369604520623088,0.030281600429817035,0.5535210669284979,0.21273655773250316,0.0,0.025342758665612836,0.07754982734951403,0.22459814266630126,0.0,2.2812452,0.26156858,2.5021067,0.009905569,0.0152,0.4541261,0.013533618645714979,0.14865060051191178,0.005207578957053829,0.03316174185663013,0.0192194436666382,1.1391796315260363,0.015383467212619416,0.23259648539517438,3.5918608,0.3181008,8.298184,0.9059167,0.009591182,0.02,0.49763688,0.02983653681637385,1.4047447316955697,0.013208351871242315,0.03498808496962161,0.02547210670532152,0.2542679360523031
0.0041056215,0.0055980715,0.092,0.005441753,0.09,0.11301759499195868,0.8586543992481631,0.045793919187973736,0.09236351379407971,0.15427861222141173,,0.27325535206199525,0.0,0.128552640294674,1.2239621125354172,0.31418031580426553,0.4381779516849431,8.447554,1.477526,10.053483,-0.0027150388,0.0025387933,0.0072,0.0023727133,0.04,0.05212906730855334,0.4669574401543734,0.01282581250829703,0.002438718738200215,0.19063232065444385,1.416779392582724,0.24860210182448805,0.0,0.059779343469901505,0.6327586869592053,0.2708233947720213,0.2754744970085514,3.1697736,0.2912618,3.690199,0.0059939343,0.11120000000000001,0.39218143,0.14088022593012828,0.8286778122445337,0.08324282840492124,0.012790804695417329,0.17346881117788915,,0.15607776167905987,1.1526823921437304,4.5088496,1.93883,10.44183,0.7140057,0.0058311294,0.09,0.36751077,0.15892255362664684,,0.060970027968856325,0.17671713953618642,0.13805040076394356,1.3187502113146041
0.003968251,0.017044796,0.010400000000000001,0.016582947,0.01,0.00850240004768307,0.10037280191261129,0.0035914564316233736,0.011438186989632077,0.012259360076509393,1.1974524166904565,,0.0,0.009918590166095828,0.14758590477900643,0.21585452823595377,0.0,10.136852,0.34562433,11.887612,-0.0029896905,0.0064696837,0.0216,0.00587477,0.01,0.013346666679190457,0.023786666399492035,0.010335998969470529,0.002470398768857135,0.020796000333446453,0.10396800120228433,,0.0,0.015598677514397924,0.03439735577774055,0.21461520726227495,0.0,2.2114673,0.23794068,2.4676518,0.017924776,0.016800000000000002,0.32514736,0.014589788283499865,0.08774575155360385,0.00935607693150687,0.006100577333239262,0.01857531430204431,1.1503677003681916,0.016000317152250955,0.13234704128000369,5.156084,0.6290437,11.861437,1.5843978,0.017592812,0.01,0.34046996,0.01893966721199092,1.3183475009499683,0.003147720154855236,0.013006567932069005,0.014827158430854581,0.14059947847933393
0.00426336,0.0056179664,0.13199999999999998,0.005407174,0.16,0.150250666442968,0.7823253332704181,0.07299520144705285,0.0733952014470528,0.20167839998898984,,0.3380285814329289,0.0,0.16759024041210127,1.1103804792129424,0.38296354244481745,0.3460238732036067,8.446608,1.9620914,9.79248,-0.0044036005,0.002987952,0.0192,0.002836745,0.04,0.06982159876653081,0.5316972790030651,0.016219093150853042,0.001964319590320841,0.08970517035513771,,0.24559629104261482,0.0,0.08092755124906634,0.7895403791889741,0.27312405308963694,0.25953731804864666,3.8775945,0.4463572,4.4153714,0.0061436067,0.12560000000000002,0.43987888,0.15402533868767262,0.7885357881045343,0.08510152625977963,0.09504431141045684,0.19551564613752212,,0.16691092984303482,1.0901915640133448,4.6468563,2.1899428,10.59304,0.73608625,0.0059693884,0.11,0.44122338,0.1853295204215668,,0.0752092823908191,0.17988590738222834,0.15879553541887384,1.2174715541765926
0.0039886194,0.031708825,0.0096,0.027087979,0.01,0.008428698514402595,0.05128685542745308,0.0025174708104082127,0.0022631386712062417,0.01033375674190006,0.711993600893396,0.21026191810986078,0.0,0.009145943354223435,0.08140176020201499,0.21606460981713382,0.0,12.256973,0.54666716,13.978838,-0.0017740838,0.012442613,0.0128,0.009785334,0.01,0.0036637868588185935,0.013337600170505897,0.0013368180015512735,0.0016044805750360421,0.011285280015103717,0.04396635421740486,,0.0,0.009222383761543187,0.022527979754035605,0.2145854883783951,0.0,2.0163844,0.1719805,2.2655044,0.032585148,0.010400000000000001,0.28885818,0.00904999973447384,0.04253243243243243,0.0028802420881821945,0.002227165974513067,0.011101379807269813,0.7109994723505924,0.00983801828826613,0.07938062641928267,6.161773,0.61567867,14.006499,2.1466303,0.028801238,0.01,0.34665522,0.018828677915802103,0.8601731460531082,0.004767651499758116,0.005332708757749856,0.01540236728019181,0.08556978494913725
0.004132622,0.0048605353,0.0496,0.0046000057,0.049999999999999996,0.0585391998238375,0.3477450663297205,0.02756671920834706,0.007841760367739436,0.06537583859101373,1.438367784284838,0.2473141061285735,0.0,0.060518601210496126,0.5631558046511105,0.26117502365892686,0.11058775368086106,5.133499,0.62082475,5.766586,-0.003107186,0.0020633582,0.0072,0.0019468543,0.01,0.012659201100091196,0.08312960020739414,0.0018127360979141485,0.003865920072437699,0.369114624462447,0.5375865613038786,0.21082634686816284,0.0,0.01344753417523757,0.11734589016476574,0.21858010325134433,0.0,1.3207084,0.05507326,1.5332661,0.00512643,0.0544,0.32348803,0.06303849900464498,0.28602466617221645,0.038667539616190245,0.0030541512831835887,0.07000893746588749,1.4335432120019829,0.06506700461489144,0.5396355744481355,2.6435287,0.72579753,5.859597,0.59677714,0.0048521445,0.03,0.36975622,0.05271226321362725,,0.028169548839543382,0.0719850577732419,0.04575437885531493,0.6812529312514601
0.004494521,0.0058012847,0.13440000000000002,0.005630756,0.14,0.1401975995855456,0.9727951995690307,0.06551903897196744,0.11660761576404269,0.17124757351900305,,0.313913106440678,0.0,0.1551461167215309,1.2326292231180709,0.3543124560506118,,8.89614,1.8519527,10.943903,-0.0052587893,0.0032854094,0.06,0.0030276135,0.06,0.0766688000561067,0.5487212800435227,0.0457735466470961,0.001041279230538021,0.09337152209197475,,0.2559197061178019,0.0,0.08540500132660427,0.8247350004625524,0.2761356099310055,0.3017704639190952,4.1093645,0.5466997,4.841108,0.0064642583,0.13440000000000002,0.45686436,0.14733061766704186,0.8990613595844898,0.0837603283792525,0.11637192892796018,0.17016399512830777,,0.1592056548497887,1.232206217095669,4.8982716,2.1393251,11.815971,0.77042925,0.0062507694,0.09,0.48938408,0.13058797874889458,,0.04765338035582161,0.2611902563958234,0.11751860200810668,1.462556666210368
0.0040544625,0.0075439913,0.096,0.0073592514,0.07,0.09645439960573159,0.685521066621927,0.05699754535802758,0.0365481590185207,0.10446672017081483,,0.2561466263184593,0.0,0.09895372158138716,0.9790765909645774,0.275784188885983,0.3356944939641508,9.782296,1.6278716,11.700741,-0.0021394598,0.0027688262,0.0232,0.002669674,0.03,0.02071199974451442,0.11749439968019212,0.011324799074239854,0.0061871983769161394,0.3936423998745115,1.2533956570711495,0.22386165816112488,0.0,0.022248629149270435,0.4876972580852701,0.23554839001490738,0.07725989186762179,2.4780622,0.12272067,3.0071633,0.007861966,0.061599999999999995,0.33474997,0.06162316757134054,0.6830815097087712,0.030446531332744962,0.06135796711724495,0.07001372299880528,,0.06436530772928209,1.007260047156528,5.026715,1.0630502,12.3278675,0.93681556,0.0076849516,0.07,0.29217944,0.08596296784519375,,0.043679521249619595,0.06993603796578866,0.07695613931403202,1.0962129245652175
0.004751261,0.004360319,0.216,0.004180317,0.21,0.2394186661703352,0.8007639999134916,0.13527279982541032,0.01187279864574998,0.30887360143026976,,0.37592856029401645,0.0,0.2641464952954137,1.1007278974625714,0.43900454766814245,0.3682593755717319,6.7779155,2.2287931,7.6272426,-0.0064154,0.0027068562,0.004,0.0025234246,0.06,0.07062400038072388,0.6459360001502855,0.03054720003005709,0.0006988799360384253,0.16086240025248016,,0.2705714170699634,0.0,0.08288882322795917,0.9039555461277029,0.303191182892282,0.3523677767133435,3.8917258,0.40381745,4.492216,0.0049461876,0.1784,0.49165773,0.218143314017408,0.8388150734972265,0.12249380817669189,0.021591664096108132,0.26942848039740175,,0.23823374286762725,1.1381317055625522,3.906159,2.4103599,8.738849,0.58357203,0.004746221,0.16999999999999998,0.51196206,0.2657991350674668,,0.12428492375079755,0.20203658939814975,0.2371828193880755,1.2971054886323203
0.00422736,0.0151277715,0.017599999999999998,0.014391183,0.01,0.01547030563382691,0.14059519798670914,0.009754880117022321,0.012405576257628458,0.02021951985641349,1.4119902717938395,0.20578602690745054,0.0,0.01704440969191751,0.22939968792577026,0.21585585366198912,0.0,10.930284,0.56087947,12.804794,-0.0044050883,0.0068935584,0.020800000000000003,0.006606017,0.02,0.013208727503248202,0.051939200435227255,0.00414986733527121,0.01244960144274121,0.02051159978171004,0.8608927975894154,0.2117505617325886,0.0,0.014831709044863783,0.0772634184654418,0.22412485612887195,0.0,3.1483307,0.22332545,3.6423569,0.016400982,0.017599999999999998,0.3966253,0.014968050768448392,0.12237083677523218,0.006887006809066315,0.014204215917578575,0.020024421081837225,1.411990566544691,0.016645771360228125,0.20491093726255216,5.6489944,0.5835972,13.235495,1.5113084,0.015565739,0.01,0.39096352,0.01909633621744348,,0.0029748291796976643,0.03654475738291737,0.014774730980107975,0.23888058058871925
0.0046195746,0.0047880616,0.0008,0.0023982944,0.0,0.0022858241176967565,0.0025525335717120957,0.0009763655105430644,0.0010724267643949688,0.0033678936208791127,0.004777760740433083,,0.0,0.0026277056525986155,0.003027369074196547,0.2064446900328815,0.0,1.4602699,0.029199459,1.5583236,-0.0059801214,0.00097020436,0.0144,0.00047692202,0.049999999999999996,0.010532479811000759,0.0021655994191458324,0.00967541317930718,0.0003131199214005875,0.40181807910474815,0.0035344636225783325,0.24006595684307894,0.0,0.01086343638079461,0.002639060353653749,0.24551169864748298,0.0,0.23015657,-0.020986704,0.25271368,0.005317999,0.0008,-0.4502228,0.0025881134755607947,0.002176009192097322,0.0014026585915870784,0.0007924728267233593,0.0036720516811789366,0.003906396156035579,0.00290191899604406,0.002607197315266081,0.60729885,0.034505554,1.2933342,0.12721638,0.0024238431,0.0,-0.14532197,0.015923155769605374,0.6397667515845553,0.0012550986945812782,0.0030671765699819445,0.007933738485887005,0.24424237168373653
0.0048009986,0.0032447781,0.0328,0.0031310925,0.03,0.09583999937084826,0.485359999370849,0.03383679994463464,0.012495999952813634,0.2936511999647675,,0.23270368944340225,0.0,0.09738243275482845,0.7037824332128773,0.26568762777063887,0.22395730945011907,4.256462,0.6164604,4.6452436,-0.0067054206,0.0019433841,-0.028,0.0017475584,-0.03,0.03111466726113022,0.16074880038232672,0.020036267052734,0.0011029336739805627,0.3536448008385941,0.9228896015930268,0.19443089684201526,0.0,0.03472266321250036,0.25755288102287743,0.2066230037316266,0.1080644044740801,1.8320861,0.13972051,2.017005,0.0036086796,0.0296,0.48910996,0.09238018746196766,0.4311041799081433,0.04491364173106308,0.0158653406123995,0.09919804922209505,1.4759457980839048,0.09411492256654937,0.6989383387668112,2.309093,0.7035238,4.97371,0.42327827,0.003484663,0.03,0.45437562,0.10750099967199567,,0.043805512235532335,0.0945469968143041,0.0992502085965392,0.8265315582398512
0.00397583,0.011945047,0.053599999999999995,0.011663201,0.04,0.0523094398026978,0.26869439660257166,0.040591268169592604,0.038538874453427276,0.05828499203729612,,0.23466301668908623,0.0,0.0540347647767775,0.5535361959162599,0.24588406631769058,0.10345364532627191,11.886665,1.4734885,13.624397,-0.003042737,0.0048495363,0.02,0.004668583,0.02,0.013750399947900952,0.07525119937481098,0.0030604749023143995,0.0199302374511572,0.021188864580175003,0.9182481077147927,0.21277520365924915,0.0,0.01566229707812804,0.0950934454000776,0.22454462947650303,0.0,2.7705617,0.1581321,3.2379408,0.012679586,0.045599999999999995,0.35571024,0.043892733496277835,0.24712074414671528,0.03274708317815584,0.039425376259495604,0.05009869796535809,,0.045750817755387065,0.5429030786169573,6.053709,1.3213749,13.971546,1.520972,0.0123838615,0.04,0.34283212,0.050188469052378726,,0.03154053698882166,0.045458109799133145,0.045298232861986636,0.6028629938257669
0.004031252,0.004073736,0.0856,0.003900839,0.11,0.17727999984271195,0.7827733328439925,0.0883519999370848,0.0047040012583067885,0.23556799864732283,,0.31967141667450766,0.0,0.19773063781549682,1.0595919139601855,0.36996306552117825,0.3632709541346576,6.529583,1.6560919,6.8952713,-0.002556891,0.0019468543,-0.06,0.001733677,-0.06,0.0705888002063924,0.2679416002983171,0.012828319871806299,0.000913279593627129,0.3225699202327424,1.4854548803491134,0.1848755677453829,0.0,0.07988696108950526,0.5167838515863818,0.2144351688476628,0.29888538892088595,2.42985,0.2764851,2.5656886,0.00431244,0.0272,0.3738801,0.12545275662746663,0.7847908331656388,0.05149929037493525,0.02926967292876759,0.17734464690585686,,0.14934022220289744,1.1174222972283268,3.4829776,1.2548643,7.53974,0.501521,0.0041462313,0.08,0.35244763,0.23599409580282885,,0.10784099445456234,0.14960279768184823,0.20328428097013465,1.2241446274261292
0.0040762518,0.005864286,0.0528,0.0056132306,0.06,0.057136000807411935,0.629408003208676,0.04225386757124825,0.03358079957217737,0.060524047492655476,,0.26018707375384176,0.0,0.05884034854155379,0.9838420913286521,0.2673363140653849,0.33187536042850474,7.340661,0.7381851,8.984366,-0.003009025,0.002646869,0.0264,0.0024882255,0.02,0.023012114151622656,0.10789695994661855,0.019230993893033062,0.00516339194979253,0.1619905278823203,1.3127105279424347,0.21390647974588836,0.0,0.023999826646027123,0.3429331019444983,0.2256454785431977,0.0877478346384733,2.3093793,0.15469533,2.7677107,0.0062679793,0.0528,0.36085767,0.0557511747792299,0.5895418133065192,0.04229744919649056,0.03335778140453954,0.0604630767196159,,0.05846256334182189,0.9765693464535807,3.8416345,0.7993052,9.343683,0.7429377,0.0060542235,0.04,0.3861207,0.056680940075790005,,0.0353524292090362,0.07009283769976521,0.04905163475216184,1.0900192836621265
0.0042837285,0.011577938,0.0464,0.011184774,0.04,0.044201309208212164,0.40875360002831185,0.03300714527638111,0.04031071750730405,0.04948470886818304,,0.23490607990558648,0.0,0.04616023233798478,0.7606409296692567,0.2457413333415206,0.20218766263628124,12.372316,1.2005955,14.82011,-0.004512668,0.0055758255,0.0272,0.005429576,0.02,0.019518079227651378,0.10399039671775143,0.00879903937120289,0.015399520062218333,0.02746090458177073,1.3279913566194737,0.21213104097468782,0.0,0.020710053902168422,0.3101001798991881,0.22372448774251466,0.0,4.299487,0.24930707,5.1474867,0.012637651,0.0272,0.45694372,0.024110669645087138,0.39347791756989414,0.013872390713570713,0.04397284080914688,0.029998261049909526,,0.026386493779128023,0.7286769492979784,6.4999733,0.7120575,15.89021,1.4287369,0.012256864,0.04,0.42136502,0.049238706607819795,,0.031455600431525926,0.04221862333804722,0.044531751382973606,0.7889010551517394
0.004139253,0.005860496,0.1032,0.005697073,0.11,0.12087808089792561,0.9381952015351314,0.05217952089968939,0.11031808359875743,0.1456313619767961,,0.28954117328284257,0.0,0.12989311640710688,1.2790259081571802,0.3283518031489679,0.46139045934942985,8.961983,1.5557779,10.9426,-0.0040679714,0.0028382333,0.0304,0.002664717,0.04,0.0559600014652854,0.5007200030057108,0.0157160000751428,0.001488000100190362,0.2385394294621009,,0.24198052020530086,0.0,0.06316090121570969,0.7654601502779493,0.2605588998648914,0.28218529142721405,3.5284572,0.3494624,4.1677413,0.006334568,0.1032,0.3893366,0.12178922372621315,0.8975859334909436,0.06326561109279609,0.10954105149220426,0.14345974357589653,,0.13281163196344853,1.2678789767313752,4.8152957,1.7487389,11.596117,0.75838,0.0061598546,0.11,0.39009947,0.1568338186710072,,0.07640812477113237,0.21239511356332577,0.14391246222076723,1.3688138598888062
0.00463947,0.0057155467,0.1504,0.0054763327,0.11,0.1576704000754983,0.8519018664835135,0.08866112162321578,0.04234444873666197,0.18235008212401765,,0.2865888133155697,0.0,0.16801386913029004,1.217206933792339,0.32320529593109143,0.44183570763443547,8.378041,2.006639,10.042115,-0.005912699,0.0031956772,0.0472,0.002997373,0.049999999999999996,0.06195680071536053,0.381556800755937,0.031231360038473124,0.0052313600090171325,0.07816448316801924,,0.2456968683635446,0.0,0.06743887922269892,0.7910925864175121,0.2644138203375803,0.31454452498759855,3.996828,0.4120047,4.799341,0.006347873,0.1504,0.45013648,0.16078918269858258,0.8039749925878681,0.10257518982004103,0.03435943079811098,0.18198408543937844,,0.1689101061129135,1.1959358013970374,4.6412296,2.3086987,10.940011,0.74609745,0.0061167176,0.11,0.46167907,0.14670907532705849,,0.07168748316224814,0.18513852769634626,0.13385896553398133,1.3339846715507035
0.0039905147,0.0048250086,0.1032,0.0046947435,0.09999999999999999,0.15579519879203022,0.7486976007675656,0.08642380800785186,0.07428650685317545,0.20646783880335262,,0.29206327440374924,0.0,0.17613606444529908,1.0359346986717555,0.3402254643302329,0.3524101417287319,7.532977,1.7449867,8.343935,-0.0027502377,0.0022641413,0.0032,0.0020707943,-0.01,0.08970720028103424,0.35580205719659197,0.04902048020018047,0.0005845759126659992,0.38663530657662887,1.206976479982191,0.21538481723480513,0.0,0.09603806303236306,0.5976761260289741,0.24132533951739027,0.2246122954649861,2.7920032,0.4260116,2.9552324,0.005205762,0.1048,0.38483813,0.16594222424475794,0.7127814245416357,0.08804121482111185,0.005530261467804268,0.2080139949499357,,0.18127977224393937,1.0311431666420046,4.0150766,1.9733765,8.714203,0.6118968,0.0049943966,0.09999999999999999,0.3481598,0.20818602804069955,,0.09402955411585368,0.1677875967370843,0.18183360961149928,1.139474076362378
0.00399383,0.0052953833,0.0008,0.0026450867,0.0,0.002273066678628311,0.0026805818943560393,0.0009036372434959958,0.0008471600268176109,0.0033468968274064535,0.2646636806736127,,0.0,0.0026151944623918097,0.00311024766299976,0.20600646665425681,0.0,1.3718072,0.009093031,1.5209012,-0.0025950647,0.00093153556,0.0048,0.00035893134,0.02,0.001268800274271325,0.001903200450293374,0.0003006401042982816,0.0001717942992093231,0.4034115216786895,0.0029646084945961037,0.21038571572539289,0.0,0.03213387716788766,0.002300407742882235,0.21497209117327695,0.001887967727481768,0.23399992,-0.02615322,0.304398,0.0058995807,0.0008,-0.45653275,0.0026117108050117167,0.0021918229757706535,0.0013393508541784285,0.000514731994490783,0.0036940149803278474,0.003805263732277752,0.002935602842462549,0.002687327033491233,0.56407964,0.016358232,1.2346106,0.13302189,0.002674362,0.0,-0.14809957,0.013898579151968491,0.640844690102131,0.0012050570965816832,0.0026801205113050493,0.007617414350942298,0.18354195716498123
0.0042676227,0.006324239,0.2256,0.0061466056,0.22999999999999998,0.2363744013547752,0.938040400396169,0.14667231960992486,0.12073616005599441,0.25521453790472165,,0.3972496003023832,0.0,0.24690310768783846,1.244412431918792,0.44369280030754205,,9.931036,3.3267384,11.738638,-0.004804176,0.003326557,0.06720000000000001,0.0031183374,0.06,0.0817343995599636,0.6087359985873145,0.051347200781484845,0.006947199278629397,0.09368319867748723,,0.2563252005140858,0.0,0.08478644566409257,0.8882485940461476,0.2739939531139032,0.29859538140453146,4.4271464,0.59109086,5.266346,0.0069552725,0.1688,0.46850067,0.18278379435987996,0.9238994880290368,0.11129604096245775,0.11260140318178795,0.19786748044818503,,0.18925125953024072,1.2831105593648664,5.4300017,2.8247538,13.012527,0.83555263,0.00677727,0.15,0.43977547,0.18580100302702554,,0.09942816047643098,0.2793463029481531,0.17407062502615958,1.4061100407318243
0.004772577,0.02453005,0.0096,0.02206923,0.01,0.007826370227106553,0.08058742775995183,0.002571413651544299,0.002821399824230616,0.010397993271137466,1.0679407999276476,,0.0,0.008855355826194363,0.13677498319925083,0.21585882968044817,0.0,12.77673,0.3982977,14.9680195,-0.006499184,0.011962222,0.0128,0.010603836,0.01,0.004486628544193127,0.032579200112213394,0.001265159589306768,0.002960283873165468,0.01142253190311435,0.6911457609440956,,0.0,0.009086828368423403,0.05307186500087317,0.21463668615286602,0.0,4.5492287,0.16669784,5.371449,0.025945785,0.010400000000000001,0.37161478,0.008276730637926085,0.07924285050179114,0.002806732152848826,0.004188656588758108,0.011122757262230835,1.076639586414126,0.009386465212396888,0.12833975467938744,6.778268,0.45524105,15.876818,1.8155134,0.024484525,0.01,0.44791055,0.018640725474048166,1.216811046768119,0.003264111934496441,0.007640980763037879,0.014741592700919667,0.1362017647925207
0.0050350013,0.0053200154,0.2048,0.0050997497,0.19,0.2071392017616295,0.93357973397367,0.109593921119893,0.06319594741326202,0.25165811279444333,,0.35138018137697713,0.0,0.2274871633209953,1.307958954252042,0.4054570294999226,,8.173288,2.4816132,9.868271,-0.007089635,0.003505031,0.08320000000000001,0.0033017688,0.049999999999999996,0.10931199975954269,0.7277247997066422,0.06170496026450255,0.0019541334963098594,0.12974463899104147,,0.24405264363440715,0.0,0.1164673963213832,0.9662021884577149,0.2716472139505512,0.39347154542758433,4.8878326,0.8328439,5.7272806,0.0061372304,0.14079999999999998,0.55944973,0.15445278013895672,0.9735685814625032,0.06441050476056226,0.14288324211497686,0.18757867689472632,,0.16718522299329347,1.295039388594245,4.760659,2.1201792,11.570559,0.72843987,0.0059264596,0.19,0.5345357,0.24257112759410043,,0.13228471131464908,0.2343848594472779,0.22258217408625414,1.3973445255696553
0.0043903086,0.010642399,0.0152,0.010111866,0.01,0.014244946050212048,0.16077360077543004,0.008175431134972268,0.04431577637406885,0.019184160669785115,1.1615762410007848,0.2085607837325214,0.0,0.01578074133511559,0.23352296391904256,0.2161751835829391,0.0,7.805706,0.34432948,8.935221,-0.0052637463,0.005273411,0.02,0.005164344,0.02,0.013709598943490664,0.06313973245399537,0.004402559663360352,0.0126692260024697,0.02131727869942647,0.5252691139164413,0.2121840104187063,0.0,0.014919395037277629,0.08943879002408116,0.22454515461729319,0.0,2.4080343,0.17698045,2.6968155,0.011615407,0.0152,0.41222587,0.013677909394611151,0.1479400577666079,0.004364681136719627,0.04255002298111916,0.018996249879854214,1.1614463799103283,0.015490008387531772,0.21917554025050126,4.058305,0.36260703,9.288508,1.062402,0.011333219,0.02,0.4731382,0.02975775340601189,1.3689027440286332,0.012867900439483647,0.03790996938069996,0.025388445420342125,0.22630800097934523
0.004003304,0.016062362,0.017599999999999998,0.0152310375,0.01,0.015100801024945895,0.18865440132122213,0.00891272069521451,0.012833923862152851,0.01992579213205904,,0.20516995899983412,0.0,0.016979064453962293,0.41499064491445015,0.21576974659699483,0.047006799909239345,13.574542,0.5627279,16.247812,-0.002683806,0.0065975897,0.0216,0.0061637997,0.02,0.013253236795266821,0.05809280132251277,0.003129281033964526,0.005129281033964533,0.020581760554103174,0.8686108169548552,0.2116217423654241,0.0,0.014686539250969237,0.09177307832251043,0.22379937930240965,0.0,3.4107137,0.21339662,3.9365926,0.01703309,0.017599999999999998,0.3392355,0.01444449164858629,0.18186612637998448,0.007835132147825061,0.014035363409524569,0.01979752910915672,,0.016572369294423836,0.3959611132616418,6.967945,0.5819959,16.649124,1.5613499,0.01616505,0.01,0.34159917,0.01901354177437355,,0.002788665643984487,0.04392923240193097,0.014553774885861159,0.47075886281940554
0.0049928427,0.014243866,0.016800000000000002,0.013658859,0.01,0.014251199969171556,0.21474133369684323,0.009094982512432898,0.012808960360377363,0.01898842374040628,,0.20438530652858386,0.0,0.01600279684291886,0.4480251715422788,0.2157875223327595,0.05077707205127605,12.172064,0.4776837,14.575806,-0.0067525175,0.0076917345,0.0216,0.0073174345,0.02,0.0137498183934601,0.08134133353371406,0.0051296026450255335,0.01152960264502555,0.02112959991450416,1.1447666285012543,0.21180742120411328,0.0,0.015567043844542832,0.1431278405503861,0.22412032692158626,0.0,4.9819036,0.25499967,5.8845606,0.015958376,0.0184,0.4677974,0.015290606118148071,0.17679562466363147,0.00876177507890534,0.012274668698744464,0.020363553412018474,,0.017029821370626266,0.407870200876511,6.5553946,0.5662893,15.645765,1.4747504,0.015184362,0.01,0.45209357,0.01888824585288944,,0.002710116317900244,0.033141339793735625,0.014404395277495681,0.47779607617549374
0.0048422096,0.004683849,0.1856,0.0044588465,0.18,0.2094805333640919,0.9134208001635796,0.08356415996225078,0.06930944073652699,0.2666387201472216,,0.3436085497212353,0.0,0.23200261215693163,1.2468006530405167,0.4071008697820232,,7.360554,2.124909,8.7235985,-0.006571069,0.002924495,0.048,0.0027633726,0.07,0.10895893317169267,0.6798922663059813,0.050975362188157486,0.0006292268174867468,0.12837824007454193,,0.2748380851707784,0.0,0.11593241317695228,0.9279549422026125,0.3081571693378584,0.36337586487635737,4.2980013,0.6595983,4.9121256,0.005323811,0.1672,0.54031134,0.2041941421121997,0.909545188347462,0.1034211076571155,0.08775737960296645,0.24825019307241186,,0.2218030200007069,1.2335147626304772,4.261469,2.4345076,9.862266,0.6295114,0.0051564197,0.18,0.52620876,0.2659550424160225,,0.1239828128145593,0.23924796805986848,0.24011356520389307,1.3709591784044683
0.005057738,0.013942126,0.0192,0.013215011,0.01,0.016299200015379257,0.1943285325559814,0.010279036768676633,0.01233951927437642,0.021063004721481093,,0.20546380527373492,0.0,0.01798733108641777,0.4438733137110438,0.21568661773616615,0.06021306435152173,11.955942,0.5315717,14.406935,-0.0071991985,0.008200386,0.0224,0.007917803,0.02,0.013877600113716153,0.09337706642620978,0.0037643734149552075,0.02089312113014728,0.021697351114910907,1.308076162308386,0.21198715550893615,0.0,0.015286300196670616,0.1486588989250355,0.22337024795795268,0.0,5.4185457,0.27407366,6.4564223,0.015899466,0.0192,0.50143707,0.015416797040556322,0.1711831129752895,0.005979605536428608,0.029970706042593928,0.020752393254336178,,0.017121874129567276,0.3868021255812654,6.5443497,0.56826526,15.761334,1.4985874,0.015385144,0.02,0.54058695,0.02860110063143239,,0.011393497534234171,0.03500290927211402,0.023625379181772387,0.4468194516223059
0.004149201,0.008988746,0.0664,0.008808744,0.06,0.06609039972789169,0.5943743977182763,0.037114879124220804,0.051708926253668755,0.07383352857726445,,0.2501617776804275,0.0,0.06829609530199628,0.9407921909895359,0.26570738976886654,0.2932111981896163,11.078667,1.3315545,13.3541565,-0.0029183007,0.0036716072,0.0232,0.0035030488,0.03,0.019139840028373965,0.12709973343085199,0.007446612864442432,0.016739838593327318,0.028352853061883888,1.393058559848512,0.22330799688908634,0.0,0.02096592907174727,0.40423230062563587,0.23513587184414902,0.0559699080778145,3.1063156,0.1646393,3.7276282,0.009512822,0.07039999999999999,0.33348143,0.06982106600631105,0.5900752974765631,0.04646983974173836,0.034348063671016525,0.07765150611259669,,0.07207693231934409,0.9046566976064823,5.7425656,1.5239722,13.68958,1.141156,0.009327331,0.06,0.33502722,0.07480904799641684,,0.040624124997113924,0.06101485792186097,0.0660002427643898,0.9937407247577297
0.00440073,0.003941103,0.053599999999999995,0.003711363,0.04,0.08420266673191208,0.27012480014596324,0.04973120074554459,0.0023082681766348145,0.08797440002516604,1.1423872000041944,0.24374638427066023,0.0,0.08561183155337704,0.5181530522187556,0.26006049517147406,0.08894865427625735,4.2036457,0.6965284,4.482294,-0.0050733746,0.0021704426,-0.008799999999999999,0.0019349558,-0.01,0.018001919748962834,0.08380479993688,0.0004669865663426663,0.0020019183985542505,0.24488345602904718,0.6694724274526944,0.2009344507909885,0.0,0.021627878149862,0.12765575560066597,0.21122259537160712,0.0,1.3876357,0.09834519,1.5190125,0.004191426,0.053599999999999995,0.34735224,0.08421704106638499,0.24065891779641962,0.06242645058395678,0.0025347611041856917,0.08821589720014536,1.3254452310147866,0.08571473207116179,0.4734625097622651,2.2124786,0.7767543,4.655068,0.48611873,0.0040206197,0.02,0.4384516,0.05963293770276052,,0.03504033205693056,0.06594192110483012,0.05541225412956514,0.6284851908555219
0.004249623,0.012144944,0.0152,0.011574146,0.01,0.013370400357043854,0.12948160171968598,0.007869654702360368,0.006604482053540535,0.01779371794248268,1.3711361286994161,0.20592423771104107,0.0,0.015055723995431708,0.19910813604149386,0.21595353421446267,0.0,8.322264,0.37681395,9.760033,-0.004326262,0.005265479,0.0216,0.004920925,0.02,0.014548399598361492,0.04709679957243723,0.0049987195671776135,0.0029987195671776377,0.02311539124818669,0.5999294927200676,0.21195531403030593,0.0,0.01628400619198842,0.06354200315046987,0.22464851870427432,0.0,2.277402,0.19186132,2.592334,0.012959424,0.0152,0.35642132,0.013012384177729609,0.11800684950532916,0.006703623819096219,0.014526217973962415,0.017746495368778325,1.3838868920397225,0.01480635274696656,0.1857877905213762,4.2969294,0.39213988,10.075543,1.1386051,0.012468964,0.01,0.38115287,0.019195504795242187,1.5324670516042984,0.003306249259156786,0.02932527045207421,0.015073141387181296,0.2039621390033139
0.0040331464,0.0050784335,0.10400000000000001,0.004737376,0.11,0.1450357337220093,0.731176800014156,0.05371535889268998,0.0036614355707600883,0.20575882694656927,,0.2984278039722561,0.0,0.16725752521663706,1.0989908579263121,0.34603407502852834,0.380306411345478,7.5544124,1.6811997,8.542767,-0.0036331885,0.002651331,-0.016,0.002254722,0.01,0.06215680071536053,0.3764784002840399,0.0005704535748592207,0.0004889601195415427,0.09940224113736312,1.5118681608407987,0.23102647782889746,0.0,0.06881190614575275,0.6674785726454352,0.25775501449657734,0.2553668761760813,3.1366816,0.31761056,3.490779,0.00540816,0.1144,0.40996513,0.16813406312141332,0.7205576199316575,0.08967583656853657,0.015953966750010967,0.21609752215672784,,0.18524063309729513,1.0884216945891731,4.089312,2.0540216,8.994883,0.6239223,0.0051333844,0.11,0.39536458,0.21524326448804118,,0.09923952661087,0.13822798612953105,0.18538240098110506,1.2098797554982912
0.004928421,0.0050713276,0.1448,0.004893694,0.15,0.15585919916952082,0.9175530663283229,0.07748394729805541,0.0740518409814793,0.19255552043956736,,0.3236014820014593,0.0,0.1712279724716587,1.274855945053311,0.3675433740148424,0.4244023356139589,7.6914263,1.778846,9.253302,-0.006907691,0.0033850572,0.068,0.003134698,0.07,0.09406240017733726,0.5718165331837155,0.046584960925758964,0.006769920235648616,0.11132927911511542,,0.2672019590527224,0.0,0.10202316206431897,0.7951246326393971,0.2917150327260776,0.3037965950468434,4.3814135,0.6925397,5.0490794,0.0058366423,0.2048,0.517866,0.22012659560812936,0.8206048474573389,0.15136238877493235,0.018257335008140016,0.2521655792771372,,0.23485760855177568,1.1314763168861137,4.425913,3.0017362,9.934269,0.67850053,0.0056651193,0.09999999999999999,0.5634199,0.15331536956374855,,0.0621495714142614,0.17977537681242475,0.13478887530320677,1.3263927572331082
0.004606785,0.0071693026,0.07039999999999999,0.006806929,0.07,0.07065400052298274,0.8580106683164425,0.028221599973261072,0.06308106709518947,0.0787944025173926,,0.2552793605636897,0.0,0.07313828865516984,1.2167259461007471,0.2758450912255297,0.46428584738165846,9.857377,1.0869963,12.412344,-0.005722821,0.0038114116,0.053599999999999995,0.00358584,0.049999999999999996,0.049533865720867876,0.3967503989615259,0.030286719596432973,0.004120318456261103,0.1313414385332131,,0.24207292847121106,0.0,0.05190234971602313,0.7245755879696467,0.25468877449879196,0.24868792949677704,4.3312163,0.43753973,5.193097,0.007978711,0.07039999999999999,0.45433286,0.06953595087827225,0.7943163642851858,0.029760080860091145,0.05235877730315974,0.07837371377654032,,0.07220682946495609,1.15592839168075,5.3790984,1.2332548,13.390501,0.9335281,0.0076290914,0.06,0.48343498,0.07542005716726266,,0.03292912696481053,0.11895689869700685,0.0662150171097496,1.3030246707185018
0.0048038405,0.004426162,0.0008,0.002128764,0.0,0.002612533235290448,0.002323576323336135,0.001145343713643524,0.0005980158750755962,0.003745635669781632,0.003955495428514563,,0.0,0.002941742496422694,0.002812613744634009,0.20641507917608837,0.0,1.2620296,0.023047876,1.3487148,-0.0063048447,0.0011090171,0.0048,0.0006380441,0.049999999999999996,0.0016631998890390604,0.001989599469491038,0.00047722712460454206,0.0002863359878809557,0.40480000000000005,0.003347519278829325,0.232795234463757,0.0,0.0018208284282522527,0.002462485472613883,0.2485366182439063,0.0,0.44903445,-0.024967814,0.4929093,0.0048787934,0.0,-0.46216726,0.00204536671319197,0.00266907096690347,0.000594222410960947,0.001087739156254566,0.0032229380959955963,0.004152727244208731,0.002433550093897156,0.0030874416155201702,0.46470416,0.021146618,0.9980476,0.102988444,0.0021290716,0.0,-0.016999321,0.015813034720820768,0.6494682085832426,0.0013066101887208958,0.002714239028224331,0.008259353527495463,0.2593431630874075
0.0046560494,0.008718743,0.0152,0.008245053,0.01,0.01417493302155367,0.15429973208621478,0.005489917266979137,0.02234495820062129,0.01901986895759119,1.279872853045881,0.20832716379100685,0.0,0.016007848297342933,0.26701569698790595,0.21622887171676475,0.0,6.6643476,0.3014298,7.7252955,-0.0059414525,0.0047117146,0.020800000000000003,0.0044192155,0.02,0.014601599978959986,0.06001279831680192,0.0038412774271115264,0.0061206387135557564,0.021188608046744866,0.6365715208896904,0.2123825775694568,0.0,0.016016370932795825,0.08522455569389562,0.22441523012776302,0.0,2.2244809,0.16074869,2.496158,0.009605088,0.0152,0.43297568,0.013610629497201761,0.1461734424828221,0.005144096235528014,0.03474834345514322,0.018741971410779934,1.2798733403370441,0.015365205174885386,0.22863167814353547,3.491352,0.31615117,8.082827,0.8696762,0.009287966,0.02,0.49587345,0.02969783308236302,1.5265499445008694,0.012985284492825926,0.0339708730528844,0.025307516775113965,0.24963165809430943
0.0046555754,0.007357357,0.088,0.0071086697,0.11,0.08730240100664542,0.9206255993645576,0.04891349352235847,0.0907801604865453,0.09555130213336088,,0.2952928090208675,0.0,0.09004358211484728,1.247078606969934,0.31562637678884486,0.41840606721863355,10.4556465,1.41999,13.0656805,-0.0059379814,0.0041505117,0.0448,0.0038257884,0.03,0.04013013325318107,0.5006975997475198,0.020994011629966555,0.002191616434938709,0.4392371189492028,,0.2224592764739269,0.0,0.042844920278249946,0.7510336902192357,0.23487098661458145,0.27680734477323066,4.707003,0.3741149,5.755538,0.008134099,0.12,0.44057173,0.11881399650427374,0.852382474627761,0.09042649718511847,0.050795762345278696,0.12734313816350495,,0.12175887445817843,1.2123073311147115,5.7322745,2.2440622,13.835019,0.96882993,0.007983618,0.06,0.4955084,0.07472282615233454,,0.033658889065803305,0.14276714125262124,0.06574812087717434,1.3348505253155714
0.0045868903,0.0045246896,0.1656,0.004349424,0.16999999999999998,0.205761066622626,0.7981887997735051,0.10577109134520861,0.025504424929089355,0.28210325355339666,,0.35006596981526744,0.0,0.2304486604177509,1.1509216503057729,0.40778001328862834,0.34877244001161595,7.225908,2.123292,7.9662867,-0.005702495,0.002799563,0.0232,0.0025541612,0.02,0.11423519957018252,0.5334901329779906,0.059282815393470675,0.0014070393128932078,0.14353167929065225,,0.24209767134015076,0.0,0.12680906783200915,0.7628742232341407,0.2770462169820187,0.3092167572378909,3.9967015,0.6914518,4.2784176,0.005123121,0.1016,0.5353801,0.16324161973552156,0.8287828079686557,0.0673340341010191,0.0806707043986624,0.22198343241610483,,0.18321591612060406,1.140629975599398,4.126905,1.8999846,9.184103,0.6010668,0.004955437,0.13,0.50569147,0.2536151776581653,,0.10422984464740459,0.19077177979690005,0.21544268261366847,1.2698869730582796
0.004973895,0.0046113753,0.1544,0.0044503207,0.15,0.18131733365489977,0.7759520020761981,0.08703040100664539,0.03103040100664543,0.23789120263824642,,0.32190433294467224,0.0,0.1960612143899924,1.110276728876028,0.3760269513180475,0.3518286991329874,7.0486307,1.8674719,8.07796,-0.006813001,0.0029805168,0.07600000000000001,0.0028119576,0.07,0.13521280132251276,0.574146134019973,0.08144767718665466,0.0005496684645478895,0.28564582501626845,,0.27563428939476275,0.0,0.14776098933809004,0.827840247672433,0.31012235390284737,0.28934123449197346,4.230951,0.88120985,4.624957,0.0052911667,0.12480000000000001,0.55643743,0.16345879750169015,0.7918511557459126,0.07274001363564465,0.10399382795041485,0.20687278988784685,,0.1786307183638055,1.1399430093224632,4.1099634,1.9553568,9.339434,0.6311641,0.0051508914,0.12,0.5456425,0.20727335091827437,,0.07631980458305669,0.20982231596339923,0.17933209542662035,1.2414048812436953
0.0042235698,0.0047103763,0.12,0.00442853,0.16,0.16071040086823002,0.732755200434115,0.06825471963425316,0.003164160905980887,0.20823872156532747,,0.345313931176598,0.0,0.18029212953164028,1.063104861330344,0.39459718518909404,0.34301185530611555,7.1059465,1.6926404,8.061499,-0.0043684016,0.0023950217,0.0136,0.002196717,0.01,0.08341183935365143,0.45101973226597064,0.03074591889449748,0.002745918894497472,0.10351327681333937,1.4957783192236993,0.2278537323936751,0.0,0.09548603792512753,0.6478860379251276,0.25353665056148117,0.30131677384729544,3.1061904,0.4211706,3.449257,0.005078862,0.12,0.38326868,0.16743923231305674,0.7911044959465221,0.09187961740947631,0.01095577976753779,0.20847451521886629,,0.18648281406557599,1.063048248765446,3.8759813,1.9328864,8.64018,0.5855906,0.00477854,0.16,0.38511884,0.254898280413315,,0.14495769965842548,0.1438411296738265,0.23107385552888898,1.2322685185468585
0.004126464,0.011616779,0.016800000000000002,0.010977297,0.02,0.014967679994463471,0.16082560025166134,0.00873907564928527,0.014659072629353733,0.019918445410392453,1.177258237669625,0.21699296880454524,0.0,0.01696135916174735,0.24688271933013858,0.22597843762522743,0.0,8.511383,0.4035724,9.677728,-0.0027031405,0.0047578197,0.02,0.004561994,0.02,0.01230115590599962,0.052636801514882064,0.003308417192666093,0.012542085963330327,0.02001312019066245,0.40203936094770154,0.21171315233469115,0.0,0.013525070782940338,0.0749650706627118,0.223897992012414,0.0,1.8157256,0.14737898,1.9627188,0.012395434,0.016800000000000002,0.35633358,0.014402981960632905,0.13918432311879345,0.0048000064771074906,0.015114073485600791,0.019719041350648104,1.1175179975995109,0.016507716361193164,0.22540699166782946,4.3050575,0.4175267,9.765841,1.1410136,0.011887507,0.02,0.39386868,0.02939687372095378,1.2466899729848389,0.01249839101017983,0.03770573042107569,0.024987678673176746,0.23807092859856535
0.0039185137,0.0053707003,0.08399999999999999,0.0050888546,0.13,0.12276053226237724,0.8389407987479872,0.0384187720006501,0.10202815807479061,0.17048447982551515,,0.3194038749331908,0.0,0.1416447812430491,1.156667172257794,0.36335850924176444,0.38363188532431935,8.217934,1.4926746,9.581924,-0.0024403867,0.0023261113,-0.0136,0.0022120862,0.03,0.05273813241291732,0.46955359929516016,0.012301438533213105,0.0027507195960320818,0.26915647916170604,1.4910376528135119,0.24908570005799713,0.0,0.06309090980985206,0.6534727274674061,0.2720907783873518,0.2286400855766811,2.9891915,0.2679875,3.3813386,0.0057152137,0.08399999999999999,0.34898615,0.1275874199028652,0.8384350928656061,0.04919266382046162,0.08072304544263595,0.17053725171059023,,0.14819328321418476,1.1563575199325404,4.3723474,1.6720781,10.0481205,0.6690481,0.0054344325,0.09,0.36101794,0.18142838207467865,,0.07393756125065444,0.18657856629778125,0.15804538778442387,1.3067817557878347
0.0048493147,0.005328068,0.1176,0.0050201695,0.15,0.1238387205556674,0.8879968007612741,0.04419968015477143,0.014171246284066933,0.16399769679887252,,0.3252216327853637,0.0,0.14337614825146783,1.2039045916205735,0.36774377353694987,0.41589520554449777,7.8312845,1.5027835,9.525675,-0.006478362,0.0032655788,0.0736,0.0030672743,0.04,0.10293568039627353,0.5582956806367307,0.060853920549594744,0.001707840997896003,0.12011370692742943,,0.23911811044048986,0.0,0.11046204546882851,0.8508620458445426,0.2624454645456159,0.35015505992467594,4.31052,0.73324966,4.9775667,0.0060050148,0.1176,0.4794044,0.13285225459061997,0.8733808590232582,0.07366184478586947,0.05512665275098253,0.16419842036565063,,0.14814778217995828,1.2198799066564288,4.4683466,1.8231375,10.658112,0.7133079,0.005787895,0.12,0.52257216,0.173391882326178,,0.0819546140624864,0.17474063158109437,0.15524144073248067,1.3278548469139322
0.004874421,0.0053029624,0.19999999999999998,0.0050613796,0.14,0.2094239950297077,0.7847413315996709,0.13145493123895705,0.011982397930093468,0.2472805325248728,,0.3145583563394474,0.0,0.22229672298428785,1.081461271272911,0.35687103987969493,0.4199068404896894,7.868823,2.529354,9.072233,-0.0062721246,0.0033691926,0.04,0.003118833,0.049999999999999996,0.06643679898707355,0.5893823985572587,0.02118314565567789,0.0007249063751793248,0.0833862389540126,,0.24882315032425129,0.0,0.07049790019194885,0.895746850104011,0.2716425255325479,0.33405823875411106,4.2712293,0.4844596,5.036685,0.006000964,0.11120000000000001,0.54700905,0.1284953098783398,0.8310565057083307,0.06383222421265528,0.08194020384687634,0.15588783982895316,,0.14018314855302522,1.170219495546531,4.471126,1.7444793,10.672956,0.7149159,0.0058180788,0.13,0.5239112,0.1812403519917734,,0.0914511921132852,0.1585639829909688,0.16354057863961544,1.302247736370531
0.0049378946,0.0048250095,0.14959999999999998,0.0044010566,0.15,0.17259520113247614,0.7903590402909201,0.07522976031268863,0.0019063463585221232,0.23889590919534226,,0.3242822451355183,0.0,0.19210204881647305,1.1158040968465062,0.3777580654591442,0.39135486567612876,7.1137624,1.8463567,8.2221985,-0.0065899077,0.003067274,0.0288,0.002940855,0.049999999999999996,0.09069919954012538,0.6150330662214871,0.027579840208596714,0.001389920104298362,0.1148074233955867,,0.255841098731708,0.0,0.10257165844180553,0.8972574875014722,0.29099356612345667,0.3118423463158949,4.2802773,0.5945107,4.8345385,0.005467485,0.14959999999999998,0.48966274,0.18752826734185607,0.8100644895667634,0.09806028110336647,0.007777105854593402,0.23876660605041702,,0.20752985020698866,1.099193464492398,4.1454854,2.3062735,9.298943,0.62839824,0.0051287943,0.15,0.5392239,0.24424992297808606,,0.11539211886985179,0.19449537240529677,0.2133083940087112,1.2532220960466771
0.004408309,0.0046440596,0.09680000000000001,0.0043527405,0.09999999999999999,0.1320864014659245,0.8564432015194025,0.03649152021810651,0.002214912421985101,0.1870355220183162,,0.2801026226743103,0.0,0.15343139471554867,1.231887596550698,0.33334901751538704,0.47015463221842746,7.1273813,1.3754528,8.43299,-0.0052939877,0.002638936,0.064,0.0024431106,0.06,0.13127786594529608,0.47348671948205556,0.08643445368353228,0.0010516804929365797,0.39466047370003005,,0.27505599086262184,0.0,0.13822691494223668,0.7319836432361567,0.30220825677926627,0.30500813202243454,3.5668762,0.7486248,3.8370662,0.0051678913,0.09680000000000001,0.4541432,0.14212559347804052,0.8479531633019007,0.0636026370627511,0.0023550731206120872,0.1872326737545699,,0.160194659123972,1.2367249713035007,3.984846,1.6452454,9.213373,0.5970028,0.0049204202,0.09999999999999999,0.48510128,0.195343779893844,,0.07392411802836982,0.2076485505257627,0.1694366967448346,1.3714991197802597
0.004693944,0.004180791,0.14079999999999998,0.004000788,0.18,0.18648106725107874,0.7835477336744738,0.09121621324049847,0.022141439604053834,0.2554188831784705,,0.3601846281235467,0.0,0.20505310841310406,1.1886177029238396,0.41842055131489864,0.40021617855923347,6.6294146,1.77275,7.4484253,-0.0061347997,0.002612166,0.0136,0.002446086,0.02,0.10421520083333412,0.6760304013195095,0.03364304016666683,0.0033721605049594197,0.2657070639932285,,0.23936155466283246,0.0,0.1135053738377605,0.8759053738377605,0.27422361337456563,0.37651783394021,3.8291364,0.57823426,4.228596,0.0048144246,0.1032,0.54314065,0.16443084074373482,0.8209568942551192,0.06884101484464736,0.035824508175136306,0.21808958827263095,,0.18509369879721924,1.1935961412149552,3.827188,1.7820467,8.56102,0.5600974,0.0045513404,0.09999999999999999,0.5430469,0.2184229059891762,,0.07847451635140182,0.2454885230352304,0.1865059931167448,1.363558468552714
0.004198938,0.0061560785,0.0992,0.005931075,0.12,0.10919359996225093,0.8419935999370846,0.04198348766941872,0.0702793610947269,0.13247615986494202,,0.3006210187732921,0.0,0.12057624935212156,1.1930881246760607,0.3344104802482367,0.39693755743793463,8.898272,1.485613,10.785809,-0.004105153,0.002875415,0.0264,0.0027068562,0.02,0.043280000075142835,0.44944000015028573,0.02097066678021588,0.00443733323314297,0.05770133344688247,,0.22017003690783424,0.0,0.04968810514983861,0.7062660786952109,0.23589330352046692,0.2752872823268586,3.4000542,0.28689703,4.0299187,0.0066225994,0.0992,0.37758917,0.11317372277239988,0.8086249538023098,0.056978962080576644,0.07006054846652807,0.13239289299258603,,0.12085745706777794,1.175932464536721,4.7624884,1.6607383,11.398583,0.7855612,0.0064020157,0.09,0.3975835,0.1283273550847386,,0.05756564120061036,0.15036208613502772,0.11697242107364494,1.2946498694485302
0.0042524654,0.0053328048,0.1624,0.0050770123,0.12,0.1922751993624596,0.7453418653300687,0.11540128008871042,0.04773503924334017,0.2452230384510274,,0.30326618910863967,0.0,0.20918626058316375,1.059786260976384,0.34957487802058823,0.37765499461245094,8.100221,2.3806448,9.033746,-0.0043798047,0.0028402158,0.0256,0.002698924,0.01,0.0875664002539828,0.4255831999470243,0.03806656141629628,0.006233281021342466,0.38744976022858457,,0.2227604004888002,0.0,0.09677707947407589,0.6703971349315684,0.25059531801032287,0.32647857248595497,3.7845173,0.55272216,4.219424,0.005827001,0.0952,0.48493773,0.13680008533712606,0.812249552383676,0.06737613922132223,0.10398428110489069,0.17885190441925755,,0.15560451115764212,1.1529953551962278,4.4652314,1.819246,10.229454,0.693046,0.005627243,0.09,0.45556796,0.17783347654773934,,0.06391975109128424,0.20777026488046343,0.1529818678805654,1.283947365824523
0.0045897323,0.01577199,0.017599999999999998,0.014980928,0.01,0.015796480102006582,0.16287360407688192,0.010370943980269795,0.004581886953895711,0.019314806306584935,1.4630308275906816,0.20556963546893595,0.0,0.01732112385856153,0.2693506774648725,0.21584382295204244,0.0,11.844625,0.5616566,13.832467,-0.0053837206,0.0075623402,0.0224,0.0070541855,0.02,0.013067377907505852,0.06613759943893398,0.002194651723989864,0.0034406405169822656,0.020209005162313907,0.7663657586414188,0.21161516833736843,0.0,0.014073021113190863,0.09970222958041525,0.22293418741039117,0.0,3.798521,0.21429056,4.4009953,0.017086,0.0192,0.39474547,0.016510244652213443,0.14550167106350834,0.010330685283923958,0.012280146712320816,0.020756070545934837,1.4613394827106978,0.01824525098642098,0.24277069518535174,6.197259,0.6372514,14.431634,1.6118478,0.016127123,0.02,0.45271796,0.028754640795466885,,0.01273381728462205,0.028590302243864774,0.024466765578805862,0.2944222804500019
0.0045267316,0.0042295805,0.148,0.004059052,0.24,0.20948640028626422,0.8637728010192244,0.11522863979269432,0.058971520397623906,0.23660443450784333,,0.4240805555327998,0.0,0.22923072793363175,1.2022645826082325,0.4828461123412599,0.31345492468207115,6.8265877,1.9135647,7.663954,-0.005417432,0.0023905598,0.020800000000000003,0.0022046494,0.03,0.09545759867898883,0.5190860792651633,0.03537151940847498,0.003695360022442697,0.41851494240297926,,0.2499879903065825,0.0,0.09727693526812663,0.8287179567940431,0.27340916886130506,0.33092911375693107,3.3281672,0.47093707,3.7079203,0.0046866466,0.148,0.4453156,0.21868649211013166,0.8047631097450206,0.12781527130497033,0.05890888937278436,0.23639196031889573,,0.22878454440130608,1.173453521044065,3.7972033,2.2138658,8.3453045,0.55384016,0.0045039267,0.09999999999999999,0.4765029,0.19514776357385646,,0.08856027437032736,0.2713429518585335,0.1834464928464773,1.3601012508589534
0.00427236,0.014786715,0.017599999999999998,0.014080916,0.02,0.015077943235917836,0.17514560339742835,0.008194558273596294,0.014392745460932301,0.01992339742216964,,0.21558043275689376,0.0,0.016542910476967883,0.333543283140814,0.22572536257942383,0.0,11.970034,0.51231223,14.294195,-0.0047684815,0.0073189223,0.031200000000000002,0.007023944,0.02,0.022977371362077656,0.06134719967939084,0.01296207965524436,0.003949441011524424,0.03140387567615521,0.9594348806732793,0.211900356645319,0.0,0.024487462450497058,0.08793119321787961,0.2236677585547005,0.0,3.9646025,0.4106697,4.449828,0.016208025,0.0184,0.42191032,0.015149759818445456,0.15398788708011057,0.006802117617907425,0.031167486287042023,0.020430136820433653,1.5655561059860985,0.01690123390715362,0.3093388549413291,6.2719417,0.57088566,14.921426,1.5242219,0.015735565,0.02,0.46270895,0.028851414278597717,,0.011848849201511271,0.03248479660789465,0.02409464223317727,0.34091119412164617
0.003998094,0.0058240215,0.07759999999999999,0.0056629665,0.09999999999999999,0.09666879970304007,0.8979146654153521,0.03353440163579881,0.11195626775719923,0.12120639826354117,,0.28457927036141456,0.0,0.10964676724045393,1.2317801002242583,0.3194555197906895,0.4038572791081804,8.629688,1.2308035,10.465001,-0.0018033338,0.00237073,0.028,0.0021798618,0.03,0.05954047979464958,0.21030034257080266,0.024660477306883057,0.0006120954613766149,0.38164918848280294,1.5110481064598738,0.2348160720096344,0.0,0.06084864072404498,0.5644729610860675,0.25195949910034227,0.20269548424788542,2.617495,0.29781264,2.9978676,0.0061575044,0.07759999999999999,0.33062023,0.09765865749888357,0.8335642495391893,0.041657837015357205,0.0807168326842296,0.12105294714978464,,0.10997697615326733,1.194081435472669,4.506016,1.3431437,10.814937,0.72945595,0.005942073,0.07,0.34264773,0.11793754527930211,,0.04429554256505682,0.18961246261616585,0.10545305273461529,1.3245177111587603
0.0039521456,0.0066989274,0.1128,0.006509451,0.13,0.12382720021391173,0.6767136001069559,0.06425087932051428,0.09661696025333844,0.142085973166678,,0.30977265429959616,0.0,0.13161247500236117,1.0238062363092568,0.3432053718636761,0.2757280771209058,9.422764,1.8088374,10.940231,-0.0016560926,0.0023474288,0.024,0.0021516033,0.049999999999999996,0.040950399929065136,0.1799904000492937,0.020957600765329473,0.0007576006116633071,0.332873598656446,1.1470547197312893,0.25095967585550755,0.0,0.04258894528551532,0.4455778905606471,0.26460621359250136,0.08427518768394125,2.3303251,0.18250942,2.6965687,0.006909982,0.1088,0.28060624,0.12080844314219771,0.6805527548249424,0.06421222280764878,0.09504861641274306,0.1376937226432699,,0.12790524550653082,0.9478648287424979,4.8497877,1.8463752,11.20756,0.83176863,0.006732931,0.13,0.25836903,0.1653455959468839,,0.09165928350076122,0.11489738238271176,0.1529762959387913,1.0734052822510547
0.0042946236,0.004816956,0.14639999999999997,0.004385898,0.15,0.19724693367167714,0.8055481603583652,0.07805408013841379,0.002454080138413748,0.25072447935658665,,0.3364333410212881,0.0,0.2211232365566652,1.1469697093363298,0.3938845895559869,0.4181244444458393,7.5024247,2.0893083,8.433936,-0.004505232,0.002531852,0.053599999999999995,0.0022542258,0.02,0.14057119906372018,0.47990847964268085,0.09137369560218758,0.0006536958323533451,0.15887210539037347,1.5231795908055228,0.2440465544869848,0.0,0.14676518278024064,0.6535651831396034,0.2720379674206852,0.3331608546691152,3.4331455,0.73906475,3.629591,0.0052296016,0.14639999999999997,0.39991453,0.20885981171256449,0.8191900192127961,0.10073269513840269,0.003485411219763255,0.250891019779802,,0.2286844879828215,1.1470119945499755,4.12355,2.3994744,9.070704,0.596484,0.004839564,0.14,0.43875796,0.24988254329419501,,0.12345586081517147,0.23563160800321198,0.23053793453310298,1.3539325214938043
0.004255781,0.012730899,0.016800000000000002,0.012235892,0.02,0.01494308564392336,0.1550016004026566,0.008400211394986718,0.042600315520427826,0.01997184013805395,1.323134293655459,0.21652928014611988,0.0,0.016703197692967887,0.2374257559386972,0.2259370673053721,0.0,9.249275,0.4523145,10.638845,-0.0044135163,0.0062203156,0.0216,0.005885677,0.02,0.014078628192095174,0.060237599411631544,0.0038075193258177934,0.01121002427117591,0.021814143713663723,0.6174235728679152,0.21195065041885106,0.0,0.015594255101365705,0.08035978274701776,0.22406467570978875,0.0,2.644142,0.2103653,2.9429622,0.013883528,0.017599999999999998,0.41035658,0.015098372162847318,0.13673923000312335,0.006328623185227388,0.03721507538910506,0.020621323717624502,1.2356659868139543,0.016759576908859028,0.20234072014709636,4.7681165,0.49872446,10.930929,1.3166027,0.013577859,0.02,0.44834644,0.029304633891044672,1.4284104909917865,0.012145469125255558,0.03418449654942567,0.02474046824348598,0.20861205446128842
0.0039843563,0.0079693645,0.0576,0.007661466,0.049999999999999996,0.0587456018958464,0.228612269015506,0.03815347292128044,0.02676736895914435,0.06521770695160249,1.5253510402965405,0.2439475289415951,0.0,0.06071807794912893,0.47803135085161375,0.2565460271793255,0.05516680256925123,7.7603493,1.0662419,8.631229,-0.0025697807,0.0030752067,0.0296,0.0029314356,0.02,0.02652992014571696,0.057524800120228425,0.015792480223324763,0.001792479471895611,0.03395488014407383,0.504664640389841,0.2137401658916919,0.0,0.028147341019534724,0.0750315604687396,0.22552196763816829,0.0,1.5154183,0.19405188,1.6316743,0.008253157,0.0576,0.26300132,0.05844977690772998,0.22558836595296894,0.0459312611235955,0.026018484407513975,0.06510184610002893,1.5253212440577921,0.06064494867998014,0.4776627429405306,3.9437404,1.1265239,8.718457,0.97063625,0.007977315,0.049999999999999996,0.28233835,0.06589066186197137,,0.04160178762137271,0.04234858218370598,0.057510121977801705,0.5407224979648978
0.004683523,0.0052570147,0.12319999999999999,0.00509596,0.14,0.13335680123313823,0.8719027205315074,0.07350272218945383,0.08637568059517794,0.15890816209046152,,0.32059048575099214,0.0,0.14577955144852636,1.1800977582702934,0.3547547005008565,0.3870632225792159,7.7395077,1.5804212,9.319738,-0.0060797697,0.0031148675,0.0376,0.0029661388,0.03,0.056835199879771564,0.5165685332131048,0.024964223511006186,0.02962111932672077,0.1640633600633204,,0.22797167347910013,0.0,0.06260610900173369,0.828618327005201,0.2464867865291314,0.31649720934702463,3.8930888,0.3973982,4.62037,0.0059147207,0.0992,0.51806253,0.11268265104832931,0.8543464525722094,0.060674210062283324,0.09638393640695916,0.1344177603881603,,0.12355010442102952,1.1894815437544064,4.32589,1.5245641,10.382729,0.70795447,0.0057391687,0.09,0.5042316,0.1295554214143896,,0.0601589994925191,0.14949652246054362,0.1185516830099661,1.3137655561438337
0.0047133653,0.004871905,0.0488,0.0047013764,0.04,0.05167314296242953,0.22706240059391988,0.04086080022649403,0.04067647945741982,0.05584832078568493,1.348410401300772,0.23987998779446254,0.0,0.053101088377375025,0.3974681178365,0.24703172903528717,0.03656642599556047,4.6666794,0.5720239,5.156948,-0.006345002,0.0030082788,0.0256,0.0027058646,0.02,0.022854399984971453,0.07170880092576068,0.007694506462278332,0.0007767038598616322,0.18573792025278055,0.6286758402464683,0.21440628013645716,0.0,0.02373550421724517,0.10534852855143419,0.22570424579410542,0.0,1.7194238,0.14596802,1.9468544,0.0054816236,0.041600000000000005,0.47614098,0.043836586140504966,0.18935978086124403,0.03378015208707261,0.030887984781601346,0.04825880703244679,1.351562157153889,0.04513914245599603,0.36499424869604363,2.4678543,0.54913586,5.4940033,0.6464804,0.0052733514,0.04,0.47007415,0.05594537461292859,1.4387004835730302,0.03508978856432151,0.04584330482133077,0.04796654190074477,0.45415421826566754
0.004575048,0.005187856,0.0016,0.0025328218,0.0,0.00245563072277032,0.0022723198860605666,0.001024075276179201,0.0007788084914514004,0.0035947055139457463,0.0041367038888666064,,0.0,0.0028118115400449823,0.002704868112194935,0.2056308305779765,0.0,1.3835311,0.012930826,1.5025457,-0.0055889655,0.0010748096,0.0048,0.00053195114,0.04,0.0005781329946895767,0.003348621838678354,0.00011562659893793352,0.0014937589419897802,0.3876876729786594,0.003965296968654585,0.23034536908865713,0.0,0.0007308995033608425,0.003552310495648687,0.23563207947178555,0.0,0.38855124,-0.030449074,0.4577099,0.0057024118,0.0008,-0.5191705,0.0020196263381536484,0.0026444739935822434,0.0006334093768628918,0.0011667655806035415,0.003109219764754607,0.0039218715488356995,0.002349238134561847,0.0030957325671564454,0.50422055,0.012143187,1.0918757,0.114345714,0.0025590402,0.0,-0.14326839,0.009849801909041745,0.6440936155829362,0.0010944228215720385,0.0024484336120151754,0.006918069337547337,0.22400355142172182
0.0039677774,0.0052622254,0.1216,0.0050348537,0.12,0.15777439906256516,0.7939487963509103,0.07451829163881349,0.0261774378958006,0.21598783662523446,,0.30176025301490333,0.0,0.1762355633074154,1.142835563272455,0.35199863377939167,0.39680278517354844,8.098801,1.8933475,9.227367,-0.001983295,0.0023028105,0.031200000000000002,0.0020970695,-0.01,0.10703199939134297,0.22634399979711434,0.05177279711451756,0.001372797114517582,0.4040710396686502,1.3783110396819955,0.20995000064575894,0.0,0.11539583931621761,0.5238979196820794,0.23604034310286742,0.25295665124919975,2.8936336,0.52723193,3.0352974,0.00562698,0.1216,0.36203632,0.1633774232978069,0.73437644070968,0.07474798078101576,0.018981697676885532,0.2167748374806293,,0.1849943834210719,1.066303513692214,4.2993402,2.1148975,9.599573,0.65630007,0.0053568934,0.12,0.3485083,0.2197562582938451,,0.0872631096983934,0.19353137666794873,0.18723274934991738,1.2452438839058375
0.0045774165,0.024843633,0.0096,0.02278071,0.01,0.00765546642568238,0.09994346442409022,0.002302642842762225,0.0031404326763196455,0.010350813160547204,1.1862473610802542,,0.0,0.00870166150294399,0.16165936474914733,0.21579469202897114,0.0,14.049297,0.3932473,16.482645,-0.0054754363,0.011929996,0.0136,0.01061623,0.01,0.005162799784715753,0.0414511992786294,0.001842925762082723,0.0024334948401963726,0.012413039650059772,0.6358028785764918,,0.0,0.010046052536150636,0.0620305260400934,0.21466590780790126,0.0,4.414132,0.20422159,5.085889,0.026318235,0.010400000000000001,0.34971422,0.00819988051278965,0.09144635196898054,0.0025965371877322016,0.010977575239248638,0.011074908966067415,1.1503776693284695,0.009282451446471123,0.15553085588962462,7.3556566,0.45760065,17.21342,1.8807116,0.025132945,0.01,0.4360947,0.01859843945912374,1.263146538877224,0.003080940359734896,0.009513310936337768,0.014595570891634324,0.15792722936216216
0.004556101,0.005029169,0.0008,0.00236703,0.0,0.0022155999588429494,0.0025702096106353664,0.0009108268062452226,0.0009329921791154011,0.003260732461502175,0.0043948797161825325,,0.0,0.002568586364722023,0.0029977063880743727,0.2062295560558321,0.0,1.2195151,0.034583014,1.2768316,-0.005598385,0.001084229,0.004,0.00045709102,0.06,0.00046655973004681067,0.0018991974752028858,9.331194600936214e-05,0.0009749598878117372,0.4025194225123403,0.003959422361620621,0.23410434348477285,0.0,0.34096953166787003,0.0032095314274127804,0.2555902999865177,0.0,0.31778118,-0.031140191,0.39412838,0.0056948923,0.0,-0.6081294,0.0017431218232486117,0.0028139576359084346,0.0004818344848440574,0.001247534875437669,0.0028176693198434808,0.004090460133826591,0.002089665376399853,0.0032502634043933406,0.40965962,0.028503492,0.8393586,0.11212007,0.0023943873,0.0,-0.1513104,0.015410426450315597,0.5680616717988942,0.0012609564703578969,0.0026267149687133314,0.007970763455853885,0.179701978228267
0.0041852016,0.009959336,0.016,0.009284329,0.01,0.015210000373559114,0.13522666764534716,0.009928002894128395,0.00317120152002743,0.01950742828510024,1.305517332866712,0.21001496482851675,0.0,0.01676387620065234,0.21109162854513852,0.2162583429381582,0.0,6.931153,0.34524882,8.085654,-0.0044764774,0.003990381,0.020800000000000003,0.0037077973,0.01,0.014959465684131966,0.04287839795611662,0.010687839615118355,0.003551360384730988,0.022393705234043316,0.7071937052340433,0.20191036710413024,0.0,0.016720933320126096,0.06622713324323769,0.21535241655195256,0.0,2.0007665,0.1683482,2.2928936,0.01070611,0.016,0.37570846,0.014751724900864838,0.12038442106528398,0.007647512467635169,0.0035472015478245906,0.019424654912809772,1.299059464984132,0.016530670351334813,0.19659430297890412,3.5909176,0.36647642,8.377597,0.9364439,0.009997325,0.01,0.37995523,0.019820442535976215,1.567836401841794,0.004202196859241739,0.01763116186536489,0.01584675824977573,0.2606829801192307
0.0040208306,0.005090749,0.10400000000000001,0.004839693,0.09999999999999999,0.15119040226495223,0.8007968007591774,0.047455616216428735,0.03509269369404795,0.21343423948661217,,0.28464808068586767,0.0,0.17286944044430952,1.158046293367393,0.338151068617176,0.40209399757572095,7.885759,1.7408723,8.919587,-0.0022767857,0.0024103906,0.0304,0.002127807,0.0,0.11697920006612576,0.30068960013676,0.061511679891794395,0.0006223358448571123,0.4280012797577395,1.5246410239564772,0.22606956432959746,0.0,0.12903478464971513,0.5471339138598861,0.253341465608222,0.2585076784934183,2.9435818,0.5993197,3.0438495,0.005396507,0.10400000000000001,0.33823618,0.15935250209653745,0.7870285299340486,0.07384832748326126,0.04035258887870012,0.21363421865109986,,0.18122529376504726,1.100656697197173,4.207856,1.9586856,9.347702,0.6325418,0.0051655285,0.09999999999999999,0.3570808,0.21464992443663622,,0.0769438213886375,0.1994483123454659,0.18029571926662488,1.2442134246771748
0.004056831,0.0057652844,0.1504,0.005571071,0.15,0.1738245333952,0.8358736001855999,0.09549472071597374,0.07086314670245841,0.20532624032432795,,0.3301470199917189,0.0,0.18904773045758858,1.1934795506792317,0.3726597906904771,0.39308565595660805,8.896851,2.2472832,10.429594,-0.0028791355,0.0027648602,0.033600000000000005,0.0025120217,0.03,0.07208213315566223,0.4182154662705805,0.028923092583640394,0.0005948798435025572,0.38162470372486895,,0.23742143940994992,0.0,0.07888107600416129,0.6245873841026278,0.25604182779690954,0.24622998896893228,3.2783444,0.4061761,3.7283719,0.0061514396,0.1504,0.35620996,0.17736054748393518,0.8356164461500933,0.10698496534938987,0.07059954710226,0.2051824980838009,,0.1894998869886518,1.1867253036770038,4.740796,2.4825878,10.926676,0.7309627,0.005934894,0.15,0.35196373,0.20911974210913725,,0.11889351801310041,0.20644727557375733,0.19487698076608737,1.3091197681432027
0.0041132,0.005057591,0.0008,0.002516243,0.0,0.002472213341274619,0.002388320102457449,0.0010794830065474345,0.0009574042230527907,0.003461881919561938,0.014374879709174702,,0.0,0.0027731522582143953,0.0029173276335002184,0.20619390973540938,0.0,1.2558715,0.0047123292,1.3204118,-0.0033748972,0.0010916665,0.0048,0.0003505036,0.08,0.0011744004618779854,0.0017292805785398767,0.00023488009237557887,0.00020132576645017487,0.4042278418419008,0.003161175008250055,0.270218057366203,0.0,0.001484725352501664,0.0021016705172443827,0.27544319168077763,0.0,0.22445694,-0.030713134,0.28060192,0.0057774726,0.0,-0.5837459,0.0020116162041891586,0.002622249127457749,0.0008022529977176418,0.0011131079667334265,0.0031032481691339853,0.004265543306961105,0.0023343667255438503,0.003070002362132605,0.46209696,0.005690583,0.961732,0.12334554,0.0025357364,0.0,-0.12407559,0.014744706385399979,0.5093596824565549,0.0012357245460879085,0.0029519207574069707,0.00781126588749011,0.20821195716087887
0.004613891,0.011070141,0.0192,0.010324079,0.01,0.017083429372634372,0.1470960011482027,0.010022401071357127,0.003026134544100914,0.021384448150150955,1.5754112021894453,0.20554492846006742,0.0,0.01910300065086667,0.2614362519998524,0.21582891216379885,0.0005048109702483692,8.52228,0.42851442,10.14076,-0.005740173,0.005563928,0.0232,0.0052292882,0.02,0.014189199531484384,0.05597839941839386,0.003516543186869876,0.003182713555755939,0.022208895678460842,0.9839688952209197,0.21189751270987958,0.0,0.0157005746595536,0.0815017225681146,0.22361448694094196,0.0,3.0210445,0.18412663,3.5765448,0.012074071,0.0192,0.41067278,0.01630848541095652,0.13641393070004096,0.006622347169024579,0.012782157582622826,0.02124516763227339,1.5755022942418455,0.018575384758919383,0.25095956337853925,4.5098763,0.44580886,10.743294,1.1373034,0.01143367,0.02,0.47502276,0.028935943271583185,,0.012231445995109027,0.02652779974084887,0.02435685543951841,0.3425455299224506
0.004037883,0.005725021,0.0824,0.0055426504,0.09,0.10197504026575398,0.7662250664541532,0.03893375890150246,0.003133759557706033,0.13600384034855065,,0.2757681004712606,0.0,0.11729895629295306,1.1254589561522146,0.311079618380307,0.375240454446985,8.223974,1.3316213,9.707572,-0.0022004384,0.002519954,0.032,0.0022200183,0.02,0.06346559963931468,0.1346655996393147,0.02962655851096806,0.00046473123831596366,0.428159359682797,1.1852780785993386,0.2257966713291749,0.0,0.07194090984395866,0.45988181977117104,0.24451837271137478,0.174127179994906,2.5848985,0.33949322,2.905532,0.0060519567,0.0824,0.33019704,0.10666377639986149,0.7538387974838784,0.04822287231493474,0.04878722555802115,0.13462045259722671,,0.1185115624000322,1.0935084916248725,4.3089013,1.4559155,10.0673065,0.7177203,0.005844241,0.09,0.32266045,0.1468795837705933,,0.06585957896348461,0.11651044496338299,0.1303763132585106,1.1859272698418897
0.003991462,0.01352812,0.017599999999999998,0.0127181085,0.01,0.015556342894763611,0.16044720066061108,0.009415549627541759,0.013538876489324048,0.02032104419379539,1.4165249604715493,0.20653244238628227,0.0,0.017618748840916167,0.2566843701957739,0.2159054026353209,0.0,10.022457,0.46460295,11.648753,-0.001731944,0.005149967,0.0216,0.0048103705,0.02,0.013640145394530555,0.05211039975954313,0.002482771472726836,0.002524156898106402,0.02100498258765915,0.1735449593712047,0.2115740092111659,0.0,0.014470899153763775,0.06950634884122288,0.2237138431192803,0.0,1.933964,0.16167358,2.1323924,0.01420857,0.017599999999999998,0.31073233,0.01518729469211744,0.14071978261907245,0.00839311948881791,0.01438144805156251,0.02020985395955067,1.383890081258978,0.017224674983008937,0.2292473534854781,5.066901,0.4774992,11.756111,1.3210986,0.013526562,0.02,0.3635817,0.029177614180918285,1.5425976387539777,0.012720197806418554,0.037056663824833795,0.02482711424246922,0.25875104502623697
0.0047460506,0.0031813036,0.0144,0.002968143,0.03,0.07489706670721206,0.35597279978608826,0.02587456003586167,0.0029491184988429497,0.2896710394664795,1.3270968314361797,0.24540755019350313,0.0,0.07705668584566602,0.5741925145104171,0.265254913516422,0.1671734848442337,3.8410354,0.49289066,4.1685925,-0.006335086,0.0016969899,-0.0224,0.0015656133,-0.03,0.03555893292121646,0.1022767989179441,0.025831786839862526,0.002990720168319806,0.3673291182457152,0.49594329449954916,0.19408922924747685,0.0,0.03852399453252788,0.17732399378109878,0.20609993513884053,0.05231942909351588,1.4553057,0.14585364,1.5870543,0.0034959898,0.0112,0.46671864,0.07140046939495065,0.35886290011359573,0.033928707888412644,0.006616761230428986,0.07843167138050239,1.3302998039756795,0.07367998238090027,0.5770868773993652,2.0425308,0.54050505,4.4069805,0.4013402,0.0032999564,0.0,0.4588146,0.07336294247263175,,0.035333464265779074,0.07320783063570033,0.06589148627827633,0.743651606782761
0.0040132515,0.007348357,0.0992,0.007092564,0.09,0.10034880031457583,0.8720207997703594,0.04970944191764947,0.06393261746323674,0.10875914694831712,,0.27198036688143634,0.0,0.10285982561496085,1.251852984466906,0.29590583748122584,0.4434138138508447,10.393356,1.6057446,12.882481,-0.0034036513,0.0031034653,0.0344,0.002917555,0.03,0.03241600168320124,0.4190080010219426,0.011206402765254007,0.012806399783588003,0.04202880232642237,,0.2230104156372843,0.0,0.03370505639792241,0.6663313203342155,0.23557019676421764,0.23636634609751328,3.3952215,0.2251948,4.137376,0.007797337,0.0992,0.34100586,0.0999195656572264,0.8284967508188169,0.05363100600028838,0.06393036234873781,0.10860424711509441,,0.10255230433324018,1.2166894408833449,5.465188,1.7388946,13.425807,0.93057626,0.0075576133,0.09,0.35263446,0.10668034293900909,,0.055349236189522776,0.13523268132669167,0.0976095323463074,1.3198877087069947
0.0046162587,0.0048505887,0.1792,0.004599533,0.16999999999999998,0.20047360102174272,0.7751893348293164,0.1171178671699894,0.017753601509968152,0.2563456023781928,,0.3433818103174008,0.0,0.21655666475158705,1.1622266602384252,0.3956007287448313,0.38681075277717586,7.3853064,2.2005332,8.491491,-0.0060758037,0.002986961,0.0384,0.0027341228,0.04,0.09442000001878573,0.5470560000000001,0.03872800031560023,0.0006426668703873239,0.19927600022167138,,0.24612380856109514,0.0,0.09927491405518381,0.870258189820552,0.27479476526598756,0.3420483409074837,4.000669,0.5711665,4.5365868,0.0054585948,0.1624,0.49961394,0.1957201747085469,0.7471513164972851,0.1102012619380569,0.03485468012679507,0.23742889213646617,,0.21113784360786914,1.1238763134770091,4.1996245,2.4332423,9.485148,0.6403987,0.005238413,0.09999999999999999,0.5248886,0.18010175502398793,,0.06059720300680028,0.23179494937147277,0.15629354008653826,1.348523329579974
0.0042737816,0.011824729,0.017599999999999998,0.0111710355,0.01,0.015498584831753304,0.16457040035704387,0.009862721036005906,0.014388163108017772,0.020286679913265517,1.222328958911148,0.20658253163770604,0.0,0.01753896017484371,0.2581965339694836,0.21595830558326873,0.0,8.796545,0.45185858,10.010259,-0.004268258,0.005331415,0.031200000000000002,0.0051108017,0.02,0.022982981641912783,0.0543125327758294,0.012416511812443605,0.0033608530207394033,0.029771517282837386,0.4486857585341135,0.2121152323254516,0.0,0.023945119074934747,0.08215303599582319,0.22379738130655988,0.0,2.3461885,0.29844597,2.438524,0.012713584,0.0192,0.40074238,0.016477782631341552,0.14311853113382722,0.00891594026962239,0.030738931061769767,0.021658289531762968,1.1773057640494071,0.01840263840722705,0.2347872754944276,4.507431,0.51556456,10.187387,1.233754,0.012237275,0.02,0.4308487,0.029175957680233112,1.3147834998308314,0.012432817534351912,0.040522699952840135,0.024664203634355175,0.24877073700683539
0.003966356,0.004612322,0.1656,0.0043352135,0.11,0.23797920101608075,0.6695792002296406,0.14010527987458893,0.0019158400377492027,0.30564256025606495,,0.3091142884728476,0.0,0.26109862190611155,1.0004479332995082,0.3631522170231684,0.33962182707878324,7.366002,2.3538322,7.5822415,-0.0028464156,0.002298349,-0.020800000000000003,0.0020727778,-0.03,0.09721173405203262,0.415672533757139,0.029083520821161755,0.0005934084060841694,0.3609011208560275,,0.20502448468676737,0.0,0.10584440910560793,0.6566888180233589,0.23823025030010267,0.2863727780516556,3.0058007,0.4601231,3.1420112,0.004867302,0.1656,0.32511598,0.24981196491494082,0.6993312633631581,0.16061227320305463,0.002289378615571295,0.3057056568240195,,0.27076399313700666,0.9583722915924383,3.9701166,2.59567,8.0196085,0.56562114,0.0046867062,0.08,0.3976597,0.22524913879800038,,0.08594565637513334,0.22549621237596218,0.19245975688753342,1.2163295388871065
0.003978672,0.01123167,0.0152,0.010826665,0.01,0.014208355317254426,0.14276880040580234,0.005115007549828897,0.037595005552252515,0.01898128014727399,1.322858454307259,0.2073936718077918,0.0,0.01570223136322829,0.20558742446688166,0.2160909437938544,0.0,8.109695,0.3635167,9.46824,-0.002915822,0.0047226213,0.0184,0.004457389,0.02,0.012098133222010574,0.04468053286310598,0.0014988782687105414,0.010248317403065824,0.019434880142470818,0.1420232533103563,0.21191511259778764,0.0,0.013379371551536406,0.06646905753453755,0.22461658823153502,0.0,1.7879629,0.14003967,2.0291507,0.012020601,0.0184,0.40375838,0.016601495815947373,0.11787284762887427,0.008101956471892572,0.02940675328229442,0.02201012039078296,1.3194850323342182,0.018402559619274145,0.18217454825439314,4.080026,0.47119808,9.435507,1.176929,0.011584183,0.01,0.36364236,0.01977475086903205,1.487417518111101,0.0033867112985111448,0.04261055732517858,0.015444781861192068,0.21356982913851064
0.004179517,0.0340048,0.0096,0.029322375,0.01,0.008127405821544607,0.05171985575259454,0.002604355100702378,0.0025143131534431365,0.010342272053541593,0.8117732807729134,0.21013454366589165,0.0,0.00894803750994979,0.09067315194630546,0.21600294392687802,0.0,13.624161,0.5859965,15.730898,-0.0043312195,0.016487032,0.0128,0.01389916,0.01,0.004276524026537345,0.02184191939116184,0.0016651201393147858,0.0022302401562969637,0.011688843395598541,0.09287091087042854,,0.0,0.009487656056349396,0.0318672294917716,0.21475318142524638,0.0,3.808064,0.2482491,4.3778176,0.036079437,0.010400000000000001,0.36910304,0.008628006510784006,0.050255845202902445,0.0026936706673980097,0.002727981955685286,0.01107685901255104,0.7967715395878039,0.009551885405592021,0.08075295361044578,7.0402308,0.66758454,16.22295,2.3872523,0.03244978,0.01,0.44264197,0.01876736730369792,0.9445848073038168,0.003952658423142381,0.005458439783509009,0.015137418781878723,0.08855379771811503
0.004474152,0.02778904,0.008799999999999999,0.024399783,0.01,0.007300528309770789,0.06167542804756383,0.0017517533526596252,0.003357280174149385,0.009572505283635837,1.0115701340226049,0.21002510815148678,0.0,0.008184315616539834,0.10177781838674355,0.21595790696576106,0.0,12.506252,0.4003679,14.725492,-0.005269199,0.013211043,0.0136,0.011302363,0.01,0.0050040885198913655,0.022918398929964928,0.0023580549813877042,0.0017324797677871185,0.012394623364351674,0.6407731168343839,,0.0,0.010164216990762589,0.040761276827893614,0.21463767901950886,0.0,4.232682,0.20579082,4.9592204,0.029259741,0.010400000000000001,0.3551495,0.008611771638973278,0.05958394704523219,0.002813072530509862,0.0030443530994350176,0.011114241676517941,1.0098635421035955,0.009583814763771488,0.09820645202091367,6.598813,0.51810926,15.469011,1.9887029,0.026890388,0.01,0.43378952,0.018729717802969004,1.1311509179076276,0.003697499078613333,0.00635395426913536,0.015015122552613318,0.10308185354887271
0.004035515,0.019878887,0.0096,0.018642554,0.01,0.007825852025083305,0.0817382373666197,0.0023798946725634325,0.0035145553065156674,0.010683104016546712,0.9420620811173741,,0.0,0.008968626950904536,0.11944411260939587,0.21579222212143262,0.0,9.767493,0.3083886,11.308882,-0.0017438424,0.006339298,0.0136,0.0055559953,0.01,0.004477552889507297,0.030439466034798655,0.0020648531543265565,0.0023229597262546275,0.012413279769010887,0.07125311907604362,,0.0,0.005392302455126355,0.03506536182841709,0.21434069655821578,0.0,1.5803626,0.07911749,1.8454709,0.020361532,0.010400000000000001,0.2312174,0.008431656093104584,0.07941426390443851,0.002810087062370803,0.010858045451924963,0.011454385250309724,0.9254653519867863,0.009674792748998698,0.1142564436851692,4.934861,0.34681714,11.405489,1.4706249,0.019452862,0.01,0.28964627,0.018723776366701656,1.046802996917799,0.0033103416141537422,0.009481433263790912,0.014815337484500687,0.11479900682934288
0.004492152,0.004797062,0.0008,0.0023504514,0.0,0.002104626166474691,0.0027582315859185826,0.0007201419086716214,0.0012081278247937754,0.0031971468740727687,0.004575593075895755,,0.0,0.002473729473273579,0.003212107464480277,0.20596016200372158,0.0,1.2646356,-0.0048560463,1.3508471,-0.004890934,0.0009964796,0.0048,0.00040404507,0.07,0.0009359998396952505,0.002005332763917398,0.00021439993587810021,0.000643199807634325,0.40480000000000005,0.0030943995987368477,0.2600646762303997,0.0,0.0010776330364004024,0.0022885992460169925,0.2643798795589,0.0,0.21627513,-0.021198912,0.2420547,0.0054260646,0.0008,-0.4862799,0.002357644634521421,0.0023442156455467547,0.0010641852996831859,0.0008527593890832811,0.0034974359650862884,0.003850077058726357,0.002721652614264212,0.0027727358153321244,0.5084809,0.0012698094,1.0855339,0.11494361,0.0023883658,0.0,-0.17842048,0.013357391634708974,0.5760392156055113,0.001193634146628142,0.0027212731614461184,0.007545201420168225,0.23501024851625196
0.0043718354,0.0049765897,0.14959999999999998,0.0046781646,0.11,0.18560639848164515,0.6902698661675393,0.09056191670828238,0.026774611563315114,0.244328638416424,,0.2946414379818942,0.0,0.2032513862217465,1.097367591186478,0.34193052714637473,0.3905131334741087,7.489397,2.0991554,8.363948,-0.004552329,0.0027028895,0.008799999999999999,0.0025194578,0.01,0.08544639586413409,0.4407487986534398,0.0345446383841268,0.007744638112413585,0.33365087831649975,1.4278508787400035,0.22713332201373285,0.0,0.08841129024415419,0.7599141125207558,0.2547046369495713,0.26658508512328905,3.5596876,0.4734754,3.8997803,0.005471469,0.0768,0.47801644,0.12642396399355105,0.7629356488979138,0.048053529368949695,0.06543906731882879,0.1714277099683499,,0.13701035497516081,1.1343957655366994,4.143714,1.5184848,9.482126,0.63549453,0.0052004135,0.08,0.4744244,0.17799082524853524,,0.06178349185652579,0.2071925834671948,0.1478684898007012,1.2276787972902983
0.004405467,0.00873248,0.0432,0.008599848,0.049999999999999996,0.042299199876686316,0.2582959982069199,0.030874800062521898,0.050998394413161785,0.04813856045324105,,0.24358117403803425,0.0,0.04454834284786648,0.5086450283027243,0.2559090999120012,0.047563800261255104,8.540754,0.8610222,9.769743,-0.005386199,0.005024043,0.0232,0.0048802723,0.02,0.017402879322872968,0.09170719840246318,0.007228584381786368,0.018695251716390433,0.025461971573454048,0.9091859144610656,0.21276749461896943,0.0,0.019524726945942848,0.1340989070545421,0.22477003656039754,0.0,3.0402532,0.21782005,3.4418197,0.009865425,0.0432,0.4839585,0.041666367228056014,0.2132411095083188,0.03085819732758118,0.03402095369818981,0.04782698011091275,,0.044093171565748074,0.41318900943030973,4.487262,0.9745017,10.152741,1.1820794,0.009678235,0.04,0.48921368,0.05123723193880977,,0.03095955514785089,0.04214373645964975,0.045325054883007,0.47771787354430245
0.0041430425,0.0050277486,0.1272,0.0048595886,0.13,0.16572160051171078,0.827564800578819,0.0747985917052547,0.10073215940608075,0.2309683200654318,,0.3090657432270471,0.0,0.1870698495913819,1.1703349247956907,0.36402508080210433,0.3858779641771389,7.8642063,1.9150758,8.935338,-0.0038176116,0.0026498437,0.010400000000000001,0.0024193146,0.02,0.0892760002216714,0.4461520000676285,0.044303466565808226,0.001020800120228432,0.2987957339418232,,0.24061111574955862,0.0,0.10082357991524132,0.7766058951611304,0.270064990846143,0.29743715301673185,3.54209,0.51461506,3.861112,0.0055186767,0.0992,0.45030767,0.15046129971574498,0.8078776170946038,0.0627130175723074,0.1284973959681317,0.2035931291461842,,0.1670263569918265,1.1246944733771784,4.310959,1.873939,9.740208,0.6478037,0.0052966955,0.13,0.40910932,0.2398660169247876,,0.102405541887641,0.16984552016697907,0.20209930454573438,1.258350090514936
0.0040606204,0.005583861,0.0848,0.00540149,0.11,0.10217386713363709,0.7702304002390779,0.04659072001174418,0.07433490336888794,0.13437472066627215,,0.2947940200000471,0.0,0.1177630670121121,1.027155599956681,0.3304219802664856,0.3412417518661068,7.991392,1.3068936,9.426792,-0.0037144932,0.0027326357,0.0304,0.002524416,0.02,0.061809600061617134,0.17587306670774477,0.022775893297264795,0.0009638399458972041,0.40167844585301477,1.3335641600467174,0.22451111599804685,0.0,0.06789919038309776,0.47037983835446556,0.2432984934264659,0.1931263413524475,3.0074117,0.35966888,3.4110851,0.006083384,0.0648,0.43194318,0.08738447047469927,0.7167930795037188,0.037832327389753846,0.07102399297641616,0.11417225805519743,,0.09836005975227322,1.027789367154962,4.2582126,1.1879935,10.060279,0.7082421,0.0058187703,0.09999999999999999,0.3918165,0.15551262153534282,,0.07599144529799035,0.10562365024325289,0.13874416859646752,1.1674171659915518
0.0040189363,0.0052702776,0.09119999999999999,0.0051115905,0.11,0.11420159843970264,0.9212031945138041,0.05090687792128811,0.10717354521766029,0.14564287671960066,,0.2955011405629309,0.0,0.12940367463402644,1.2613055117580418,0.3327828929426053,0.43163176430447614,8.047168,1.352681,9.731018,-0.0022465445,0.0023181792,0.0224,0.0021025233,0.02,0.0634816010700351,0.3975408005906228,0.01589632141629363,0.0013481605689815988,0.36810675233952544,1.411111253926995,0.22722750159825433,0.0,0.06531709508281028,0.5615056983609367,0.24580983893453853,0.22912604715450816,2.6893806,0.29402316,3.0825195,0.005584675,0.1016,0.36785442,0.13134569815579722,0.8701898757554145,0.07374082952748376,0.09651075022171328,0.15616896561536078,,0.14262747124657763,1.1239719920546556,4.23798,1.6348312,10.034855,0.6682122,0.005428377,0.09,0.35354248,0.14866036104955044,,0.06314025051590917,0.17872720653125868,0.1338439749624613,1.3469306187030055
0.00412599,0.005636914,0.1336,0.0054355953,0.14,0.15029333242455742,0.8694933324245574,0.08253866525457051,0.06792319949164485,0.17834879945137908,,0.31906503773940786,0.0,0.16807115012063076,1.2925917572358125,0.36088248983426724,0.4371435211335114,8.568346,1.9209797,10.206722,-0.0036440953,0.002724208,0.0272,0.0024391452,0.02,0.056264000097685674,0.4294640002229237,0.008079199427411003,0.0027194665858463404,0.33207520047790834,,0.22331297425855592,0.0,0.05915760423774723,0.6303576042377473,0.2424092430345481,0.32348115651452686,3.268182,0.32280508,3.8349612,0.0060614175,0.1336,0.3764749,0.15606258881780638,0.8391056849653913,0.09850732431907154,0.06788711176344768,0.17830669604226468,,0.16843346565103598,1.2015305687491777,4.5849013,2.1287162,10.766207,0.7157407,0.005824881,0.09999999999999999,0.3875191,0.14972026643383357,,0.07071380548895412,0.23884116085648532,0.13882866211008058,1.4174106629176881
0.0042837285,0.003702837,0.0656,0.0035109923,0.06,0.12567146744401864,0.7038828801338836,0.06580287726445182,0.03405071941583222,0.154625920546103,,0.26227387352121706,0.0,0.13722423572097386,0.9900242357209739,0.29990314620577163,0.375804108951551,5.286621,0.9951324,5.9433923,-0.0046033924,0.0018863708,-0.0128,0.0017574729,-0.02,0.06165866553785386,0.27739199866746733,0.02107839940687231,0.0032175993552744165,0.3825583978058311,1.0431194658344176,0.200758239262857,0.0,0.066464465211887,0.45169669747239183,0.22349574971671848,0.22347778248181008,2.1723003,0.23031545,2.3978717,0.004020892,0.036,0.4366501,0.09859395595180116,0.6647260364046179,0.039308678632876765,0.056572767411850876,0.1254507700919212,,0.11056519443508506,0.9926803657993633,2.8546371,0.85048264,6.469079,0.46765673,0.0038210887,0.03,0.43599743,0.12407695698469727,,0.042702221327668606,0.12863228098952798,0.10786695274724714,1.1744647405036868
0.004264307,0.013255275,0.016800000000000002,0.0126773715,0.02,0.014334276819732168,0.16104853236863145,0.004677278764976745,0.04295455656482245,0.019523880137695824,1.4287164164136297,0.21580956112484487,0.0,0.016300602369619582,0.24780361580007543,0.22580136754884925,0.0,9.841982,0.45504686,11.374843,-0.0043560076,0.006410687,0.0288,0.0061801584,0.02,0.020937919550585774,0.054363199556156414,0.0107751681021462,0.007025280796715751,0.02828042572177046,0.6334565106888834,0.2121272336910319,0.0,0.02231888015772656,0.07775664077795821,0.22378862599185484,0.0,2.905655,0.32345608,3.1407695,0.014515119,0.0184,0.41971594,0.015253742142049397,0.13999861283939535,0.006000924795030368,0.03272629682896519,0.020888107918014202,1.3019679544322291,0.017208019631628848,0.22372797310943018,5.0859003,0.531796,11.685562,1.3794491,0.0141035495,0.02,0.45359385,0.029055125097962174,1.502037507562008,0.011860111348818734,0.03643270941931236,0.02428085347020044,0.23042892054150485
0.0045257844,0.0082568955,0.072,0.008062681,0.07,0.0712827415747,0.7218895961621642,0.03618895767182239,0.059977913114599386,0.07835583995945467,,0.2582586068787445,0.0,0.0735242616525502,1.0630863925284617,0.2755717929152627,0.3563911370746816,10.757979,1.3003716,13.193932,-0.005445691,0.004277923,0.0368,0.003963114,0.03,0.031122559004026922,0.30707093160872106,0.01374451118802399,0.003922554854223024,0.04090303576795913,,0.22244554390152438,0.0,0.03305461630707732,0.5719418465883782,0.23453087398736763,0.1805854036598767,4.1626577,0.2767565,5.0720077,0.009002325,0.0784,0.42601788,0.07691850458565082,0.6535618159311397,0.05396231533694381,0.044532418113250996,0.0845883599561509,,0.07959645072162089,1.0286080389237884,5.758312,1.5795348,13.931282,1.0781064,0.008825896,0.06,0.43448904,0.0735662349697862,,0.04004579614824302,0.08014659506006025,0.06542708740796527,1.1267035746900962
0.0045238896,0.005831127,0.1168,0.005615598,0.11,0.1268959999685424,0.8116959999685424,0.06513920042782265,0.08316960088081475,0.14310186700780672,,0.29096790625788543,0.0,0.13393366259177156,1.1749004936268048,0.3224871140678668,0.39759915213755914,8.387515,1.619637,10.059404,-0.005682169,0.003213028,0.045599999999999995,0.003019681,0.06,0.0553847995423801,0.4543847993616619,0.03058956792122626,0.006073919724675852,0.06853055906221821,,0.2556206304549426,0.0,0.06210322438772704,0.7703548368179263,0.27269590801498395,0.2659441462992466,3.8126507,0.38118762,4.571909,0.0064864857,0.1168,0.45339435,0.12704182267428643,0.7659662606206855,0.07937158796499816,0.05499747989422317,0.14263338197196831,,0.1338193064194316,1.1230473721358192,4.6050506,1.8492931,10.907479,0.76704466,0.0062406287,0.11,0.45138246,0.14110108315479863,,0.07811229526088141,0.1319903630352416,0.13078772154147203,1.2596589788784052
0.0042742547,0.0051333816,0.12560000000000002,0.004898905,0.12,0.15477568011375073,0.8166261336870568,0.07506783835539944,0.0399339190477782,0.18801056094813232,,0.30419367910412237,0.0,0.17274728677010034,1.1454418605175798,0.34697648525569774,0.4347628427353969,7.8098497,1.7881987,9.158209,-0.0041681146,0.002690496,0.0256,0.0024822762,0.02,0.06925546645559871,0.4231221334562337,0.03609109339131023,0.001336640429217121,0.41360992000731395,1.5622519038863119,0.23034494213102827,0.0,0.07657765820955037,0.7203553170865885,0.25021520279329745,0.32000394187388764,3.312304,0.39757466,3.8114116,0.005607524,0.12560000000000002,0.4141832,0.16083409973802698,0.8063978133579602,0.0923989186827156,0.04318646024717467,0.18764667293204035,,0.1729652923443287,1.1452272763385232,4.241251,2.0293345,9.777853,0.65699565,0.0053520203,0.08,0.431697,0.1476455941762478,,0.06138842198126582,0.2155426621160409,0.1325348917800656,1.3769833169135353
0.004320677,0.0073961993,0.0496,0.0071546165,0.049999999999999996,0.05035647995520435,0.1887129599104087,0.03906431895812748,0.024449120032401336,0.05618943947822349,1.4219788784598386,0.24911944576830033,0.0,0.05268107897920954,0.37678377575769856,0.2567140848822465,0.0,6.6848345,0.89439136,7.325382,-0.004781867,0.003676069,0.0248,0.0034876799,0.02,0.021165999914524992,0.06226399984971446,0.010772800721370641,0.005545601442741207,0.029355200480913755,0.7659820798783288,0.2137910948659041,0.0,0.022849739161025808,0.08699895645722622,0.22546095860392892,0.0,1.9148774,0.18452726,2.1247084,0.008125745,0.0216,0.46091896,0.021808612589557106,0.18621121470380753,0.011105253557651212,0.0429424304149933,0.027843911460504387,1.3895590989561655,0.024090367159637163,0.36799482312048587,3.4194574,0.4289755,7.868141,0.8859271,0.007857393,0.02,0.45991555,0.03486804575078189,1.5651492198945716,0.013976514611779223,0.04913714003137992,0.0270479678314652,0.4256730740459008
0.0041141477,0.006004024,0.0008,0.0032921468,0.0,0.0020674999247351934,0.0030504346535670792,0.0009004799297363206,0.001451199982383732,0.0031034838436019073,0.27812159968290723,,0.0,0.002402503844081912,0.0036548510999113433,0.20599118899355431,0.0,1.4443996,0.027923943,1.5541773,-0.0035028036,0.0009716924,0.024,0.00044370673,0.02,0.019484000492185623,0.003536001968742456,0.000209066772868573,0.00041813341482154496,0.4209482677012997,0.005422401538174695,0.2103305563420985,0.0,0.019691165633664697,0.004364662192136817,0.2129763809801402,0.0,0.22086284,-0.025387622,0.3001846,0.007125788,0.0,-0.66905075,0.0017391123560497818,0.00320977225443434,0.0004465970565896441,0.001640690880617497,0.0027957046767918656,0.005245354855072293,0.0020861767149425304,0.003702203216052848,0.49800715,0.015971772,1.0563377,0.15911764,0.0034235697,0.0,-0.27797768,0.013454648533483536,0.4652638277182051,0.0011658532818238853,0.0026066028599736114,0.007369602499241381,0.13610249995854423
0.004110358,0.0066591376,0.0976,0.006422292,0.11,0.10184639957846808,0.8477951993037379,0.04369855893548083,0.07409855775015631,0.11709567959902038,,0.2912077551244359,0.0,0.10977452911348028,1.205357548477953,0.320128020802688,0.3989050191843575,9.434843,1.4724387,11.628267,-0.003537011,0.0029269746,0.032,0.0026989242,0.04,0.03963093404401743,0.379138560218335,0.01611571162565615,0.0034892791728268198,0.04910176125428434,1.5623345075028563,0.2355974524404092,0.0,0.041485056797051674,0.6271835795292158,0.2495019178911306,0.22451471593424333,3.2747517,0.24780451,3.9199846,0.0070680566,0.0976,0.3418221,0.10266919231545202,0.8472174190602433,0.05717001291505057,0.07405262906914506,0.1169670300411854,,0.10948919561029344,1.1535019549802032,4.9933534,1.6148112,12.172548,0.8472385,0.0068594995,0.08,0.37625432,0.10579773323889129,,0.04661900729364681,0.1465862811517057,0.0952202233893808,1.2837343650231101
0.004721892,0.009718703,0.0464,0.009330276,0.049999999999999996,0.0438068007416131,0.45969088029293287,0.0325884787635071,0.031121812795897923,0.04987072006451668,,0.24501335524344325,0.0,0.04638029931667411,0.7996676639308659,0.255735050629797,0.2193046951459995,10.513674,1.0032088,12.733978,-0.005747114,0.0052610175,0.028,0.0050379247,0.02,0.02028959976104575,0.10525973328056637,0.009897919897805788,0.015097919897805831,0.028480568680730355,,0.2125441223165941,0.0,0.02157017820406727,0.3670219340933371,0.22395592784822138,0.06726820623660361,4.338034,0.25897962,5.2403193,0.010895425,0.028,0.50392324,0.02456653191019591,0.3965345013995967,0.013947311035064377,0.04063577028157234,0.03104454442027786,,0.027405484033820357,0.7782164699369859,5.6507273,0.6337555,13.921932,1.2283375,0.010545219,0.02,0.498086,0.029296336074909703,,0.011101586373766565,0.05671775889857128,0.024336222036923445,0.8724607174661307
0.004074358,0.0053332783,0.10400000000000001,0.005098801,0.09999999999999999,0.13387626613678041,0.6814071994667935,0.054402877736314983,0.08120287930919227,0.19041727799761707,,0.2833737013390178,0.0,0.15197454347089875,1.0373163630241122,0.3301454556888463,0.3481865749143321,7.913824,1.6441152,8.997391,-0.001850431,0.0022938866,-0.02,0.002127807,0.0,0.047403199960925665,0.3500677333819257,0.0014806411944717184,0.000592256255269394,0.37806287968034236,1.3910628796803424,0.21696249705250117,0.0,0.052543771939613904,0.5213594297286992,0.2421740191932775,0.20602038602756198,2.6922307,0.22333932,3.0084023,0.005628242,0.10400000000000001,0.32518345,0.13913283080363598,0.6813084825570473,0.0664184950350993,0.049507664925679255,0.19042804259438662,,0.1582308879104213,1.037066219160187,4.1795993,1.8277233,9.349311,0.66035604,0.005397566,0.09999999999999999,0.3342753,0.1910836086460793,,0.07054107024687455,0.16882814592922724,0.16146933696177726,1.1296463995334003
0.004301729,0.0038032588,0.12560000000000002,0.0035735192,0.09999999999999999,0.226623199592624,0.7060464000629153,0.12248463999716881,0.0030461872879889683,0.23996175918807913,,0.3041466582779547,0.0,0.23609637886112905,1.0359204732139973,0.3564963256553343,0.3798027004290204,6.112143,1.7831339,6.451661,-0.0043733595,0.0020281586,0.012,0.0017406172,-0.04,0.11549119927862939,0.4037455994003601,0.06967274680987225,0.0008727467643189336,0.38649103901983584,1.306982078791101,0.20093409152161554,0.0,0.1185834770085482,0.602337607901184,0.21807348907415622,0.3291826962935436,2.6168747,0.4783023,2.7206125,0.0040693856,0.096,0.40258247,0.20160015696437186,0.7358221563092335,0.10580404085022146,0.02303498051395528,0.21056035395921285,,0.20532484401960038,1.0558333429262452,3.324386,1.7203465,7.045354,0.47818336,0.0039000427,0.09999999999999999,0.41211176,0.21956237589555694,,0.11778338860905364,0.20397698654980928,0.21252699077956705,1.2420103020570585
0.004069621,0.004568268,0.0,0.002105079,0.0,0.0020409903827734977,0.002761094633807536,0.0005611057069135768,0.0012715197366998216,0.0030124798285110954,0.00475903955616167,,0.0,0.0024219817468320343,0.003190288971846533,0.2065087013498697,0.0,1.2283959,0.0066815657,1.2919888,-0.0028523644,0.0010029249,0.004,0.00036835053,0.02,0.001047359940787419,0.002012266567979068,0.00025894395772766077,0.00043157334395352135,0.40095082671502524,0.0028754132558861108,,0.0,0.0012184190749233948,0.002297365124872311,0.21541202077894941,0.0,0.10460553,-0.03341333,0.14612554,0.005221762,0.0,-0.5056666,0.002317783401983024,0.0022759007994864466,0.0008891997155976696,0.0008509928990770406,0.003270122221160591,0.00391894529559927,0.002636511193492788,0.002702712753652948,0.5119972,0.017948074,1.0637795,0.11058569,0.0021152059,0.0,-0.09789259,0.015775776510576094,0.5933233952226606,0.0013608002971830758,0.0032894747800041786,0.008601906413719789,0.23628756920718366
0.0043874667,0.005730705,0.156,0.0055246498,0.13,0.16695680123313822,0.8881568004466981,0.08818090571874218,0.015148543593115196,0.21202816083215803,,0.3040048736900659,0.0,0.18807166423305913,1.2156358321165295,0.34955722346256146,0.43249141049841583,8.775942,2.2248769,10.372041,-0.004933074,0.003331515,0.0472,0.0030836344,0.04,0.08277600012774282,0.554380800105801,0.03307520048091374,0.007033600641218314,0.1032767999639314,,0.24265497063495728,0.0,0.08959541356480362,0.8203931207207656,0.2656298339730342,0.3047971261008158,4.2836246,0.59691143,4.923652,0.006397314,0.12319999999999999,0.48097795,0.14374087972429334,0.8750910140248641,0.07700452305543376,0.047916449290239534,0.17931465075857236,,0.15890827760931664,1.2077888752972656,4.8810263,2.110188,11.510048,0.7663708,0.006206392,0.12,0.47811207,0.1801724978333567,,0.08152643587726204,0.20725924420967085,0.16094354262277719,1.3093295406659817
0.0047043655,0.0048216935,0.0008,0.0024413997,0.0,0.0019471406707141342,0.002876266611091559,0.0008054549883803247,0.0013714554092515208,0.0030586210446509085,0.013975863213371279,,0.0,0.0022659212300519356,0.0033853248740431338,0.20575343550752742,0.0,1.2408321,0.014658868,1.3455176,-0.00629146,0.0011576023,0.0048,0.00056516787,0.04,0.0010429092305133053,0.0024679998271713013,0.00024906673813588894,0.0009157336662995103,0.39536240006462287,0.003809920265945496,0.22317647034447607,0.0,0.0012224010257953978,0.002961602685682523,0.23498088904219996,0.0,0.4207775,-0.01695993,0.4955135,0.005518652,0.0008,-0.50802165,0.002178905372560712,0.0023201727368382043,0.0009514080377287428,0.000930923675892724,0.003325770229161435,0.0038650352248646444,0.0025324811206304727,0.0027673801952115065,0.43971926,0.016355056,0.93943155,0.10979608,0.002459454,0.0,-0.12124098,0.012554575228905946,0.6230807565819505,0.0011660740682602011,0.002362586440563862,0.007370996119410904,0.19593548143857553
0.004154411,0.005253225,0.1272,0.004952432,0.16999999999999998,0.16329600029360455,0.9185440003460338,0.04834879969800759,0.008774399062565127,0.20547840085564525,,0.3494527800035613,0.0,0.18977307785140066,1.3053442317482657,0.4032705158853606,,8.206566,1.878613,9.674887,-0.00381662,0.0024629417,0.0144,0.0023142134,0.03,0.07554879954613725,0.5551795196720166,0.023979517282837377,0.001394879320709348,0.23700522665891857,,0.2442025895036541,0.0,0.08124919947386597,0.8190596799319568,0.26713572846298733,0.3331905654657851,3.410713,0.3937742,3.8759851,0.005631503,0.1272,0.36861235,0.1731858175416662,0.8951296342124655,0.07472819229293219,0.009305919224341166,0.20488290482269433,,0.19012193147046916,1.2974880481735145,4.4421344,2.121262,10.287409,0.65600204,0.005341734,0.16999999999999998,0.38414106,0.25264168724730346,,0.1387167976581923,0.2157924040871409,0.23805884628726118,1.4142927809914292
0.0042808866,0.0144229205,0.0184,0.013636595,0.01,0.015939600213125276,0.16515839967284088,0.0096409601768818,0.013497345731830075,0.020865365293559715,,0.20601226163853778,0.0,0.0177766422732353,0.3175795603442014,0.2158381018180145,0.0,11.441158,0.53683406,13.606752,-0.004448219,0.0068747196,0.0216,0.006619402,0.02,0.01365348539383981,0.06465813227398592,0.0032748830778478806,0.012545813209631322,0.021445652342984386,0.8212913046859687,0.21182845857638433,0.0,0.015049993748381531,0.09964996930550186,0.22377871974293032,0.0,3.6152134,0.22607076,4.1704655,0.01569632,0.0184,0.40558258,0.015342646425447448,0.15167507142182632,0.005577380261770395,0.026336065593585686,0.020696128484701738,1.5775314660937787,0.017290001966493582,0.2764153633445568,5.969683,0.5616475,14.166391,1.478497,0.015098642,0.02,0.45382938,0.029011679743527523,,0.012184879753373038,0.033725099868087,0.024390756533017355,0.32159899507346185
0.004057305,0.0055871764,0.10400000000000001,0.0052484884,0.09999999999999999,0.125628800057882,0.7796719993865767,0.06034879635091028,0.006249599572177933,0.1505478394906382,,0.2854647728389831,0.0,0.13643917229617208,1.1223058386133098,0.32114721289245873,0.42392634315996897,7.9871283,1.5203466,9.503884,-0.0028974789,0.0024113825,0.02,0.002203163,0.02,0.049891200303577084,0.2999129602592127,0.011778240081154173,0.0007782400607154164,0.3306722136461948,,0.22589817970672932,0.0,0.05691941536473941,0.6095194152329649,0.2431355522299731,0.25828766512386203,2.7040057,0.25501266,3.1748548,0.0058866427,0.10400000000000001,0.32034186,0.12747928705836445,0.7795269976343668,0.0659163803455148,0.029346765618288556,0.15058607398018134,,0.136940434467558,1.1222427009909566,4.2161365,1.6586916,9.93638,0.682518,0.0055620912,0.09999999999999999,0.33740222,0.15279086985518994,,0.07665035493421797,0.1412686097978071,0.13970989572152498,1.2982339298777565
0.0047256816,0.011491252,0.017599999999999998,0.010780718,0.01,0.015403599930006841,0.1565429327908647,0.009362877118477445,0.01268143902544522,0.019984226009933673,1.3359106139873724,0.20679261988037828,0.0,0.017209434547975022,0.2415483044285869,0.21588356823804156,0.0,8.584689,0.40825754,9.967865,-0.0058343676,0.005782062,0.020800000000000003,0.0056209397,0.02,0.013544319723955096,0.07066079951908626,0.0029321623083859777,0.013154773757072831,0.020797359555680395,0.7887947191113608,0.21200690762633587,0.0,0.014876699670485915,0.09518349950511913,0.22402302974243135,0.0,2.962544,0.1694074,3.4058785,0.012597572,0.017599999999999998,0.422224,0.014847089604820576,0.14477841887018073,0.004794535198694211,0.03315253147277415,0.019869400485795177,1.251935549952726,0.016859864013107333,0.2206148782258695,4.522401,0.42430338,10.50357,1.1729009,0.012107701,0.02,0.482782,0.029051094792996748,1.5324778512609112,0.012311297108238434,0.03689842928778446,0.02459357888130569,0.24956386061056263
0.004732787,0.004556427,0.1176,0.0043030023,0.15,0.1537269325797484,0.7279301326985891,0.06409269220938722,0.0012520510555303586,0.2211351466185715,,0.3289639060206053,0.0,0.1725285878708032,1.1341143524944817,0.38259073169673474,0.37201665845967796,6.9795885,1.5706413,8.029168,-0.0061967694,0.0029220164,0.09119999999999999,0.002721233,0.04,0.1641536005330134,0.5306304009437949,0.11694304003516687,0.0007544318864080902,0.20165823997875962,,0.25373766210319715,0.0,0.17861486640382912,0.7655481994680683,0.2893395614616459,0.3246325029576367,4.1331615,1.0806881,4.2800303,0.0052215443,0.1176,0.5102538,0.16560411314414963,0.727972427982169,0.0750072762666955,0.017587381456484356,0.22110302527475065,,0.1841051612698685,1.0902273666424553,4.0545816,1.9834285,9.043994,0.6097989,0.004987675,0.11,0.5558905,0.21978300978674475,,0.08294154855561905,0.2072138984721537,0.18379762566809058,1.264917782671618
0.004101358,0.0055431235,0.1184,0.005360753,0.15,0.14196160005347797,0.9183488006123751,0.07533616008776671,0.14134463928025134,0.16850175981377133,,0.33150580253005274,0.0,0.1553882560501874,1.3133916112453772,0.37230636667616396,0.40717713827558566,8.71744,1.7402422,10.5255165,-0.0031795672,0.0026315006,0.0496,0.0023513956,0.03,0.0813952011261411,0.5149952011261411,0.05683942410493555,0.0005661865583274212,0.4440435209305689,,0.23882094149230712,0.0,0.0887684739625589,0.6911684743234671,0.25436386560146124,0.33146090490882696,3.350355,0.47937244,3.847851,0.0059860144,0.1184,0.3870877,0.14970050572265103,0.8911165019815688,0.08881940447002508,0.09917571562137979,0.16697690510146765,,0.15698245918497017,1.1783304581695881,4.6685967,1.9361274,11.114331,0.7054829,0.005765957,0.12,0.37713194,0.17483702043254745,,0.08757521424651216,0.2784132134614722,0.16216070944033462,1.3576361902553205
0.004506837,0.00448632,0.144,0.00428737,0.14,0.18542143962653515,0.7879767992277157,0.07295381271201104,0.011030719672840236,0.2664382392390405,,0.31423333854266444,0.0,0.21410520249312162,1.0925052021067203,0.38011155939602354,0.3863233463652423,7.0853395,1.899689,7.9369164,-0.0053564534,0.0025154916,0.017599999999999998,0.0023271022,0.01,0.11525919833783878,0.538259198160504,0.060047356176735824,0.0012236780883678998,0.3625532788485111,,0.2343354739991667,0.0,0.12973180601145026,0.7943318058833428,0.2694439689546037,0.3581234595189786,3.709035,0.6346611,3.971293,0.0049503003,0.1624,0.4899637,0.23208940798135902,0.7756099623870274,0.11840570773756971,0.034166934810122826,0.2853061254944112,,0.25041364178749365,1.073949631302001,3.998599,2.4415278,8.557785,0.5821148,0.0047823843,0.14,0.4590089,0.2679801353521678,,0.10322347851565866,0.1999623804785185,0.22936531719762646,1.2585316688430432
0.004650365,0.0063559758,0.0016,0.0034712022,0.0,0.0021334587936610206,0.0028890666316263927,0.000827977310083179,0.0011848230031575584,0.0031902399047817652,0.2542438400301993,,0.0,0.0024713586803395177,0.0034284398589603158,0.20550664228272308,0.0,1.458492,0.04065766,1.4795712,-0.0053341445,0.0010058992,0.0248,0.00041098558,0.02,0.019711599518710092,0.002446399158400962,0.00043285282035867564,0.000324639615269011,0.4196870339909603,0.004962344460335789,,0.0,0.01992605755708337,0.0032521153020238806,0.21235774168962138,0.0,0.116007105,-0.052007567,0.1313757,0.0073878076,0.0016,-0.53487337,0.0025642876884623546,0.002416171262838191,0.0012444970486391411,0.0007652257335186282,0.0036545767872484245,0.004502601680597326,0.002900134156577087,0.002894279026063262,0.59782827,0.059656948,1.2057052,0.17005435,0.0036538404,0.0,-0.31751314,0.009594356860130944,0.4369829941761763,0.0010660396133865646,0.0022092385501102357,0.006738655787392673,0.10803736840363068
0.004553258,0.010893929,0.008,0.010091024,0.01,0.00724960039007433,0.10026453383665605,0.0018091325694788794,0.0035197867175580503,0.01006342429757633,0.9087336975286893,0.21014229952994726,0.0,0.008338184580126334,0.15332002958786894,0.21611006265887586,0.0,6.0972238,0.1756219,7.043538,-0.005488326,0.0046923785,0.0128,0.004099944,0.01,0.005231999826336551,0.032371999147128745,0.0013144007258805686,0.0014858683498647424,0.01257183917775683,0.13291839134355274,,0.0,0.009491329762353553,0.04309132976235355,0.21476114748118735,0.0,1.5649922,0.041474894,1.8845102,0.011353672,0.0096,0.32050392,0.008629923174921806,0.09314103181695535,0.0030370289676722225,0.011038188282067225,0.011565884289645374,0.9603845501796667,0.009744874227254785,0.1398572845272557,3.139888,0.21159329,7.2507195,0.8345067,0.010892121,0.01,0.38592225,0.01918634370357445,1.1578527036150712,0.004346651780570809,0.009822293403925274,0.015513117749237325,0.14786006389755352
0.0048644734,0.0046615857,0.2064,0.004465004,0.21,0.22429119421178875,0.8158727988030381,0.13589823380913058,0.04556607811422744,0.2849710391037727,,0.3825587698523475,0.0,0.25050207738705943,1.1692708215227219,0.43540211823725844,0.37712436896683116,7.2660522,2.3450196,8.281763,-0.006952309,0.0029958845,0.028,0.0028174105,0.049999999999999996,0.08562751970808513,0.6678343994537116,0.021933759294256425,0.0022675190862639,0.11293589259593227,,0.2584836436108896,0.0,0.0916473869820471,0.8654236926505761,0.2870552702711392,0.3849787499665867,4.2484245,0.5369498,4.8901873,0.005374792,0.1336,0.5637218,0.16770988084874688,0.8463381665791645,0.07731461789016475,0.09311727127289057,0.21212970624849523,,0.18744652807190026,1.241976555986994,4.205939,2.0605226,9.723562,0.6367219,0.0051881205,0.12,0.5537141,0.20357467911945845,,0.07684483646819217,0.23601861218421022,0.17747803983855712,1.412490797738441
0.0042515183,0.0036166247,0.0,0.0018331808,0.0,0.0023385261157155583,0.0025693330266216563,0.0010987632872622272,0.0008738665266803114,0.017988796372937804,0.438388797159378,,0.0,0.0028406612637289982,0.003107327930395652,0.2077035943784935,0.0013845057508999933,1.5537028,0.034455888,1.7085993,-0.004408063,0.0010093696,0.024,0.0005359177,0.03,0.021610472656973797,0.0011593140210888358,0.0002606079205049355,0.00026060792050489957,0.4221273581304478,0.003109119262998777,0.21461999037230983,0.0,0.021766980237066445,0.001405254492091135,0.22937302839201418,0.0,0.40987027,0.01237613,0.42300794,0.003924701,-0.0008,-0.47052693,0.0018940701367809196,0.002795907542956705,0.0005158661803781342,0.0012933892029995794,0.01692341853605767,0.005189094417081109,0.0024086820234926107,0.0032802780566103984,0.599522,0.023094105,1.3330173,0.10007697,0.0018333552,0.0,0.013791373,0.018705283529018502,0.9254716422301482,0.001596360433179882,0.0038666711680135917,0.01018124751187294,0.40811061745758426
0.0049568424,0.004983695,0.1504,0.0047942195,0.15,0.16337344019478542,0.899267202755681,0.06488336030828513,0.02312224040936807,0.20690016034204906,,0.31249109354724547,0.0,0.18128173110363585,1.1343090660040696,0.3698011834740087,0.42647434502146425,7.6120844,1.7852695,9.198473,-0.0067698695,0.0030613255,0.0432,0.0028977243,0.04,0.08068000052600037,0.6493400006387148,0.03698799992485724,0.005110399939885782,0.255273600716562,,0.24097727070573807,0.0,0.08992713528476173,0.9773938015417309,0.2662577695973214,0.38512828542160515,4.3349366,0.5329187,5.091344,0.0056410246,0.15200000000000002,0.50952375,0.17522559365300913,0.8789270932494307,0.08562337373325864,0.1111927026235923,0.20845523948258535,,0.18942054832039634,1.2519675613806296,4.3797946,2.2084384,10.2957535,0.67242146,0.0054801926,0.15,0.5057181,0.2116252381336698,,0.10031785794200034,0.23986704334775352,0.19243852638106987,1.3463442087733233
0.0044698888,0.005766705,0.108,0.005513281,0.12,0.11795946713433646,0.9118784021894495,0.04491827354559855,0.0847582727249849,0.14448704052261535,,0.29537159932105667,0.0,0.1319126979799572,1.2351301584114291,0.3347828501095694,0.45425009223747376,8.603755,1.4754629,10.662176,-0.005215162,0.0031178417,0.088,0.002850131,0.06,0.10486239936729726,0.46952497754585537,0.07376249606533221,0.000808320609157398,0.23284492768259693,,0.25646889506133375,0.0,0.1116808663497964,0.7015685194248862,0.27593985168862323,0.30211138014800754,3.8960624,0.7061304,4.4877534,0.0064413943,0.108,0.46178815,0.12284489803785513,0.8767499604802382,0.04769641329992946,0.04863362345187262,0.14428659579198516,,0.13195780516696992,1.1708161140851017,4.7192316,1.6967204,11.508074,0.75464857,0.0061050444,0.12,0.44393253,0.15990016263718998,,0.07595878885485113,0.18195606875330236,0.14798846141381647,1.373898519150306
0.0050430545,0.0056080185,0.0016,0.0028085092,0.0,0.0020673143187126698,0.0027602085776712473,0.0008823732937928526,0.0010917974464801016,0.00320963190870375,0.004598948259523091,,0.0,0.002426750775777282,0.0031954574659259585,0.20543594291932574,0.0,1.2973187,0.0054643108,1.3890961,-0.0070365886,0.000973179,0.0064,0.0005418668,0.08,0.0019528726076403929,0.0019528727281669894,0.0010281597312889515,0.0012187733929132762,0.4064,0.0024178132674747867,0.25073333544070386,0.0,0.0021037686345431665,0.0021037688066095532,0.27346399702847723,0.0,0.27589083,-0.058791414,0.34975922,0.006477082,0.0016,-0.52399987,0.0023853481729302533,0.0022202849023990907,0.0011087663397115648,0.0006279297105129502,0.0035380126625761932,0.003742937025921434,0.0027365032651626734,0.002675266559648298,0.4926047,0.029868353,1.0321777,0.1303013,0.0028986789,0.0,-0.250079,0.009258166961920864,0.5591612167697164,0.0010286843687681113,0.0022812194628111663,0.006502530464191025,0.14563805714203515
0.0044154148,0.005584334,0.0016,0.0028819314,0.0,0.0025422344991270617,0.0024462400097518583,0.0011963308270361269,0.0006859053354953284,0.003644185572160268,0.004780927763136889,,0.0,0.002885973948877199,0.0029446621780982573,0.20558117165297993,0.0,1.293766,0.016027655,1.3735828,-0.0052592843,0.000993009,0.0056,0.0005046842,0.049999999999999996,0.0015011993736844032,0.001602398935225931,0.0008602397995940464,0.00025638378147263416,0.40268431816260547,0.00278745439393928,0.2338370243779407,0.0,0.0016752728109818236,0.0020258186208026024,0.24374283965605292,0.0,0.31022087,-0.035634726,0.4002015,0.006507136,0.0008,-0.5735366,0.0020970680945524237,0.002503861171269548,0.000766899250332017,0.00099983927505828,0.0031603626831993095,0.0042764559504922745,0.0024450685907373097,0.0030545139092946704,0.45920962,0.016150035,0.9535257,0.13151109,0.0029544204,0.0,-0.22197649,0.00992226066515542,0.46371898301332115,0.0011024736003133028,0.0023816727140044828,0.006968961127429125,0.14758436494288865
0.004430099,0.004799904,0.1448,0.004558321,0.13,0.18362559857811894,0.7909063998537221,0.09442127718139282,0.009242555768330902,0.24819151961039715,,0.31350908550268025,0.0,0.20324844403364473,1.1096645920025283,0.36439922061354607,0.38964947090605967,7.379739,2.0181537,8.250855,-0.0053153057,0.0028461646,0.033600000000000005,0.0026379449,0.03,0.11479279943718011,0.47279039925257943,0.04531856003636917,0.004237119627291855,0.411244692772133,,0.24688181532256573,0.0,0.12081281189858428,0.7764042706301872,0.2784674875384011,0.28078070513445236,3.874373,0.6835969,4.1533623,0.0053960276,0.09839999999999999,0.54214096,0.1553608744457911,0.7446603072637333,0.06498387481772516,0.08687633425754208,0.20167918587327577,,0.1686963581368671,1.1261776033783626,4.1602964,1.8504215,9.306709,0.6300666,0.0051236954,0.12,0.4940704,0.2269603391282459,,0.09997193718171041,0.1822468985547333,0.19535999397679327,1.2457594976142912
0.0041780956,0.0041045262,0.0472,0.0039103134,0.08,0.14044266697425195,0.8935456003372257,0.04104853411767481,0.0007922288901134887,0.20911040037749204,,0.28377647064266015,0.0,0.16576372009822657,1.2450182936073644,0.34265298797942934,0.43651297305213016,6.8949175,1.2999057,7.6407433,-0.004257847,0.0023464374,-0.0528,0.002096078,-0.04,0.081972798666966,0.5103455980342614,0.005757279452133298,0.0011145590519970156,0.3000310382308353,1.5654524151581117,0.20512173636940012,0.0,0.09677384364907567,0.7191825624272575,0.2402958708643013,0.37326054784819984,3.3158977,0.41341105,3.5026758,0.0045024594,0.0472,0.42359105,0.15592315074947213,0.8935266133328796,0.04989265717262938,0.011442281662470218,0.21050135567615486,,0.17628472002605286,1.1927190559457053,3.8242462,1.5634594,8.282958,0.52622724,0.0043314663,0.07,0.44716793,0.23776040394973713,,0.08977434159061276,0.24041204222225404,0.2025293632117912,1.3167852739883241
0.0040506735,0.0043503707,0.1128,0.004189316,0.14,0.18989439974833863,0.8110943999559593,0.10883968061549039,0.10107776384033723,0.25496661165950785,,0.33603457666942566,0.0,0.21223090585712198,1.0517509055496979,0.3941420187407034,0.3174325189336433,7.170485,1.8838973,7.769822,-0.0021915147,0.001953299,-0.016,0.0017153337,-0.01,0.10100266669338412,0.2991519998797714,0.05843040016381137,0.0005043198860233589,0.3554735995957315,1.327898879826871,0.2316499976811397,0.0,0.11224651713447646,0.5079848878508574,0.2577927671554494,0.27344291807978033,2.554905,0.41733664,2.630137,0.0046289093,0.14,0.34867457,0.2291864897130361,0.7479798685813397,0.14331503070844714,0.02387717028250559,0.2819604497625773,,0.24503834074092373,1.0244072921903322,3.8059502,2.3093333,7.925328,0.5408758,0.0044323783,0.14,0.33270591,0.2845505168080051,,0.1391382182269176,0.1813684186292792,0.2497791392752378,1.1371039865178174
0.0046191015,0.01710448,0.017599999999999998,0.016476844,0.01,0.015428884396518471,0.10230975969599451,0.01053725192105858,0.0038591484180131143,0.019081995351444492,1.0975939201881166,,0.0,0.016920064412541114,0.16201165006270407,0.21579074311401575,0.0,10.025654,0.6052652,11.387158,-0.0056316014,0.0076862806,0.0216,0.0071434225,0.02,0.013550800024891079,0.04260159997896001,0.010040320258491102,0.003880640516982265,0.02141717320054754,0.6479257600745417,0.21131190445129444,0.0,0.015574180573650755,0.06330751410630402,0.2245777808636861,0.0,3.1603532,0.28444088,3.5605564,0.018436564,0.017599999999999998,0.38246423,0.015048370090417667,0.09404422137706007,0.00935630336791678,0.004976776239114541,0.018979496855282423,1.097568788386785,0.016592673115098752,0.1479045592561766,5.2403736,0.6404908,11.917429,1.6431696,0.017896187,0.01,0.40095118,0.018776343679795603,1.2305323341809897,0.002967364965239483,0.014397825876370594,0.014600501439865143,0.1587453809018167
0.0041984646,0.0043802136,0.1288,0.004178895,0.12,0.19719520035547097,0.8279903991569378,0.09847951972049886,0.030853013653921523,0.27055423947906165,,0.31032106676462673,0.0,0.22126980063864277,1.1183364675715644,0.3720234495231277,0.38931359287255496,7.109143,1.9586514,7.7225714,-0.0038647088,0.0022631497,-0.033600000000000005,0.0020945913,-0.04,0.09203466664913336,0.5006026669438602,0.031330400811541946,0.0030608001202284347,0.20657360024684412,1.5607648001983772,0.19546295173728553,0.0,0.09681700871629136,0.7645560117958065,0.22889020820276165,0.34696364393126944,3.2754943,0.40506667,3.5040402,0.0048215743,0.1288,0.43120867,0.2174196677693082,0.7639308807072588,0.1039708106236366,0.030882422630004108,0.27058865236387747,,0.23854811409492493,1.097311036276749,3.9137182,2.2679274,8.279604,0.56012493,0.004564754,0.12,0.41412213,0.26566149251444104,,0.11388743883329006,0.20364415806061814,0.22978018364110095,1.265995004340986
0.0041236216,0.013751228,0.016800000000000002,0.013220694,0.02,0.01467466599207528,0.15364799496677284,0.006889593960127422,0.0412895939601274,0.01977234256876013,1.426137599052078,0.21617456718818182,0.0,0.016388781403646135,0.24636073490173302,0.22586931903701057,0.0,10.250183,0.47213638,11.950613,-0.0032658298,0.005940211,0.02,0.0057592583,0.02,0.012468480415510111,0.052785600377217065,0.0020228256257530117,0.0130536951212731,0.019769387520088957,0.44470272097866037,0.21167086206464694,0.0,0.014014808488939162,0.07183702044310145,0.22396658829397081,0.0,2.3658977,0.17612836,2.6502166,0.014797477,0.0264,0.39940512,0.02372279936584864,0.12277593109511982,0.015252403771834906,0.02278245902086594,0.02918410325498685,1.3826793293147537,0.025530423733225508,0.2027936868470805,5.1817217,0.83555937,11.764387,1.651639,0.014420672,0.02,0.4108351,0.02922748137592741,1.5217342794359097,0.012229190736853824,0.03218597453867728,0.024654639233719494,0.22184565521070937
0.0044324673,0.0055080703,0.1376,0.0053659636,0.13,0.15373653431760625,0.8543349336080631,0.0824403203430974,0.07624192269277653,0.19788864053981256,,0.3051070612907967,0.0,0.17381396998111195,1.1798631296410518,0.35234433617833244,0.40336274528036525,8.403976,1.9672936,9.888639,-0.0050000018,0.003088592,0.0368,0.0028878087,0.04,0.08024533278562566,0.46238399946648606,0.028393598875862017,0.0021290660868977136,0.10011413289516695,,0.24486606703315597,0.0,0.08573463630259576,0.7567434156399436,0.2695822470330226,0.28734305440056485,4.0661087,0.5303503,4.649124,0.006169298,0.1384,0.46722952,0.16560432760152616,0.7964824420199129,0.0904441778719367,0.052578599282804,0.19860302933538473,,0.18126295698787176,1.1455802166199582,4.6673346,2.3157384,10.726263,0.7304415,0.0059956,0.13,0.46240184,0.1958931361680056,,0.09383486209917742,0.17228403747250798,0.17598417727948762,1.2655519686897385
0.0044528362,0.011112773,0.0152,0.010627241,0.01,0.013951999954243455,0.2359743998288708,0.0067536010129409536,0.014353602768274942,0.01874559995910513,,0.20716986252374137,0.0,0.015669931633859054,0.5743030347384521,0.21607371695469949,0.13113809139892257,10.248999,0.34001002,12.598384,-0.005090726,0.0054722116,0.020800000000000003,0.0051400512,0.02,0.01459128894173009,0.07463039997595429,0.005132159603246146,0.0014128638412984672,0.022196479684199768,1.1103298131010253,0.21223150019220222,0.0,0.016485006345716646,0.1339275093706405,0.22490155758800176,0.0,3.677308,0.19456735,4.4065733,0.012146017,0.016800000000000002,0.43898955,0.015074331309609805,0.212428201468925,0.00692444924126321,0.01355924199439593,0.020142567836301032,,0.016873190188060883,0.5343655380534891,5.4200764,0.4084909,13.265221,1.1298285,0.011703363,0.01,0.432191,0.019620423269065268,,0.003416961918616508,0.039936520743683104,0.015377159958414878,0.6350780323650836
0.004504942,0.0057908637,0.1104,0.0056677037,0.11,0.12571999976406797,0.8605800004325422,0.059023998867532824,0.08622399886753279,0.14347200117441658,,0.28900000918739344,0.0,0.13216427849211385,1.1125821393355828,0.32431268821921566,0.40921454805881946,8.517069,1.5605253,10.286066,-0.0055398857,0.003132715,0.0432,0.0029319315,0.04,0.05862079843101601,0.35510346649584196,0.024022079692815806,0.0014488317469430012,0.28499871911150854,,0.23658437645387448,0.0,0.06527279299424667,0.7439639644242465,0.25516869285665067,0.2882093771866617,3.775469,0.39279455,4.4883738,0.0064422563,0.1216,0.45357233,0.13708463229192216,0.7503206594586912,0.07821468135585255,0.06284522147031683,0.15399407903384013,,0.14359901422543433,1.1013522311772406,4.6551104,1.9553246,10.99071,0.76593024,0.0062647727,0.11,0.44013482,0.14781367086086297,,0.07354731929520589,0.11982964026195378,0.13649065766367857,1.2652752144898527
0.0043922034,0.005844391,0.0944,0.005614651,0.12,0.10294080032086758,0.8907605333109636,0.041032105403889185,0.07036543943628004,0.11956672079336009,,0.3006926111380145,0.0,0.1120785661461695,1.1743306090211754,0.3326012352990549,0.4416690941413019,8.467688,1.2970408,10.468674,-0.0049211755,0.0028858255,0.044,0.0026552964,0.049999999999999996,0.05620543958929934,0.42145679953486576,0.030620906298099274,0.0007450877856084952,0.34038223916275845,,0.24910303189581723,0.0,0.0594873173137274,0.7423098539419964,0.2629069689140075,0.2888610368733525,3.4076138,0.34408483,4.102051,0.00641215,0.0944,0.42398727,0.10303373298457641,0.8685227024676788,0.05060941416390751,0.046554846601687704,0.11930078319792574,,0.11083943122268661,1.1742393539142424,4.559904,1.4582597,11.149206,0.7474486,0.0061147218,0.09,0.4188175,0.1203988740802879,,0.05634686443683634,0.14227716125852083,0.11108336298812362,1.379469899491785
0.004295097,0.004875694,0.1216,0.0047027967,0.13,0.1592275203628948,0.7670344000739254,0.08109791978566873,0.07872917158848125,0.2224175359875176,,0.3128892406020496,0.0,0.18096821363997295,1.107620534680637,0.3632379556565015,0.34543793432001235,7.487859,1.7904695,8.398173,-0.004578605,0.0027291654,-0.0048,0.0025853943,0.02,0.07320799933122871,0.4862039996656144,0.016323196874060704,0.002161598437030357,0.32930880082957925,1.568508798917944,0.23754413125695834,0.0,0.08182362340776668,0.6383741742321033,0.2679704520424558,0.23857629158321977,3.6015809,0.42306772,3.9555547,0.005365482,0.0856,0.48076007,0.13778978853541193,0.7927709796325072,0.0609348024428792,0.09978632469805204,0.18643968305696754,,0.15508565795734333,1.091828804077148,4.1523128,1.6712862,9.308295,0.63624865,0.005194624,0.09,0.46781987,0.1938736729563319,,0.07157724082296653,0.18789046207048224,0.16296175211894623,1.2221047495670407
0.0041023055,0.0044763726,0.036,0.004331897,0.04,0.05455999968542392,0.306360000078644,0.02281599979028224,0.05644799937084661,0.05968639960740921,1.5094079997483392,0.23839856103833196,0.0,0.05643295037812499,0.5094384417037952,0.25533508543764444,0.10238284618640109,4.897957,0.5389647,5.4901886,-0.003959399,0.0021719297,0.0048,0.0019463584,0.0,0.019536533373743486,0.07907306674748693,0.009050480167230307,0.0007009600061617125,0.40250864024331257,0.5919086400554555,0.2029290839326581,0.0,0.02081766417843546,0.10868727496202048,0.21461307244843195,0.0,1.2976549,0.085391894,1.4562984,0.004758524,0.036,0.3460903,0.05412467450662198,0.28064067021145045,0.03257204024562034,0.0339713150379796,0.059629196006734636,1.475870302989798,0.05617532867124523,0.4982716838854055,2.5238657,0.5859217,5.6166196,0.56130135,0.0046228743,0.04,0.35669196,0.0696480482681163,,0.04142096793493437,0.05369957339678698,0.06479769835571048,0.6173924600256006
0.003955461,0.0055113863,0.08399999999999999,0.0053124367,0.08,0.10901600166724994,0.8758773342840516,0.05052320096260091,0.07464640095630563,0.14275440030985742,,0.2675389887276966,0.0,0.1260900766575598,1.255070228753996,0.30475989600503395,0.45382146204189455,8.360752,1.3877896,10.008247,-0.0023273535,0.0025229286,0.016,0.0022378662,0.03,0.05534240032762309,0.3722848006552462,0.016028480065524625,0.0006513923826155433,0.24291264117944314,1.4247042133754801,0.240475857381843,0.0,0.06274697864223194,0.5703575829988888,0.2579867624944164,0.17907735198656632,2.829061,0.313215,3.1979077,0.005872375,0.08399999999999999,0.35245615,0.11657109770080429,0.8741723637454626,0.059300121149101145,0.01357402929691253,0.14268039791193235,,0.12805309238415563,1.2247615127233653,4.4117002,1.534378,10.413175,0.6926403,0.005676406,0.08,0.36004686,0.14412820197841414,,0.05757671499637084,0.18604371400758746,0.12835524575151397,1.3583004742068383
0.0044717835,0.004225317,0.188,0.003962419,0.16,0.2469440037749204,0.7754720029255575,0.15522176099758406,0.012661760208374949,0.3229930669574746,,0.34655556110363855,0.0,0.2832865044426895,1.0638573005518648,0.410083580318922,0.4003841578497518,6.765126,2.1813817,7.196658,-0.005322742,0.0023578396,0.0384,0.0021446622,-0.03,0.15413973148983068,0.43420479852569815,0.08501461243188614,0.0006087677553109074,0.4248389105484078,,0.20250303168737718,0.0,0.16282036713022185,0.7742734555515923,0.23620607098797977,0.3551324361946468,3.391005,0.7604943,3.4791265,0.0046699424,0.124,0.46880093,0.20509423567331903,0.8129797660836184,0.10355538497676671,0.00874410365247594,0.259347142771759,,0.22379750128445533,1.1277574646306894,3.7836776,2.1191368,8.153597,0.5395983,0.004406025,0.12,0.45504054,0.2609097298494924,,0.10670866892706635,0.2264782619462715,0.22682335676092424,1.3298849075193642
0.003944093,0.014641291,0.016800000000000002,0.014034968,0.01,0.01438467386134903,0.16530880264244427,0.008745442019582378,0.012572719883764138,0.019549056130326745,1.531878613768986,0.20460462673674865,0.0,0.016087047805429893,0.36692228820174,0.21586112347979688,0.007273110256906963,11.678951,0.503635,13.821689,-0.0022465445,0.0056025973,0.0216,0.005106836,0.02,0.0139526398802524,0.037440799519086264,0.008016316863228349,0.0026721062822018886,0.021115626962812894,0.7205468810366706,0.21118077464302393,0.0,0.01506536404700687,0.0563063353448712,0.22435303611424434,0.0,2.4036984,0.18904571,2.726811,0.015547617,0.0184,0.34312955,0.01563300777192021,0.13510964692750035,0.009025213195285688,0.011053905793494299,0.02102875154140979,1.4891018854758367,0.017335167854155814,0.31506589663200085,5.9034166,0.577677,13.901981,1.4447606,0.014840946,0.01,0.331079,0.01921159401686559,,0.0029054917805621727,0.02696297417208383,0.014772066789510773,0.3888912313511816
0.0047465237,0.0050163805,0.09040000000000001,0.004810325,0.13,0.11014400006291508,0.915029333976467,0.021094399377140596,0.06779626624163915,0.14936640104648977,,0.3059878054043686,0.0,0.1262808685889358,1.2302213027662916,0.3528743673511747,0.41329452040738224,7.5389,1.2122494,9.131328,-0.005836351,0.0029334188,0.0432,0.0027227201,0.04,0.07973439936278692,0.5271114665651402,0.04218687646528406,0.000631146472764798,0.10112047986218804,,0.2445132049523445,0.0,0.08531254821149345,0.8191376454802021,0.2665435183930737,0.2778832175389299,3.764686,0.4945009,4.348445,0.005661023,0.09040000000000001,0.48187798,0.11756285854226722,0.8343492939913084,0.04977257842210593,0.06771867946455042,0.14922790939811464,,0.13043568296455468,1.1374375798388672,4.2125688,1.4499648,10.0164175,0.6590718,0.005424531,0.11,0.48611915,0.1742663474351629,,0.07684014567996897,0.12896947946057336,0.1549170417726198,1.2606442075028972
0.004032199,0.0065004514,0.0856,0.0063251867,0.08,0.09177840159961938,0.8591784012063992,0.04106090844507362,0.0815913626676104,0.10128056049565372,,0.2629292691542893,0.0,0.09478347673509843,1.1854793465005815,0.288589016634699,0.43190414147928297,9.26337,1.2918255,11.4384365,-0.0028092335,0.002694958,0.04,0.0025611026,0.04,0.042598401086064226,0.33259520288548244,0.02569301432722168,0.009469760500752369,0.11702784091133239,1.3567139202880223,0.23394761583679696,0.0,0.0446639100751107,0.6247183460041617,0.24723920841028027,0.195790699953467,2.8966093,0.25200254,3.4592984,0.0069242045,0.09040000000000001,0.3516629,0.09623576502912638,0.8174423961867536,0.050224838751426616,0.05276124034713812,0.10600868704181353,,0.09916497298897925,1.1805869005809526,4.8471136,1.4762172,11.820579,0.82577163,0.006733206,0.08,0.3499151,0.10133765156860257,,0.04847649089223793,0.12406894703938554,0.09324516431688686,1.2848572110144132
0.0049961586,0.0075496756,0.0992,0.0073223035,0.13,0.09730026634090587,0.7870573715348853,0.047800316149581246,0.08157147379975217,0.1065507204775265,,0.3111226657004458,0.0,0.10029690298299238,1.1631356640036594,0.3348580575317472,0.3562578761194239,10.554056,1.6025234,12.986692,-0.0069914744,0.004460363,0.0544,0.0042645377,0.06,0.04826346658651437,0.4957317334582374,0.025652693517683563,0.0404395201382627,0.05751135931650006,,0.25039655785076004,0.0,0.050959601446483926,0.7673990045194204,0.26372784324277776,0.23704552393185055,5.19471,0.4570313,6.314386,0.008572891,0.0784,0.5219842,0.07504443510825554,0.7902076839434578,0.03677056530567379,0.09093969916636463,0.08517319710319698,,0.07838758757581926,1.160685342872034,5.8693385,1.4157,14.495447,1.0266184,0.008362479,0.08,0.52141094,0.09360322018593983,,0.04549533685234202,0.12219316459096925,0.08427050543862649,1.240009775787067
0.0039426717,0.0062939227,0.0488,0.0061731315,0.06,0.05186367976796878,0.2619061330579043,0.030034558466547515,0.04930367485608229,0.05754662388433671,,0.25482327190521536,0.0,0.05375891823231882,0.4540767546969565,0.2670353817825762,0.033982950634639526,6.30908,0.74207747,7.1179066,-0.0022158069,0.0025972924,0.036,0.0024287335,0.02,0.033854933032094144,0.03899119983393432,0.023517653538790637,0.0008509874762047888,0.2913922125340139,0.28556277293367366,0.21422500634576658,0.0,0.03559924969656777,0.0713973741261966,0.22583702483853937,0.0,1.3013724,0.19700839,1.3757367,0.0065972973,0.0496,0.30443874,0.05227685908601206,0.23658589431336927,0.03880067890818855,0.04218337015558934,0.05813865994464231,1.5415857249415392,0.054391982002249234,0.4430155273348213,3.2045283,0.801391,7.1748085,0.79540503,0.006449349,0.049999999999999996,0.29875964,0.06680627938981366,,0.042050912973838735,0.04514270665348798,0.05904199724467347,0.5252095717736834
0.004777314,0.0041566314,0.18,0.003955313,0.16999999999999998,0.22564000149423638,0.7666933339974389,0.13056320036742447,0.03264320112744112,0.30698133320051224,,0.34810129401795126,0.0,0.2514998921318406,1.080633296765699,0.4102765388644326,0.3587586470201167,6.589741,2.048639,7.19867,-0.006322197,0.0026756232,-0.012,0.0025045858,-0.01,0.08922346758841801,0.566290134117491,0.024927041478809725,0.005854082957619478,0.37773734461778224,,0.21457713942204473,0.0,0.10251697598707236,0.9094113179438188,0.24984032328250225,0.39334980747740883,4.026573,0.49314764,4.4422684,0.0047268923,0.07039999999999999,0.57022625,0.1385372860760908,0.8630231950494613,0.04403394915059207,0.15745215643843685,0.19704405150185567,,0.16011722386672309,1.1524576195125313,3.8603697,1.4708238,8.74594,0.54913294,0.004583587,0.16999999999999998,0.5297574,0.30018518383136444,,0.1473948209181095,0.18418921197852742,0.2610001479393125,1.2289455872428934
0.0040615676,0.0049908007,0.062400000000000004,0.0047989567,0.06,0.08418304056774713,0.38777173430921763,0.04417152074240102,0.020723840447117173,0.09194368207368551,1.5350873639259173,0.2547619445406182,0.0,0.08674138219373921,0.6434241483845915,0.2764234900185344,0.1282559041223856,5.801878,0.9254555,6.334187,-0.0030913216,0.002171434,0.012,0.0019855238,0.01,0.030504000649985256,0.08761600240456868,0.019801601370606707,0.0007008006853033605,0.33614293395317846,0.6486762674534959,0.21532167743287312,0.0,0.032459802470250494,0.13822990123512524,0.22617403101974978,0.0,1.4787321,0.15473711,1.5985825,0.005245201,0.062400000000000004,0.31272563,0.08381603185863082,0.3399026588026116,0.04537063274780694,0.02066828167970884,0.0918222200719017,1.5343959657569444,0.08652647639874385,0.5903518377999418,2.9877076,0.9957425,6.459753,0.61763674,0.0050293957,0.049999999999999996,0.33392555,0.08734109819773905,,0.043591738769704874,0.07310306492145514,0.07864519868672822,0.7241281526633029
0.0047853664,0.018359287,0.008799999999999999,0.01665637,0.01,0.007547520118448346,0.07188937183739136,0.001850320297431699,0.003440511626736459,0.009681536158680547,0.7488460865633023,,0.0,0.008383965371548584,0.11253275638863643,0.2159379694529642,0.0,8.164408,0.28125,9.331936,-0.0064699333,0.007904911,0.0136,0.0066035385,0.01,0.004538999857698172,0.031535999873092156,0.001660480192365503,0.001457828693620049,0.012349381410199476,0.4718405326122963,,0.0,0.005420442402956633,0.04232665876562678,0.21437693095380778,0.0,2.536809,0.11200708,2.9905543,0.019064985,0.010400000000000001,0.30559787,0.008920105670392513,0.07003573101612581,0.0029006903580892866,0.003874205852684613,0.011204075110973872,0.7853080544249447,0.0098466208477485,0.10949386177324157,4.2746806,0.3554177,9.750492,1.3514755,0.017917626,0.01,0.37744856,0.01874420495310297,0.9467150092649783,0.003725850119334666,0.00799839357830432,0.015035568619200603,0.1121780847039977
0.004083832,0.0056198607,0.0008,0.0029198262,0.0,0.0019711999071458193,0.003022799884393291,0.0006327466620528866,0.0010928639579223093,0.0030643198749152364,0.29908415897511015,,0.0,0.002317126175787371,0.0035598329630386226,0.20600292803398448,0.0,1.4023591,0.011788026,1.5006497,-0.0036411206,0.000924099,0.0256,0.00042833778,0.02,0.02153782853854973,0.0011929600187556499,0.020856137062672087,0.00023859200375112995,0.4206455473468933,0.003578880609959304,,0.0,0.0217140945450923,0.0015081891074318961,0.21410948066049154,0.0,0.31914657,0.0034138924,0.37888578,0.0064502675,0.0008,-0.5130325,0.002277608042837892,0.0023758999201520096,0.0009955398249983773,0.0008261929090721347,0.003431291253134532,0.004267475079108432,0.002643481478156355,0.002974919502639824,0.53258777,0.009872305,1.1217952,0.14456123,0.002976497,0.0,-0.19544926,0.013207016115635213,0.5381923643409805,0.0011653985872055728,0.002631767996206323,0.007366720423876884,0.1733750511242828
0.004367572,0.005572966,0.1744,0.005364542,0.19,0.1936160003984633,0.9789493333612955,0.1070824009232808,0.05592160056414014,0.21994160010931507,,0.36276001805664565,0.0,0.20646602524744415,1.3395961507057927,0.409290278445371,,8.720401,2.3512137,10.5508585,-0.004565219,0.00302563,0.032,0.0027554405,0.03,0.058964798617373027,0.6181647983964517,0.01715296092575891,0.00048823993860829787,0.3289506547500071,,0.23216201432827088,0.0,0.06689670683723958,0.909258023959325,0.25218837112111925,0.3991627010864387,3.916512,0.3941408,4.6725483,0.006070127,0.1744,0.40754387,0.19474431678741144,0.9645539566265061,0.11929307895257489,0.08849154948142494,0.21978605698519976,,0.20677801844499455,1.3175203039058183,4.779253,2.6753867,11.336948,0.72524834,0.005868737,0.09999999999999999,0.46118975,0.1511718696854382,,0.0601276305807314,0.31651984998733923,0.13644275653915608,
0.004457099,0.0062531857,0.0016,0.0033802541,0.0,0.0022659097052434847,0.0026497280017716927,0.0009424319395259319,0.0010034743364830273,0.003271207195107172,0.014315307157125406,,0.0,0.0026001598021178325,0.0030962237305449287,0.2053678398601512,0.0,1.3374655,0.013701271,1.4322037,-0.00539314,0.0010648947,0.0152,0.00045510824,0.02,0.010630399617940428,0.002078932570549758,0.0002749436729786794,0.0009436789747510657,0.4152,0.002846559331378993,,0.0,0.010832209295992608,0.0023816472139993505,0.21281017934024915,0.0,0.23003213,-0.047046993,0.30972576,0.007304056,0.0008,-0.644536,0.0019181699755031786,0.002817032321004947,0.0005938994056879437,0.0012317123326523343,0.003028072798891981,0.004855680461420187,0.0022447319587170114,0.0032528884179689804,0.46546587,0.02079698,0.9775155,0.14807758,0.0035146894,0.0,-0.27747393,0.00941882915764886,0.40974494293900526,0.0010465364960411706,0.0022802826947786415,0.006615372808254776,0.1027458936141632
0.0040544625,0.006004498,0.1336,0.005753442,0.13,0.1556326400865713,0.807121066621927,0.07645631898077154,0.06445631898077149,0.20261375968794115,,0.3102480930089022,0.0,0.17284083230592187,1.1336816647724048,0.3549052111963646,0.3802026827345736,8.997865,2.1540232,10.3848295,-0.002760153,0.002893758,0.0432,0.0025913438,0.04,0.09369280043683051,0.3982261340460212,0.05426784105019733,0.0007471364399405467,0.2024070402853425,1.5332052804026908,0.25037686866621517,0.0,0.10170350101142663,0.6740140037540558,0.27376931269457605,0.2540754820375334,3.5083783,0.58105105,3.8598728,0.0064429045,0.1336,0.37102786,0.1620934610548567,0.7751440356092872,0.09048965799421839,0.042297612531033736,0.20332088826130826,,0.17887567651908493,1.0999988899927058,4.828826,2.4127958,10.953161,0.75657207,0.006154311,0.13,0.3629209,0.2043208950836194,,0.09708723821873277,0.15767092115568324,0.17994257017559176,1.2445102930321361
0.004685418,0.026867237,0.0096,0.023729037,0.01,0.007845967559552674,0.0619751972977968,0.0024323575063377573,0.002777279374966039,0.010145609413595548,0.8563014387165271,,0.0,0.008808694348129075,0.1014067522249738,0.2158757500054531,0.0,11.76753,0.44936895,13.512961,-0.0062577478,0.0130841285,0.0128,0.011220067,0.01,0.003954176107109152,0.024342399987977145,0.0011793921043904449,0.002672725859132351,0.011040716706494869,0.45013930628193566,,0.0,0.008821807034054472,0.04219512133852454,0.21453098048324334,0.0,3.8121552,0.15708579,4.4404087,0.028162213,0.0112,0.4123736,0.009064462559220192,0.059930117363509595,0.0032972604643285194,0.0030096455117063015,0.011669413747040744,0.8527518519462784,0.010103125385049953,0.09891277653518164,6.1544695,0.5529341,14.088583,1.9623413,0.026247991,0.01,0.44168544,0.018622025815744223,0.9683021292441012,0.0032964360888114185,0.006603657747936202,0.014750921796395743,0.10431664760311071
0.004141148,0.00491122,0.0008,0.0024551363,0.0,0.002699199937534195,0.002233976533546998,0.0011647200064684512,0.000737279512896737,0.0036815260447422586,0.3277299191342867,,0.0,0.0030123030110567467,0.0027128677284326158,0.206831666146749,0.0,1.6510468,0.05560255,1.7252977,-0.0028072502,0.0008958405,0.004,0.00037777008,0.07,0.0008151999253580925,0.002163733258023531,0.00016521140158133678,0.0009782400607154158,0.4016083210850616,0.0028583314315035334,0.25184347063916335,0.0,0.1273517246424836,0.002415763874039957,0.2642695321596444,0.0,0.16694766,-0.017193966,0.16967437,0.0056131766,0.0,-0.52684796,0.0021866661352360553,0.0024946256973892578,0.0006771882614832522,0.0010430720648199694,0.003264082738266143,0.003971667788213608,0.0025281423394298143,0.002971547076282278,0.67160773,0.042353794,1.4200737,0.13722426,0.002472971,0.0,-0.120171204,0.01781783434403792,0.6485945200948233,0.001329252796290703,0.0036109912697708463,0.00840248020415686,0.25945285290543757
0.0040501994,0.005771916,0.1272,0.005606124,0.12,0.14811839956210993,0.8525479993944411,0.0686992017616295,0.06789919901223306,0.18949280033659638,,0.2980775899620169,0.0,0.16096509650271965,1.1903390576759387,0.34269617846783945,0.3963812430801101,8.76102,1.9502728,10.290092,-0.0028315426,0.0027792372,0.008799999999999999,0.0025090473,0.01,0.05148480038773705,0.41216960099188454,0.005187839795611672,0.0005979735472066261,0.31849685384336973,,0.22006131126122894,0.0,0.06086986883357181,0.7158113536351218,0.24005118699504344,0.29927031464319087,3.3668385,0.30322945,3.9194884,0.006184667,0.1272,0.367406,0.15471495686329523,0.8522442176281112,0.08360927325216516,0.06772629709512136,0.18937408297330763,,0.16669107710332864,1.1901775688226874,4.6928415,2.1840384,10.852285,0.7380391,0.006017535,0.12,0.37192023,0.18720129667291688,,0.08344246654521242,0.15791357286238564,0.16517038954693852,1.2843362044529494
0.004818051,0.0051816977,0.16640000000000002,0.0049566953,0.16,0.17140068611309126,0.7431512005992674,0.06180032055365501,0.004600961660964961,0.22555216073248965,,0.32045052991467143,0.0,0.19365090180660713,1.0967090850843062,0.3773346008059384,0.36582825028030364,7.6246376,1.9983506,8.903955,-0.006566607,0.0029820031,0.09040000000000001,0.0027291654,0.08,0.12667466671008257,0.5414119993725572,0.0730165340146278,0.0006416001422704916,0.15206159939660296,,0.2805259138556505,0.0,0.1386268223997451,0.770283527890281,0.30791302500963175,0.31563678991155575,4.0237207,0.82128274,4.4963055,0.0057627405,0.11120000000000001,0.5189348,0.1278356235510183,0.8229641208943634,0.04000386595637865,0.015602264963907021,0.1728456218422487,,0.1473992577452931,1.1518293585488601,4.3082123,1.6380148,10.21451,0.66277844,0.0055722157,0.16,0.4744643,0.22479837786831036,,0.09473580283921805,0.1645442120797159,0.19907808241450772,1.244375674074869
0.0040975683,0.0066127162,0.072,0.006387713,0.08,0.07773439953694382,0.7063359994966782,0.033644797818934875,0.06762239989933572,0.08813653326902003,,0.2671302631350685,0.0,0.08207936331831497,1.0678920603194926,0.28911903195646443,0.36211600300844465,8.73177,1.1161517,10.64536,-0.002922267,0.0027460214,0.0376,0.00254028,0.03,0.04210496029263636,0.1453749337334271,0.024286239792304966,0.0007089919364231559,0.05257616032469205,1.1791761604074245,0.23005480582824417,0.0,0.04400842315450632,0.4150021054613601,0.2386424766450058,0.11911889522943542,2.5453625,0.26515102,2.9957614,0.0069851046,0.072,0.328001,0.07780021231779397,0.6869041056829067,0.04041744072498714,0.05103353983246297,0.08791288546672203,,0.08198218527607674,1.0595807957251546,4.5431275,1.2074277,10.995731,0.83112425,0.006737845,0.06,0.35342565,0.08323662946137837,,0.036554800212414945,0.08370071230321399,0.07403238532689925,1.1714129621502292
0.0046323645,0.007143723,0.0808,0.0070134588,0.08,0.08106480044591118,0.8218591986158624,0.06721728028185998,0.07907530610853918,0.08710554683298997,,0.26958306945236205,0.0,0.0845222533626492,1.1786112677746974,0.28614917693854575,0.3918902503817977,9.957916,1.3360641,12.22571,-0.0056544067,0.0040528476,0.06319999999999999,0.003859501,0.03,0.056626667059079185,0.389232000324617,0.04627733373409474,0.002616000601142169,0.06594400004508574,,0.22247236868211212,0.0,0.05886813741943916,0.6830241832135385,0.23438200273325316,0.21304137814192325,4.3208065,0.51085716,5.1112976,0.008012511,0.064,0.486058,0.06286201306555417,0.764502194728205,0.04280413467646204,0.0754901828803803,0.07010430351637033,,0.06569963028005285,1.0965831291486021,5.4115214,1.1670935,13.331282,0.96274513,0.007858524,0.06,0.5003896,0.07454973771870697,,0.044083429006990256,0.1007405432014211,0.06599868589183834,1.197660305802999
0.0041141477,0.0052934885,0.0008,0.0026763496,0.0,0.0022566666628436906,0.0027242105176017717,0.0008862221387236333,0.0011039998935281445,0.0032937141701557264,0.014061332938365331,,0.0,0.002607215936460898,0.0032255788566329085,0.20597292852407492,0.0,1.4149123,0.024489691,1.5018346,-0.0037972853,0.00095632335,0.024,0.00046056212,0.02,0.020653257066916876,0.0021431999015628775,0.010034558911932709,0.0004115198950004352,0.424,0.00462220794507959,,0.0,0.2913509768179598,0.0030039078390809845,0.2146514890932821,0.0,0.32236868,-0.009074416,0.386074,0.005970681,0.0008,-0.48089698,0.002581001147601228,0.0021898096366725524,0.0012242109089517725,0.0007463706857849283,0.003675986835550839,0.0039345803760421445,0.0029042408062695813,0.002646994588083364,0.552657,0.02889092,1.150673,0.13381508,0.0027063817,0.0,-0.1491128,0.013964808205822762,0.6033870689316646,0.0011899579597766776,0.002551458199253866,0.007521967543304626,0.21102963160410912
0.0039573563,0.0053910688,0.1016,0.0051068543,0.14,0.14005988538199077,0.7014095984837463,0.058483835948252086,0.00148063858902235,0.19755455813770595,,0.3295705917389016,0.0,0.15694754961909343,1.0437553309945489,0.37379799857986984,0.3137432308204066,8.011641,1.7371376,8.978561,-0.0022267136,0.0024222888,0.0008,0.0022215054,0.0,0.07403519837691615,0.30710879950856584,0.023381760089570252,0.0007817599017131626,0.39538867144262047,1.2646358391539672,0.21954230218998141,0.0,0.08285555366301856,0.5482833304945279,0.24609893028574176,0.20136945426271444,2.8304238,0.38625428,3.047691,0.005724957,0.1016,0.34321243,0.14811790607726155,0.67832108694404,0.06880763121805904,0.0015316718844865225,0.19933263953844257,,0.16585474567614297,1.021566542473539,4.2484336,1.9398928,9.360391,0.66730523,0.0054106046,0.09,0.35475484,0.19049429287491806,,0.07371766317293947,0.15838600817427068,0.16079003830522923,1.1494937464486499
0.0047048395,0.013466067,0.016800000000000002,0.012971059,0.02,0.013780799455783381,0.19115391843366464,0.004598781709281229,0.050331304598574975,0.019238948428341382,,0.2150993867467886,0.0,0.015700536159239574,0.3413759380562973,0.22562369429452947,0.0,11.147115,0.43393418,13.193694,-0.0060177995,0.0074527776,0.0288,0.007341231,0.02,0.0206505600399159,0.0761055996393147,0.012005280733393466,0.01401056146678689,0.028198015566599906,1.019878015778491,0.21218576058341487,0.0,0.0224042692947427,0.11720853858146522,0.2236250043938354,0.0,4.182241,0.37174252,4.693123,0.015257248,0.0272,0.50569195,0.02338680683673947,0.15747295449317988,0.014339366373902158,0.0313219303444604,0.029242712457469906,1.5191553832021338,0.025263723020283443,0.29072844030223566,5.8889337,0.84243387,13.591137,1.7040932,0.01490443,0.02,0.5150216,0.028746096959274967,,0.011251832942273339,0.039410686717503564,0.023670295426283232,0.3125127612855419
0.00431215,0.01083898,0.0728,0.010568976,0.06,0.07060224025266738,0.48301120364908967,0.05790741319016633,0.03492224294949431,0.07694003210247624,,0.2515725047724499,0.0,0.0730475638900141,0.7911426927561871,0.26548069591512646,0.20953643621688525,12.514778,1.7760391,14.597002,-0.004674287,0.0050557726,0.0296,0.004807892,0.03,0.022372267273153102,0.1327168004207995,0.011326720168319844,0.01212672016831981,0.030562926105592896,1.4670468279817002,0.22251957176633294,0.0,0.024251347991791135,0.3870855806446631,0.23399041353494734,0.05183671307750534,4.1893063,0.25298807,5.0262756,0.011633406,0.056799999999999996,0.38547015,0.05406602738740071,0.4731018455414621,0.04200198818755234,0.05033647045843217,0.060738658120603084,,0.05667150246764345,0.7743892441392193,6.585811,1.4685273,15.586708,1.3997408,0.011427227,0.049999999999999996,0.40292028,0.05966737594747051,,0.036480851192933775,0.06277517343205477,0.05456438613567727,0.8471503012955903
0.0047725774,0.0062337634,0.15519999999999998,0.0060537606,0.15,0.15328533269369532,0.8519039997063955,0.10090559925760044,0.03187413295024983,0.16550079843341114,,0.32795973324395716,0.0,0.15944794376583554,1.1838066195882042,0.35532725781524094,0.36902945236427104,9.0589695,2.109385,11.023719,-0.005941948,0.0034108367,0.0496,0.0032745022,0.049999999999999996,0.04921599795610896,0.5222079993387424,0.02360320019236624,0.018320640217373334,0.0582143985572588,,0.24166420927417845,0.0,0.051144509710811505,0.7383762184347262,0.2557962481248788,0.28734374747246405,4.149645,0.37088877,5.0487075,0.0069203763,0.07440000000000001,0.50512165,0.07295660326342186,0.8477610018354518,0.03009121231319641,0.10953000896506826,0.08439426829477288,,0.07805189709010218,1.176779922372073,4.9678583,1.0823553,12.54081,0.81253135,0.006683971,0.15,0.43773708,0.16665260074380223,,0.1117553868524918,0.14401014537931806,0.15784091744722029,1.2689043418930936
0.0041965703,0.007816362,0.0552,0.0075676753,0.06,0.05453386584107871,0.5918406394705054,0.041240160434115845,0.046560641736463376,0.05981365303576772,,0.2546071063046447,0.0,0.0576355974048558,0.8983111945300556,0.2661758053011246,0.27352333136955964,9.305525,0.97657084,11.2776165,-0.00370904,0.0038426449,0.0304,0.0035501455,0.03,0.02272064045734933,0.11008064039699443,0.010112128067424146,0.003280320709347761,0.031148586882944394,1.2439614405077404,0.22239678660337223,0.0,0.024826204410449235,0.2686714454186749,0.233879159495648,0.04318398480660641,3.0515342,0.19415204,3.649794,0.008454755,0.0552,0.3910928,0.053676508907861624,0.5380660245802708,0.04125749080739661,0.03336792756824503,0.059715349782241356,,0.05658784631812527,0.878353814820259,4.883067,1.0569725,11.756145,1.0071917,0.008221511,0.049999999999999996,0.4015087,0.06244309862711283,,0.04108295917293063,0.04952231608254252,0.05577105514474787,0.9658779575895806
0.0040189363,0.005447911,0.1328,0.0051494865,0.11,0.16720079902324128,0.7524015988329227,0.08573723422541843,0.0030721274912429986,0.21056143824324816,,0.2937700595983265,0.0,0.1824427048923752,1.0285760388687915,0.3409246633580262,0.3739859302467267,8.093115,2.0376372,9.076141,-0.0026104331,0.002248277,0.0008,0.002109464,0.0,0.05942800061147473,0.35097066712420294,0.025125600396002756,0.0007256007018348017,0.33617386696456636,1.2975072004648838,0.21303487591047948,0.0,0.06698666727882241,0.52718222303843,0.23674228470278919,0.21997158453732465,2.676615,0.27816677,2.992787,0.005722853,0.1328,0.31123143,0.17402890762766937,0.744761927552585,0.08759740457636127,0.055290836502834145,0.21056310839830472,,0.188179207570411,1.0283464949546004,4.261981,2.218494,9.426474,0.66794235,0.005436347,0.11,0.3263061,0.19245283702288685,,0.08002972947960643,0.17096097543430558,0.17123754051522502,1.1998831115318274
0.004236833,0.005407648,0.124,0.0051968563,0.11,0.15293280065117246,0.9357327998647323,0.08405312109975585,0.09502655976343925,0.19763904030702625,,0.29356131870206,0.0,0.16974606142004264,1.2629460616696768,0.3376790530286442,0.46166492587683955,8.430265,1.891485,9.965378,-0.0044348333,0.0030191848,0.0272,0.0027539528,0.02,0.07534399697925773,0.5333439966035436,0.025299199727481528,0.001574399585211513,0.09725567813020597,,0.2306874912275552,0.0,0.08527917465382398,0.7863458409865226,0.25423023503649705,0.3483850820892503,3.911306,0.5069946,4.4620967,0.0059414995,0.1384,0.4271533,0.17116672942602842,0.8663376131667452,0.10829499428195767,0.08057018651906893,0.21077597449461571,,0.18804655577606075,1.1814830495899336,4.6465893,2.3988485,10.661987,0.70854765,0.0057609645,0.11,0.44622904,0.18703525450272712,,0.08535280083360278,0.21750724139952918,0.16605419962102821,1.3482497652215133
0.0047109965,0.0046966397,0.056,0.0045853225,0.049999999999999996,0.059954667489807385,0.2615546674898074,0.03994560150996813,0.03518640040423026,0.06525173493836933,1.4045420820681482,0.24380450015226193,0.0,0.06182796270725872,0.47022796270725875,0.2574805490127897,0.08561222741560089,5.012474,0.6479898,5.5886,-0.005913194,0.0026384408,0.0328,0.002442615,0.02,0.03145759980613148,0.0810303982566877,0.020967680151888816,0.000681215841009799,0.38885094401183046,0.772690943891602,0.21510131740996916,0.0,0.0335305315054376,0.12876526588322018,0.22612097412771187,0.0,1.7914326,0.18178464,1.9907286,0.005136904,0.056,0.41703498,0.059446987143463366,0.26148836592818137,0.04800290129036743,0.034755897382964536,0.06510320216269966,1.3767494119681245,0.06111480533348035,0.4970961499296111,2.6542482,0.71904856,5.871491,0.6148598,0.005035328,0.049999999999999996,0.4259896,0.06729856315021486,,0.04302594987873888,0.057672723622617855,0.05997982431465396,0.6061295577912907
0.004513468,0.0062560276,0.1176,0.006023919,0.11,0.1213517718201862,0.9174624015477113,0.06031312007738552,0.0903131199065709,0.13787872082964145,,0.28493729515339844,0.0,0.12991493316894662,1.219971644445399,0.3202711864524606,0.4437355898934348,9.081236,1.6208109,11.246,-0.005421398,0.0034480183,0.0472,0.0032745015,0.07,0.05072799775322901,0.5479759991258383,0.01855039954713902,0.0022837334027988247,0.2016151979403347,,0.2609757336114104,0.0,0.05603423658376787,0.8422342358001822,0.27848983819230255,0.2570311362090565,4.2652793,0.39545342,5.1431484,0.0069989986,0.1176,0.4649452,0.12145301776454316,0.8446826837831722,0.06284921889765828,0.06599969613212243,0.13764278626663012,,0.12846396556890063,1.1742867545465283,5.0148335,1.8752496,12.199646,0.82846737,0.006775227,0.11,0.47540063,0.13610565060902693,,0.06496922440248916,0.15229997568182993,0.12487400618009395,1.333863421404329
0.004196096,0.0059220754,0.0008,0.0034280962,0.0,0.0016486787388407264,0.003644799915413988,0.0004211199735093942,0.0018667378540838538,0.0026575542215407496,0.3982423035786189,,0.0,0.0019690222433416237,0.004298409625414922,0.20575365477088503,0.0,1.8711944,0.023683429,2.0669467,-0.0045409263,0.0010182927,0.0264,0.0005944169,0.02,0.02170808831372142,0.002457598509165551,0.010657279171625305,0.00043818622769902036,0.42095775833874205,0.14715775815088497,,0.0,0.021901066425197315,0.0030365329644343273,0.21374862764068162,0.0,0.44011024,-0.012049427,0.54483986,0.0070784753,0.0008,-0.57969177,0.001975997285464837,0.0028761501026377495,0.0006241507233761239,0.001075081512663596,0.003085895377546285,0.005303149784715576,0.0023305822687052567,0.0034368106849030403,0.6622114,0.02913018,1.4323897,0.16060233,0.0035302949,0.0,-0.24120462,0.009727819788000715,0.616699905564037,0.0010808687861270981,0.0025907414722962816,0.006832394285227323,0.19530944614074996
0.0042278334,0.005890338,0.1336,0.005745862,0.16,0.1490960003617625,0.7871306664289871,0.07838613244692842,0.09503167997584058,0.17427519936245958,,0.33792921507252827,0.0,0.16195334115563065,1.127168894607662,0.37785116209113706,0.3362098409709884,8.789085,1.963773,10.291394,-0.003582621,0.0025387933,0.0192,0.0023975014,0.03,0.0484645337997199,0.4396968005117227,0.020038720241058443,0.001238720992487588,0.05676565432174525,1.5359828271608729,0.23270737427427904,0.0,0.04918622923041048,0.674905791702039,0.25031718881631143,0.265591389087005,3.0862381,0.24168578,3.6382682,0.006255167,0.1656,0.34322116,0.18539235436710483,0.7548238991412387,0.11472701018121706,0.06293643776260222,0.20598769177935958,,0.19537528794129813,1.087651022032593,4.657527,2.6279192,10.510263,0.7467305,0.006077927,0.11,0.34151614,0.15599032874046806,,0.07312264719041345,0.1992035481153595,0.1434428475194364,1.2494373129120524
0.004512521,0.0050727488,0.232,0.0048027458,0.13,0.2546229339219405,0.7623672007250979,0.16495125371921404,0.01811344085281575,0.29149461393675974,,0.30334863170200327,0.0,0.28002067179258955,1.1837746762736445,0.3563149587429095,0.45529075551189835,7.744599,2.715745,8.625544,-0.005677707,0.002774775,0.0304,0.0025938218,0.049999999999999996,0.07767759926134585,0.5727020798047487,0.030695519363840688,0.0011820763450556022,0.36007957238753635,,0.25686191500139216,0.0,0.08172152975045015,0.8205286120021446,0.27977678595000927,0.3172040330545912,3.7843914,0.45747724,4.354393,0.005533643,0.1368,0.4616694,0.1731405026746029,0.857338965925773,0.08431878525243246,0.13723917145134645,0.19638715091387027,,0.1851463178203858,1.203137157344083,4.309775,2.1008468,9.9908905,0.655841,0.0053692316,0.13,0.4634981,0.19608385182916444,,0.08899687441638476,0.2251832875762987,0.1823243319555929,1.3555550081521264
0.0040952,0.011884888,0.016800000000000002,0.011344881,0.04,0.015068800435373121,0.2893440016357924,0.0036048000146802223,0.0598762688057882,0.020286030821796613,,0.23602225385727693,0.0,0.017058616015864527,0.574303396258103,0.24592992018447854,0.11571469021037034,11.503568,0.41621268,14.020758,-0.0023977514,0.0047622817,0.0288,0.0045094434,0.02,0.021642400099939958,0.06376960024045687,0.010757973244096865,0.00454784421283598,0.029306111952293306,0.9678326400592125,0.21217730811292568,0.0,0.022657720147194367,0.09263739443211741,0.2240589893084363,0.0,2.8471565,0.22824544,3.2730153,0.012506767,0.016800000000000002,0.3166737,0.014668664085849787,0.26052416379505,0.003670488828937596,0.05263748398528008,0.020163084137315036,,0.0167744863611199,0.5590235355468683,5.9090977,0.4254126,14.377768,1.1703762,0.01209567,0.03,0.3653109,0.03958912364201872,,0.022240890382519328,0.04601804486957324,0.03508091209797747,0.6283079832004478
0.0040435675,0.004831167,0.0008,0.0023253458,0.0,0.002392582010073238,0.0022718401324365294,0.0010218240643916489,0.0006527363096436475,0.003581093500768611,0.004457707236958519,,0.0,0.0028028946970540345,0.002905065820283848,0.20639609286281474,0.0,1.5429283,0.009320514,1.6909565,-0.0020720363,0.0009042683,0.0048,0.00033166417,0.02,0.00166098815925684,0.0016591998790200248,0.0008734719806432167,0.0008612266505360033,0.40480000000000005,0.002684373188157363,0.210617856529596,0.0,0.0017517130029305462,0.002044780485937403,0.21485581575554297,0.0,0.14451411,-0.016768698,0.18987626,0.0055907844,0.0,-0.6062913,0.0020042151115516843,0.0025544701737356037,0.0004934342166099668,0.0009972979050434563,0.0031405410430774285,0.004230237415580232,0.0024197160704323775,0.0029300279272081067,0.59279,0.002508067,1.2956227,0.11913227,0.0023504442,0.0,-0.14626838,0.015004757645472325,0.6689321851377882,0.001260256009092231,0.00361943205310322,0.007966338157709458,0.26586247788460854
0.004622891,0.0046071117,0.1976,0.0044413195,0.16999999999999998,0.2345446389923495,0.7479890280388322,0.14503743945725173,0.05567487681733103,0.3032108789845484,,0.3446449011937005,0.0,0.25284907552902247,1.138182409211885,0.40339425532026163,0.3918852428442075,7.3665934,2.3506992,8.125565,-0.0058323853,0.002867483,0.056,0.0026543057,0.02,0.13365440186354072,0.5782272007694628,0.07392543989600221,0.0034508800721370597,0.16272896107604445,,0.23667692974639337,0.0,0.14673319673420146,0.7118999318674183,0.2701417095391896,0.3454374068881456,4.085941,0.84364486,4.364558,0.005217747,0.1272,0.51229566,0.18009285652121657,0.8705399173429563,0.08905668483238496,0.12464925845147219,0.2333558347487735,,0.20043144124652176,1.159809926588348,4.211863,2.141484,9.432347,0.62310547,0.00505568,0.13,0.5173928,0.24004744342911963,,0.09590949139450117,0.22701630930321479,0.2063635347193167,1.3133111549325558
0.004017041,0.004976116,0.1376,0.0047250604,0.15,0.18640400062128773,0.8005386667994878,0.09245386626051376,0.0321615999307934,0.22772719993865767,,0.3402960533123615,0.0,0.19949957666540957,1.0878597459365968,0.3858407337394024,0.3636017558919855,7.6461897,2.0612016,8.507122,-0.00224704,0.0022567045,-0.0152,0.0020187392,0.01,0.060883200408777066,0.33818880045686855,0.000728320574692998,0.0004855468977727957,0.38252390379012907,1.2295699197239756,0.23069247985585498,0.0,0.0660077210277965,0.6212077210277965,0.2549795622671167,0.25453265685265536,2.7229676,0.27462584,3.0419903,0.0052384646,0.1376,0.3178203,0.1888907807627072,0.7615125433624357,0.1113000495719776,0.032171179222353394,0.23017374066726778,,0.20179814830651863,1.076236685716292,4.057089,2.259409,8.8977165,0.6150953,0.0049975337,0.09999999999999999,0.34318742,0.19687401300363344,,0.09047078926209899,0.19823686352887457,0.17216592909289574,1.291522181958114
0.0046787863,0.0038998919,0.035199999999999995,0.0037459426,0.06,0.06264853414004674,0.3555728009657485,0.013034559081436055,0.0009563727209573607,0.21524441636329747,1.3630073602365609,0.2534315764761274,0.0,0.06452959895708427,0.5886535966156128,0.27911760268097224,0.10198687006595168,4.479215,0.4891525,4.9953012,-0.005971694,0.0021392095,0.0056,0.001955778,0.0,0.029452000537271306,0.1150026673212445,0.0074904004080256536,0.005192320403006013,0.3892136001029457,0.8308272009317703,0.20790624756923193,0.0,0.03181132861964857,0.1767283217689011,0.21827625570953163,0.0,1.6637748,0.13537264,1.8230381,0.0043076337,0.035199999999999995,0.43860656,0.06233413742705934,0.31341764806251066,0.01660890038220132,0.0035516647406362402,0.06883245118111768,1.3869190842993877,0.06435487300539636,0.5668013854772059,2.3809006,0.5615028,5.245143,0.48895139,0.0041046655,0.06,0.42118272,0.09977089339591515,,0.05300538551512659,0.05640981097185126,0.09417555196947738,0.623725843667219
0.0041132,0.0046431115,0.1288,0.0044015297,0.15,0.18085546818781778,0.871873280626132,0.08753664167102489,0.02075776001006643,0.22971488066753043,,0.3379595667503181,0.0,0.19775156555982007,1.2374273489357177,0.38913332089582287,0.4181899457142818,7.3470545,1.8635914,8.333633,-0.003822569,0.0022829804,-0.0112,0.002156561,0.02,0.07456799910580017,0.5429679989480013,0.021347197475202893,0.00036839985741652444,0.36004159996593527,,0.240519484369139,0.0,0.07767661832119939,0.7574859711500331,0.26988642691074605,0.31918835339131996,3.165311,0.35274398,3.5324223,0.005021057,0.1288,0.39047626,0.18701927234286217,0.820877255080389,0.1063009499743357,0.048597364975475,0.22986593925188237,,0.20687333860171034,1.1951247356243204,3.9994175,2.1228456,8.89247,0.58754134,0.004789269,0.09,0.40766028,0.19688520062487,,0.07491599249933024,0.24953993476790887,0.17126410011433535,1.4159603194781252
0.0047531556,0.0063123964,0.0016,0.0035484137,0.0,0.0024306824519074325,0.00272361745985694,0.0012085763074959686,0.0008352429182380172,0.003531573409347129,0.25359396616285823,,0.0,0.002762096759151609,0.003223945120263798,0.20571585993790603,0.0,1.5224409,0.023885397,1.6177709,-0.006408459,0.0009027808,0.0056,0.00051360833,0.07,0.0010030219955690883,0.0022474663923674914,0.00023308788179133446,0.0017294932784734983,0.39848895882176133,0.003348159395450979,0.25195788791987406,0.0,0.05682783046491627,0.002455660929832517,0.26305386798042973,0.0,0.380496,-0.038766697,0.46836966,0.007388056,0.0008,-0.59103876,0.002005800065803442,0.002849947746359321,0.0009100863938813746,0.0010959668903020693,0.003131739409020156,0.005339992174546677,0.0023316020482723617,0.0033890701904240273,0.52607805,0.020296687,1.1042289,0.16599049,0.003660601,0.0,-0.24821396,0.00987566726439688,0.4866319732848722,0.001097296440258475,0.002407413384847753,0.006936235925939584,0.10938017821199124
0.003987198,0.008262579,0.1152,0.008070734,0.12,0.11355440062443355,0.7687544006244335,0.057854507400397416,0.09758175902733267,0.12604716852541734,,0.29764955915987856,0.0,0.12002781816631923,1.1038944850951324,0.3257700594200545,0.31942013148458415,11.723361,2.0871656,14.075825,-0.0019357018,0.0032467395,0.032,0.0030608296,0.03,0.03181960007100997,0.3293856000060114,0.013847840396753871,0.0016637871956717762,0.04057407928884813,1.3947074126221815,0.2249077605089466,0.0,0.0336472237135225,0.5757694447745358,0.23639557290084426,0.1392072095337903,3.3835692,0.22771585,3.994843,0.008633407,0.1152,0.29415542,0.11491689392982217,0.7684497700169483,0.06677771721093022,0.10096287959931811,0.12596627125226442,,0.11968584247433206,1.1015678139439198,6.100408,2.2318542,14.509335,1.0418048,0.008423718,0.09,0.3168426,0.10733179310519475,,0.04891540782920579,0.16573098458209357,0.09850548586096274,1.169691689141148
0.004611049,0.006040024,0.0544,0.005850548,0.04,0.05600029083983218,0.19320159962250796,0.04291212837205494,0.030560637332389597,0.05998071979886804,1.184481919122543,0.23853039549416533,0.0,0.057020564609549365,0.3453570167440647,0.24656679008351345,0.0,5.4723063,0.7855555,5.9002857,-0.0058353595,0.0034281886,0.024,0.0031927016,0.02,0.019331999797114124,0.07386399909828674,0.007706399959422834,0.008506399959422825,0.025086080287105735,0.5943434667868951,0.21319871913942162,0.0,0.021195854650809812,0.09437512641757803,0.22504447034715813,0.0,1.8654256,0.14189185,2.0897574,0.006692488,0.0344,0.48470342,0.03469530093470316,0.18914728099600053,0.024007014565056578,0.03897643918958446,0.03972186108060086,1.2044483882722121,0.03634989884299248,0.3343066573822021,2.8555782,0.5423221,6.367038,0.79930675,0.0065365573,0.04,0.46225214,0.05360315761183749,1.5031558470783974,0.03356568587117891,0.03614645825681209,0.04655530808487285,0.3876896993589852
0.004080516,0.013971968,0.017599999999999998,0.013282749,0.02,0.015256228242985387,0.14799679918839373,0.007295486712301226,0.03269248048318854,0.02057668915381164,1.5114969591443514,0.2163487341241096,0.0,0.01717909053437461,0.25657605935008976,0.22587670835210077,0.0,10.45612,0.5112319,12.203325,-0.0027789923,0.0058251945,0.020800000000000003,0.0055996226,0.02,0.01337142875545187,0.05232000024045704,0.0030399979961927785,0.011039997996192766,0.021216000913736797,0.5647542863215624,0.2116827699357521,0.0,0.01435776996622135,0.06696773461588687,0.22404409815388632,0.0,2.3891983,0.18405163,2.6877704,0.014920859,0.0184,0.36969742,0.01564243175415918,0.13279183014094956,0.007042643309920822,0.023921478106911125,0.021180052785554064,1.4165607936381734,0.017643950014411984,0.21254312882905482,5.3064833,0.55702895,12.33914,1.4271877,0.0144148255,0.02,0.3989628,0.02924852625195342,,0.01243171136744465,0.03275650660036976,0.02470739582321926,0.24646252229831112
0.00407341,0.007761889,0.0848,0.007629255,0.08,0.08547840053687687,0.8086058672370979,0.045021759971059054,0.08776234631657867,0.09382619496745824,,0.2623663576686504,0.0,0.08748634222921546,1.1614181474130616,0.2855534013417278,0.39209919741076615,10.676624,1.4333225,13.170603,-0.003927175,0.0034410786,0.044,0.003307223,0.049999999999999996,0.04035280052675134,0.41021120192967,0.023021120794110266,0.003710560293207369,0.049326720928164695,1.4926360325774337,0.24204218689192564,0.0,0.04216010491697948,0.6558800524584897,0.2549677559081318,0.1897501220180623,3.8174858,0.3224601,4.560136,0.008393059,0.0848,0.3902904,0.08378340803355482,0.7639996176612848,0.045681038495807756,0.07492373539712474,0.09359906267452124,,0.08702821077327957,1.1303393822050876,5.6630583,1.571996,13.830261,1.0091603,0.008253429,0.08,0.39140487,0.09589183670529146,,0.046537866571611276,0.09371338025702981,0.08645080944383601,1.1874547033620457
0.0039047766,0.0053252256,0.1032,0.005183118,0.09999999999999999,0.14477439984900378,0.7103914666051496,0.061997437772797,0.08439744091856397,0.20395391784075403,,0.28717896310808877,0.0,0.16262677231705303,1.039980052637356,0.33495124861874237,0.3255553742571983,8.117985,1.8080794,9.044522,-0.0022415868,0.002437162,-0.0152,0.0022760397,-0.01,0.06613120078148481,0.3263328001322514,0.00678656003907422,0.0015462401562969632,0.3832790402194922,1.2263193601713256,0.21107453958983094,0.0,0.07114401564515332,0.5863720078225767,0.23866238858376226,0.23034425933377217,2.9391205,0.33306924,3.2022457,0.0056471485,0.1032,0.33928248,0.15282907977630433,0.710143680919184,0.08173203254202235,0.0743736397225539,0.20411221611253194,,0.17215920810058288,1.0398239811750243,4.3166895,2.0224297,9.453145,0.6783568,0.005506617,0.09999999999999999,0.3444753,0.20435310697768685,,0.08311766695092189,0.1475203984134949,0.17195691061773155,1.1350285054123224
0.00392704,0.0054805963,0.1048,0.0053077,0.09999999999999999,0.12651200009437286,0.7914240006291534,0.05810239934568308,0.08130239817545516,0.17048106704136148,,0.2829148734724384,0.0,0.14333575464769638,1.0431345442542486,0.32409175356344533,0.3736708555049535,8.0088,1.6125269,9.270237,-0.0020194855,0.0023390008,0.0136,0.0022224972,0.01,0.05989759974751983,0.27117951996489326,0.021419522693116914,0.0015548805885192895,0.07572522597174565,1.4159878389576184,0.21980580315818132,0.0,0.06497175147616699,0.5412956686348894,0.2417261139868024,0.17705382720023355,2.6379447,0.31507197,2.9168105,0.0058883564,0.1048,0.3743335,0.13453545225722577,0.6822995831176262,0.06273075468942352,0.033403915875264124,0.17040098318546684,,0.1448776280553204,1.0285240983645672,4.2093863,1.7861058,9.575092,0.68599594,0.0056194626,0.09999999999999999,0.3346632,0.17048562502394757,,0.07141380017312862,0.1196858522340761,0.14698752165115436,1.1949661470943258
0.0047128927,0.0049908003,0.1016,0.0048534293,0.16999999999999998,0.11845759730722875,0.9230630385544595,0.039371516607618194,0.11190860705657338,0.15304789239407968,,0.34515485396176576,0.0,0.12971206770550361,1.294304022830648,0.38933167805258323,0.4153116210285671,7.6595697,1.2961175,9.387473,-0.0062498157,0.0029750627,0.035199999999999995,0.0028089827,0.03,0.0656031995912218,0.6304031995792004,0.027413546438232652,0.0023468797715659744,0.28112191994790103,,0.23059007048638336,0.0,0.07555915802944133,0.8358693681847292,0.2540837614757803,0.3450996898497286,3.982325,0.44017342,4.6897764,0.0056964434,0.112,0.5241869,0.1329444317406375,0.8955597268016363,0.06740310476615567,0.09432210393797823,0.16307906161480734,,0.14624136343606797,1.2677626159047783,4.3121595,1.71431,10.267584,0.67585486,0.0054956446,0.13,0.49194223,0.18652270801313525,,0.09439420580803705,0.189575783454225,0.1684820326045451,1.3664959159882022
0.0040544625,0.010208499,0.0552,0.01000718,0.06,0.05354693314738406,0.4302407996508213,0.040824079540561616,0.04699754506275755,0.06029526870968793,,0.2523402793144356,0.0,0.05576944492387738,0.7319930574738678,0.26557466251538564,0.169955610634343,11.216393,1.2525907,13.220576,-0.0027190049,0.004215953,0.028,0.003987903,0.03,0.02180320117748779,0.0934032007123548,0.011921280432822368,0.004760640930869525,0.029497173549410716,1.1869943475031905,0.22262947425385293,0.0,0.023600885682016952,0.17093451441004315,0.23441697699093686,0.0,3.0409994,0.21144025,3.5498981,0.010823422,0.0552,0.3387047,0.05319168890723981,0.3695119071310116,0.04081608359753145,0.042260969793166965,0.060178377420836704,,0.05537686872628265,0.6815063216761913,5.7947817,1.3395194,13.577974,1.303422,0.010612062,0.049999999999999996,0.34721988,0.0612781674006866,,0.03670574989115465,0.049278301683094564,0.05506542709201909,0.7724460008227442
0.003909987,0.005260804,0.1368,0.004993169,0.13,0.17611306695747456,0.8326463999412792,0.08915391797412603,0.00238156724763557,0.21295411252224639,,0.3154155237288136,0.0,0.1960325300359688,1.1982660237668812,0.3625327327292426,0.41738644405037256,8.254171,2.0635815,9.533964,-0.0020695573,0.0022651325,0.0064,0.0021040102,0.0,0.06502079951908626,0.42545519974376295,0.03244138673826956,0.005462079692815773,0.3505195729069395,1.3743724791846499,0.2176547892010407,0.0,0.07281403583978349,0.6813614050129003,0.2363702655124575,0.25771945921844774,2.7963405,0.32859334,3.1241622,0.0055309385,0.1368,0.31382608,0.18016604441807735,0.8324449504595753,0.09952102314190651,0.04381452447883821,0.21275053441991892,,0.1965363462478953,1.1526064232999225,4.357132,2.2520137,9.9105835,0.6499725,0.0052845743,0.09,0.35488534,0.16939290323493758,,0.06977957057380535,0.2911844507429714,0.15513108059183145,1.3654398070951983
0.004585469,0.00961828,0.052000000000000005,0.009390909,0.049999999999999996,0.05095288994990373,0.4596293337143202,0.030465067214730607,0.04369759979867249,0.057884089524876434,,0.24228058808349964,0.0,0.053014533559351915,0.8221350479433761,0.25567479823519124,0.22512788862552835,10.702913,1.119837,12.818769,-0.0058809696,0.004899112,0.0232,0.004780129,0.03,0.01784448031259394,0.13141120078148483,0.006762240156296957,0.02956224015629696,0.026115040084009705,1.4926640643583775,0.2229350026197259,0.0,0.01988261964029143,0.32399458459101715,0.23463636002949312,0.04549067613411976,4.079247,0.19898276,4.951167,0.010630507,0.052000000000000005,0.43993124,0.050318907479971635,0.38792002710945445,0.032305921586389834,0.036724294774089054,0.057526736781094774,,0.05252295039654573,0.7223752288969932,5.710525,1.2436316,13.595183,1.2711482,0.010386794,0.049999999999999996,0.44148055,0.06250777707775867,,0.03639700801628471,0.04499704020321158,0.055214539658679625,0.8290743134730121
0.003966356,0.008046577,0.0608,0.007759994,0.06,0.06157920018874601,0.576789600094373,0.030717918764659773,0.04137433496335979,0.06933064014266024,,0.2513516974491151,0.0,0.0634174462707048,0.9383610617337063,0.2661693700793464,0.2854787285831146,9.625978,1.1035268,11.664505,-0.0018479524,0.0031589903,0.0264,0.002903673,0.02,0.023398400084159946,0.08629759984370289,0.011213013233276526,0.0024780796441224986,0.08550272082837469,1.0183756802070938,0.2138043017254236,0.0,0.024444595423050806,0.17084459542305083,0.22556818334154627,0.013082551921674162,2.3867183,0.17196868,2.8032818,0.0083836615,0.0608,0.28453383,0.06096553905401806,0.5765227740166633,0.03809700238939568,0.03181312894840928,0.06926194705024417,,0.06339239644164427,0.8943513331414648,4.954459,1.1729075,11.930262,0.99918693,0.00816378,0.049999999999999996,0.32685184,0.06577647421725623,,0.03339926443559008,0.054429405069228734,0.057122129054527945,1.0005824871182225
0.004447625,0.02793399,0.0096,0.024369469,0.01,0.008174143542963702,0.060786741056482185,0.00267095153527398,0.0023700634585631874,0.010410749093225515,0.8974909872963777,0.21010508622365195,0.0,0.00906915057831384,0.10005713132693146,0.2159809129778945,0.0,12.321395,0.47423717,14.302605,-0.0048834984,0.012887312,0.0128,0.010931535,0.01,0.004079199969041156,0.022834909466499256,0.0015883434847856735,0.0022740575251353106,0.01140656024812165,0.5217312043342431,,0.0,0.009168902670002352,0.03292154502511474,0.21462374981945084,0.0,3.7891037,0.17593603,4.4156218,0.029159147,0.0096,0.290908,0.007957358514172438,0.060323880124554086,0.0023091303663793496,0.003411853408383532,0.010372574959732128,0.8976245660676346,0.00890749638714592,0.0985954412540903,6.445248,0.48031634,14.990772,1.9344305,0.026708977,0.01,0.42166823,0.018728340134215742,1.0434843525034125,0.0038828723881011483,0.005977825478667165,0.015088973506965076,0.10237812496250909
0.0039341454,0.006006392,0.0864,0.0058500743,0.09999999999999999,0.10214400034603367,0.8647551999798672,0.0448384011156958,0.12226303990235568,0.1281183988864007,,0.28268869345382175,0.0,0.11416594940907393,1.2558244619417636,0.3180344180104915,0.42975471289242406,8.997864,1.3602347,11.000272,-0.0024736028,0.0026072077,0.017599999999999998,0.0024237763,0.01,0.04242880072137059,0.319089828556216,0.017641439924706855,0.006913152078677605,0.26737295951021894,,0.2141292998522482,0.0,0.047675660519911525,0.6798918868399706,0.22985218650368097,0.2578749239155309,3.023399,0.24310431,3.5603085,0.0064531523,0.092,0.3742865,0.11054652430428259,0.8573311653116531,0.05092815033844427,0.08620448111971474,0.13323628374708818,,0.12010850871910757,1.1615340080882315,4.7401557,1.5896388,11.3996315,0.7650001,0.006248566,0.09999999999999999,0.35906258,0.14684151351604596,,0.06748751249978881,0.1461927755459298,0.13299700342959783,1.3280337554545218
0.0040421467,0.0050694332,0.0552,0.0047283755,0.049999999999999996,0.060241066465337965,0.13196159969800697,0.03811231938909323,0.014512318602653056,0.06588117315828936,0.926821759270182,0.2496058968520727,0.0,0.06207081533980481,0.22129914115001237,0.25828992603373874,0.0,3.8905363,0.6647286,3.9395633,-0.0028102251,0.002014278,0.0128,0.001783749,0.01,0.013050400746168407,0.05065040074616842,0.002500160599038736,0.0018500804873764721,0.370433814128545,0.12140096140226517,0.21015109789872508,0.0,0.013909290077274046,0.0748371605493098,0.2166083318385851,0.0,0.63655823,0.045269165,0.67200506,0.0052262484,0.0552,0.24558714,0.060179927030971296,0.12872886219852916,0.04648798760965196,0.014290775529629136,0.06564010440221137,0.8974757878402352,0.061937093378600636,0.21348019903879506,1.9642819,0.6966799,3.9464986,0.5964048,0.0049134186,0.04,0.29252476,0.058005798723961485,1.1852347694689696,0.03740183371183626,0.04107887029431196,0.05255065095585032,0.26534225890022417
0.0040772,0.011902889,0.016800000000000002,0.0113155125,0.01,0.01475119902638703,0.14776191903764999,0.00924095474027763,0.015281903833147209,0.01969607998883257,1.2927790932874752,0.20653830527587702,0.0,0.016804393398406045,0.23562855859341375,0.21592203433864365,0.0,8.631584,0.39689177,10.025062,-0.0027512293,0.004743939,0.0224,0.0045704227,0.02,0.014303466966570205,0.05065520011947712,0.0039540266932505804,0.010931040126239857,0.02193106306591112,0.177558720730689,0.21167712542271294,0.0,0.015742415145557517,0.06783735845702389,0.22376597370886897,0.0,1.8112638,0.15904324,2.0099401,0.012638265,0.017599999999999998,0.3428113,0.014962430994297754,0.13247098921356854,0.005651763127892172,0.024636312502087584,0.02035770624823317,1.2687085627363301,0.01716088825867919,0.20059986470657315,4.3690863,0.4310819,10.115167,1.1847856,0.012129042,0.02,0.386357,0.029258616998623595,1.4087576199104839,0.012714324597421865,0.03440196396375203,0.02483406728356833,0.2245324951599607
0.004065831,0.006170763,0.1352,0.005898391,0.11,0.14342159918682082,0.766043199946522,0.08251242585184528,0.026284318491925238,0.17791776021831576,,0.29088001342700265,0.0,0.1583016606592072,1.0847016602725164,0.3262649224848687,0.3704742624873866,8.7571125,2.0402303,10.209209,-0.0031607281,0.0027985722,0.028,0.0026250556,0.03,0.0546320003005711,0.33188800013024755,0.0202063989449935,0.01580639855725879,0.06785760115870261,1.5295050674688582,0.23197695720385503,0.0,0.059345751040184816,0.659079084206534,0.24980896109296,0.21255713860822864,3.2198455,0.31244373,3.7415102,0.006592179,0.092,0.40751326,0.10754844943422409,0.7559947576480209,0.04683284251830319,0.06929926363028141,0.134029004155155,,0.11922755025908864,1.0653005523293126,4.658049,1.5777141,11.058287,0.77879727,0.0063537196,0.09,0.39274094,0.13620853245874975,,0.056895435159917865,0.13494885425923575,0.12085674479621085,1.2135395262321333
0.004038357,0.014191761,0.016800000000000002,0.01347175,0.01,0.014674823316936819,0.11597439974833865,0.009931199230336687,0.004262397592445984,0.018737808694367687,1.418033920248641,0.20454749563668198,0.0,0.016371808593119524,0.21533510821527452,0.215846586530504,0.0,9.922981,0.47311708,11.721109,-0.0015237245,0.004755837,0.02,0.004309652,0.02,0.011837200027427115,0.034765867147580405,0.00884904681947537,0.004269758152082023,0.021075946732491774,0.6544556803949507,0.21101314737726046,0.0,0.012619015362929031,0.04550229191483969,0.22429741429279648,0.0,1.8072975,0.13287988,2.0763717,0.014742897,0.0184,0.28875023,0.01608149819526843,0.11254053458666849,0.010809714633047906,0.00335339182185112,0.020288986027596,1.416310330823041,0.017814248747832016,0.17748621905453446,5.013406,0.5409094,11.786661,1.3644739,0.014066464,0.01,0.2918227,0.018974696147520547,1.5788200400494674,0.003344194690959128,0.021848312124112333,0.014974297908144934,0.23399156757436348
0.0039668297,0.005322384,0.07039999999999999,0.0051589613,0.07,0.08047104011475739,0.25429439995595937,0.047595516670533286,0.027191030230582898,0.08663978692727528,1.4647596798401954,0.26430365722005816,0.0,0.08221120876436448,0.5151280210803975,0.28138855822669967,0.06042144876593987,5.564203,0.94371617,6.029248,-0.0021815996,0.002439145,0.0264,0.0020375783,0.02,0.032544000601142174,0.03893599990231431,0.0005248001763352477,0.0006297598961225542,0.3592565334326889,0.3062848000015029,0.2208046883190944,0.0,0.03358084252247745,0.07275210632868653,0.22934771731932352,0.0,1.20817,0.17244062,1.2566307,0.0055336184,0.0376,0.3469137,0.04740280448886142,0.2870148258019518,0.024884251312228024,0.05496399571360646,0.05355660792365047,1.525502751808808,0.04922901713138758,0.47438554596960014,2.8217492,0.569046,6.3725204,0.6481412,0.0053500375,0.03,0.35984266,0.0538832300552776,,0.022691499375594688,0.07606138262201176,0.04622195379002705,0.6226948866948412
0.0040506725,0.0059490763,0.092,0.0057903905,0.09,0.10084720135425,0.81904720174747,0.04840944107585228,0.07067925476780308,0.11478796947352525,,0.2733728134305566,0.0,0.10808166777307583,1.183069446844791,0.3022116696331822,0.3997183437116399,8.476333,1.3070614,10.346344,-0.0030001015,0.002452035,0.0528,0.00229587,0.03,0.06410453371205325,0.2862272016831981,0.03596544321251586,0.00045220581841837177,0.39932224055395327,1.469522240684401,0.22916137464483252,0.0,0.06626823315669261,0.6023011748907258,0.24207543284303973,0.21951831619483253,2.6518273,0.33677268,3.0878491,0.0062821032,0.092,0.32706907,0.10122727054719312,0.7981110938866804,0.056787524100778954,0.05193813571988407,0.11464919296481275,,0.10705136430369303,1.1462597133407613,4.439468,1.4123032,10.746652,0.75247,0.0061100842,0.07,0.3461076,0.09816129245402251,,0.040473743383817505,0.13892288876293885,0.08983623725259364,1.2890720320142186
0.004010883,0.004508584,0.1024,0.00436174,0.09999999999999999,0.15788586700501095,0.7566515200322127,0.07264575989933546,0.05349717353578039,0.20680789324329463,,0.29355832561911704,0.0,0.17405287562673052,1.118226437813365,0.3399351624454286,0.3656452821425599,6.998655,1.6150383,7.7841516,-0.0011638019,0.0019171084,-0.0264,0.0016890583,-0.04,0.057787200268259814,0.2747948799160805,0.01361497614590935,0.00087488067327923,0.26947391992966635,1.1381684799824165,0.18906027643318332,0.0,0.07047403753948947,0.3535407042061562,0.21178773801160639,0.2359682352950668,2.2058892,0.25370976,2.382876,0.0047273203,0.10719999999999999,0.30539152,0.16997210227073095,0.7519114961342326,0.09120627785063043,0.04306574385112545,0.21161839878128674,,0.1824828083641807,1.0351291985758886,3.6690297,1.8146608,8.00976,0.5600159,0.004554871,0.09999999999999999,0.292247,0.20807326201374376,,0.09400943290383267,0.14911597262280257,0.1807775622253572,1.2063114859631696
0.0040501994,0.0052982257,0.0008,0.0026124017,0.0,0.002061793097089412,0.0027258947258624404,0.0006507635903991286,0.0011970285168592968,0.003072342890149275,0.004941866798089476,,0.0,0.002387921320000032,0.0032299813180124374,0.20597104736271007,0.0,1.3677806,0.010274352,1.4870322,-0.0014186233,0.0009325269,0.0048,0.00032274067,0.049999999999999996,0.0010562909886056788,0.0018884572678089541,0.0003009600437331301,0.0010407680349865073,0.39723456157439285,0.0026469123148785646,0.24000097565417802,0.0,0.0012008837491987378,0.002115674463026604,0.24338059163028417,0.0,0.0974174,-0.03780468,0.15021597,0.0061052185,0.0008,-0.5200001,0.0024131775491710414,0.002210659195920383,0.0010835002062688092,0.0008092515314646368,0.003442400376617752,0.003888773435438741,0.0027526934331589476,0.0026732772680711898,0.5692907,0.0224045,1.221255,0.136171,0.0026676056,0.0,-0.20379287,0.012998638961367773,0.6380750414878679,0.0011651039364845418,0.0029472138227830532,0.007364860837840155,0.18977340977298388
0.0041477797,0.0035427292,0.0264,0.003272726,0.0,0.1394442671168597,0.3651664009154164,0.07289832020305884,0.0005318401219157337,0.1508558079575196,1.4255697593296384,0.23102014474170895,0.0,0.14472841507338913,0.5702113664181062,0.2632787680586603,0.1965856921534534,4.579519,1.0136478,4.4943733,-0.004019882,0.001550741,-0.0584,0.0013425213,-0.09,0.0540031998316801,0.07266986658384253,0.040400639916641515,0.00033365335417294824,0.3257043199056206,0.5846521601059514,0.16168033461358475,0.0,0.05628181849128264,0.10796363679470819,0.17319130351070694,0.050968932104073834,1.2537801,0.17419662,1.2386594,0.0036582067,0.0,0.31028202,0.11321753338537924,0.39144881301050494,0.05607943483643316,0.004745020628175203,0.12436763129659528,1.4846046325152324,0.11846418243797899,0.5967984117245798,2.3718243,0.8702604,4.75438,0.4160031,0.0034122418,0.0,0.28694445,0.12950796754062402,,0.06625970387812316,0.0778478962800926,0.12233305372485355,0.7902000076467969
0.0040146727,0.006281133,0.096,0.0060774456,0.09999999999999999,0.10747733255038792,0.883775999748339,0.04504320143446412,0.0830431998615868,0.1317887987542812,,0.28111818957697515,0.0,0.11856885598436766,1.2749480932528507,0.31530827561141345,0.44945635477014745,9.351119,1.5114225,11.438316,-0.003102724,0.0029264782,0.0584,0.0027207374,0.06,0.07954826703386471,0.4149779204823569,0.04659264081755336,0.00472597405817811,0.09053376042841423,1.3190006410811552,0.2605063523837443,0.0,0.08236033680569949,0.6263603368305362,0.27664384565086203,0.18839060148764175,3.3672101,0.4950037,3.8525608,0.0067350585,0.096,0.36923823,0.11223579791684188,0.8758786462685361,0.048291138561294425,0.08291533420261919,0.13135163936568972,,0.11894434315176959,1.2086587815867313,4.96806,1.6746701,12.00087,0.80189335,0.006554446,0.09,0.3933993,0.1306377924845799,,0.05336895270709277,0.16478584732122326,0.11896004798640028,1.326377360054382
0.0040104096,0.0051011704,0.0936,0.004897483,0.11,0.1318151997412609,0.7302151991364887,0.05132303856899343,0.04233843124240103,0.18850735931076382,,0.29487259680851213,0.0,0.15079335199509641,1.1085833795879858,0.3437448592016129,0.34433280708807,7.8047566,1.548662,8.896257,-0.0021994468,0.0022710818,0.0,0.0020851714,0.0,0.07526479944488214,0.3344863992666056,0.023466367718328503,0.0012188342072713032,0.2723932789236539,1.2855977595163308,0.220641437123519,0.0,0.08326638082817227,0.6293775872187815,0.24584918295043248,0.24263236508437236,2.7939854,0.36329067,3.0335622,0.005421953,0.0936,0.34570643,0.1418426757537678,0.7301559298290792,0.06261284448083888,0.042340774619204116,0.18835700517101872,,0.16174881045694364,1.0718321170859373,4.144886,1.7369233,9.29158,0.63999337,0.0051984345,0.11,0.34193605,0.20905748619313586,,0.08483030674547096,0.1806439450116935,0.17881979332864353,1.1674336547955237
0.0041776225,0.005348436,0.0608,0.0051234337,0.06,0.06671039976092201,0.307866239787095,0.051213120679485656,0.03580656072006464,0.07116683261940762,1.5350590386161798,0.25708234787285106,0.0,0.06969761631111947,0.569359515821605,0.26838162196947446,0.10291046880873106,5.642953,0.79228646,6.3286195,-0.0030853725,0.0024753357,0.033600000000000005,0.0022919043,0.02,0.031835520704298965,0.06399253381424706,0.01813184076224925,0.0015977616429246368,0.10757984165524653,0.6621198945245307,0.21467023744362188,0.0,0.033133180330601544,0.11379954161770814,0.22566046059122266,0.0,1.5504937,0.16527805,1.6979827,0.005661197,0.0608,0.33395416,0.06590453663363659,0.28109715121460727,0.05170212532716173,0.029518529148804467,0.07114136977311232,1.5191742406279944,0.06900435277360406,0.5215356203904751,2.9197116,0.84900343,6.495984,0.66656303,0.0054350197,0.049999999999999996,0.36302552,0.06799062973347823,,0.04476915747847016,0.050069673221106226,0.062344274419006786,0.6610471394396805
0.004724735,0.005867127,0.1016,0.0057084397,0.09999999999999999,0.10990879888954647,0.8245087987825918,0.04956351836924077,0.08798783944047438,0.13563583902355586,,0.2780306869438054,0.0,0.1236361480156363,1.1367416886608088,0.31425689719759503,0.388703666909177,8.463067,1.4361639,10.2225895,-0.0060673757,0.0033503538,0.056,0.00306777,0.03,0.07200511993555747,0.38774186722506165,0.03286502439511905,0.0007208535227601478,0.08764202640269814,,0.22772328906896863,0.0,0.07933428188776043,0.7499133246290038,0.24552013973002787,0.28157736162887215,3.9225862,0.52537894,4.5514593,0.0065798815,0.1016,0.46976054,0.11613376430542036,0.7559873853271069,0.0616594863956282,0.0738549058130563,0.13536654326551756,,0.12383199076841,1.069561127970711,4.6609836,1.6702935,11.077497,0.78100526,0.0063735526,0.09999999999999999,0.46091706,0.13873553480491707,,0.06279967454168287,0.1318005984534496,0.12680988934448373,1.256202581119911
0.0040601473,0.005702757,0.0784,0.005439858,0.07,0.09935413231725261,0.7518311992623191,0.03146099176283505,0.05505247889395267,0.1273089267918261,,0.25721579345625756,0.0,0.11150092623436803,1.0407682102142302,0.2909490136871064,0.35389529988731055,7.9952984,1.2342404,9.460777,-0.001738389,0.002243815,0.0272,0.002090129,0.02,0.060020799914337154,0.20924159986774848,0.0234483201082056,0.002924159795010327,0.4228697593832276,1.0951528227690326,0.2231859650857408,0.0,0.06451837613109715,0.45277756413578285,0.24335048673594095,0.13739306758842104,2.3129735,0.27525842,2.579693,0.0060021495,0.0784,0.31717876,0.09981380840375373,0.690310212666387,0.044455272284758124,0.043992244145792475,0.12726424788148086,,0.11174197701941807,0.9687888029962605,4.1589365,1.337614,9.735765,0.70207816,0.0057307403,0.07,0.31997946,0.12402870800894066,,0.04726673283893902,0.12697214167989254,0.10878479452681589,1.1546426710261952
0.004116516,0.00481743,0.08399999999999999,0.004635059,0.08,0.09729066665268551,0.34604799962250843,0.05610879989933628,0.009351466395432358,0.10362239981125444,,0.27218131781769156,0.0,0.09948586580187312,0.5606204945696482,0.2931727262450827,0.10463847248425821,5.418898,1.0422747,5.8811016,-0.0040307892,0.00230529,0.012,0.0021119432,0.01,0.021440001352571153,0.09829333420165089,0.009258666967237742,0.001344000225428314,0.39607680107965215,0.6684960013675998,0.21130805668743408,0.0,0.02410297786231208,0.14947063735972274,0.22236521346186394,0.0,1.6262217,0.12646896,1.8023409,0.005090682,0.0488,0.3634051,0.06192383090580565,0.3286857467393488,0.03692754190277364,0.044561083036743485,0.06835130827121684,,0.06424357930842138,0.5790772094732609,2.8215275,0.7100751,6.35085,0.60078746,0.0049203844,0.07,0.3507264,0.09740155523247863,,0.060026630564422305,0.050614145979558565,0.08977040156538174,0.6916726040258885
0.003988146,0.005952392,0.0992,0.005691862,0.09,0.11845280007392543,0.7558822403784977,0.05841408125494799,0.07642112193779246,0.15986005360904196,,0.27408588287174496,0.0,0.13614555155321348,1.0950788845370183,0.31295401199552,0.3773236998652876,8.667585,1.6413056,10.106774,-0.002273811,0.0027172668,0.0048,0.0024569922,0.02,0.04972319994539621,0.2359878400824768,0.005907839495040571,0.0011078394950405747,0.1945852791158689,1.5686926395396374,0.2287625015532463,0.0,0.05497377665911909,0.5679547552978257,0.2502669802082214,0.18970523702977404,3.0354214,0.2806721,3.4521089,0.0063320263,0.0992,0.34803325,0.12398047458523365,0.730980875847821,0.06259578600558188,0.07594361380972002,0.15991767015266978,,0.1377255582951917,1.0167222419519584,4.5915756,1.8244427,10.552286,0.74805486,0.006066917,0.09,0.3534609,0.1562281673642709,,0.06039228810795287,0.1550152973362483,0.13551629568740423,1.198241973216867
0.004240623,0.003509097,-0.06319999999999999,0.0032935678,-0.01,0.20256853349970902,0.7661811200800281,0.08504704031289811,0.002388223965673444,0.2608900256379336,,0.2751962840722287,0.0,0.21687391837452225,1.019113918693881,0.3359923729552849,0.37369836446211696,6.5896225,1.5268655,6.0991163,-0.0023263618,0.0014064745,-0.2624,0.0012403944,-0.22999999999999998,0.05526959993011716,0.3590261332401562,0.003369279890491839,0.00036313595065821366,0.07537055967327892,0.8071082240023565,0.10043331846129157,0.0,0.06325545726070424,0.5618772864077016,0.13421375035719377,0.2831313555582585,1.8774476,0.0,1.8194435,0.0036584516,-0.06319999999999999,0.28672436,0.2056409139040482,0.7524403362042237,0.09235329769440163,0.002371911734682583,0.26274002326657436,,0.22417186377343468,0.9783558680654816,3.425784,1.6536064,6.24109,0.42193747,0.0034382083,-0.07,0.29585275,0.26156580480458475,,0.11008808431264737,0.232557414365447,0.22186174804881906,1.1384320665950565
0.0039583035,0.010541502,0.0216,0.010226499,0.02,0.0207118225580808,0.16053760177840226,0.011648513187034405,0.04624257451594129,0.02561525357936671,1.479122880217844,0.21751931979564362,0.0,0.02243308861879327,0.3230767176083268,0.22606376372684345,0.0,8.694821,0.5167942,10.207552,-0.0023065314,0.0044231815,0.016800000000000002,0.00413564,0.02,0.012430079395971462,0.049516798813744635,0.0032275188373888345,0.012502015028554253,0.02184767995356174,0.5353907200468891,0.21235555483079815,0.0,0.014023646886278494,0.06361576471609041,0.225591540400461,0.0,1.8002328,0.14145455,2.025928,0.011315598,0.0216,0.37203264,0.02049565388440319,0.14349350548152942,0.011690174882910468,0.03418247888889236,0.025636602649599265,1.473286680343038,0.022192150912155192,0.2630922445150896,4.377207,0.55169296,10.228537,1.2090489,0.011031083,0.02,0.3842974,0.029868422693241782,,0.013322185506572808,0.037280372770805814,0.025614462269587503,0.34159198170276117
0.004024146,0.006804561,0.0952,0.0065890322,0.11,0.09968533381102283,0.8957840010538298,0.04359360344773349,0.10139680092485184,0.11508560079115883,,0.29137641934912345,0.0,0.10761637691972147,1.2351524396344047,0.3203402815646379,0.43231643744048426,9.86981,1.4904714,12.200249,-0.003632197,0.0030841306,0.0432,0.0029081353,0.04,0.04850239987376008,0.3749767999402615,0.02318143672978658,0.005327145576595531,0.2915164806098593,,0.2343305406007375,0.0,0.0525535000439148,0.6495135001316441,0.24927502376339947,0.24400113248702032,3.5137076,0.3251718,4.209013,0.007348379,0.0952,0.38713422,0.09985833295043285,0.8597095350121023,0.05528045572963665,0.07752990873497813,0.1147442568264074,,0.10736678191434952,1.215098301122375,5.232973,1.639893,12.798219,0.8743851,0.0071050925,0.08,0.39054772,0.10603228252449426,,0.0454076380453629,0.15099405325043927,0.09537937801667021,1.3318448126071267
0.0039701457,0.0081612095,0.0696,0.007931469,0.06,0.07061897107753011,0.6455832000314576,0.04008950811494624,0.04474218598774203,0.07720487994007326,,0.25050646119703557,0.0,0.0724126442830674,0.9846252881729147,0.26602903486803653,0.3284021099628084,10.333435,1.2804539,12.538581,-0.0026907462,0.0034440528,0.0248,0.0033002817,0.03,0.02220607980619161,0.1189575997122029,0.010846078749624302,0.014911519896903924,0.11200245321340535,1.3470036796322509,0.2240230543401577,0.0,0.02301307306064291,0.3894609170734421,0.2358241862021948,0.0825752409375671,3.0082786,0.19207168,3.6062906,0.008636104,0.0696,0.33316958,0.07029874953598979,0.6406886166290788,0.04053998100973931,0.03787499563146472,0.07725728219600018,,0.07223920771842908,0.954366020484439,5.3745155,1.3842434,12.945925,1.0311532,0.008441091,0.049999999999999996,0.36056444,0.06551805398016455,,0.03195101838620559,0.07494032159076962,0.05685218319186759,1.0757277786682486
0.004291781,0.0049382215,0.1352,0.0047061127,0.13,0.16253999972474595,0.8469919998615866,0.08484533149131439,0.01822399689618472,0.21708266671560078,,0.3079883817161774,0.0,0.18457508392898206,1.2119550168565496,0.3594493997787707,0.4320078810305026,7.627597,1.8467762,8.878969,-0.004211246,0.0026716571,0.017599999999999998,0.0024907044,0.02,0.08167413342300378,0.5237112003745872,0.032049792605951324,0.002124480997296734,0.3697601605050348,,0.23145714160316475,0.0,0.0862005288895301,0.7422503967139876,0.2582646677694297,0.2862729229384582,3.4708242,0.4268435,3.9194882,0.005423043,0.092,0.47615752,0.12669300457875324,0.8789760610059226,0.05211305535291276,0.007895006326817743,0.17241402588488813,,0.15133098552566968,1.231986423299959,4.185019,1.5975906,9.775686,0.62636775,0.0051854798,0.12,0.44199067,0.20595642152346544,,0.09124016687174831,0.2147102113388648,0.1821116007617139,1.2695206255167988
0.004608207,0.004621796,0.09680000000000001,0.0044702147,0.18,0.12720746489525261,0.7877407978692729,0.03616111816067369,0.0015481560086613216,0.18913343868129795,,0.35421085778580835,0.0,0.14666815917364323,1.1050726366769665,0.40929434157269,0.29687548674449254,7.116603,1.3163224,8.319183,-0.0057168724,0.0029378806,0.0432,0.0026676906,0.04,0.11291263948397877,0.43329386661824126,0.03469631965734898,0.0007585278317762485,0.19533343996092575,,0.251480431704182,0.0,0.1179870274353399,0.6911948109702368,0.2820305655715952,0.27814405940687326,3.90573,0.6796013,4.221282,0.0052776607,0.07039999999999999,0.5485347,0.1128656394958377,0.8125985293617756,0.02792508879922889,0.14445000023357898,0.16244007731162013,,0.13083476739963953,1.0479052899973949,4.0545583,1.3336291,9.357885,0.6016527,0.0050625317,0.16,0.49057063,0.25454087526070057,,0.12647779516881735,0.1702911225795393,0.22504241071590733,1.131457099845977
0.0044907313,0.0056274403,0.124,0.005416648,0.09,0.1289039996382375,0.965807999276475,0.07870080016357951,0.050001066621926986,0.14360960064592915,,0.2733350362880046,0.0,0.13563069644602632,1.3309537974693313,0.3004542930937434,,8.444595,1.6287223,10.445462,-0.005130387,0.0029710964,0.0488,0.002849635,0.049999999999999996,0.05465919980362664,0.5751955199846107,0.030611840697324894,0.007967104368957572,0.18641709684518104,,0.24412308119760862,0.0,0.05777418506374588,0.814861277272931,0.25888359877619715,0.31960717594397786,3.6787956,0.34970093,4.4845314,0.0061984737,0.08,0.45486,0.0853676960195316,0.9591293490924824,0.04208833511852772,0.07593591733137653,0.0994035656118721,,0.09087245088296522,1.3359638879354256,4.6010995,1.1808391,11.537883,0.7360142,0.0060069477,0.09,0.44704062,0.11557605299923829,,0.06124015819358831,0.20727884671278254,0.1052974441773626,1.4433795536735516
0.0040014093,0.012274736,0.016800000000000002,0.011684991,0.02,0.015029236573492519,0.222260800358616,0.004194772560451292,0.050861439604053836,0.020712221478465017,,0.21617188091589995,0.0,0.01689254382750455,0.5421442974501227,0.22592151535403227,0.10502362948235675,11.210117,0.42002687,13.676859,-0.0015911481,0.00457538,0.0216,0.004426651,0.02,0.01534655977348948,0.051566399158400965,0.0064766387855414,0.010276638713555757,0.022859840102294447,0.8518897601534415,0.2121559150147914,0.0,0.017336580119996732,0.0719341450609275,0.2246686802777864,0.0,2.3842397,0.1728452,2.7556884,0.0129546095,0.016800000000000002,0.32541287,0.01464676678020278,0.19195073736636228,0.004541609424367653,0.04115848860519478,0.020611909309478052,,0.016627257001720592,0.4871088076615802,5.692019,0.43656042,13.854775,1.207253,0.01249537,0.02,0.3621262,0.029682371378315153,,0.012389451693020916,0.04399227560969398,0.02513719600536298,0.5720455538486368
0.0040734103,0.012321157,0.017599999999999998,0.011575095,0.01,0.01552234648558274,0.1964087994793766,0.008723515681525032,0.012361759263264268,0.02045116794407468,,0.20674818161197125,0.0,0.017386873744292233,0.4710764527542926,0.21592702577723993,0.07729775682985585,10.666794,0.44698068,12.884019,-0.001994202,0.0047305534,0.020800000000000003,0.004269495,0.02,0.013433599338743624,0.04973439735497445,0.0028152678088367794,0.0028356248872858426,0.02205397352529826,0.7863404801439736,0.21186304508963413,0.0,0.014920568646074935,0.07025071068535303,0.22456468299378068,0.0,2.179738,0.14251055,2.5561447,0.012969363,0.017599999999999998,0.3174954,0.015291930426670116,0.16758417303975595,0.008146131089007894,0.014167441588727204,0.020365908049744984,,0.017164206279100744,0.4135821695016932,5.4070797,0.45818081,13.047634,1.2083066,0.012257081,0.01,0.33515367,0.01936070470408545,,0.003235488360326997,0.047936236575018255,0.015117308008042158,0.5305609181493185
0.003999988,0.004874747,0.1272,0.0045952694,0.16,0.18804373344378453,0.868931199987417,0.0835287462578578,0.01584655906854023,0.24389659440964445,,0.34542541996154447,0.0,0.2162776593683163,1.2256329771428112,0.40680175468921287,0.40896020533780575,7.7594023,2.0334737,8.671729,-0.0032598805,0.002278023,-0.008,0.0020945913,-0.01,0.08855200133754383,0.457476000467764,0.02027039936579381,0.0005881599850916632,0.38961120059162463,,0.21535718670642973,0.0,0.09609470183177977,0.711694702207494,0.24554282962042184,0.3258156923340252,3.074092,0.41248837,3.3363497,0.005211943,0.1272,0.36168137,0.19621780219055596,0.8102703781943332,0.08455635950861441,0.027828881149404714,0.2437098063417142,,0.2174431712400727,1.1898194609761283,4.1725764,2.2782915,9.149381,0.6042951,0.004928635,0.12,0.38297784,0.24197106725560474,,0.09956112085279252,0.2055188906920897,0.2162333126720038,1.375432114690427
0.0040544625,0.004168948,0.0872,0.0039771036,0.12,0.1721632017490396,0.8690408001242574,0.07721631954575305,0.1196081601741177,0.22447344013857093,,0.32336086585322854,0.0,0.18993417948406774,1.1231012696193217,0.37679415670758803,0.3898247886602717,6.911378,1.6180427,7.5437546,-0.0014488645,0.0017064099,-0.056,0.0015576816,-0.06,0.06110719971746294,0.35273813312560504,0.017000960025248014,0.0004405760601623763,0.31982591898286655,1.3191564797457165,0.18415522094912584,0.0,0.07288121416298314,0.5693449713303864,0.2071943080465892,0.26403066650034246,2.1730447,0.22733521,2.2959936,0.0044167223,0.0872,0.33654603,0.1789295920698553,0.7835832212186451,0.08960024221378399,0.003033679299508074,0.22437888344832463,,0.19860734047907772,1.122832976979605,3.6206288,1.7717073,7.765101,0.5107857,0.0041674767,0.11,0.30720446,0.2524994002988151,,0.12402499651761198,0.22428573638613855,0.2245538685222529,1.3016994916449938
0.0040715155,0.0057506,0.1128,0.0055800714,0.12,0.13454933250844442,0.7845695995369443,0.05016959891786464,0.08028480057881884,0.18496319923872587,,0.29902084476812296,0.0,0.1517566201236115,1.1323710792770139,0.34471016267459376,0.35421637344568624,8.615715,1.781838,10.019141,-0.0038751198,0.0028932623,0.045599999999999995,0.0026949577,0.04,0.1001376000691314,0.4405376001983773,0.05617834678181893,0.005335039675383226,0.3576076808007221,,0.25084317048563737,0.0,0.10500497804691299,0.6950699855743779,0.2743689033085308,0.24278518776808797,3.6603289,0.61656034,4.0055027,0.006206779,0.1128,0.38578564,0.14592325821594013,0.7479659308897666,0.06808122821804145,0.08058554146507088,0.18477777195618514,,0.15951834275792504,1.0735710416866102,4.679911,2.0471382,10.683838,0.74503386,0.0060597034,0.12,0.4005444,0.19644912925504812,,0.08564654941558239,0.15422034264713835,0.1713392056975026,1.212538946428491
0.004353361,0.0061792894,0.116,0.0059282337,0.09,0.11883600008650842,0.8708359997286778,0.059582932746123515,0.06777439911918524,0.1349847998167596,,0.2711188586641655,0.0,0.1265936202278269,1.135862413485218,0.29937434265558,0.4213117857762402,8.903837,1.6136637,10.865507,-0.0042281016,0.003246244,0.0432,0.0030132364,0.04,0.04847679936579443,0.3446383996828972,0.021765119931068968,0.000598674351275657,0.3969164782085963,,0.23418048933310195,0.0,0.051822600131623126,0.6724980801988665,0.24906917306021023,0.22606427666831344,3.6185603,0.34192732,4.3086596,0.0066903397,0.116,0.39339325,0.121632892962197,0.8478156689666133,0.07860618300939741,0.06796448162026639,0.1348571940767495,,0.1263021524207591,1.1358137460442266,4.8053946,1.8170198,11.558254,0.7972166,0.006528975,0.09,0.43233854,0.11465390270414459,,0.055867320859907185,0.16218368191025795,0.10437718679421232,1.2750568176804378
0.004029831,0.005259383,0.0008,0.0026706653,0.0,0.0021079171064968703,0.00272942214777255,0.0008792588755440193,0.0009941197473167644,0.0031390102505190498,0.27038442555824105,,0.0,0.0024339991686651956,0.0032655700363380465,0.20598012141169042,0.0,1.3903989,0.0013129739,1.5288349,-0.0028067545,0.0010192851,0.0048,0.00047642662,0.049999999999999996,0.001054171487213489,0.0025958402433425335,0.0002193066883078245,0.00032896003246170774,0.4043212805843107,0.003648512317980521,,0.0,0.1425588479910391,0.002943539244593616,0.2442409374679098,0.0,0.31245375,-0.020725723,0.3926431,0.005940004,0.0008,-0.4834049,0.0024484306290737095,0.002183113374218797,0.0011769500194516694,0.00068454231580642,0.003516716127245627,0.003974897197897041,0.002777972725524296,0.0027020620962372754,0.542928,0.0062448196,1.1754783,0.13387097,0.0026936966,0.0,-0.13086097,0.011126850360230664,0.44721444090951135,0.0011266669192153955,0.003138199330171809,0.007121891930382489,0.22128956896611865
0.0042903605,0.0049988534,0.0664,0.00483543,0.049999999999999996,0.07315391934115215,0.3060847979143606,0.05617695687563655,0.029953915142935786,0.07589501201116126,1.4615963193025847,0.24641971389091188,0.0,0.07493661440303877,0.5412732284128575,0.2581282358982758,0.11526868546287186,5.2936068,0.8146628,5.889983,-0.004652473,0.0026790933,0.0184,0.002515492,0.02,0.01652319969492005,0.09824639976555434,0.0019528531030285191,0.0012646400372708837,0.19454540750331195,0.7719270399759544,0.21416186200414203,0.0,0.01749245336095787,0.1508655668638002,0.2255634349372726,0.0,1.8037027,0.09498575,2.1026468,0.005533175,0.062400000000000004,0.46742398,0.06655810114153628,0.2502553557998875,0.05211926177807536,0.016676328661795175,0.07181045773358243,1.465400769250288,0.06944447284750485,0.4861722699437946,2.7692494,0.8432806,6.140094,0.64679825,0.0053136903,0.049999999999999996,0.42752522,0.067701189607399,,0.04313815069189019,0.04887530946082473,0.06147368718714944,0.6142592924202083
0.0040999367,0.0055445447,0.09119999999999999,0.0053053307,0.11,0.11185600251661358,0.8558560025166136,0.04089706557613408,0.09663039979867197,0.13965520039479298,,0.29331325897684624,0.0,0.12485113971918964,1.2125844727029942,0.33136231101729435,0.40273533466073835,8.303199,1.3630059,9.97497,-0.0027333817,0.0023712255,0.024,0.0022076245,0.03,0.056835199923855224,0.4116528002449657,0.02889444618406019,0.002087040585913969,0.4130300157424225,1.4957750394640812,0.2361596135201127,0.0,0.06274999374878872,0.7445833230242291,0.25407736546544907,0.26830544762846303,2.807743,0.2865955,3.2766092,0.0058732983,0.09119999999999999,0.33616763,0.11693701494526731,0.8308339748399283,0.05174258263080419,0.08718220181353992,0.13955107803772876,,0.1253156039917127,1.1412552784191483,4.382314,1.4981409,10.423447,0.6917649,0.005629817,0.09999999999999999,0.34616715,0.15437030855243386,,0.07222536849626933,0.22000582505729566,0.14067566558926217,1.3216769249478537
0.0039952514,0.0059452862,0.15200000000000002,0.0057226513,0.09999999999999999,0.1681632017490396,0.8281631992450159,0.09520816087389067,0.07093877357352948,0.2043156267633464,,0.2800316482043782,0.0,0.181693992475168,1.130258656201896,0.3202611549269044,0.41813190806624906,8.9255085,2.293288,10.362922,-0.0028156783,0.002825343,0.0144,0.0025972927,0.03,0.04595920006687711,0.4231184008085377,0.0012473584586657125,0.0006078931769694775,0.360003748725591,,0.23362542994169272,0.0,0.05576392842566779,0.6535519043321395,0.25466962905346086,0.25419850748802875,3.3101978,0.27672207,3.8804471,0.006319949,0.15200000000000002,0.34605706,0.17159048214199873,0.8221818301268983,0.10612026666085575,0.028773876265286265,0.20437262438641055,,0.18746007630709796,1.1300587126585304,4.759586,2.532652,10.885791,0.7462446,0.006158294,0.09999999999999999,0.3783937,0.1570579429905476,,0.06518791282785748,0.18891809872029244,0.13986795906575383,1.287625198811738
0.0046707336,0.0051513817,0.124,0.004952431,0.14,0.13586666684143128,0.7646000003932202,0.06347199994966776,0.009480000943730091,0.1802400034603301,,0.3170157674742627,0.0,0.15479889778676914,1.0783977955735384,0.3590130034126698,0.32865172064953296,7.5366488,1.6202576,8.776297,-0.0058269314,0.0031099098,0.0408,0.002906648,0.04,0.07523679973850267,0.42301839966411153,0.04330184000398258,0.00368294385332131,0.35443311988382914,,0.2423824262248471,0.0,0.08297786790373084,0.6783444676751998,0.2650707126682173,0.2627063116985069,3.852684,0.52047586,4.3696384,0.005789809,0.1168,0.51705456,0.13778723420263853,0.736234079456407,0.0696707999935601,0.07197451012925843,0.1723565569723859,,0.15003902614599599,0.9983329234506261,4.227958,1.8473822,9.661917,0.6894427,0.005599614,0.12,0.49274015,0.1797648044683133,,0.08555176532965383,0.14412367843262433,0.15982501479522945,1.1745794809867383
0.0040104096,0.01664737,0.016800000000000002,0.01583973,0.02,0.014057386249245019,0.14103039597341827,0.004564054673286773,0.023292155148007157,0.019107614139086126,1.510814719486612,0.2152173633688431,0.0,0.015771837649326926,0.2517955130924305,0.22567317633981915,0.0,12.245484,0.5280963,14.424105,-0.0016838553,0.0064032516,0.020800000000000003,0.0059917695,0.02,0.013066239454643393,0.041932799380822984,0.004866559663360385,0.005333118324009329,0.02079871971626062,0.49359615914878185,0.21136291926426606,0.0,0.014708766728485853,0.058930520008798705,0.2242854610256277,0.0,2.2900448,0.20801345,2.5444942,0.017623406,0.016800000000000002,0.33437026,0.01362424293554518,0.12540006803255097,0.004721734939759062,0.02284896072084682,0.01895353550975583,1.4166593822901496,0.015467717609606779,0.21272071259402545,6.159415,0.54734594,14.478435,1.5868775,0.01693512,0.02,0.3616386,0.02895747685000778,1.5598915672302482,0.01226613843676425,0.02559448868186955,0.024315752574122412,0.242224285155302
0.0045973114,0.0062906067,0.1064,0.006115341,0.09999999999999999,0.10447085779255286,0.8870826672398945,0.05072480058825731,0.09424960245369825,0.11984640193778863,,0.276194450967756,0.0,0.11268753250419869,1.2889251936484132,0.30620286296274396,0.4542042932032683,9.148736,1.4418991,11.462595,-0.005702495,0.0034812344,0.06720000000000001,0.003243269,0.06,0.06603519953712012,0.542217599478509,0.0386470405770965,0.003447040577096482,0.07742335885061402,,0.2512488152262373,0.0,0.06900400148188478,0.845502000648893,0.2659278283222704,0.3105613322200275,4.189181,0.50901175,5.0634556,0.006991993,0.1048,0.47077113,0.10313679835905551,0.8759653509626996,0.05864019069077422,0.09318516206215872,0.11775159951046157,,0.11068472449427132,1.2319406528134695,5.0268135,1.6280378,12.441244,0.8364801,0.0068117157,0.09999999999999999,0.45612043,0.11824254246628002,,0.05893064060758583,0.14762358030000247,0.10973974352167701,1.3701841748516752
0.0042524654,0.005392016,0.1032,0.0052522765,0.13,0.12387519919887904,0.8556255971058943,0.046695039872491906,0.10785702357902222,0.16556607555316127,,0.30755152670618724,0.0,0.14365074004502842,1.146810147718372,0.35459700288457513,0.38358114543593935,8.163103,1.539134,9.628819,-0.004431859,0.0027063598,0.045599999999999995,0.0025179705,0.049999999999999996,0.09106879621280432,0.3687812565867388,0.05069375924256087,0.0029822930707676274,0.2680348333492565,1.5490438340991664,0.2586645096781687,0.0,0.09704238572047139,0.6727474617815857,0.28008930880829325,0.2473708857788177,3.3753886,0.5310422,3.7545218,0.0059251743,0.092,0.45096982,0.12107088446104243,0.8287756858172077,0.04536235252501528,0.0287528831361978,0.15417775441512893,,0.13566360510107117,1.15788203627128,4.4090605,1.611389,10.290393,0.6959117,0.0057044756,0.09999999999999999,0.40927997,0.16764776274539833,,0.06516488519915555,0.19060669087136914,0.14937608759642174,1.2473661320884695
0.0039748824,0.0060840775,0.0552,0.0058993385,0.049999999999999996,0.05832868648159479,0.23495040275568646,0.036510082025873906,0.036340054683915955,0.06424768013904263,1.35986048098651,0.24354337203182294,0.0,0.06015226492373477,0.4095935543153643,0.2571010592601257,0.034992661645500696,5.843799,0.7879393,6.4288063,-0.0028994617,0.0025992757,0.0144,0.0024728565,0.02,0.013188799948902806,0.06959253330861968,0.004051839960725374,0.004638880370604844,0.33459995409845217,0.44716661308355854,0.21582641836461625,0.0,0.015336977279964413,0.10441093145391167,0.22635252542022613,0.0,1.4280398,0.08781508,1.5927564,0.0063980236,0.0552,0.3145662,0.058041817745435126,0.21118850772735687,0.04496074127710754,0.024661525766852627,0.0640419837788456,1.3597145314000196,0.05985606979515123,0.36719848605308375,2.9994445,0.84922993,6.5408096,0.75898707,0.0062218243,0.049999999999999996,0.3233743,0.066965854886243,,0.04201389161841703,0.03803255237325547,0.05942174301604695,0.4948786903551923
0.0039909882,0.006067972,0.09680000000000001,0.005873759,0.09999999999999999,0.11089599937084658,0.8366479993472552,0.05284959936770211,0.06219946595362616,0.12547711948862492,,0.2841954088187471,0.0,0.11755594276845487,1.1775118855369098,0.3140122115845686,0.4048579229753965,8.643188,1.4560953,10.451857,-0.0022286968,0.002486242,0.012,0.002297853,0.02,0.029082667244431468,0.19162400060114215,0.0018024006612563424,0.002409602645025545,0.29922879970544003,1.3254572798446647,0.22123790380995828,0.0,0.03129618074630207,0.579744271119453,0.23482475077413464,0.19808370238243433,2.5619698,0.14865887,3.0810316,0.006348564,0.09680000000000001,0.2984195,0.11130410241245904,0.7926939811529796,0.06130689997802965,0.04949546157917977,0.12531353214495872,,0.11746282949680358,1.1770847985972772,4.5072126,1.5680871,10.808017,0.7595575,0.0061647017,0.09999999999999999,0.30845082,0.13563864065341596,,0.0733777031860452,0.09820124318120267,0.12455465837430915,1.2770008001883728
0.004062042,0.014464132,0.016800000000000002,0.013774913,0.01,0.014306999468661069,0.18651199559592624,0.008457067688686037,0.014571200817899407,0.01901279975034099,,0.20591898180985588,0.0,0.016160677962423143,0.3539315253878521,0.21579517715985067,0.005390394179199303,11.819163,0.4747984,13.972915,-0.0034755366,0.006149918,0.020800000000000003,0.0058004055,0.02,0.012689600157499354,0.05172800005152652,0.003323199186452257,0.004784798316801922,0.020650311569389714,0.7166176012283346,0.2116750648745947,0.0,0.014037063642264366,0.0738926595161888,0.2239929073144754,0.0,2.7395773,0.18800277,3.1333354,0.015529991,0.0184,0.37264463,0.01552276205884409,0.15589163328181027,0.00781414622272896,0.022542702987739836,0.020501249631275826,1.57195146456508,0.017434891719127335,0.30708236542153716,6.002706,0.55160344,14.123238,1.4630008,0.014845983,0.02,0.40139776,0.028941024063690434,,0.012592043383777068,0.0351775711527246,0.024508815304299957,0.35662532026653765
0.0041032527,0.005482017,0.0008,0.0028056672,0.0,0.0021430667994221495,0.0026884174616409484,0.0008457602791718728,0.001141571843600229,0.0033441867873808405,0.01413209616901537,,0.0,0.0025447761617720514,0.003113887068989492,0.20604851569371194,0.0,1.5238616,0.031761907,1.6727189,-0.0035608076,0.0010296963,0.0048,0.00044221935,0.02,0.001065107857426301,0.0018092805900815976,0.00033232011977770527,0.0006646402395553794,0.40039088089014213,0.0028727047735984173,0.21028076939229579,0.0,0.0012002042166959655,0.00216053108357671,0.21484473070279755,0.0054279995046796715,0.33327633,-0.030837107,0.4060293,0.006248415,0.0008,-0.50049484,0.0024933058051399256,0.0022419664878916214,0.0010717662142173138,0.0007820747316026907,0.003634649941961743,0.003739502603431511,0.0028783911452578193,0.00267738687756709,0.5885134,0.03760835,1.2777104,0.14071621,0.0028447583,0.0,-0.16597046,0.013819280354507624,0.6947961415764131,0.0011795430539855544,0.0027069528907956134,0.007456129007374415,0.19121546753895843
0.0045291,0.005885128,0.0016,0.0031756198,0.0,0.0024376889231427414,0.0025556212669964194,0.0011700907657204425,0.0010324331120968855,0.003381760197344056,0.014327040837191257,,0.0,0.002729505101574841,0.003108536074179025,0.20558237698146636,0.0,1.3553472,0.022536471,1.4621643,-0.0054600677,0.00094591174,0.0152,0.00048237504,0.02,0.010700799412597599,0.0019007994125975918,0.00970527962999663,0.00030527981785375135,0.41069503757138565,0.0028633579593201576,0.1849692203759666,0.0,0.24167413504009105,0.002131277958575003,0.21287099429953749,0.0,0.31121272,-0.031931326,0.387436,0.0070848726,0.0008,-0.6341278,0.002020196162400953,0.0026736857253811586,0.0008648692174212556,0.0010764879921432511,0.003061249535087745,0.0046613344409239,0.0023350911223505135,0.0031153432521054806,0.45373333,0.017400105,0.9666723,0.14491735,0.003319076,0.0,-0.29508188,0.009835423337596438,0.4485930212117315,0.001092823963501459,0.0022689995491546734,0.006907970044198492,0.11561269523305567
0.004032673,0.006736823,0.0864,0.006566294,0.09999999999999999,0.09075520043411497,0.8287103994715133,0.03796735897825756,0.09107551887256154,0.10583983972348765,,0.2817999966253442,0.0,0.09809201491462918,1.120676588439199,0.3101608893927077,0.37612278729636844,9.4944105,1.3348725,11.657873,-0.0021483835,0.0026538093,0.0584,0.002405929,0.03,0.06432160024145891,0.2012824005132256,0.03862592245266005,0.0004894171598363605,0.3944866559713375,1.1079388799896803,0.22706323606195972,0.0,0.06645594619904215,0.5502139863750408,0.23916415781027842,0.19153747678989796,2.7167711,0.3792681,3.1095378,0.0070931846,0.10400000000000001,0.31832808,0.10985399556601519,0.7798404014339102,0.05903498483356116,0.06236804791851677,0.12339672149361813,,0.11551468549689635,1.0623397912437025,4.933852,1.7380192,11.846089,0.84721184,0.006872675,0.09999999999999999,0.29971611,0.12585087302370518,,0.06584838135583965,0.09822885554347115,0.1152402309174083,1.2389971888508486
0.004061568,0.005346068,0.0008,0.00294209,0.0,0.002289828491436356,0.00280719996008815,0.001001440030277945,0.001121535886047976,0.0033419733110071773,0.3370073570052298,,0.0,0.0026306542581301983,0.00345064014466325,0.2060199624372475,0.0,1.538901,0.015851514,1.6617053,-0.0016674952,0.00074760785,0.0048,0.0003039016,0.08,0.0010709333398457148,0.0016042666731790462,0.0002412800019536917,0.00024128000195371388,0.4038860800703337,0.002247680011722283,,0.0,0.0012834536644609216,0.0018167869977942473,0.2704571940683806,0.0,0.072257206,-0.052678585,0.15418173,0.0061961995,0.0,-0.61803675,0.0019341155949661698,0.002885398499695192,0.0006134549679239626,0.0012935612374698863,0.0030294087770906114,0.005291449349521918,0.0022943493628135004,0.003376607226504234,0.6061815,0.025185073,1.2833327,0.14883645,0.0030043172,0.0,-0.20388456,0.013412381522271772,0.5995089693206986,0.0011907925530864106,0.003159328569158519,0.0075272488378956125,0.1900987191712659
0.0040089884,0.0068197185,0.07440000000000001,0.00667998,0.08,0.07775679950087229,0.8020234663115454,0.03620234637208341,0.08620234689637726,0.09373167934473804,,0.26331079486947373,0.0,0.08648051181548144,1.024640682420642,0.28988524492977713,0.37458194654134486,9.412344,1.176281,11.5120945,-0.0021989513,0.002642407,0.036,0.002441624,0.02,0.04146400047339989,0.13189120035828114,0.020870400048091414,0.002611200673281758,0.38410026686971926,1.317500160290953,0.21732557513006184,0.0,0.04452096591606041,0.4487814488740906,0.2292210690338989,0.14705550246711158,2.5086756,0.24065243,2.9568439,0.007227884,0.07440000000000001,0.33767053,0.07808214178548806,0.7231543248166099,0.03639167245261842,0.06704967821931894,0.09368425476806551,,0.08621235885126434,1.0243915097031586,4.855959,1.2636534,11.789831,0.8550057,0.0069831056,0.08,0.29572338,0.1058176920085755,,0.04764009764881152,0.09975789780962435,0.0949511472506046,1.1989190048740286
0.00412978,0.008060787,0.0688,0.007904469,0.08,0.06900679916873274,0.8104543903110377,0.03696362350412228,0.06929087051236679,0.07640358232806652,,0.26951879137000134,0.0,0.07105849866595286,1.1534739140051344,0.28579181486904104,0.37238714705987885,10.889309,1.2261981,13.505145,-0.002539539,0.0033548158,0.0264,0.003119329,0.03,0.021884799475001864,0.2069514664756368,0.004110292230969389,0.0026261755127374707,0.030995583577156184,1.448744479309663,0.222849628306291,0.0,0.023555276419018854,0.5501921272908745,0.23478020640361885,0.13094635191356616,3.1760936,0.16700101,3.831242,0.0085528055,0.0688,0.340844,0.06842218817694201,0.74635920707223,0.043511978829424876,0.05834107618336111,0.07611984426920636,,0.07083720210854103,1.0846123788127542,5.6622953,1.3179202,13.931184,1.0296141,0.008374922,0.06,0.3518537,0.07505884232737302,,0.040269271705143765,0.08341507077435466,0.06620237769881711,1.1845827589391602
0.004538574,0.007355936,0.0424,0.007107249,0.049999999999999996,0.04275611510104345,0.6140464000629154,0.03147693760272869,0.05496928154896957,0.04740672073628757,,0.24520401651787865,0.0,0.04397105256930454,0.9582118420419601,0.2561866693573129,0.3020954885143041,9.074959,0.71235734,11.134209,-0.0053797546,0.004088046,0.0248,0.0038823052,0.02,0.020596800039074332,0.14799743973357357,0.010479573489096129,0.012425814512109288,0.02951615939805556,1.5414323190061117,0.21345326940733358,0.0,0.021871956286594878,0.44955996361473655,0.2252668585591504,0.11236891354955547,3.6988733,0.1980584,4.4669313,0.008213609,0.0424,0.4610654,0.0421385677057699,0.5699470359056904,0.03128614627196821,0.049080916184193975,0.04741095100080051,,0.04377903850728444,0.8974288571714826,4.8864903,0.80064005,11.904212,0.97148305,0.00797247,0.04,0.48315766,0.05231290241646626,,0.03192996328445474,0.06855341368708638,0.046074651822070795,0.9944534687125658
0.0041814116,0.005818337,0.0008,0.0033717272,0.0,0.0019466286853500605,0.003339200089828947,0.0008236114962951434,0.0016769010616941578,0.003046554505853965,0.3062500270142385,,0.0,0.0023175628318300827,0.003916208762131199,0.20571090535966247,0.0,1.6426394,0.0011093924,1.7616541,-0.0042181863,0.00088146306,0.0232,0.00040553242,0.02,0.01864895985380208,0.00404479941088012,0.00016255996667950966,0.00037930665678120526,0.420213758909126,0.0060804253080853615,,0.0,0.018799302457357406,0.004796512287442244,0.21279133481437232,0.0,0.18454641,-0.05045774,0.24155894,0.0069648176,0.0008,-0.58195484,0.0023975510563147505,0.002634682064948592,0.001063650162063459,0.000928221532166477,0.0035310393009007385,0.023911877163597012,0.00275160975019603,0.00320998835140648,0.6354034,0.023483796,1.3451604,0.16495807,0.0035024348,0.0,-0.2740568,0.010700901342240882,0.5091946403037253,0.001122596267400624,0.002636480522036652,0.007096162791640097,0.17698140845411917
0.0040539894,0.0051760133,0.14320000000000002,0.0049912734,0.16999999999999998,0.17628319711533738,0.8078831976721325,0.09448475261940985,0.04789663490765244,0.2351348781902438,,0.35015399605388153,0.0,0.1954059558056557,1.1318514886029556,0.40065691412586546,0.34434790715373975,8.023838,2.1023307,9.083602,-0.0013036066,0.0021808534,0.0344,0.001967676,0.01,0.10685959997468626,0.30223840005861147,0.05793589331716926,0.0014717866343385364,0.33377941340366707,1.2767127467370005,0.232014876427608,0.0,0.11299929390264675,0.5724491173783084,0.25430188598850495,0.21444334204877488,2.5772145,0.49227896,2.692231,0.0054434044,0.14320000000000002,0.31473646,0.1856104514209122,0.7860385263358132,0.10223246066601051,0.04799465451432683,0.23516967998422356,,0.20372644164711995,1.0918061697096888,4.2137547,2.2951784,9.372637,0.6433293,0.0052179606,0.12,0.3198138,0.215281395424989,,0.09089610375952105,0.21464981827971463,0.18469075523793713,1.2535581484354437
0.0040094624,0.005042906,0.0736,0.0048179026,0.09,0.12345343957620294,0.8270890667701273,0.03081344060398724,0.015006720301993626,0.1860403180890539,,0.27623186925611837,0.0,0.14306915394034095,1.1775345768415424,0.32955366299042294,0.41050569617280225,7.887652,1.4061986,9.039667,-0.0030541394,0.0023821327,-0.020800000000000003,0.002186307,0.02,0.07524400026675708,0.4621920001703237,0.024295039827592246,0.001558399158400961,0.24329536033615898,1.3871640890058519,0.2496842137353257,0.0,0.08165974305530171,0.6821194864863176,0.27500091215200045,0.25153035350029485,3.1451094,0.35227314,3.4260821,0.0054288353,0.0736,0.37933472,0.13328008783424292,0.7958009774747697,0.040132594964435615,0.11152464759229139,0.18729722318052433,,0.14877323896088276,1.1090137645745852,4.245785,1.6241181,9.543285,0.63027394,0.005206287,0.09,0.38870442,0.2065229837332117,,0.06782223575681172,0.21377305214341272,0.17316813756019683,1.2485364911155417
0.0040042517,0.013929809,0.017599999999999998,0.0132453265,0.01,0.01564186614394607,0.16870079770989363,0.010070080138413732,0.013803412938505661,0.020072858843755287,1.4541843188851447,0.20633015000016192,0.0,0.017628406036676824,0.30072270559157926,0.21589144249976194,0.0,10.824651,0.5189124,12.587015,-0.0022767857,0.0053849574,0.0216,0.004983391,0.02,0.012662044436132329,0.057489600240456865,0.0021379212503757116,0.0037379212503757127,0.02013787426056442,0.4614941866804929,0.21163923530032358,0.0,0.013522090876786389,0.08118574976480462,0.22329613479590507,0.0,2.357964,0.16466106,2.6415396,0.014682691,0.0184,0.3216243,0.015911629204817427,0.1501228870119602,0.00954234213073496,0.01351166892729592,0.02075244351905094,1.4365676075713187,0.017891150189154176,0.2655069512359723,5.5074844,0.55895925,12.765712,1.3903435,0.013939203,0.02,0.3655993,0.029101012164015855,,0.012991936708716807,0.03601841332850032,0.02481936004135555,0.3097779308243728
0.0039616195,0.0058012847,0.1448,0.005453123,0.11,0.16891291390616872,0.7423951995595925,0.0766380785806411,0.00127975950658742,0.21769427187069668,,0.2888533075555628,0.0,0.18296373045959716,1.0159865284204275,0.3352638142763233,0.36899779926856197,8.458687,2.1932464,9.622189,-0.0016630333,0.0026022503,0.0064,0.0022576964,0.0,0.05599679891794408,0.13759839945746868,0.006537051115388295,0.0004799086262920545,0.3378792798310038,1.1463723731080049,0.20875768881663617,0.0,0.06730880084565179,0.5254176020159202,0.23406590638846256,0.19733459162454106,2.8231115,0.30817798,3.1245346,0.0060952003,0.1128,0.34206265,0.14520240533375567,0.7015806273631754,0.05922622083830001,0.00467286280607399,0.18570046304290724,,0.15953139015280063,1.0247525712943129,4.457795,1.9527897,10.197821,0.6992871,0.005781451,0.11,0.33863154,0.18593159541513415,,0.06984258023675381,0.12933386626351276,0.1593888424027095,1.2236566996222278
0.0040089884,0.028491048,0.0096,0.02601128,0.01,0.008121408004892281,0.07989013694608142,0.002570586631573997,0.0031114161469995003,0.010651896415652435,0.8197489065866944,,0.0,0.009068714260215802,0.11950966214080491,0.21591338549204503,0.0,13.070297,0.47746935,14.859426,-0.0025132636,0.01181845,0.0128,0.010103116,0.01,0.00395302863264701,0.023871199278629397,0.001266156001262425,0.0026326400367555894,0.011782039902727592,0.08230421284453765,,0.0,0.005131125649855767,0.03320847642968267,0.21449225275150402,0.0,2.367383,0.14763059,2.622576,0.029680971,0.010400000000000001,0.3113208,0.008693074724834469,0.07056833534470906,0.0028150360281283156,0.003803384414513469,0.011373861910700406,0.7852955696022728,0.009712298169179349,0.10925391111842211,6.5835876,0.5355467,14.9168625,2.0886118,0.027904475,0.01,0.37047777,0.018732865871769065,0.8827119792825424,0.003588971073533784,0.007334523188217057,0.014968023022861557,0.11318259583791561
0.0041032527,0.009626808,0.0608,0.00947049,0.06,0.0598111983474324,0.5854111978524954,0.03090335794895991,0.064206720563717,0.0678660480845077,,0.2496194285122607,0.0,0.061836358413418745,0.9159393827944466,0.2653915824120343,0.27430550221789773,11.734136,1.2864488,14.178615,-0.003081902,0.004083089,0.0368,0.0038401664,0.03,0.03165074289443824,0.0999925333086197,0.01434517346104285,0.003671041178238654,0.04087978679464332,1.3230131202949609,0.22282790547222836,0.0,0.03445770306129307,0.3095064427789144,0.23469783938726405,0.053961682399380255,3.4022853,0.2925061,3.959025,0.01029528,0.0608,0.3623399,0.058942028804656814,0.5629773094544721,0.032472665371449695,0.050243465987439104,0.06768796762239285,,0.06151399816618423,0.8742500305967839,6.089112,1.3845822,14.601227,1.2347221,0.010080508,0.06,0.34967136,0.07410625537147525,,0.03869509690280424,0.05923630171154904,0.06528371821338617,0.959919322231767
0.004247254,0.0040353676,0.112,0.003916945,0.11,0.21387680073505944,0.6838521605093618,0.11781738681822235,0.018084053834417742,0.3688336804025001,,0.3138454709837321,0.0,0.25201284565767135,1.09163211419469,0.3810375807080515,0.3667144165449359,6.7639427,1.9273776,6.925471,-0.0044189696,0.002135739,-0.0976,0.001979574,-0.03,0.06004639959948845,0.46418559963931466,0.0016892798071833567,0.0017190401506863976,0.2641162967026243,1.639003519577998,0.23038880477066784,0.0,0.06847610690626339,0.7007754744555753,0.2578015635971994,0.2847643221278975,3.1298637,0.2654513,3.2982988,0.0044320393,0.0608,0.4869176,0.1873874173540849,0.7350110882021337,0.09120586124851984,0.026074112134558347,0.31760447623026583,,0.20142600468369729,1.092700287550715,3.7211542,1.8232996,7.670709,0.51612294,0.0042616283,0.06,0.450514,0.24565156148400275,,0.09195798772236961,0.21358387194848544,0.2057994426683413,1.238360141803889
0.0038953028,0.006459714,0.1008,0.0062536583,0.09999999999999999,0.11221919975777642,0.7270192005442166,0.05710553606059984,0.05512768510872558,0.13843727962471075,,0.2838355789346074,0.0,0.12572824330125826,1.0327923653376023,0.3157191261541205,0.35186469370490525,9.035404,1.6534101,10.627596,-0.0021503665,0.0025938223,0.0392,0.0024128696,0.04,0.05891413349630984,0.20397120000300573,0.034548480269312724,0.016849493299134977,0.1786681595788997,1.0943121064698924,0.2414543212630024,0.0,0.06509160757432601,0.472691607574326,0.25711711295677575,0.15312127117126745,2.6715326,0.33650675,3.0243907,0.006795805,0.0784,0.34275758,0.09127823728955085,0.7199505403222531,0.03886388757115746,0.0764521026868869,0.11575578139707336,,0.10351105820988268,1.0286651714679065,4.703846,1.4177486,11.156715,0.8080253,0.006574842,0.08,0.32757032,0.1234288714972699,,0.04809111341015303,0.11732578674469941,0.11013846991354598,1.2127546485852883
0.004121727,0.006766191,0.1096,0.006543557,0.12,0.11725439953442833,0.7156271998206917,0.04377088053603657,0.09184725349048145,0.12636895920538083,,0.2948686343171586,0.0,0.12019738870390866,1.1030467359769074,0.32920443790937987,0.32535564876704226,9.430699,1.6413205,11.277262,-0.004567202,0.0030895835,0.0448,0.002881364,0.04,0.05038559962578865,0.3943855996257887,0.024931413267341215,0.00558848207274599,0.34728703949744444,1.4926192639303637,0.23446012552036685,0.0,0.05210300009273751,0.5975030002350394,0.24830135088758373,0.21584327871167636,3.511724,0.3392334,4.1534867,0.007291611,0.12079999999999999,0.3819435,0.1279124601344316,0.7041781147679149,0.06894481165508978,0.059123206121631515,0.13715121392403365,,0.13099257929818814,1.0046692311164793,5.0300236,2.011165,11.787153,0.86883277,0.0070279893,0.12,0.37345868,0.1434364281079945,,0.07561413346735733,0.1255510796215776,0.1342027341323296,1.1397413776656602
0.00402841,0.008754269,0.044,0.008555319,0.04,0.04385653224210314,0.15898479850419073,0.03180556799879205,0.03247594405777725,0.049089325200794974,1.2430126378849498,0.23676898702019386,0.0,0.04579662028191919,0.28151324084429896,0.2462463847350963,0.0,7.233249,0.901382,7.8383884,-0.0010314337,0.0032720235,0.0256,0.0030142278,0.02,0.01904000080152391,0.043904000492937134,0.006912000901713236,0.004912000901713257,0.026504000210399954,0.11192320016831998,0.21193085360312144,0.0,0.020540154879602594,0.057900773421736926,0.22446309920184535,0.0,0.9871845,0.13244264,0.99821526,0.009234933,0.0256,0.36217543,0.024815835769138858,0.16100032723669352,0.013329813939321684,0.04398865558194774,0.03061000214327055,1.1758588006643151,0.026913198332824368,0.26474495229444384,3.556892,0.5268268,7.981578,1.0454453,0.008905665,0.02,0.3452818,0.03244286357925531,1.4344544792547773,0.012965133456340823,0.052746101782560055,0.02607872066315096,0.29945052978527337
0.004035041,0.004898905,0.12639999999999998,0.0046454803,0.09999999999999999,0.17207360057881999,0.6789388803603785,0.08905471980118791,0.006109440603987257,0.23536713170735,,0.29016335606107224,0.0,0.1920797676190573,0.9759065507644806,0.3383638181456126,0.3299008634958021,7.3336725,1.9590209,7.9437866,-0.0014037502,0.0020950865,-0.0152,0.0019389219,0.0,0.07010773332798985,0.2605808000646228,0.02885077341709257,0.0011046402164111807,0.33766835170231413,1.1735345369302246,0.22441020620196944,0.0,0.07734829233027557,0.4755655282201838,0.25147181537405044,0.17670505460571181,2.4493074,0.31296104,2.602374,0.0051162513,0.12639999999999998,0.29252645,0.18007970091012646,0.6788331759113092,0.10183108347351709,0.006157452886364662,0.2354091266867924,,0.19976492930324385,0.9759506588478364,3.8642197,2.14125,8.235076,0.5986844,0.00489113,0.08,0.33043113,0.1913239983668733,,0.06628522924833817,0.16650679149338252,0.1598963440840945,1.15612513344994
0.0040606204,0.006057551,0.1016,0.005818337,0.09999999999999999,0.11726080047815562,0.8247030858236813,0.05298431803704143,0.10464608011450545,0.15681962701787316,,0.281810577259365,0.0,0.13373369284014122,1.095734772411981,0.3204947976900029,0.3660519115745559,8.911891,1.6352794,10.519121,-0.0018301049,0.0025834115,0.031200000000000002,0.0024445981,0.02,0.06795839990782473,0.29267519964532546,0.032067518485121724,0.0016450123797870691,0.21210383985557546,1.425007679711151,0.223761107487324,0.0,0.07687036815802248,0.5565407364378063,0.24588493260609873,0.16415177834936082,2.8770258,0.38553554,3.1845217,0.0064276587,0.1016,0.3410034,0.12487805330491357,0.7423741545433412,0.061600563624799716,0.05254346686204234,0.15674865295299742,,0.1345198807143207,0.9878768921981599,4.680456,1.8025697,10.886831,0.7590847,0.006151968,0.09999999999999999,0.3308439,0.1594714753868385,,0.06709000843622974,0.15509431171786117,0.13960927945266285,1.1860417341846419
0.00402083,0.0066302433,0.1272,0.0064455033,0.11,0.13559520035547099,0.8799980798283674,0.08005269138715221,0.11631935805381884,0.14583712073757607,,0.292186840233699,0.0,0.13927823334504116,1.2023419561491098,0.3204803467413102,0.41350204404711155,9.800297,1.9748756,11.864284,-0.0030665335,0.003014228,0.041600000000000005,0.0028084875,0.04,0.04675200074140962,0.4494186673546409,0.025315200252479825,0.004972800219417304,0.05662080222422601,1.4895701336759846,0.23648460799260132,0.0,0.049098538785573555,0.6215323591056703,0.24876089003836357,0.206490766602759,3.3535771,0.31898275,3.9771206,0.00702858,0.11359999999999999,0.33828247,0.12165418323294548,0.8815465395190835,0.07528041396088465,0.09436765277361397,0.13208923018222585,,0.12540398810345182,1.1487689332457482,5.1789093,1.9154323,12.513567,0.8452325,0.006864764,0.11,0.35130134,0.13540369167427577,,0.07906836633647395,0.16840165367927026,0.12546791643251906,1.2828950179490013
0.0041349903,0.011193775,0.0448,0.010855086,0.04,0.04292455327165221,0.3951047996539656,0.03134476645862696,0.04077460924638502,0.04864763706733343,,0.2340577923243595,0.0,0.045200081465570884,0.7399002230472296,0.24574544436692172,0.18753742142823576,11.944454,1.1205112,14.267668,-0.0040843314,0.005147489,0.0296,0.004892172,0.02,0.022232228769192307,0.10762560264502555,0.01144512052900509,0.01146127912022678,0.03036768101362686,1.284703042289452,0.21247489911722114,0.0,0.02392103476018069,0.2590025861119379,0.2240329715039844,0.004158063466337751,3.869293,0.25915545,4.5825696,0.012098201,0.0448,0.38912094,0.042425314935080866,0.3477992974238876,0.031021615101880617,0.03767146830145634,0.04851572091612543,,0.044781806301183225,0.6852689668928524,6.259718,1.2040874,14.884652,1.4429971,0.011816648,0.04,0.40620628,0.049623735727797394,,0.030615826816105026,0.045220509186982116,0.0447660404338616,0.7527259868302875
0.003862618,0.013893809,0.0184,0.013088536,0.02,0.016019938306819224,0.24853184014495674,0.009746479834690264,0.004714366083758798,0.02067277342723428,,0.21592796693284644,0.0,0.018173896937410016,0.5557303296825943,0.2257723869417332,0.10233841268244158,12.814386,0.53150135,15.471672,-0.0007057186,0.004743443,0.0216,0.0045228293,0.02,0.01241554297688067,0.0650176014427412,0.0020523521075324425,0.00364117342951608,0.01997792006492341,0.6855705600865645,0.21157815102626795,0.0,0.013251338405465003,0.0947693428739553,0.22294390266927566,0.0,2.5187144,0.1516692,2.880868,0.014458089,0.0184,0.2803042,0.015449348870262065,0.2309120232177591,0.008491495049457443,0.03435431709784651,0.02064981600139072,,0.017812959659387208,0.5134875147902974,6.5055285,0.5432189,15.673185,1.3647977,0.013847951,0.02,0.33271083,0.028995443865754426,,0.012123611539923758,0.04860843308445454,0.024474754224395667,0.5588421832858004
0.004119832,0.010143129,0.016,0.0097144395,0.02,0.015174690910962772,0.14813040096574667,0.005026080610278769,0.049826080610278795,0.02074490652669783,1.2168347198850227,0.21764903167566205,0.0,0.017447536101543527,0.2124569558542022,0.22623248429471024,0.0,7.294711,0.34482843,8.354001,-0.0004147068,0.0034609088,0.020800000000000003,0.0031907188,0.02,0.014592400007796049,0.03892319990682291,0.0046892794926353416,0.0007446397809837322,0.10644211202107003,0.09065264000285543,0.2117135930264697,0.0,0.015547378178262943,0.04968071162803955,0.22475307407213754,0.0,0.8998066,0.12264834,0.9125723,0.010603091,0.016,0.29562566,0.014864140763343222,0.1299999812963652,0.005067539365881931,0.03999388230054005,0.02064462098753843,1.1223613427674164,0.017127154485342362,0.19799398340396135,3.6202075,0.35419163,8.268304,0.9941944,0.010225019,0.02,0.31735018,0.03164683303211448,1.2995600388896915,0.013168469298295094,0.038637417245459216,0.025891877240973853,0.20526321162019423
0.0040980424,0.0052503827,0.14079999999999998,0.005037222,0.14,0.17157375931145563,0.8059562660319216,0.08209791798504193,0.037470536036886236,0.21424063932345172,,0.3204145916181002,0.0,0.1914102783269649,1.1192411118158092,0.3704368006867412,0.3672787855521332,8.002641,2.0563679,9.093786,-0.0039460137,0.002468395,0.056,0.0023196666,0.049999999999999996,0.11276639987826861,0.4455327998196574,0.06815731168817507,0.005196640059813758,0.24411317355047935,1.5374790408776677,0.2625697534177375,0.0,0.11703572524218203,0.7374357253193324,0.2854972319244949,0.24988460556123587,3.2376928,0.6163036,3.5039165,0.005653507,0.14079999999999998,0.37991863,0.178301633070709,0.7823192075371611,0.09813469563317267,0.03740404583651642,0.21428886992732202,,0.19787983188369246,1.0853803295927766,4.316346,2.3028374,9.641943,0.66786224,0.0054222294,0.12,0.3861291,0.19864128141211246,,0.08652219554787464,0.19654795165946248,0.18176212433275274,1.265869860323272
0.004089042,0.02923995,0.0096,0.026205964,0.01,0.007934989660373504,0.061291199537573164,0.0022109260453484236,0.0030741706068443523,0.010407516614385121,0.9502883199392869,,0.0,0.008929348570371075,0.10018500840555086,0.21587859271262727,0.0,13.398684,0.48554286,15.649897,-0.0006501933,0.010760992,0.0136,0.008899408,0.01,0.004350340703270331,0.02077988576139568,0.001882880174732145,0.001771985588963014,0.011964160005861141,0.06331327969071192,,0.0,0.005188323602077071,0.02357664722608906,0.21432343354749595,0.0,2.2560852,0.14862622,2.5323482,0.029951282,0.010400000000000001,0.25229248,0.008556661418241629,0.053098943596073825,0.00269438757362077,0.0032288352323556735,0.011166684261079082,0.9494261880252558,0.009609380312820348,0.09098372188653331,6.7688456,0.5454511,15.753465,2.041422,0.027675841,0.01,0.32737523,0.01871924749679408,1.0379354632418683,0.003599237439122902,0.006130946098227318,0.014965077546614365,0.09620592232298736
0.00405541,0.005766705,0.0008,0.0033224637,0.0,0.0018462720299577086,0.003187839904368872,0.0005993351558572613,0.0017300590069449502,0.0029774079878196066,0.354040745493367,,0.0,0.0022580315621276896,0.004170898933432304,0.20577199117080042,0.0,1.6874028,-0.0075431345,1.8849316,-0.0023095058,0.000769917,0.024,0.00028654982,0.02,0.01964239981815431,0.0014423998181543227,0.00033130661817449436,0.0003313066181744858,0.42207263896964137,0.004472638969641353,,0.0,0.09542759032909776,0.0034275903290977507,0.21214292217332253,0.0,0.15604042,-0.027107332,0.2387086,0.0067168735,0.0008,-0.5383807,0.002352717348470787,0.002631296426984084,0.0009563448435936606,0.0010439787602096761,0.003402975392528424,0.014346140956334671,0.002698920796517268,0.003117046035272509,0.68434685,0.0033559091,1.5026921,0.16822809,0.0034291586,0.0,-0.25010714,0.010460459307294556,0.5777421695061703,0.001117393394017654,0.0027078627060987855,0.007063276394398699,0.18621838887699363
0.003998567,0.0049945903,0.1048,0.0046724807,0.09999999999999999,0.14094080138413748,0.727835200670047,0.05984938547603196,0.02608703942621323,0.19913344149486262,,0.28653333150440236,0.0,0.15715216987539665,1.0657282552533345,0.3319552196519399,0.34483244276989083,7.425095,1.5946577,8.414279,-0.0021166548,0.00231223,0.0016,0.0020222098,0.0,0.07012480012022843,0.3028415998156496,0.0007462399555154207,0.0009949867967806304,0.39166463839855575,1.2390882130499947,0.21811599811391288,0.0,0.08151713634540511,0.5255337090918907,0.24441892348939384,0.23278496997644518,2.62741,0.33468133,2.8676062,0.005273574,0.16,0.32672736,0.20214129267879472,0.6724585527470017,0.11699636591200424,0.003981670934287226,0.2539307733522657,,0.21840653883995076,0.9094155159900695,3.937773,2.4435215,8.399939,0.60524255,0.004971761,0.09,0.35427436,0.18720139272731906,,0.06852063007693296,0.20148685560379737,0.15517835751903222,1.1661930368700546
0.0040440415,0.024429627,0.0096,0.022494605,0.01,0.00789405715730195,0.08091680232786756,0.0025042697805516584,0.0032187935723539144,0.010672455067174224,1.1947534933126411,,0.0,0.008915792705350485,0.12368075655973315,0.21584890345583355,0.0,12.725925,0.4103588,15.0976925,-0.0031166056,0.010004956,0.0128,0.009030785,0.01,0.004251946951154151,0.03185417219950642,0.0015473731182472875,0.003574167792671247,0.011560183257289237,0.5410425643270295,,0.0,0.008008736561731893,0.043528736795624044,0.21446914939028786,0.0,3.2207136,0.12453247,3.7715044,0.025449334,0.010400000000000001,0.31555167,0.008405962228361704,0.07182905385864607,0.0028115846074268118,0.010667736719260572,0.011411290705205511,1.180726145485587,0.009520323359722716,0.11952043941677928,6.5485535,0.45817196,15.497593,1.8114812,0.024239685,0.01,0.3817683,0.018723358041127583,1.2677778561683717,0.0032948705062145933,0.00821311489894527,0.014805811968703467,0.12018287290427535
0.0039961985,0.006062762,0.0008,0.003391149,0.0,0.001919903015235741,0.0030980364736599778,0.0005850970523106298,0.0013992146746959868,0.0030267497535820895,0.29583056035830213,,0.0,0.0022478567309128267,0.0037719515245078802,0.20606854541665165,0.0,1.7115617,0.052971005,1.8241816,-0.0034829732,0.00076595147,0.0152,0.00035446978,0.03,0.01130258850528835,0.0016360011064778265,0.010462933802892758,0.00024720026563007056,0.4152,0.002549867610795024,0.2201557975567517,0.0,0.011379436090473065,0.001962603172081219,0.22291280316435677,0.0,0.20599005,-0.04110819,0.28246123,0.007068417,0.0008,-0.5399672,0.002281804479541006,0.0025524154171032735,0.0009603110650821691,0.0009245227713398816,0.003434776487345107,0.01428476930986,0.0026546049836405927,0.003002771678702334,0.68107456,0.060833946,1.4262495,0.1753256,0.0034878324,0.0,-0.23600522,0.013636519089319492,0.5571744706225076,0.001174076233467858,0.0027758870307967266,0.0074215803759665275,0.1672648053552089
0.0041146213,0.004937747,0.0008,0.0024058728,0.0,0.0024695742796525338,0.0024798118464739024,0.0009908115585362794,0.0008180906854797167,0.003412749546477607,0.004014079176229567,,0.0,0.002753904533855393,0.002998296520515294,0.20624648317307911,0.0,1.3127141,0.015430909,1.4209523,-0.0032455034,0.0012101533,0.004,0.0003648805,0.03,0.00078112021070051,0.0023528005267513213,0.00015622404214009293,0.0005207466440904238,0.4033533881333209,0.003620054466019478,0.22038620839385215,0.0,0.0009172026801253651,0.0027125404803343294,0.22488782959796952,0.0,0.19433919,-0.031017587,0.2607712,0.0054831877,0.0008,-0.44982123,0.0027203434219025442,0.001990537835654452,0.0013976267769337481,0.0005280274976345396,0.003731707319786301,0.003502866799110767,0.0030020723392970923,0.0024270984883424974,0.54881597,0.024472456,1.1691823,0.1247799,0.0024214988,0.0,-0.11366666,0.015079121185090402,0.6155876197359184,0.0012657733044078867,0.00290556992318031,0.008001213285325832,0.22420752181684886
0.0043462557,0.006008761,0.1104,0.005859548,0.11,0.12126400002097176,0.8527306664289872,0.05451839879201598,0.1148592020762062,0.14746559962250794,,0.287140749155307,0.0,0.13203935903883438,1.1958636156997244,0.3245864919967822,0.404666540489088,8.924443,1.6063735,10.806296,-0.004611821,0.0031961724,0.0504,0.0030003465,0.04,0.07007680001603049,0.4399660799264201,0.04332607982446584,0.0006876798214606634,0.164967360398558,,0.24051808678370415,0.0,0.07661363330757284,0.7230409002984327,0.2571688658092776,0.27792598552222364,3.9446476,0.5108462,4.5809574,0.0066399975,0.0928,0.46008027,0.10569333429380649,0.8391180035837594,0.05382509066329494,0.0983300231848936,0.12995779960311865,,0.11607739912701445,1.1270744411590474,4.873977,1.574392,11.7458,0.7919383,0.006467513,0.11,0.4370667,0.15274257977562397,,0.07146150632466422,0.16220727261077109,0.13766916841462476,1.2654621951731346
0.004333466,0.006080762,0.0016,0.0033570433,0.0,0.002344933466350949,0.002751494929840214,0.0008864610037973761,0.001027712240520644,0.003249614068116989,0.35504704125662573,,0.0,0.0026508685662885003,0.0033944172761517038,0.2055051606118495,0.0,1.7077727,0.014821028,1.9034067,-0.0044293804,0.0010306871,0.0056,0.00048782863,0.08,0.0010947552586949314,0.002531599788379021,0.000266111862121943,0.0014652797802823304,0.4027875183865314,0.003196879412439472,0.2677999632112652,0.0,0.0012900822487429651,0.00275134257764932,0.2736028297589933,0.0,0.35459232,-0.041373447,0.4443251,0.0070653,0.0008,-0.6540817,0.0019328609393125592,0.0028137777594682703,0.0005321214847197098,0.0011792950990816469,0.0030076799155306162,0.004828010437937674,0.0022313300610525403,0.0032692947050374996,0.5697777,0.016261509,1.2612488,0.1490412,0.003455973,0.0,-0.23984715,0.009301367570050944,0.6043919702421713,0.0010334851888578812,0.002560731606499365,0.0065328729301194245,0.16975454144621321
0.00403362,0.007683256,0.07919999999999999,0.007427463,0.07,0.08023466687638448,0.7815680013002486,0.04053013343259954,0.05119519910660569,0.08785226689019038,,0.2560955705715781,0.0,0.08272383446311292,1.1490698624707723,0.2760053800715368,0.3901435955047874,10.323725,1.3365314,12.739426,-0.0010378786,0.0027207374,0.0296,0.0025496997,0.03,0.02772053333867684,0.10939039993838287,0.010156159445745834,0.00831231797534556,0.3009369600524998,1.171070293385833,0.22378359189066271,0.0,0.028633682783134964,0.41830104863217554,0.23551419327000958,0.08811089535132975,2.4533982,0.16013682,2.9199095,0.007924939,0.0696,0.27644423,0.0703129818988054,0.7759545236166685,0.033875976909224205,0.05918619922887145,0.07820773539873681,,0.07294817217878208,1.1127871263365872,5.300688,1.2230871,13.09841,0.94700164,0.0077155456,0.07,0.27412596,0.08652244782307676,,0.0426450837722529,0.08421839304891142,0.0775795391268943,1.2017321887229968
0.0039815144,0.005011643,0.1568,0.0046753227,0.15,0.19555200037749154,0.7351093334067345,0.10487423999295352,0.013190399354070874,0.24282346648421255,,0.33514286144191574,0.0,0.20946738318798047,1.0103336911566096,0.38279353500636687,0.3648787852246265,7.58461,2.1910164,8.422923,-0.0010438276,0.0019210745,-0.0248,0.0017723461,-0.01,0.04968000006011425,0.2887199999398858,0.012026666883745929,0.003759999899809513,0.28411999988728576,1.0423911110359683,0.21245536172546703,0.0,0.053719147345988726,0.545546098230659,0.23325125135144964,0.23997398592645006,2.2744281,0.1779782,2.5670512,0.0051709376,0.0752,0.29174465,0.11773408555595125,0.8039069733479373,0.03520253604898162,0.0030865259920883382,0.16122003661080844,,0.13769522836703915,1.0919893445874431,3.959145,1.3608636,9.191782,0.59479195,0.0048904605,0.09,0.3138061,0.1814756543648423,,0.06936464188303376,0.22743064056300966,0.15562928094254247,1.289666825689072
0.0039336714,0.0050002746,0.11359999999999999,0.004803693,0.07,0.15232640078014817,0.7029632002348835,0.08297792080531635,0.01897791853282005,0.20400256190255242,,0.2613880049440906,0.0,0.17158101107014487,0.9926762640436246,0.30371767890053464,0.39158177120695203,7.50207,1.7922992,8.289699,-0.0010790267,0.0020182438,-0.0232,0.0018571212,-0.02,0.05051360014352276,0.22465679991058002,0.003343634101543739,0.0004342398771665395,0.3264829866524396,1.0775212799939027,0.20129565299512236,0.0,0.05886952163430737,0.5020782536057178,0.2248898302510233,0.17953859267568598,2.312354,0.22051653,2.530861,0.0052280696,0.0752,0.3328873,0.12150035850545524,0.7383756081019738,0.05230948018492563,0.05276503280330418,0.16595207894802744,,0.13833409577075262,0.9847631321727424,3.9229214,1.4767971,8.801735,0.61966455,0.005058256,0.07,0.31860372,0.1654566837773867,,0.0553205815634513,0.18433659040526862,0.13812476943474472,1.1586380561018237
0.0039635138,0.0055033336,0.0472,0.0052901735,0.04,0.05191552062713863,0.2525962672902268,0.02931776147221899,0.03554517340995003,0.05847424051482635,1.439143936984095,0.2347876873718884,0.0,0.05395036368642923,0.45356029096475775,0.24805711312630047,0.06100115661754785,5.401017,0.6301891,6.0036697,-0.0015356228,0.0020410486,0.024,0.0018675324,0.01,0.02498720035617707,0.040493600178088535,0.014517440406973992,0.00043914677781131385,0.3777027840159904,0.145237973359984,0.21000569430077862,0.0,0.02635187289464425,0.058255618683932725,0.21672093154585645,0.0,0.8539486,0.09841256,0.92583394,0.005683917,0.0472,0.25274715,0.051749207881174465,0.2103966329196316,0.03778222567864868,0.026216826416099213,0.05843230161485417,1.3223265808161149,0.05380150361390515,0.4534436434418538,2.7214823,0.6600984,6.022813,0.6675228,0.0055112466,0.04,0.2841983,0.05814069923448478,,0.03250746933705948,0.04895419921943179,0.0521783165645936,0.5294972556049453
0.0040317257,0.0055535445,0.112,0.0053924895,0.13,0.1359722659060911,0.7711583988864007,0.07525055932974282,0.07343445255933688,0.17846604703543384,,0.3140820482249624,0.0,0.15181009359785558,1.1158575701517197,0.3542978554580354,0.3177466934873034,8.293132,1.7421266,9.562266,-0.0014037503,0.002219027,0.0192,0.0020479893,0.03,0.06717440032862478,0.28718464019909856,0.02815488026610592,0.0010323203264205032,0.4192,1.3294763519728283,0.24028504135999673,0.0,0.07296932616822119,0.5503026594710776,0.26198352612394255,0.18258009216386417,2.5022304,0.3134569,2.775023,0.0058147656,0.13199999999999998,0.3008795,0.15761840470777633,0.7423774797933027,0.10094943887664586,0.049482480253324176,0.19841657572284088,,0.17484103412295546,1.0726670104503442,4.331067,2.1644292,9.7129545,0.6897386,0.005648463,0.13,0.3022044,0.2002314034989223,,0.10301022539139516,0.1394265750950083,0.1777318507098879,1.1628512387013394
0.0039521456,0.0051594344,0.1176,0.0049415366,0.11,0.15220906660095526,0.712730879483592,0.06308543777279702,0.0015427189990189153,0.20597930594076538,,0.29471524662929965,0.0,0.1713728728355008,1.0941547881065765,0.34162217833860925,0.3773288579484493,7.597636,1.7940345,8.614412,-0.0030164619,0.0024064253,0.008799999999999999,0.0021684598,0.02,0.07344426751093797,0.3126832005966342,0.021835519581604512,0.0013021865822394818,0.24022272064820355,1.4373897613745128,0.23633067014327874,0.0,0.08043720675442391,0.5774790690695929,0.26194927990170114,0.24361743816152795,2.877151,0.36507684,3.1865063,0.005440086,0.1176,0.32261238,0.16037452042621078,0.7463522555478769,0.08222924399850735,0.0223966955142114,0.205798134187375,,0.1784251097582102,1.0452953564603402,4.0589323,1.9927955,9.067018,0.63829243,0.0052563203,0.11,0.34783393,0.20142538780532665,,0.08751279917664832,0.1323596579907814,0.17417313146363497,1.2177234469535034
0.004039305,0.0053091203,0.0936,0.0050628013,0.14,0.1214655971058944,0.7523663993425359,0.04015462390114772,0.026394623146166033,0.16871935868465343,,0.32494751204411876,0.0,0.1394713818228887,1.0559142547733713,0.36928159698338403,0.30395630012274827,7.8476257,1.5067099,8.99289,-0.0012297381,0.0020450149,-0.0056,0.0018640619,-0.01,0.05399999987476194,0.1829999998121429,0.022447999873759998,0.001327999915840033,0.37815999992485716,0.9839399999812144,0.2081025711734505,0.0,0.060687982476638855,0.4853554261009091,0.22698852721822776,0.16529557474180928,2.2537303,0.22718254,2.476575,0.005497115,0.0936,0.26228064,0.13126561794383446,0.7415429679981904,0.052373503355823324,0.07674131988774786,0.16882654828009142,,0.14865582900858973,1.0255971852829378,4.081801,1.6274297,9.244505,0.6510288,0.005283306,0.09,0.2961376,0.17130658730130324,,0.06288964911257877,0.17577334826689064,0.14807314741902197,1.1480042942857756
0.0041463585,0.0048467987,0.1568,0.004643112,0.15,0.20825706685331516,0.7798284804711092,0.10494848083048246,0.00869141361407519,0.2749363190738898,,0.3309686655375395,0.0,0.23314857294377211,1.079170613102473,0.3922883680927327,0.38513073257906166,7.6608744,2.2481422,8.406226,-0.0041453093,0.0025437502,-0.0112,0.0023652765,0.01,0.08660959913134794,0.59027306616705,0.032083842500751414,0.0012419205776987112,0.2339772784364263,,0.23711801887809308,0.0,0.09957891290815092,0.8639859421848419,0.26844411527094414,0.3637733250059222,3.6521482,0.47456428,3.9996767,0.005283115,0.156,0.43657437,0.21911527114543897,0.7807775051520162,0.12768626208487394,0.0350553493580173,0.27439643229225974,,0.24488735016466548,1.0799485307212002,4.2432957,2.5981278,9.0810175,0.6206111,0.005086793,0.15,0.42076266,0.2736896426292949,,0.12883180281473322,0.15833201628932952,0.24030817561972456,1.2378343616193068
0.003928461,0.008558162,0.1096,0.008375791,0.09999999999999999,0.10913813341162777,0.7068535998317018,0.06412096081705622,0.05269072108843537,0.11921647953977518,,0.2821668161079151,0.0,0.11284855667999273,1.0438728354132092,0.30532104700009266,0.309762949189299,11.362763,2.0678039,13.480041,-0.002590107,0.0035293242,0.052000000000000005,0.003338456,0.04,0.04903616008127447,0.19575616032173151,0.028556156296964216,0.004339039392695552,0.05873514728931677,1.3486810884588882,0.23190777965721823,0.0,0.05168008517878479,0.5110001063607468,0.24511841177992488,0.11608239904061557,3.4025335,0.37975618,3.926677,0.009024115,0.1008,0.34283856,0.10025839148603304,0.6725028515226251,0.06131651247086365,0.051098718715478844,0.11023225092319612,,0.10362304947659749,1.0068915072540499,5.92265,2.031942,14.023796,1.0953296,0.008872258,0.09,0.34093887,0.10630445553673276,,0.05533439760568562,0.08470681154067942,0.09662176973799035,1.0792920650418674
0.0040056724,0.0057572317,0.1976,0.005494333,0.14,0.21648213324665005,0.8444309328104376,0.12987571189269193,0.0031557115713710484,0.2608814077914234,,0.31572546440195676,0.0,0.23618493834589585,1.1695283129229095,0.36445232921099807,0.42196682305600036,8.900877,2.8404107,10.157814,-0.00265059,0.0026602547,0.0248,0.0025065688,0.02,0.0716618669802628,0.44465706733861043,0.023011413385432344,0.001058560281935942,0.32732704053065903,1.4335270406588525,0.227545672446942,0.0,0.07790284648609354,0.6925695130805959,0.25104976054160916,0.25580970008227893,3.3337467,0.40435985,3.7846415,0.006078771,0.0976,0.408085,0.1268649161273195,0.9110560119478017,0.05053494166712308,0.1660708553406439,0.16077381510748168,,0.14407876406262496,1.2693297139049107,4.746482,1.7164563,11.325145,0.71702313,0.0058897566,0.09999999999999999,0.38811457,0.1677829598688158,,0.060992380536160275,0.2800654835353608,0.15023200025964825,1.375456119126929
0.0039464612,0.031810194,0.0096,0.02865542,0.01,0.00792875812827251,0.07102661942306757,0.002243080643543999,0.0030444802489154265,0.010375988431180714,0.8510035210569776,,0.0,0.0089051551422629,0.11269210614474665,0.21587517656794555,0.0,14.71945,0.5359075,16.861122,-0.001966439,0.0131927,0.0136,0.011236923,0.01,0.004705173110376108,0.021795519380101262,0.002117423120913645,0.0016210032803280056,0.012221489036226649,0.08223967868890647,,0.0,0.009051340108647265,0.03180944977576618,0.2144549699385645,0.0,2.5296206,0.18765236,2.699295,0.033129577,0.010400000000000001,0.3017652,0.008446739540310636,0.06202779918404352,0.0025791854260891795,0.003440667060798826,0.011123557652024373,0.8250912031718522,0.00954253762504618,0.10312407525796809,7.403074,0.6007107,16.873669,2.2752326,0.030779887,0.01,0.3737118,0.018703540254323626,0.9319443005294837,0.003450223760589353,0.006592202648637283,0.014882435546542396,0.1107553826368802
0.0041278847,0.004332371,0.1376,0.004059999,0.09999999999999999,0.22543359901852453,0.7813167997389019,0.13137557287908547,0.008253439345680466,0.30297023954008934,,0.30241444374065723,0.0,0.25065019943465394,1.074100399361225,0.3622862108896608,0.38679056056189265,7.1366167,2.1015759,7.4775558,-0.0034542189,0.0021005403,-0.0464,0.0019766004,-0.049999999999999996,0.09251946731256094,0.43678613413752904,0.026711681379022727,0.007077920402089535,0.3193350410467902,1.4263210247381555,0.19165351312950377,0.0,0.105763012719904,0.7531410899580219,0.22840624304837476,0.3013162538304259,3.0231524,0.40832797,3.1392844,0.004682489,0.1336,0.42123905,0.2365138613164775,0.7726276200752765,0.1275686063182162,0.020784410196239476,0.2988782952588253,,0.262823918402144,1.0775966662960834,3.8744483,2.3450527,7.919249,0.540428,0.004408841,0.09999999999999999,0.40047303,0.26776510671581366,,0.11279831603987667,0.235690365625834,0.23083928003309467,1.2465008130188788
0.004217412,0.0047757453,0.20240000000000002,0.0045104786,0.14,0.2506624010066455,0.6738624010066454,0.1632174935643019,0.004426240415241241,0.30583616169996913,,0.32654021278450146,0.0,0.2719874556834961,1.0455958185556846,0.3798275930672984,0.38108872062541266,7.3825817,2.5343225,7.8279686,-0.004063013,0.0025853943,0.0128,0.0022631497,0.01,0.08914399942140012,0.350371999522843,0.014434399942139998,0.0013792003286252099,0.4128,1.4487276792964228,0.23085882046779715,0.0,0.0998139505905327,0.6485395306100562,0.2597171191699484,0.3242716390005745,3.1691525,0.48914754,3.4400861,0.0051046275,0.12560000000000002,0.4217531,0.18567760275988007,0.7503609365617071,0.11206966093676074,0.005553565088215046,0.2289936941549654,,0.20402268885871855,1.0623985856455846,4.0164957,2.158783,8.819029,0.6029884,0.004906181,0.08,0.41886005,0.18763866690691053,,0.06766206235429954,0.22245300207169905,0.16228760605112383,1.3631127175153666
0.0040487787,0.012405,0.017599999999999998,0.011770254,0.01,0.015450133596528666,0.13833386758942498,0.009095040432856695,0.012952064903158018,0.020167228106259153,1.4863107195337983,0.20610861594389715,0.0,0.017249695304381113,0.23908635643280537,0.2158923609115252,0.0,9.262539,0.44411376,10.916309,-0.0017507831,0.0045491047,0.020800000000000003,0.0042789145,0.02,0.012760532963296463,0.044281599038172526,0.002668158701532866,0.006672634806131643,0.01975125304759017,0.13175125304759014,0.2111065762819466,0.0,0.013787027177603113,0.05496108153280941,0.2238538572843219,0.0,1.6615434,0.12881061,1.897278,0.013012465,0.017599999999999998,0.30676076,0.015061935445671406,0.12857920468785852,0.008471652297270931,0.013546520379514723,0.020013305536567803,1.4335809915649294,0.016947303695624215,0.2054765769929681,4.6659365,0.45187375,10.988945,1.2081473,0.012461593,0.02,0.35050076,0.029127107000257765,,0.012785582912039857,0.028286195012566417,0.02476587224544275,0.2604553262766832
0.004177622,0.0056444933,0.12240000000000001,0.005417122,0.12,0.1387663999488814,0.8990656005159048,0.06501312078518032,0.0863252486492863,0.1628787200956311,,0.30010617051411037,0.0,0.15060703263425546,1.2918814062470512,0.338602174574307,0.45424134759660106,8.550109,1.7303118,10.315079,-0.0037477093,0.0026419116,0.0544,0.002483268,0.04,0.08026319982642004,0.44046320001427713,0.04610527862939584,0.0013052786293958527,0.2520737603233398,,0.2411078105651308,0.0,0.08599314205841424,0.6959588516377072,0.26017679084125417,0.3005943104454555,3.2414112,0.4723594,3.7465916,0.006061031,0.1288,0.3728964,0.14557123698709037,0.8923079260324237,0.08494022667886529,0.05874581137523849,0.17057458929103614,,0.15766853165299885,1.2455453843559499,4.571702,2.0139177,10.840641,0.7177725,0.0058231186,0.12,0.3756251,0.16695096998812417,,0.087377859705148,0.20397847632120789,0.15407725895406274,1.3769954791126757
0.0041368846,0.0046194275,0.1424,0.0043304767,0.12,0.19314377178860045,0.7476032000251661,0.08821375954868844,0.0031470916226043143,0.2630743041574391,,0.3080311614296876,0.0,0.22092620824090337,1.060721773985841,0.3628355346590611,0.3706993155742498,7.175461,2.0299988,7.8601794,-0.003758616,0.0024669077,-0.004,0.0022363788,-0.01,0.09672320093778354,0.39198720016831995,0.028996160238353105,0.0021282137266148836,0.27220882314485717,1.3823723523583773,0.21920572267412372,0.0,0.10655512757357664,0.6070884609069099,0.2491530710825614,0.27969530251699776,3.2358334,0.48759308,3.438352,0.0050224024,0.1424,0.40331644,0.21125207330857623,0.7452198962364662,0.11000234350479512,0.0031726903669155758,0.2631404103490164,,0.22842333065541218,1.0535799969241866,3.934852,2.3386216,8.396944,0.58044493,0.0047427043,0.12,0.42001787,0.24446599611918543,,0.1041772087288006,0.18655715818586813,0.2103917261383335,1.222495907324361
0.0040648836,0.005816443,0.0856,0.005643546,0.09,0.0915385601218039,0.8286585603588683,0.03304309332941857,0.09752928190004326,0.1002141157421263,,0.27141538840660684,0.0,0.09522519206185366,1.136875575987441,0.2989266975165884,0.3772867532353703,8.442108,1.1335864,10.350251,-0.0017835033,0.0022889292,0.028,0.0021451586,0.03,0.029974400360685285,0.2843744003606853,0.013251626820025104,0.0031182941546291816,0.3840387840159904,1.1941991314399931,0.22552360998773713,0.0,0.03204640074536401,0.466939202236092,0.23665608602091057,0.14012373710190734,2.3283422,0.1456338,2.7696936,0.0061439206,0.0856,0.32796782,0.09119401960850791,0.7821528305527564,0.04970177386211535,0.07660438884181495,0.10002102896853358,,0.09484567886569234,1.0895079515681207,4.37107,1.2154142,10.620678,0.72597724,0.0059398613,0.09,0.3171951,0.11019505453112544,,0.0550652717886728,0.1761223295922347,0.10359082106210557,1.1964818090488112
0.0041435165,0.00573781,0.128,0.0055128075,0.12,0.1541523196849205,0.8007512886038286,0.08013808022460689,0.0732920532000928,0.181842719352917,,0.3050513298412905,0.0,0.16570200339479638,1.165367334769895,0.34283264756459836,0.3980515528828682,8.659412,1.9630965,10.108431,-0.0041859616,0.0030181936,0.0096,0.0027678343,0.03,0.04436053196139159,0.46668159656146035,0.0012987729686404236,0.0012987729686404156,0.05976671882206083,1.4871667186342037,0.23629572231838075,0.0,0.050685886998086425,0.61917563353497,0.2551374422818376,0.2538837685464042,3.6338043,0.28167236,4.255489,0.006237999,0.0728,0.44911504,0.10134551898425843,0.8558285708803035,0.043837771175228045,0.12845929800649095,0.126409955231962,,0.11296397874763811,1.210895140486989,4.6891785,1.4044021,11.175333,0.7392936,0.0060499,0.08,0.4450011,0.1384248072656328,,0.056717183496313335,0.19429888248735785,0.12383747108498809,1.3216929910223068
0.0042354125,0.007244618,0.0128,0.0068893502,0.02,0.013478400052429378,0.2837568001845513,0.004026880877936674,0.056647041642090355,0.019213348447960694,,0.22012736624503898,0.0,0.015868242775609314,0.5382945948081921,0.22672511632868061,0.09285616241854674,7.01701,0.21894237,8.379698,-0.004246445,0.0033885278,0.0192,0.00315552,0.02,0.01486799976330003,0.06062399987977141,0.0035743991584009567,0.0014581328751288385,0.022442400004884303,0.8222424002126543,0.21315947978147032,0.0,0.017712870146173555,0.09674191352068134,0.2255534202326556,0.0,1.9805658,0.13003321,2.3109906,0.00783838,0.0224,0.4295784,0.022821160408274956,0.24929040024428664,0.013721100919824312,0.032421893545677864,0.028421085818615258,1.4519061210580837,0.0247891663509884,0.47577888097345156,3.6021676,0.41371152,8.457163,0.862538,0.007577629,0.02,0.42951044,0.0346304739643984,,0.014347606359017889,0.04656453197272424,0.026992648345431646,0.5590681207999444
0.0040970948,0.005428964,0.1064,0.0051802765,0.12,0.13233760056623803,0.8431750402853833,0.05373504211395539,0.10383376085533237,0.18220767925886022,,0.3008833378389818,0.0,0.15118314879011213,1.1799932595186953,0.3478635435919236,0.4111529423726281,8.310896,1.6488751,9.784782,-0.0032787195,0.0025447425,0.02,0.0023563532,0.01,0.07810640076119697,0.46122560264502555,0.04109503991343531,0.0024851205290051088,0.22812768087346014,1.5479830423645948,0.22475354200644596,0.0,0.08612197408708404,0.6404731843111302,0.2471971709491563,0.27884960204841386,3.2138968,0.42808604,3.5756786,0.0058027552,0.1064,0.3608877,0.14132686325464916,0.8031850447402913,0.063209982557072,0.08389792539927776,0.18235439975033174,,0.15922142765743597,1.1703024421682369,4.4551907,1.8648932,10.307269,0.6877748,0.0055892044,0.12,0.38489974,0.201275967742469,,0.0901166318591357,0.20665111967966782,0.17741480467634524,1.3149397708650659
0.004058726,0.03317821,0.0096,0.028879473,0.01,0.008185809885166827,0.05242239989933572,0.002231118347425718,0.002625076102275015,0.010335178069082577,0.7941209587492455,0.2100494674212602,0.0,0.009041776993094846,0.09061999089617158,0.21595602979596207,0.0,13.250536,0.5483948,15.285154,-0.0005738461,0.01279163,0.0128,0.01032026,0.01,0.0036195309220597664,0.014329599572521124,0.0012901728522399026,0.0021317911398477944,0.01127471158547337,0.05308390391035762,,0.0,0.009031986139074388,0.023242648659678494,0.21450784234584414,0.0,1.9444991,0.16679786,2.1223536,0.03419476,0.010400000000000001,0.27797267,0.008809023117863444,0.05063547228394874,0.002615482436922821,0.002668426190402837,0.011097645477753758,0.7438765284829706,0.009717757064265652,0.08081438924679975,6.63774,0.6194857,15.239649,2.2701921,0.030668091,0.01,0.34321317,0.018755140264707818,0.8882250173405354,0.004086033855064955,0.005673030255732276,0.015175938512481012,0.08720556712617171
0.004042621,0.0098650735,0.024,0.009436383,0.02,0.02358574485471959,0.16452159552046305,0.0125857262935373,0.049242877530369676,0.02888419494100608,1.2023859176964657,0.21797577134127633,0.0,0.025331633420278787,0.26146326671115544,0.22627403684743502,0.0,7.546832,0.53274685,8.468397,-0.0034447997,0.0043220464,0.0272,0.0040890384,0.02,0.02156586906589787,0.045174401463782564,0.011179521490832577,0.003979521490832578,0.02875392180823733,0.19116313743966498,0.21219063943777153,0.0,0.02275275697379343,0.06775643284549832,0.2247160320264517,0.0,1.6795164,0.21579629,1.7419822,0.01064976,0.024,0.38627496,0.022893472665742227,0.14191647256703108,0.012318499564991543,0.032214943603961176,0.028784362378798733,1.1661769020580268,0.024781185097593517,0.21996486078788066,3.8117573,0.5627924,8.512151,1.1715245,0.0102842385,0.02,0.4089024,0.031649808100670924,1.2743980315416776,0.012774041196434638,0.043097353727094063,0.025856336081454358,0.24469082811179702
0.0042335177,0.004996485,0.1512,0.004754903,0.11,0.1816767976092171,0.7320767976092171,0.09057535448861627,0.03672511835917224,0.23839129505415815,,0.290399987443392,0.0,0.20009089560247575,1.0670945370526375,0.339176410412486,0.3782228419637476,7.514977,2.0856354,8.360869,-0.003839921,0.0025482127,0.0048,0.002416836,0.02,0.0746240008115427,0.4071120005523002,0.03922986678422349,0.00536320078549342,0.4000021345569924,1.4958412805544943,0.23542253543486255,0.0,0.08079711997759778,0.6015985599887989,0.26259873764667624,0.22739865461130335,3.2826831,0.41128856,3.6108775,0.0054209717,0.1144,0.42564455,0.1533452948795441,0.7607426246383943,0.07313977647827787,0.06865885085837517,0.20340296484797676,,0.17306875716425954,1.0653731466036782,4.0999413,1.9264109,9.150993,0.6398361,0.0051978077,0.11,0.41580853,0.20413154050100735,,0.0799441197075953,0.18184560104419015,0.1729354360731203,1.217525181723112
0.0042960444,0.010973509,0.017599999999999998,0.0104335025,0.02,0.016166399735756114,0.17404373350110755,0.010702186011091406,0.04901311522853817,0.02091047413248125,1.2167180821869328,0.2178782861697766,0.0,0.01814663457050642,0.27725985417872967,0.2260575154418596,0.0,8.399358,0.4203216,9.58311,-0.0043837703,0.005261017,0.020800000000000003,0.004993306,0.02,0.012736914321537507,0.06435839930267247,0.002598613413752901,0.013097920307184225,0.020162557110908027,0.4797625574866223,0.21199537808889546,0.0,0.01428128915271509,0.08946580100785442,0.22374869125950766,0.0,2.2394762,0.14879651,2.4686415,0.011988329,0.0184,0.4144215,0.015965085860297268,0.15439412068606903,0.007219703915581158,0.03163668966977885,0.02148503185974596,1.2153852016685065,0.01816046622949907,0.23752577958251564,4.2950478,0.45300716,9.760037,1.1565948,0.011566808,0.02,0.4463684,0.029378449408803676,1.3705578156312026,0.012462013982969183,0.04129668192994758,0.024960114533333667,0.2523210299274135
0.0039426717,0.005583387,0.1352,0.005386806,0.09999999999999999,0.1628592008587927,0.8199026288441468,0.09619061431425079,0.037447894197370664,0.1878488533243155,,0.2840266531621436,0.0,0.17269505137911356,1.215895051516673,0.32319577967823376,0.4455858513601269,8.468279,2.012278,9.906284,-0.0010547345,0.0022418322,0.0,0.002050964,0.0,0.035534079727321616,0.2716175995807029,0.010723519690712054,0.0005788157269370779,0.38444672013706055,1.2711116800342652,0.210977227908309,0.0,0.04423135803141227,0.4447788148228271,0.2258773702622658,0.21385888437258235,2.4604626,0.16805214,2.8661194,0.0058318437,0.1352,0.29294887,0.1637201711134269,0.7783093661528652,0.0964552231653849,0.03730935550502933,0.1878347513081898,,0.17611076916401552,1.210596190812442,4.409013,2.157075,10.194014,0.686338,0.00563077,0.09999999999999999,0.29544416,0.15853207750730633,,0.07230773408097797,0.20138290350586802,0.14474513017675725,1.3496636305193261
0.0039781984,0.0051925927,0.0008,0.002584928,0.0,0.002461600025690359,0.0023217454965582525,0.0012143787673757288,0.0009587201059624575,0.003583004522977126,0.3375803740049887,,0.0,0.0028478148846814294,0.002843973903497495,0.20648587991318088,0.0,1.5578492,0.02974214,1.7005482,-0.0031404018,0.0009811114,0.0048,0.0003539736,0.11,0.0015904000712783728,0.0015888000846609352,0.0008666513446813496,0.000633280050796561,0.4032398081903459,0.002833173496109478,,0.0,0.22080103113201505,0.002135395429733605,0.30389570237675895,0.0,0.19632162,-0.032895688,0.2937387,0.006066546,0.0,-0.5620233,0.0020069843577652136,0.0025717311685745123,0.0008260870869560677,0.0010566470882759633,0.0030841465206869543,0.00416469221859574,0.0023921399385053973,0.0029903909696164313,0.6067995,0.027176367,1.2980852,0.13609639,0.0026053058,0.0,-0.12515606,0.01616815265086153,0.7259647602005633,0.0012776130323126722,0.0032158390602266772,0.008076051601711357,0.2566984211073718
0.004361414,0.0070001944,0.061599999999999995,0.006673348,0.06,0.062417920147976653,0.6912896036742414,0.0317644805070966,0.04992896194030144,0.06765354656348573,,0.2527219889703063,0.0,0.0639154547352995,1.0151284859744738,0.26628796403664584,0.34194729409750574,9.032918,0.98301244,11.0025215,-0.0047992184,0.0037553906,0.0248,0.0034703284,0.02,0.021506666549777762,0.22905999961489276,0.00881600040076146,0.004048001202284341,0.031107999526599636,1.372677332778946,0.21362499526688183,0.0,0.024209040504390256,0.4979484011670704,0.22575498585920695,0.16288192505440102,3.5308104,0.19609821,4.253506,0.007670415,0.061599999999999995,0.42114213,0.062039231341270124,0.63891975928107,0.0429827048718671,0.03748818663900921,0.06776176098203036,,0.06366025298950098,0.9439821305034914,4.843526,1.1020275,11.690772,0.90646595,0.0073767183,0.049999999999999996,0.45507368,0.06474834166866841,,0.04077138395671419,0.08463290944262976,0.0566658183510419,1.0924032204490262
0.004361414,0.0051646447,0.11120000000000001,0.0049633267,0.14,0.14904480153198552,0.8271379203226291,0.05708896071723484,0.011925974005547022,0.21400128032715976,,0.3169769191214558,0.0,0.16330886742487163,1.0399136085979634,0.37223448748124915,0.3386243076999634,7.974102,1.7212588,9.158565,-0.0049657947,0.0029304447,0.044,0.0027891528,0.04,0.12275253364442469,0.4103288006544942,0.0763457598920948,0.005261013478142166,0.2065491213032795,,0.2584459011041974,0.0,0.13537834432871437,0.6903711256237801,0.28913920203861426,0.2526210048242313,4.045784,0.8007607,4.2464437,0.0058485917,0.11120000000000001,0.4884573,0.15846238926066758,0.7566593600699165,0.05812215662389244,0.011987194204229482,0.21461425226960262,,0.1816556884494704,1.039847103945855,4.470067,2.1039548,9.946476,0.67940867,0.0055446518,0.11,0.47711992,0.21614886192351918,,0.08099789140623521,0.20851889198082768,0.18240915622549247,1.2060520252961353
0.004081937,0.007871784,0.092,0.007682308,0.09,0.09212586600116392,0.7246943997483387,0.04596710388564525,0.08065888057882112,0.10305983681397975,,0.27158624483546145,0.0,0.09671436725967861,1.0646073263763676,0.2959257632398738,0.31634237717880526,10.525633,1.5806482,12.699989,-0.003847853,0.0034237267,0.0448,0.0031436216,0.04,0.042483200158300906,0.27812480061316563,0.02200661447577204,0.0012066139665364195,0.053715712243438796,1.506344640464984,0.23297417430717565,0.0,0.045267743724327326,0.540738718367114,0.24576158621962366,0.15980854279394344,3.378861,0.30543557,4.0317783,0.008356288,0.09999999999999999,0.3421983,0.10011589124468574,0.7084606654980827,0.05690724676643968,0.050291199854049,0.11041607325512805,,0.10451159818532342,1.0199038511559455,5.524578,1.8755884,13.135601,1.005924,0.008173803,0.09,0.3485485,0.1073548862684067,,0.05483632933741518,0.08863351285453576,0.0984743911017381,1.0787437905919792
0.0040577785,0.005409069,0.0008,0.002926932,0.0,0.0020941037515675815,0.0029633777956037553,0.0008776435820849656,0.0013423468293024992,0.0030991146886562094,0.3569734374582203,,0.0,0.002446546134773689,0.003649698554446567,0.20598531976803336,0.0,1.5598619,0.031953216,1.6474944,-0.0013467376,0.0007986711,0.0056,0.00032026158,0.02,0.001777745371478477,0.0012443998857828804,0.00025775995431313273,0.0005155199086263044,0.4010396791776367,0.0030396791776367386,,0.0,0.39522348293091236,0.001414676831820266,0.21324974539572333,0.0,0.1724006,-0.034076728,0.24763235,0.0061763595,0.0008,-0.5037682,0.0024806722832774537,0.0024005509174965453,0.0011988067324180975,0.0008899522025901668,0.0034821888053809744,0.0046326111993206425,0.0027880195301463575,0.0029176515636249586,0.6414285,0.03928814,1.3286114,0.1510326,0.0029804353,0.0,-0.1897648,0.012954606158405255,0.5758108917948864,0.001161190210339953,0.002808300954121813,0.007340125666886692,0.20237935972767646
0.0042628865,0.005381595,0.0008,0.0026555075,0.0,0.00207597417736456,0.0027216761810317756,0.0008835519414259124,0.0012059199023765565,0.0030565295377386974,0.0045866130489391746,,0.0,0.0023858625193551235,0.0031791303863450008,0.2059336473917196,0.0,1.3410168,0.017414642,1.4415575,-0.0043322113,0.0013053389,0.0048,0.00047989658,0.02,0.0009558152607586635,0.0020036568805625837,0.0002106399634054469,0.0009475200302575082,0.39775321574482697,0.0033276797713654516,0.21037321340494686,0.0,0.0011270759848569015,0.002321712576689064,0.21497225340536186,0.0,0.24341816,-0.04251561,0.32397932,0.00617722,0.0008,-0.51315475,0.002389320010944539,0.002243766026025592,0.0011562075693194855,0.0008607879779560198,0.003410210978113537,0.0037358915345302086,0.002705163134715622,0.002673407237934592,0.52439654,0.030932702,1.1022497,0.12883261,0.0026881162,0.0,-0.15591858,0.013012214896354663,0.6046990934986339,0.0011567496990746663,0.002577248147880274,0.007312046664215686,0.18689286516954504
0.0043022027,0.013454224,0.017599999999999998,0.012767374,0.01,0.015545353771102327,0.24953791911314815,0.009144479947780473,0.04232597145763209,0.020400085417902572,,0.2069994441619327,0.0,0.017481648262734097,0.5589812740401656,0.2159225129175156,0.13316968555173606,12.600516,0.4945193,15.335247,-0.004608846,0.006477615,0.020800000000000003,0.0062148613,0.02,0.012926400028554282,0.09221119927862939,0.0030231774476978898,0.014181121731289449,0.020972030782999262,1.1893533843761799,0.21229928067915843,0.0,0.01430742935708463,0.1768297162110314,0.22396779184904145,0.0,4.3652997,0.21091333,5.1840496,0.014693023,0.0184,0.4331975,0.01570983008205917,0.22293432081349554,0.007454834954634225,0.04105516016075762,0.02093297592352142,,0.017768595296607872,0.5175882104258386,6.634514,0.5461042,16.089628,1.4093095,0.014186883,0.02,0.45345163,0.02920218862518901,,0.012318216621171274,0.044046165743281185,0.024677319190126567,0.5851967071961623
0.0039999885,0.0049339575,0.0008,0.0023215555,0.0,0.0023221332452520527,0.002346559826165293,0.000933302647185792,0.0009097786633198231,0.003455846265423861,0.004532692681251647,,0.0,0.002701681352452715,0.0029159114094000917,0.2061053211913588,0.0,1.199383,0.007973929,1.284055,-0.0014741484,0.00092608185,0.0048,0.00037826574,0.02,0.0013752888798717322,0.0018355199837691463,0.0008439466648632333,0.0008791039967538293,0.39888991996348055,0.003053226617974105,0.21001477369859442,0.0,0.0015507919558120648,0.0021514255204617217,0.21462849991424174,0.0,0.18851314,-0.026581733,0.23412319,0.0055655157,0.0,-0.604671,0.0019187723989096865,0.002671638477359863,0.000728094546229886,0.0012339444743165113,0.003051177221170201,0.004222587981040706,0.0022609227873056623,0.003063106051331893,0.43977565,0.006435867,0.93841946,0.113038905,0.0023501322,0.0,-0.15610364,0.013854653631540188,0.5657492620831593,0.0011986973939209378,0.003101118862749404,0.007577220564223239,0.19776318370022083
0.0044187303,0.010436344,0.016,0.010040812,0.02,0.014475199936036187,0.1577024002013275,0.00886255958759075,0.046100486331749985,0.019521737403197674,1.1902521624549518,0.21704866290018832,0.0,0.016392447789385915,0.2411773439221476,0.2260068937586292,0.0,7.552162,0.3315681,8.622229,-0.0050555267,0.005251102,0.0272,0.0050404035,0.02,0.020042056810143004,0.061273599032160196,0.009294718364893288,0.006989436729786595,0.02804198311088535,0.5123366388345841,0.21198281069298885,0.0,0.02169013787429117,0.07782534485505845,0.22400935808287084,0.0,2.2766583,0.25105718,2.4252627,0.011520619,0.0256,0.43733406,0.023146996776773857,0.13326109865721886,0.013481872146649131,0.030130904489143465,0.028966451385086838,1.039925948279321,0.025242218152001943,0.19599258730744032,3.9028032,0.6187495,8.657451,1.2816644,0.011234926,0.02,0.46523964,0.029440719000070458,1.2623854009782793,0.012174141981185826,0.03588800156884962,0.02491276388951,0.2093811285736897
0.0039824615,0.0051291184,0.108,0.0049822745,0.09999999999999999,0.15044992005838528,0.8270623998395664,0.07537663859069635,0.10772991577208918,0.19972821381736108,,0.29051468250912926,0.0,0.17046727214775137,1.1679027253851895,0.333546050618864,0.40702625607063786,7.932418,1.7794992,9.001062,-0.0027646148,0.0024024588,0.0152,0.0021793663,0.0,0.08350719925458229,0.3934357332905854,0.033950719324314926,0.0015507186654643813,0.16071295986053474,1.2831825919917283,0.2182446547350029,0.0,0.09310120978705641,0.5367012098334525,0.24330603591761354,0.2693475787620879,2.9627929,0.43634614,3.22567,0.005508735,0.0864,0.40184852,0.1355322245884377,0.8044665025827947,0.0713359749660167,0.09759824696226774,0.1780995130676956,,0.14929946324071855,1.079880190877236,4.2296634,1.7050955,9.582792,0.6593174,0.0053664204,0.08,0.39006084,0.17600725292060365,,0.06614271620281038,0.17299723756906074,0.1473902972872843,1.262643889698826
0.0042373072,0.003926892,0.0688,0.0036805733,0.049999999999999996,0.12806400050332173,0.39532800075498115,0.06050560203844898,0.0012352012499148018,0.1367167986661983,,0.2552833245405065,0.0,0.1305053984904932,0.650184447306557,0.28475181432657615,0.18784364816793783,4.9479313,1.038902,5.192829,-0.004589015,0.0019959337,-0.036,0.001802587,-0.03,0.022041597950103277,0.13724159795010327,0.009044160133153126,0.0004294398382926043,0.3633579508250307,0.7199979507032623,0.19343917263423982,0.0,0.02348746530389799,0.24908746530389797,0.20537635418356315,0.040883089100930144,1.6743077,0.08649699,1.8479478,0.004203689,0.0688,0.3649157,0.1280671976706454,0.3883340589179376,0.07843320147093259,0.0011734457328229704,0.13641653810865884,,0.1305127732897393,0.5703798241875069,2.60982,1.150464,5.3905144,0.4786259,0.003968838,0.03,0.4052261,0.10509016118272882,,0.04646977933006824,0.0944336750134332,0.09562013367798557,0.8258893466360979
0.0044750995,0.01339975,0.016800000000000002,0.012722373,0.02,0.014901661628404329,0.25817386758942495,0.004126079328066771,0.04310143740955896,0.019496604492757114,,0.21649948005814337,0.0,0.01660257062841979,0.5830102825338956,0.22589192009946013,0.1184520910567875,12.711241,0.46301422,15.470487,-0.0054630423,0.007021961,0.031200000000000002,0.006637746,0.02,0.023258310839186832,0.08473119921400586,0.012132481514878236,0.004264963029756535,0.03119692683868866,1.2375961585476392,0.21227702210684785,0.0,0.024589052386678988,0.16790049089712003,0.2238170234494048,0.0,4.886221,0.38512483,5.6462226,0.014668875,0.016800000000000002,0.41903567,0.01433343262249091,0.25735256082626023,0.0043804910702489,0.05075223566230347,0.019361496512690427,,0.016136976146133065,0.5431950304580659,6.799795,0.48449537,16.507809,1.3571141,0.014349856,0.02,0.4808865,0.029127779342256306,,0.011752935810991332,0.04865712236473967,0.02452814101432743,0.594485901591046
0.0045343107,0.0044588465,0.0016,0.0021614488,0.0,0.0030835478919041177,0.0018826000106169428,0.0014747733081671866,0.00040162132489989926,0.0038909317108650155,0.003877360549407123,,0.0,0.003370353791405341,0.00238006039347612,0.2060519555940031,0.0,1.1695417,0.007205862,1.2345557,-0.005390166,0.0009999503,0.0048,0.00044717654,0.02,0.0009220568960205583,0.0012649141573887659,0.00018441136610167634,0.0003227200205891386,0.40253930645640024,0.0031454169486758495,0.21032473045408648,0.0,0.27365330564587037,0.0015085594848256857,0.2154857274543112,0.0,0.24936776,-0.0329146,0.30538878,0.004748433,0.0008,-0.50190824,0.0025718299488572487,0.0022743871347247553,0.0013763071681861675,0.0010263316289706205,0.0034610151131483236,0.003806753041679039,0.002830922578520813,0.0027366435777413196,0.45266348,0.011440048,0.94646966,0.105022915,0.002183055,0.0,-0.14080967,0.013828337364628282,0.6128100498150791,0.001215462534458922,0.002825725537706714,0.007683180804863739,0.21495414797878484
0.0043509933,0.010800136,0.016800000000000002,0.01026013,0.02,0.01486000010813559,0.15827200125830682,0.00444800377492038,0.04259840207369285,0.01981066610479902,1.2316213326098082,0.21659731502001395,0.0,0.016879925298766512,0.235813009139759,0.22591543645013218,0.0,7.7968216,0.3667306,8.915796,-0.004880028,0.005199543,0.0288,0.005028506,0.02,0.02139520043883422,0.05118080098587501,0.011742464776773067,0.004956160490533855,0.028605441774575,0.3573027205115729,0.2120171870070512,0.0,0.02281497877944935,0.07880748902104513,0.22397044007166114,0.0,2.2262158,0.26003283,2.381513,0.011747685,0.017599999999999998,0.4292908,0.015190985645132375,0.13980555499345834,0.005214226627572043,0.035019469478143654,0.020305039415665894,1.1807886775519947,0.016950453232983408,0.20538923553589192,4.0079784,0.40330857,9.134312,1.1061686,0.011426116,0.02,0.45569754,0.02922117304840512,1.3332102239825347,0.012109752511519077,0.0361306081007817,0.02468410887353436,0.21685224475104992
0.0039601983,0.009769862,0.0328,0.009585122,0.04,0.03219999984271203,0.6038666659676092,0.019799997797963077,0.054499997326098074,0.03914999986237294,,0.23371958618537067,0.0,0.03469332380848514,1.000519956430359,0.24608151836849648,0.3018776529394996,11.60624,0.724154,14.448618,-0.0015827201,0.0036993697,0.017599999999999998,0.0034514896,0.02,0.012769600183348712,0.08176960010369716,0.0019939203486624138,0.0019878406973249164,0.022545280080853717,1.152727040107805,0.2130172028083621,0.0,0.01396467595199556,0.10556972224998468,0.22521305114922968,0.00838819405945673,2.7243316,0.109334186,3.2857811,0.010262557,0.0328,0.31112126,0.031994684672266425,0.5783775049591638,0.020094506952721528,0.05099326712657619,0.03907011706101344,,0.0345110550203472,0.8870484654182399,5.941512,0.76318973,14.729515,1.2025939,0.010072276,0.04,0.31228462,0.05438838813193229,,0.03058361170086776,0.045752523232342045,0.04620548235768481,0.9963561863059505
0.004392678,0.014192707,0.016800000000000002,0.013600593,0.02,0.014605226471154174,0.19796959942747266,0.004387837206558925,0.04279392022397684,0.019536319735126928,,0.21596772192213323,0.0,0.016201341011321847,0.41187113633847316,0.22585631690516472,0.030484371019239776,12.187457,0.4850765,14.63833,-0.004999506,0.0073020663,0.020800000000000003,0.0069823004,0.02,0.013033279581123497,0.08073279831680193,0.00275663848181257,0.01487551827351536,0.020809759101441887,1.0917463458229282,0.21217142793487015,0.0,0.014548402273401598,0.12749680468619548,0.2237964731672232,0.0,4.2965136,0.22713085,4.994793,0.01558318,0.017599999999999998,0.42564917,0.01474438531212477,0.18025591102591335,0.005224993087721759,0.04182746123213867,0.020064176743207554,,0.016482376712630184,0.3755754056750535,6.4370317,0.53909993,15.393649,1.4676744,0.015288188,0.02,0.47429577,0.029147593221720104,,0.011749258167055743,0.03934627103823968,0.024395330814719854,0.4050841053641874
0.0039014604,0.0084075285,0.0816,0.008180157,0.08,0.08189960039046719,0.7284793612844775,0.04163983956588418,0.056479680391331874,0.08957632051698315,,0.26477455490749136,0.0,0.08422048521206406,1.0527349511885427,0.2856060135375734,0.33756813655101275,11.045748,1.4994079,13.453396,-0.0022673663,0.003082643,0.032,0.0029463086,0.03,0.02914879996994291,0.15984959989580194,0.017994879846708774,0.006379519386834985,0.3378052267732693,1.234353920079952,0.22315355814936802,0.0,0.030518454687885107,0.4838517882252902,0.23519366795908989,0.12716925700066023,2.943706,0.18865299,3.547791,0.008833747,0.0816,0.3119038,0.0816233506280487,0.6766649537903375,0.04220503109003093,0.04224676657279716,0.08942329993963068,,0.08402138242519568,1.0522536535812725,5.70807,1.593085,13.815067,1.0505008,0.008565364,0.08,0.30104455,0.09559783224655846,,0.04989899774607864,0.08259890200561072,0.08635322778254327,1.1436574855865038
0.0040776734,0.0050931177,0.11120000000000001,0.0049154838,0.11,0.14720319923872588,0.7989354665100775,0.061227091764644234,0.14052031937336443,0.2009105069390195,,0.29284393488039556,0.0,0.16494899324271453,1.0781489940291547,0.34262419707987446,0.3413593115052849,7.8949957,1.7350081,8.975365,-0.0012936913,0.0022329083,0.0296,0.001982549,-0.01,0.10120319995792001,0.2624042671101763,0.0656965121254224,0.0005765121015690949,0.4224686080896905,1.1046476801494842,0.2119792453373563,0.0,0.11182125491919988,0.43516425099055567,0.23402429108539008,0.20857060521030554,2.586758,0.46898812,2.672029,0.005342498,0.11120000000000001,0.30674526,0.1530884694998476,0.773415427126961,0.07690891472944995,0.1287258406362186,0.2009668499508753,,0.17243288922936337,1.022912152256959,4.1537795,1.9083953,9.282108,0.63983524,0.005201141,0.11,0.33296296,0.2059020626599559,,0.0791605659762832,0.18118792875866813,0.1764479302659082,1.17825890313561
0.004004725,0.030330863,0.0096,0.027408192,0.01,0.007722479833715169,0.06305983950271637,0.002120708156290493,0.0033046963144717613,0.010257788551887916,0.9690728536132363,,0.0,0.008717366414200796,0.11072028440142276,0.21581485508496545,0.0,14.227406,0.4893668,16.480158,-0.001649152,0.01188389,0.0136,0.010047096,0.01,0.004411377960940763,0.021392267047724487,0.0018179709869805265,0.0019377322795664704,0.012090925737000317,0.07091823989164402,,0.0,0.005451759643908007,0.031244098943134735,0.21440801372721863,0.0,2.4654202,0.16913088,2.7395763,0.031543333,0.010400000000000001,0.27816197,0.008293259195881501,0.06066600987235435,0.002423482655864564,0.0035839869887294928,0.011021427264468229,0.8967681588714377,0.009356425534106302,0.09997188667487766,7.178753,0.5527019,16.56828,2.1444466,0.029191663,0.01,0.351362,0.018647295505253823,1.005673232777231,0.0033182086497056673,0.006499747220566748,0.014777756230320734,0.10473414289741408
0.0040762527,0.006515609,0.09119999999999999,0.006394818,0.09999999999999999,0.1032159962250796,0.8646039994416275,0.047200533101246216,0.10928064022548822,0.12187146562961422,,0.28070313139606057,0.0,0.11231170876059123,1.2030822784246058,0.31340252546864006,0.3969780635225827,9.575411,1.4372329,11.688307,-0.0013660725,0.0027390805,0.0608,0.0024664118,0.02,0.07608000015028583,0.27976000020038094,0.0394839999248572,0.0008560000200380973,0.35855600003381427,1.3999648000270515,0.2200531922051293,0.0,0.08157589152758823,0.4471839276800267,0.2347785020517696,0.1743839913705662,2.8196416,0.4451192,3.1315994,0.0069323215,0.09119999999999999,0.34849268,0.10404704298114138,0.8212204470771413,0.04749560665540794,0.08015491786042331,0.12182572615925412,,0.11236958686018032,1.1463908597438666,4.981337,1.5617102,12.013187,0.8269213,0.0067484267,0.08,0.3380906,0.11619432405921004,,0.04363164022277374,0.14776779810374413,0.10417509539775871,1.2571993163784243
0.004467047,0.0045853215,0.0008,0.0025034528,0.0,0.002313142989821199,0.0028320001642786192,0.0009463464280920562,0.0011795200196295544,0.003515106012101933,0.4015513598882626,,0.0,0.0026891425537866782,0.0033734595380298196,0.20626411110903087,0.0,1.6046257,0.019928128,1.7616541,-0.0050480906,0.001091666,0.0056,0.00061077764,0.06,0.0017607111517810154,0.0007829332255729432,0.00028185593767352657,0.00015658664511458866,0.40559999999999996,0.0026967035592903215,0.24149677992113044,0.0,0.0019675943023572924,0.00163611536490021,0.2552906303290616,0.0,0.44432572,-0.03381197,0.5625648,0.00525378,0.0008,-0.50995564,0.0025984654052183483,0.0022868865516824186,0.0010952415686292624,0.0007665791822691638,0.003813051401834127,0.004313385343456986,0.0029543377468483414,0.0027470399612029833,0.5917853,0.030207023,1.2670164,0.1251502,0.0025227382,0.0,-0.1237282,0.014587891859617272,0.7280831781928174,0.00121835085170936,0.0031019924038235363,0.007701446212317861,0.2757649820263988
0.004419678,0.0048103244,0.184,0.004606638,0.14,0.20857920022146162,0.8070986667225912,0.11629973271536646,0.018966400780148163,0.27149759902271636,,0.31568747296606503,0.0,0.23027069466770234,1.071027592833775,0.3693416100948866,0.41728801622971545,7.458372,2.2961993,8.420555,-0.005161124,0.002753953,0.016,0.0025680426,0.03,0.07819199903817134,0.4878439993274716,0.021955196272918556,0.0005925330831912398,0.3433991991283438,,0.2410600005635708,0.0,0.08887314485690521,0.7780182865384125,0.2711318053485029,0.2934569115908271,3.727503,0.46369505,4.1983523,0.0053140055,0.184,0.43890777,0.22024262616960463,0.7613604869602819,0.14206644284866943,0.019021549607455404,0.2713053456620793,,0.24216438233464527,1.0708915946967859,4.1677227,2.688368,9.14249,0.6229342,0.0051402138,0.14,0.4596772,0.23019326894788142,,0.10602988218200565,0.20636640998315514,0.20377060363309973,1.322522060976254
0.003990514,0.006542136,0.0944,0.0063242395,0.09,0.09909920038692857,0.8222790410459029,0.047809761314930616,0.09281952262986119,0.11605019464389438,,0.27180152722933754,0.0,0.10765467888898611,1.1559746784055782,0.30088070019690144,0.396995675715568,9.278764,1.4234697,11.370817,-0.0012594839,0.0025705216,0.0504,0.002285459,0.049999999999999996,0.05714800040201422,0.14795840032942614,0.028918402765253995,0.0012592013826269908,0.3616379430130106,1.2654931202182147,0.24655445021552425,0.0,0.061444072515365905,0.48764407259894527,0.2605148907692828,0.13148168117417783,2.5256555,0.31676167,2.8704572,0.006809354,0.0944,0.28107697,0.10033495620196554,0.8077349109523398,0.049064675707585506,0.06712916749094308,0.11603195888993473,,0.10758037980426506,1.155794198044103,4.807616,1.5201784,11.674831,0.8123114,0.006604556,0.09,0.2923924,0.11731826745535678,,0.05498569896687641,0.12581376375562417,0.10670262193004255,1.2535400963713903
0.0042988867,0.0066482425,0.0696,0.0063900817,0.049999999999999996,0.07150400023068929,0.3329120018874602,0.040182405410719185,0.039260801644183226,0.07876741823433422,,0.24164023677151544,0.0,0.07339489979600662,0.5407898003784534,0.25678820172405326,0.11358957003419173,7.103933,1.0656089,7.946036,-0.0039871614,0.003067274,0.0248,0.0028813637,0.02,0.02134262807223481,0.07259839757739252,0.011159678838588934,0.0013198932969975372,0.3352874231495515,0.8047481593038768,0.2135448261594096,0.0,0.024045989451872175,0.10145748699189801,0.22568903884272526,0.0,1.8713737,0.15960412,2.1302848,0.007017922,0.0552,0.37515938,0.056694077830833745,0.3102854844837332,0.035898777500385955,0.0351584762258952,0.06426260625638106,,0.0586209288818844,0.5549202871552628,3.6477795,0.9079341,8.267834,0.83262205,0.006831329,0.049999999999999996,0.3613841,0.06682288484550745,,0.03847595387658202,0.05677111306311956,0.0584016518630392,0.6197792398893376
0.004025094,0.024566997,0.0096,0.023517773,0.01,0.007558720052345462,0.09858079494156692,0.0024156931552079186,0.011599547898817564,0.010964746594250119,1.2217654386951409,,0.0,0.00878501229542453,0.15170773911249544,0.21576933653770788,0.0,14.189035,0.3987342,16.668804,-0.0018876132,0.009271725,0.0136,0.008352089,0.01,0.005323093200173525,0.031480800270513976,0.0020335709484384096,0.002794880072137061,0.012702138239090709,0.1095308801574994,,0.0,0.006808611652618674,0.04175342736002271,0.21448292981045797,0.0,2.6084476,0.13734965,2.939864,0.025442202,0.010400000000000001,0.28039688,0.008204432536668355,0.08975045808495784,0.0028426201884564762,0.011486725306000388,0.011706375026123624,1.1391336606348357,0.009439515608494502,0.14436570406746288,7.1783733,0.45053887,16.807384,1.8758663,0.024956822,0.01,0.34124598,0.018777140473425574,1.2235739364428495,0.0030472870382079265,0.009737072859126807,0.014665468297798297,0.14371305654847666
0.003909987,0.005852917,0.0784,0.0056137033,0.09,0.09513417137875285,0.8998463997399503,0.04435392067193315,0.051176959504228105,0.11099264025669409,,0.27885036273856656,0.0,0.10375741678683717,1.2621935409421812,0.30606134383621025,0.4449249297232294,8.768007,1.2287024,10.758217,-0.0015341353,0.002349412,0.031200000000000002,0.0020494766,0.02,0.04979119945822013,0.16076479855124465,0.020316479103695384,0.00037911998339343155,0.3528193276105797,1.2812241595132245,0.2229397837320835,0.0,0.051585981054914964,0.43118598104833106,0.23595824747771382,0.18212407343693265,2.356724,0.24596484,2.7026415,0.006139435,0.0784,0.30671158,0.0956797636423144,0.8677504211316522,0.04746246179352565,0.05095739530700127,0.11078851256330118,,0.103487368005073,1.2254917941738348,4.535187,1.3146651,11.024694,0.7265649,0.005909874,0.07,0.32301605,0.10832328361514919,,0.04827602638394474,0.1971858351218279,0.0993340072449093,1.3289448562357655
0.004076726,0.0076401504,0.07039999999999999,0.0074743587,0.09999999999999999,0.07125897176343438,0.7686064012551634,0.030780639887067175,0.09010751951681145,0.07891288027824253,,0.28575986112697604,0.0,0.07375034220712468,1.086051027212551,0.30600025059047453,0.32063663603529374,10.34137,1.1812632,12.690636,-0.0027928734,0.003174359,0.0328,0.0029016905,0.03,0.02937792048235683,0.20144480147730826,0.012048961226329993,0.0006829869288985679,0.2641101604205745,1.2526203208411488,0.22337492618900887,0.0,0.031301266015820235,0.4286345995795496,0.2352619471345118,0.1374802113594643,3.01175,0.21068479,3.6024494,0.008040244,0.0712,0.3396412,0.07114043294991784,0.7401491769376465,0.03566092807323957,0.07653379684953829,0.07955054748818316,,0.07413414963255331,1.083800151258963,5.376986,1.2867426,13.094265,0.9687903,0.007860095,0.08,0.320377,0.09608162086367422,,0.05350108177606039,0.09485343240257346,0.08730133370631811,1.133427716321709
0.004217412,0.0057231258,0.1016,0.005552598,0.16,0.11933120156029425,0.9007328002579523,0.04986624167354803,0.10871082801612726,0.14319744060734196,,0.3388300695527485,0.0,0.13027976620649298,1.3182196494870329,0.37960626996427865,0.3891509455334056,8.695888,1.4933883,10.559385,-0.004271729,0.0028560804,0.052000000000000005,0.0026800854,0.04,0.08054506680826921,0.49881760033213146,0.04264351940005786,0.0005267201325949292,0.38894792026500996,,0.24213677022841598,0.0,0.08376884629067263,0.7164532695445687,0.2610520545467516,0.2908975364607584,3.499827,0.48838145,4.0376034,0.006214632,0.1016,0.40038395,0.12654492677593426,0.8743743646068411,0.059223278543030757,0.10056456285785892,0.14312317252973658,,0.13351269993854406,1.2359882880853983,4.686138,1.6892087,11.222062,0.74074095,0.006020386,0.12,0.39883915,0.16736008627853283,,0.08720818734637917,0.19701143900409576,0.15548753004735621,1.372976498837642
0.0042671496,0.027996043,0.008799999999999999,0.024303624,0.01,0.007614824240210327,0.061989484185833305,0.0020250101671028917,0.0028967499928194617,0.009819387125737968,0.7775068793463108,0.2102379902614591,0.0,0.008431963457674874,0.1005573380884913,0.21606169129190392,0.0,11.783281,0.44604945,13.451027,-0.004718905,0.012536807,0.0128,0.010761982,0.01,0.004462933498218217,0.02214684525071845,0.001961520438833759,0.0022522884680893696,0.011793864182597098,0.10028629203379674,,0.0,0.009875220937698622,0.032443487802542845,0.2147967748081789,0.0,3.1184604,0.19791351,3.539114,0.029352104,0.0096,0.30515578,0.008201465735674447,0.060041065303430084,0.0023180127352811723,0.003024336609755598,0.010545110828574433,0.755084816639541,0.00907735835567696,0.09180787173955958,6.087906,0.51199937,13.868521,1.9523942,0.026579814,0.01,0.41686186,0.01885765850842766,0.9085306023208116,0.004396745898866357,0.005978746644008488,0.015329664232341784,0.09864395461105284
0.0039014607,0.007815416,0.045599999999999995,0.0076827817,0.04,0.04728853353466188,0.1604793596491849,0.035439837678424006,0.03178645079771198,0.05207927962077852,1.2390342388650117,0.2374512061010658,0.0,0.04896232361224925,0.3069495767678696,0.24665102394060057,0.0,6.584176,0.86051804,7.1080775,-0.0011826408,0.00305141,0.017599999999999998,0.0027390802,0.02,0.013415999977457158,0.050128000051526525,0.0018464000681295148,0.0007878404385939863,0.0212631999391343,0.1181263998782686,0.21256465587918189,0.0,0.01445024676970661,0.06602512303273712,0.22536813005578668,0.0,0.983838,0.08426452,1.0378759,0.008186002,0.0328,0.32548428,0.03370625824219637,0.16053791983544888,0.022694378220225554,0.03504693428941662,0.03918864198582368,1.2430006348473035,0.03598600373066811,0.28120254309030784,3.27654,0.6441411,7.2272887,0.97420883,0.008003601,0.04,0.28409493,0.05538997064607884,1.4383197609880571,0.033531208605611346,0.03425831281760475,0.047380254403411544,0.3093073916456388
0.004358098,0.004990327,0.124,0.004791377,0.16999999999999998,0.14971199874169322,0.8037024002164284,0.06891413178142165,0.06617119857182739,0.21325632060952238,,0.34777381852397127,0.0,0.17180669891059824,1.0598066989105983,0.39868384539410895,0.3365750020167074,7.6283083,1.7421571,8.753796,-0.00469957,0.0027881605,0.0392,0.002587377,0.02,0.10409919907123448,0.4677593592117815,0.04349983960745344,0.00119978589292893,0.33773141188257694,,0.23279138255344406,0.0,0.1137174300454445,0.7375104579158621,0.26187660996854745,0.2948929478653591,3.7123823,0.62496907,4.05768,0.00549132,0.1368,0.4556308,0.17388329715241715,0.7703767199956529,0.09772629450639524,0.0530951026413508,0.22599733141618394,,0.19545600864430726,1.0466249240647412,4.2418256,2.2388372,9.407261,0.65461063,0.005305651,0.11,0.47023022,0.20431752827535446,,0.07528909436694406,0.20315900290998296,0.17203653819481263,1.2291599673488107
0.0041274107,0.0048065353,0.09999999999999999,0.0043731085,0.09999999999999999,0.1593568003439363,0.82143520020762,0.04323136027850451,0.0036156790906660095,0.23041557341358526,,0.2860536721741487,0.0,0.18186260432805376,1.167570083293391,0.3485217262159802,0.46089482548135713,7.465714,1.696156,8.430147,-0.0042162035,0.0023047938,-0.024,0.0021040104,-0.03,0.0868767989179441,0.5582922666720103,0.01948767922993543,0.002325119126340046,0.37369456020303593,,0.2001060159565439,0.0,0.09460393111140925,0.8167346436424149,0.23392768927726842,0.39298247471374365,3.2907388,0.40948686,3.5832376,0.0051578516,0.09999999999999999,0.37121552,0.1714591505709668,0.8214760853104494,0.046377621311458464,0.0037718379370664094,0.23043974322776767,,0.19396214641525986,1.1675018410028273,4.0754566,1.9553561,9.022591,0.58283806,0.004774273,0.09999999999999999,0.41286832,0.2342841776609156,,0.08440369645464216,0.2387706412405699,0.20389222432878515,1.3543094772485325
0.0039890935,0.0055961767,0.1416,0.0053735417,0.13,0.16090239923243435,0.9278512000094373,0.08938047831386893,0.07876096008053099,0.19444863777028915,,0.3133651220582789,0.0,0.17829719037113717,1.2750971915397518,0.35204429550209204,0.4587597377991795,8.628979,2.0748515,10.230406,-0.0031860117,0.0026999153,0.0376,0.002447077,0.04,0.07231359992786278,0.3951424000240457,0.02908544080793813,0.0006970878697684618,0.3216422398202583,,0.24523859571933174,0.0,0.08014406073743985,0.7261664364592776,0.2651894511869786,0.29349106094314226,3.2479792,0.41807732,3.7260168,0.0059921737,0.1416,0.36558637,0.16818255147127947,0.906307049832267,0.10413579374478249,0.03261082222534025,0.19393678800856531,,0.17889099606263784,1.228308667441143,4.6099343,2.2974377,10.758667,0.71137214,0.005785535,0.09,0.39270675,0.14729760618912302,,0.06136780831802859,0.24657145799541702,0.1328363285518909,1.4186776787722248
0.0039744093,0.023374245,0.010400000000000001,0.021891596,0.01,0.008722370506729884,0.08015199716880973,0.0033278861055155177,0.0033686859217781666,0.011550618090162152,1.1178271979867092,,0.0,0.009700652935369954,0.12787624563012182,0.21583231787722892,0.0,12.379301,0.44990134,14.525829,-0.0011851196,0.008445291,0.0136,0.0073174345,0.01,0.005009333865177495,0.02251200480913736,0.0022902411335153374,0.0017628004260603137,0.012582600055042121,0.07173040028347631,,0.0,0.006265119364572638,0.033105438007943126,0.21459980070144372,0.0,2.0455105,0.13427196,2.3398688,0.024267687,0.010400000000000001,0.2721924,0.00852168904367786,0.07933344988654661,0.0028722840478196303,0.010640869320116974,0.011487064167023482,1.1052660054038554,0.009549586996145262,0.11746208988466231,6.2367325,0.45290884,14.635397,1.7439783,0.023082172,0.01,0.32258227,0.01877135304030062,1.2313190232026263,0.0033775179135516,0.008991290334985436,0.01488069299580772,0.11919321635130467
0.003966356,0.005737337,0.1104,0.0055004912,0.12,0.12817919948409626,0.7892895999182101,0.06907583769479106,0.0319172239727787,0.16164127993142244,,0.304642282158935,0.0,0.14524999065264796,1.1622499904068948,0.34097617189170165,0.37890254659868355,8.26175,1.6776394,9.681873,-0.0023308236,0.0024644285,0.0392,0.0021768871,0.03,0.07371786657540984,0.2367768000232943,0.022790720601744488,0.0004544914492801851,0.41543882649423886,1.3183665917930867,0.23498420844913065,0.0,0.07801842267124616,0.5668184226712463,0.25418758586443724,0.21392451592706066,2.643646,0.37524348,2.973575,0.0060458686,0.1104,0.32084855,0.13180536884552913,0.7709167125707224,0.07694951280518561,0.031831598208834834,0.16162168431183152,,0.14552766132583267,1.101428178715546,4.336935,1.8210238,10.053808,0.70953417,0.0057783723,0.12,0.31138512,0.1759485993385703,,0.0937530041735034,0.10656218471270558,0.15976042046386268,1.2496785576416707
0.0039824615,0.0090370625,0.06720000000000001,0.008738638,0.06,0.06690495984044706,0.6970496040265817,0.04610496209380599,0.04145247988675239,0.07474892834195666,,0.2522433735189481,0.0,0.0692635695722979,1.0663162834538384,0.2659994695770461,0.34354208412627374,11.427185,1.3780465,13.967941,-0.0022197731,0.0037786914,0.0256,0.0034192645,0.02,0.020741485816111984,0.10279040049293751,0.00921952028854821,0.0020390405770964824,0.0303513595353169,1.319180543955275,0.21354850927207392,0.0,0.02300589124279918,0.34712706940030225,0.22536158999496228,0.07764905743207767,3.128501,0.18299928,3.7690241,0.0095370915,0.044,0.3792446,0.043360680138153064,0.6726134025773982,0.023781010741467982,0.051914582232443704,0.0514821125340728,,0.04576668084260105,1.008733442184531,5.8867264,0.9353449,14.599369,1.1251969,0.009255166,0.04,0.36404005,0.055053803254725225,,0.025934376534351884,0.07228915933132513,0.04645170093715962,1.1072480428966271
0.004359993,0.009725334,0.06319999999999999,0.00956428,0.06,0.06152213338366546,0.5669664001509963,0.028913280624121764,0.07344661276961632,0.06849623246596143,,0.24842036807343992,0.0,0.06368245325630319,0.8951649071834928,0.26531911444508777,0.2433203974192968,11.8216505,1.3268507,14.149483,-0.0046514813,0.004847056,0.028,0.0044231806,0.04,0.021928639862218095,0.18494773287713265,0.0035643204920357673,0.0031286423528792953,0.03047887841688912,1.4277577565374213,0.23235245793535278,0.0,0.023851183579214102,0.4244883876079547,0.24429582161124758,0.06702068057221916,4.194014,0.228966,5.035569,0.010629225,0.0648,0.41538337,0.06255658764455556,0.5158423014948896,0.040416930832901286,0.05990543777318924,0.06982266741046678,,0.06477330119506346,0.8239935275997481,6.254407,1.5029523,14.833067,1.2786496,0.010447863,0.06,0.4142233,0.07152325800117915,,0.037843226975821626,0.06997076598676726,0.06479113173479505,0.9166022721236017
0.0039185137,0.005193066,0.10400000000000001,0.00500359,0.13,0.13428160008808113,0.8055763199803705,0.06172326404268169,0.01115408038598485,0.1709156263934746,,0.3165828174872587,0.0,0.15208790064578456,1.18951032079594,0.3584137158873093,0.4012089394876707,7.8284416,1.5839784,9.135117,-0.0016174233,0.0022467896,0.0128,0.0019989088,0.0,0.06030079970744396,0.2196511992786294,0.013300477306883067,0.0005800958972767481,0.3976840531297463,1.242904318778478,0.21188092153236915,0.0,0.06916726453972546,0.48717817635981703,0.23256753389447396,0.22175629933438593,2.4289815,0.2826919,2.7134247,0.0054419986,0.10400000000000001,0.30363116,0.14246926229254878,0.7919145886744225,0.07422989080459765,0.06239511612507662,0.1707958617492563,,0.15397532226659674,1.1463988377558978,4.0982904,1.7195907,9.44619,0.64468163,0.005228344,0.09999999999999999,0.3124725,0.1700699386934467,,0.07998230187775349,0.17861459093939475,0.15493879194198484,1.3193508871403847
0.0040156203,0.004799903,0.0,0.0023390823,0.0,0.0019012799513350726,0.0029083733325503884,0.0007205690332987614,0.0014485122433058177,0.003125730673283715,0.014166582416428064,,0.0,0.0023296888670691716,0.0033906261497909174,0.20670205893404275,0.0,1.7675743,0.016456759,1.9500635,-0.0023521413,0.00093649275,0.0144,0.0003886766,0.06,0.011338311016783655,0.0010489597886382937,0.010481791976435215,0.00020149331369600384,0.4138134396980259,0.002120159359181845,0.2342666734503917,0.0,0.011515787041110661,0.0013684165790826455,0.25458252159069633,0.0,0.23833683,-0.022812046,0.29881966,0.0054276506,0.0,-0.4857123,0.0022679191159920265,0.002350149871216877,0.0010148401098382237,0.0009875847808950543,0.003413049237811174,0.0038352939769526633,0.002647709537902301,0.0028754509893564135,0.7259383,0.023525009,1.5876853,0.12818295,0.0023473066,0.0,-0.083734766,0.016240022946598598,0.8584404591949014,0.00137575224547831,0.003655722085788906,0.008696420043625181,0.326490800341551
0.0042463075,0.0051613287,0.1016,0.0048794835,0.11,0.11966719803704913,0.9150890658669448,0.05289557236499759,0.003167633672176235,0.15296585084379397,,0.29105998339223926,0.0,0.1340402727099747,1.2262201363549872,0.3310796295010691,,7.793625,1.3722112,9.506844,-0.0051110527,0.0030137324,0.0224,0.0026319963,0.02,0.05475093421367373,0.4478176007133563,0.011696853843369718,0.0010301875563570775,0.4217230086887652,,0.22304689951455114,0.0,0.06019767775808845,0.659165505149851,0.2435529372063017,0.34537051795056123,3.5890641,0.33218297,4.2419815,0.005745546,0.0808,0.47779143,0.10509506110946577,0.9046816443218515,0.035551110887223694,0.001358450855659505,0.13207077188346453,,0.11641724796794437,1.246979751270653,4.2855787,1.3246702,10.383816,0.6632026,0.005419943,0.11,0.45037696,0.16569965378751014,,0.07784549847109076,0.19555123386989498,0.15013176813255555,1.398768846143421
0.0042278334,0.0065416624,0.11120000000000001,0.0062432378,0.12,0.11969599937084657,0.9462783999396013,0.05121919948409623,0.07907306597040631,0.1443455970052416,,0.2994920755046726,0.0,0.13186934396631966,1.2511346721116015,0.33421562853856973,0.44772640500978644,9.705795,1.7332041,11.942086,-0.0044021136,0.0032963157,0.0464,0.0031128842,0.049999999999999996,0.063038399307183,0.4958922662385196,0.030463840396753854,0.01741845386233844,0.07749823624887285,,0.24769517278637998,0.0,0.06869966803967373,0.7707247509007985,0.26531959431278923,0.26454226108332485,4.0547056,0.45646003,4.76414,0.0071656136,0.11120000000000001,0.4204037,0.12659799708617397,0.8855413654003156,0.0648270864518029,0.0726908221180189,0.14384930671462356,,0.13281763128201338,1.2484886358785472,5.257749,1.9689405,12.721055,0.8476692,0.006862224,0.08,0.45387858,0.1180147670405956,,0.044195794654807656,0.19357429001316537,0.1063007389636175,1.3851197555786845
0.0038806184,0.0070073,0.0872,0.006860456,0.08,0.09041375987228212,0.8001375989933546,0.0491337620472571,0.058733762047257096,0.09790191958255755,,0.26661532475730676,0.0,0.09209230590782859,1.150323069981701,0.28660864237690353,0.391034627211636,9.658426,1.404412,11.80377,-0.0015936267,0.0025328437,0.0472,0.0024312127,0.03,0.04514879921851516,0.2117497596556655,0.03363487992185155,0.0052671081917516765,0.10975695960790467,1.2815655676863238,0.223336840136493,0.0,0.04753441192956611,0.4751672059570823,0.23578099690080692,0.12184585469285174,2.4873574,0.27738622,2.853601,0.0072950413,0.0688,0.30965132,0.07089206544800832,0.7783546900863368,0.038968947930940606,0.06717660826237702,0.07931999259995204,,0.07341980346037945,1.1550785251917208,4.978517,1.1621073,12.246157,0.87973,0.007151585,0.08,0.28631297,0.0974104065855139,,0.05404507446706973,0.08804469650626306,0.08936472221310261,1.1988914904903247
0.004251518,0.0045640054,0.148,0.0043816348,0.16,0.2136617144166806,0.8158160013054908,0.11016640158545406,0.027122133453571222,0.2674975977350478,,0.3484615023971205,0.0,0.22445969470702953,1.1619447704697836,0.404613651867961,0.3578076953179704,7.3771334,2.1159697,8.135157,-0.0048859767,0.002602746,0.0136,0.0023127259,0.01,0.1168,0.4671999996242858,0.05047999984971448,0.0013866665664763055,0.2450133326987936,1.496773332865778,0.23854347573065324,0.0,0.11981962453761222,0.6895098126445204,0.26864118247378965,0.32509255914803187,3.5940201,0.6065637,3.8221943,0.005083164,0.08399999999999999,0.4816788,0.15924614268147638,0.8607073198016866,0.05601917758976342,0.0719743590070628,0.2034221047432322,,0.17319735108555695,1.1484158674378502,4.1013722,1.7581178,9.174673,0.5925029,0.0048566647,0.08,0.4527125,0.20436575562593895,,0.0697575950281832,0.2469876943368692,0.175915172782027,1.3353193775931318
0.0040483046,0.0055369656,0.1048,0.0052906466,0.08,0.13086826611021687,0.8103349331264124,0.06036031887591262,0.05507023966717915,0.16350954622430308,,0.2666698541719691,0.0,0.1458962284892028,1.1914962284892028,0.3045120782908897,0.45156227256298115,8.271224,1.6377538,9.733861,-0.0019421468,0.0023236326,0.0248,0.0021451584,0.01,0.06667967980138247,0.3439327992766252,0.03707993564768235,0.0009998926458930036,0.4057990395116717,1.330359423707003,0.2198103864181831,0.0,0.07083231856963385,0.5455205308591519,0.2382442467160925,0.2427610003332466,2.6948333,0.33076587,3.046948,0.005870907,0.1048,0.33890527,0.13563607754190735,0.7655050242775572,0.07138277710180109,0.04816241981782429,0.16365570864977094,,0.14700618837566068,1.1319602043809935,4.34833,1.7885177,10.104038,0.6919459,0.0056426334,0.08,0.35507593,0.14505748722826148,,0.05561531229223235,0.1759447760489778,0.1270914044687349,1.3287879876941313
0.004403098,0.021761332,0.0096,0.020018153,0.01,0.00785544823815785,0.1039360023488455,0.002515446147591865,0.0031092364667965,0.010483733519574026,1.1503072035169606,,0.0,0.00889246888930079,0.1680845158562051,0.21583053817058873,0.0,12.376818,0.3605071,14.43737,-0.0049033286,0.009622725,0.0128,0.008556838,0.01,0.0044365713819521715,0.04156400053351468,0.0014691543265537802,0.003137066669338415,0.011847152961644451,0.5460672006732796,,0.0,0.009210378761012635,0.062174848557366096,0.2146939577136706,0.0,3.463636,0.14852522,3.9964552,0.022707732,0.010400000000000001,0.34023234,0.00846408197473711,0.09912399346810069,0.0028913666334469327,0.01104898225328648,0.01119913737095094,1.1143734438484532,0.009517063480417483,0.15117384381159374,6.4115896,0.4132195,14.923166,1.6495782,0.021770297,0.01,0.4039473,0.018675789966514887,1.2178503486337922,0.0033019222633508603,0.010169183282133568,0.014783835052741097,0.1604597200115371
0.003988146,0.006544505,0.041600000000000005,0.0061987103,0.049999999999999996,0.04404224000100662,0.2573056008304809,0.029810559867877784,0.004421119735755571,0.04905274198760571,,0.24561849834657698,0.0,0.046382269459336156,0.5215787239580453,0.2569642489219111,0.10920789194783488,6.5839396,0.6407534,7.676862,-0.0025415223,0.0024272467,0.028,0.0022140695,0.02,0.024716800342651366,0.0628672010580122,0.013577813345356208,0.00196672070694452,0.4073004802566879,0.7615001602108008,0.21404528302778483,0.0,0.026201423992147237,0.08070355984181594,0.22584654541898833,0.0,1.4458876,0.15212631,1.671211,0.006841374,0.041600000000000005,0.29567155,0.043874676591446816,0.2151212544846003,0.029832543271391843,0.026002925798785322,0.049011366489350935,,0.04611411953046586,0.5213612977949463,3.3597734,0.67793304,7.8132553,0.7825882,0.006448611,0.049999999999999996,0.27930453,0.06660031713974014,,0.04220297958964295,0.048530507397076636,0.05863795137914174,0.6656313119705254
0.0042122016,0.007623097,0.0504,0.0073815156,0.049999999999999996,0.05114417773909654,0.18749760213912156,0.03918325363630529,0.026219903645460597,0.056649280204055005,1.4647826127737382,0.24798903042699266,0.0,0.052957912147832305,0.35254107685629715,0.25653055198139196,0.0,6.7706914,0.91198725,7.453161,-0.004521592,0.003787615,0.0264,0.0035298192,0.02,0.022111999654342934,0.05502399893297164,0.012222399743011465,0.0028223999308685846,0.031001598812744214,0.7102412789905617,0.21337864136694373,0.0,0.02392704108626931,0.07421802745910955,0.22544428815856699,0.0,1.9541659,0.20579524,2.1812246,0.00821765,0.0144,0.43698165,0.01471521046928642,0.18996483142651532,0.004509344418079945,0.051898481482228184,0.020317928553914042,1.4119210169124694,0.016510501652412177,0.3663079886780013,3.4807434,0.27792063,8.179044,0.7700413,0.008007764,0.03,0.4304434,0.04431181093630691,,0.02389494637664896,0.04436374191592187,0.036745247088604244,0.4044397398470706
0.00400662,0.013690595,0.017599999999999998,0.012792952,0.01,0.015440533783177125,0.28202880159385524,0.00936576009395335,0.00402431813266538,0.020137528886931523,,0.20622561133092965,0.0,0.01760595799889311,0.5860625573100743,0.21588545676863932,0.13039590729437553,12.79686,0.4859341,15.476171,-0.0010353999,0.0047632735,0.0224,0.0042873425,0.02,0.013543200277277083,0.0511091203924262,0.002583038630995452,0.0016915193154977337,0.0211484162274724,0.8038355202843406,0.21120365943340466,0.0,0.014581407353931536,0.09028995090220557,0.22345040969301774,0.0,2.5171037,0.13813996,2.8997073,0.0142684905,0.017599999999999998,0.28557983,0.01500882911725903,0.2550614807860058,0.008187071507943665,0.005581993580567435,0.02005972340430294,,0.017059536339678244,0.5125569933389937,6.493835,0.49060914,15.679133,1.3043032,0.013343003,0.01,0.28813285,0.01917664956699703,,0.003123451156785748,0.05289085709607242,0.014937153211931573,0.6293968203396109
0.0042302017,0.014059127,0.0184,0.013393593,0.01,0.016114666650937852,0.1603439990562699,0.010632533017359357,0.011799039410106701,0.02078784003019932,1.4095392001509965,0.20566722616401797,0.0,0.018074856478266656,0.2934960804718015,0.21585046070050276,0.0,10.796822,0.52914524,12.591635,-0.003943535,0.005812304,0.02,0.005554508,0.02,0.011889600136759963,0.05246336038473099,0.002234454649971576,0.005340672649042152,0.019255040328223914,0.7063060485265049,0.2118385020839808,0.0,0.013486057046147562,0.0764575712000961,0.22391193482168958,0.0,2.602127,0.1513441,3.0217886,0.0150528215,0.0184,0.36538538,0.015728523945526422,0.14146784550483743,0.008757589658749931,0.013840066382057606,0.020605257346601232,1.3902787131772552,0.017650604328299322,0.24716923966211396,5.5069227,0.54018676,12.847077,1.4112995,0.014289261,0.01,0.35594177,0.019053329176231485,1.5782606610945993,0.002999446363859732,0.04157396481941346,0.014773097463670126,0.3152342038813141
0.0040241466,0.012844112,0.0448,0.012543318,0.04,0.04265163583223648,0.23338399591050293,0.031790716885453735,0.034738396445283315,0.04833215978994708,,0.23490621556993907,0.0,0.04499197429006472,0.5493652220638742,0.24574768684624845,0.0839275727126618,12.175971,1.3001659,14.167721,-0.0035563454,0.0054870844,0.0224,0.0053160465,0.02,0.015046400301907351,0.06970880092576068,0.00461670501953713,0.0189708812744214,0.023337920016982296,1.0991172268793374,0.2123614733347732,0.0,0.016795277500261226,0.10638819373734573,0.223941078053271,0.0,3.3223433,0.19194983,3.9389465,0.013816763,0.035199999999999995,0.38892278,0.032496854914267806,0.19435195312407033,0.022062455255710847,0.03344310464970216,0.0385480814326635,,0.03462829668629201,0.511942913718604,6.2632256,1.0630052,14.754223,1.6450757,0.013498062,0.03,0.39602876,0.039467462064288694,,0.021383566584466322,0.04200135922065288,0.034667359941452675,0.5603992801839013
0.004376098,0.004913116,0.108,0.0046502175,0.09999999999999999,0.14259839998741694,0.8319180800171129,0.04996761576404269,0.008612692297609748,0.17793568050111921,,0.28162520115388806,0.0,0.1545202233982962,1.2413803346247025,0.32871308456898646,0.4725377145486742,7.3870816,1.5010667,8.711164,-0.004933074,0.0025878733,0.032,0.0023647808,0.02,0.08070400042080032,0.41918080010580105,0.045113600332632404,0.0016704000420800305,0.2954335996272912,,0.2306666640020251,0.0,0.0882794708879428,0.7439035765691256,0.2535072348278978,0.3192638588002394,3.275742,0.45450392,3.7241578,0.0053160307,0.108,0.39184105,0.1451568138208674,0.8317756087015503,0.06680327290980431,0.03119720157498757,0.17791042045037017,,0.1570433664807444,1.2006689271639501,4.039086,1.7215589,9.37886,0.6226179,0.005121778,0.09999999999999999,0.4324772,0.17499272562119159,,0.07064033910437076,0.1697308257706095,0.15677632188830964,1.3697872911661164
0.004228307,0.009501753,0.062400000000000004,0.0090849055,0.049999999999999996,0.06172359930085467,0.5780943962313859,0.05060943805026127,0.03320629151746158,0.06723089451122037,,0.245367784505569,0.0,0.06359287373172696,0.8975250197492367,0.2560859133139768,0.30333787000301976,11.324749,1.3571538,13.591357,-0.003858264,0.004735511,0.028,0.0044182236,0.02,0.02275328069828729,0.1265664021641118,0.010928319597835162,0.0021132804328223577,0.0327097611115129,1.4255639044378245,0.21273906176704277,0.0,0.024173883776662023,0.4083686603777839,0.2249800674055072,0.065672937303099,3.9251895,0.25628287,4.6928754,0.010167993,0.062400000000000004,0.36400953,0.06139379716603849,0.5557324757488196,0.05102952944973831,0.025994856182829745,0.06727137624351781,,0.0631877578546821,0.8894325421677753,5.9900885,1.4843473,14.278391,1.2062799,0.009934052,0.04,0.4326783,0.05154484754153607,,0.032034190358903064,0.058720271436233436,0.04575868298629551,0.9875802400106791
0.004176675,0.005053328,0.1928,0.0048875357,0.18,0.22506879843970573,0.8239125320638432,0.13130687863851473,0.11190687764194236,0.28032383908647107,,0.3528385883399905,0.0,0.24719163070047842,1.1119916307004785,0.4133001491615758,0.3535554368274005,8.075827,2.5227947,9.0685625,-0.0029728345,0.0023008278,0.0144,0.002105002,0.049999999999999996,0.08371280030132279,0.47351280011346575,0.027885118725578605,0.0005940479366155219,0.36336608070904786,1.361533165818492,0.2644000011050403,0.0,0.08945849928012695,0.7805877488537356,0.29224100817080967,0.2637967610685787,3.1281295,0.38904068,3.5051556,0.0053872024,0.1928,0.3539108,0.2372261847788693,0.817120738925869,0.13505311831112268,0.11180868015026062,0.2799225577751924,,0.25636312483618134,1.1118879746442647,4.3297176,2.7837372,9.531456,0.64317924,0.005216245,0.18,0.35690242,0.2718005548804241,,0.1333845179824946,0.20662256481194977,0.24905446628040556,1.2581366568267063
0.0040160934,0.006931036,0.12480000000000001,0.0067202444,0.12,0.12753706722032057,0.7695370674824673,0.06748224324643153,0.05192149549762102,0.14467008070842535,,0.29882524814610334,0.0,0.13599740375355032,1.1143987018767751,0.3292830866096021,0.3668111025320614,9.701296,1.9571074,11.631583,-0.0012401491,0.0024892169,0.0496,0.0023157003,0.049999999999999996,0.05614453347652216,0.2006167998730086,0.027206720018034227,0.007003360009017132,0.4320403201460776,1.1678302401095584,0.2437965835679541,0.0,0.05814256303868324,0.442318802532236,0.2593508164954034,0.0694398480307801,2.4688907,0.29453367,2.8398438,0.007155127,0.1088,0.2823415,0.11188466506719642,0.7855581908123822,0.06219722668500908,0.0646680557403578,0.12859532559873915,,0.11981293791692037,1.121592524951918,5.0025125,1.7912034,12.037992,0.8612371,0.0070040612,0.09999999999999999,0.2856519,0.12591911173177783,,0.05887747993678289,0.11215601752964569,0.11430179168579799,1.2311072105935064
0.0040587257,0.0044607413,0.0944,0.0042854757,0.11,0.17013440079273015,0.7735336001329083,0.0770453757969598,0.015125376107308236,0.22992096071534604,,0.3086273019750365,0.0,0.19144857514103414,1.057379429969681,0.3618777003939292,0.3372076534956739,7.229224,1.7162784,7.8341274,-0.0008787392,0.0018179562,-0.0648,0.0016717066,-0.04,0.05293360002780286,0.23106719967989148,0.0004693759162728383,0.0005867200055605703,0.3161073066791738,1.2102804800360123,0.19734118955773514,0.0,0.062217555470133086,0.5206783701581501,0.2264655356501457,0.18521579766098725,2.2036583,0.18997966,2.3502798,0.0046353405,0.0944,0.27533904,0.17808206046806457,0.7735474207377799,0.09126317571445693,0.07119419536895144,0.2301024190157805,,0.1931322498163162,1.0574588295966563,3.7780185,1.8648881,8.067461,0.5500774,0.0044641434,0.11,0.28387564,0.25010229594490335,,0.11338502633720182,0.2125495089570333,0.21527921035033418,1.1835101583979246
0.003907145,0.0057373364,0.0928,0.005464964,0.08,0.11099306661214013,0.8366528003187707,0.04711722607722295,0.06227583895309287,0.14008255876685935,,0.2665189535730945,0.0,0.12576666055870547,1.1995333213358588,0.3009635470624467,0.43888765833757926,8.425766,1.4431627,10.094931,-0.0011697509,0.0023568484,0.0344,0.0021808534,0.03,0.06480426661189587,0.19980319977006292,0.03264255996393149,0.0027212799819657336,0.3537830390958813,1.2295118627279833,0.23592345286032765,0.0,0.0720081617158347,0.49414421570119776,0.2533441563236668,0.15520632731199838,2.4809127,0.3449238,2.7389562,0.0059945565,0.0928,0.2940047,0.11474045601063795,0.8319309733824857,0.05934586586270107,0.054343562290069224,0.13982623139341382,,0.12609282612272996,1.1567784446718887,4.3915806,1.5640875,10.396688,0.7080662,0.0057612904,0.08,0.3221211,0.13306624593399108,,0.05660796613324983,0.15514474365613662,0.11891877789136131,1.2975796896746705
0.004013725,0.006459714,0.08320000000000001,0.0062773433,0.08,0.09070960105854851,0.7614192005442166,0.03676384255436278,0.07832768510872558,0.11047456082230186,,0.26382629558841963,0.0,0.10039236573082272,1.0519949102334074,0.29263573789713043,0.36488402379421975,8.971102,1.3052479,10.809731,-0.00094170094,0.0024386493,0.028,0.0023246245,0.03,0.041070399516079624,0.21347039963781148,0.021174080102194147,0.004782720046488387,0.4072555734416392,1.1283334406498353,0.23047386987791402,0.0,0.0453750416515687,0.4375750417043937,0.24364333917849082,0.07860985409471129,2.3724651,0.21885678,2.7078476,0.0067823064,0.09839999999999999,0.3096636,0.10636292097082778,0.7076855072986719,0.06017579990280765,0.046317602812308144,0.1254781501279329,,0.11574893587421589,1.0365620714735528,4.633691,1.6516895,10.905877,0.80634946,0.0066057495,0.08,0.31664723,0.11367224797054909,,0.04854247141579442,0.09780213506257171,0.10176062767793774,1.1515176611672002
0.0042624124,0.03315216,0.0096,0.028945789,0.01,0.007889380285338893,0.06072349260458253,0.0024213972960058982,0.0026479891004863995,0.010204168234085773,0.8007251216030765,,0.0,0.00877590474920953,0.09918748499029076,0.2159172919946805,0.0,13.693794,0.5373487,15.722136,-0.004218682,0.016002674,0.0136,0.013513953,0.01,0.0048769457301271815,0.02178808952684227,0.001891160477870926,0.0015911602043883377,0.012113626747345053,0.09112117340557066,,0.0,0.0100116882518907,0.03219855653635438,0.21462842052733241,0.0,3.7369237,0.25164634,4.2395015,0.034880295,0.010400000000000001,0.35232684,0.00841571541966905,0.05226725507006028,0.0026187338592709238,0.003131686135021694,0.010918861546074412,0.7751933855215739,0.009344512046207683,0.09015698254087152,7.071081,0.6147413,16.19934,2.340795,0.03194504,0.01,0.43679503,0.01867513956849592,0.8871993263310394,0.0035306049641111057,0.005889782010547121,0.014907252006646061,0.09507526757458575
