ch0_ped,ch0_peak_max,ch0_peak_max_t,ch0_half_max_left,ch0_half_max_right,ch0_ninth_max_left,ch0_ninth_max_right,ch0_e_max_left,ch0_e_max_right,ch0_integ,ch0_integ_left,ch0_integ_right,ch1_ped,ch1_peak_max,ch1_peak_max_t,ch1_half_max_left,ch1_half_max_right,ch1_ninth_max_left,ch1_ninth_max_right,ch1_e_max_left,ch1_e_max_right,ch1_integ,ch1_integ_left,ch1_integ_right,proj_max,proj_max_t,proj_theta,proj_half_max_left,proj_half_max_right,proj_ninth_max_left,proj_ninth_max_right,proj_e_max_left,proj_e_max_right,proj_integ,proj_integ_left,proj_integ_right
-0.004492847,0.009259092,0.0272,0.0232,0.204,0.0304,,0.0256,0.456,5.273878,0.23958606,5.1165533,-0.012363828,0.0006458629,-0.288,0.0448,0.0008,0.1104,0.0008,0.0976,0.0008,-0.7312584,0.0,-0.595245,0.009337741,0.0272,-0.12988153,0.0232,0.204,0.0304,,0.0256,0.456,5.324168,0.24350947,5.1635427
-0.003896832,0.008995922,0.0376,0.033600000000000005,0.2264,0.041600000000000005,,0.036,0.5631999999999999,5.348325,0.34248164,5.1217685,-0.011739998,0.000717754,-0.1048,0.2952,0.0008,0.2952,0.0016,0.2952,0.0008,-0.91110235,0.0,-0.8243691,0.009082829,0.0376,-0.13844456,0.033600000000000005,0.2264,0.041600000000000005,,0.036,0.5631999999999999,5.422886,0.34730282,5.1934085
-0.0034497099,0.0082159545,0.031200000000000002,0.0272,0.328,0.0344,,0.0296,0.6352,5.242314,0.245532,5.091091,-0.01118203,0.00050764624,-0.1544,0.2408,0.0008,0.24400000000000002,0.0008,0.2408,0.0008,-0.9553968,0.0,-0.8585756,0.008345294,0.0472,-0.17628755,0.0432,0.30400000000000005,0.0504,,0.045599999999999995,0.6192000000000001,5.32862,0.40823346,5.063158
-0.0026539878,0.008085923,0.028,0.0232,0.3608,0.0304,,0.0264,0.6736,5.305555,0.21222219,5.1805162,-0.010379864,0.0005171546,-0.2112,0.1736,0.0008,0.188,0.0008,0.1736,0.0008,-1.1297323,0.0,-0.96102,0.008215621,0.0448,-0.17792387,0.04,0.34400000000000003,0.0472,,0.0432,0.6568,5.4217453,0.38438353,5.1799726
-0.0018138867,0.008022461,0.0328,0.031200000000000002,0.3024,0.0376,,0.033600000000000005,0.5631999999999999,5.0386133,0.26934165,4.863759,-0.009534793,0.00048375782,-0.2192,0.18,0.0008,0.18080000000000002,0.0016,0.18,0.0008,-1.2577473,0.0,-1.0653803,0.00815919,0.0328,-0.18332897,0.031200000000000002,0.3024,0.0376,,0.033600000000000005,0.6016,5.1834702,0.27594593,5.0050983
-0.0007166059,0.008034665,0.0432,0.0392,0.2648,0.048,,0.041600000000000005,0.6168,5.123766,0.353989,4.8977637,-0.008704797,0.0005813902,-0.12319999999999999,0.26,0.0008,0.27599999999999997,0.0016,0.26,0.0008,-1.47232,0.0,-1.3517283,0.008174545,0.0432,-0.18526052,0.04,0.2648,0.048,,0.041600000000000005,0.6368,5.307295,0.3622474,5.07856
0.00037668014,0.007828968,0.0544,0.0496,0.2952,0.056799999999999996,,0.0512,0.5896,4.96683,0.43063,4.6881275,-0.007897761,0.0004700746,-0.232,0.1672,0.0016,0.1672,0.0024,0.1672,0.0016,-1.6184218,0.0,-1.3545117,0.008100796,0.0544,-0.25978866,0.0496,0.3376,0.056799999999999996,,0.052000000000000005,0.5896,5.2158985,0.44189483,4.934455
0.0013951866,0.0075871004,0.0504,0.044,0.3568,0.0528,,0.0472,0.5640000000000001,4.845785,0.37258625,4.6071353,-0.007177458,0.0005614462,-0.372,0.028,0.0008,0.028,0.0016,0.028,0.0008,-1.7524635,0.0,-1.2589655,0.0077880244,0.0504,-0.2276439,0.0448,0.3776,0.0528,,0.0472,0.636,5.1162686,0.38380295,4.874564
0.0024361052,0.0072118724,0.044,0.0368,0.3456,0.0464,1.4512,0.0408,0.6016,4.7075987,0.3071176,4.510332,-0.0065515414,0.00051529706,-0.24639999999999998,0.14959999999999998,0.0008,0.14959999999999998,0.0016,0.14959999999999998,0.0008,-1.8427331,0.0,-1.5126135,0.0074936706,0.0576,-0.2751104,0.0504,0.3744,0.06,,0.0544,0.6384,5.031155,0.44103777,4.7478323
0.003134859,0.007289758,0.041600000000000005,0.0368,0.3176,0.044,,0.0392,0.5888,4.675479,0.29175097,4.4893074,-0.0061746924,0.00048630824,-0.3272,0.0696,0.0008,0.072,0.0008,0.0696,0.0008,-1.8705041,0.0,-1.4342872,0.007576505,0.0448,-0.27600008,0.04,0.3864,0.0472,,0.0424,0.5912000000000001,5.008256,0.33160174,4.799361
0.0037867925,0.007081618,0.0528,0.0472,0.2784,0.0552,1.3608,0.0496,0.5776,4.419964,0.37607622,4.1633406,-0.0058572125,0.0005166889,-0.116,0.2656,0.0008,0.27440000000000003,0.0024,0.2656,0.0008,-1.8740399,0.0,-1.7328086,0.0073297936,0.0512,-0.31432623,0.045599999999999995,0.3496,0.053599999999999995,1.54,0.048,0.6072,4.7828155,0.37618035,4.5339546
0.0043302183,0.006760089,0.0376,0.0328,0.3336,0.041600000000000005,,0.036,0.6472,4.4518614,0.2483814,4.293538,-0.005606289,0.00038171886,-0.3776,0.0112,0.0008,0.0224,0.0008,0.0224,0.0008,-1.874272,0.0,-1.3586268,0.0070650447,0.0552,-0.2948837,0.0512,0.4016,0.0584,,0.053599999999999995,0.6295999999999999,4.804418,0.4064973,4.540252
0.0048563355,0.0067887143,0.0376,0.032,0.3432,0.0392,1.5344,0.035199999999999995,0.5672,4.367819,0.23452684,4.2200356,-0.005427721,0.0005510114,-0.1144,0.2664,0.0008,0.28080000000000005,0.0016,0.268,0.0008,-1.8951433,0.0,-1.7557672,0.007077182,0.0376,-0.28649667,0.032,0.35919999999999996,0.0392,,0.035199999999999995,0.6616000000000001,4.7253404,0.24324058,4.577158
0.005517144,0.006682648,0.0504,0.045599999999999995,0.3704,0.0544,1.48,0.0488,0.6248,4.4408236,0.3430101,4.21704,-0.0052426592,0.0005978565,-0.2648,0.13199999999999998,0.0008,0.13199999999999998,0.0008,0.13199999999999998,0.0008,-1.9032599,0.0,-1.5530804,0.006962217,0.0504,-0.28434765,0.045599999999999995,0.3704,0.0544,,0.048,0.6799999999999999,4.7964253,0.355948,4.5707316
0.0059902286,0.006542409,0.0384,0.0328,0.3432,0.0408,1.5064000000000002,0.035199999999999995,0.6632,4.3568354,0.23515126,4.2137117,-0.005070352,0.00042554922,-0.3664,0.0264,0.0008,0.033600000000000005,0.0008,0.033600000000000005,0.0008,-1.999212,0.0,-1.4675653,0.006849869,0.0592,-0.3513258,0.053599999999999995,0.40559999999999996,0.061599999999999995,1.4864000000000002,0.056,0.6607999999999999,4.778723,0.41237572,4.521043
0.0065482995,0.0063171834,0.0472,0.04,0.3808,0.048,1.4944,0.0432,0.5704,4.270462,0.28573024,4.089061,-0.004918685,0.00038983603,-0.0752,0.3216,0.0008,0.3216,0.0008,0.3216,0.0008,-2.0691314,0.0,-1.9733539,0.0067385267,0.07759999999999999,-0.40013677,0.07039999999999999,0.4128,0.0784,,0.0736,0.6264000000000001,4.7391467,0.53748184,4.39511
0.0070897276,0.006219549,0.06720000000000001,0.061599999999999995,0.3656,0.07039999999999999,1.5208,0.0648,0.628,4.205557,0.42558414,3.9292955,-0.004787426,0.0004904836,-0.38720000000000004,0.0056,0.0008,0.0128,0.0016,0.0056,0.0008,-2.0977721,0.0,-1.5028145,0.0066695544,0.0728,-0.36944354,0.0656,0.41759999999999997,0.07600000000000001,,0.0696,0.6224,4.6793003,0.48717624,4.3752317
0.007856381,0.0062295347,0.06,0.0512,0.3704,0.061599999999999995,1.4360000000000002,0.0544,0.6456000000000001,4.1235113,0.35815272,3.8962889,-0.0045518083,0.0006027265,-0.2952,0.1024,0.0008,0.1032,0.0008,0.1024,0.0008,-2.105541,0.0,-1.6654975,0.006639219,0.06,-0.3531344,0.0512,0.3976,0.061599999999999995,,0.0544,0.6952,4.5972443,0.37259075,4.3744993
0.008433979,0.0059847822,0.053599999999999995,0.048,0.37679999999999997,0.056,1.4176,0.0512,0.6447999999999999,4.0372486,0.31499535,3.835988,-0.004389242,0.0005561133,-0.3504,0.0448,0.0008,0.0496,0.0016,0.0448,0.0008,-2.1609082,0.0,-1.606419,0.00647014,0.06319999999999999,-0.3898003,0.0576,0.42,0.0656,1.4504,0.0592,0.6799999999999999,4.5555477,0.40207356,4.3084984
0.009089019,0.005773536,0.0512,0.0472,0.36160000000000003,0.0552,1.3504,0.0504,0.5736,3.8004842,0.29184234,3.6137576,-0.0042874347,0.00045430637,-0.2616,0.13440000000000002,0.0008,0.13440000000000002,0.0008,0.13440000000000002,0.0008,-2.1403265,0.0,-1.7539694,0.0061226767,0.0528,-0.3901424,0.0488,0.4128,0.056799999999999996,,0.052000000000000005,0.6736,4.3289056,0.3174036,4.1364474
0.009673939,0.00563241,0.07440000000000001,0.0696,0.32239999999999996,0.07759999999999999,1.4367999999999999,0.072,0.5672,3.6953053,0.42972976,3.412387,-0.004107011,0.00050578953,-0.28719999999999996,0.096,0.0008,0.112,0.0008,0.096,0.0008,-2.136848,0.0,-1.7036458,0.005963953,0.0768,-0.43421048,0.072,0.4096,0.08,1.4344,0.07440000000000001,0.6824,4.25135,0.47073013,3.9591866
0.010465445,0.0053956453,0.0552,0.048,0.34400000000000003,0.0576,1.4888000000000001,0.0512,0.54,3.476904,0.29230577,3.284852,-0.0040128566,0.00041163515,-0.3624,0.0328,0.0032,0.036,0.004,0.0344,0.0032,-2.1124978,0.0,-1.5488482,0.005844761,0.08399999999999999,-0.48388493,0.0768,0.3664,0.0856,1.46,0.08,0.64,4.060515,0.5014017,3.7395704
0.011052364,0.0052525206,0.0432,0.0384,0.3136,0.0488,1.1736,0.0424,0.4608,3.2738109,0.21662326,3.1284685,-0.00394514,0.0005758257,-0.3664,0.0,0.0016,0.031200000000000002,0.0016,0.0304,0.0016,-2.1039171,0.0,-1.5414268,0.0056973747,0.0512,-0.3977897,0.045599999999999995,0.38720000000000004,0.056799999999999996,1.4344,0.0504,0.5840000000000001,3.8332086,0.2819753,3.6532378
0.011551409,0.005197269,0.053599999999999995,0.0464,0.2712,0.14959999999999998,1.2832000000000001,0.0496,0.472,3.2017508,0.26899984,3.0215704,-0.0038832207,0.00039795274,-0.29200000000000004,0.09119999999999999,0.0008,0.1064,0.0016,0.0976,0.0008,-2.100033,0.0,-1.6743679,0.005625577,0.0592,-0.3927392,0.0512,0.37679999999999997,0.062400000000000004,1.3760000000000001,0.0552,0.6064,3.7617085,0.32361633,3.5570414
0.012035144,0.005157328,0.06319999999999999,0.0592,0.2648,0.068,1.2656,0.061599999999999995,0.48800000000000004,3.1160994,0.3320949,2.882886,-0.0039013098,0.00041604182,-0.3408,0.0144,0.0008,0.0576,0.0024,0.0544,0.0016,-2.1094246,0.0,-1.5911127,0.005723837,0.06319999999999999,-0.44866621,0.0584,0.36479999999999996,0.068,1.2656,0.0608,0.5608,3.7226808,0.35629004,3.4910727
0.012377308,0.005037061,0.036,0.031200000000000002,0.2984,0.0392,1.2504,0.033600000000000005,0.4808,3.118652,0.16897455,3.007371,-0.003919862,0.00055054773,-0.3072,0.07919999999999999,0.0008,0.09119999999999999,0.0008,0.07919999999999999,0.0008,-2.1046708,0.0,-1.6488577,0.005659452,0.0504,-0.4733935,0.0448,0.3704,0.053599999999999995,1.3888,0.048,0.5528000000000001,3.7352214,0.27144966,3.5615683
0.012579456,0.005167758,0.056799999999999996,0.0512,0.2352,0.0584,1.0752000000000002,0.0528,0.45680000000000004,3.0691135,0.29579288,2.8544283,-0.0039001503,0.0005308358,-0.38239999999999996,0.0128,0.0008,0.017599999999999998,0.0008,0.0128,0.0008,-2.186244,0.0,-1.5799233,0.00566266,0.068,-0.5475096,0.0608,0.3344,0.0712,1.2744,0.064,0.5456,3.7585583,0.39059722,3.4961948
0.012665776,0.0053033354,0.045599999999999995,0.0368,0.2304,0.22719999999999999,1.2232,0.041600000000000005,0.48800000000000004,3.1170967,0.2177474,2.9706447,-0.003940734,0.0004554661,-0.2904,0.0808,0.0008,0.1088,0.0024,0.0992,0.0008,-2.1693726,0.0,-1.727242,0.0057459497,0.045599999999999995,-0.3950708,0.0368,0.3728,0.0464,1.3088,0.04,0.5792,3.7119188,0.23436011,3.5662158
0.012550388,0.005529671,0.0368,0.0328,0.1848,0.0424,1.1911999999999998,0.036,0.448,3.1170976,0.20144245,2.9714222,-0.003967171,0.0004819031,-0.36160000000000003,0.0288,0.0008,0.035199999999999995,0.0016,0.0288,0.0008,-2.1498928,0.0,-1.6029403,0.0060348017,0.0368,-0.41206172,0.0328,0.3,0.041600000000000005,1.2624,0.036,0.4608,3.717218,0.21810213,3.5674825
0.0122319665,0.005626196,0.0304,0.0264,0.18,0.0344,1.2176,0.0288,0.41040000000000004,2.9941113,0.16653141,2.8751745,-0.004000798,0.0005155299,-0.1472,0.2248,0.0008,0.252,0.0008,0.2248,0.0008,-2.0501146,0.0,-1.8577478,0.0062043066,0.0304,-0.43511635,0.0264,0.2376,0.0344,1.2176,0.0296,0.41759999999999997,3.5792792,0.18298177,3.4544158
0.011461984,0.006063333,0.0264,0.0216,0.15519999999999998,0.0296,1.1608,0.0248,0.332,3.1892695,0.14383912,3.0900817,-0.004071761,0.00047053944,-0.38239999999999996,0.0128,0.0008,0.0128,0.0016,0.0128,0.0008,-2.1011348,0.0,-1.546761,0.0066212304,0.0264,-0.4134477,0.0216,0.21839999999999998,0.0296,1.3776,0.0248,0.4576,3.7647157,0.15743916,3.6602354
0.010187853,0.006560825,0.0376,0.0304,0.1296,0.0384,1.0944,0.0328,0.3368,3.3403802,0.22592407,3.1806147,-0.004198614,0.00048143906,-0.35359999999999997,0.0464,0.0016,0.0464,0.0016,0.0464,0.0016,-2.0904088,0.0,-1.577199,0.007119767,0.0376,-0.39888564,0.0304,0.1688,0.0384,1.2728,0.033600000000000005,0.4704,3.8900392,0.24511027,3.7232254
0.008267334,0.0068171183,0.0392,0.0344,0.1864,0.041600000000000005,1.2352,0.036,0.41759999999999997,3.734083,0.2610347,3.548799,-0.004525371,0.00046033552,-0.38239999999999996,0.017599999999999998,0.0008,0.017599999999999998,0.0016,0.017599999999999998,0.0008,-2.03794,0.0,-1.4904077,0.0073645716,0.0392,-0.38800964,0.0344,0.2248,0.041600000000000005,1.4712,0.0368,0.464,4.227554,0.28047657,4.0349855
0.006258502,0.0072726714,0.033600000000000005,0.0304,0.1672,0.0368,1.2992,0.033600000000000005,0.3504,3.873155,0.24687143,3.6920872,-0.0049639074,0.00043505803,-0.39840000000000003,0.0008,0.0008,0.0016,0.0008,0.0016,0.0008,-1.850037,0.0,-1.341697,0.0077561894,0.035199999999999995,-0.35496,0.032,0.19679999999999997,0.0384,1.2976,0.035199999999999995,0.4296,4.2746897,0.27730972,4.0745173
0.0040823594,0.007895536,0.036,0.0296,0.15200000000000002,0.0368,1.4136,0.032,0.39999999999999997,4.282831,0.27419582,4.089781,-0.0056188125,0.00062614935,-0.144,0.2336,0.0008,0.2552,0.0008,0.2552,0.0008,-1.8093375,0.0,-1.6531482,0.008394998,0.041600000000000005,-0.3466833,0.035199999999999995,0.1592,0.0424,1.5432,0.0384,0.45999999999999996,4.6428013,0.3478715,4.396497
0.0020517798,0.00815094,0.0288,0.0256,0.1736,0.0328,1.4128,0.0272,0.4328,4.3724236,0.22808519,4.211659,-0.0064875353,0.00045129098,-0.33599999999999997,0.061599999999999995,0.0008,0.064,0.0024,0.061599999999999995,0.0008,-1.6566275,0.0,-1.2758365,0.008404282,0.024,-0.2955083,0.020800000000000003,0.19999999999999998,0.028,1.4367999999999999,0.0232,0.4512,4.665351,0.18961282,4.5367494
0.00026018423,0.008500205,0.035199999999999995,0.0304,0.15839999999999999,0.0384,,0.0328,0.4136,4.582338,0.28658164,4.387512,-0.0075174337,0.000437608,-0.2776,0.1096,0.0008,0.12240000000000001,0.004,0.12240000000000001,0.0008,-1.4349829,0.0,-1.1641157,0.00868162,0.035199999999999995,-0.20479009,0.0304,0.1816,0.0384,,0.0328,0.4136,4.778404,0.29580125,4.578477
-0.0014956862,0.008813745,0.064,0.024,0.204,0.032,,0.0272,0.49920000000000003,4.872191,0.24743728,4.813721,-0.008670938,0.00054753106,-0.064,0.3288,0.0008,0.33599999999999997,0.0008,0.3288,0.0008,-1.2153679,0.0,-1.1668993,0.008967891,0.064,-0.18567762,0.0248,0.216,0.032,,0.0272,0.49920000000000003,5.012817,0.25391397,4.9530616
-0.002806209,0.009014783,0.0368,0.0328,0.1976,0.04,,0.035199999999999995,0.456,5.018642,0.33235627,4.788868,-0.009892394,0.0006094519,-0.39840000000000003,0.0,0.0008,0.0016,0.0024,0.0008,0.0008,-1.0249121,0.0,-0.73607206,0.009197773,0.0368,-0.1998065,0.0328,0.1976,0.04,1.5536,0.035199999999999995,0.456,5.1222205,0.33951187,4.8878813
-0.0038668758,0.009076915,0.0264,0.0232,0.1752,0.0304,,0.0256,0.3992,4.9992256,0.23130488,4.839904,-0.011102949,0.00054451916,-0.15839999999999999,0.24159999999999998,0.0008,0.24159999999999998,0.0016,0.24159999999999998,0.0008,-0.76656663,0.0,-0.6928202,0.009155211,0.0264,-0.1308764,0.0232,0.1832,0.0304,,0.0256,0.452,5.0565114,0.235365,4.894148
-0.0048416695,0.009053173,0.031200000000000002,0.031200000000000002,0.1624,0.0376,1.4696,0.033600000000000005,0.41119999999999995,4.9157376,0.3074739,4.6962814,-0.012424586,0.0004747142,-0.2616,0.12480000000000001,0.0008,0.136,0.0008,0.12480000000000001,0.0008,-0.51941264,0.0,-0.43627408,0.00912575,0.031200000000000002,-0.12620217,0.031200000000000002,0.1624,0.0376,1.4696,0.033600000000000005,0.41119999999999995,4.9420204,0.31116325,4.7195663
-0.0054250364,0.009303694,0.0256,0.0224,0.15839999999999999,0.0288,1.5104,0.0248,0.372,4.8999276,0.2299287,4.741271,-0.013458426,0.0003490192,-0.384,0.0,0.0008,0.0152,0.0016,0.0,0.0008,-0.33736765,0.0,-0.27185398,0.009329584,0.0256,-0.074516185,0.0224,0.15839999999999999,0.0288,1.5104,0.0248,0.372,4.911446,0.2319639,4.750847
-0.005928077,0.009030094,0.024,0.0224,0.1616,0.0288,1.5248,0.0256,0.39280000000000004,4.7881465,0.22031035,4.6306,-0.014419449,0.00061432086,-0.2592,0.09040000000000001,0.0008,0.1384,0.0008,0.1376,0.0008,-0.15648031,0.0,-0.13839155,0.009063471,0.024,-0.08584751,0.0224,0.1616,0.0288,1.5248,0.0256,0.39280000000000004,4.783931,0.2222834,4.6242104
-0.0063159526,0.008974177,0.028,0.028,0.1504,0.033600000000000005,1.4472,0.0296,0.3792,4.701607,0.27027154,4.5050063,-0.014950284,0.00056538824,-0.288,0.0768,0.0008,0.1096,0.0008,0.1088,0.0008,-0.105634205,0.0,-0.08974859,0.008986909,0.028,-0.053235065,0.028,0.1504,0.033600000000000005,1.4472,0.0296,0.3792,4.7005672,0.27171087,4.5024376
-0.006321722,0.008979946,0.035199999999999995,0.033600000000000005,0.1504,0.04,,0.036,0.3448,4.76629,0.33919966,4.522869,-0.015172451,0.00055564847,-0.3112,0.06720000000000001,0.0008,0.0872,0.0024,0.0864,0.0008,-0.02458246,0.0,-0.045106236,0.009008751,0.035199999999999995,-0.079989664,0.033600000000000005,0.1504,0.04,,0.036,0.3448,4.7530146,0.34111837,4.507157
-0.006272461,0.009041633,0.0264,0.020800000000000003,0.1848,0.028,,0.024,0.45680000000000004,4.9679947,0.22259611,4.8218756,-0.014925703,0.00054080784,0.9543999999999999,1.3512000000000002,0.0008,1.3536000000000001,0.0016,1.3512000000000002,0.0008,-0.1318375,-0.12880515,-0.043383203,0.009071433,0.0264,-0.08107709,0.0216,0.1848,0.028,,0.024,0.45680000000000004,4.9623523,0.22426039,4.814515
-0.00596824,0.00895931,0.0272,0.024,0.192,0.031200000000000002,,0.0264,0.4184,4.976926,0.24503723,4.8098373,-0.014527982,0.0004909476,-0.3912,0.0032,0.0008,0.004,0.0008,0.0032,0.0008,-0.15926185,0.0,-0.13050538,0.008993595,0.0272,-0.087344326,0.024,0.18239999999999998,0.031200000000000002,,0.0264,0.4184,4.971846,0.24706726,4.802664
-0.005785619,0.009220483,0.035199999999999995,0.032,0.1624,0.04,,0.0344,0.42879999999999996,5.0264645,0.3364694,4.790144,-0.013976739,0.00051947124,-0.0256,0.372,0.0024,0.3744,0.0024,0.372,0.0024,-0.3162053,0.0,-0.31353837,0.009229511,0.035199999999999995,-0.044237383,0.032,0.1624,0.04,,0.0344,0.42879999999999996,5.03553,0.33769846,4.797995
-0.0053691184,0.009136828,0.0784,0.04,0.2152,0.0472,,0.0424,0.45999999999999996,5.128149,0.42731753,4.938981,-0.013385841,0.000508341,-0.1568,0.23920000000000002,0.0008,0.23920000000000002,0.0008,0.23920000000000002,0.0008,-0.3964441,0.0,-0.36374527,0.009168978,0.0784,-0.08376567,0.04,0.2136,0.0472,,0.0424,0.45999999999999996,5.1433372,0.42990714,4.9521265
-0.0048789475,0.00909045,0.033600000000000005,0.0328,0.2376,0.04,,0.0344,0.5016,5.373954,0.3202225,5.156828,-0.01272908,0.00043134764,-0.2632,0.1352,0.0008,0.1352,0.0032,0.1352,0.0008,-0.5689826,0.0,-0.47355288,0.009141009,0.033600000000000005,-0.10522558,0.0328,0.2376,0.04,,0.0344,0.5016,5.403991,0.32346603,5.1841683
-0.004416293,0.009293486,0.041600000000000005,0.04,0.2656,0.0472,,0.0424,0.5688,5.6488295,0.40948057,5.371125,-0.012144211,0.00042624585,-0.3472,0.0504,0.0008,0.0528,0.0048,0.0504,0.0024,-0.7422174,0.0,-0.5602865,0.009343473,0.041600000000000005,-0.10348626,0.04,0.2656,0.0472,,0.0424,0.5871999999999999,5.695281,0.4134808,5.415074
-0.0040051173,0.009104207,0.0448,0.0384,0.3192,0.0464,,0.04,0.6104,5.7979984,0.3918974,5.554134,-0.011583925,0.0005616811,-0.3264,0.0448,0.0008,0.0736,0.0008,0.0696,0.0008,-0.8833309,0.0,-0.67751336,0.009165901,0.0448,-0.11608855,0.0384,0.3192,0.0464,,0.0408,0.6168,5.861288,0.39585054,5.6154795
-0.0033065863,0.0087385215,0.04,0.033600000000000005,0.3512,0.0408,,0.036,0.6312,5.644558,0.32386962,5.4500647,-0.010985373,0.00054289587,-0.0248,0.3712,0.0008,0.3712,0.0016,0.3712,0.0008,-1.0854967,0.0,-1.0687993,0.008805063,0.04,-0.12301824,0.033600000000000005,0.3512,0.0408,,0.036,0.6488,5.7351,0.3279088,5.5388184
-0.0026324638,0.008397245,0.0512,0.048,0.3192,0.0576,,0.052000000000000005,0.6464,5.5121965,0.45887214,5.209529,-0.010339743,0.00047703413,-0.376,0.0232,0.0008,0.0232,0.0008,0.0232,0.0008,-1.1877676,0.0,-0.8534738,0.00857281,0.056,-0.20272966,0.053599999999999995,0.3272,0.062400000000000004,,0.056799999999999996,0.6432,5.63846,0.51421714,5.300274
-0.0017652911,0.008306711,0.036,0.0304,0.3544,0.0384,,0.0328,0.6144,5.340782,0.28382283,5.1671476,-0.009584189,0.00041720085,-0.2904,0.1064,0.0016,0.1096,0.0016,0.108,0.0016,-1.3603078,0.0,-1.0733229,0.008496525,0.0424,-0.211773,0.0376,0.348,0.0448,,0.0392,0.6416000000000001,5.5073953,0.35512128,5.2869782
-0.00064981496,0.008189771,0.0376,0.036,0.3448,0.044,,0.0384,0.6176,5.3175373,0.31568748,5.1132817,-0.008809156,0.00045384187,-0.38239999999999996,0.0,0.0016,0.017599999999999998,0.0032,0.017599999999999998,0.0024,-1.5438629,0.0,-1.107646,0.008374503,0.0376,-0.21043053,0.0368,0.3448,0.044,,0.0384,0.6768000000000001,5.5227222,0.32236084,5.3170376
0.00038156187,0.007824086,0.0344,0.0288,0.3584,0.0368,,0.032,0.6264000000000001,5.1909456,0.24701118,5.0403886,-0.0080494275,0.0005057878,-0.0816,0.3144,0.0008,0.31679999999999997,0.0016,0.3144,0.0008,-1.6789501,0.0,-1.5940721,0.008086972,0.06,-0.25567573,0.053599999999999995,0.3696,0.062400000000000004,,0.0576,0.6447999999999999,5.4468064,0.5003715,5.12399
0.0014056159,0.0077985674,0.0488,0.0432,0.3512,0.053599999999999995,,0.0464,0.576,4.99429,0.3719758,4.7588573,-0.0073581133,0.00051019434,-0.3376,0.0448,0.0008,0.062400000000000004,0.0008,0.0448,0.0008,-1.8075998,0.0,-1.3566568,0.008091302,0.0488,-0.2698116,0.0432,0.3512,0.053599999999999995,,0.0464,0.6192000000000001,5.295418,0.3807282,5.0601883
0.0023182777,0.007662545,0.053599999999999995,0.0472,0.3456,0.056,,0.0504,0.6095999999999999,4.950299,0.40665808,4.691234,-0.006809886,0.0005417345,-0.0808,0.3032,0.0008,0.3192,0.0024,0.3032,0.0008,-1.8885343,0.0,-1.7912494,0.007951795,0.0656,-0.2705483,0.0592,0.3344,0.068,,0.062400000000000004,0.6232,5.2749586,0.5336978,4.933196
0.0031477292,0.007609733,0.0488,0.0448,0.3064,0.0528,,0.048,0.5367999999999999,4.863758,0.37443638,4.6200047,-0.006305952,0.0006175679,-0.31520000000000004,0.0024,0.0016,0.08320000000000001,0.0024,0.08320000000000001,0.0024,-1.9370612,0.0,-1.503743,0.007911802,0.0488,-0.27721873,0.0448,0.3448,0.0528,,0.048,0.6504,5.2081995,0.38772133,4.962011
0.003872001,0.0069964095,0.0408,0.035199999999999995,0.33999999999999997,0.0448,,0.0384,0.6335999999999999,4.564197,0.27382746,4.3884544,-0.0059200586,0.0004635814,-0.3256,0.07039999999999999,0.0008,0.07440000000000001,0.0024,0.0736,0.0024,-1.9205961,0.0,-1.4593333,0.007238272,0.0408,-0.25923797,0.036,0.3912,0.0448,,0.0384,0.6759999999999999,4.9040203,0.28373373,4.727284
0.0044334,0.0068788044,0.0472,0.041600000000000005,0.3704,0.0512,,0.0448,0.6288,4.608688,0.3225272,4.4048758,-0.005648496,0.00053987955,-0.07600000000000001,0.2896,0.0008,0.3216,0.0008,0.2896,0.0008,-1.9610052,0.0,-1.869518,0.0072001596,0.0544,-0.29989213,0.0496,0.456,0.0576,,0.052000000000000005,0.6216,4.9823093,0.3936297,4.7377653
0.004834368,0.0069216304,0.0464,0.041600000000000005,0.3664,0.0496,1.5264,0.044,0.6184,4.5174327,0.30692646,4.3244934,-0.00547503,0.00048236665,-0.3336,0.0648,0.0008,0.0656,0.0008,0.0648,0.0008,-1.9473224,0.0,-1.4813054,0.007161176,0.0464,-0.25937927,0.041600000000000005,0.3832,0.0496,,0.044,0.6904,4.8657722,0.31740966,4.6724467
0.005345174,0.006410824,0.0472,0.04,0.4136,0.0496,,0.044,0.6983999999999999,4.5101104,0.29425064,4.334257,-0.005302723,0.0005419669,-0.0296,0.36,0.0008,0.3696,0.0016,0.36,0.0008,-1.9400754,0.0,-1.9026225,0.006767813,0.07759999999999999,-0.37404102,0.07039999999999999,0.4072,0.0808,,0.0736,0.756,4.9071393,0.54935247,4.567136
0.0059338664,0.006376874,0.0592,0.0496,0.3864,0.0608,,0.053599999999999995,0.6824,4.482873,0.3650453,4.2654138,-0.0050267535,0.00049790414,-0.37520000000000003,0.0136,0.0008,0.020800000000000003,0.0024,0.0136,0.0008,-2.0149817,0.0,-1.4539987,0.0067738947,0.0736,-0.34407,0.064,0.4712,0.07440000000000001,,0.068,0.7071999999999999,4.899826,0.49214035,4.606878
0.0065245563,0.0061190296,0.0528,0.0488,0.43119999999999997,0.056799999999999996,,0.0512,0.6880000000000001,4.347849,0.3235293,4.15269,-0.0049094087,0.000496513,-0.14639999999999997,0.24960000000000002,0.0008,0.25120000000000003,0.0016,0.24960000000000002,0.0008,-1.9996755,0.0,-1.8053377,0.006454715,0.06720000000000001,-0.3239239,0.062400000000000004,0.4168,0.0712,,0.0656,0.744,4.758208,0.44564512,4.490186
0.0072450554,0.0060642213,0.0712,0.06319999999999999,0.368,0.0736,,0.0664,0.644,4.172051,0.43542412,3.8949018,-0.004734783,0.000785701,-0.2616,0.09680000000000001,0.0008,0.1384,0.0008,0.1384,0.0008,-2.040549,0.0,-1.6626565,0.006421847,0.0712,-0.33530185,0.06319999999999999,0.368,0.0736,,0.0664,0.7320000000000001,4.611165,0.45440298,4.3335395
0.0077305655,0.0059115565,0.0496,0.0432,0.3368,0.0528,1.5184,0.045599999999999995,0.612,3.9343998,0.27620444,3.7615423,-0.0045573744,0.000492339,-0.3472,0.0496,0.0008,0.0504,0.0008,0.0496,0.0008,-2.0464044,0.0,-1.5174245,0.006221616,0.0824,-0.45861635,0.07600000000000001,0.3968,0.0848,,0.0784,0.616,4.4338017,0.5212571,4.108359
0.008439304,0.0056466116,0.0392,0.0344,0.4208,0.0424,1.4160000000000001,0.0368,0.6248,3.871492,0.20678644,3.744567,-0.0044323765,0.000831155,-0.29760000000000003,0.0,0.0008,0.0976,0.0032,0.0872,0.0008,-2.0786974,0.0,-1.6370306,0.0060969116,0.0816,-0.3867417,0.0768,0.3904,0.0848,1.4656,0.07919999999999999,0.6504,4.3695827,0.5178531,4.042531
0.009050187,0.0055904714,0.0496,0.0448,0.3728,0.052000000000000005,1.2472,0.0464,0.5976,3.699244,0.2663935,3.5289383,-0.004281174,0.00044804555,-0.272,0.1104,0.0016,0.12560000000000002,0.0016,0.1168,0.0016,-2.089364,0.0,-1.6864258,0.005956227,0.07600000000000001,-0.40280405,0.07039999999999999,0.4032,0.236,,0.0728,0.656,4.2222066,0.4649332,3.9283988
0.009766248,0.0054291524,0.0368,0.0296,0.3864,0.0392,1.4976,0.033600000000000005,0.6016,3.565274,0.17762451,3.459318,-0.004132289,0.0005310675,-0.25120000000000003,0.14880000000000002,0.0016,0.14880000000000002,0.0016,0.14880000000000002,0.0016,-2.0479696,0.0,-1.6824841,0.005775289,0.0584,-0.40052876,0.052000000000000005,0.408,0.0608,,0.0552,0.6424,4.0816145,0.3307364,3.8819356
0.010462116,0.005398974,0.0376,0.0328,0.3312,0.0408,1.3568,0.035199999999999995,0.5088,3.4263668,0.18440902,3.3083177,-0.00401077,0.000525502,-0.07039999999999999,0.3016,0.0024,0.3272,0.0032,0.3016,0.0024,-2.0846105,0.0,-1.9947466,0.0057956376,0.068,-0.4662254,0.06319999999999999,0.37520000000000003,0.39280000000000004,1.5071999999999999,0.0656,0.6224,3.997745,0.39718089,3.7459047
0.0110683385,0.005125597,0.0464,0.0424,0.3144,0.3344,1.3848,0.0432,0.5216000000000001,3.261054,0.23459879,3.106281,-0.003919862,0.00043459423,-0.3352,0.0016,0.0008,0.064,0.0016,0.0608,0.0008,-2.0035594,0.0,-1.5264108,0.0055372524,0.0728,-0.437956,0.06720000000000001,0.3144,0.3608,1.3992,0.0696,0.628,3.802965,0.41872957,3.5329244
0.011547193,0.0050905365,0.0584,0.0528,0.2552,0.0608,1.2408000000000001,0.056,0.49920000000000003,3.095185,0.30315396,2.8826077,-0.003850986,0.00048167154,-0.2048,0.1904,0.0008,0.1928,0.0008,0.1904,0.0008,-2.0724936,0.0,-1.7902628,0.0056859697,0.0584,-0.46173647,0.053599999999999995,0.3296,0.061599999999999995,1.3192,0.056,0.5488000000000001,3.694361,0.3244477,3.4822967
0.011880482,0.0052010417,0.0328,0.0264,0.3,0.0368,1.2856,0.0288,0.4728,3.1149342,0.15211013,3.0156355,-0.0038331288,0.00046381436,-0.38239999999999996,0.0,0.0008,0.017599999999999998,0.0016,0.0,0.0008,-2.049941,0.0,-1.4740002,0.005648398,0.0584,-0.4917359,0.052000000000000005,0.3072,0.062400000000000004,1.4256,0.056,0.5896,3.7137535,0.3266053,3.502305
0.012249274,0.0051650945,0.045599999999999995,0.04,0.27599999999999997,0.0496,1.2136,0.0432,0.424,3.0744383,0.23427634,2.908792,-0.0038210696,0.00056770863,-0.1048,0.2256,0.0008,0.2944,0.0008,0.2848,0.0008,-2.092612,0.0,-1.9548594,0.005766052,0.045599999999999995,-0.46062094,0.04,0.2952,0.0496,1.4248,0.0432,0.524,3.6841855,0.2511406,3.5184338
0.012560817,0.005297345,0.031200000000000002,0.0272,0.1696,0.0368,1.3008,0.031200000000000002,0.4424,2.9983275,0.1615514,2.8824973,-0.0038384628,0.00046914828,-0.3712,0.016800000000000002,0.0016,0.0256,0.0048,0.016800000000000002,0.0016,-2.0308666,0.0,-1.4994518,0.005735164,0.031200000000000002,-0.39327085,0.028,0.30960000000000004,0.0368,1.3784,0.031200000000000002,0.5824,3.5476887,0.17362246,3.4298143
0.012621395,0.0053477157,0.044,0.041600000000000005,0.1672,0.0496,1.2136,0.0448,0.3784,2.903633,0.24275523,2.7257826,-0.003852609,0.0004832946,-0.3944,0.0,0.0008,0.0008,0.0008,0.0,0.0008,-2.0560865,0.0,-1.4705215,0.005916632,0.044,-0.44212484,0.041600000000000005,0.2352,0.0496,1.412,0.044,0.4976,3.5041523,0.26539135,3.3188448
0.01255061,0.005418501,0.0296,0.0272,0.1632,0.035199999999999995,1.1543999999999999,0.0304,0.3728,2.8492131,0.16187449,2.7309418,-0.0039108177,0.0004255497,-0.3664,0.004,0.0008,0.0328,0.0016,0.0296,0.0008,-1.975441,0.0,-1.4688401,0.0060107396,0.0368,-0.48855588,0.035199999999999995,0.21839999999999998,0.0424,1.2664,0.0376,0.4648,3.4430635,0.22809874,3.2826471
0.012242395,0.005837664,0.0248,0.0224,0.10719999999999999,0.0296,1.0888,0.024,0.2968,2.9176126,0.14169183,2.8130991,-0.0039887386,0.00050347066,-0.2016,0.19679999999999997,0.0008,0.19679999999999997,0.0016,0.19679999999999997,0.0008,-1.9806585,0.0,-1.7308948,0.0063551757,0.032,-0.48718858,0.0296,0.2032,0.0368,1.3704,0.032,0.46240000000000003,3.5053878,0.21150962,3.3519435
0.011602667,0.006144547,0.0256,0.020800000000000003,0.1216,0.0304,1.1576,0.0248,0.31679999999999997,2.9730308,0.14803007,2.8614166,-0.004087763,0.00048654142,-0.2624,0.1352,0.0008,0.1352,0.0008,0.1352,0.0008,-2.0425196,0.0,-1.7012687,0.006784354,0.0304,-0.4377831,0.0264,0.1568,0.033600000000000005,1.1528,0.0296,0.384,3.558546,0.20200539,3.4107993
0.010400428,0.0065701464,0.0296,0.0272,0.1104,0.0344,1.1416,0.0304,0.2832,3.2178955,0.19893794,3.0676713,-0.0042670267,0.0005498517,-0.35919999999999996,0.0368,0.0008,0.0392,0.004,0.0368,0.0008,-2.0540576,0.0,-1.5582403,0.007290857,0.0296,-0.44838423,0.0272,0.1336,0.0344,1.3424,0.0304,0.3784,3.790257,0.21875972,3.6301513
0.00858731,0.006719039,0.024,0.0224,0.14,0.0296,0.9192,0.0248,0.34400000000000003,3.3642902,0.16296111,3.2420254,-0.004624395,0.0005593598,-0.3232,0.07600000000000001,0.0016,0.07600000000000001,0.0016,0.07600000000000001,0.0016,-1.9591497,0.0,-1.5438044,0.007471242,0.0304,-0.45258394,0.0288,0.1448,0.036,1.2815999999999999,0.031200000000000002,0.37679999999999997,3.8822925,0.2353058,3.7071495
0.006384539,0.007257583,0.0232,0.0224,0.108,0.0296,1.3112000000000001,0.0256,0.3192,3.5768123,0.16941899,3.450886,-0.0051239226,0.00047911983,-0.22,0.1736,0.0024,0.1784,0.0024,0.1736,0.0024,-1.7213293,0.0,-1.4922053,0.0077505675,0.036,-0.39737794,0.035199999999999995,0.11120000000000001,0.0424,1.2984,0.0384,0.328,3.9642613,0.30053416,3.7395215
0.004182213,0.008128528,0.0264,0.0232,0.1296,0.0304,1.3528,0.024,0.288,4.032643,0.20233802,3.886191,-0.005737085,0.00039656134,-0.3888,0.0008,0.0008,0.010400000000000001,0.0024,0.010400000000000001,0.0024,-1.7804652,0.0,-1.3095782,0.00850496,0.0264,-0.29863268,0.0232,0.16,0.0304,1.3528,0.0248,0.36479999999999996,4.377994,0.2151868,4.223764
0.002130775,0.008293842,0.064,0.0232,0.1456,0.0304,1.2912000000000001,0.0264,0.3376,4.1256742,0.2257047,4.0435724,-0.006540874,0.0005046297,-0.228,0.144,0.0016,0.1712,0.0016,0.144,0.0016,-1.5992305,0.0,-1.3517858,0.008699672,0.064,-0.30664685,0.024,0.1456,0.0304,1.2912000000000001,0.0264,0.3944,4.4159656,0.23750159,4.3344035
0.0003374044,0.008312037,0.07039999999999999,0.0296,0.14079999999999998,0.0368,1.4912,0.0328,0.41119999999999995,4.3218307,0.28888583,4.2058897,-0.0075992965,0.0004035174,-0.36,0.0384,0.0008,0.0392,0.0016,0.0392,0.0016,-1.393414,0.0,-1.0288563,0.008614697,0.07039999999999999,-0.26585937,0.0296,0.1632,0.036,1.4912,0.0328,0.41119999999999995,4.5360956,0.30078614,4.4173427
-0.001420907,0.008960864,0.028,0.024,0.1448,0.0304,1.3184,0.0264,0.4328,4.760854,0.23785244,4.599424,-0.008727061,0.0004877001,-0.108,0.29200000000000004,0.0008,0.29200000000000004,0.0008,0.29200000000000004,0.0008,-1.244471,0.0,-1.1584336,0.009250131,0.028,-0.25074363,0.024,0.164,0.0304,1.3184,0.0264,0.3688,4.9207573,0.24597338,4.753845
-0.0027234417,0.008932017,0.0272,0.0248,0.1776,0.031200000000000002,,0.0272,0.384,4.8569355,0.24211217,4.690956,-0.009854825,0.0005718833,-0.2544,0.1456,0.0008,0.1456,0.0008,0.1456,0.0008,-1.0309415,0.0,-0.8626929,0.009059636,0.0272,-0.16804592,0.0248,0.1776,0.031200000000000002,,0.028,0.384,4.960949,0.24871495,4.7900553
-0.0038102923,0.009020331,0.0256,0.0224,0.1944,0.0296,,0.0256,0.43119999999999997,4.9733195,0.22718516,4.8184357,-0.011016447,0.000458017,-0.3944,0.0,0.0008,0.0056,0.004,0.0016,0.0016,-0.8273854,0.0,-0.6091609,0.009127905,0.0256,-0.15367754,0.0224,0.1944,0.0296,,0.0256,0.43119999999999997,5.0413594,0.2319554,4.882816
-0.0047427034,0.009065155,0.0256,0.0232,0.2112,0.0296,,0.0264,0.49360000000000004,5.175468,0.23361218,5.0159245,-0.012233729,0.00063171703,-0.0584,0.2912,0.0008,0.3416,0.0008,0.3336,0.0008,-0.5321076,0.0,-0.51390296,0.009163585,0.033600000000000005,-0.14670123,0.031200000000000002,0.2032,0.0376,,0.0344,0.4856,5.1976576,0.32610458,4.968801
-0.005470747,0.009460352,0.035199999999999995,0.0328,0.1592,0.04,1.4544,0.036,0.4064,5.1611,0.3423638,4.92367,-0.013396275,0.00040282216,-0.38,0.0,0.0016,0.0192,0.0072,0.0192,0.0024,-0.3431651,0.0,-0.26675183,0.009474899,0.035199999999999995,-0.05541744,0.0328,0.1592,0.04,1.4544,0.036,0.4064,5.172184,0.3443761,4.9328775
-0.00582778,0.00881885,0.0304,0.0296,0.19999999999999998,0.036,1.4008,0.032,0.4352,5.0177,0.28618804,4.816883,-0.014242737,0.0005535623,0.48800000000000004,0.8815999999999999,0.0008,0.8864,0.0024,0.8864,0.0008,-0.17920567,-0.12277829,-0.114271715,0.008858563,0.031200000000000002,-0.09472569,0.0304,0.19920000000000002,0.0368,1.4,0.0328,0.4344,5.012155,0.29692867,4.8027935
-0.006263807,0.008922031,0.0304,0.031200000000000002,0.2016,0.0368,1.5008000000000001,0.0328,0.48400000000000004,5.1000786,0.29410303,4.8959336,-0.014855434,0.0005864925,1.0048000000000001,1.3984,0.0016,1.4,0.0016,1.3992,0.0016,-0.10395251,-0.104144074,0.0061629945,0.008933731,0.032,-0.051186737,0.0328,0.19999999999999998,0.0384,1.4992,0.0344,0.48240000000000005,5.0987177,0.31297827,4.8800206
-0.006331929,0.008768257,0.0272,0.0232,0.2248,0.0296,,0.0248,0.464,5.0564203,0.22966552,4.899983,-0.014992028,0.00060713245,0.7312,1.0848,0.0008,1.1312,0.0032,1.1312,0.0032,-0.13079548,-0.0989426,-0.06629103,0.008785641,0.0272,-0.062917046,0.0232,0.2248,0.0296,,0.0256,0.464,5.054639,0.23106274,4.896849
-0.0062431702,0.008901395,0.032,0.0304,0.22319999999999998,0.0384,,0.033600000000000005,0.4976,5.178685,0.29891735,4.9755387,-0.014864015,0.0004791203,-0.3112,0.0888,0.0008,0.0888,0.0008,0.0888,0.0008,-0.103313945,0.0,-0.08406568,0.008901408,0.032,0.0017195363,0.0304,0.22319999999999998,0.0384,,0.033600000000000005,0.4976,5.1785,0.2988663,4.9754004
-0.0059014494,0.008892519,0.0384,0.0384,0.23120000000000002,0.045599999999999995,,0.04,0.48319999999999996,5.1711416,0.37303093,4.912077,-0.014399041,0.00047796033,-0.2912,0.1088,0.0008,0.1088,0.0016,0.1088,0.0008,-0.18430832,0.0,-0.15021798,0.008893102,0.0384,-0.011448171,0.0384,0.23120000000000002,0.045599999999999995,,0.04,0.48319999999999996,5.1729126,0.37336376,4.913558
-0.005621637,0.008834604,0.035199999999999995,0.032,0.2472,0.0392,,0.0344,0.5528000000000001,5.2827,0.31771553,5.0743384,-0.013837595,0.0004962804,-0.2432,0.14639999999999997,0.0008,0.1568,0.0008,0.14639999999999997,0.0008,-0.3079726,0.0,-0.26101148,0.008851541,0.035199999999999995,-0.061870627,0.032,0.2472,0.0392,,0.0344,0.5528000000000001,5.2916346,0.31937808,5.0815573
-0.0052825785,0.00882839,0.035199999999999995,0.0296,0.29919999999999997,0.0376,,0.033600000000000005,0.5672,5.424824,0.3040174,5.2299986,-0.013128192,0.00059855264,-0.008,0.29279999999999995,0.0008,0.3904,0.0008,0.376,0.0008,-0.45865315,0.0,-0.45645005,0.008863924,0.0376,-0.089570954,0.0328,0.2968,0.04,,0.036,0.5648,5.4441047,0.3325805,5.228357
-0.0048494358,0.009060938,0.0464,0.0408,0.26399999999999996,0.0488,,0.044,0.5328,5.608666,0.42634648,5.3277445,-0.012476997,0.00041117193,-0.0696,0.30479999999999996,0.0008,0.328,0.0016,0.3264,0.0008,-0.5769254,0.0,-0.55385065,0.00912701,0.0464,-0.1203983,0.0408,0.26399999999999996,0.0488,,0.044,0.5328,5.6373577,0.42971292,5.3538036
-0.0043763514,0.009142596,0.044,0.04,0.3088,0.048,,0.0424,0.5928,5.744023,0.40665048,5.4770813,-0.011818382,0.0005642306,-0.3512,0.028,0.0008,0.045599999999999995,0.0008,0.0432,0.0008,-0.7840182,0.0,-0.5910715,0.009191116,0.0464,-0.1027979,0.0424,0.3064,0.0496,,0.0448,0.5904,5.794153,0.4377182,5.50535
-0.0039194655,0.008907607,0.0408,0.035199999999999995,0.3888,0.0424,,0.0376,0.6808,5.9113884,0.34200814,5.710239,-0.011229803,0.00043946598,-0.2664,0.11359999999999999,0.0008,0.1328,0.0008,0.13040000000000002,0.0008,-0.97325325,0.0,-0.7891191,0.008971396,0.0408,-0.11932015,0.035199999999999995,0.3888,0.0424,,0.0376,0.6808,5.985211,0.34561798,5.7822614
-0.0031656818,0.009041412,0.0472,0.0408,0.3288,0.0488,,0.0432,0.6104,5.8401046,0.40762773,5.579708,-0.01059948,0.0005048639,-0.12319999999999999,0.2504,0.0008,0.2768,0.0008,0.2504,0.0008,-1.1329207,0.0,-1.0318093,0.009110331,0.0472,-0.123081625,0.0408,0.3288,0.0488,,0.0432,0.6576,5.9350142,0.4120052,5.673542
-0.002593632,0.008802207,0.041600000000000005,0.0368,0.3376,0.0464,,0.0392,0.6864,5.860076,0.35974723,5.642173,-0.010077921,0.00044711865,-0.3688,0.0256,0.0016,0.031200000000000002,0.0024,0.0296,0.0016,-1.2320035,0.0,-0.90478295,0.008953692,0.0584,-0.18420969,0.0544,0.3816,0.06319999999999999,,0.056,0.6696,5.986597,0.54616094,5.643616
-0.0016585587,0.008643772,0.0392,0.0344,0.29279999999999995,0.044,,0.0376,0.6256,5.515581,0.3260212,5.31077,-0.009356456,0.0004213741,-0.36160000000000003,0.0368,0.0008,0.0384,0.0032,0.0368,0.0032,-1.3955588,0.0,-1.0248555,0.008781617,0.0392,-0.17741555,0.0344,0.3456,0.0424,,0.0376,0.6256,5.675301,0.33219856,5.468671
-0.00075632543,0.0084072305,0.053599999999999995,0.0504,0.3264,0.0592,,0.0528,0.6447999999999999,5.5434284,0.46442935,5.2459755,-0.008746541,0.0005071806,-0.17679999999999998,0.22,0.0008,0.2208,0.0016,0.22,0.0008,-1.5159178,0.0,-1.3443067,0.008576579,0.0552,-0.19905218,0.052000000000000005,0.3744,0.0608,,0.0544,0.6616000000000001,5.733729,0.4906338,5.421976
0.00031920886,0.007886439,0.052000000000000005,0.0448,0.38799999999999996,0.0544,,0.048,0.6496,5.265891,0.39423648,5.0248,-0.008026237,0.00048259692,-0.2944,0.0944,0.0008,0.1056,0.0008,0.0944,0.0008,-1.6976187,0.0,-1.3313217,0.008097441,0.06720000000000001,-0.22878739,0.06,0.3728,0.0688,,0.06319999999999999,0.6496,5.513687,0.5513851,5.1697264
0.0015309874,0.0076731965,0.06,0.052000000000000005,0.3416,0.0608,,0.0544,0.5976,5.040056,0.45444492,4.744712,-0.007383855,0.0005359361,-0.2064,0.18080000000000002,0.0008,0.19360000000000002,0.0008,0.18080000000000002,0.0008,-1.8190212,0.0,-1.5525601,0.007904712,0.062400000000000004,-0.24262075,0.0552,0.39999999999999997,0.06319999999999999,,0.0584,0.6496,5.329457,0.4893644,5.016976
0.0024219041,0.0075589186,0.0512,0.044,0.3712,0.052000000000000005,,0.0464,0.6648,5.0755033,0.37426466,4.841735,-0.006906127,0.00052202214,-0.1016,0.2848,0.0016,0.2984,0.0016,0.2848,0.0016,-1.8899843,0.0,-1.7620875,0.007889788,0.07440000000000001,-0.29062954,0.06720000000000001,0.348,0.0752,,0.0696,0.6624,5.4042406,0.6026162,5.0188003
0.0031812356,0.0073543293,0.048,0.0432,0.3288,0.0504,1.4384000000000001,0.0448,0.612,4.770062,0.35072586,4.5409536,-0.0064740847,0.00043784035,-0.3504,0.045599999999999995,0.0008,0.048,0.0032,0.045599999999999995,0.0008,-1.9681945,0.0,-1.4611298,0.00775517,0.056799999999999996,-0.32291922,0.052000000000000005,0.3952,0.0592,,0.0544,0.62,5.148092,0.44229326,4.8626375
0.0037852393,0.0069722226,0.0712,0.06720000000000001,0.3784,0.07440000000000001,1.5032,0.0696,0.6176,4.699277,0.5327676,4.3452396,-0.006152662,0.0004642778,-0.1984,0.19920000000000002,0.0016,0.2016,0.0024,0.19920000000000002,0.0016,-2.0034442,0.0,-1.7427807,0.007245393,0.0712,-0.27547053,0.06720000000000001,0.41759999999999997,0.07440000000000001,,0.0696,0.6176,5.0670376,0.55370224,4.708561
0.0042727464,0.006817561,0.08320000000000001,0.041600000000000005,0.4184,0.0512,,0.045599999999999995,0.6504,4.6525126,0.3261432,4.5511055,-0.0058817943,0.0004253171,-0.3888,0.0,0.0008,0.0112,0.0016,0.0112,0.0008,-1.97979,0.0,-1.3640772,0.0071089217,0.0936,-0.33803597,0.052000000000000005,0.456,0.061599999999999995,,0.056,0.7335999999999999,5.0457845,0.4230904,4.8976364
0.004878747,0.0066553545,0.0528,0.0464,0.41759999999999997,0.0544,,0.0496,0.6607999999999999,4.5840025,0.34594575,4.366432,-0.0056109275,0.0005023109,-0.2624,0.1296,0.0008,0.136,0.0008,0.1296,0.0008,-2.0215325,0.0,-1.6476986,0.006963532,0.0696,-0.29861757,0.06319999999999999,0.4376,0.0712,,0.0664,0.7071999999999999,4.9758663,0.4942127,4.6682754
0.0054598954,0.0067398967,0.0752,0.0696,0.3864,0.0784,1.5,0.072,0.6176,4.514271,0.51561207,4.177098,-0.0053231306,0.00067832787,-0.1008,0.2752,0.0008,0.29919999999999997,0.0064,0.2752,0.0008,-2.0665808,0.0,-1.9234942,0.007096257,0.0752,-0.3182582,0.0696,0.3896,0.0784,,0.0712,0.6407999999999999,4.9342318,0.5350405,4.597918
0.0059951106,0.0066484753,0.0512,0.0448,0.38480000000000003,0.0544,1.5432,0.048,0.5880000000000001,4.4693365,0.32342982,4.269519,-0.0051167337,0.00058788434,-0.0408,0.324,0.0008,0.35919999999999996,0.0032,0.35359999999999997,0.0008,-2.0706387,0.0,-2.0189235,0.0069003003,0.0512,-0.2709943,0.0448,0.4296,0.0544,,0.048,0.6816,4.8605175,0.3336805,4.6624665
0.0064739636,0.006391519,0.041600000000000005,0.0344,0.3816,0.0448,,0.0376,0.6519999999999999,4.341414,0.23860754,4.202285,-0.004965067,0.00055217114,-0.3424,0.053599999999999995,0.0008,0.0544,0.0024,0.053599999999999995,0.0008,-2.0598547,0.0,-1.5475723,0.0067893015,0.0696,-0.3895795,0.062400000000000004,0.43119999999999997,0.072,,0.0656,0.6568,4.798438,0.46290267,4.5180054
0.007102597,0.006317628,0.0408,0.0376,0.38,0.0464,1.4928,0.0408,0.5736,4.1853657,0.24553366,4.0298157,-0.0047809323,0.00048398995,-0.3792,0.020800000000000003,0.0008,0.020800000000000003,0.0008,0.020800000000000003,0.0008,-2.0666966,0.0,-1.4972491,0.0065473523,0.0408,-0.26568276,0.0376,0.4688,0.048,1.5032,0.041600000000000005,0.6832,4.581164,0.2543375,4.4271746
0.007617842,0.006246177,0.068,0.06,0.3312,0.0688,1.4712,0.06319999999999999,0.5824,4.108034,0.41786858,3.836987,-0.004617438,0.00043644942,-0.25279999999999997,0.14639999999999997,0.0008,0.14639999999999997,0.0032,0.14639999999999997,0.0008,-2.0951629,0.0,-1.7243435,0.006558127,0.068,-0.3096735,0.06,0.4064,0.0688,1.4712,0.06319999999999999,0.6295999999999999,4.5511236,0.4368642,4.2799654
0.00838139,0.005926423,0.048,0.041600000000000005,0.3904,0.0488,1.536,0.0448,0.6192000000000001,3.9833827,0.26671562,3.8190677,-0.0044609015,0.0003958661,-0.3464,0.0528,0.0008,0.0528,0.0008,0.0528,0.0008,-2.1202662,0.0,-1.5844452,0.0063890796,0.0696,-0.3828967,0.0608,0.4064,0.07039999999999999,1.5144,0.064,0.6768000000000001,4.4870815,0.44006205,4.216703
0.009039535,0.006044917,0.0648,0.056799999999999996,0.2984,0.06720000000000001,1.384,0.0608,0.5784,3.906829,0.38567954,3.657639,-0.0042684185,0.00043529004,-0.2848,0.10719999999999999,0.0008,0.112,0.0008,0.108,0.0008,-2.1478634,0.0,-1.7231257,0.006484768,0.0648,-0.3704303,0.056799999999999996,0.38239999999999996,0.06720000000000001,1.5088000000000001,0.0608,0.6288,4.4193974,0.4076222,4.1702347
0.009730301,0.005797945,0.0496,0.045599999999999995,0.3456,0.0552,1.3439999999999999,0.0496,0.5088,3.6716733,0.29190496,3.4745178,-0.0041974545,0.00048027956,-0.196,0.18239999999999998,0.0008,0.204,0.0016,0.18239999999999998,0.0008,-2.1464725,0.0,-1.868532,0.0062384414,0.0496,-0.37803966,0.045599999999999995,0.3488,0.0544,,0.0488,0.6288,4.2046776,0.30768055,4.00839
0.010453463,0.0056295246,0.0888,0.0472,0.2792,0.0552,1.3832,0.0488,0.5464,3.389698,0.29658082,3.2584462,-0.0040311776,0.00042995613,-0.3464,0.0096,0.0008,0.0528,0.0008,0.048,0.0008,-2.082408,0.0,-1.5281501,0.00610146,0.0928,-0.39589432,0.0512,0.3072,0.0592,,0.052000000000000005,0.6264000000000001,3.9305582,0.34545678,3.789339
0.011022406,0.0055043753,0.0376,0.032,0.228,0.0424,1.2336,0.036,0.48719999999999997,3.2481284,0.1923585,3.1161,-0.003928443,0.00044317497,-0.312,0.0872,0.0016,0.088,0.0064,0.088,0.0024,-2.0946405,0.0,-1.6355808,0.0059810015,0.0376,-0.40192434,0.032,0.2896,0.041600000000000005,1.4567999999999999,0.036,0.5592,3.8086877,0.20503303,3.67829
0.0115037,0.000474195,-0.3056,0.0928,0.0008,0.0928,0.0016,0.0928,0.0008,0.015367968,0.0,0.012927102,-0.0039251964,0.0005558819,-0.1872,0.2016,0.0008,0.2112,0.0016,0.2112,0.0008,0.018727548,0.0,0.020466853,0.000610458,1.3424,1.1447288,1.7312,0.0008,1.7408,0.0024,1.7408,0.0016,0.023404745,0.027689915,0.0026655681
0.012020055,0.005283365,0.0248,0.0216,0.232,0.0296,1.1792,0.0248,0.4024,2.9092908,0.12583993,2.820199,-0.003803677,0.00043436245,-0.39840000000000003,0.0,0.0008,0.0,0.0008,0.0,0.0008,-1.9536413,0.0,-1.3957891,0.0058330414,0.0376,-0.48054218,0.0344,0.24960000000000002,0.0424,1.3184,0.0376,0.4432,3.4828877,0.22571424,3.3249383
0.01229676,0.0052285567,0.036,0.032,0.1504,0.0392,1.1192,0.0344,0.3784,2.7598991,0.18924145,2.6237652,-0.0037663397,0.00051297876,-0.25680000000000003,0.13199999999999998,0.0016,0.14320000000000002,0.0016,0.13199999999999998,0.0016,-1.8624442,0.0,-1.5542399,0.0059546987,0.041600000000000005,-0.49901238,0.0376,0.148,0.0448,1.22,0.04,0.47759999999999997,3.3146334,0.24627814,3.1426687
0.012680642,0.00040673744,-0.3976,0.0,0.0008,0.0008,0.0064,0.0,0.004,-0.1319727,0.0,-0.067289755,-0.003970882,0.00060156744,-0.2016,0.164,0.0008,0.192,0.0008,0.1848,0.0008,0.07571855,0.0,0.059253156,0.00068340165,1.3543999999999998,2.3512654,1.72,0.0008,1.74,0.0072,1.72,0.0008,0.14666203,0.22016063,0.057419963
0.012621174,0.005015092,0.02,0.016800000000000002,0.1008,0.0248,0.9663999999999999,0.020800000000000003,0.3272,2.4513514,0.09686355,2.3776817,-0.0037955604,0.00042624597,-0.39999999999999997,0.0,0.0016,0.0,0.0016,0.0,0.0016,-1.7139072,0.0,-1.2393097,0.0055453754,0.0376,-0.48566142,0.035199999999999995,0.14880000000000002,0.0424,1.0776000000000001,0.0384,0.3832,2.9679332,0.22192818,2.8005939
0.012391732,0.005355482,0.024,0.0224,0.0928,0.0296,1.0496,0.0264,0.2544,2.5333424,0.12782373,2.4368174,-0.0038679151,0.00061455416,-0.14079999999999998,0.2352,0.0008,0.25120000000000003,0.0008,0.2504,0.0008,-1.7164586,0.0,-1.5766187,0.005967358,0.024,-0.4568131,0.0224,0.1096,0.0296,1.1887999999999999,0.0264,0.36479999999999996,3.0306938,0.14269385,2.9253466
0.012165841,0.0059142187,0.0288,0.0248,0.0824,0.032,1.004,0.028,0.1456,2.5763907,0.16942008,2.4441404,-0.0038962078,0.0006428468,-0.26399999999999996,0.0424,0.0008,0.1352,0.0008,0.1352,0.0008,-1.7960025,0.0,-1.4945235,0.006609885,0.0288,-0.46291715,0.0256,0.10400000000000001,0.032,1.1024,0.028,0.2536,3.1072583,0.18987633,2.9624152
0.011542532,0.006315631,0.016,0.0128,0.0992,0.0192,1.0168,0.0152,0.18,2.7476406,0.08670403,2.682736,-0.0040093786,0.0005241106,-0.088,0.308,0.0008,0.3112,0.0016,0.308,0.0008,-1.8687052,0.0,-1.7784933,0.007022452,0.016,-0.45251957,0.0136,0.1144,0.0192,1.0168,0.0152,0.2832,3.2881455,0.097374424,3.2177577
0.0103496155,0.006288114,0.0216,0.020800000000000003,0.0944,0.028,1.1296,0.0232,0.2648,2.914394,0.13937922,2.8079948,-0.0042672586,0.00043413008,-0.332,0.0608,0.0008,0.0656,0.0008,0.0648,0.0008,-1.8880701,0.0,-1.4763193,0.006936614,0.0216,-0.43585214,0.020800000000000003,0.144,0.028,1.276,0.0232,0.32239999999999996,3.4390404,0.15434587,3.3237896
0.00852407,0.006893228,0.0232,0.0224,0.1008,0.0304,1.0464,0.0264,0.3136,3.2326498,0.16362345,3.1068344,-0.004671936,0.00060690055,-0.33280000000000004,0.06720000000000001,0.0008,0.06720000000000001,0.0008,0.06720000000000001,0.0008,-1.7627827,0.0,-1.3819914,0.0075128344,0.0232,-0.40898013,0.0224,0.1128,0.0304,1.0464,0.0256,0.3176,3.6670558,0.17877415,3.5322957
0.004203737,0.007885107,0.0248,0.0224,0.12079999999999999,0.0304,1.3784,0.0248,0.324,3.9653525,0.19351296,3.8244479,-0.005847472,0.0005069487,-0.35600000000000004,0.04,0.0024,0.044,0.0024,0.04,0.0024,-1.7468392,0.0,-1.3297546,0.008426486,0.0248,-0.36040866,0.0224,0.15200000000000002,0.0304,1.3784,0.0256,0.3808,4.326625,0.20612521,4.178498
0.0020846205,0.008229048,0.0736,0.0344,0.1448,0.041600000000000005,1.4096,0.036,0.3856,4.2558165,0.33069748,4.1007104,-0.006772085,0.00061988714,-0.384,0.0,0.0008,0.0144,0.0008,0.012,0.0008,-1.6266537,0.0,-1.1700288,0.008603583,0.0736,-0.29614848,0.0344,0.1448,0.041600000000000005,1.5016,0.0368,0.4208,4.545271,0.34723663,4.3868327
0.0003376263,0.008422764,0.0256,0.0224,0.1728,0.031200000000000002,1.4440000000000002,0.0256,0.40480000000000005,4.5863876,0.21116954,4.437938,-0.007832595,0.0005208624,-0.2048,0.19119999999999998,0.0008,0.19360000000000002,0.0008,0.19119999999999998,0.0008,-1.4794514,0.0,-1.2918386,0.008784226,0.0328,-0.28786927,0.0296,0.1872,0.0384,1.4367999999999999,0.0328,0.3976,4.817693,0.29365784,4.609221
-0.0015338525,0.008630015,0.0288,0.0248,0.1816,0.0344,1.5672,0.0272,0.48240000000000005,4.891607,0.24400051,4.7305098,-0.009015322,0.00042810105,-0.2896,0.09839999999999999,0.0008,0.1088,0.0008,0.09839999999999999,0.0008,-1.2519492,0.0,-1.0089108,0.008834756,0.0288,-0.21570632,0.0256,0.1848,0.0344,1.5672,0.0272,0.48240000000000005,5.04621,0.2513281,4.8804827
-0.0028914176,0.0089890435,0.036,0.032,0.21680000000000002,0.0384,,0.0344,0.5207999999999999,5.1751904,0.3242913,4.9550686,-0.010173235,0.000542433,-0.2096,0.1736,0.0016,0.1888,0.0024,0.1736,0.0016,-1.0567391,0.0,-0.9146961,0.009141158,0.036,-0.18268545,0.032,0.2408,0.0384,,0.0344,0.5207999999999999,5.2810507,0.33135477,5.0561237
-0.003926788,0.009136827,0.028,0.0256,0.2152,0.0328,,0.028,0.52,5.328521,0.25066805,5.161987,-0.011274328,0.00048399158,-0.3192,0.0728,0.0016,0.07759999999999999,0.0016,0.0728,0.0016,-0.7960769,0.0,-0.62655294,0.009239154,0.036,-0.1489692,0.033600000000000005,0.2072,0.0408,,0.036,0.512,5.3876586,0.34419248,5.152327
-0.0048503233,0.009172775,0.0432,0.04,0.2536,0.0464,,0.0424,0.5336,5.3995285,0.4142265,5.1160545,-0.012462156,0.0006282376,-0.3624,0.036,0.0008,0.0376,0.0016,0.0376,0.0016,-0.5306593,0.0,-0.4131986,0.009226595,0.0432,-0.10806274,0.04,0.2536,0.0464,,0.0424,0.5,5.4252653,0.41796857,5.1383057
-0.005398187,0.009054948,0.036,0.031200000000000002,0.25279999999999997,0.0384,1.3416,0.033600000000000005,0.48400000000000004,5.3126,0.31871384,5.1015763,-0.013433381,0.0004399279,-0.3944,0.0056,0.0008,0.0056,0.0008,0.0056,0.0008,-0.36763045,0.0,-0.2659393,0.0090750465,0.0464,-0.0665671,0.041600000000000005,0.2424,0.0488,1.3312000000000002,0.044,0.4736,5.325288,0.43432695,5.030237
-0.0059977523,0.00909977,0.0384,0.033600000000000005,0.2576,0.04,1.5184,0.0368,0.5095999999999999,5.4963307,0.3478083,5.269996,-0.014309526,0.0005043987,-0.3416,0.0544,0.0008,0.0544,0.0016,0.0544,0.0008,-0.1783933,0.0,-0.1532314,0.009109607,0.0384,-0.046476394,0.033600000000000005,0.2576,0.0408,1.5184,0.0368,0.5095999999999999,5.4986835,0.34895298,5.271322
-0.006195906,0.009186976,0.0328,0.0296,0.28,0.0368,,0.032,0.5928,5.6021194,0.2985583,5.408071,-0.014830388,0.0006773998,0.8088,1.2048,0.0008,1.2048,0.0032,1.2048,0.0008,-0.060817994,-0.05899026,-0.004205039,0.009194271,0.0328,-0.039837636,0.0296,0.28,0.0368,,0.032,0.5928,5.6000977,0.29929343,5.405228
-0.006339252,0.009330321,0.0424,0.04,0.2344,0.0472,,0.041600000000000005,0.5512,5.6172094,0.40319648,5.3466063,-0.014993651,0.00049280236,0.3544,0.7535999999999999,0.0016,0.7544000000000001,0.0032,0.7535999999999999,0.0016,-0.06522384,-0.040148888,-0.044468172,0.009332527,0.0424,-0.021744851,0.04,0.2344,0.0472,,0.041600000000000005,0.5512,5.6173,0.40362743,5.3463144
-0.0062109954,0.008980168,0.032,0.028,0.33599999999999997,0.0368,,0.031200000000000002,0.6055999999999999,5.6682453,0.28376177,5.487178,-0.014837114,0.0005681724,-0.324,0.033600000000000005,0.0008,0.0752,0.0016,0.0656,0.0016,-0.1125903,0.0,-0.08418172,0.008999619,0.052000000000000005,-0.065757096,0.0488,0.316,0.056799999999999996,,0.0512,0.5855999999999999,5.6633935,0.5043385,5.3256516
-0.0059773377,0.008968407,0.0296,0.0256,0.3336,0.0344,,0.0288,0.656,5.710129,0.25616422,5.5511394,-0.01442687,0.0005057892,-0.316,0.08320000000000001,0.0008,0.08320000000000001,0.0008,0.08320000000000001,0.0008,-0.17978613,0.0,-0.14685532,0.008973623,0.0448,-0.034093782,0.0408,0.3184,0.0496,,0.044,0.6407999999999999,5.7129383,0.4239766,5.4341736
-0.005678665,0.009335425,0.0576,0.0552,0.2736,0.061599999999999995,,0.0576,0.5328,5.7638273,0.5673043,5.3829417,-0.013841073,0.00038380548,-0.3864,0.0,0.0008,0.008,0.0008,0.008,0.0008,-0.29701513,0.0,-0.22674733,0.009345225,0.0576,-0.04580075,0.0552,0.25680000000000003,0.061599999999999995,,0.0576,0.5328,5.7713823,0.5685711,5.389494
-0.0052925637,0.009171221,0.044,0.0392,0.35359999999999997,0.0472,,0.041600000000000005,0.6008,5.9067287,0.40223366,5.648885,-0.013190111,0.0006604716,-0.2176,0.0928,0.0008,0.1792,0.0024,0.1544,0.0016,-0.45755178,0.0,-0.3938933,0.00918479,0.044,-0.054362603,0.0392,0.35359999999999997,0.0472,,0.041600000000000005,0.6008,5.922864,0.40350258,5.664298
-0.004855649,0.009067152,0.045599999999999995,0.041600000000000005,0.36,0.0496,,0.044,0.5784,5.894026,0.41952583,5.6229787,-0.012471432,0.00052155973,-0.37520000000000003,0.0184,0.0016,0.0184,0.0016,0.0184,0.0016,-0.6054498,0.0,-0.4414916,0.0090821665,0.045599999999999995,-0.057509303,0.041600000000000005,0.3704,0.0496,,0.044,0.5784,5.9190817,0.421249,5.6471095
-0.004513484,0.0089468835,0.0592,0.0512,0.3968,0.06,,0.0552,0.6407999999999999,5.992437,0.5319268,5.659148,-0.011822325,0.0005681738,-0.3488,0.0368,0.0008,0.0512,0.0024,0.0512,0.0016,-0.759609,0.0,-0.5636475,0.008996047,0.0592,-0.104594365,0.0512,0.3968,0.06,,0.0552,0.6407999999999999,6.038994,0.5349566,5.704657
-0.0038311505,0.008819292,0.0656,0.061599999999999995,0.3784,0.0688,,0.0648,0.6568,5.959762,0.6093489,5.569113,-0.011133329,0.0005748989,-0.25120000000000003,0.116,0.0008,0.148,0.0008,0.148,0.0008,-0.93127877,0.0,-0.76476955,0.0089117475,0.0656,-0.14416963,0.061599999999999995,0.3784,0.0688,,0.0648,0.6568,6.03173,0.6130801,5.640236
-0.003257547,0.008800431,0.0552,0.048,0.3584,0.0584,,0.052000000000000005,0.6472,5.8821535,0.47220546,5.597682,-0.010492338,0.00062962854,-0.07440000000000001,0.27599999999999997,0.0008,0.3232,0.0016,0.3232,0.0016,-1.0700754,0.0,-1.0202154,0.008856357,0.0552,-0.11244095,0.048,0.3584,0.0584,,0.052000000000000005,0.6472,5.9650755,0.47590226,5.679902
-0.002593854,0.008580532,0.0656,0.0584,0.35919999999999996,0.0664,,0.061599999999999995,0.6504,5.70436,0.5754581,5.338784,-0.009874073,0.00047517754,-0.39359999999999995,0.0,0.0008,0.0056,0.0016,0.0,0.0008,-1.2075974,0.0,-0.83828557,0.0087527875,0.0656,-0.19872114,0.0584,0.3656,0.0664,,0.061599999999999995,0.6504,5.830496,0.58102584,5.465248
-0.0018931038,0.008323575,0.0736,0.0304,0.408,0.04,,0.0344,0.716,5.5074263,0.28591686,5.465377,-0.009241663,0.000422535,0.024,0.40480000000000005,0.0016,0.424,0.0016,0.42160000000000003,0.0016,-1.3088825,0.000964744,-1.3299859,0.008466423,0.07759999999999999,-0.18395528,0.035199999999999995,0.412,0.044,,0.0384,0.7120000000000001,5.653925,0.33077663,5.5872426
-0.0004081692,0.00062552735,1.2488,1.5832,0.0016,1.6472,0.0016,1.64,0.0016,-0.075278595,-0.109626256,-0.04570169,-0.00861389,0.0006064363,0.072,0.4424,0.0008,0.472,0.0008,0.4696,0.0008,-0.007711224,0.002168309,-0.00400071,0.0007517258,1.4512,2.790444,1.8184,0.0008,1.8512,0.0056,1.8504,0.0024,0.06803247,0.13328946,0.020417344
0.002372199,0.007608624,0.06,0.0544,0.3376,0.06319999999999999,1.4624,0.0576,0.612,4.9768705,0.46136257,4.6733155,-0.006871573,0.00037151482,-0.3456,0.0544,0.0008,0.0544,0.0008,0.0544,0.0008,-1.9407136,0.0,-1.4402585,0.00791462,0.06,-0.27897626,0.0544,0.3704,0.06319999999999999,,0.056799999999999996,0.6344,5.3188715,0.47340247,5.0171223
0.0031406283,0.007616834,0.0464,0.04,0.3584,0.0488,,0.041600000000000005,0.6095999999999999,4.935431,0.33371255,4.726182,-0.006475244,0.00055495324,-0.38799999999999996,0.0,0.0008,0.012,0.0008,0.0024,0.0008,-1.9819353,0.0,-1.406806,0.007904214,0.0464,-0.27048233,0.04,0.38,0.0488,,0.0424,0.692,5.285555,0.34355873,5.077656
0.0039075045,0.0072937515,0.0472,0.0408,0.368,0.0496,1.5176,0.044,0.5736,4.808173,0.3270383,4.5981474,-0.0062036808,0.0003993432,-0.3264,0.0656,0.0008,0.0728,0.0016,0.0696,0.0008,-2.0173593,0.0,-1.5409064,0.0075725033,0.0472,-0.27217314,0.0408,0.4072,0.0488,1.5176,0.044,0.628,5.1734962,0.3374369,4.964157
0.0044919807,0.007153069,0.061599999999999995,0.0552,0.38799999999999996,0.064,,0.0576,0.5864,4.806176,0.44438672,4.5185976,-0.005940235,0.00059971143,-0.3504,0.0304,0.0008,0.048,0.0024,0.0472,0.0024,-2.0956268,0.0,-1.5521531,0.0074788127,0.061599999999999995,-0.29622763,0.0552,0.43360000000000004,0.064,,0.0584,0.6992,5.208584,0.4610716,4.920432
0.0051532337,0.00693561,0.0472,0.041600000000000005,0.3856,0.0496,1.4191999999999998,0.0448,0.5983999999999999,4.6220016,0.3185561,4.421185,-0.0056742383,0.00044966815,-0.3608,0.0272,0.0008,0.0376,0.0008,0.036,0.0008,-2.081886,0.0,-1.5308751,0.007183129,0.0472,-0.26327997,0.041600000000000005,0.3896,0.0496,1.4191999999999998,0.0448,0.6576,5.0045433,0.3308514,4.8024077
0.0055941427,0.0069384947,0.0824,0.04,0.3656,0.048,,0.0424,0.6256,4.495576,0.30437756,4.398718,-0.005491032,0.00049836864,-0.1288,0.2712,0.0008,0.2712,0.0008,0.2712,0.0008,-2.0448968,0.0,-1.8662125,0.007342,0.0872,-0.33307463,0.0448,0.4136,0.052000000000000005,,0.0464,0.6264000000000001,4.9170856,0.3557391,4.803749
0.006071221,0.0067942617,0.0472,0.041600000000000005,0.37679999999999997,0.0504,1.4456,0.044,0.6024,4.497795,0.30899608,4.3045225,-0.0052591246,0.00038241502,-0.352,0.0384,0.0016,0.0472,0.0016,0.0472,0.0016,-2.1041498,0.0,-1.57459,0.007101333,0.0736,-0.3448237,0.068,0.36160000000000003,0.0752,1.4936,0.07039999999999999,0.6576,4.9442997,0.54524297,4.5947766
0.0066603576,0.006648919,0.0408,0.035199999999999995,0.3416,0.0432,,0.0376,0.6095999999999999,4.4090915,0.25477403,4.254651,-0.005035798,0.0005069489,-0.3088,0.08320000000000001,0.0008,0.08320000000000001,0.0008,0.08320000000000001,0.0008,-2.087742,0.0,-1.6332047,0.007066063,0.062400000000000004,-0.3453262,0.056799999999999996,0.37520000000000003,0.0648,,0.0592,0.6168,4.8555098,0.44309878,4.5800886
0.007966442,0.0063413708,0.0424,0.0408,0.2952,0.048,1.3608,0.0424,0.5936,3.973176,0.2737396,3.78645,-0.004588914,0.0005238787,-0.38480000000000003,0.0112,0.0016,0.0152,0.0024,0.0112,0.0016,-2.1271076,0.0,-1.5349331,0.0069012116,0.068,-0.4055695,0.0664,0.3528,0.0736,,0.06720000000000001,0.568,4.490097,0.49146828,4.1578045
0.008442634,0.006308973,0.0688,0.0656,0.2704,0.0736,1.5095999999999998,0.06720000000000001,0.5008,3.9177005,0.45969316,3.6036057,-0.0044599734,0.00051089155,-0.062400000000000004,0.3344,0.0008,0.33599999999999997,0.0008,0.3344,0.0008,-2.119803,0.0,-2.037012,0.006787684,0.0688,-0.37781298,0.0648,0.3424,0.0728,,0.06720000000000001,0.5216000000000001,4.4233704,0.48934126,4.1002026
0.009146713,0.006159636,0.0368,0.0304,0.2504,0.0376,1.316,0.033600000000000005,0.48240000000000005,3.6550303,0.21100488,3.517343,-0.0042874347,0.00057025976,-0.33280000000000004,0.053599999999999995,0.0008,0.0656,0.0016,0.06319999999999999,0.0016,-2.0166042,0.0,-1.5541817,0.0065449844,0.0368,-0.344859,0.0304,0.3296,0.0376,1.316,0.033600000000000005,0.5408,4.1215744,0.22393481,3.9812536
0.009961739,0.006121248,0.0376,0.031200000000000002,0.1888,0.0408,1.3832,0.035199999999999995,0.39359999999999995,3.3825972,0.21325229,3.2376988,-0.0041162875,0.00051506597,-0.08,0.3184,0.0008,0.32,0.0008,0.3184,0.0008,-2.0094151,0.0,-1.9137534,0.0066019325,0.0472,-0.42658296,0.0408,0.2472,0.0504,1.4912,0.0448,0.45439999999999997,3.9108858,0.3003539,3.7118669
0.01058416,0.005831673,0.035199999999999995,0.033600000000000005,0.1792,0.0408,1.2856,0.036,0.372,3.128359,0.20633397,2.9794664,-0.004039526,0.0004383045,-0.3288,0.0512,0.0008,0.0688,0.0008,0.0688,0.0008,-1.9720204,0.0,-1.5173666,0.006375476,0.035199999999999995,-0.41602153,0.033600000000000005,0.22,0.0408,1.4088,0.036,0.4864,3.6584647,0.22297391,3.5050273
0.011118266,0.005408515,0.024,0.0216,0.15839999999999999,0.0288,1.2488,0.024,0.3528,2.845385,0.1247549,2.7567372,-0.003995232,0.00050996384,-0.38,0.016800000000000002,0.0008,0.017599999999999998,0.0008,0.016800000000000002,0.0008,-1.857864,0.0,-1.3527708,0.00582276,0.024,-0.3794795,0.0216,0.2296,0.0288,1.3496,0.024,0.49920000000000003,3.3311791,0.13555479,3.2397318
0.011697639,0.0051619876,0.0264,0.0248,0.1336,0.0328,1.0448,0.028,0.3656,2.604571,0.13972384,2.5007234,-0.0038792784,0.00039401045,-0.36,0.0328,0.0008,0.04,0.0016,0.0376,0.0016,-1.7691596,0.0,-1.3300437,0.0056402376,0.0264,-0.41477382,0.0256,0.1848,0.0328,1.2472,0.0288,0.4032,3.0966642,0.15399055,2.9864826
0.012136773,0.005166647,0.0192,0.02,0.124,0.0272,1.0248,0.024,0.28719999999999996,2.5527024,0.10247553,2.4769244,-0.0038516817,0.00059832074,-0.1888,0.19119999999999998,0.0008,0.2096,0.0008,0.204,0.0008,-1.7335036,0.0,-1.5438037,0.0056544896,0.02,-0.46437111,0.020800000000000003,0.1616,0.028,1.024,0.0248,0.3912,3.0587478,0.11909287,2.9733028
0.012405712,0.005563399,0.0272,0.024,0.088,0.0304,0.9551999999999999,0.0256,0.2096,2.4772573,0.1434448,2.365976,-0.0037721377,0.0006347301,-0.256,0.124,0.0008,0.144,0.0008,0.128,0.0008,-1.7618542,0.0,-1.4770725,0.006146038,0.0272,-0.43894413,0.024,0.1184,0.0304,1.1624,0.0256,0.2664,2.9911752,0.16004826,2.8718655
0.01253175,0.0055483095,0.056,0.016800000000000002,0.0936,0.0248,1.0528,0.020800000000000003,0.2296,2.5135372,0.112120055,2.4779227,-0.0037728334,0.0005194724,-0.3976,0.0,0.0008,0.0008,0.0008,0.0,0.0008,-1.677382,0.0,-1.2118288,0.006132086,0.056,-0.4398872,0.0184,0.1088,0.0248,1.2048,0.020800000000000003,0.3088,2.9885397,0.12501891,2.9528592
0.012750318,0.0052187927,0.0192,0.016,0.092,0.0224,0.9855999999999999,0.0184,0.25839999999999996,2.3642561,0.09351977,2.2925835,-0.0036656922,0.0004123312,-0.2296,0.16640000000000002,0.0008,0.1672,0.0016,0.1672,0.0016,-1.648394,0.0,-1.4196177,0.005938807,0.0192,-0.4975362,0.016,0.09839999999999999,0.0224,1.0135999999999998,0.0184,0.32239999999999996,2.8643322,0.1054607,2.7858534
0.012677757,0.005846096,0.016800000000000002,0.0144,0.08399999999999999,0.0216,0.9416,0.0192,0.1848,2.438981,0.0918134,2.3686397,-0.003748715,0.00049535395,-0.3264,0.072,0.0008,0.072,0.0008,0.072,0.0008,-1.6951232,0.0,-1.3436681,0.00661679,0.016800000000000002,-0.4874618,0.0144,0.0976,0.0216,1.0832000000000002,0.0192,0.24559999999999998,2.9488697,0.103891276,2.8704824
0.012283003,0.0062408503,0.016800000000000002,0.0152,0.07759999999999999,0.0216,0.7744000000000001,0.0184,0.10719999999999999,2.4618912,0.10243315,2.3797894,-0.0038718574,0.00050254294,-0.3992,0.0,0.0008,0.0,0.0008,0.0,0.0008,-1.7500272,0.0,-1.2950258,0.007070832,0.016800000000000002,-0.48939183,0.0152,0.0944,0.0216,1.0559999999999998,0.017599999999999998,0.19119999999999998,2.9955807,0.115482576,2.9054008
0.011672786,0.006185376,0.0192,0.017599999999999998,0.0824,0.024,0.9808,0.020800000000000003,0.14079999999999998,2.6123376,0.11705062,2.516478,-0.003918471,0.00043320283,-0.272,0.1024,0.0008,0.128,0.0016,0.12639999999999998,0.0016,-1.8309047,0.0,-1.5216568,0.0070152166,0.0264,-0.5238633,0.0248,0.096,0.031200000000000002,1.0608,0.0272,0.22240000000000001,3.1778767,0.19228244,3.0238307
0.0104694385,0.000620869,-0.0992,0.248,0.0008,0.2984,0.0008,0.27599999999999997,0.0008,-0.0002201274,0.0,0.0036630686,-0.0041420287,0.00054080726,0.0576,0.4264,0.0008,0.4576,0.0008,0.4264,0.0008,0.011363727,-0.0011817818,0.010668004,0.00069346785,1.16,0.46166876,1.4984,0.0008,1.5575999999999999,0.0008,1.5352,0.0008,0.0048648072,0.0073301075,-0.003107755
0.008752179,0.006776066,0.0232,0.020800000000000003,0.1152,0.0272,1.2648,0.024,0.3136,3.321853,0.15112801,3.2123466,-0.0044924403,0.00042740488,-0.26399999999999996,0.1352,0.0016,0.1352,0.0016,0.1352,0.0016,-1.8449934,0.0,-1.5372528,0.007384494,0.0232,-0.40877748,0.020800000000000003,0.1336,0.0272,1.2648,0.024,0.372,3.7815192,0.16509068,3.6637056
0.006682769,0.0072921985,0.0392,0.0344,0.128,0.0432,1.2888,0.036,0.3368,3.7208228,0.29097053,3.507691,-0.005073367,0.000544518,-0.1528,0.2256,0.0008,0.2424,0.0016,0.2256,0.0008,-1.8145556,0.0,-1.6427126,0.007860345,0.0392,-0.3825389,0.0344,0.1512,0.0424,1.2888,0.0368,0.3736,4.1292133,0.3127846,3.9019248
0.0045350282,0.0075538154,0.0232,0.0216,0.18,0.0288,1.2032,0.0248,0.4208,4.0289826,0.17379367,3.9026124,-0.005765841,0.0005412707,-0.2208,0.1672,0.0008,0.17679999999999998,0.004,0.1672,0.0008,-1.8564154,0.0,-1.5892586,0.00798533,0.0232,-0.3302492,0.0216,0.188,0.0288,1.2968,0.0248,0.4208,4.4132586,0.18458001,4.281497
0.0023679829,0.008167583,0.0328,0.0296,0.15760000000000002,0.0384,1.3536000000000001,0.0328,0.4224,4.407095,0.26985508,4.212491,-0.006716891,0.00056469324,-0.0224,0.37520000000000003,0.0008,0.37679999999999997,0.0008,0.37679999999999997,0.0008,-1.7414477,0.0,-1.7213876,0.008463438,0.0328,-0.26518828,0.0304,0.1792,0.0384,1.3536000000000001,0.0328,0.4224,4.7094545,0.28219134,4.50889
0.0004303792,0.008440959,0.0368,0.0328,0.216,0.0408,1.5472,0.035199999999999995,0.43360000000000004,4.7933064,0.31050923,4.5859437,-0.007863438,0.000551705,-0.3704,0.020800000000000003,0.0016,0.0288,0.0024,0.0264,0.0024,-1.5323853,0.0,-1.1555365,0.008730862,0.0368,-0.25841737,0.0328,0.216,0.0408,1.5472,0.035199999999999995,0.43360000000000004,5.0257497,0.32150835,4.811286
-0.0012740111,0.008592071,0.036,0.0328,0.2616,0.0408,1.5104,0.035199999999999995,0.544,5.111784,0.31230772,4.899873,-0.009054977,0.00069966353,-0.348,0.0216,0.0008,0.0504,0.0008,0.0216,0.0008,-1.3955581,0.0,-1.0527997,0.008789257,0.036,-0.21222305,0.0328,0.2672,0.0408,,0.035199999999999995,0.5464,5.291053,0.32099262,5.0746636
-0.0027456312,0.008843258,0.035199999999999995,0.031200000000000002,0.2536,0.0392,,0.033600000000000005,0.5504,5.4118996,0.30411685,5.2151875,-0.01023956,0.0004928042,-0.2304,0.1672,0.0008,0.1672,0.0008,0.1672,0.0008,-1.1322253,0.0,-0.955976,0.009029865,0.056799999999999996,-0.20365205,0.0528,0.2544,0.0608,,0.0552,0.5288,5.529049,0.5457042,5.1598454
-0.004038402,0.009137493,0.0384,0.033600000000000005,0.3,0.041600000000000005,,0.036,0.592,5.664417,0.34274018,5.446292,-0.011446172,0.00053988164,-0.31520000000000004,0.08399999999999999,0.0008,0.0848,0.0008,0.08399999999999999,0.0008,-0.8986368,0.0,-0.6978054,0.009215876,0.0384,-0.13051744,0.033600000000000005,0.3,0.041600000000000005,,0.036,0.592,5.733194,0.34721226,5.5120506
-0.0047861952,0.009108646,0.0344,0.032,0.3392,0.0392,,0.0344,0.6488,5.7750335,0.31234366,5.574993,-0.012537989,0.00047216285,-0.032,0.3512,0.0008,0.368,0.0008,0.3512,0.0008,-0.61281323,0.0,-0.6004062,0.009126551,0.0344,-0.06265149,0.032,0.3392,0.0392,,0.0344,0.6488,5.8020716,0.31411135,5.600834
-0.0054017366,0.009058497,0.0376,0.033600000000000005,0.3432,0.0408,,0.036,0.5871999999999999,5.673292,0.33344024,5.4589405,-0.013536348,0.0005428945,-0.15200000000000002,0.2384,0.0008,0.24480000000000002,0.0008,0.2384,0.0008,-0.414823,0.0,-0.367514,0.009088072,0.0448,-0.08069802,0.0408,0.33599999999999997,0.048,,0.0432,0.58,5.688269,0.4131726,5.416875
-0.0058615073,0.009074474,0.0552,0.0512,0.26,0.06,1.4647999999999999,0.0544,0.5840000000000001,5.7718153,0.5246209,5.421662,-0.014286799,0.00048167165,-0.0648,0.3352,0.0008,0.3352,0.0008,0.3352,0.0008,-0.23880532,0.0,-0.2303407,0.009075004,0.0552,-0.010809706,0.0512,0.26,0.06,1.4647999999999999,0.0544,0.5840000000000001,5.7740593,0.5248865,5.4237223
-0.0062251966,0.008994369,0.056,0.0504,0.3016,0.0592,,0.0528,0.6207999999999999,5.9132195,0.5143303,5.588584,-0.014787253,0.0005183113,-0.3256,0.02,0.0008,0.07440000000000001,0.0008,0.02,0.0008,-0.09096646,0.0,-0.065688625,0.008996119,0.056,-0.019721951,0.0504,0.3016,0.0592,,0.0528,0.6207999999999999,5.913863,0.5145393,5.5890236
-0.0061652847,0.009045405,0.0432,0.0384,0.33999999999999997,0.0464,,0.0408,0.6288,5.915328,0.3820523,5.6770105,-0.014901584,0.0005166889,0.6616000000000001,1.0615999999999999,0.0008,1.0615999999999999,0.0008,1.0615999999999999,0.0008,-0.06307846,-0.04404918,-0.066917926,0.009046981,0.0432,0.018662369,0.0384,0.33999999999999997,0.0464,,0.0408,0.6288,5.9131207,0.3817383,5.675046
-0.006122902,0.008892074,0.07759999999999999,0.035199999999999995,0.3976,0.0432,,0.0368,0.6832,5.8716693,0.3493946,5.7968903,-0.0147172185,0.00044827675,-0.33039999999999997,0.0328,0.0008,0.0688,0.0008,0.0688,0.0008,-0.08273211,0.0,-0.048989672,0.0088982815,0.092,0.0373556,0.0488,0.3832,0.0576,,0.0512,0.6688,5.8644834,0.5039186,5.6844535
-0.005920532,0.008911602,0.056799999999999996,0.0512,0.4008,0.06,,0.053599999999999995,0.664,5.993602,0.5166716,5.6704087,-0.014294452,0.0006052777,-0.3656,0.0288,0.0016,0.033600000000000005,0.0024,0.0328,0.0016,-0.16592886,0.0,-0.11177856,0.0089116385,0.056799999999999996,0.0028625887,0.0512,0.4008,0.06,,0.053599999999999995,0.664,5.993102,0.51662695,5.6699295
-0.0057059578,0.008918924,0.0552,0.0488,0.3976,0.0576,,0.0512,0.6736,6.0530148,0.48415372,5.7613316,-0.013729294,0.00038797967,-0.39359999999999995,0.0,0.0008,0.0064,0.0008,0.0064,0.0008,-0.28101358,0.0,-0.19752714,0.008928983,0.0552,-0.047469374,0.0488,0.3976,0.0576,,0.0512,0.6736,6.0595307,0.48463243,5.7677135
-0.005169189,0.008715001,0.0856,0.0432,0.43360000000000004,0.052000000000000005,,0.0472,0.692,5.8906417,0.43567792,5.7436347,-0.012996005,0.00046636537,-0.33999999999999997,0.053599999999999995,0.0016,0.06,0.0016,0.053599999999999995,0.0016,-0.4561026,0.0,-0.31661046,0.008721839,0.0856,-0.039601687,0.0432,0.43360000000000004,0.052000000000000005,,0.0472,0.692,5.9040804,0.436386,5.757313
-0.0048143757,0.008471136,0.0424,0.0376,0.44,0.0464,,0.04,0.6664,5.9465036,0.3452334,5.741249,-0.012383539,0.00054962095,-0.15519999999999998,0.24480000000000002,0.0008,0.24480000000000002,0.0016,0.24480000000000002,0.0008,-0.58567953,0.0,-0.52596354,0.008538913,0.0824,-0.12607907,0.07759999999999999,0.39999999999999997,0.0864,,0.08,0.6264000000000001,5.97295,0.7558258,5.4859314
-0.0043761292,0.008476684,0.0464,0.0408,0.45439999999999997,0.0504,,0.044,0.7152000000000001,5.9626465,0.37515175,5.7418594,-0.011708458,0.00057026,-0.3736,0.0128,0.0008,0.0264,0.0024,0.0152,0.0008,-0.7883086,0.0,-0.55303895,0.0085283285,0.0464,-0.110107295,0.0408,0.45439999999999997,0.0504,,0.044,0.7152000000000001,6.0131617,0.3765337,5.792718
-0.00378544,0.008551685,0.0872,0.0464,0.468,0.0552,,0.0488,0.7832,6.0707107,0.44029912,5.9495554,-0.0110459,0.00048747007,-0.3808,0.017599999999999998,0.0024,0.0192,0.0024,0.017599999999999998,0.0024,-0.89365166,0.0,-0.6218567,0.008569747,0.0872,-0.06493801,0.0464,0.468,0.0552,,0.0488,0.7832,6.1159067,0.44250706,5.9953303
-0.0030611686,0.0086040525,0.0696,0.0648,0.4096,0.07440000000000001,,0.068,0.6799999999999999,6.010355,0.6156362,5.6285815,-0.01038427,0.00040560728,-0.1872,0.2128,0.0008,0.2128,0.0008,0.2128,0.0008,-1.0618417,0.0,-0.92629206,0.008689799,0.0696,-0.14059736,0.0648,0.42879999999999996,0.07440000000000001,,0.068,0.6799999999999999,6.099848,0.61925685,5.7184296
-0.0025579063,0.008433636,0.052000000000000005,0.0432,0.432,0.0528,,0.0464,0.6792,5.772149,0.40783653,5.5341644,-0.009747452,0.00058046356,-0.2352,0.1648,0.0008,0.1648,0.0008,0.1648,0.0008,-1.2360053,0.0,-1.0262455,0.008497872,0.052000000000000005,-0.12303321,0.0432,0.432,0.0528,,0.0464,0.6792,5.8802032,0.4122332,5.6416554
-0.0016714288,0.008434746,0.0472,0.0392,0.42,0.0488,,0.0424,0.6664,5.834558,0.36085057,5.631522,-0.008976593,0.0005053254,-0.28080000000000005,0.1192,0.0008,0.1192,0.0008,0.1192,0.0008,-1.358801,0.0,-1.0889775,0.008524532,0.0472,-0.14526638,0.0392,0.42,0.0488,,0.0424,0.6664,5.9697995,0.36476892,5.7670393
-0.0005461891,0.008086146,0.0584,0.0496,0.3888,0.06,,0.053599999999999995,0.7504000000000001,5.5895276,0.45093733,5.322031,-0.008268811,0.00049326406,-0.3912,0.0016,0.0008,0.0064,0.0008,0.0016,0.0008,-1.5126736,0.0,-1.0646293,0.008264947,0.0584,-0.20838486,0.0496,0.4008,0.06,,0.053599999999999995,0.6519999999999999,5.7815475,0.45635363,5.515856
0.00048407828,0.007832518,0.06,0.0528,0.4088,0.06319999999999999,,0.056,0.6464,5.4064074,0.46484077,5.119384,-0.007617153,0.0004213741,-0.3008,0.07759999999999999,0.0008,0.0976,0.0016,0.0944,0.0016,-1.6940236,0.0,-1.3197259,0.008032617,0.0696,-0.22367379,0.062400000000000004,0.3992,0.0728,,0.0656,0.6744,5.647486,0.5666965,5.2965803
0.0015396416,0.007997387,0.048,0.04,0.3792,0.0512,1.4664000000000001,0.0432,0.6352,5.2506914,0.35225254,5.0363393,-0.007046894,0.0005468356,-0.3784,0.0152,0.0008,0.017599999999999998,0.0016,0.0152,0.0008,-1.8578078,0.0,-1.3370607,0.008217265,0.048,-0.23185468,0.04,0.3792,0.0504,1.4664000000000001,0.0432,0.6656000000000001,5.537086,0.35993356,5.3242326
0.002452304,0.007861365,0.056799999999999996,0.0512,0.36,0.06,1.5264,0.053599999999999995,0.5712,5.1279273,0.4462099,4.836687,-0.0066361874,0.00048398948,-0.3248,0.07440000000000001,0.0016,0.07440000000000001,0.0016,0.07440000000000001,0.0016,-1.9760218,0.0,-1.514295,0.008158816,0.056799999999999996,-0.27085575,0.0512,0.396,0.06,,0.0544,0.6576,5.4696712,0.45977622,5.177105
0.00337007,0.007831186,0.062400000000000004,0.056,0.3352,0.0648,,0.0592,0.5728000000000001,5.002,0.48956588,4.674591,-0.006309431,0.0005050935,-0.316,0.0728,0.0008,0.08,0.0016,0.0728,0.0008,-2.036027,0.0,-1.5740683,0.0081241,0.062400000000000004,-0.26934657,0.056,0.3496,0.0648,,0.0592,0.6104,5.363443,0.50712764,5.0324726
0.004013127,0.0074100257,0.036,0.031200000000000002,0.3808,0.0408,,0.033600000000000005,0.6024,4.8184915,0.24713326,4.662942,-0.0060561886,0.00059971143,-0.1144,0.2728,0.0008,0.2824,0.0016,0.2728,0.0016,-2.0892496,0.0,-1.9390898,0.007868609,0.0712,-0.34308955,0.0664,0.3784,0.07600000000000001,,0.0688,0.616,5.2404885,0.57998455,4.856434
0.0046588467,0.0072081,0.0584,0.0512,0.3352,0.0592,1.5392000000000001,0.053599999999999995,0.6016,4.7520337,0.42289832,4.477991,-0.0058734454,0.00041696825,-0.0856,0.312,0.0008,0.3144,0.0024,0.3144,0.0008,-2.0887866,0.0,-1.9717895,0.0075576603,0.072,-0.35088992,0.0648,0.37520000000000003,0.0728,,0.06720000000000001,0.624,5.180465,0.56208503,4.82026
0.005150571,0.007271118,0.0896,0.0464,0.3024,0.0552,,0.0496,0.5871999999999999,4.573184,0.38887784,4.412753,-0.0057169083,0.0003763847,-0.3456,0.0544,0.0016,0.0544,0.0024,0.0544,0.0024,-2.0691323,0.0,-1.5350506,0.007659008,0.0896,-0.31961918,0.0464,0.38239999999999996,0.0552,,0.0496,0.6368,4.991708,0.40464902,4.8392553
0.0057927403,0.007183691,0.0472,0.0424,0.2856,0.0504,,0.0448,0.5432,4.5373487,0.3327491,4.318447,-0.005532543,0.00053988,-0.0384,0.328,0.0008,0.36160000000000003,0.0008,0.328,0.0008,-2.1083813,0.0,-2.0628119,0.007676736,0.0472,-0.36034814,0.041600000000000005,0.33039999999999997,0.0504,,0.0448,0.628,4.9893484,0.34683755,4.769993
0.0063412697,0.007189904,0.0552,0.0488,0.3192,0.056799999999999996,1.3576,0.0512,0.5095999999999999,4.3643794,0.38892716,4.099656,-0.005323595,0.00056283874,-0.0296,0.3448,0.0008,0.3704,0.0016,0.3672,0.0016,-2.10183,0.0,-2.0663486,0.007559868,0.0552,-0.31414127,0.0488,0.3688,0.056799999999999996,1.3904,0.0512,0.604,4.800261,0.40712348,4.5323696
0.006851632,0.0066795414,0.036,0.0328,0.3344,0.0408,,0.035199999999999995,0.592,4.226249,0.23733877,4.072475,-0.005158013,0.0005132104,-0.3464,0.041600000000000005,0.0008,0.052000000000000005,0.0008,0.041600000000000005,0.0008,-2.0323741,0.0,-1.5545297,0.0071326136,0.0528,-0.3583443,0.0488,0.3712,0.0576,,0.052000000000000005,0.6295999999999999,4.6705956,0.39188328,4.413525
0.0074514193,0.006745445,0.056,0.0496,0.288,0.0576,1.5176,0.0512,0.49279999999999996,4.0698676,0.37254944,3.8211207,-0.0049286573,0.00074766856,-0.0232,0.35600000000000004,0.0008,0.3744,0.0008,0.3744,0.0008,-2.0585217,0.0,-2.0316205,0.0071540256,0.056,-0.33959976,0.0496,0.31039999999999995,0.056799999999999996,1.5375999999999999,0.0512,0.5608,4.5231433,0.39332134,4.268634
0.008104685,0.006425025,0.0712,0.0288,0.24159999999999998,0.0376,1.3712000000000002,0.032,0.4496,3.707065,0.21290897,3.6379442,-0.0046937354,0.0005127464,-0.1624,0.2352,0.0008,0.2352,0.0032,0.2352,0.0008,-1.9936458,0.0,-1.7678844,0.0069825095,0.0816,-0.40230763,0.0392,0.31039999999999995,0.048,1.3960000000000001,0.0424,0.5064000000000001,4.1916904,0.30985904,4.07145
0.008618376,0.006244179,0.0528,0.0464,0.2376,0.0544,1.3896,0.0496,0.49839999999999995,3.6523116,0.338557,3.415881,-0.004520733,0.00045569753,-0.0192,0.3792,0.0008,0.3792,0.0008,0.3792,0.0008,-2.0108068,0.0,-1.9876161,0.00666375,0.0528,-0.35674998,0.0464,0.29919999999999997,0.0544,,0.0496,0.5392,4.1245856,0.36225483,3.878218
0.009341982,0.0062972116,0.0448,0.04,0.1984,0.0488,1.3184,0.0424,0.4168,3.4750714,0.28529817,3.2701497,-0.0042851157,0.00056794076,-0.2832,0.1104,0.0008,0.1168,0.0032,0.1104,0.0008,-2.0626376,0.0,-1.6609747,0.0069867936,0.0448,-0.44803035,0.04,0.23120000000000002,0.048,1.4632,0.0424,0.5088,4.0256057,0.3077572,3.8136845
0.009991917,0.0063129673,0.0288,0.024,0.1648,0.031200000000000002,1.1816,0.0264,0.3448,3.300607,0.16435908,3.1852207,-0.004157567,0.00044039194,-0.268,0.1216,0.0008,0.1312,0.0024,0.13040000000000002,0.0024,-1.9582794,0.0,-1.6127381,0.0067604017,0.0368,-0.4092893,0.032,0.2008,0.0392,1.3576,0.0344,0.3736,3.8073013,0.24194627,3.639049
0.010755243,0.005993435,0.0288,0.024,0.1152,0.032,1.244,0.028,0.30960000000000004,2.963101,0.16250841,2.8434987,-0.004071065,0.00046984374,-0.3024,0.0928,0.0008,0.0936,0.0008,0.0928,0.0008,-1.9146236,0.0,-1.5318611,0.0065553016,0.0368,-0.45703876,0.032,0.1568,0.04,1.2464,0.036,0.38480000000000003,3.5038872,0.23913242,3.3322258
0.011272263,0.0058092605,0.0248,0.0224,0.09839999999999999,0.0296,1.164,0.024,0.3112,2.7997844,0.1421427,2.693718,-0.003950474,0.00046520587,-0.2384,0.1616,0.0008,0.1616,0.0008,0.1616,0.0008,-1.8387897,0.0,-1.568618,0.00640402,0.0448,-0.5105467,0.0424,0.1192,0.0496,1.2632,0.044,0.3744,3.3412814,0.30775872,3.1128328
0.011817907,0.005929307,0.017599999999999998,0.0144,0.092,0.020800000000000003,0.9328,0.017599999999999998,0.2008,2.662486,0.098602556,2.5865974,-0.0039010777,0.0006477167,-0.13199999999999998,0.0952,0.0016,0.2656,0.0016,0.2656,0.0016,-1.7966405,0.0,-1.6651493,0.0066300635,0.031200000000000002,-0.50002176,0.0288,0.108,0.0344,1.1760000000000002,0.031200000000000002,0.3032,3.1979132,0.21813457,3.028621
0.012436777,0.006308973,0.016800000000000002,0.0152,0.0824,0.0216,0.8488,0.0184,0.13440000000000002,2.5122066,0.09942579,2.4325457,-0.003807619,0.000554258,-0.1088,0.2368,0.0008,0.28719999999999996,0.0008,0.2848,0.0008,-1.8547914,0.0,-1.7417368,0.0070821876,0.0264,-0.5365234,0.0248,0.0888,0.031200000000000002,1.0688,0.028,0.2136,3.1072972,0.19375075,2.9536211
0.012718808,0.006248839,0.0184,0.016800000000000002,0.0824,0.024,0.9296,0.020800000000000003,0.1048,2.528572,0.11631903,2.4353755,-0.0037899942,0.0005366332,-0.2984,0.07759999999999999,0.0008,0.1016,0.0008,0.07759999999999999,0.0008,-1.8312527,0.0,-1.4831605,0.0071348795,0.0256,-0.53500617,0.024,0.0872,0.031200000000000002,1.0583999999999998,0.0272,0.1888,3.1089005,0.19390829,2.9542375
0.012808898,0.0063806456,0.0272,0.0248,0.06720000000000001,0.032,0.7968000000000001,0.028,0.116,2.501167,0.17444867,2.361483,-0.003786284,0.00041696953,-0.35600000000000004,0.0328,0.0008,0.0432,0.0008,0.04,0.0008,-1.7706087,0.0,-1.3865707,0.0071805334,0.0272,-0.47650525,0.0248,0.08,0.031200000000000002,0.9543999999999999,0.028,0.20240000000000002,3.034682,0.19866665,2.8780622
0.012899432,0.006179163,0.0152,0.016,0.0696,0.0224,0.9144,0.0192,0.1424,2.4760928,0.09499252,2.4018683,-0.003751034,0.00049767294,-0.3584,0.04,0.0008,0.04,0.0008,0.04,0.0008,-1.8110766,0.0,-1.4046597,0.0071316645,0.0152,-0.52276784,0.016,0.088,0.0216,1.1552,0.0192,0.19679999999999997,3.0496223,0.1084414,2.966496
0.012844181,0.006234415,0.024,0.0216,0.068,0.0288,0.852,0.0248,0.12639999999999998,2.4580631,0.14897715,2.3389044,-0.0037204223,0.0004670613,-0.384,0.012,0.0008,0.012,0.0008,0.012,0.0008,-1.7548391,0.0,-1.3254634,0.006974895,0.024,-0.46496707,0.0216,0.0856,0.0288,1.0952,0.0248,0.1728,2.9839642,0.16961642,2.8505235
0.01256814,0.0060666613,0.0304,0.0272,0.0696,0.0344,0.8856,0.0304,0.14,2.4885745,0.18859462,2.3333576,-0.0037426853,0.00060527783,-0.2968,0.0496,0.0008,0.1016,0.0024,0.1016,0.0008,-1.8358908,0.0,-1.4992777,0.006923936,0.0304,-0.5029035,0.0272,0.092,0.0344,1.0528,0.0304,0.1728,3.0653033,0.21669526,2.8923635
0.010792522,0.0067327954,0.0264,0.0224,0.1024,0.0296,0.9672000000000001,0.0256,0.2008,2.925045,0.16925985,2.793904,-0.0039701858,0.00048491778,-0.35919999999999996,0.0408,0.0008,0.0408,0.0008,0.0408,0.0008,-1.9683678,0.0,-1.5113951,0.007365684,0.0384,-0.45328566,0.0344,0.1216,0.041600000000000005,1.0936,0.0376,0.24,3.491645,0.2909826,3.2682748
0.0069754506,0.0071104653,0.02,0.017599999999999998,0.1672,0.0248,1.3488,0.020800000000000003,0.4432,3.7977664,0.13282752,3.7045698,-0.004901756,0.0006048137,-0.224,0.17200000000000001,0.0008,0.17200000000000001,0.0016,0.17200000000000001,0.0016,-1.9043036,0.0,-1.6378424,0.0077134487,0.0424,-0.39802825,0.04,0.1648,0.0472,1.3976,0.0432,0.4208,4.2389946,0.35021248,3.9833524
0.004716762,0.0073720817,0.0296,0.0256,0.2152,0.032,1.4992,0.028,0.4864,4.166725,0.2093045,4.022825,-0.0055893604,0.0004807436,-0.2072,0.1904,0.0008,0.1904,0.0008,0.1904,0.0008,-1.8586756,0.0,-1.6154052,0.007873886,0.0368,-0.35893986,0.0328,0.2296,0.0392,1.492,0.0344,0.4792,4.554098,0.29056704,4.3523493
0.0026469072,0.007999606,0.0328,0.0304,0.2256,0.0376,,0.0328,0.4576,4.44332,0.26052722,4.262696,-0.0064699105,0.00054961955,-0.09839999999999999,0.2544,0.0008,0.3008,0.0008,0.2544,0.0008,-1.7635365,0.0,-1.657671,0.008275066,0.0328,-0.2587437,0.0304,0.2256,0.0376,,0.0328,0.4664,4.746641,0.27204904,4.560221
0.0006507229,0.007998719,0.0392,0.0368,0.248,0.0448,,0.0392,0.516,4.773946,0.3282528,4.5481653,-0.0076922914,0.0004965123,-0.38720000000000004,0.0096,0.0008,0.0096,0.0008,0.0096,0.0008,-1.5907087,0.0,-1.1495057,0.008319074,0.0504,-0.27841794,0.0472,0.2368,0.0552,1.4376,0.0512,0.5376000000000001,5.0272903,0.45279965,4.714565
-0.0010623215,0.00849133,0.0384,0.031200000000000002,0.24159999999999998,0.04,,0.0344,0.5192,5.0932555,0.29408354,4.90775,-0.008910963,0.000439696,-0.3864,0.0,0.0008,0.0136,0.0024,0.008799999999999999,0.0008,-1.4291265,0.0,-1.0203905,0.008696822,0.0384,-0.21781716,0.031200000000000002,0.268,0.04,,0.0344,0.5192,5.281742,0.30121663,5.093804
-0.0026406741,0.008516404,0.032,0.0272,0.33039999999999997,0.0368,,0.0304,0.6407999999999999,5.4745297,0.2611061,5.312545,-0.010213818,0.00046706293,-0.3128,0.0864,0.0024,0.0872,0.0024,0.0864,0.0024,-1.1593004,0.0,-0.8999126,0.008691549,0.044,-0.20109302,0.04,0.3184,0.048,,0.0424,0.6288,5.5957713,0.39215538,5.3424215
-0.0037885467,0.0086657405,0.0552,0.0512,0.364,0.06,,0.053599999999999995,0.596,5.6433377,0.5070693,5.3119345,-0.0114069795,0.0005006888,-0.2008,0.1952,0.0008,0.1984,0.0016,0.1952,0.0008,-0.92919135,0.0,-0.79712033,0.008789624,0.0552,-0.1680923,0.0512,0.3408,0.06,,0.053599999999999995,0.596,5.719254,0.51195115,5.3862944
-0.0046969927,0.00857565,0.0408,0.033600000000000005,0.38239999999999996,0.0432,,0.0368,0.6592,5.7262163,0.33295566,5.5236244,-0.012626577,0.0004447978,-0.16799999999999998,0.1928,0.0008,0.232,0.0008,0.232,0.0008,-0.6366999,0.0,-0.5597068,0.008596529,0.0608,-0.06971051,0.053599999999999995,0.3624,0.06319999999999999,,0.0576,0.6392,5.756657,0.5421571,5.4098206
-0.0053662336,0.008468252,0.0584,0.0504,0.372,0.0576,,0.053599999999999995,0.6719999999999999,5.7192264,0.4930325,5.414229,-0.013573452,0.00046404498,-0.392,0.008,0.0008,0.008,0.0008,0.008,0.0008,-0.41841903,0.0,-0.28553644,0.008475384,0.0584,-0.041027844,0.0504,0.372,0.0576,,0.053599999999999995,0.6719999999999999,5.7315755,0.49395812,5.4261546
-0.005949379,0.008496655,0.044,0.0368,0.4504,0.045599999999999995,,0.0408,0.7071999999999999,5.8772173,0.3548143,5.672517,-0.014359618,0.00043853652,-0.2064,0.19360000000000002,0.0008,0.19360000000000002,0.0008,0.19360000000000002,0.0008,-0.22315228,0.0,-0.17317632,0.008500546,0.044,-0.030259699,0.0368,0.4504,0.045599999999999995,,0.0408,0.7071999999999999,5.881278,0.3550763,5.676444
-0.0061111418,0.008436521,0.0424,0.036,0.4648,0.0432,,0.0384,0.7528,5.89802,0.33186015,5.7109604,-0.014753395,0.0006004069,-0.0472,0.3368,0.0008,0.3528,0.0016,0.3528,0.0008,-0.13850716,0.0,-0.13305736,0.008437626,0.0424,0.016189197,0.036,0.41040000000000004,0.0432,,0.0384,0.7424,5.8950043,0.33160532,5.708077
-0.006084958,0.008632233,0.072,0.0688,0.3744,0.07759999999999999,,0.0712,0.6728000000000001,6.0094123,0.66018325,5.5946865,-0.014799313,0.000530371,-0.28159999999999996,0.0808,0.0008,0.1176,0.0008,0.0808,0.0008,-0.082964994,0.0,-0.053860694,0.0086324895,0.072,0.007710131,0.0688,0.3744,0.07759999999999999,,0.0712,0.6728000000000001,6.008594,0.66015965,5.5938168
-0.00608873,0.008525057,0.061599999999999995,0.056,0.4528,0.064,,0.0584,0.7608,6.147154,0.5312795,5.83084,-0.014605903,0.0005688686,0.0528,0.4496,0.0008,0.4512,0.0032,0.4512,0.0008,-0.09583498,0.0024113995,-0.104067676,0.008531713,0.061599999999999995,0.03950543,0.056,0.4528,0.064,,0.0584,0.7608,6.138573,0.53106546,5.8220615
-0.0058169058,0.008697027,0.0656,0.0576,0.42319999999999997,0.06720000000000001,,0.0608,0.7016,6.201574,0.5568298,5.8756075,-0.014099882,0.00052666105,-0.0368,0.36160000000000003,0.0008,0.3632,0.0008,0.36160000000000003,0.0008,-0.15972534,0.0,-0.15485528,0.008697255,0.0656,0.0072261416,0.0576,0.42319999999999997,0.06720000000000001,,0.0608,0.7016,6.200258,0.55681986,5.874242
-0.005418823,0.008520842,0.053599999999999995,0.045599999999999995,0.48719999999999997,0.053599999999999995,,0.0488,0.7712,6.260821,0.4313232,6.0229473,-0.01346492,0.00047146715,-0.19920000000000002,0.1896,0.0008,0.19999999999999998,0.0016,0.1896,0.0008,-0.3363231,0.0,-0.274404,0.008523791,0.0752,-0.02631223,0.06720000000000001,0.4656,0.0752,,0.07039999999999999,0.7496,6.2675023,0.6532633,5.883521
-0.0050890846,0.0085239485,0.056,0.0472,0.43360000000000004,0.056,,0.0496,0.6968000000000001,6.1838236,0.43768725,5.9396257,-0.012810944,0.0005132109,-0.30960000000000004,0.088,0.0008,0.0888,0.0016,0.088,0.0008,-0.47685754,0.0,-0.35023627,0.008525902,0.056,-0.0214081,0.0472,0.43360000000000004,0.056,,0.0496,0.6968000000000001,6.1926146,0.43779838,5.9487085
-0.004679019,0.008557676,0.061599999999999995,0.056,0.4664,0.0648,,0.0584,0.7512,6.1981354,0.52103215,5.891696,-0.012122644,0.0005206326,-0.1688,0.2256,0.0008,0.2288,0.0008,0.2256,0.0008,-0.6365249,0.0,-0.55628514,0.008590904,0.061599999999999995,-0.0879803,0.056,0.4664,0.0648,,0.0584,0.7512,6.230092,0.52064985,5.925887
-0.004101865,0.008313367,0.061599999999999995,0.0528,0.49279999999999996,0.064,,0.056799999999999996,0.7456,6.1544766,0.49733865,5.872113,-0.011483741,0.00046149688,-0.248,0.1184,0.0008,0.1512,0.0008,0.14959999999999998,0.0008,-0.7931196,0.0,-0.6433077,0.0083531225,0.061599999999999995,-0.097602494,0.0528,0.49279999999999996,0.064,,0.056799999999999996,0.7456,6.2024736,0.49780256,5.921758
-0.0035817386,0.0083479835,0.0816,0.0768,0.4672,0.08399999999999999,,0.07919999999999999,0.7095999999999999,6.14782,0.70948035,5.7195587,-0.010822806,0.00049628224,-0.3296,0.0496,0.0008,0.0696,0.0008,0.0496,0.0008,-0.9476861,0.0,-0.70499533,0.0084089935,0.0816,-0.12053347,0.0768,0.4696,0.08399999999999999,,0.07919999999999999,0.7095999999999999,6.217167,0.71090573,5.792654
-0.0030804737,0.008401461,0.0504,0.0432,0.4416,0.053599999999999995,,0.0472,0.7896000000000001,6.06178,0.4075816,5.826569,-0.010208252,0.0004614964,-0.3704,0.0256,0.0008,0.028,0.0016,0.0264,0.0016,-1.1150072,0.0,-0.79915,0.008498078,0.0512,-0.15093659,0.0448,0.4816,0.0544,,0.0488,0.7896000000000001,6.1605186,0.41825,5.9210405
-0.0023273558,0.008535931,0.0576,0.0512,0.4384,0.06,,0.053599999999999995,0.7144,5.9519415,0.47889706,5.6719074,-0.009555897,0.000620815,-0.28640000000000004,0.0576,0.0024,0.11120000000000001,0.0032,0.1088,0.0024,-1.2406437,0.0,-0.98253125,0.008660964,0.0664,-0.17012478,0.06,0.4304,0.0688,,0.062400000000000004,0.7056,6.0760646,0.5743576,5.735067
-0.0015067811,0.008491995,0.0664,0.0584,0.4032,0.06720000000000001,,0.0608,0.6576,5.8068204,0.5468449,5.474863,-0.0088028945,0.0004475806,-0.2912,0.0936,0.0008,0.10719999999999999,0.0016,0.10719999999999999,0.0008,-1.3812379,0.0,-1.094601,0.008607876,0.0664,-0.16427125,0.0584,0.41119999999999995,0.06720000000000001,,0.0608,0.7008,5.954527,0.5532237,5.6222024
-0.00043013704,0.008081042,0.053599999999999995,0.048,0.3896,0.056799999999999996,,0.0512,0.6784,5.4595513,0.41772223,5.203926,-0.008077256,0.00053361664,-0.30960000000000004,0.088,0.0008,0.0896,0.0008,0.088,0.0008,-1.5353996,0.0,-1.1818575,0.008275934,0.053599999999999995,-0.21744998,0.048,0.4152,0.056799999999999996,,0.0512,0.6784,5.6622305,0.4224611,5.408923
0.0004960607,0.007820535,0.0528,0.048,0.3688,0.056799999999999996,,0.0512,0.664,5.313322,0.41208568,5.05226,-0.0074353386,0.00047146622,-0.3976,0.0024,0.0008,0.0024,0.0016,0.0024,0.0008,-1.67663,0.0,-1.1717687,0.008063271,0.08,-0.24599206,0.0752,0.3816,0.08399999999999999,,0.0784,0.6472,5.5616612,0.68500984,5.1150284
0.0015283248,0.0080087045,0.0576,0.0488,0.3688,0.0584,,0.052000000000000005,0.5264,5.154111,0.44171336,4.869528,-0.0068555716,0.0004714667,-0.2912,0.10719999999999999,0.0008,0.10719999999999999,0.0008,0.10719999999999999,0.0008,-1.8579807,0.0,-1.4676813,0.008304181,0.0688,-0.26756153,0.06,0.3632,0.0696,,0.06319999999999999,0.6095999999999999,5.461934,0.56463873,5.0969286
0.0024365492,0.008099016,0.0448,0.0392,0.3184,0.048,1.5288000000000002,0.041600000000000005,0.5855999999999999,5.0704,0.34670153,4.84695,-0.006429327,0.00050903624,-0.30400000000000005,0.0944,0.0008,0.0944,0.0016,0.0944,0.0008,-1.9261607,0.0,-1.5235702,0.008337888,0.0488,-0.2906964,0.0432,0.35359999999999997,0.052000000000000005,,0.045599999999999995,0.5992000000000001,5.4097443,0.3986569,5.155058
0.0033234716,0.0076558874,0.0552,0.0488,0.352,0.0584,,0.052000000000000005,0.5672,4.982029,0.42917925,4.702106,-0.0060659284,0.0004934978,-0.3904,0.008,0.0008,0.008,0.0008,0.008,0.0008,-2.01446,0.0,-1.4366639,0.008024853,0.0552,-0.30441612,0.0488,0.3736,0.0584,,0.052000000000000005,0.6432,5.3567724,0.44442216,5.074601
0.0041160877,0.0076399106,0.0504,0.0432,0.3216,0.052000000000000005,1.5295999999999998,0.0464,0.5312,4.9049196,0.37080967,4.662941,-0.0058532697,0.00074465293,-0.2648,0.09999999999999999,0.0016,0.1336,0.0016,0.1336,0.0016,-2.059624,0.0,-1.6864858,0.007970054,0.0504,-0.2888326,0.0432,0.38480000000000003,0.052000000000000005,1.5295999999999998,0.0464,0.6616000000000001,5.288393,0.383999,5.0456376
0.0046042604,0.007484583,0.06319999999999999,0.0576,0.2552,0.0656,1.3528,0.0608,0.5416000000000001,4.6918993,0.48943138,4.35384,-0.005761203,0.0004206791,-0.34400000000000003,0.0496,0.0008,0.0552,0.0016,0.052000000000000005,0.0008,-2.054232,0.0,-1.5573713,0.007884177,0.06319999999999999,-0.31974065,0.0576,0.2984,0.0656,,0.0608,0.5416000000000001,5.0997868,0.5100885,4.756883
0.0051902905,0.007564244,0.0344,0.0256,0.2984,0.036,1.5352,0.0304,0.5664,4.640696,0.22385558,4.503231,-0.005572431,0.00046381424,-0.031200000000000002,0.3552,0.0008,0.3672,0.0008,0.36,0.0008,-2.1588216,0.0,-2.1232238,0.00781687,0.0344,-0.2549259,0.0272,0.3584,0.036,1.56,0.0304,0.5664,5.035116,0.23279096,4.8967137
0.00581027,0.007388058,0.048,0.0432,0.30960000000000004,0.0528,1.512,0.048,0.5880000000000001,4.5887733,0.36084878,4.347904,-0.0054808273,0.00048816414,-0.3408,0.0584,0.0008,0.0584,0.0008,0.0584,0.0008,-2.1217747,0.0,-1.6149423,0.007771406,0.048,-0.3154011,0.044,0.32080000000000003,0.0528,,0.0464,0.6584,5.020588,0.3770535,4.7760983
0.0062891236,0.0071311016,0.0376,0.0304,0.32239999999999996,0.0392,1.4736,0.033600000000000005,0.5424,4.3915067,0.2472906,4.2293,-0.005382267,0.00050555705,-0.3288,0.064,0.0008,0.0712,0.0008,0.064,0.0008,-2.1353993,0.0,-1.6441044,0.00762375,0.0552,-0.40060094,0.048,0.30479999999999996,0.056799999999999996,1.456,0.0504,0.5544,4.8765626,0.41786453,4.5992713
0.0069612493,0.007013718,0.0368,0.031200000000000002,0.24960000000000002,0.0384,1.4376,0.0328,0.5272,4.198512,0.24052918,4.0399666,-0.0051709996,0.0005261968,-0.224,0.1736,0.0008,0.1736,0.0072,0.1736,0.0008,-2.141139,0.0,-1.827137,0.0074421326,0.0368,-0.34096056,0.031200000000000002,0.3032,0.0384,1.5232,0.0328,0.5608,4.672801,0.25344667,4.5115175
0.0075477227,0.006981987,0.036,0.0296,0.23120000000000002,0.0376,1.4032,0.0328,0.4864,4.076636,0.23408464,3.9213078,-0.005069193,0.0004243902,-0.1392,0.2576,0.0008,0.26,0.0016,0.2592,0.0008,-2.1082654,0.0,-1.9265664,0.0075308406,0.0472,-0.384145,0.0408,0.28719999999999996,0.0488,,0.044,0.5472,4.5696344,0.34868383,4.3364186
0.008207644,0.007209653,0.035199999999999995,0.0296,0.1896,0.0384,1.3416,0.033600000000000005,0.4096,3.9144285,0.23933892,3.7493372,-0.0048298645,0.0005329221,-0.2176,0.18239999999999998,0.0008,0.18239999999999998,0.0008,0.18239999999999998,0.0008,-2.1067588,0.0,-1.8190783,0.0076248785,0.035199999999999995,-0.33153638,0.0296,0.2368,0.0384,1.4216,0.033600000000000005,0.5088,4.387004,0.25547177,4.215277
0.008757282,0.006881912,0.0264,0.0224,0.1784,0.0288,1.2728,0.0248,0.41119999999999995,3.7429588,0.16774568,3.6274614,-0.0046422523,0.00046126358,-0.3424,0.0304,0.0016,0.0512,0.0016,0.0512,0.0016,-2.0782914,0.0,-1.603462,0.007468518,0.0376,-0.39898401,0.033600000000000005,0.196,0.04,1.3024,0.036,0.45680000000000004,4.256352,0.2821474,4.059974
0.009478671,0.0068262136,0.0248,0.02,0.116,0.0272,1.1024,0.0224,0.3264,3.409501,0.1554727,3.2991076,-0.0043999096,0.00056678115,-0.0808,0.308,0.0008,0.3176,0.0008,0.3176,0.0008,-2.0953946,0.0,-2.0003128,0.0074704885,0.0448,-0.4863299,0.0408,0.15839999999999999,0.0472,1.3599999999999999,0.0424,0.38,3.9935384,0.3491374,3.741229
0.010241774,0.006728801,0.0264,0.0232,0.09839999999999999,0.031200000000000002,1.1024,0.0264,0.25680000000000003,3.0682793,0.1747864,2.935474,-0.0042577507,0.0005405757,-0.0848,0.31520000000000004,0.0008,0.31520000000000004,0.0032,0.31520000000000004,0.0008,-1.9516703,0.0,-1.855197,0.00734226,0.0264,-0.41168398,0.0232,0.12319999999999999,0.031200000000000002,1.2768,0.0264,0.30479999999999996,3.5928862,0.19331883,3.4500191
0.010802063,0.006501357,0.028,0.0248,0.0864,0.0328,1.1880000000000002,0.028,0.2336,2.890707,0.18128198,2.75069,-0.004106316,0.0005050943,-0.2256,0.1728,0.0008,0.1736,0.0008,0.1728,0.0008,-1.9197246,0.0,-1.6486254,0.007256205,0.0272,-0.49349663,0.024,0.12240000000000001,0.031200000000000002,1.1392,0.0272,0.2832,3.4551823,0.19570857,3.3083718
0.011405843,0.006452319,0.0264,0.024,0.08,0.031200000000000002,1.0648,0.0264,0.1672,2.7437572,0.17098804,2.611063,-0.0039915214,0.00050625345,-0.0144,0.38480000000000003,0.0008,0.38480000000000003,0.0008,0.38480000000000003,0.0008,-1.8756047,0.0,-1.8637775,0.0072684614,0.032,-0.5106024,0.0296,0.0952,0.036,1.2376,0.032,0.19920000000000002,3.3104053,0.24246857,3.1256187
0.011981889,0.0065419646,0.0216,0.017599999999999998,0.07600000000000001,0.0256,0.9208000000000001,0.0216,0.144,2.685619,0.13247555,2.58044,-0.0038866994,0.00051738496,-0.248,0.144,0.0008,0.15200000000000002,0.0008,0.144,0.0008,-1.8587916,0.0,-1.5871127,0.007515391,0.0256,-0.54386955,0.0216,0.09119999999999999,0.0296,1.0216,0.0248,0.2216,3.2599523,0.18736464,3.113869
0.012526202,0.0065523935,0.0232,0.0216,0.0656,0.0288,0.8248,0.0256,0.1104,2.5819376,0.15717867,2.451462,-0.003837767,0.00046845258,-0.39359999999999995,0.0032,0.0008,0.0048,0.0008,0.0032,0.0008,-1.8903888,0.0,-1.4117329,0.007585527,0.024,-0.5280285,0.0224,0.0872,0.0296,1.0096,0.0256,0.1944,3.1827202,0.1861116,3.0311472
0.012776945,0.006634496,0.024,0.020800000000000003,0.0664,0.028,0.9663999999999999,0.0248,0.1216,2.5605254,0.1619781,2.4267216,-0.0037969516,0.00054359064,-0.17679999999999998,0.21680000000000002,0.0008,0.22319999999999998,0.0024,0.21680000000000002,0.0008,-1.9482496,0.0,-1.7505488,0.007796273,0.028,-0.552942,0.0248,0.08,0.032,1.0128000000000001,0.0288,0.1728,3.2021708,0.22330572,3.0230725
0.012940927,0.006581462,0.024,0.020800000000000003,0.07600000000000001,0.028,0.9904000000000001,0.0224,0.13440000000000002,2.69982,0.15317541,2.579774,-0.0037396706,0.00060226314,-0.1168,0.24159999999999998,0.0008,0.28159999999999996,0.0008,0.28159999999999996,0.0008,-1.9737012,0.0,-1.8522979,0.007660381,0.024,-0.53717834,0.020800000000000003,0.092,0.028,1.1192,0.0224,0.1872,3.329537,0.17427412,3.1973243
0.0131614925,0.006360897,0.028,0.0216,0.07759999999999999,0.0296,0.8927999999999999,0.0256,0.204,2.593532,0.16793379,2.462058,-0.0037139286,0.00046056765,-0.3712,0.024,0.0008,0.028,0.0016,0.0264,0.0016,-1.995095,0.0,-1.5173669,0.0072515025,0.028,-0.5008322,0.0224,0.07759999999999999,0.0288,1.1,0.0256,0.23920000000000002,3.232959,0.19440925,3.0848393
0.0129597895,0.0065626,0.017599999999999998,0.016,0.08399999999999999,0.0232,0.84,0.017599999999999998,0.1608,2.6430688,0.11020508,2.556529,-0.0037422213,0.0006048138,-0.1096,0.288,0.0008,0.2904,0.0016,0.288,0.0016,-2.039853,0.0,-1.9197253,0.0076086475,0.0232,-0.5587156,0.0216,0.0936,0.028,1.032,0.0232,0.212,3.3224761,0.17739078,3.1837292
0.012622727,0.0066777654,0.0264,0.020800000000000003,0.07919999999999999,0.0288,0.9456,0.024,0.21839999999999998,2.8285208,0.16344969,2.706921,-0.0038187508,0.00044943637,-0.3448,0.0552,0.0016,0.0552,0.0016,0.0552,0.0016,-1.9589174,0.0,-1.5429921,0.007536145,0.0264,-0.4819379,0.0216,0.09839999999999999,0.0288,1.1152,0.024,0.2544,3.4143,0.18573673,3.2777977
0.0119710155,0.006552838,0.0256,0.020800000000000003,0.09680000000000001,0.0296,1.0568,0.0248,0.2368,2.9898956,0.1593202,2.8707368,-0.0038291865,0.0005758256,-0.108,0.2888,0.0008,0.2888,0.0024,0.2888,0.0008,-2.0250688,0.0,-1.9011147,0.0075545814,0.035199999999999995,-0.54963934,0.031200000000000002,0.0944,0.0392,1.0472,0.0344,0.22719999999999999,3.6073778,0.26516002,3.4088976
0.010913232,0.006612085,0.035199999999999995,0.0296,0.10719999999999999,0.0376,1.0759999999999998,0.032,0.2352,3.101233,0.22591592,2.9281533,-0.003927515,0.0004422469,-0.3528,0.0392,0.0008,0.0448,0.0016,0.04,0.0008,-2.0516224,0.0,-1.5712273,0.007375718,0.035199999999999995,-0.4590664,0.0296,0.1336,0.0376,1.2384000000000002,0.032,0.3424,3.689249,0.24888057,3.5053673
0.009148931,0.006712159,0.0248,0.0224,0.14639999999999997,0.0304,1.184,0.0248,0.3448,3.3840947,0.16580558,3.2616076,-0.0042825644,0.0005653894,-0.3608,0.0096,0.0008,0.0376,0.0064,0.0376,0.0024,-1.965527,0.0,-1.4934804,0.007462419,0.0432,-0.4522604,0.0408,0.1312,0.0488,1.3208,0.0432,0.35359999999999997,3.9027982,0.34435263,3.6476045
0.0070708664,0.007347895,0.06319999999999999,0.0224,0.1504,0.0296,1.2664,0.024,0.332,3.7499475,0.1862838,3.692698,-0.0047672503,0.0005862613,-0.0856,0.24159999999999998,0.0008,0.3144,0.0008,0.3136,0.0008,-1.8709087,0.0,-1.7692174,0.007854928,0.06319999999999999,-0.36126545,0.0224,0.1712,0.0296,1.2936,0.024,0.3896,4.1691775,0.19887368,4.115501
0.0049874764,0.007545161,0.0432,0.04,0.2384,0.0472,1.46,0.0424,0.4352,4.355226,0.34264478,4.11236,-0.0053792526,0.00050254306,-0.3864,0.0112,0.0008,0.0128,0.0016,0.0112,0.0008,-1.9225659,0.0,-1.404022,0.0079898,0.0432,-0.33518574,0.04,0.2544,0.0472,1.5176,0.0424,0.48719999999999997,4.745272,0.36057296,4.4935703
0.00284018,0.0076953853,0.035199999999999995,0.031200000000000002,0.2648,0.04,1.4824,0.033600000000000005,0.5032,4.590603,0.26448336,4.41242,-0.0062853126,0.00048097502,-0.3728,0.017599999999999998,0.0008,0.024,0.0016,0.017599999999999998,0.0008,-1.888998,0.0,-1.3687149,0.008033987,0.052000000000000005,-0.3361128,0.048,0.2888,0.056799999999999996,1.4656,0.0504,0.5456,4.9567604,0.4355302,4.658868
0.00084998633,0.008021352,0.0472,0.041600000000000005,0.2776,0.0504,,0.0448,0.5424,4.8885555,0.37229666,4.639032,-0.0074302363,0.00046636397,-0.376,0.024,0.0008,0.024,0.0064,0.024,0.0008,-1.6747752,0.0,-1.2102658,0.008232533,0.0472,-0.22699112,0.041600000000000005,0.2776,0.0496,,0.0448,0.5728000000000001,5.1400566,0.38387564,4.886627
-0.0009500415,0.008157153,0.036,0.0304,0.3512,0.0392,,0.033600000000000005,0.6607999999999999,5.310603,0.27398613,5.14873,-0.008653778,0.0005303705,-0.3512,0.044,0.0016,0.0472,0.0016,0.044,0.0016,-1.4331279,0.0,-1.0802814,0.008304381,0.036,-0.18858217,0.032,0.3912,0.0392,,0.033600000000000005,0.6607999999999999,5.485115,0.28008795,5.3211985
-0.002318036,0.008304714,0.04,0.0344,0.3672,0.0424,,0.0368,0.6808,5.572719,0.30927992,5.390098,-0.009912802,0.0003979532,-0.2968,0.0992,0.0008,0.1016,0.0016,0.0992,0.0008,-1.2695737,0.0,-0.984908,0.008378493,0.04,-0.13280554,0.0344,0.4192,0.0424,,0.0368,0.6896,5.691759,0.31288853,5.508873
-0.0036969031,0.008241251,0.0464,0.0424,0.4744,0.0496,,0.044,0.7408,5.8583,0.37536523,5.638289,-0.011297288,0.0003909981,-0.3632,0.0248,0.0008,0.031200000000000002,0.0016,0.031200000000000002,0.0016,-0.99279076,0.0,-0.70418257,0.008316523,0.0768,-0.13464499,0.0728,0.444,0.08,,0.07440000000000001,0.7104,5.938547,0.681803,5.516815
-0.0047056465,0.008362407,0.0448,0.0376,0.48,0.045599999999999995,,0.0408,0.716,6.017844,0.3421464,5.8286767,-0.012554455,0.00048862863,-0.1672,0.2248,0.0024,0.232,0.0024,0.2248,0.0024,-0.6891682,0.0,-0.6033627,0.008380801,0.0664,-0.06626558,0.0592,0.4584,0.06720000000000001,,0.062400000000000004,0.6944,6.050271,0.55927306,5.718245
-0.005367121,0.008358191,0.07600000000000001,0.07039999999999999,0.4768,0.07759999999999999,,0.0728,0.7959999999999999,6.213723,0.66133374,5.8194127,-0.013623545,0.000514138,-0.2504,0.11120000000000001,0.0008,0.1472,0.0008,0.11120000000000001,0.0008,-0.43511492,0.0,-0.33968526,0.008368413,0.07600000000000001,-0.049430877,0.07039999999999999,0.4768,0.0784,,0.0728,0.7959999999999999,6.227633,0.66114914,5.834256
-0.0059069963,0.0084542725,0.0992,0.0552,0.492,0.0656,,0.06,0.8176,6.22676,0.5368574,6.0607805,-0.014537723,0.00050068833,-0.2368,0.15519999999999998,0.0008,0.1632,0.0016,0.15519999999999998,0.0008,-0.21874517,0.0,-0.16158012,0.008456522,0.10719999999999999,-0.023065064,0.06319999999999999,0.48400000000000004,0.0736,,0.068,0.8096000000000001,6.2301483,0.61880606,6.011137
-0.006298423,0.008401904,0.0696,0.061599999999999995,0.49920000000000003,0.072,,0.0648,0.7776,6.3037586,0.57885534,5.977459,-0.014994347,0.0007254048,0.041600000000000005,0.43119999999999997,0.0008,0.4416,0.020800000000000003,0.43119999999999997,0.0008,-0.1707995,0.0022392888,-0.18077148,0.008401956,0.0696,0.0035329992,0.061599999999999995,0.49920000000000003,0.072,,0.0648,0.7776,6.303116,0.5788957,5.9767284
-0.0062680226,0.008371504,0.061599999999999995,0.053599999999999995,0.5024000000000001,0.06319999999999999,,0.056799999999999996,0.824,6.401559,0.49549112,6.134062,-0.015027741,0.00087475264,0.0424,0.0136,0.0024,0.44,0.0256,0.3808,0.0024,-0.095893756,0.00856106,-0.1107358,0.0083767,0.061599999999999995,0.035222255,0.053599999999999995,0.5024000000000001,0.06319999999999999,,0.056799999999999996,0.824,6.394212,0.49585295,6.1259336
-0.006175714,0.008390144,0.09839999999999999,0.056799999999999996,0.48879999999999996,0.0664,,0.0592,0.7856000000000001,6.2339168,0.52905846,6.0649424,-0.014780065,0.00074303057,0.07600000000000001,0.392,0.004,0.4744,0.0056,0.4744,0.004,-0.14470941,0.0017115078,-0.16129074,0.008405699,0.09839999999999999,0.0608443,0.056799999999999996,0.48879999999999996,0.0664,,0.0592,0.7856000000000001,6.213582,0.5287435,6.043108
-0.0057745236,0.008321799,0.092,0.08320000000000001,0.49920000000000003,0.0936,,0.0872,0.748,6.274523,0.7852587,5.8110905,-0.014196588,0.0007393202,0.0376,0.4328,0.0032,0.4376,0.0184,0.4376,0.0136,-0.2145128,0.0030927602,-0.2222817,0.008321913,0.092,0.0052391877,0.08320000000000001,0.49920000000000003,0.0936,,0.0872,0.748,6.273313,0.785355,5.8097143
-0.005498706,0.0084897755,0.09040000000000001,0.0824,0.48800000000000004,0.0928,,0.0872,0.7864,6.276686,0.77272934,5.829453,-0.01352081,0.00064331014,0.0328,0.4296,0.0008,0.4296,0.0008,0.4296,0.0008,-0.31087127,-0.00087336544,-0.31887203,0.008490013,0.09040000000000001,0.0074844253,0.0824,0.48800000000000004,0.092,,0.0872,0.7864,6.2741833,0.7727649,5.8267508
-0.0050952975,0.008086367,0.0784,0.0728,0.5384,0.0816,,0.07600000000000001,0.7992,6.194585,0.650339,5.819579,-0.012746474,0.0005646944,0.036,0.436,0.0008,0.436,0.0016,0.436,0.0008,-0.47581357,-0.0050844997,-0.48277077,0.0080901375,0.0784,-0.030533245,0.0728,0.5384,0.0816,,0.07600000000000001,0.7992,6.2062235,0.6502155,5.832065
-0.0045614135,0.008107225,0.0656,0.0576,0.536,0.068,,0.061599999999999995,0.8463999999999999,6.201353,0.5163435,5.916215,-0.011999966,0.00039795414,-0.3392,0.056,0.0008,0.0608,0.0008,0.056,0.0008,-0.62452346,0.0,-0.44166481,0.008154579,0.09119999999999999,-0.10782121,0.08320000000000001,0.5104,0.0936,,0.0872,0.8208000000000001,6.2325473,0.7635392,5.791354
-0.004099646,0.007978303,0.0584,0.0488,0.4736,0.0584,,0.052000000000000005,0.8128,6.0660515,0.43019488,5.832172,-0.011352713,0.0004464225,-0.2552,0.1152,0.0008,0.144,0.0008,0.14320000000000002,0.0008,-0.77891564,0.0,-0.6179722,0.007986659,0.0584,-0.045748737,0.0496,0.5376000000000001,0.0584,,0.052000000000000005,0.8128,6.0953264,0.430577,5.862307
-0.003571753,0.008116101,0.0728,0.0648,0.4792,0.07440000000000001,,0.068,0.7168,6.0433617,0.5854563,5.7050796,-0.0107198395,0.00050926954,-0.3272,0.062400000000000004,0.0008,0.072,0.0008,0.062400000000000004,0.0008,-0.95916474,0.0,-0.709053,0.008163903,0.0728,-0.10826903,0.0648,0.4792,0.07440000000000001,,0.068,0.7168,6.1116204,0.586518,5.775833
-0.002939569,0.008371505,0.0552,0.048,0.45439999999999997,0.056799999999999996,,0.0512,0.7352,5.9794006,0.4368402,5.729434,-0.01006818,0.00043737795,-0.3832,0.0,0.0008,0.016,0.0016,0.016,0.0008,-1.0779021,0.0,-0.74963796,0.008402595,0.0552,-0.08605066,0.048,0.4744,0.056799999999999996,,0.0512,0.7352,6.0499163,0.4389583,5.8005652
-0.0022008745,0.00840945,0.056,0.0496,0.4072,0.0584,,0.0528,0.656,5.8219094,0.45330432,5.5572977,-0.009416056,0.00048097456,-0.0112,0.384,0.0008,0.3888,0.0008,0.384,0.0008,-1.2288759,0.0,-1.2199473,0.008446898,0.056,-0.094199106,0.0496,0.4072,0.0584,,0.0528,0.7223999999999999,5.9116864,0.4565804,5.6467533
-0.0013545599,0.0080069285,0.0544,0.0488,0.41600000000000004,0.0584,,0.0528,0.6888,5.616544,0.43485403,5.358256,-0.008744684,0.0005053235,-0.176,0.17679999999999998,0.0008,0.21839999999999998,0.0008,0.17679999999999998,0.0008,-1.3549767,0.0,-1.187424,0.008140008,0.0544,-0.18107194,0.0488,0.41600000000000004,0.0584,,0.0528,0.7128,5.76873,0.43932673,5.511324
-0.00044300704,0.007761067,0.0504,0.041600000000000005,0.38799999999999996,0.052000000000000005,,0.045599999999999995,0.7304,5.4271545,0.36701486,5.213801,-0.008017889,0.00047424948,-0.3312,0.06,0.0008,0.068,0.0024,0.06,0.0008,-1.5086131,0.0,-1.1346631,0.007926893,0.0752,-0.20490436,0.0664,0.4248,0.0768,,0.07039999999999999,0.7088,5.6205835,0.6095456,5.2467937
0.0006669214,0.007871572,0.0648,0.0584,0.3512,0.068,,0.0608,0.6016,5.204703,0.51388973,4.869528,-0.007274859,0.0005428938,-0.2152,0.1592,0.0008,0.18239999999999998,0.0016,0.1592,0.0008,-1.7023715,0.0,-1.447274,0.008069476,0.0648,-0.2219277,0.0584,0.3992,0.06720000000000001,1.5064000000000002,0.0608,0.6488,5.451767,0.52529716,5.116415
0.0017253692,0.007922608,0.056799999999999996,0.0504,0.3032,0.0608,,0.0544,0.5624,4.9992275,0.45399755,4.6910124,-0.0067424006,0.00059020263,-0.2384,0.0824,0.0008,0.1592,0.0008,0.1592,0.0008,-1.8084692,0.0,-1.5071061,0.00819027,0.056799999999999996,-0.25635913,0.0504,0.3272,0.0608,,0.0544,0.5992000000000001,5.2944064,0.46643358,4.9849443
0.0025692435,0.007966322,0.0464,0.04,0.2784,0.0496,1.5256,0.0432,0.568,4.8710256,0.35409382,4.6406965,-0.006274413,0.0005860287,-0.1392,0.1512,0.0008,0.26080000000000003,0.0008,0.25839999999999996,0.0008,-1.9036661,0.0,-1.7340264,0.008233616,0.0464,-0.25550324,0.04,0.3088,0.0496,1.528,0.0432,0.5871999999999999,5.1940117,0.3663319,4.960698
0.0033860465,0.0075933123,0.0472,0.041600000000000005,0.2768,0.0496,1.4488,0.044,0.5752,4.818158,0.35536343,4.586054,-0.0059149573,0.0005744337,-0.0784,0.3008,0.0008,0.32,0.0032,0.3184,0.0024,-1.9509751,0.0,-1.8509073,0.007881111,0.06,-0.3616145,0.0544,0.3376,0.062400000000000004,1.528,0.056799999999999996,0.5816,5.1967783,0.48738065,4.8796206
0.0041997423,0.007556256,0.0472,0.041600000000000005,0.28159999999999996,0.0496,,0.0472,0.6136,4.711149,0.35262236,4.4757166,-0.005660323,0.0005517062,-0.0976,0.2912,0.0008,0.3008,0.0024,0.3008,0.0008,-2.00072,0.0,-1.8819834,0.007947565,0.0472,-0.31510556,0.041600000000000005,0.3264,0.0496,,0.044,0.6264000000000001,5.099246,0.36667857,4.8604198
0.0048221634,0.007599525,0.0408,0.035199999999999995,0.2728,0.0432,1.4440000000000002,0.0368,0.5207999999999999,4.6011434,0.2952667,4.4042096,-0.005506337,0.0003977206,-0.3584,0.031200000000000002,0.0024,0.041600000000000005,0.0024,0.0376,0.0024,-2.026577,0.0,-1.517889,0.008000522,0.0408,-0.31794912,0.035199999999999995,0.3288,0.0424,1.4944,0.0368,0.5824,5.004074,0.308817,4.803925
0.0053376304,0.0075278524,0.0344,0.0272,0.2592,0.0344,1.4976,0.0304,0.5095999999999999,4.496685,0.23582649,4.3437977,-0.0053722947,0.00061153853,-0.061599999999999995,0.3288,0.0008,0.3352,0.0008,0.33280000000000004,0.0008,-2.0459414,0.0,-1.9689482,0.00801481,0.0504,-0.35037878,0.0432,0.2912,0.0504,1.4816,0.0464,0.5631999999999999,4.9257555,0.3984612,4.659314
0.0058482145,0.0075720106,0.0384,0.033600000000000005,0.2592,0.0432,1.4784,0.036,0.52,4.449477,0.28701302,4.253764,-0.005306897,0.00043018768,-0.232,0.0696,0.0008,0.16799999999999998,0.0008,0.1632,0.0008,-2.098236,0.0,-1.7872488,0.008078867,0.0496,-0.3561057,0.0448,0.2536,0.0544,,0.0472,0.5448,4.9018254,0.4089354,4.623431
0.0065174554,0.00756846,0.0392,0.0368,0.2216,0.044,1.3632,0.0384,0.4584,4.287936,0.2971848,4.082238,-0.0052032345,0.00044247834,-0.352,0.0472,0.0008,0.048,0.0032,0.0472,0.0016,-2.1001496,0.0,-1.598419,0.008051866,0.044,-0.38663194,0.041600000000000005,0.2592,0.0488,1.4432,0.0432,0.492,4.763325,0.3613908,4.51515
0.0070744166,0.007455293,0.044,0.0384,0.15200000000000002,0.045599999999999995,1.3639999999999999,0.04,0.3704,4.086565,0.31884152,3.86023,-0.0050921515,0.0004473487,-0.3456,0.033600000000000005,0.0008,0.0496,0.0008,0.04,0.0008,-2.097888,0.0,-1.61413,0.008005022,0.0472,-0.37275666,0.041600000000000005,0.212,0.0488,1.3608,0.0432,0.452,4.5699463,0.37072068,4.311593
0.0076531237,0.00732038,0.035199999999999995,0.032,0.1528,0.04,1.2352,0.0344,0.35359999999999997,3.8645577,0.2565262,3.680272,-0.0049845465,0.0005716507,-0.3496,0.036,0.0008,0.0504,0.0016,0.036,0.0016,-2.0902352,0.0,-1.5987086,0.007809115,0.0392,-0.4299186,0.036,0.2064,0.044,,0.0384,0.4616,4.3840847,0.31416866,4.1609573
0.008249583,0.0071677146,0.0376,0.032,0.148,0.04,1.356,0.035199999999999995,0.35359999999999997,3.7924407,0.26765075,3.6004999,-0.0048625637,0.0006815747,-0.27599999999999997,0.0,0.0008,0.124,0.0016,0.124,0.0008,-2.0753932,0.0,-1.7124586,0.007781426,0.0376,-0.39981952,0.032,0.1856,0.04,1.4288,0.035199999999999995,0.4272,4.3011866,0.2907619,4.0970774
0.009106106,0.0075316234,0.0272,0.020800000000000003,0.1184,0.0296,1.1952,0.024,0.2824,3.5464666,0.17940983,3.4166567,-0.0046508326,0.00046984362,-0.2032,0.1888,0.0008,0.19360000000000002,0.0008,0.1888,0.0008,-2.1536036,0.0,-1.8871427,0.008293619,0.031200000000000002,-0.4320181,0.0256,0.1368,0.033600000000000005,1.3112000000000001,0.028,0.35600000000000004,4.1223497,0.23760651,3.9513001
0.0097054485,0.0074870232,0.0232,0.020800000000000003,0.12079999999999999,0.028,0.9616,0.0224,0.2544,3.4498873,0.1644232,3.3262906,-0.0045119207,0.00056283874,-0.032,0.3416,0.0008,0.3664,0.0072,0.3664,0.004,-2.1039171,0.0,-2.0676236,0.008264399,0.036,-0.46791202,0.033600000000000005,0.1152,0.0408,1.2328000000000001,0.035199999999999995,0.26880000000000004,4.027982,0.3078332,3.794744
0.010263075,0.0071512936,0.0192,0.0144,0.1024,0.0224,1.172,0.017599999999999998,0.2376,3.2557833,0.12015097,3.1697984,-0.004378806,0.0005456774,-0.1752,0.22319999999999998,0.0008,0.2248,0.0016,0.22319999999999998,0.0008,-2.0437376,0.0,-1.8422104,0.0081268,0.0368,-0.49500942,0.032,0.1024,0.04,1.1728,0.035199999999999995,0.248,3.8358297,0.30559346,3.6045477
0.01102751,0.0073853945,0.0264,0.0224,0.08399999999999999,0.0304,0.98,0.0256,0.1592,2.9697022,0.18680148,2.8205876,-0.0041902657,0.0005890442,-0.2648,0.1168,0.0008,0.1352,0.0024,0.1352,0.0008,-2.0635073,0.0,-1.7245754,0.008159675,0.0264,-0.43916038,0.0232,0.0976,0.0304,1.2032,0.0256,0.20879999999999999,3.5652657,0.21114723,3.4007692
0.011518568,0.007338131,0.016800000000000002,0.0136,0.08399999999999999,0.02,0.7528,0.016,0.13040000000000002,2.933589,0.10816809,2.8525968,-0.0040914738,0.0004902523,-0.19679999999999997,0.2032,0.0016,0.2032,0.004,0.2032,0.0016,-2.0171256,0.0,-1.7621439,0.008372853,0.017599999999999998,-0.50242054,0.0136,0.1016,0.020800000000000003,1.0696,0.016800000000000002,0.156,3.5423982,0.13015468,3.4464269
0.01208263,0.0072178626,0.0248,0.0248,0.0608,0.031200000000000002,0.7856000000000001,0.0272,0.10400000000000001,2.645123,0.18869402,2.486467,-0.0039314576,0.00044618966,-0.124,0.27440000000000003,0.0016,0.27599999999999997,0.0024,0.27599999999999997,0.0016,-1.991732,0.0,-1.8585016,0.008465698,0.0248,-0.5498537,0.0248,0.0768,0.031200000000000002,0.9752,0.0264,0.1416,3.296039,0.21836594,3.1155052
0.012344025,0.0069564674,0.017599999999999998,0.0136,0.0784,0.020800000000000003,0.8575999999999999,0.017599999999999998,0.1176,2.6755219,0.11176946,2.585321,-0.003860262,0.0004909475,-0.3624,0.0328,0.0008,0.035199999999999995,0.0016,0.0328,0.0008,-1.9432057,0.0,-1.5003794,0.0081588505,0.017599999999999998,-0.5498013,0.0136,0.0896,0.020800000000000003,1.028,0.016800000000000002,0.1624,3.2965856,0.1290968,3.1953819
0.012788928,0.0070663067,0.0232,0.0216,0.064,0.0288,0.9216,0.024,0.1016,2.7207336,0.16775516,2.5842671,-0.0037777033,0.0006402958,-0.3056,0.0872,0.0008,0.09119999999999999,0.0008,0.0872,0.0008,-1.9884274,0.0,-1.6297834,0.008140503,0.0248,-0.5463748,0.0232,0.0752,0.0304,0.9792000000000001,0.0256,0.13199999999999998,3.3578057,0.2100331,3.1892257
0.012981756,0.007095376,0.0248,0.0216,0.0648,0.0296,0.896,0.0256,0.1176,2.7930176,0.17568824,2.6503382,-0.0037387428,0.0006013353,-0.0736,0.3128,0.0008,0.324,0.0008,0.31520000000000004,0.0008,-2.0511584,0.0,-1.9760206,0.008163341,0.0248,-0.5172639,0.0224,0.0864,0.0296,0.9736000000000001,0.0248,0.1792,3.441928,0.20116912,3.2820773
0.012965114,0.006890121,0.020800000000000003,0.016800000000000002,0.0872,0.024,0.9960000000000001,0.020800000000000003,0.1376,2.8251367,0.13243385,2.7218437,-0.0037658757,0.0006284681,-0.38799999999999996,0.0,0.0008,0.012,0.0008,0.012,0.0008,-2.1018884,0.0,-1.5856636,0.00809103,0.0328,-0.55181324,0.0288,0.07759999999999999,0.036,1.1008,0.032,0.20240000000000002,3.5076942,0.26681262,3.2980542
0.012877464,0.007088719,0.024,0.0216,0.07440000000000001,0.0288,0.8384,0.024,0.13440000000000002,2.8121006,0.16573036,2.679739,-0.003813417,0.00044410245,-0.3968,0.0,0.0008,0.0024,0.0008,0.0024,0.0008,-2.0969598,0.0,-1.563458,0.008120863,0.024,-0.5096769,0.0216,0.0944,0.0288,0.9392,0.024,0.19999999999999998,3.4777856,0.18936485,3.329661
0.0126939565,0.0067174844,0.035199999999999995,0.0304,0.07600000000000001,0.0384,0.984,0.033600000000000005,0.2208,2.9532812,0.24076077,2.7652235,-0.0037570633,0.00038774882,-0.38799999999999996,0.008799999999999999,0.0008,0.0096,0.0016,0.0096,0.0016,-2.129833,0.0,-1.5954036,0.0077112103,0.036,-0.51329273,0.031200000000000002,0.1032,0.0392,1.12,0.0344,0.2704,3.6185498,0.28120938,3.403734
0.012138326,0.006496476,0.0272,0.0216,0.1024,0.031200000000000002,1.1112,0.0248,0.3112,3.0977373,0.16307606,2.9776912,-0.0038331288,0.00046381436,-0.3416,0.056,0.0008,0.056,0.0016,0.056,0.0008,-2.084959,0.0,-1.6305373,0.007424624,0.036,-0.50538,0.0304,0.12240000000000001,0.0376,1.1767999999999998,0.0328,0.3552,3.719903,0.25814274,3.5294209
0.011029951,0.0066063143,0.0224,0.0224,0.1152,0.0288,1.0816,0.024,0.2832,3.1217568,0.14869665,3.007369,-0.004000102,0.0005148342,-0.26080000000000003,0.1328,0.0008,0.1384,0.0016,0.1328,0.0008,-2.1057143,0.0,-1.7612165,0.007290863,0.0232,-0.47149265,0.0232,0.1616,0.0304,1.3064,0.0248,0.3664,3.7375965,0.16960286,3.612195
0.009389468,0.0071373135,0.028,0.0224,0.1288,0.031200000000000002,1.312,0.0248,0.3672,3.5426397,0.17558149,3.417268,-0.0042227325,0.000621511,-0.38239999999999996,0.0,0.0008,0.016800000000000002,0.0008,0.016800000000000002,0.0008,-2.0927281,0.0,-1.5431083,0.007645593,0.028,-0.36668786,0.0232,0.15839999999999999,0.0304,1.312,0.0248,0.40559999999999996,4.057421,0.19011599,3.925626
0.0073959455,0.007133764,0.032,0.0288,0.21680000000000002,0.0368,1.456,0.031200000000000002,0.42319999999999997,3.9523728,0.22443986,3.79649,-0.004675183,0.0004941942,-0.2768,0.116,0.0008,0.12079999999999999,0.0008,0.116,0.0008,-2.0218225,0.0,-1.6559892,0.007646363,0.0384,-0.36824164,0.035199999999999995,0.24,0.0432,1.4904,0.0376,0.456,4.4152193,0.29831383,4.20914
0.0053161057,0.007216532,0.036,0.031200000000000002,0.2952,0.0384,1.492,0.0328,0.5519999999999999,4.4881983,0.2466362,4.32932,-0.0052336147,0.00047285855,-0.26,0.1272,0.0016,0.1376,0.0024,0.1272,0.0016,-1.971035,0.0,-1.632335,0.007690428,0.044,-0.35288832,0.0392,0.3344,0.0464,1.5392000000000001,0.0408,0.544,4.8928366,0.32861742,4.6819515
0.0031490605,0.007497453,0.041600000000000005,0.0376,0.328,0.0464,,0.04,0.5888,4.799075,0.30377153,4.5990353,-0.0060633775,0.0004909467,-0.0408,0.3568,0.0008,0.35919999999999996,0.0016,0.3568,0.0008,-1.8905637,0.0,-1.8482407,0.007775315,0.0472,-0.26814672,0.0432,0.3776,0.052000000000000005,,0.0464,0.6295999999999999,5.1284685,0.3658747,4.889122
0.0011803907,0.0074690506,0.0408,0.035199999999999995,0.3864,0.0448,,0.0376,0.6432,5.0126514,0.2926066,4.830585,-0.0070515326,0.00043552066,-0.39840000000000003,0.0,0.0008,0.0016,0.0016,0.0,0.0008,-1.723881,0.0,-1.2061487,0.0077952486,0.07759999999999999,-0.29031336,0.072,0.372,0.0816,,0.07440000000000001,0.6064,5.296358,0.64108074,4.878625
-0.0004998126,0.00792882,0.0768,0.0688,0.364,0.07759999999999999,,0.0712,0.6944,5.4051867,0.6225921,5.0160904,-0.008213154,0.0005535609,-0.3296,0.04,0.0008,0.06720000000000001,0.0008,0.0648,0.0008,-1.4967868,0.0,-1.129678,0.008176543,0.0768,-0.24678342,0.0688,0.3744,0.07759999999999999,,0.0712,0.6944,5.607071,0.63125366,5.219509
-0.0019947325,0.008092359,0.0752,0.068,0.4256,0.07759999999999999,,0.0712,0.7,5.6853876,0.6192224,5.307386,-0.009413506,0.0004784246,-0.07759999999999999,0.3216,0.0008,0.3216,0.0064,0.3216,0.0008,-1.287489,0.0,-1.2197722,0.008157515,0.0752,-0.1264747,0.068,0.44480000000000003,0.07759999999999999,,0.0712,0.7,5.8023777,0.62552625,5.4234905
-0.0033691614,0.008024458,0.0656,0.0608,0.49839999999999995,0.0696,,0.06319999999999999,0.7752,5.9184895,0.5366279,5.607279,-0.010777584,0.00045106094,-0.35359999999999997,0.032,0.0008,0.0464,0.0008,0.032,0.0008,-1.0327373,0.0,-0.74262154,0.008066697,0.0656,-0.1023801,0.0608,0.49839999999999995,0.0696,,0.06319999999999999,0.7752,5.993046,0.538831,5.682932
-0.004399207,0.008055967,0.0872,0.07759999999999999,0.5032,0.0864,,0.0808,0.7816,6.124077,0.7160047,5.7196703,-0.012000197,0.0005141385,-0.33039999999999997,0.06319999999999999,0.0016,0.0696,0.0032,0.06319999999999999,0.0016,-0.7870333,0.0,-0.56822914,0.00806146,0.0872,-0.036916852,0.07759999999999999,0.5032,0.0864,,0.0808,0.8136,6.1489525,0.71705204,5.745031
-0.0051252535,0.0081163235,0.08320000000000001,0.0768,0.5367999999999999,0.0864,,0.08,0.7784,6.265425,0.7061887,5.8586884,-0.0131344525,0.0004888596,0.028,0.4088,0.0008,0.4256,0.0008,0.4088,0.0008,-0.53941613,-0.008747548,-0.5430107,0.008118959,0.0944,-0.025481595,0.088,0.5256,0.0976,,0.09119999999999999,0.7672,6.277135,0.81580603,5.8000526
-0.005662244,0.007876674,0.06,0.052000000000000005,0.5167999999999999,0.061599999999999995,,0.056,0.8223999999999999,6.0771456,0.4550606,5.833281,-0.014146727,0.00068945903,-0.068,0.1984,0.0008,0.332,0.0008,0.3032,0.0008,-0.3417732,0.0,-0.32310468,0.007884078,0.0872,0.04334126,0.07919999999999999,0.48960000000000004,0.0888,,0.08320000000000001,0.7952,6.05663,0.71360296,5.642293
-0.006031703,0.007913288,0.0656,0.0592,0.5304,0.0696,,0.064,0.8032,6.1171436,0.5200785,5.823574,-0.014705159,0.00090003107,0.0272,0.4208,0.0008,0.42160000000000003,0.0016,0.4208,0.0016,-0.19091728,-0.0011702022,-0.19161302,0.007925302,0.07919999999999999,0.055068895,0.0728,0.5167999999999999,0.08320000000000001,,0.0768,0.7896000000000001,6.0973625,0.64983416,5.7160373
-0.006130669,0.008012254,0.068,0.06,0.5352,0.0696,,0.06319999999999999,0.8104,6.2023516,0.52715605,5.919877,-0.014928253,0.0007752655,0.0424,0.44079999999999997,0.0016,0.4416,0.0192,0.44079999999999997,0.0048,-0.1100975,0.008506123,-0.12714264,0.008030657,0.068,0.06771217,0.06,0.5296,0.0696,,0.06319999999999999,0.8104,6.180689,0.5275118,5.896398
-0.006039691,0.007921277,0.07039999999999999,0.064,0.5472,0.072,,0.0664,0.8463999999999999,6.184711,0.5571662,5.8744993,-0.014726031,0.00092090294,0.031200000000000002,0.0008,0.0016,0.4296,0.0192,0.4296,0.0136,-0.18372785,-0.00014632242,-0.19172862,0.007924477,0.07039999999999999,0.028419796,0.064,0.5472,0.072,,0.0664,0.8463999999999999,6.1769924,0.55744183,5.86598
-0.0058353236,0.0078278575,0.0696,0.06319999999999999,0.576,0.072,,0.0664,0.8792,6.244789,0.5451118,5.952772,-0.014252941,0.0007956736,0.0328,0.4096,0.0008,0.432,0.020800000000000003,0.4096,0.0008,-0.253879,0.0030544908,-0.26408294,0.007834889,0.0696,0.042369377,0.06319999999999999,0.576,0.072,,0.0664,0.8792,6.2284307,0.54542303,5.935154
-0.005505585,0.007830964,0.0552,0.0504,0.5912000000000001,0.06,,0.0528,0.8496,6.1956387,0.42029023,5.973409,-0.013570438,0.00069293845,0.0408,0.22319999999999998,0.0008,0.43920000000000003,0.0008,0.436,0.0008,-0.335685,0.00426431,-0.35075894,0.007834315,0.0552,0.029250374,0.0504,0.5912000000000001,0.06,,0.0528,0.8496,6.1831713,0.42039314,5.960348
-0.004968372,0.007848494,0.0808,0.0736,0.5552,0.08399999999999999,,0.0768,0.7871999999999999,6.169732,0.6418079,5.809926,-0.012725138,0.00042740535,-0.38,0.0,0.0008,0.02,0.0016,0.02,0.0016,-0.51697737,0.0,-0.33342296,0.007849972,0.0808,-0.019410465,0.0736,0.5552,0.08399999999999999,,0.0768,0.7871999999999999,6.178604,0.64171344,5.8194647
-0.004462447,0.007564465,0.0656,0.0592,0.6207999999999999,0.06720000000000001,,0.061599999999999995,0.9168,6.113814,0.48492908,5.863403,-0.011969122,0.00048306398,-0.35600000000000004,0.0328,0.0008,0.044,0.0008,0.0328,0.0008,-0.64417744,0.0,-0.43847597,0.007594652,0.12639999999999998,-0.08919019,0.12,0.5424,0.128,,0.12240000000000001,0.8423999999999999,6.1468906,1.0353566,5.553535
-0.0039867004,0.0076434608,0.0592,0.0512,0.536,0.0608,,0.0552,0.868,5.995987,0.42105028,5.7818565,-0.011189914,0.0006314842,-0.2064,0.1848,0.0008,0.1848,0.0024,0.1848,0.0008,-0.8170645,0.0,-0.68406594,0.0076455846,0.0592,-0.02357009,0.0512,0.536,0.0608,,0.0552,0.868,6.0135784,0.4213186,5.8000045
-0.003363392,0.0075748945,0.1008,0.0576,0.5584,0.0664,,0.0608,0.8472000000000001,5.7744784,0.48689994,5.6407857,-0.010498136,0.0005194731,-0.2904,0.0992,0.0008,0.1064,0.0008,0.0992,0.0008,-0.8944629,0.0,-0.6756586,0.007612528,0.1056,-0.099475935,0.062400000000000004,0.5536,0.0712,,0.0656,0.8423999999999999,5.834762,0.532398,5.6760817
-0.0027525101,0.007740652,0.108,0.0648,0.4768,0.0736,,0.06720000000000001,0.7552,5.599347,0.5665783,5.3927608,-0.009830475,0.0005475329,-0.2912,0.09999999999999999,0.0008,0.1088,0.0032,0.09999999999999999,0.0008,-1.0614952,0.0,-0.8002521,0.007815054,0.108,-0.13809796,0.0648,0.49920000000000003,0.0736,,0.06720000000000001,0.7552,5.6921644,0.5698442,5.4898753
-0.002129424,0.007672308,0.0712,0.064,0.4424,0.072,,0.06720000000000001,0.7544000000000001,5.5601826,0.55469,5.2365456,-0.009231922,0.0004127943,-0.20879999999999999,0.1736,0.0008,0.1896,0.0008,0.1784,0.0008,-1.2247009,0.0,-1.0362766,0.0077861375,0.0712,-0.17120302,0.064,0.49360000000000004,0.072,,0.06720000000000001,0.8056,5.6875453,0.5589306,5.3660326
-0.0012540405,0.007462615,0.10400000000000001,0.0608,0.43119999999999997,0.07039999999999999,,0.0648,0.7064,5.2022066,0.5100367,5.0121517,-0.008517648,0.00039424095,-0.3368,0.0584,0.0008,0.06319999999999999,0.0024,0.06,0.0008,-1.2945056,0.0,-0.9409635,0.007514468,0.10400000000000001,-0.1175439,0.0608,0.4496,0.07039999999999999,,0.0648,0.7064,5.318121,0.51528823,5.131309
-0.00018671613,0.0072828787,0.0432,0.0392,0.41759999999999997,0.048,,0.041600000000000005,0.6768000000000001,5.0909257,0.30296344,4.913852,-0.007839784,0.0004120979,-0.24400000000000002,0.14,0.0008,0.15519999999999998,0.0008,0.1544,0.0008,-1.4155034,0.0,-1.1735084,0.007447896,0.06319999999999999,-0.21089567,0.0592,0.4584,0.068,,0.061599999999999995,0.7136,5.2744455,0.4827636,4.9805956
0.0009358604,0.007491684,0.0432,0.0392,0.3864,0.0496,,0.0424,0.6576,5.0379477,0.32056296,4.8356886,-0.00715218,0.0005361682,-0.2984,0.09680000000000001,0.0008,0.1008,0.0008,0.09680000000000001,0.0008,-1.6757605,0.0,-1.3074921,0.007715114,0.0712,-0.29549095,0.06720000000000001,0.38720000000000004,0.07600000000000001,,0.07039999999999999,0.6295999999999999,5.3075967,0.58565134,4.9293985
0.0018886854,0.0077592917,0.0384,0.032,0.28159999999999996,0.0408,1.5192,0.036,0.6216,4.932103,0.2760318,4.7592454,-0.0065575712,0.0005213269,-0.23120000000000002,0.1544,0.0016,0.1656,0.0024,0.1544,0.0016,-1.8335726,0.0,-1.543225,0.007913067,0.0504,-0.25939247,0.0448,0.36479999999999996,0.0528,1.5071999999999999,0.048,0.6376000000000001,5.237404,0.3968834,4.9843216
0.0028703578,0.0078871045,0.048,0.04,0.316,0.0488,1.4472,0.0432,0.5176000000000001,4.893382,0.36072454,4.6577272,-0.006121354,0.00043297,-0.3952,0.0,0.0008,0.0024,0.0016,0.0008,0.0016,-1.9064493,0.0,-1.3548586,0.008229733,0.048,-0.2895692,0.04,0.3216,0.048,,0.0432,0.5176000000000001,5.2340217,0.37374875,4.995597
0.0036982556,0.000513247,-0.3344,0.0576,0.0008,0.0656,0.0024,0.0576,0.0008,-0.07073037,0.0,-0.045656025,-0.0058001634,0.0005755932,0.372,0.76,0.0008,0.772,0.0016,0.7647999999999999,0.0008,0.031423546,0.010234111,0.027713038,0.00064127485,1.4992,-2.7645814,1.8576,0.0008,1.8983999999999999,0.0024,1.896,0.0016,0.05419455,0.08351415,0.0025435195
0.004389021,0.007588874,0.032,0.0288,0.2768,0.0368,1.2888,0.031200000000000002,0.5456,4.5533237,0.23376837,4.3969975,-0.005504018,0.000511355,-0.2656,0.13199999999999998,0.0008,0.13440000000000002,0.0008,0.13199999999999998,0.0008,-1.9677885,0.0,-1.622479,0.008028214,0.0576,-0.33235806,0.053599999999999995,0.2896,0.062400000000000004,1.2632,0.056799999999999996,0.52,4.9461823,0.4885785,4.606102
0.0049317805,0.0074899085,0.035199999999999995,0.031200000000000002,0.19920000000000002,0.0384,1.4216,0.0344,0.45999999999999996,4.337419,0.2597694,4.1584587,-0.0053463215,0.00035365834,-0.3888,0.0,0.0008,0.0112,0.0016,0.0,0.0008,-1.9189719,0.0,-1.4034427,0.007988174,0.0448,-0.35506317,0.0408,0.23920000000000002,0.048,1.428,0.0432,0.5296,4.734,0.36481485,4.482568
0.0054310486,0.0075453827,0.0712,0.0296,0.232,0.0384,1.3928,0.0328,0.35760000000000003,4.1921873,0.26058593,4.095884,-0.005195118,0.00055031525,-0.3256,0.068,0.0008,0.07440000000000001,0.0008,0.068,0.0008,-1.8899837,0.0,-1.4614196,0.008093681,0.08320000000000001,-0.37019733,0.041600000000000005,0.2288,0.0504,1.5151999999999999,0.0448,0.4704,4.5919867,0.38942468,4.41378
0.005980465,0.007661657,0.033600000000000005,0.0288,0.1848,0.0376,1.4104,0.032,0.40480000000000005,4.254097,0.24590084,4.0858994,-0.0050981813,0.00045337854,-0.3472,0.0296,0.0008,0.052000000000000005,0.0008,0.0512,0.0008,-1.9782237,0.0,-1.5187001,0.008042465,0.033600000000000005,-0.3089602,0.0288,0.2256,0.0376,1.4104,0.032,0.4768,4.6541815,0.26083413,4.4773417
0.006613093,0.0076947194,0.044,0.0384,0.15200000000000002,0.0464,1.3432,0.0408,0.3912,4.1184626,0.33722457,3.874487,-0.0049952143,0.00035041152,-0.3776,0.016800000000000002,0.0008,0.0184,0.0008,0.016800000000000002,0.0008,-2.0853653,0.0,-1.5436306,0.0082633095,0.044,-0.37312996,0.0384,0.20559999999999998,0.0464,1.4104,0.0408,0.4504,4.5952573,0.36080304,4.338777
0.007120571,0.0076310355,0.032,0.0296,0.1656,0.0368,1.3296,0.031200000000000002,0.4064,4.046069,0.24777012,3.8664436,-0.0049328315,0.00051993574,-0.20559999999999998,0.16640000000000002,0.0008,0.1864,0.0008,0.16640000000000002,0.0008,-2.0602612,0.0,-1.8079463,0.008271184,0.032,-0.39601624,0.0296,0.188,0.0368,1.4256,0.031200000000000002,0.4088,4.527661,0.2655684,4.3384104
0.007845952,0.007571345,0.028,0.024,0.1376,0.031200000000000002,1.3456000000000001,0.0264,0.33039999999999997,3.8240056,0.20275502,3.6752238,-0.0047851065,0.00048816414,-0.3472,0.0504,0.0008,0.052000000000000005,0.0008,0.0504,0.0008,-2.0394478,0.0,-1.585026,0.008274688,0.0544,-0.47741795,0.0504,0.1328,0.0576,1.3192,0.0528,0.3832,4.333523,0.4796799,3.973041
0.008676735,0.00052744895,-0.2592,0.13199999999999998,0.0008,0.1368,0.0008,0.1368,0.0008,-0.053532653,0.0,-0.035337105,-0.004898277,0.00071728835,1.348,1.6984,0.0008,1.744,0.0008,1.6984,0.0008,0.041917283,0.06301042,0.018505039,0.00073048845,1.348,1.7611903,1.6864000000000001,0.0008,1.744,0.0024,1.7320000000000002,0.0008,0.051290654,0.080422446,0.027608376
0.009219717,0.008083703,0.0272,0.024,0.0856,0.032,1.1144,0.0272,0.1424,3.3983505,0.21471184,3.233814,-0.004617438,0.0005524028,-0.1672,0.228,0.0008,0.2288,0.0008,0.2288,0.0008,-2.0959747,0.0,-1.8717206,0.008858023,0.0272,-0.42123312,0.024,0.1008,0.032,1.18,0.0272,0.22319999999999998,3.9582996,0.23818792,3.7786086
0.009856339,0.00755803,0.016800000000000002,0.016,0.08,0.0224,1.0168,0.017599999999999998,0.13040000000000002,3.1489947,0.120330475,3.0570185,-0.004482468,0.00053338613,-0.28159999999999996,0.1152,0.0008,0.1184,0.0008,0.1152,0.0008,-2.0690737,0.0,-1.7096179,0.008559987,0.0256,-0.5156195,0.024,0.0952,0.0304,1.1672,0.0264,0.2016,3.759792,0.22654377,3.5854154
0.010500948,0.0075791115,0.016,0.0136,0.07600000000000001,0.020800000000000003,0.904,0.016800000000000002,0.1368,3.032445,0.10531673,2.9522293,-0.0043878504,0.0005547219,-0.2296,0.1656,0.0008,0.1704,0.0008,0.1656,0.0008,-2.0283737,0.0,-1.7476501,0.008501592,0.016,-0.4701657,0.0136,0.1032,0.0192,1.1960000000000002,0.016800000000000002,0.14880000000000002,3.6223264,0.11996128,3.532639
0.011389867,0.0072449343,0.0192,0.016,0.07440000000000001,0.0232,1.0152,0.0192,0.1296,2.7858062,0.13193992,2.6797392,-0.0042612297,0.00042810116,-0.3344,0.064,0.0008,0.064,0.0016,0.064,0.0016,-2.013299,0.0,-1.5925039,0.008343138,0.0264,-0.5451062,0.0232,0.08320000000000001,0.0304,1.0176,0.0256,0.164,3.4259787,0.22369099,3.2472656
0.011897568,0.007181028,0.0272,0.0248,0.06319999999999999,0.0328,0.8927999999999999,0.0288,0.1064,2.6982675,0.20199454,2.531623,-0.0041475943,0.00043041934,-0.30960000000000004,0.08320000000000001,0.0008,0.0896,0.0016,0.0896,0.0008,-1.9822245,0.0,-1.5994622,0.008322985,0.0272,-0.5300242,0.0256,0.0768,0.032,0.9456,0.028,0.1176,3.3301735,0.23353326,3.142662
0.012237736,0.0070627565,0.016,0.0152,0.072,0.0216,0.964,0.017599999999999998,0.12,2.7310522,0.10930197,2.6434028,-0.0040833564,0.00048213487,-0.2904,0.1088,0.0016,0.1088,0.0016,0.1088,0.0016,-1.9800792,0.0,-1.641611,0.008314824,0.024,-0.55591583,0.0232,0.0848,0.0288,0.9560000000000001,0.0248,0.1376,3.3647337,0.20622689,3.1993895
0.012774061,0.006970225,0.0216,0.017599999999999998,0.06720000000000001,0.0248,0.8815999999999999,0.020800000000000003,0.1144,2.6908326,0.14137584,2.5789967,-0.003931689,0.0004464211,-0.28080000000000005,0.1056,0.0016,0.1184,0.0016,0.1184,0.0016,-2.0218225,0.0,-1.6852096,0.008133544,0.028,-0.5414298,0.024,0.0808,0.0304,0.9808,0.0264,0.1472,3.3479404,0.22672604,3.1680026
0.013116891,0.006960241,0.0224,0.017599999999999998,0.08,0.0248,0.9111999999999999,0.020800000000000003,0.1296,2.8138208,0.13985634,2.7044258,-0.00382594,0.00045662548,-0.3704,0.0248,0.0008,0.0296,0.0008,0.0296,0.0008,-2.084321,0.0,-1.5948813,0.008180047,0.0224,-0.5531377,0.017599999999999998,0.09119999999999999,0.024,1.0359999999999998,0.020800000000000003,0.14959999999999998,3.4892426,0.1605914,3.3683825
0.013140855,0.007047225,0.024,0.0216,0.07440000000000001,0.028,0.8248,0.024,0.12079999999999999,2.8143759,0.16271037,2.6823468,-0.003813881,0.00056052,-0.062400000000000004,0.3248,0.0008,0.3336,0.0008,0.3336,0.0008,-2.1708221,0.0,-2.1027572,0.008141889,0.024,-0.5245456,0.0216,0.0976,0.028,0.9592,0.024,0.21680000000000002,3.5231776,0.18845193,3.3751025
0.013269335,0.0070296936,0.0256,0.0216,0.08320000000000001,0.0288,0.948,0.0232,0.17679999999999998,2.9708667,0.1698088,2.839171,-0.003730626,0.0005932186,-0.2616,0.1384,0.0008,0.1384,0.0016,0.1384,0.0008,-2.1810844,0.0,-1.8447033,0.00816881,0.0272,-0.5344421,0.0232,0.0992,0.0304,1.1432,0.0248,0.24159999999999998,3.6675475,0.20946117,3.5084083
0.013175027,0.0070130527,0.0304,0.0248,0.0864,0.032,1.0752000000000002,0.0264,0.204,2.9611607,0.19338097,2.8134882,-0.0037290026,0.0005915951,-0.035199999999999995,0.3544,0.0008,0.3632,0.0016,0.3544,0.0008,-2.2381916,0.0,-2.1932015,0.007983381,0.0304,-0.498174,0.0248,0.10719999999999999,0.032,1.1312,0.0264,0.26880000000000004,3.670709,0.2208564,3.5075202
0.012927836,0.0068164505,0.036,0.0304,0.1024,0.0384,0.9575999999999999,0.0328,0.21839999999999998,3.080761,0.236288,2.895255,-0.0037661078,0.00062870036,-0.0216,0.3264,0.0008,0.37679999999999997,0.0008,0.3664,0.0008,-2.2787752,0.0,-2.2531493,0.0077931858,0.036,-0.50604576,0.0304,0.1176,0.0384,1.144,0.0328,0.31039999999999995,3.7992165,0.2667013,3.5979543
0.012279452,0.006577247,0.0392,0.0328,0.11120000000000001,0.0408,1.0352000000000001,0.036,0.28719999999999996,3.1460004,0.25016862,2.9539485,-0.0038542326,0.00048491813,-0.1816,0.2152,0.0008,0.2152,0.0008,0.2152,0.0008,-2.2202184,0.0,-1.9759043,0.0074306447,0.0392,-0.48397672,0.0328,0.1336,0.0408,1.2528000000000001,0.036,0.3816,3.8177612,0.27593458,3.6149087
0.011074331,0.006561935,0.0296,0.0248,0.1352,0.0328,1.1456000000000002,0.0272,0.3,3.3543053,0.18099332,3.223275,-0.003998479,0.0003972574,-0.2592,0.1392,0.0008,0.1392,0.0016,0.1392,0.0016,-2.2546566,0.0,-1.8851126,0.0074174786,0.0592,-0.5162006,0.0544,0.1792,0.062400000000000004,1.2648,0.056799999999999996,0.352,4.030093,0.45672134,3.6949139
0.009425415,0.006990418,0.0392,0.0344,0.176,0.0432,1.468,0.0376,0.3712,3.7849512,0.27396435,3.590126,-0.0042621563,0.00054498133,-0.2784,0.12,0.0008,0.12079999999999999,0.0016,0.12,0.0008,-2.1861868,0.0,-1.79983,0.0075810347,0.0392,-0.3973419,0.0344,0.2152,0.0432,1.468,0.0376,0.48240000000000005,4.3360624,0.29505447,4.1326337
0.007501568,0.0072500384,0.0392,0.0344,0.22240000000000001,0.0424,1.4312,0.0368,0.4664,4.1845884,0.27636755,3.993535,-0.004679821,0.0004988322,-0.36479999999999996,0.035199999999999995,0.0008,0.035199999999999995,0.0024,0.035199999999999995,0.0008,-2.155633,0.0,-1.6257255,0.0077813966,0.0472,-0.40915784,0.0424,0.2616,0.0504,1.4232,0.044,0.5272,4.696767,0.36532593,4.4469976
0.0053265346,0.0074279997,0.0472,0.0408,0.32080000000000003,0.0504,1.4912,0.0432,0.5544,4.633486,0.34017357,4.406485,-0.0052707195,0.00062591676,-0.0856,0.1752,0.0008,0.3144,0.0016,0.3136,0.0016,-2.0424628,0.0,-1.934974,0.007916116,0.0552,-0.35300255,0.0488,0.3552,0.0576,,0.0512,0.5855999999999999,5.0538936,0.4279756,4.7729177
0.0032615624,0.0074958997,0.0544,0.0488,0.35600000000000004,0.056799999999999996,,0.0504,0.5792,4.8939915,0.40343255,4.6315985,-0.006069871,0.0004974406,-0.15200000000000002,0.228,0.0008,0.2472,0.0008,0.228,0.0008,-1.9508592,0.0,-1.7547818,0.0077720983,0.056,-0.26739404,0.0504,0.392,0.0576,,0.052000000000000005,0.5776,5.2355266,0.43208465,4.9594107
0.0012456283,0.0077366587,0.0552,0.0464,0.3344,0.0552,1.4864000000000002,0.0496,0.5559999999999999,5.001335,0.39425623,4.756915,-0.0070290375,0.0005289789,-0.008799999999999999,0.3896,0.0008,0.3912,0.0016,0.3896,0.0008,-1.7453908,0.0,-1.7359984,0.007849515,0.0552,-0.16977729,0.0464,0.384,0.056,,0.0496,0.6216,5.224334,0.40254152,4.979471
-0.00041194147,0.007508104,0.0544,0.048,0.4208,0.056799999999999996,,0.0504,0.7424,5.3513775,0.39638513,5.1181636,-0.008166309,0.0005067163,-0.1904,0.1896,0.0008,0.2096,0.0016,0.1896,0.0008,-1.4408965,0.0,-1.2442394,0.0076282495,0.056799999999999996,-0.17771627,0.0504,0.4536,0.0584,,0.0528,0.7904,5.521818,0.4234308,5.274822
-0.0020482098,0.007591094,0.0808,0.0752,0.47840000000000005,0.08399999999999999,,0.0784,0.7632,5.6096654,0.64521194,5.221457,-0.009301727,0.00048259832,-0.1536,0.24159999999999998,0.0008,0.24159999999999998,0.0008,0.24159999999999998,0.0008,-1.2989686,0.0,-1.1499683,0.0077356743,0.0808,-0.1936424,0.0752,0.47840000000000005,0.08399999999999999,,0.0784,0.7632,5.754786,0.64967895,5.369973
-0.0031532557,0.007586655,0.0656,0.061599999999999995,0.5424,0.0688,,0.0648,0.8104,5.800718,0.5098259,5.5089235,-0.010522022,0.0005433592,-0.3,0.07440000000000001,0.0008,0.09839999999999999,0.0008,0.07440000000000001,0.0008,-1.0102434,0.0,-0.7632625,0.00763391,0.068,-0.11132396,0.064,0.54,0.0712,,0.06720000000000001,0.808,5.877043,0.53268385,5.5735493
-0.004211482,0.007757294,0.0808,0.072,0.5072,0.08320000000000001,,0.07600000000000001,0.8192,5.9881654,0.6329297,5.634351,-0.011732808,0.00059461035,-0.0152,0.3664,0.0008,0.3816,0.0016,0.3664,0.0008,-0.7800178,0.0,-0.7699299,0.0077871177,0.0824,-0.08754823,0.0752,0.5264,0.0848,,0.07759999999999999,0.8176,6.0334334,0.64887875,5.6718616
-0.0055861333,0.007578667,0.0552,0.0512,0.5696,0.061599999999999995,,0.056,0.8768,6.097394,0.4247386,5.864402,-0.013860091,0.0007506837,0.0376,0.4224,0.0008,0.436,0.012,0.436,0.0048,-0.31081212,0.0030470672,-0.326002,0.0075893644,0.0552,0.053102266,0.0512,0.5696,0.061599999999999995,,0.0552,0.8376,6.072302,0.4246551,5.838229
-0.005881256,0.0076518925,0.072,0.0656,0.6055999999999999,0.0752,,0.0688,0.8560000000000001,6.210117,0.54587966,5.9246464,-0.014529604,0.00095638353,0.045599999999999995,0.39280000000000004,0.004,0.4432,0.0184,0.4032,0.0064,-0.19190393,0.013698242,-0.21521059,0.007661155,0.0864,0.049179006,0.08,0.5912000000000001,0.0896,,0.08320000000000001,0.8416,6.1931753,0.6798101,5.8231983
-0.0061040404,0.00765278,0.10719999999999999,0.09839999999999999,0.5624,0.1096,,0.1024,0.8423999999999999,6.2684755,0.8422966,5.8185797,-0.0148591455,0.00082211103,0.036,0.3056,0.0032,0.4352,0.0648,0.4248,0.0032,-0.14244801,0.011369262,-0.16250797,0.0076674614,0.10719999999999999,0.06189185,0.09839999999999999,0.5624,0.1096,,0.1024,0.8423999999999999,6.2476625,0.8436607,5.7944255
-0.0059584766,0.0076181646,0.1064,0.0976,0.6055999999999999,0.108,,0.1008,0.864,6.2704735,0.8248254,5.819024,-0.014734147,0.000813066,0.02,0.3392,0.0008,0.4144,0.0464,0.4144,0.0008,-0.17775655,0.0002666926,-0.18216279,0.0076261666,0.1392,0.045812503,0.13040000000000002,0.5728000000000001,0.14,,0.1336,0.8311999999999999,6.255754,1.1202915,5.615564
-0.0058515226,0.0075112106,0.1048,0.096,0.576,0.1064,,0.09999999999999999,0.8952,6.221213,0.79857373,5.8014946,-0.014377475,0.00080425385,0.035199999999999995,0.30479999999999996,0.012,0.4352,0.0472,0.3808,0.0256,-0.24535689,0.0079062,-0.26414135,0.007514565,0.1048,0.029878022,0.096,0.576,0.1064,,0.09999999999999999,0.8952,6.211107,0.7994249,5.789567
-0.005582361,0.0073529975,0.0816,0.0736,0.5855999999999999,0.0824,,0.07759999999999999,0.8952,6.1434927,0.5933466,5.845707,-0.013718163,0.0007247096,0.0216,0.3968,0.0008,0.42160000000000003,0.0064,0.3968,0.0008,-0.39047325,-0.0035075918,-0.39337206,0.007357625,0.0816,0.035466585,0.0712,0.5704,0.0824,,0.07759999999999999,0.8952,6.125783,0.59357166,5.8267746
-0.005013418,0.0073387967,0.1008,0.092,0.6384,0.1024,,0.0952,0.84,6.076037,0.75360584,5.676955,-0.012919939,0.00062220637,0.032,0.4128,0.0016,0.4296,0.010400000000000001,0.4264,0.0016,-0.513384,0.00030612806,-0.52613884,0.007338919,0.1008,0.0057828235,0.092,0.6384,0.1024,,0.0952,0.84,6.072966,0.7536537,5.6735945
-0.004476427,0.007356548,0.0824,0.0728,0.6592,0.08320000000000001,,0.07600000000000001,0.8887999999999999,6.086466,0.58475584,5.792341,-0.012127514,0.0005255025,-0.24480000000000002,0.15200000000000002,0.0008,0.15519999999999998,0.0008,0.15200000000000002,0.0008,-0.6849357,0.0,-0.5330367,0.007358517,0.0824,-0.023134273,0.0728,0.6592,0.08320000000000001,,0.07600000000000001,0.9216,6.1006813,0.5847126,5.8074646
-0.0037991975,0.0071231127,0.0584,0.0528,0.6016,0.061599999999999995,,0.0552,0.8648,5.900849,0.402049,5.702473,-0.011315145,0.0005248077,0.031200000000000002,0.43119999999999997,0.0008,0.43119999999999997,0.0008,0.43119999999999997,0.0008,-0.8104546,-0.0050422787,-0.8249488,0.0071513364,0.096,-0.08887344,0.09040000000000001,0.5640000000000001,0.0992,,0.0928,0.8272,5.9494934,0.7226028,5.5579114
-0.0032258157,0.00732637,0.0768,0.072,0.5743999999999999,0.0808,,0.07440000000000001,0.8504,5.7673774,0.5728562,5.4515076,-0.01056307,0.0004684534,-0.29359999999999997,0.09680000000000001,0.0008,0.1064,0.0008,0.09680000000000001,0.0008,-0.94942516,0.0,-0.7230839,0.007348909,0.0768,-0.07834037,0.072,0.5743999999999999,0.0808,,0.07440000000000001,0.8504,5.8239913,0.5738139,5.5104694
-0.0028108687,0.007355217,0.0472,0.044,0.4856,0.0512,,0.045599999999999995,0.7616,5.3954782,0.34220344,5.2037597,-0.009901671,0.0005027754,-0.27599999999999997,0.09999999999999999,0.0008,0.116,0.0016,0.09999999999999999,0.0008,-1.0201573,0.0,-0.7960192,0.007395695,0.0472,-0.10467246,0.044,0.4856,0.0512,,0.0464,0.8072,5.472536,0.34417307,5.2811756
0.001497925,0.0010493507,-0.3784,0.0216,0.0008,0.0216,0.061599999999999995,0.0216,0.0008,-2.0147681,0.0,-1.050848,-0.01000139,0.0011822619,1.2671999999999999,1.2232,0.0016,1.6664,,1.3112000000000001,0.0016,0.4712358,0.65855473,0.26559585,0.0033821804,1.5304,2.8923137,1.224,,1.7696,,1.4536,,2.0687494,3.7908468,0.24644016
-0.0010452354,0.0070319134,0.0512,0.0464,0.4616,0.0544,,0.0496,0.8024,5.133918,0.36538875,4.9227834,-0.008382214,0.00049071386,-0.1928,0.20240000000000002,0.0008,0.2072,0.0008,0.20240000000000002,0.0008,-1.2561255,0.0,-1.0768613,0.0071050297,0.0512,-0.14358602,0.0472,0.5296,0.0544,,0.0496,0.8024,5.260829,0.36971155,5.0498257
-4.248315e-05,0.007249594,0.056799999999999996,0.0512,0.35600000000000004,0.0592,,0.0544,0.6584,4.945361,0.41298145,4.687628,-0.007733803,0.00053802365,-0.2896,0.1048,0.0008,0.1096,0.0016,0.1048,0.0008,-1.4373603,0.0,-1.1308953,0.0074132616,0.06319999999999999,-0.2105202,0.0576,0.3496,0.0656,,0.0608,0.6712,5.1365423,0.4767518,4.840597
0.0009884499,0.0074390946,0.0344,0.0296,0.3552,0.0384,1.5648,0.031200000000000002,0.6552,4.885005,0.23877774,4.738553,-0.0070329797,0.0005329214,-0.0136,0.3776,0.0008,0.3864,0.0016,0.3776,0.0008,-1.6543095,0.0,-1.6406269,0.007707962,0.06319999999999999,-0.2649017,0.0584,0.3664,0.06720000000000001,,0.06,0.6264000000000001,5.1477294,0.5131796,4.812512
0.0020750787,0.00047219708,0.062400000000000004,0.45999999999999996,0.0008,0.45999999999999996,0.0008,0.45999999999999996,0.0008,-0.034171578,0.0012169168,-0.038276672,-0.006535308,0.000615017,0.6912,1.052,0.0008,1.0904,0.0008,1.0752000000000002,0.0008,0.029219845,0.012134928,0.037840333,0.0007132647,0.6912,1.039708,1.0176,0.0008,1.0904,0.004,1.0176,0.0008,0.007888051,0.0044051856,0.018569909
0.0029588947,0.007687619,0.033600000000000005,0.0288,0.2728,0.0368,,0.031200000000000002,0.5128,4.6269393,0.24965402,4.4609604,-0.0060239527,0.00045152218,-0.112,0.28080000000000005,0.0008,0.284,0.0008,0.28080000000000005,0.0008,-1.789337,0.0,-1.6681656,0.008067765,0.0368,-0.3082009,0.0328,0.2696,0.04,,0.0344,0.532,4.951708,0.2910344,4.7601295
0.0037974434,0.0005250077,0.36,0.7584,0.0016,0.76,0.0024,0.7584,0.0016,-0.0059916936,0.0018193829,-0.027515694,-0.005792742,0.00056817196,-0.27599999999999997,0.1176,0.0008,0.12319999999999999,0.0008,0.1176,0.0008,0.026901085,0.0,0.022146992,0.0006439686,0.6016,1.0807215,0.9823999999999999,0.0008,0.9984000000000001,0.0008,0.9952,0.0008,0.020914521,0.009809049,0.012635653
0.0044689034,0.0073980433,0.0272,0.0232,0.2624,0.031200000000000002,1.4256,0.0256,0.4688,4.2525434,0.1870724,4.1249523,-0.0054708556,0.00047819247,-0.3608,0.0344,0.0008,0.0392,0.0008,0.0344,0.0008,-1.8155992,0.0,-1.3625691,0.0077487184,0.0376,-0.3019983,0.033600000000000005,0.2648,0.041600000000000005,1.4656,0.036,0.4584,4.6001015,0.2931569,4.3979406
0.005080451,0.007563135,0.032,0.0288,0.22240000000000001,0.036,1.3543999999999998,0.031200000000000002,0.4488,4.2512126,0.24006142,4.0839024,-0.0052461377,0.00048538158,-0.0272,0.3728,0.0016,0.3728,0.0016,0.3728,0.0016,-1.8752575,0.0,-1.84882,0.008133904,0.0448,-0.37685004,0.041600000000000005,0.22719999999999999,0.0488,1.5192,0.044,0.4456,4.6429806,0.37832168,4.373997
0.00557506,0.0077342167,0.0264,0.020800000000000003,0.1776,0.0288,1.3936000000000002,0.024,0.45439999999999997,4.2332935,0.17922945,4.11469,-0.0050967894,0.00056794006,-0.24480000000000002,0.128,0.0008,0.15519999999999998,0.0096,0.15519999999999998,0.0008,-1.8931146,0.0,-1.635118,0.008147765,0.0272,-0.31997275,0.0216,0.21839999999999998,0.0296,1.3928,0.0248,0.524,4.6138897,0.1981344,4.48402
0.006114047,0.007749972,0.0392,0.033600000000000005,0.16799999999999998,0.041600000000000005,1.3848,0.036,0.404,4.137823,0.29986572,3.922472,-0.004936774,0.000523878,-0.044,0.3512,0.0008,0.3528,0.0024,0.3512,0.0008,-1.9626864,0.0,-1.9145656,0.008336134,0.0392,-0.37724197,0.033600000000000005,0.1872,0.041600000000000005,1.38,0.036,0.404,4.5698395,0.31976795,4.3446865
0.0065789213,0.0077288914,0.0328,0.0296,0.1216,0.0376,1.236,0.0328,0.3896,3.916647,0.25553003,3.724928,-0.0048556062,0.00055866386,-0.3056,0.0808,0.0008,0.092,0.0008,0.092,0.0008,-1.9383363,0.0,-1.5542984,0.008391323,0.0328,-0.40000856,0.0296,0.1512,0.0376,1.3336000000000001,0.032,0.39359999999999995,4.3622966,0.27389628,4.1610575
0.007153412,0.007820092,0.0304,0.0272,0.1168,0.035199999999999995,1.3304,0.0304,0.324,3.8844175,0.23847178,3.7092297,-0.0047600614,0.0005790726,-0.3856,0.0136,0.0008,0.0144,0.0008,0.0136,0.0008,-1.9430892,0.0,-1.4535338,0.008340331,0.0304,-0.3550656,0.0272,0.148,0.035199999999999995,1.348,0.0304,0.4024,4.3176403,0.25779006,4.1302814
0.007944475,0.0078056674,0.0272,0.024,0.0928,0.031200000000000002,1.1152,0.0264,0.28,3.5788088,0.21058418,3.414494,-0.004566187,0.00061710516,-0.2648,0.1312,0.0008,0.13199999999999998,0.0008,0.13199999999999998,0.0008,-2.0010662,0.0,-1.675121,0.0086267395,0.0392,-0.43983403,0.036,0.1048,0.0432,1.2512,0.0384,0.26880000000000004,4.090219,0.3557839,3.813386
0.008500105,0.0078047793,0.0256,0.0224,0.0872,0.0304,0.9176,0.0256,0.196,3.4531043,0.19805098,3.301216,-0.0045191096,0.00045407424,-0.332,0.0408,0.0008,0.06720000000000001,0.0008,0.0664,0.0008,-2.0275621,0.0,-1.5932002,0.008649542,0.0248,-0.47453067,0.0216,0.1152,0.0296,1.1592,0.0248,0.252,3.9979975,0.21015188,3.8403232
0.009178222,0.0077923527,0.0328,0.0304,0.072,0.0368,1.2376,0.033600000000000005,0.18,3.3530285,0.26789543,3.1417825,-0.004469713,0.0005206313,-0.21439999999999998,0.17200000000000001,0.0008,0.1848,0.0008,0.17200000000000001,0.0008,-1.9718466,0.0,-1.724054,0.00865627,0.0328,-0.45057335,0.0304,0.0944,0.0368,1.2448,0.032,0.2104,3.877091,0.29876977,3.6445622
0.009988812,0.007647454,0.0288,0.0248,0.07759999999999999,0.032,1.0704,0.0272,0.1368,3.1033387,0.2181699,2.9332547,-0.0043811244,0.0005479959,-0.1424,0.2432,0.0016,0.256,0.0016,0.2432,0.0016,-1.9942261,0.0,-1.8342104,0.008687867,0.028,-0.5206927,0.024,0.0896,0.031200000000000002,1.1304,0.0264,0.1608,3.6841578,0.23738058,3.501894
0.01073505,0.0073450096,0.0264,0.024,0.0784,0.0304,1.0352000000000001,0.0264,0.1416,2.9942222,0.19711836,2.8352332,-0.0043127127,0.0004795842,-0.0992,0.3008,0.0024,0.3008,0.0032,0.3008,0.0024,-2.021996,0.0,-1.9127676,0.008440541,0.0272,-0.5151761,0.0248,0.096,0.031200000000000002,1.1304,0.0272,0.18239999999999998,3.6018033,0.23239054,3.419367
0.01139142,0.0071324334,0.0272,0.0224,0.07600000000000001,0.0296,0.9512,0.0248,0.12319999999999999,2.8846064,0.18736136,2.735381,-0.00423572,0.0004025913,-0.38,0.0,0.0008,0.0192,0.0024,0.0192,0.0024,-2.0953941,0.0,-1.5746471,0.008236665,0.028,-0.5237756,0.0232,0.0952,0.0304,1.072,0.0256,0.2304,3.5459056,0.22342595,3.371579
0.011953709,0.0072358353,0.0248,0.0216,0.0696,0.0296,0.98,0.0256,0.13440000000000002,2.9386358,0.17682496,2.8001723,-0.0041640606,0.0004468856,-0.23120000000000002,0.15760000000000002,0.0008,0.1688,0.0008,0.16799999999999998,0.0008,-2.118991,0.0,-1.8318899,0.008304539,0.0248,-0.5129292,0.0216,0.09680000000000001,0.0296,1.0928,0.0248,0.18,3.6003208,0.20411631,3.443088
0.012524428,0.00710891,0.0248,0.024,0.0752,0.032,0.9855999999999999,0.0264,0.1448,2.8931465,0.1814333,2.745696,-0.004084052,0.0007147376,-0.3992,0.0,0.0008,0.0,0.0008,0.0,0.0008,-2.1656628,0.0,-1.6061872,0.00811971,0.0248,-0.5043002,0.024,0.0936,0.031200000000000002,1.1864,0.0264,0.14639999999999997,3.579424,0.2103323,3.4133508
0.013137971,0.0069391606,0.032,0.0272,0.0768,0.035199999999999995,0.9192,0.0304,0.136,2.8118787,0.213882,2.6378007,-0.003994768,0.00050950004,-0.016,0.372,0.0016,0.37679999999999997,0.0016,0.372,0.0016,-2.2210302,0.0,-2.2029417,0.008015834,0.032,-0.52428585,0.0272,0.09680000000000001,0.0344,1.0352000000000001,0.0296,0.228,3.5460286,0.24849553,3.3512175
0.013244482,0.007054547,0.0296,0.0248,0.07759999999999999,0.0328,1.0968,0.028,0.18239999999999998,3.0010457,0.20055132,2.845163,-0.0039806217,0.0004953537,-0.2832,0.09999999999999999,0.0008,0.1104,0.0008,0.09999999999999999,0.0008,-2.2555265,0.0,-1.87288,0.008240357,0.0296,-0.54312617,0.0248,0.1128,0.0328,1.1344,0.0264,0.2176,3.7348764,0.22957657,3.5606756
0.013596855,0.007035019,0.0272,0.0232,0.0816,0.0304,0.9632,0.0264,0.2152,2.932922,0.18216313,2.784473,-0.0038317374,0.00046242296,-0.376,0.0216,0.0008,0.024,0.0008,0.0216,0.0008,-2.3201127,0.0,-1.7605209,0.008180959,0.028,-0.53567183,0.024,0.10719999999999999,0.031200000000000002,1.1296,0.0272,0.2552,3.7063246,0.21646109,3.5376287
0.0135318395,0.0068781376,0.024,0.0216,0.096,0.0288,1.1296,0.0232,0.2536,2.9964397,0.15874724,2.8721774,-0.0038366076,0.0005832466,-0.3776,0.0,0.0008,0.0224,0.0024,0.0224,0.0008,-2.341506,0.0,-1.7743776,0.008010712,0.0328,-0.5646657,0.0296,0.116,0.0376,1.1672,0.032,0.2904,3.784313,0.2660931,3.5797973
0.013380504,0.0069185244,0.0264,0.02,0.1024,0.0288,0.9952,0.0232,0.2552,3.0101995,0.15796998,2.8887107,-0.003803677,0.00055031595,-0.3552,0.04,0.0008,0.0448,0.0016,0.04,0.0008,-2.3264318,0.0,-1.8005828,0.007920485,0.0264,-0.5084551,0.02,0.124,0.028,1.1767999999999998,0.0232,0.3192,3.7619748,0.17819998,3.6315253
0.013119997,0.006846186,0.0264,0.0216,0.1184,0.031200000000000002,1.0248,0.0248,0.24559999999999998,3.140009,0.16523531,3.0147479,-0.003785356,0.00053199497,-0.3968,0.0,0.0008,0.0024,0.0008,0.0,0.0008,-2.3256783,0.0,-1.7239959,0.007638405,0.0448,-0.54964596,0.04,0.1384,0.0488,1.1624,0.0432,0.3448,3.8924158,0.3553304,3.6215487
0.012483375,0.0065952204,0.0368,0.0304,0.124,0.0392,1.0032,0.033600000000000005,0.316,3.280858,0.23170744,3.1101086,-0.0038099384,0.00044062396,-0.2624,0.1336,0.0008,0.1376,0.004,0.1376,0.0008,-2.2859058,0.0,-1.9037235,0.007413559,0.0368,-0.4742926,0.0304,0.1736,0.0384,1.244,0.0328,0.4128,3.9626982,0.25470284,3.782041
0.011359246,0.0068317614,0.0328,0.0272,0.12560000000000002,0.036,1.068,0.0304,0.2832,3.399572,0.20698719,3.245686,-0.003928675,0.00044340687,-0.3472,0.032,0.0008,0.0528,0.0024,0.0528,0.0016,-2.2895005,0.0,-1.77745,0.007533809,0.045599999999999995,-0.50046355,0.04,0.176,0.0488,1.2944,0.0432,0.4128,4.0812254,0.3408102,3.8308516
0.009675049,0.0070736287,0.0408,0.033600000000000005,0.176,0.0432,1.2512,0.036,0.4016,3.7570474,0.26700366,3.57021,-0.0041851634,0.00046798843,-0.3008,0.096,0.0016,0.09680000000000001,0.0016,0.096,0.0016,-2.2264225,0.0,-1.8011051,0.007599832,0.0408,-0.3743071,0.0344,0.2304,0.0432,1.448,0.036,0.44639999999999996,4.3109555,0.28824842,4.115136
0.0076426943,0.007219861,0.0544,0.0504,0.2648,0.0592,1.4064,0.0528,0.49520000000000003,4.3220534,0.4108458,4.0332546,-0.004598654,0.0005336185,-0.3112,0.08399999999999999,0.0008,0.0872,0.0008,0.08399999999999999,0.0008,-2.176272,0.0,-1.730315,0.0077543412,0.0544,-0.37345243,0.0504,0.2824,0.0584,,0.0528,0.5784,4.818123,0.4349866,4.5197444
0.005571287,0.0072941957,0.0384,0.0328,0.3144,0.041600000000000005,1.4888000000000001,0.036,0.5784,4.567859,0.26302683,4.398441,-0.0052190046,0.0005742018,-0.2288,0.1704,0.0008,0.1712,0.0008,0.1712,0.0008,-2.0304613,0.0,-1.7411573,0.0076212576,0.0384,-0.2940235,0.0328,0.3504,0.041600000000000005,,0.036,0.6136,4.960271,0.27342397,4.78905
0.00335254,0.007404922,0.0488,0.0432,0.3296,0.0512,,0.0448,0.6016,4.7899218,0.34618828,4.5691347,-0.0060211704,0.00044873985,-0.39999999999999997,0.0,0.0008,0.0,0.0024,0.0,0.0024,-1.9092321,0.0,-1.3405964,0.0076975496,0.0512,-0.27661893,0.045599999999999995,0.39359999999999995,0.053599999999999995,,0.0472,0.6232,5.12925,0.3774749,4.8947134
-0.00034115635,0.0073263706,0.056799999999999996,0.0496,0.4376,0.0584,,0.0512,0.6736,5.175024,0.3977962,4.943697,-0.008051979,0.0005083396,-0.196,0.19679999999999997,0.0008,0.2016,0.0024,0.19679999999999997,0.0008,-1.4717982,0.0,-1.260067,0.0074491533,0.056799999999999996,-0.18181467,0.0496,0.4728,0.0584,,0.0512,0.7248,5.355848,0.40268126,5.1264462
-0.0017175834,0.0075933128,0.0816,0.0736,0.44079999999999997,0.0816,,0.07600000000000001,0.7344,5.4628806,0.6129769,5.0909815,-0.00913081,0.00042763585,-0.28,0.1128,0.0008,0.12,0.0016,0.1176,0.0008,-1.2837218,0.0,-1.0060132,0.007686881,0.0816,-0.15618667,0.0736,0.44079999999999997,0.0816,,0.07600000000000001,0.748,5.5960703,0.61862516,5.2264075
-0.003076923,0.007399374,0.06720000000000001,0.0608,0.5512,0.0696,,0.064,0.8184,5.828788,0.4856356,5.5709434,-0.010368268,0.0005055587,-0.216,0.1792,0.0008,0.1792,0.0008,0.1792,0.0008,-0.9965024,0.0,-0.8290657,0.007405703,0.06720000000000001,-0.041346878,0.0608,0.5512,0.0696,,0.064,0.8184,5.8649964,0.48656136,5.608015
-0.0041069677,0.0074308827,0.072,0.064,0.6055999999999999,0.07440000000000001,,0.068,0.9048,6.0151796,0.5283187,5.7388077,-0.011527107,0.000504863,-0.192,0.2032,0.0008,0.2048,0.0032,0.2032,0.0008,-0.76047933,0.0,-0.63803244,0.00743126,0.072,-0.0100798085,0.064,0.6055999999999999,0.07440000000000001,,0.068,0.9048,6.0225396,0.52844167,5.7464447
-0.004868297,0.0074155726,0.056799999999999996,0.048,0.6295999999999999,0.0584,,0.0528,0.9024,6.1082115,0.39214703,5.9184895,-0.01258066,0.00063078804,0.0368,0.4024,0.0008,0.43679999999999997,0.0008,0.4248,0.0008,-0.5234125,-0.0005518864,-0.5387184,0.007421511,0.0864,-0.040007852,0.07759999999999999,0.6,0.088,,0.0824,0.8728,6.1242585,0.6550068,5.775072
-0.005471191,0.0074637244,0.0936,0.0888,0.5992000000000001,0.09839999999999999,,0.0936,0.8568,6.1565294,0.7319074,5.7541194,-0.013559074,0.00079752784,0.035199999999999995,0.3856,0.0048,0.4344,0.031200000000000002,0.43360000000000004,0.0112,-0.3662394,0.0056390306,-0.38247293,0.007479012,0.1032,-0.06395046,0.09839999999999999,0.5896,0.108,,0.1032,0.8472000000000001,6.16735,0.8138356,5.716638
-0.0058319955,0.007602632,0.0992,0.09119999999999999,0.544,0.1024,,0.0952,0.8448,6.16008,0.76354456,5.751346,-0.014208183,0.00086686853,0.056799999999999996,0.148,0.0008,0.45680000000000004,0.0136,0.4208,0.0048,-0.21915144,0.024210662,-0.25672036,0.007604558,0.0992,0.022507843,0.09119999999999999,0.544,0.1024,,0.0952,0.8448,6.1535873,0.7642698,5.7434855
-0.0058881356,0.007325927,0.1312,0.1272,0.5792,0.1368,,0.13040000000000002,0.9032,6.1470437,1.0437942,5.5739956,-0.014444264,0.0008710427,0.031200000000000002,0.1104,0.0032,0.4272,0.0432,0.41759999999999997,0.0064,-0.14598519,0.009852347,-0.16221869,0.007327958,0.1312,-0.023547435,0.12560000000000002,0.5792,0.1368,,0.13040000000000002,0.9032,6.148777,1.0422846,5.577719
-0.0057046264,0.007253366,0.07600000000000001,0.0664,0.6304000000000001,0.0768,,0.0712,0.9312,6.0299373,0.5205391,5.7821894,-0.01415438,0.000813066,0.0432,0.384,0.0056,0.4416,0.0216,0.43360000000000004,0.0056,-0.2790995,0.013061957,-0.30704433,0.007257117,0.07600000000000001,0.032153167,0.0664,0.6304000000000001,0.0768,,0.0712,0.9312,6.017848,0.5212285,5.76854
-0.005415495,0.007075183,0.0888,0.0808,0.6,0.0888,,0.08399999999999999,0.9192,5.9209304,0.620254,5.618596,-0.0136017455,0.00060829194,0.036,0.3144,0.0008,0.4328,0.0096,0.3584,0.0024,-0.36658671,0.002791001,-0.38235635,0.0070752404,0.0888,0.004031612,0.0808,0.6,0.0888,,0.08399999999999999,0.9192,5.919405,0.620302,5.6168985
-0.0049184454,0.0071328757,0.1088,0.1016,0.592,0.112,,0.1048,0.8999999999999999,6.0001473,0.8144104,5.568447,-0.012825554,0.0005278215,-0.216,0.1832,0.0008,0.184,0.0016,0.1832,0.0008,-0.59901404,0.0,-0.48746672,0.0071440716,0.1088,-0.05599265,0.1016,0.592,0.112,,0.1048,0.8999999999999999,6.0242667,0.8135295,5.596059
-0.0044580093,0.007227182,0.064,0.0584,0.6328,0.0688,,0.061599999999999995,0.9392,5.975461,0.45646408,5.7434683,-0.012202652,0.00048468728,-0.2536,0.14,0.0008,0.1448,0.0008,0.14,0.0008,-0.71914154,0.0,-0.5576184,0.007227212,0.064,0.0028880888,0.0584,0.6328,0.0688,,0.061599999999999995,0.9392,5.973359,0.45644426,5.741283
-0.0039913603,0.007204327,0.06319999999999999,0.0552,0.6552,0.0656,,0.0584,0.9416,5.8586884,0.43411753,5.6469984,-0.011499742,0.00047749793,-0.3056,0.0848,0.0016,0.09119999999999999,0.0016,0.0848,0.0016,-0.8370087,0.0,-0.61484176,0.0072183753,0.06319999999999999,-0.062399406,0.0552,0.6552,0.0656,,0.0584,0.9416,5.899481,0.4346297,5.68936
-0.0033045895,0.0070722983,0.0656,0.0608,0.5888,0.0688,,0.06319999999999999,0.9008,5.6943183,0.48118436,5.436918,-0.010734913,0.0006402964,-0.1048,0.28719999999999996,0.0008,0.2952,0.0008,0.2952,0.0008,-0.95771587,0.0,-0.88524497,0.0071402937,0.08399999999999999,-0.13811538,0.07919999999999999,0.6055999999999999,0.0872,,0.0816,0.8824,5.771948,0.63928425,5.4216537
-0.0025800962,0.007013496,0.0528,0.0488,0.45439999999999997,0.0552,,0.0504,0.7696000000000001,5.088152,0.37657285,4.8672533,-0.009988173,0.0005892776,-0.3584,0.0112,0.0008,0.036,0.0008,0.035199999999999995,0.0008,-1.0649722,0.0,-0.7597828,0.00705922,0.0528,-0.11387949,0.0488,0.5128,0.0552,,0.0512,0.7744000000000001,5.1762114,0.38004437,4.9555845
-0.0020100435,0.0071091335,0.0928,0.0528,0.42879999999999996,0.06,,0.0552,0.7424,4.9493,0.41470495,4.822153,-0.009250938,0.0005477634,-0.2736,0.1104,0.0008,0.12560000000000002,0.0016,0.1104,0.0008,-1.0632945,0.0,-0.8346343,0.0072082966,0.0928,-0.16606322,0.0528,0.42879999999999996,0.06,,0.0552,0.7424,5.0569773,0.41877556,4.933285
-0.001104038,0.006646922,0.0288,0.0264,0.48719999999999997,0.0344,,0.028,0.7584,4.842734,0.18736532,4.7378874,-0.008438336,0.00054683536,-0.0144,0.3856,0.0016,0.3856,0.0032,0.3856,0.0016,-1.2582126,0.0,-1.2481246,0.006797824,0.0728,-0.2110981,0.0712,0.4496,0.0784,,0.0736,0.7592,4.99887,0.5494764,4.662347
4.2503372e-05,0.0071646078,0.088,0.048,0.3776,0.0552,,0.0488,0.596,4.6782527,0.38136983,4.543228,-0.00766423,0.00046845106,-0.3728,0.0216,0.0008,0.0272,0.0008,0.0216,0.0008,-1.3683684,0.0,-0.95789325,0.007320511,0.088,-0.20675032,0.048,0.3856,0.0552,,0.0496,0.6976,4.85952,0.38904354,4.728014
0.0011018392,0.0074366536,0.031200000000000002,0.028,0.3216,0.036,1.5272,0.0304,0.5736,4.6011434,0.22512463,4.4548025,-0.0070109493,0.00051089074,-0.3952,0.0008,0.0016,0.0048,0.0016,0.0008,0.0016,-1.5343546,0.0,-1.0852667,0.0076815425,0.0552,-0.25318405,0.052000000000000005,0.29760000000000003,0.06,,0.0544,0.5855999999999999,4.8387947,0.45323876,4.532323
0.002074857,0.007462172,0.028,0.0272,0.2472,0.035199999999999995,1.452,0.0296,0.4664,4.38363,0.21779516,4.229522,-0.006408918,0.00048862724,-0.3064,0.09119999999999999,0.0008,0.092,0.0016,0.09119999999999999,0.0008,-1.6666583,0.0,-1.2964189,0.0077118394,0.028,-0.25515005,0.028,0.36479999999999996,0.035199999999999995,1.5192,0.0304,0.49520000000000003,4.66236,0.22776237,4.5027647
0.0031044593,0.0076530026,0.0264,0.0224,0.2304,0.031200000000000002,1.516,0.0256,0.456,4.389731,0.1911946,4.2628055,-0.005933278,0.0004768006,-0.3664,0.020800000000000003,0.0008,0.032,0.0008,0.020800000000000003,0.0008,-1.7115893,0.0,-1.2750245,0.007929102,0.0264,-0.26466948,0.0232,0.25120000000000003,0.0304,1.516,0.0264,0.532,4.684611,0.20053135,4.552794
0.003945227,0.0073669776,0.036,0.031200000000000002,0.25279999999999997,0.0392,1.4191999999999998,0.033600000000000005,0.4704,4.228689,0.2617274,4.046512,-0.0055835624,0.00047494564,-0.2752,0.12480000000000001,0.0008,0.12480000000000001,0.0008,0.12480000000000001,0.0008,-1.8093376,0.0,-1.4860594,0.007831068,0.0512,-0.34599847,0.0464,0.2488,0.053599999999999995,1.4744,0.0488,0.5095999999999999,4.5916977,0.4182254,4.2987623
0.004515946,0.0074619493,0.036,0.031200000000000002,0.17200000000000001,0.0384,1.4344,0.0344,0.44,4.146143,0.2658902,3.9577527,-0.0053463215,0.00046961172,-0.28,0.1184,0.0008,0.1184,0.0016,0.1184,0.0008,-1.7681164,0.0,-1.4447222,0.007884074,0.036,-0.32871315,0.032,0.19999999999999998,0.0384,1.4576,0.0344,0.4528,4.4949455,0.2804305,4.2994976
0.0051330402,0.007621494,0.0264,0.024,0.1656,0.0304,1.5319999999999998,0.0264,0.3888,4.1089215,0.19559129,3.9741185,-0.005209265,0.00044850865,-0.3728,0.0,0.0008,0.02,0.0016,0.0184,0.0008,-1.7976263,0.0,-1.3551477,0.00811893,0.0264,-0.35186586,0.024,0.2112,0.0304,,0.0264,0.3888,4.4767246,0.20799953,4.3351555
0.0057343817,0.007574895,0.0304,0.0256,0.1712,0.0328,1.328,0.028,0.4136,4.032921,0.2187251,3.8775933,-0.0050300006,0.0006171048,-0.0304,0.2784,0.0008,0.3696,0.0016,0.3544,0.0016,-1.900999,0.0,-1.8680681,0.0081821885,0.0344,-0.38770628,0.0296,0.1872,0.0368,1.4367999999999999,0.032,0.4096,4.4522953,0.27334294,4.258938
0.006331728,0.0078651365,0.035199999999999995,0.031200000000000002,0.1288,0.0392,1.2936,0.0344,0.308,3.940612,0.2735057,3.7405722,-0.0048681293,0.0004552335,-0.348,0.052000000000000005,0.0008,0.052000000000000005,0.0016,0.052000000000000005,0.0016,-1.8894038,0.0,-1.4689565,0.008426217,0.035199999999999995,-0.36698756,0.031200000000000002,0.1384,0.0392,1.2936,0.0344,0.3248,4.356144,0.29204124,4.1461673
0.007501346,0.007805003,0.0264,0.024,0.12240000000000001,0.031200000000000002,1.1824000000000001,0.0272,0.26880000000000004,3.700687,0.20275655,3.5487983,-0.0045782463,0.0005132109,-0.2752,0.124,0.0008,0.124,0.0016,0.124,0.0008,-1.9354365,0.0,-1.6020703,0.008423653,0.0368,-0.41926876,0.0344,0.12480000000000001,0.041600000000000005,1.3504,0.0376,0.33039999999999997,4.168061,0.32590765,3.9227614
0.007989299,0.0005491944,0.2256,0.616,0.0008,0.6256,0.0008,0.6256,0.0008,-0.043326173,-0.0051149023,-0.05664,-0.0044752792,0.00052619725,0.1816,0.5784,0.0008,0.5816,0.0016,0.5784,0.0008,-0.010261345,-0.002420315,-0.013739949,0.0007294238,0.9575999999999999,-2.7394693,1.2608000000000001,0.0008,1.3552,0.0024,1.316,0.0024,0.043886147,0.041460745,0.049748838
0.008610831,0.0076940535,0.0256,0.0232,0.0928,0.031200000000000002,1.0976000000000001,0.0264,0.2192,3.4062293,0.19994423,3.2504578,-0.0043901694,0.0005570409,-0.3512,0.0464,0.0008,0.0488,0.0016,0.0464,0.0016,-1.9671502,0.0,-1.5237441,0.008405905,0.0256,-0.4145062,0.024,0.1032,0.0304,1.2384000000000002,0.0264,0.2792,3.91002,0.22164467,3.7392807
0.00929738,0.0076731946,0.0256,0.0216,0.0896,0.0296,1.2456,0.0232,0.2216,3.4108884,0.18873663,3.2688746,-0.0042746803,0.0007894123,-0.2704,0.1176,0.0008,0.1296,0.0024,0.12240000000000001,0.0008,-1.9862819,0.0,-1.6679896,0.00859297,0.0344,-0.4948282,0.031200000000000002,0.1024,0.0384,1.2504,0.0328,0.2552,3.9450002,0.30123264,3.714955
0.010001016,0.0075243013,0.056,0.017599999999999998,0.09040000000000001,0.0256,1.144,0.0192,0.1696,3.2166727,0.15302673,3.1615312,-0.0042287624,0.00062754087,-0.1384,0.19679999999999997,0.0008,0.26,0.0016,0.25680000000000003,0.0016,-2.0250108,0.0,-1.8514285,0.008222142,0.0696,-0.47751668,0.031200000000000002,0.1008,0.0392,1.2728,0.033600000000000005,0.2304,3.787497,0.30430415,3.624119
0.010668037,0.007190125,0.0592,0.0192,0.10400000000000001,0.0264,1.0944,0.0216,0.2352,3.2049127,0.16327663,3.1425598,-0.0041710176,0.0005697961,-0.284,0.1048,0.0008,0.1104,0.0008,0.1104,0.0008,-2.107164,0.0,-1.7159367,0.008204833,0.07440000000000001,-0.5026105,0.0344,0.1064,0.041600000000000005,1.108,0.0368,0.27599999999999997,3.823607,0.3316102,3.643032
0.01134327,0.0074024806,0.028,0.0256,0.0808,0.0328,0.9663999999999999,0.0272,0.1688,3.1393979,0.2008389,2.9828496,-0.004118375,0.00051715353,-0.1944,0.20559999999999998,0.0008,0.20559999999999998,0.0008,0.20559999999999998,0.0008,-2.1865335,0.0,-1.9317836,0.0082566105,0.028,-0.45887372,0.0256,0.1064,0.032,1.1696,0.0272,0.2488,3.7831335,0.22715472,3.6103203
0.0120595535,0.007240939,0.0296,0.024,0.07919999999999999,0.031200000000000002,1.1456000000000002,0.0272,0.20559999999999998,3.137733,0.1956873,2.9890618,-0.004084748,0.00048352673,-0.39999999999999997,0.0,0.0008,0.0,0.0008,0.0,0.0008,-2.2352922,0.0,-1.645669,0.008127311,0.0296,-0.47138754,0.024,0.1048,0.031200000000000002,1.1784000000000001,0.0264,0.3016,3.810626,0.2224588,3.6449428
0.012622061,0.007122225,0.028,0.0232,0.096,0.031200000000000002,1.1487999999999998,0.0256,0.15839999999999999,3.062899,0.18625918,2.919332,-0.0040942566,0.00037708157,-0.3792,0.0008,0.0008,0.02,0.0008,0.02,0.0008,-2.2746584,0.0,-1.7329236,0.00817146,0.0376,-0.5652727,0.0328,0.108,0.0408,1.1487999999999998,0.035199999999999995,0.3,3.804854,0.30789682,3.5680544
0.013046328,0.0070308037,0.031200000000000002,0.0256,0.0896,0.033600000000000005,1.0808000000000002,0.028,0.22719999999999999,3.0564642,0.20707755,2.8960328,-0.0040882262,0.00060295826,-0.33999999999999997,0.0424,0.0008,0.0592,0.0016,0.0592,0.0008,-2.3557105,0.0,-1.8486459,0.008129726,0.0472,-0.55256796,0.041600000000000005,0.1096,0.0488,1.1984000000000001,0.044,0.252,3.8380527,0.390112,3.537206
0.013387606,0.006911423,0.024,0.0224,0.10400000000000001,0.0288,1.0904,0.0232,0.2248,3.1262505,0.16163193,3.0008788,-0.0040594703,0.00045824877,-0.12079999999999999,0.2504,0.0008,0.2776,0.0008,0.2712,0.0008,-2.3762338,0.0,-2.2133193,0.007986126,0.0448,-0.602801,0.0424,0.1184,0.0496,1.0696,0.0448,0.2672,3.922462,0.38031918,3.6278157
0.013637463,0.006883463,0.0248,0.0224,0.1088,0.031200000000000002,1.1432,0.0248,0.24400000000000002,3.117262,0.16723278,2.9878962,-0.0039648525,0.00047958456,-0.1384,0.26,0.0008,0.26,0.0008,0.26,0.0008,-2.4360654,0.0,-2.2445102,0.007915041,0.0384,-0.570495,0.036,0.1504,0.044,1.1632,0.0384,0.2752,3.9391868,0.3156263,3.700735
0.013607285,0.0069136405,0.04,0.0344,0.0992,0.0424,1.0191999999999999,0.0368,0.2664,3.1934834,0.27400935,2.979353,-0.0039149923,0.00042972434,-0.31679999999999997,0.0824,0.0008,0.08320000000000001,0.0016,0.08320000000000001,0.0008,-2.425804,0.0,-1.9382194,0.008034094,0.04,-0.53447205,0.0344,0.128,0.0424,1.1887999999999999,0.036,0.33999999999999997,3.9837854,0.3090775,3.7521477
0.01356357,0.0068464074,0.0288,0.0224,0.12560000000000002,0.0304,1.0896,0.0256,0.256,3.1518242,0.16936147,3.0288935,-0.0038635088,0.00037824083,-0.2904,0.09999999999999999,0.0008,0.1032,0.0008,0.1032,0.0008,-2.423369,0.0,-1.9887755,0.0076657385,0.0368,-0.46656695,0.031200000000000002,0.15519999999999998,0.0392,1.1552,0.0328,0.3472,3.9050372,0.26313853,3.7141857
0.013204762,0.006650473,0.033600000000000005,0.0256,0.14079999999999998,0.0344,1.1208,0.0296,0.2952,3.2062454,0.20043552,3.0627892,-0.0038544645,0.00060110353,-0.17679999999999998,0.2112,0.0008,0.22,0.0016,0.2112,0.0016,-2.390844,0.0,-2.133891,0.0075496165,0.04,-0.49303144,0.0328,0.1728,0.0408,1.2144,0.036,0.37679999999999997,3.9559712,0.28124273,3.759201
0.012662003,0.006527541,0.0376,0.032,0.1416,0.0392,0.9808,0.035199999999999995,0.34400000000000003,3.2727027,0.23379037,3.0957398,-0.003870698,0.00038542994,-0.3504,0.036,0.0008,0.0488,0.0032,0.0488,0.0032,-2.353043,0.0,-1.820005,0.0073365406,0.041600000000000005,-0.50617087,0.036,0.1952,0.0432,1.2064,0.0376,0.4168,4.0031605,0.29113778,3.7933092
0.011580699,0.0068322057,0.0328,0.032,0.1424,0.0408,1.0936,0.035199999999999995,0.3264,3.380156,0.22675422,3.2057452,-0.0039903624,0.0006210479,-0.2152,0.1616,0.0008,0.1848,0.0008,0.1784,0.0008,-2.2861376,0.0,-1.9967175,0.0075467695,0.0328,-0.43867496,0.032,0.18080000000000002,0.0408,1.1416,0.035199999999999995,0.3712,4.0311217,0.24706803,3.8487475
0.009939106,0.0070314687,0.0344,0.0288,0.1832,0.0376,1.2568,0.031200000000000002,0.384,3.7635934,0.22324693,3.6072674,-0.0041487548,0.00043157977,-0.2592,0.1168,0.0008,0.1392,0.0016,0.1392,0.0016,-2.2563953,0.0,-1.8853443,0.007561611,0.0432,-0.41474843,0.0376,0.24159999999999998,0.0464,1.4032,0.04,0.42160000000000003,4.353744,0.319699,4.133414
0.0080638565,0.0070205955,0.0432,0.0384,0.2592,0.0464,1.3712000000000002,0.04,0.48800000000000004,4.086508,0.2939037,3.8840268,-0.0045334883,0.0005844063,-0.0736,0.312,0.0008,0.3256,0.0024,0.324,0.0016,-2.1912878,0.0,-2.093423,0.0074913017,0.056,-0.3966614,0.0512,0.29760000000000003,0.0584,1.3936000000000002,0.053599999999999995,0.5279999999999999,4.6157994,0.4249471,4.327873
0.0058420016,0.007023481,0.0432,0.0376,0.33599999999999997,0.0472,1.5432,0.0408,0.6048,4.4471474,0.28973258,4.2562046,-0.0051299524,0.00048514968,-0.3584,0.0304,0.0024,0.0328,0.0024,0.0304,0.0024,-2.052144,0.0,-1.536383,0.007427487,0.08320000000000001,-0.44920182,0.07759999999999999,0.34400000000000003,0.0872,1.5032,0.08,0.5648,4.8971,0.6486468,4.457286
0.003621923,0.007246488,0.062400000000000004,0.0576,0.3072,0.0656,1.4464000000000001,0.0584,0.5544,4.6450233,0.45682943,4.3365865,-0.0059147254,0.0004582482,-0.28159999999999996,0.1016,0.0008,0.1176,0.0008,0.1152,0.0008,-1.8938681,0.0,-1.5378909,0.0075426186,0.062400000000000004,-0.28114283,0.0576,0.3504,0.0656,1.4464000000000001,0.06,0.628,4.988116,0.47076777,4.6794662
0.0016150866,0.0073672,0.045599999999999995,0.04,0.38,0.048,,0.041600000000000005,0.616,4.901426,0.31308705,4.710927,-0.006834236,0.000682038,-0.1616,0.2048,0.0008,0.2336,0.0016,0.212,0.0008,-1.7401723,0.0,-1.5433992,0.007500001,0.045599999999999995,-0.1884636,0.04,0.4152,0.048,,0.041600000000000005,0.6888,5.140659,0.3196158,4.9508395
-3.8489005e-05,0.0072456,0.0592,0.052000000000000005,0.44,0.061599999999999995,,0.056,0.748,5.296513,0.42411646,5.0493197,-0.007877353,0.00044966652,-0.16640000000000002,0.22319999999999998,0.0008,0.2328,0.0016,0.2304,0.0008,-1.5296018,0.0,-1.3470912,0.007403635,0.08,-0.20698778,0.0728,0.4696,0.0824,,0.0768,0.7272,5.497809,0.61398876,5.131707
-0.0015058935,0.0072706747,0.06,0.053599999999999995,0.5584,0.06319999999999999,,0.056799999999999996,0.872,5.642506,0.42414486,5.4152837,-0.009001407,0.0006460929,-0.30400000000000005,0.0688,0.0008,0.0936,0.0008,0.0688,0.0008,-1.3078394,0.0,-0.9990553,0.0073705353,0.06,-0.16479859,0.053599999999999995,0.5928,0.06319999999999999,,0.056799999999999996,0.8744000000000001,5.780614,0.42640874,5.556718
-0.002802215,0.0074575115,0.0816,0.07600000000000001,0.5176000000000001,0.08399999999999999,,0.08,0.7984,5.8741655,0.6188741,5.533554,-0.010139839,0.0007409435,-0.3272,0.0608,0.0008,0.0608,0.0008,0.0608,0.0008,-1.1135584,0.0,-0.8166017,0.0075403037,0.0816,-0.14832413,0.07600000000000001,0.5328,0.08399999999999999,,0.08,0.7984,5.974231,0.6196909,5.6381817
-0.0039006043,0.0073354677,0.064,0.06,0.5880000000000001,0.068,,0.062400000000000004,0.8416,5.940402,0.46346274,5.6999764,-0.011345756,0.00043946598,-0.3784,0.0184,0.0008,0.0216,0.0008,0.0216,0.0008,-0.81660026,0.0,-0.5432979,0.007370725,0.0816,-0.09784927,0.07759999999999999,0.5704,0.0856,,0.08,0.824,5.9917626,0.6175957,5.6595078
-0.004791521,0.0073387967,0.0688,0.061599999999999995,0.6248,0.07039999999999999,,0.0648,0.8512,6.06583,0.4908977,5.8146424,-0.012324635,0.00049071666,-0.10400000000000001,0.2952,0.0016,0.296,0.0016,0.2952,0.0016,-0.6211612,0.0,-0.57269263,0.007359592,0.092,-0.07519249,0.0848,0.6016,0.0936,,0.088,0.828,6.0953526,0.69480103,5.719467
-0.0053573577,0.0074608396,0.1024,0.0952,0.5808,0.1048,,0.0976,0.864,6.140275,0.79133844,5.714788,-0.013241595,0.00059600174,-0.128,0.2696,0.0008,0.272,0.0016,0.2696,0.0016,-0.37383312,0.0,-0.3273358,0.0074620103,0.1024,0.017715689,0.0952,0.5808,0.1048,,0.0976,0.864,6.1326895,0.79141337,5.7065067
-0.00569331,0.007352998,0.0816,0.0712,0.62,0.0824,,0.0752,0.8775999999999999,6.0252223,0.58391595,5.7315416,-0.013833189,0.0008397363,0.0408,0.3632,0.004,0.44079999999999997,0.02,0.4128,0.004,-0.23892096,0.008968115,-0.25782138,0.0073575918,0.0816,0.035340715,0.0712,0.5976,0.0824,,0.0752,0.8775999999999999,6.0130186,0.58451694,5.7178497
-0.005671785,0.007220525,0.1024,0.0952,0.6,0.10400000000000001,,0.09839999999999999,0.8664,5.9915485,0.7752234,5.570721,-0.014095707,0.0007543932,0.052000000000000005,0.42,0.0056,0.44639999999999996,0.0152,0.42,0.0152,-0.2295304,0.016568568,-0.25735924,0.007222636,0.1024,0.024179924,0.0952,0.6,0.10400000000000001,,0.09839999999999999,0.8664,5.984248,0.7758484,5.5621357
-0.005703961,0.0072527006,0.088,0.0816,0.6264000000000001,0.09040000000000001,,0.08320000000000001,0.8672000000000001,6.0354295,0.6484604,5.7006984,-0.014078778,0.0008534179,0.0592,0.3312,0.0016,0.4552,0.0016,0.3312,0.0016,-0.21926779,0.019438457,-0.2517348,0.0072702994,0.088,0.069593504,0.0816,0.6264000000000001,0.09040000000000001,,0.08320000000000001,0.8672000000000001,6.0055723,0.6491049,5.6679745
-0.005590128,0.007027919,0.052000000000000005,0.045599999999999995,0.6624,0.0552,,0.0504,0.9688,5.969249,0.34642103,5.80793,-0.013823216,0.0008297623,0.0248,0.2848,0.0008,0.4208,0.02,0.2848,0.0016,-0.3099444,-0.0018742923,-0.31632185,0.0070356517,0.12079999999999999,-0.046888746,0.1144,0.5936,0.124,,0.1192,0.8968,5.977216,0.92538416,5.4726343
-0.0052654925,0.0069251806,0.09119999999999999,0.0848,0.6224,0.0936,,0.0872,0.9008,5.8037686,0.64812225,5.4663744,-0.013356157,0.00047865696,-0.2032,0.1928,0.0016,0.196,0.0024,0.1928,0.0016,-0.39818335,0.0,-0.31655213,0.0069259186,0.09119999999999999,-0.014599434,0.0848,0.6224,0.0936,,0.0872,0.9008,5.808964,0.6479524,5.4720573
-0.004862528,0.0069660097,0.0736,0.0696,0.6104,0.07919999999999999,,0.0712,0.812,5.6802835,0.52382225,5.394369,-0.012772215,0.00047448184,-0.07759999999999999,0.3144,0.0008,0.3184,0.0008,0.3144,0.0008,-0.54834366,0.0,-0.5101949,0.0069695218,0.0736,-0.031749107,0.0696,0.6104,0.07919999999999999,,0.0712,0.812,5.6948276,0.5235971,5.410099
-0.0043723574,0.0068086847,0.09680000000000001,0.092,0.5504,0.1008,,0.0952,0.8408,5.5366607,0.70580167,5.1474533,-0.012133312,0.00041534752,-0.25839999999999996,0.13199999999999998,0.0008,0.1384,0.0024,0.1336,0.0008,-0.656932,0.0,-0.5118742,0.00681067,0.09680000000000001,-0.024143929,0.092,0.5504,0.1008,,0.0952,0.8408,5.550906,0.7063198,5.162249
-0.0038182808,0.006587453,0.0432,0.0376,0.6335999999999999,0.045599999999999995,,0.0408,0.9216,5.40036,0.27572864,5.2684426,-0.011493945,0.00047170045,-0.352,0.0424,0.0008,0.0472,0.0008,0.0424,0.0008,-0.78442353,0.0,-0.5464869,0.0066232663,0.07440000000000001,-0.10403889,0.0688,0.6024,0.0768,,0.072,0.8904,5.452623,0.5243235,5.1736965
-0.0032333604,0.006890121,0.064,0.06,0.49920000000000003,0.06720000000000001,,0.064,0.7824,5.045991,0.45934436,4.7817116,-0.0108480835,0.0005215602,-0.1632,0.232,0.0008,0.2336,0.0016,0.232,0.0008,-0.8511547,0.0,-0.7500433,0.0069312467,0.064,-0.108987994,0.06,0.49920000000000003,0.06720000000000001,,0.064,0.7824,5.1086335,0.4619434,4.844535
-0.0026260288,0.006282789,0.032,0.0296,0.5055999999999999,0.036,,0.032,0.724,4.497074,0.20249425,4.376473,-0.010155377,0.0004086215,-0.3952,0.0,0.0008,0.0048,0.0056,0.0048,0.0008,-0.9045516,0.0,-0.6195381,0.006314793,0.032,-0.10072139,0.0296,0.5055999999999999,0.036,,0.032,0.744,4.5652356,0.20489626,4.4437184
-0.0018260911,0.0062594907,0.0296,0.0288,0.4376,0.036,,0.0328,0.6952,4.326824,0.19410057,4.210661,-0.009345788,0.0004107058,-0.33999999999999997,0.0432,0.0008,0.0592,0.0008,0.053599999999999995,0.0008,-1.0739048,0.0,-0.77242565,0.006335856,0.0296,-0.15541628,0.0296,0.4376,0.036,,0.0328,0.72,4.4409046,0.19766523,4.3239164
-0.0009642429,0.0061742817,0.0264,0.024,0.4488,0.0296,1.5544,0.0264,0.7608,4.3048553,0.15559968,4.2166514,-0.008602062,0.0005946085,-0.20879999999999999,0.1832,0.0008,0.1896,0.0032,0.1832,0.0008,-1.104342,0.0,-0.93133926,0.006259398,0.0264,-0.16510029,0.024,0.4728,0.0296,,0.0264,0.7608,4.4278173,0.15929194,4.3380303
3.0520936e-05,0.006399951,0.0424,0.04,0.284,0.045599999999999995,,0.041600000000000005,0.6168,4.1581264,0.28017277,3.9788337,-0.007837001,0.0006412221,-0.0472,0.3528,0.0008,0.3528,0.0008,0.3528,0.0008,-1.243892,0.0,-1.206671,0.0065140813,0.0424,-0.18746677,0.04,0.30960000000000004,0.045599999999999995,,0.041600000000000005,0.6496,4.317099,0.28703976,4.135588
0.0011504346,0.006833316,0.0216,0.02,0.3064,0.0272,1.4992,0.0216,0.5792,4.243723,0.1464442,4.148862,-0.0070371544,0.00053709606,-0.1544,0.2216,0.0008,0.24480000000000002,0.0016,0.2216,0.0008,-1.474813,0.0,-1.3265085,0.007033479,0.0216,-0.23914288,0.02,0.3272,0.0272,,0.0224,0.5888,4.4722915,0.15150338,4.375543
0.0022503776,0.0072866515,0.04,0.036,0.20240000000000002,0.044,1.5232,0.0392,0.492,4.3254366,0.30453134,4.11408,-0.006390598,0.0004703072,-0.1888,0.20879999999999999,0.0008,0.20879999999999999,0.0008,0.20879999999999999,0.0008,-1.6189427,0.0,-1.4199666,0.0075468803,0.04,-0.26336896,0.0368,0.2752,0.044,,0.0392,0.5672,4.5977564,0.31667668,4.38116
0.0030545325,0.0073700845,0.028,0.024,0.23920000000000002,0.032,1.5216,0.0264,0.4608,4.2545404,0.19859552,4.1201816,-0.0059184358,0.0005779122,-0.2008,0.0856,0.0024,0.19920000000000002,0.0024,0.19679999999999997,0.0024,-1.7042842,0.0,-1.4741166,0.007660427,0.028,-0.27620092,0.024,0.2736,0.032,1.5216,0.0272,0.5736,4.558049,0.20762382,4.4197073
0.0039505525,0.007361652,0.031200000000000002,0.028,0.1984,0.035199999999999995,1.328,0.0304,0.3912,4.166114,0.2337382,4.002798,-0.0055629225,0.0005702593,-0.2248,0.1736,0.0008,0.1736,0.0032,0.1736,0.0008,-1.6619033,0.0,-1.4361417,0.007654407,0.032,-0.2774633,0.0296,0.22719999999999999,0.036,1.488,0.031200000000000002,0.45439999999999997,4.461997,0.2536442,4.2853403
0.00466972,0.007419124,0.0304,0.0256,0.16640000000000002,0.0328,1.264,0.0288,0.4096,3.9370618,0.21336055,3.7862825,-0.0053194202,0.00044271047,-0.032,0.32,0.0008,0.3664,0.0032,0.35600000000000004,0.0024,-1.7095599,0.0,-1.6792961,0.007827629,0.0376,-0.3663571,0.0328,0.176,0.04,1.3136,0.036,0.452,4.288185,0.29314053,4.0798635
0.0052162525,0.007871127,0.0368,0.032,0.1392,0.0392,1.292,0.0344,0.3784,4.0355277,0.28895685,3.8228393,-0.005160796,0.0005159932,-0.3976,0.0,0.0008,0.0008,0.0008,0.0,0.0008,-1.7929305,0.0,-1.317753,0.008451757,0.0368,-0.37282887,0.032,0.15200000000000002,0.0392,1.3712000000000002,0.0344,0.3784,4.411367,0.30717316,4.1888356
0.005806498,0.0077246753,0.0264,0.0232,0.1296,0.0296,1.2304,0.0248,0.352,3.9498756,0.1924503,3.8106356,-0.004946514,0.00053361827,-0.2424,0.156,0.0008,0.1568,0.0008,0.156,0.0008,-1.8470806,0.0,-1.5749377,0.008309028,0.0264,-0.3772736,0.0232,0.1816,0.0296,1.3032000000000001,0.0248,0.4024,4.3525314,0.20698574,4.2040324
0.0063863145,0.0074777044,0.0256,0.0224,0.1456,0.0304,1.2464,0.0256,0.3776,3.9349537,0.18758456,3.7989311,-0.004804819,0.0005078765,-0.07759999999999999,0.316,0.0008,0.32239999999999996,0.0016,0.316,0.0008,-1.863256,0.0,-1.7813928,0.008089727,0.041600000000000005,-0.3914788,0.04,0.15760000000000002,0.0464,1.4591999999999998,0.041600000000000005,0.3904,4.348194,0.35750726,4.082597
0.006838762,0.0076909475,0.04,0.0344,0.13440000000000002,0.041600000000000005,1.296,0.0368,0.3264,3.9015028,0.3026674,3.6830454,-0.004734783,0.000553794,-0.1536,0.2352,0.0008,0.24480000000000002,0.0008,0.2368,0.0008,-1.928538,0.0,-1.7554193,0.008256317,0.0376,-0.40757474,0.032,0.1608,0.0392,1.34,0.0344,0.36160000000000003,4.346352,0.30081704,4.1337185
0.0074099246,0.0076745274,0.032,0.0264,0.12079999999999999,0.033600000000000005,1.3128,0.0288,0.2984,3.7488382,0.23053761,3.581528,-0.0045420686,0.0007089401,-0.24159999999999998,0.15519999999999998,0.0008,0.15519999999999998,0.0008,0.15519999999999998,0.0008,-1.9719621,0.0,-1.683122,0.008420645,0.0376,-0.424137,0.032,0.124,0.0392,1.3072,0.0344,0.29279999999999995,4.2282,0.30628437,4.005911
0.007968884,0.00767031,0.061599999999999995,0.0224,0.12240000000000001,0.0288,1.232,0.0248,0.3184,3.6362796,0.1954155,3.5611677,-0.0043924884,0.00044340652,-0.3792,0.0,0.0008,0.0184,0.0008,0.016800000000000002,0.0008,-1.9694694,0.0,-1.4564912,0.0083832415,0.0656,-0.41539368,0.0264,0.128,0.0328,1.3319999999999999,0.0288,0.3496,4.121821,0.2539382,4.0145044
0.008655876,0.007649008,0.0264,0.020800000000000003,0.1032,0.0288,1.2152,0.024,0.2848,3.5588386,0.18207598,3.423149,-0.0043122494,0.000479121,-0.232,0.1616,0.0008,0.16640000000000002,0.0008,0.1616,0.0008,-2.0328948,0.0,-1.746026,0.008494813,0.0424,-0.4500331,0.0368,0.1048,0.044,1.0872,0.04,0.2856,4.0887947,0.36233082,3.8145711
0.009227038,0.007632588,0.0272,0.0256,0.1016,0.033600000000000005,1.1944,0.0288,0.24639999999999998,3.4694147,0.21102354,3.305322,-0.0042085857,0.0004914107,-0.1512,0.2432,0.0008,0.2488,0.0016,0.2432,0.0008,-2.07922,0.0,-1.8992603,0.0083811795,0.0264,-0.48600444,0.0248,0.1272,0.032,1.2696,0.0272,0.3312,4.0388746,0.2245644,3.868371
0.009911147,0.0075032217,0.0432,0.0384,0.09119999999999999,0.0464,1.1543999999999999,0.04,0.25680000000000003,3.481674,0.32884145,3.2280457,-0.004092633,0.0003754578,-0.3744,0.0256,0.0008,0.0256,0.0008,0.0256,0.0008,-2.1689672,0.0,-1.6341897,0.008364898,0.0368,-0.48703283,0.032,0.1296,0.04,1.2384000000000002,0.033600000000000005,0.3024,4.091933,0.3005893,3.8688686
0.010526245,0.007331917,0.0376,0.031200000000000002,0.09999999999999999,0.0392,1.0896,0.033600000000000005,0.2488,3.3936915,0.26394057,3.1949828,-0.00405344,0.00056817196,-0.3896,0.0,0.0008,0.0096,0.0008,0.0096,0.0008,-2.2247996,0.0,-1.6534967,0.008170762,0.0376,-0.45710087,0.0304,0.1272,0.0392,1.2336,0.033600000000000005,0.3312,4.0271926,0.29286557,3.81301
0.011299999,0.0073348023,0.0304,0.0296,0.0952,0.0376,0.9704,0.031200000000000002,0.17200000000000001,3.267599,0.2313475,3.0825372,-0.0040114652,0.00052619725,-0.29200000000000004,0.1008,0.0008,0.1056,0.0032,0.1008,0.0008,-2.2256687,0.0,-1.8227303,0.008244248,0.0304,-0.47413677,0.0296,0.1192,0.0376,1.1672,0.031200000000000002,0.30479999999999996,3.9233158,0.2579502,3.7230394
0.011821457,0.00714619,0.0264,0.0224,0.1088,0.0304,1.1119999999999999,0.0248,0.224,3.2621627,0.17602305,3.1290245,-0.003965548,0.0004802798,-0.3568,0.0408,0.0024,0.0408,0.0032,0.0408,0.0024,-2.266252,0.0,-1.753274,0.007959832,0.0256,-0.515788,0.0216,0.13040000000000002,0.0296,1.2296,0.0248,0.3472,3.9555316,0.18738803,3.8200266
0.012563923,0.006958466,0.0664,0.0256,0.12639999999999998,0.0328,1.1472,0.0272,0.2792,3.2117932,0.20232505,3.1232562,-0.003920094,0.00055077963,-0.192,0.2072,0.0008,0.2072,0.0008,0.2072,0.0008,-2.3307223,0.0,-2.0403748,0.007899626,0.0664,-0.49312022,0.0256,0.1352,0.032,1.3264,0.0272,0.33599999999999997,3.9324498,0.22414897,3.8478196
0.013046993,0.0069191903,0.0376,0.031200000000000002,0.1032,0.0392,1.1288,0.033600000000000005,0.2696,3.2718716,0.24487528,3.090138,-0.003927515,0.0005582004,-0.07919999999999999,0.3032,0.0008,0.32080000000000003,0.0024,0.31520000000000004,0.0008,-2.4161801,0.0,-2.3052127,0.0077824746,0.044,-0.53442657,0.0376,0.156,0.045599999999999995,1.2752000000000001,0.04,0.3408,4.0463204,0.33261603,3.8070698
0.013339676,0.0066265073,0.0288,0.0248,0.12,0.033600000000000005,1.1704,0.0272,0.2824,3.1650822,0.18308005,3.0250654,-0.0039894343,0.00062011986,-0.3688,0.0,0.0008,0.031200000000000002,0.0024,0.0304,0.0008,-2.4078894,0.0,-1.8296293,0.0075606555,0.035199999999999995,-0.5602972,0.031200000000000002,0.1872,0.0392,1.2152,0.0344,0.3776,3.9607763,0.2613276,3.7672534
0.013706693,0.006814232,0.0392,0.0344,0.09839999999999999,0.0432,1.1608,0.0376,0.2624,3.1542091,0.2598948,2.9551678,-0.0039690263,0.00036780478,-0.2712,0.128,0.0008,0.1288,0.0024,0.1288,0.0024,-2.3846989,0.0,-1.9767745,0.0076949084,0.0392,-0.48311812,0.0344,0.1616,0.0432,1.256,0.0368,0.3464,3.9010067,0.29104862,3.686555
0.01370159,0.006597439,0.0272,0.0224,0.1296,0.031200000000000002,1.1344,0.0248,0.2856,3.2193916,0.16351315,3.1017861,-0.003995,0.00050973194,-0.38799999999999996,0.0,0.0008,0.0016,0.0008,0.0,0.0008,-2.421224,0.0,-1.8048153,0.007507802,0.036,-0.5277018,0.032,0.1568,0.0392,1.3095999999999999,0.033600000000000005,0.40480000000000005,4.000652,0.2611606,3.81527
0.0137353195,0.0064527607,0.041600000000000005,0.033600000000000005,0.1336,0.0432,1.1056000000000001,0.0368,0.3056,3.2036352,0.2541074,3.0129147,-0.0039755194,0.00060620497,-0.1352,0.11120000000000001,0.0008,0.2648,0.0008,0.2648,0.0008,-2.4132237,0.0,-2.2239876,0.0074303783,0.041600000000000005,-0.5187701,0.033600000000000005,0.1984,0.0432,1.1967999999999999,0.0368,0.396,3.978638,0.28323308,3.7767339
0.01339981,0.006677322,0.033600000000000005,0.0288,0.14639999999999997,0.0376,1.1368,0.031200000000000002,0.3464,3.2594447,0.20810914,3.1047823,-0.0039857235,0.0005004555,-0.38239999999999996,0.0112,0.0008,0.0112,0.0008,0.0112,0.0008,-2.4507923,0.0,-1.8329923,0.007408852,0.033600000000000005,-0.44812122,0.0288,0.1944,0.0376,1.264,0.031200000000000002,0.42319999999999997,3.9994779,0.22979875,3.8368762
0.012696397,0.006604096,0.0368,0.032,0.1712,0.0424,1.1392,0.0368,0.3656,3.4537153,0.24021497,3.2771964,-0.0040341928,0.00043297128,-0.26080000000000003,0.1384,0.0008,0.1392,0.0008,0.1392,0.0008,-2.4036565,0.0,-2.0155602,0.007228296,0.0392,-0.48869443,0.0344,0.2488,0.0448,1.3472,0.0392,0.4536,4.177899,0.28176466,3.9797368
0.011688985,0.00672392,0.045599999999999995,0.0392,0.1728,0.0464,0.9888,0.041600000000000005,0.32080000000000003,3.496319,0.29150906,3.279082,-0.0040777912,0.00047656975,-0.2064,0.1816,0.0008,0.1864,0.0008,0.1816,0.0008,-2.3408098,0.0,-2.0553322,0.0075646024,0.045599999999999995,-0.47593156,0.0384,0.2136,0.0464,1.2424,0.041600000000000005,0.38720000000000004,4.1802416,0.3143493,3.9580336
0.010082451,0.0069990726,0.044,0.0392,0.1856,0.0472,1.2815999999999999,0.0408,0.39280000000000004,3.7812355,0.29485884,3.5694351,-0.004286507,0.00045337866,-0.148,0.2344,0.0008,0.252,0.0008,0.24559999999999998,0.0008,-2.3054442,0.0,-2.1011343,0.0076248934,0.044,-0.40798053,0.0384,0.2488,0.0472,1.3528,0.0408,0.4496,4.3855867,0.31390068,4.1692247
0.007927166,0.006935389,0.0376,0.0304,0.2848,0.0392,1.4032,0.032,0.5104,4.1818147,0.22954904,4.0321455,-0.0046236995,0.0005586641,-0.0784,0.29760000000000003,0.0008,0.32,0.0008,0.32,0.0008,-2.2107108,0.0,-2.1072803,0.007416543,0.07039999999999999,-0.43893453,0.062400000000000004,0.3184,0.072,1.3704,0.0648,0.5664,4.724897,0.52882767,4.3668995
0.0058193677,0.007046115,0.048,0.041600000000000005,0.2952,0.0496,1.4968,0.044,0.576,4.544671,0.32635272,4.3346453,-0.0051767975,0.00053199474,-0.21680000000000002,0.16799999999999998,0.0008,0.18239999999999998,0.0008,0.16799999999999998,0.0008,-2.0601454,0.0,-1.7735083,0.00744756,0.0696,-0.3731055,0.06319999999999999,0.3392,0.07039999999999999,,0.0656,0.6095999999999999,4.982939,0.53249186,4.6379733
0.0037623837,0.007216975,0.0544,0.0488,0.3568,0.0576,1.4896,0.0512,0.5880000000000001,4.774223,0.38901457,4.524478,-0.0059219142,0.0003494837,-0.3896,0.010400000000000001,0.0008,0.010400000000000001,0.0008,0.010400000000000001,0.0008,-1.9368291,0.0,-1.386166,0.007579927,0.0608,-0.31070992,0.0552,0.35760000000000003,0.064,1.5272,0.0576,0.6407999999999999,5.1377735,0.45815778,4.8484516
0.0016809899,0.0071903486,0.0392,0.0328,0.4168,0.0408,1.5071999999999999,0.035199999999999995,0.664,4.9104686,0.2560238,4.7550297,-0.0068551074,0.00047100242,-0.1472,0.2488,0.0008,0.2488,0.0008,0.2488,0.0008,-1.7648706,0.0,-1.5882735,0.0074240463,0.064,-0.25157523,0.0576,0.42,0.0656,,0.0608,0.6799999999999999,5.195223,0.4815168,4.8898344
-8.90815e-05,0.0072961925,0.0488,0.041600000000000005,0.43119999999999997,0.0504,,0.0448,0.7272,5.1815705,0.33101273,4.994844,-0.007910747,0.00048306095,-0.32239999999999996,0.07759999999999999,0.0008,0.07759999999999999,0.0008,0.07759999999999999,0.0008,-1.4892502,0.0,-1.1264318,0.007403551,0.0488,-0.17050591,0.0424,0.4696,0.0504,,0.0448,0.7416,5.35913,0.33559525,5.1735964
-0.0013403584,0.00055918045,0.108,0.4808,0.0008,0.5064000000000001,0.0016,0.5016,0.0008,-0.07444621,-0.0053920723,-0.08776003,-0.009063326,0.00047610514,0.0512,0.4512,0.0008,0.4512,0.0008,0.4512,0.0008,0.022784397,0.0003227922,0.020233419,0.0006576805,1.5192,2.5620894,1.9184,0.0008,1.9192000000000002,0.0024,1.9192000000000002,0.0008,0.074768655,0.15750349,0.012896442
-0.0022294994,0.00044978526,-0.37679999999999997,0.020800000000000003,0.0008,0.020800000000000003,0.0008,0.020800000000000003,0.0008,-0.27831393,0.0,-0.1438444,-0.010350412,0.0006036563,0.8775999999999999,1.2336,0.0008,1.276,0.0032,1.2752000000000001,0.0024,0.0059741456,0.0017394465,0.031195387,0.000917956,1.1976,2.859197,1.3264,0.0024,1.596,0.3312,1.4056,0.004,0.26895484,0.35483128,0.22153202
-0.003989807,0.0075356187,0.0712,0.0656,0.508,0.0736,,0.0688,0.8032,5.836998,0.54241365,5.535884,-0.011329755,0.00042346492,-0.3288,0.056,0.0008,0.0712,0.004,0.0712,0.0016,-0.8435588,0.0,-0.61686975,0.007552466,0.0712,-0.06680451,0.0664,0.536,0.0736,,0.0688,0.8384,5.8802896,0.54321605,5.5806828
-0.004753576,0.007522749,0.0872,0.0808,0.5528000000000001,0.0896,,0.08320000000000001,0.8296,5.9175463,0.6868414,5.529005,-0.012356638,0.0005227197,-0.2624,0.1352,0.0008,0.1352,0.0008,0.1352,0.0008,-0.6015652,0.0,-0.46276897,0.0075336373,0.0872,-0.05377263,0.0808,0.5656,0.0896,,0.08320000000000001,0.8296,5.941325,0.68706167,5.5543427
-0.0053038807,0.007296414,0.0664,0.06,0.5640000000000001,0.0688,,0.062400000000000004,0.8864,5.8189135,0.4912145,5.554412,-0.013222345,0.00046079885,-0.29200000000000004,0.0384,0.0008,0.10719999999999999,0.0008,0.0936,0.0008,-0.42676744,0.0,-0.29516026,0.007297384,0.096,-0.016303688,0.0896,0.5344,0.09839999999999999,,0.092,0.8568,5.8250976,0.7504016,5.39756
-0.0056262966,0.0072859847,0.0664,0.0608,0.5536,0.0696,,0.064,0.892,5.7674885,0.49556345,5.493557,-0.013809534,0.00070012687,0.0264,0.41600000000000004,0.0008,0.4264,0.004,0.41600000000000004,0.0008,-0.29284066,-0.005420368,-0.2950438,0.0072898157,0.0824,0.032422528,0.0768,0.5376000000000001,0.0856,,0.08,0.876,5.7549644,0.63438064,5.3927984
-0.0057505593,0.007077402,0.088,0.0856,0.5152,0.0936,,0.088,0.84,5.656873,0.6789935,5.268443,-0.014049093,0.0007077791,0.0736,0.4432,0.0008,0.472,0.0024,0.4432,0.0008,-0.17903298,0.011661152,-0.20361513,0.0070785596,0.088,0.018085478,0.0856,0.5152,0.0936,,0.088,0.84,5.6527104,0.67915165,5.263794
-0.0057028513,0.007029694,0.0576,0.053599999999999995,0.5936,0.061599999999999995,,0.056,0.8944,5.6175423,0.4143836,5.3960886,-0.013973724,0.00063240994,0.0472,0.404,0.0008,0.436,0.0016,0.4328,0.0008,-0.21596335,0.0012506722,-0.22825442,0.007035451,0.0576,0.040456172,0.053599999999999995,0.5936,0.061599999999999995,,0.056,0.8712,5.604211,0.41425878,5.382189
-0.005411501,0.006849292,0.0512,0.048,0.5512,0.056,,0.052000000000000005,0.8904,5.372624,0.35924846,5.1724725,-0.013607543,0.00049813604,0.0368,0.4344,0.0008,0.43679999999999997,0.0032,0.4344,0.0008,-0.29255065,-0.006421972,-0.29649305,0.0068599465,0.0552,0.055741053,0.052000000000000005,0.5472,0.06,,0.0552,0.8552,5.3479805,0.39082888,5.126872
-0.005256395,0.0065832376,0.036,0.032,0.5648,0.0392,,0.033600000000000005,0.9256,5.1870623,0.231008,5.069346,-0.013154629,0.00062498916,-0.2736,0.1048,0.0016,0.12480000000000001,0.0032,0.12480000000000001,0.0016,-0.38235688,0.0,-0.2892462,0.006585884,0.036,-0.028350102,0.032,0.5648,0.0392,,0.033600000000000005,0.9256,5.195816,0.23136038,5.077973
-0.004892484,0.006774069,0.064,0.0608,0.5055999999999999,0.0688,,0.0648,0.8024,5.096528,0.4657039,4.825814,-0.012631911,0.00056608487,-0.06,0.3264,0.0024,0.33999999999999997,0.0032,0.3352,0.0024,-0.40589464,0.0,-0.38200822,0.006774841,0.064,0.015096326,0.0608,0.5055999999999999,0.0688,,0.0648,0.8024,5.08982,0.4655853,4.8189526
-0.004303125,0.0065175556,0.033600000000000005,0.0304,0.4808,0.0384,,0.0344,0.8208000000000001,4.822263,0.22303389,4.6966696,-0.01195915,0.0004730923,-0.24480000000000002,0.1544,0.0008,0.15519999999999998,0.0016,0.1544,0.0008,-0.58660626,0.0,-0.4634636,0.006521357,0.033600000000000005,-0.034145072,0.0304,0.4808,0.0384,,0.0344,0.8208000000000001,4.839478,0.22367436,4.7136683
-0.0037452765,0.0064035007,0.033600000000000005,0.031200000000000002,0.48,0.0392,,0.035199999999999995,0.7544000000000001,4.588606,0.2263428,4.454136,-0.011386803,0.0004805131,-0.16799999999999998,0.2304,0.0008,0.2304,0.0048,0.2304,0.0008,-0.65745455,0.0,-0.57234466,0.006467968,0.033600000000000005,-0.14130682,0.0328,0.48,0.0392,,0.035199999999999995,0.7544000000000001,4.635464,0.22787471,4.500816
-0.003238464,0.0005711622,-0.188,0.196,0.0008,0.2112,0.0008,0.2112,0.0008,0.0146446265,0.0,0.010983327,-0.010900727,0.00069015706,0.9199999999999999,1.3024,0.0008,1.32,0.0008,1.3024,0.0008,0.04418053,0.039403066,0.0275057,0.00083835697,0.47840000000000005,-2.7064185,0.8168,0.0008,0.8768,0.0016,0.8575999999999999,0.0008,-0.03190481,-0.009749768,-0.035115175
-0.0026078334,0.0060426965,0.033600000000000005,0.035199999999999995,0.38720000000000004,0.04,,0.0368,0.6080000000000001,4.0087895,0.22472474,3.8612282,-0.010199673,0.00045291707,-0.38799999999999996,0.008,0.0008,0.012,0.0016,0.012,0.0008,-0.78529173,0.0,-0.5456161,0.006115146,0.033600000000000005,-0.15408455,0.035199999999999995,0.38720000000000004,0.04,,0.0368,0.6080000000000001,4.081818,0.22837897,3.9320898
-0.0019565662,0.0060571204,0.035199999999999995,0.035199999999999995,0.2944,0.04,,0.0376,0.5943999999999999,3.9286299,0.23134264,3.779515,-0.009597871,0.0004308829,-0.25839999999999996,0.1336,0.0016,0.14079999999999998,0.0016,0.14079999999999998,0.0016,-0.8418225,0.0,-0.68934363,0.0061328122,0.035199999999999995,-0.15727371,0.035199999999999995,0.2944,0.04,,0.0376,0.5943999999999999,4.011994,0.23547037,3.8605604
-0.0009864327,0.006085523,0.024,0.0232,0.3288,0.0288,,0.0248,0.6207999999999999,3.91587,0.15039064,3.819567,-0.008854841,0.00049952697,-0.2952,0.09839999999999999,0.0016,0.1016,0.0024,0.09839999999999999,0.0016,-1.0085642,0.0,-0.7974131,0.006210526,0.024,-0.2009751,0.0232,0.3288,0.0288,,0.0256,0.6207999999999999,4.038388,0.15451057,3.9398103
5.1379247e-05,0.006490041,0.0328,0.0296,0.29760000000000003,0.0368,1.492,0.033600000000000005,0.5552,4.0545006,0.2182729,3.9086032,-0.008052211,0.0005085715,-0.3144,0.08399999999999999,0.0008,0.08399999999999999,0.0008,0.08399999999999999,0.0008,-1.2095695,0.0,-0.93591917,0.006585086,0.0328,-0.17010738,0.0296,0.29760000000000003,0.0368,1.492,0.033600000000000005,0.632,4.200746,0.22452846,4.051439
0.0010672233,0.007027476,0.035199999999999995,0.032,0.22719999999999999,0.0392,,0.0344,0.568,4.208497,0.25417846,4.0391893,-0.0072736987,0.0005417331,-0.2408,0.15839999999999999,0.0008,0.15839999999999999,0.0032,0.15839999999999999,0.0008,-1.4185765,0.0,-1.1851621,0.0072487476,0.035199999999999995,-0.24771795,0.032,0.256,0.0392,,0.0344,0.568,4.4278545,0.2634904,4.254816
0.0022086608,0.0073283683,0.028,0.024,0.28640000000000004,0.031200000000000002,1.4240000000000002,0.0272,0.5144,4.325548,0.19924349,4.1927423,-0.006572182,0.0005359375,-0.12240000000000001,0.228,0.0008,0.27599999999999997,0.0016,0.228,0.0008,-1.6608592,0.0,-1.5257735,0.0076003526,0.028,-0.26833293,0.024,0.2896,0.031200000000000002,1.5032,0.028,0.5456,4.6110888,0.207553,4.4748898
0.003156827,0.00726779,0.0392,0.0328,0.23120000000000002,0.0408,1.54,0.0368,0.532,4.3041897,0.27912346,4.1155767,-0.006036708,0.00058023096,-0.008799999999999999,0.38799999999999996,0.0008,0.3912,0.0008,0.3912,0.0008,-1.7186627,0.0,-1.710198,0.007561421,0.041600000000000005,-0.27959514,0.036,0.28,0.0432,1.4616,0.0392,0.5296,4.611339,0.3138312,4.4020762
0.004020672,0.007402481,0.0288,0.0256,0.1864,0.0328,1.38,0.028,0.4384,4.095884,0.20702095,3.9502084,-0.0055956217,0.00048700487,-0.384,0.016,0.0008,0.016,0.0008,0.016,0.0008,-1.7743198,0.0,-1.2964754,0.0077854777,0.0288,-0.31496796,0.0256,0.232,0.0328,1.4064,0.028,0.4976,4.4440517,0.21838209,4.2927547
0.004631554,0.0073463414,0.0304,0.0264,0.1736,0.033600000000000005,1.3472,0.0288,0.41600000000000004,3.9882088,0.21913785,3.834878,-0.0053073606,0.000430651,-0.204,0.18239999999999998,0.0008,0.19360000000000002,0.0048,0.19119999999999998,0.0016,-1.6918197,0.0,-1.474291,0.007713736,0.033600000000000005,-0.30987623,0.0296,0.1928,0.0368,1.4984,0.0328,0.47840000000000005,4.3141603,0.26221886,4.1300974
0.0052854843,0.00746905,0.0256,0.0216,0.1568,0.0296,1.3376,0.0248,0.3704,3.9652975,0.18298063,3.8369303,-0.0051299524,0.0003691963,-0.372,0.0136,0.0008,0.0264,0.0008,0.0264,0.0008,-1.7628403,0.0,-1.3280149,0.007923754,0.0264,-0.3404183,0.0224,0.1784,0.0304,1.3368,0.0256,0.436,4.326329,0.20255321,4.185422
0.0058162613,0.007603964,0.0288,0.0232,0.1568,0.032,1.1584,0.0256,0.3736,3.9333448,0.20129335,3.7888904,-0.004904307,0.00049141096,-0.3248,0.036,0.0024,0.0696,0.0032,0.036,0.0024,-1.8333981,0.0,-1.4361415,0.008011723,0.0288,-0.3204154,0.0232,0.1632,0.032,1.3112000000000001,0.0256,0.408,4.310605,0.21476623,4.159259
0.006293784,0.0076811835,0.035199999999999995,0.032,0.1328,0.04,1.2632,0.036,0.3464,3.9020572,0.27462053,3.7005746,-0.0047693374,0.00047239498,-0.2648,0.1336,0.0016,0.13440000000000002,0.0016,0.1336,0.0016,-1.8643572,0.0,-1.5578923,0.008103211,0.036,-0.36471203,0.033600000000000005,0.1384,0.0408,1.2624,0.0368,0.372,4.3103848,0.30218324,4.0905633
0.0068709375,0.0075478237,0.0304,0.0264,0.1512,0.0344,1.3967999999999998,0.0288,0.3584,3.817681,0.22058107,3.658803,-0.004649441,0.00046845223,-0.37520000000000003,0.0248,0.0008,0.0248,0.0008,0.0248,0.0008,-1.8976943,0.0,-1.4301698,0.008011252,0.036,-0.41663787,0.032,0.1456,0.04,1.4008,0.0344,0.3976,4.259071,0.29113197,4.0505943
0.0074713896,0.0073911655,0.0232,0.02,0.12639999999999998,0.028,1.3472,0.0232,0.3552,3.741683,0.16297466,3.6235228,-0.004520965,0.00045592943,-0.37679999999999997,0.0232,0.0008,0.0232,0.0008,0.0232,0.0008,-1.9339876,0.0,-1.457071,0.008029963,0.0232,-0.4015707,0.02,0.1744,0.028,1.408,0.0232,0.3672,4.1999526,0.17656721,4.0740604
0.007938927,0.0072564734,0.0304,0.0272,0.1296,0.035199999999999995,1.2576,0.0296,0.3448,3.6446576,0.21805279,3.4858904,-0.004402693,0.0006855179,-0.0712,0.28,0.0008,0.3248,0.0016,0.31039999999999995,0.0008,-1.9877893,0.0,-1.9095207,0.007861742,0.0448,-0.39496285,0.0424,0.1272,0.0488,1.2432,0.0432,0.3512,4.1289077,0.3722874,3.8554544
0.0086194845,0.007241606,0.0328,0.0264,0.12639999999999998,0.0344,1.2184000000000001,0.0288,0.2832,3.5780334,0.21535876,3.4221509,-0.0042725927,0.00043946423,-0.3448,0.048,0.0008,0.0504,0.0016,0.0488,0.0016,-1.9740492,0.0,-1.526005,0.007853485,0.0328,-0.39735395,0.0264,0.136,0.0344,1.2336,0.0288,0.3816,4.06318,0.23504291,3.8968716
0.009277187,0.0068058,0.0248,0.0224,0.14,0.0296,1.2792,0.024,0.32,3.500702,0.16371576,3.3822088,-0.004180526,0.00046335103,-0.3856,0.010400000000000001,0.0008,0.0144,0.0008,0.0144,0.0008,-2.0174735,0.0,-1.4999732,0.007544862,0.036,-0.47925407,0.033600000000000005,0.1648,0.0408,1.2744,0.035199999999999995,0.30960000000000004,4.036602,0.27755955,3.8349242
0.009986148,0.0067625297,0.031200000000000002,0.0264,0.1336,0.0344,1.2552,0.0288,0.32080000000000003,3.382597,0.19961047,3.2370322,-0.0040587746,0.00045755308,-0.20240000000000002,0.1888,0.0008,0.1952,0.0008,0.1896,0.0008,-2.0974238,0.0,-1.8368762,0.0074044084,0.04,-0.4548496,0.035199999999999995,0.1792,0.0424,1.2464,0.0376,0.41119999999999995,3.9601338,0.29645944,3.7456372
0.010550432,0.00664204,0.033600000000000005,0.0296,0.12639999999999998,0.0384,1.2167999999999999,0.031200000000000002,0.3432,3.3622377,0.22071773,3.1981452,-0.003982245,0.000496977,-0.0544,0.34400000000000003,0.0008,0.3456,0.0008,0.34400000000000003,0.0008,-2.1370802,0.0,-2.0730739,0.007378584,0.045599999999999995,-0.45061788,0.041600000000000005,0.12319999999999999,0.0488,1.408,0.044,0.3808,3.9573584,0.34874147,3.7003756
0.011345488,0.006623623,0.0368,0.032,0.12319999999999999,0.0408,1.2096,0.0344,0.33599999999999997,3.331561,0.24133511,3.1522686,-0.0038521453,0.0005987843,-0.0816,0.316,0.0008,0.316,0.0008,0.316,0.0008,-2.2111163,0.0,-2.107338,0.0073681953,0.0376,-0.45343474,0.0328,0.1648,0.0408,1.2247999999999999,0.036,0.368,3.963492,0.27117112,3.7690833
0.011939729,0.0065841246,0.031200000000000002,0.0272,0.1448,0.035199999999999995,0.9960000000000001,0.0296,0.3624,3.2658792,0.19453879,3.1165423,-0.0038488987,0.0004795842,-0.10400000000000001,0.2912,0.0008,0.296,0.0016,0.2912,0.0008,-2.246482,0.0,-2.1134832,0.007299703,0.0504,-0.5123936,0.0464,0.1792,0.0544,1.3232000000000002,0.0488,0.42,3.9478245,0.37955943,3.6606739
0.012535299,0.0065432964,0.0424,0.0344,0.116,0.0432,0.9672000000000001,0.0368,0.352,3.2641044,0.25992206,3.0669494,-0.0037934727,0.0006560652,-0.0992,0.2352,0.0008,0.3,0.0008,0.25120000000000003,0.0008,-2.3413901,0.0,-2.207348,0.007374986,0.0424,-0.47949433,0.0344,0.21439999999999998,0.0424,1.1728,0.0368,0.4008,3.976161,0.28539371,3.7715507
0.012999729,0.006300763,0.0408,0.036,0.1736,0.044,1.1224,0.0376,0.364,3.3103147,0.25155234,3.1233668,-0.0038217655,0.00045245106,-0.3896,0.008799999999999999,0.0008,0.008799999999999999,0.0008,0.008799999999999999,0.0008,-2.3355923,0.0,-1.7250972,0.0070496644,0.0512,-0.49906665,0.045599999999999995,0.21680000000000002,0.0544,1.3792,0.048,0.4456,4.0243835,0.36212346,3.7631226
0.013408686,0.0063356003,0.0328,0.0248,0.16799999999999998,0.033600000000000005,1.0288,0.028,0.40480000000000005,3.2744217,0.18054242,3.1460545,-0.0038537688,0.00036850083,-0.39280000000000004,0.004,0.0008,0.0072,0.0008,0.0072,0.0008,-2.427659,0.0,-1.7791314,0.0070461486,0.06319999999999999,-0.5511555,0.0552,0.22,0.0648,1.2384000000000002,0.0584,0.4472,4.0608425,0.4537927,3.7321286
0.013746635,0.006441445,0.045599999999999995,0.04,0.14959999999999998,0.0472,1.1192,0.0432,0.3312,3.2457414,0.2848386,3.0354943,-0.0038593344,0.0004900199,-0.3816,0.0184,0.0008,0.0184,0.0008,0.0184,0.0008,-2.4281232,0.0,-1.8077722,0.007254245,0.045599999999999995,-0.4779163,0.04,0.2008,0.0472,1.268,0.0424,0.40559999999999996,3.9988396,0.3133003,3.7778578
0.013939686,0.006248394,0.04,0.0344,0.15760000000000002,0.0424,1.2296,0.0376,0.3368,3.1874926,0.23741853,3.009975,-0.0039170794,0.00054776494,-0.3584,0.024,0.0008,0.0392,0.0024,0.024,0.0008,-2.4526472,0.0,-1.8870261,0.0071288273,0.0512,-0.5336946,0.044,0.2352,0.053599999999999995,1.3215999999999999,0.0488,0.4088,3.9919238,0.35502356,3.7359955
0.013820305,0.0061458787,0.0384,0.0304,0.1896,0.04,1.1848,0.0344,0.33840000000000003,3.2648249,0.21656162,3.1120489,-0.0039947685,0.0005095005,-0.32080000000000003,0.07600000000000001,0.0008,0.07600000000000001,0.0008,0.07600000000000001,0.0008,-2.4813452,0.0,-1.9582791,0.006965953,0.061599999999999995,-0.5540143,0.053599999999999995,0.2504,0.061599999999999995,1.3256000000000001,0.056,0.4744,4.0819197,0.42988604,3.781224
0.0138314,0.0062457314,0.044,0.0376,0.1736,0.0448,1.1624,0.0392,0.3472,3.21057,0.2635214,3.014413,-0.0039991746,0.0005139066,-0.3704,0.020800000000000003,0.0008,0.0296,0.0024,0.020800000000000003,0.0008,-2.4790845,0.0,-1.862212,0.00706981,0.044,-0.4876486,0.0368,0.2576,0.045599999999999995,1.2688,0.0392,0.4264,3.997911,0.28872317,3.795824
0.013179022,0.006454316,0.0488,0.044,0.1648,0.052000000000000005,1.0296,0.045599999999999995,0.3248,3.3659,0.3201544,3.1227012,-0.0040638763,0.00057860836,-0.392,0.0,0.0008,0.0072,0.0008,0.0008,0.0008,-2.4787948,0.0,-1.8135698,0.0072916043,0.0552,-0.51568526,0.0504,0.24,0.0576,1.2048,0.052000000000000005,0.42879999999999996,4.1505523,0.4056394,3.857295
0.011987881,0.006646921,0.035199999999999995,0.0296,0.1928,0.0392,1.1872,0.033600000000000005,0.3368,3.5214481,0.2234546,3.3560238,-0.0041858596,0.0004686846,-0.368,0.0016,0.0016,0.032,0.0032,0.0016,0.0016,-2.40528,0.0,-1.8183236,0.0074017406,0.0432,-0.48851272,0.0376,0.256,0.0472,1.3296,0.0408,0.4264,4.23838,0.31296217,4.0139236
0.010299688,0.0068927836,0.0384,0.033600000000000005,0.2192,0.0424,1.4096,0.036,0.412,3.799708,0.25330067,3.618862,-0.004359094,0.0005259655,-0.36479999999999996,0.0304,0.0008,0.035199999999999995,0.0024,0.0304,0.0008,-2.3698566,0.0,-1.7864946,0.007492304,0.0488,-0.43900856,0.044,0.24639999999999998,0.0528,1.3992,0.0464,0.4648,4.446684,0.36421067,4.1931086
0.00841423,0.007114015,0.0392,0.0328,0.2768,0.041600000000000005,1.1760000000000002,0.035199999999999995,0.49360000000000004,4.1434817,0.2527273,3.9715116,-0.004691417,0.000510428,-0.0552,0.3352,0.0008,0.3448,0.0008,0.3352,0.0008,-2.2294946,0.0,-2.1574874,0.0076220986,0.048,-0.36718726,0.0408,0.2984,0.0504,1.4584000000000001,0.044,0.5559999999999999,4.66765,0.34533572,4.435162
0.0060661174,0.007243159,0.04,0.033600000000000005,0.3056,0.0424,,0.036,0.5456,4.479988,0.27461958,4.2978106,-0.005193959,0.00043320283,-0.3496,0.0496,0.0008,0.0496,0.0008,0.0496,0.0008,-2.1254265,0.0,-1.6168545,0.0077291713,0.0544,-0.35651216,0.048,0.3336,0.056799999999999996,,0.0504,0.5312,4.940076,0.41771773,4.6622334
0.0038926373,0.0076414645,0.0488,0.0424,0.3232,0.0512,,0.045599999999999995,0.5167999999999999,4.797799,0.359175,4.558927,-0.0058769244,0.0005364006,-0.3016,0.09839999999999999,0.0008,0.09839999999999999,0.0016,0.09839999999999999,0.0008,-2.021591,0.0,-1.592447,0.007927867,0.0552,-0.31794733,0.0496,0.3544,0.0576,,0.052000000000000005,0.5696,5.189314,0.43298617,4.9054523
0.0018598387,0.0076771905,0.045599999999999995,0.0376,0.38480000000000003,0.0472,,0.0408,0.5640000000000001,5.0522604,0.32421052,4.8544397,-0.006787159,0.00051900744,-0.07759999999999999,0.3176,0.0016,0.3176,0.0016,0.3176,0.0016,-1.8067875,0.0,-1.710662,0.007972002,0.06,-0.2728045,0.052000000000000005,0.3704,0.061599999999999995,,0.0552,0.6304000000000001,5.352232,0.46891004,5.061081
0.00018229843,0.0076905033,0.0464,0.0408,0.3624,0.0512,1.524,0.044,0.604,5.071121,0.3389839,4.8596535,-0.0078432625,0.0005315298,-0.26,0.1392,0.0008,0.1392,0.0008,0.1392,0.0008,-1.5304713,0.0,-1.2489362,0.007803594,0.0464,-0.17045452,0.0408,0.3896,0.0512,1.524,0.044,0.6424,5.2572436,0.34467554,5.045261
-0.00147505,0.007461728,0.0408,0.0368,0.432,0.0448,,0.0392,0.7095999999999999,5.2404847,0.29334265,5.0708447,-0.008986564,0.00051529706,-0.2576,0.12240000000000001,0.0008,0.1424,0.004,0.12240000000000001,0.0008,-1.2779241,0.0,-1.0421907,0.0075273933,0.0408,-0.13218299,0.0368,0.4384,0.0448,,0.0392,0.72,5.363198,0.29681042,5.1935244
-0.0027731464,0.0073174946,0.0504,0.0472,0.42160000000000003,0.0552,,0.0488,0.7328,5.31959,0.37546092,5.100134,-0.010094155,0.00034739915,-0.39999999999999997,0.0,0.0016,0.0,0.0024,0.0,0.0016,-1.052275,0.0,-0.70847315,0.007362424,0.0504,-0.110533185,0.0472,0.48800000000000004,0.0552,,0.0496,0.7776,5.403201,0.37813565,5.1838827
-0.0037341819,0.007279994,0.053599999999999995,0.0504,0.476,0.0576,,0.052000000000000005,0.8048,5.417724,0.40443733,5.178852,-0.011215656,0.0004253192,-0.30479999999999996,0.0688,0.0016,0.0936,0.0016,0.0808,0.0016,-0.8435598,0.0,-0.6269587,0.007297302,0.053599999999999995,-0.06888934,0.0504,0.5416000000000001,0.0576,,0.052000000000000005,0.8048,5.46294,0.4061937,5.224355
-0.0047169635,0.0073751877,0.0608,0.0552,0.5184,0.062400000000000004,,0.056799999999999996,0.808,5.450509,0.45855263,5.1839,-0.012314663,0.00048074452,-0.3016,0.08,0.0008,0.0808,0.0008,0.08,0.0008,-0.58620083,0.0,-0.4373166,0.007382608,0.0608,-0.04484066,0.0552,0.5184,0.062400000000000004,,0.056799999999999996,0.808,5.4713078,0.45931783,5.20493
-0.0052417493,0.0069014374,0.06,0.056799999999999996,0.4808,0.0648,,0.06,0.8223999999999999,5.244755,0.44116434,4.988575,-0.013191966,0.0005463734,-0.24480000000000002,0.14959999999999998,0.0008,0.1544,0.0008,0.14959999999999998,0.0008,-0.41047478,0.0,-0.3123781,0.006901518,0.06,-0.0048387274,0.056799999999999996,0.4808,0.0648,,0.06,0.8223999999999999,5.24668,0.44124532,4.9905095
-0.0055561773,0.0072158654,0.0608,0.0552,0.4816,0.062400000000000004,,0.0592,0.7968000000000001,5.3010616,0.45720613,5.0358944,-0.013764081,0.00042276643,-0.236,0.1632,0.0008,0.164,0.0024,0.1632,0.0016,-0.23579082,0.0,-0.18639469,0.0072159814,0.0608,-0.0056883916,0.0552,0.4816,0.062400000000000004,,0.0592,0.7968000000000001,5.3023167,0.4572574,5.037158
-0.0057290355,0.0071668266,0.0496,0.0464,0.4496,0.053599999999999995,,0.0488,0.6992,4.9843597,0.36024433,4.7673445,-0.014037963,0.00046474207,-0.3248,0.0592,0.0008,0.064,0.0008,0.0592,0.0008,-0.1883076,0.0,-0.12233005,0.0071753087,0.0496,0.048628736,0.0464,0.4496,0.053599999999999995,,0.0488,0.6992,4.969314,0.35939288,4.7527075
-0.005649596,0.006754542,0.0488,0.045599999999999995,0.392,0.0528,,0.0488,0.7136,4.796856,0.34190765,4.592378,-0.013896267,0.00055495277,0.7048,1.0824,0.0008,1.1048,0.0008,1.1039999999999999,0.0008,-0.1687705,-0.119957976,-0.12192133,0.0067577157,0.0488,0.030650156,0.045599999999999995,0.392,0.0528,,0.0488,0.7136,4.789431,0.3413524,4.5851984
-0.0055171233,0.0065111206,0.033600000000000005,0.0296,0.4664,0.036,,0.032,0.8111999999999999,4.7730575,0.21976799,4.6451335,-0.013533332,0.00042392546,-0.2096,0.1776,0.0008,0.1904,0.0008,0.1888,0.0008,-0.27562195,0.0,-0.22587793,0.0065129856,0.033600000000000005,-0.023930164,0.0296,0.4664,0.036,,0.032,0.8111999999999999,4.778286,0.22011696,4.6501493
-0.00508509,0.0065228813,0.0344,0.0328,0.43920000000000003,0.0392,,0.0344,0.7647999999999999,4.5493298,0.23588261,4.4036546,-0.012988816,0.0004591765,-0.2408,0.14880000000000002,0.0008,0.15839999999999999,0.0008,0.15839999999999999,0.0008,-0.3091312,0.0,-0.24454504,0.0065228827,0.0344,-0.0007109619,0.0328,0.43920000000000003,0.0392,,0.0344,0.7647999999999999,4.5495486,0.23589516,4.4038677
-0.0047533545,0.0068568364,0.0368,0.035199999999999995,0.32239999999999996,0.041600000000000005,,0.0376,0.6519999999999999,4.430338,0.26548764,4.260698,-0.012410671,0.00046079932,-0.25279999999999997,0.12079999999999999,0.0008,0.14639999999999997,0.0032,0.14639999999999997,0.0016,-0.43639052,0.0,-0.35789007,0.0068568373,0.0368,-0.00043966208,0.035199999999999995,0.32239999999999996,0.041600000000000005,,0.0376,0.6519999999999999,4.4305296,0.26550105,4.2608795
-0.0043202112,0.006867487,0.062400000000000004,0.0264,0.3632,0.0328,,0.0296,0.6536,4.491692,0.21358061,4.4473124,-0.011760637,0.0005064858,-0.376,0.0192,0.0008,0.0192,0.0008,0.0192,0.0008,-0.5808097,0.0,-0.39134166,0.006910408,0.062400000000000004,-0.11151273,0.0264,0.3632,0.0328,,0.0296,0.6536,4.528427,0.21594827,4.483549
-0.003766135,0.006868153,0.032,0.0304,0.3496,0.0368,,0.0328,0.6528,4.440934,0.23012483,4.296368,-0.011188523,0.00039818604,-0.3968,0.0,0.0008,0.0032,0.0024,0.0,0.0016,-0.6623825,0.0,-0.4587682,0.006888529,0.032,-0.07693437,0.0304,0.3584,0.0368,,0.0328,0.6528,4.478707,0.23220363,4.332751
-0.003206067,0.006973776,0.024,0.020800000000000003,0.3024,0.0272,,0.024,0.5568,4.3588314,0.16183828,4.257757,-0.010650499,0.00043992884,-0.1976,0.2016,0.0008,0.2016,0.0016,0.2016,0.0008,-0.723142,0.0,-0.62365395,0.007023654,0.024,-0.119246036,0.020800000000000003,0.3024,0.0272,,0.024,0.5568,4.413905,0.16465044,4.3107347
-0.0025976263,0.006809129,0.0304,0.0272,0.2752,0.035199999999999995,,0.031200000000000002,0.616,4.2699623,0.21270329,4.1340504,-0.010123607,0.00060875807,-0.0224,0.3568,0.0008,0.3776,0.0008,0.3776,0.0008,-0.86344475,0.0,-0.85324085,0.0069222823,0.0328,-0.18105799,0.0304,0.2728,0.0376,,0.033600000000000005,0.6136,4.355645,0.23675923,4.2029047
-0.0020684022,0.0066127502,0.035199999999999995,0.0328,0.31520000000000004,0.0392,,0.036,0.5519999999999999,4.174158,0.23903714,4.022936,-0.009547547,0.0004965123,-0.284,0.1128,0.0016,0.1128,0.0024,0.1128,0.0016,-0.9602693,0.0,-0.7655833,0.0066730324,0.035199999999999995,-0.13451664,0.033600000000000005,0.316,0.04,,0.036,0.5519999999999999,4.2652335,0.24368256,4.1118
-0.0009926457,0.0066464785,0.0288,0.0256,0.2488,0.0328,,0.0288,0.5864,4.1358814,0.18967925,4.0149474,-0.008879424,0.00040815677,-0.3136,0.0824,0.0008,0.0864,0.004,0.0864,0.0024,-1.0827732,0.0,-0.83869123,0.0067784674,0.0384,-0.1976632,0.035199999999999995,0.31039999999999995,0.0424,,0.0392,0.592,4.2679815,0.2717111,4.0912256
-6.689181e-05,0.007384951,0.0376,0.035199999999999995,0.1744,0.0424,,0.0384,0.436,4.1853642,0.28984332,3.9839926,-0.0081915865,0.00041603972,-0.3184,0.048,0.0008,0.0816,0.0032,0.0784,0.0024,-1.2737508,0.0,-0.9842148,0.0075716684,0.0376,-0.22253965,0.035199999999999995,0.1744,0.0424,,0.0384,0.512,4.3632793,0.29908386,4.156765
0.0010257286,0.007734661,0.0304,0.0264,0.1792,0.033600000000000005,1.4808000000000001,0.0304,0.43920000000000003,4.205446,0.23622389,4.040022,-0.0074404404,0.000476568,-0.31039999999999995,0.0848,0.0008,0.0848,0.0008,0.0848,0.0008,-1.5255429,0.0,-1.1992497,0.007951087,0.0304,-0.2338552,0.0272,0.20559999999999998,0.033600000000000005,1.5208,0.0304,0.46240000000000003,4.444488,0.2459648,4.2738934
0.0020231546,0.0076248227,0.0712,0.031200000000000002,0.18,0.0384,,0.033600000000000005,0.4472,4.2217,0.28052613,4.1143026,-0.0067906375,0.00052248593,0.0152,0.41119999999999995,0.0008,0.4144,0.0024,0.41119999999999995,0.0008,-1.6064779,-0.0014362067,-1.6206242,0.008058594,0.0712,-0.3295969,0.031200000000000002,0.18,0.0384,,0.033600000000000005,0.4704,4.514414,0.29436037,4.4064918
0.003076722,0.0072369464,0.0248,0.020800000000000003,0.2368,0.0288,1.4,0.024,0.5384,4.232795,0.16221419,4.1280594,-0.00626189,0.00045755226,-0.3392,0.056,0.0008,0.0608,0.0008,0.0592,0.0008,-1.760232,0.0,-1.3293488,0.0075666867,0.0384,-0.2963042,0.0344,0.2776,0.0424,1.3864,0.0376,0.5279999999999999,4.5623045,0.29189885,4.3664513
0.003937682,0.007263574,0.0328,0.0288,0.24559999999999998,0.035199999999999995,1.556,0.031200000000000002,0.47840000000000005,4.2600875,0.23279072,4.101986,-0.00580828,0.0004677563,-0.0408,0.3544,0.0008,0.3544,0.0008,0.3544,0.0008,-1.7837703,0.0,-1.7404039,0.0075891945,0.0328,-0.29399383,0.0288,0.2712,0.035199999999999995,1.556,0.031200000000000002,0.5552,4.594201,0.24469703,4.430854
0.0045401324,0.0075487113,0.0288,0.024,0.1784,0.032,1.4696,0.0272,0.368,4.1399856,0.20529547,4.0004125,-0.0054831468,0.000606437,-0.1752,0.1792,0.0008,0.22319999999999998,0.0008,0.20559999999999998,0.0008,-1.773914,0.0,-1.5831704,0.007932025,0.0392,-0.35488144,0.035199999999999995,0.19119999999999998,0.0424,1.4591999999999998,0.0376,0.4704,4.498412,0.31578568,4.2790813
0.005205823,0.0073268143,0.0344,0.032,0.18080000000000002,0.04,1.2912000000000001,0.036,0.42879999999999996,3.993423,0.26856565,3.7987087,-0.0052340785,0.00058927573,-0.3232,0.068,0.0008,0.0768,0.0008,0.072,0.0008,-1.7984962,0.0,-1.4114436,0.007834145,0.0344,-0.36185664,0.032,0.18080000000000002,0.04,1.2912000000000001,0.036,0.47759999999999997,4.371502,0.28481206,4.1679277
0.0058127106,0.007274669,0.033600000000000005,0.0304,0.1616,0.0376,1.3816,0.0328,0.396,3.9722881,0.24462539,3.7975445,-0.0049687773,0.0004399279,-0.31039999999999995,0.07600000000000001,0.0008,0.088,0.0008,0.088,0.0008,-1.8215704,0.0,-1.4369528,0.0076426603,0.033600000000000005,-0.31157988,0.0304,0.1984,0.0376,1.3824,0.0328,0.4976,4.3394504,0.25999236,4.156555
0.0063408255,0.0006443886,0.5456,0.9032,0.0016,0.9456,0.0016,0.9392,0.0016,0.042049415,0.011433879,0.065348595,-0.004813399,0.0006324104,0.5552,0.8423999999999999,0.0008,0.9472,0.0008,0.9239999999999999,0.0008,-0.023364529,-0.015296992,-0.00829058,0.00081783003,0.2072,-2.9206038,0.5688,0.0008,0.6048,0.0016,0.5943999999999999,0.0008,-0.03590545,-0.0021565375,-0.049297538
0.006725151,0.0072498163,0.0384,0.033600000000000005,0.1632,0.041600000000000005,1.3248,0.0368,0.40480000000000005,3.8205106,0.27609658,3.6211362,-0.004647354,0.00058231875,-0.07600000000000001,0.28640000000000004,0.0008,0.3232,0.0008,0.32,0.0008,-1.8796635,0.0,-1.7943218,0.0077239075,0.0384,-0.3521878,0.033600000000000005,0.2072,0.041600000000000005,1.3248,0.0368,0.4248,4.2344027,0.29506615,4.025467
0.0073067425,0.0070010703,0.028,0.0256,0.15760000000000002,0.0344,1.3152,0.028,0.3792,3.754441,0.19610919,3.613093,-0.004504036,0.00043900078,-0.3256,0.07039999999999999,0.0008,0.07440000000000001,0.0008,0.0728,0.0008,-1.9276675,0.0,-1.5057127,0.0074847518,0.035199999999999995,-0.40129867,0.0328,0.196,0.0408,1.3543999999999998,0.036,0.4584,4.209142,0.27571076,4.0118604
0.007950244,0.0069123115,0.033600000000000005,0.031200000000000002,0.18239999999999998,0.0384,1.3439999999999999,0.033600000000000005,0.4088,3.6939745,0.23262388,3.5262203,-0.0043855314,0.00043644954,-0.39999999999999997,0.0,0.0008,0.0,0.0008,0.0,0.0008,-1.9481336,0.0,-1.4046596,0.0073775263,0.033600000000000005,-0.3570223,0.031200000000000002,0.20240000000000002,0.0384,1.3439999999999999,0.033600000000000005,0.4592,4.1418834,0.24814187,3.9677682
0.008459497,0.0065140063,0.0296,0.0256,0.232,0.033600000000000005,1.3384,0.028,0.4384,3.6371129,0.18410166,3.5107424,-0.0042700414,0.0005528664,-0.1632,0.2368,0.0008,0.2368,0.0024,0.2368,0.0016,-1.9875584,0.0,-1.7848716,0.006988743,0.0472,-0.45029068,0.0432,0.2736,0.0504,1.5,0.0464,0.4584,4.1396074,0.3429086,3.9009516
0.009081919,0.0066682235,0.0376,0.031200000000000002,0.2064,0.0392,1.2128,0.033600000000000005,0.41759999999999997,3.6848752,0.23219226,3.5230017,-0.004151305,0.0004341302,-0.3248,0.0152,0.0008,0.07440000000000001,0.0008,0.0736,0.0008,-2.1380658,0.0,-1.6606853,0.00722957,0.0472,-0.43467337,0.0408,0.2616,0.0488,1.4096,0.0432,0.492,4.2425795,0.32921982,4.017804
0.009757593,0.006547291,0.035199999999999995,0.0304,0.22,0.0392,1.3456000000000001,0.0328,0.4528,3.6401095,0.21918185,3.4853365,-0.004047411,0.00056214305,-0.108,0.2656,0.0008,0.2896,0.0008,0.2896,0.0008,-2.1687932,0.0,-2.0301127,0.0070192125,0.0424,-0.41040143,0.0376,0.2672,0.0464,1.44,0.04,0.504,4.203137,0.29351738,4.000647
0.010416405,0.0063322727,0.0296,0.0248,0.2256,0.032,1.2096,0.0264,0.42800000000000005,3.5121305,0.16406374,3.3996286,-0.003962533,0.0004772651,-0.3632,0.033600000000000005,0.0008,0.0368,0.0008,0.033600000000000005,0.0008,-2.1849108,0.0,-1.6410888,0.0068098926,0.0544,-0.41881466,0.0496,0.24480000000000002,0.056799999999999996,1.3712000000000002,0.0512,0.48319999999999996,4.0971375,0.37696418,3.832806
0.01099467,0.006197802,0.036,0.0304,0.2112,0.0384,1.1296,0.0328,0.4616,3.4394574,0.2074503,3.2955575,-0.0038911058,0.0005217913,-0.35760000000000003,0.0376,0.0008,0.0424,0.0008,0.0376,0.0008,-2.2183053,0.0,-1.6752951,0.006917705,0.053599999999999995,-0.46026856,0.048,0.2472,0.056,1.3456000000000001,0.0504,0.4664,4.0668707,0.36532736,3.8128252
0.011633731,0.0061134826,0.041600000000000005,0.035199999999999995,0.18080000000000002,0.0424,0.936,0.0392,0.4128,3.3529196,0.24145763,3.1769555,-0.0037874435,0.00041812903,-0.368,0.016800000000000002,0.0008,0.0288,0.0016,0.028,0.0016,-2.2778473,0.0,-1.6988916,0.006749116,0.0664,-0.5095956,0.06,0.2432,0.06720000000000001,1.3664,0.062400000000000004,0.4664,4.038093,0.45616996,3.7116418
0.012207779,0.005983229,0.0448,0.0392,0.17679999999999998,0.0464,1.0624,0.041600000000000005,0.42319999999999997,3.2714276,0.2599487,3.081817,-0.0037424534,0.00048909243,-0.3432,0.0504,0.0008,0.0504,0.0016,0.0504,0.0008,-2.2703104,0.0,-1.7354171,0.0066978512,0.056,-0.5017528,0.0504,0.2544,0.0576,1.3048,0.052000000000000005,0.4296,3.9601297,0.3656641,3.7060215
0.012700391,0.0059344107,0.045599999999999995,0.0408,0.20800000000000002,0.048,1.1224,0.0424,0.28719999999999996,3.28352,0.26669964,3.0905807,-0.0037468595,0.0004934985,-0.0664,0.3296,0.0016,0.33280000000000004,0.0032,0.3296,0.0016,-2.2853265,0.0,-2.1978977,0.006652961,0.056799999999999996,-0.5047014,0.052000000000000005,0.2264,0.0592,1.4023999999999999,0.053599999999999995,0.48879999999999996,3.9791875,0.37556875,3.7181323
0.013135086,0.006054458,0.053599999999999995,0.048,0.20240000000000002,0.0552,1.1184,0.0488,0.3704,3.2407508,0.31278488,3.011753,-0.0037320175,0.0004786565,-0.284,0.1144,0.0016,0.1144,0.0016,0.1144,0.0016,-2.3148947,0.0,-1.8822722,0.006809207,0.053599999999999995,-0.47529548,0.0472,0.25279999999999997,0.0544,1.2424,0.0496,0.4472,3.9408364,0.33958152,3.7067647
0.013483686,0.005816806,0.04,0.033600000000000005,0.22719999999999999,0.0424,1.0904,0.036,0.3728,3.142394,0.21717054,2.9847364,-0.003705812,0.00045245094,-0.3136,0.0608,0.0008,0.0864,0.0008,0.0856,0.0008,-2.376756,0.0,-1.8882439,0.0066885483,0.0576,-0.54893905,0.0512,0.24400000000000002,0.06,1.2944,0.053599999999999995,0.4592,3.9208589,0.37177646,3.6580682
0.013686279,0.005947059,0.033600000000000005,0.0296,0.128,0.0376,1.028,0.0328,0.3288,3.0890825,0.18831104,2.9493985,-0.0037969516,0.00054359064,-0.3976,0.0,0.0008,0.0024,0.0008,0.0,0.0008,-2.3439987,0.0,-1.7004569,0.006585483,0.044,-0.48170042,0.0384,0.2424,0.0472,1.1528,0.0432,0.49679999999999996,3.8235145,0.28436852,3.6211047
0.0136015145,0.0058099264,0.032,0.028,0.20559999999999998,0.036,1.184,0.0304,0.43119999999999997,3.1707404,0.17559145,3.0435934,-0.0038897141,0.00063635316,-0.23920000000000002,0.1384,0.0008,0.15839999999999999,0.0008,0.15839999999999999,0.0008,-2.3538551,0.0,-1.9979938,0.006628126,0.0448,-0.50213623,0.04,0.29279999999999995,0.0488,1.312,0.0432,0.4664,3.9122412,0.28985995,3.7097764
0.013516972,0.0060054176,0.0392,0.0344,0.18239999999999998,0.041600000000000005,1.064,0.036,0.3272,3.1903226,0.22569932,3.0233455,-0.003905252,0.0005359376,-0.3408,0.0528,0.0008,0.0592,0.0008,0.0528,0.0008,-2.37606,0.0,-1.8335137,0.0067507285,0.048,-0.50914735,0.0424,0.2328,0.0504,1.3976,0.0448,0.4792,3.9438334,0.3144516,3.7225885
0.012971327,0.006662011,0.035199999999999995,0.0328,0.148,0.04,1.1328,0.035199999999999995,0.35600000000000004,3.3697824,0.22300908,3.2024727,-0.0040079867,0.00052271876,-0.0688,0.32,0.0008,0.33039999999999997,0.0008,0.32,0.0008,-2.4699244,0.0,-2.3729873,0.0073361155,0.035199999999999995,-0.43204448,0.0328,0.2008,0.04,1.32,0.035199999999999995,0.4376,4.094366,0.2436244,3.9222317
0.010340739,0.006962681,0.04,0.032,0.1744,0.0408,1.0848,0.0344,0.4192,3.7199917,0.24528486,3.54669,-0.004440029,0.00037499378,-0.3976,0.0008,0.0008,0.0008,0.0008,0.0008,0.0008,-2.322374,0.0,-1.6825427,0.007405992,0.04,-0.34775063,0.032,0.2544,0.0408,1.4167999999999998,0.0344,0.48,4.288747,0.26234496,4.1112375
0.008400917,0.006905432,0.0504,0.0472,0.2432,0.0544,1.4191999999999998,0.048,0.45439999999999997,4.0604916,0.35893154,3.8113012,-0.0048356624,0.00053872005,-0.24480000000000002,0.1424,0.0008,0.1536,0.0024,0.1424,0.0008,-2.2250888,0.0,-1.8760691,0.0074605346,0.0504,-0.38819233,0.0472,0.2712,0.0544,1.4191999999999998,0.048,0.5032,4.600601,0.38358995,4.3418183
0.0062198914,0.007311282,0.036,0.031200000000000002,0.24159999999999998,0.0408,1.3239999999999998,0.0344,0.5112,4.33215,0.25766787,4.1566296,-0.005364178,0.00037151505,-0.392,0.0072,0.0008,0.0072,0.0016,0.0072,0.0016,-2.1142957,0.0,-1.5366155,0.007735775,0.0408,-0.33281595,0.0368,0.3064,0.045599999999999995,1.4408,0.0392,0.5664,4.7851806,0.3151526,4.5723305
0.0040020323,0.007643018,0.048,0.041600000000000005,0.30400000000000005,0.0496,,0.044,0.5152,4.668156,0.36305445,4.4240694,-0.0060432013,0.00047077076,-0.0496,0.3488,0.0008,0.3496,0.0016,0.3488,0.0008,-1.9869792,0.0,-1.9248282,0.007987961,0.0608,-0.339481,0.0544,0.2968,0.062400000000000004,,0.056799999999999996,0.5864,5.063393,0.49992856,4.7276516
0.002005625,0.007531404,0.0392,0.035199999999999995,0.33599999999999997,0.044,,0.0384,0.5896,4.813666,0.30025077,4.613182,-0.0068924446,0.000624293,-0.3528,0.016800000000000002,0.0008,0.0472,0.0008,0.0472,0.0008,-1.7956561,0.0,-1.3356686,0.007867375,0.0512,-0.29329795,0.048,0.3488,0.056,,0.0504,0.612,5.1272445,0.42491037,4.843525
0.00018007946,0.0075817737,0.0392,0.036,0.396,0.0432,,0.0376,0.5824,4.9649434,0.2899598,4.781213,-0.0079485485,0.0004049088,-0.3952,0.0,0.0008,0.0032,0.0008,0.0,0.0008,-1.5274562,0.0,-1.0760492,0.007741872,0.0392,-0.20372166,0.036,0.396,0.0432,,0.0376,0.5824,5.1712985,0.2962771,4.986441
-0.0013991611,0.007829633,0.062400000000000004,0.0552,0.368,0.064,,0.0584,0.6407999999999999,5.1876726,0.482233,4.88911,-0.009018336,0.00043111574,-0.16,0.2096,0.0016,0.2368,0.0024,0.2368,0.0016,-1.2602401,0.0,-1.1227193,0.007958098,0.062400000000000004,-0.17992406,0.0552,0.384,0.064,,0.0584,0.7071999999999999,5.3294554,0.4892019,5.0300684
-0.002681503,0.007669645,0.064,0.0584,0.3816,0.0648,,0.0608,0.6207999999999999,5.3496017,0.5102786,5.0340643,-0.010024815,0.00050996616,-0.3128,0.0848,0.0008,0.0848,0.0008,0.0848,0.0008,-1.0646236,0.0,-0.8236724,0.0077867354,0.064,-0.17363808,0.0584,0.3816,0.0648,,0.0608,0.6488,5.45309,0.515049,5.1388116
-0.0037255278,0.007715134,0.0696,0.0648,0.37679999999999997,0.072,,0.068,0.644,5.337674,0.57502425,4.9716554,-0.011136112,0.00034577493,-0.3976,0.0,0.0008,0.0,0.0008,0.0,0.0008,-0.8838538,0.0,-0.59570944,0.0077466266,0.0696,-0.09020102,0.0648,0.408,0.072,,0.068,0.644,5.3955917,0.5785522,5.028721
-0.0046175537,0.00783052,0.0392,0.0368,0.4632,0.0448,,0.0392,0.7295999999999999,5.4535046,0.3195673,5.2557945,-0.012218885,0.0005009202,-0.188,0.19920000000000002,0.0008,0.212,0.0008,0.19920000000000002,0.0008,-0.59704316,0.0,-0.5195863,0.007842138,0.0392,-0.054439064,0.0368,0.4632,0.0448,,0.0392,0.7295999999999999,5.477912,0.32088143,5.2795806
-0.0051853876,0.007843612,0.0344,0.031200000000000002,0.424,0.0376,,0.033600000000000005,0.7136,5.330962,0.27059528,5.166314,-0.013041691,0.000396098,-0.3432,0.0472,0.0008,0.056799999999999996,0.0008,0.0472,0.0008,-0.44850722,0.0,-0.32095826,0.007861601,0.036,-0.06766253,0.0328,0.4224,0.0392,,0.035199999999999995,0.7120000000000001,5.3490877,0.28711036,5.173659
-0.0054723006,0.008019576,0.5112,0.0248,0.232,0.032,,0.0272,0.4128,3.0526912,0.23600926,4.325159,-0.013672245,0.0005628378,0.2288,0.596,0.0008,0.6272,0.0008,0.6272,0.0008,-0.20088981,0.0048982254,-0.26849064,0.008019593,0.5112,-0.0021110289,0.0248,0.232,0.032,,0.0272,0.4128,3.0531082,0.23604354,4.3258033
-0.005710396,0.008146724,0.07919999999999999,0.041600000000000005,0.284,0.0488,,0.044,0.5848,4.971711,0.39290977,4.810725,-0.0139658395,0.000508572,-0.3504,0.0432,0.0016,0.0472,0.0016,0.0432,0.0016,-0.2541117,0.0,-0.18210457,0.008148873,0.07919999999999999,-0.022968182,0.041600000000000005,0.284,0.0488,,0.044,0.5848,4.976236,0.39356983,4.814866
-0.00569686,0.007911291,0.032,0.0304,0.2472,0.0376,,0.033600000000000005,0.6536,4.921507,0.2708518,4.7394404,-0.013913893,0.0004566256,-0.2904,0.068,0.0008,0.1096,0.0008,0.1096,0.0008,-0.26941657,0.0,-0.20761335,0.007911294,0.032,-0.000908568,0.0304,0.2472,0.0376,,0.033600000000000005,0.6536,4.9217496,0.27087831,4.739662
-0.0054754065,0.007911734,0.0344,0.031200000000000002,0.2712,0.0384,,0.035199999999999995,0.5936,4.7762747,0.28395367,4.5863314,-0.013573453,0.0004640459,-0.3288,0.0648,0.0016,0.068,0.0024,0.0648,0.0016,-0.29573917,0.0,-0.22373211,0.007925305,0.0344,-0.05852727,0.031200000000000002,0.2712,0.0384,,0.035199999999999995,0.5136000000000001,4.7853956,0.28529137,4.5945024
-0.0050988477,0.00786802,0.031200000000000002,0.031200000000000002,0.2376,0.0376,,0.0344,0.49119999999999997,4.6759224,0.26790988,4.4896393,-0.013019196,0.00048955623,-0.3136,0.0736,0.0008,0.0856,0.0008,0.0736,0.0008,-0.3326119,0.0,-0.26373547,0.007896494,0.031200000000000002,-0.0849472,0.031200000000000002,0.2376,0.0376,,0.0344,0.49119999999999997,4.687282,0.26957396,4.4994183
-0.004732496,0.007723566,0.0216,0.02,0.2104,0.0272,1.5312000000000001,0.024,0.48960000000000004,4.432002,0.17214516,4.3171706,-0.01238238,0.0004325076,-0.28640000000000004,0.0824,0.0008,0.11120000000000001,0.0008,0.0976,0.0008,-0.47291476,0.0,-0.3869933,0.007782868,0.0304,-0.12352483,0.0296,0.2016,0.036,,0.0328,0.47759999999999997,4.456501,0.25658083,4.2799716
-0.004303791,0.007849603,0.0256,0.0264,0.1608,0.032,,0.0288,0.4944,4.5131054,0.21058017,4.368761,-0.011791945,0.0005377941,-0.28719999999999996,0.108,0.0008,0.1128,0.0024,0.108,0.0008,-0.5467763,0.0,-0.43662044,0.007895884,0.0256,-0.1083247,0.0264,0.1608,0.032,,0.0288,0.4944,4.545766,0.21306385,4.399272
-0.0037457205,0.007513429,0.0184,0.016800000000000002,0.20879999999999999,0.0232,,0.02,0.42319999999999997,4.3298745,0.13774915,4.238453,-0.011107588,0.0005491581,-0.3968,0.0,0.0008,0.0032,0.0008,0.0,0.0008,-0.7353742,0.0,-0.52364314,0.0076468196,0.0184,-0.18705532,0.0184,0.20879999999999999,0.0232,,0.02,0.42319999999999997,4.391099,0.14067401,4.297628
-0.0029997032,0.00044334983,-0.3728,0.0192,0.0008,0.0264,0.0016,0.0224,0.0008,-0.08232402,0.0,-0.031842478,-0.010544517,0.0005658539,0.07600000000000001,0.4704,0.0016,0.4752,0.004,0.4752,0.0016,0.014263981,-0.003061039,0.015887327,0.0006786757,0.5448,-2.9490526,0.9304,0.0008,0.9328,0.0016,0.9304,0.0016,0.07807334,0.0186697,0.11647645
-0.0026351267,0.0077342167,0.0576,0.020800000000000003,0.23120000000000002,0.0264,,0.0232,0.5608,4.5119963,0.183633,4.488808,-0.00995269,0.00043784175,-0.284,0.0952,0.0008,0.1104,0.0016,0.1056,0.0008,-0.9153351,0.0,-0.72702676,0.007842952,0.0584,-0.16671132,0.0216,0.2304,0.0272,,0.024,0.56,4.6013317,0.19580165,4.5717955
-0.002032455,0.007020597,0.0328,0.0296,0.28159999999999996,0.0368,,0.032,0.6424,4.4748287,0.23536585,4.3256035,-0.009434377,0.00049929507,-0.0144,0.3808,0.0008,0.3816,0.0024,0.3808,0.0008,-1.0468864,0.0,-1.0374942,0.007173235,0.0328,-0.20666313,0.0296,0.28159999999999996,0.0368,,0.0328,0.6424,4.5944257,0.24031386,4.4430933
-0.0010818484,0.0075123203,0.0264,0.0232,0.24559999999999998,0.0304,1.5095999999999998,0.0256,0.48879999999999996,4.3679857,0.1903243,4.2431684,-0.0087940805,0.00043876655,-0.28080000000000005,0.09119999999999999,0.0008,0.116,0.0008,0.108,0.0008,-1.1399405,0.0,-0.91557074,0.007667029,0.0264,-0.20122974,0.0232,0.248,0.0304,1.5095999999999998,0.0256,0.48879999999999996,4.5076914,0.19591951,4.3793206
-0.00013079811,0.0076707546,0.028,0.0264,0.148,0.033600000000000005,1.4344,0.0296,0.44,4.1989,0.22609408,4.037137,-0.008185093,0.00052550016,-0.1976,0.1952,0.0008,0.20240000000000002,0.0008,0.1952,0.0008,-1.2677209,0.0,-1.1017914,0.007828108,0.036,-0.20084174,0.0344,0.1688,0.041600000000000005,1.4264000000000001,0.0376,0.4576,4.3674006,0.30981845,4.143552
0.0009571625,0.0075813304,0.0272,0.0272,0.21439999999999998,0.0344,1.5408,0.0296,0.4296,4.19252,0.21871136,4.0368595,-0.0075174333,0.00043760752,-0.3464,0.0032,0.0008,0.053599999999999995,0.0024,0.0432,0.0008,-1.4277945,0.0,-1.0866592,0.007734889,0.0272,-0.19959329,0.028,0.22,0.0344,,0.0296,0.456,4.392377,0.226294,4.232473
0.0020233768,0.007180807,0.0256,0.0216,0.2488,0.0288,1.4736,0.024,0.5128,4.296424,0.173424,4.184255,-0.0069077504,0.0006395988,-0.29200000000000004,0.048,0.0008,0.09999999999999999,0.0008,0.09839999999999999,0.0008,-1.6100147,0.0,-1.2872002,0.0074018603,0.0256,-0.2450078,0.0216,0.2904,0.0288,1.4736,0.0248,0.5608,4.558645,0.18130901,4.4427657
0.002990848,0.006989975,0.04,0.0344,0.2856,0.0432,,0.0376,0.5640000000000001,4.3449078,0.2759399,4.16617,-0.0063952366,0.000590899,-0.196,0.19360000000000002,0.0008,0.19999999999999998,0.0008,0.1944,0.0008,-1.7362874,0.0,-1.5051919,0.0074371067,0.0496,-0.34852284,0.0448,0.3144,0.052000000000000005,1.5144,0.0472,0.5848,4.6766434,0.3722505,4.434394
0.0038362755,0.0069211866,0.0256,0.0224,0.228,0.0304,,0.024,0.5072,4.127559,0.17066357,4.0153904,-0.0060088797,0.0005524026,-0.20800000000000002,0.1848,0.0008,0.1856,0.0016,0.1856,0.0008,-1.7482302,0.0,-1.517135,0.007241733,0.0328,-0.34694603,0.0296,0.252,0.0368,,0.031200000000000002,0.5672,4.476067,0.24174859,4.3169556
0.004653965,0.007102033,0.032,0.0272,0.2544,0.035199999999999995,1.5008000000000001,0.0304,0.48879999999999996,4.0878963,0.21773414,3.9405568,-0.005642003,0.00041743275,-0.11120000000000001,0.2672,0.0008,0.288,0.0016,0.28080000000000005,0.0008,-1.7993659,0.0,-1.6774987,0.007449773,0.032,-0.30674288,0.0272,0.2672,0.035199999999999995,1.5168,0.0304,0.5376000000000001,4.4404097,0.22875349,4.289304
0.0051976126,0.006891231,0.036,0.0296,0.29359999999999997,0.0384,,0.033600000000000005,0.5272,4.150915,0.23721224,3.9941447,-0.0054207635,0.00054405397,-0.3632,0.028,0.0008,0.035199999999999995,0.0008,0.028,0.0008,-1.8390219,0.0,-1.373353,0.0072824494,0.036,-0.329268,0.0304,0.2968,0.0384,,0.033600000000000005,0.6008,4.5225735,0.24932206,4.3615522
0.0058096047,0.0066120843,0.033600000000000005,0.0288,0.2656,0.0368,1.4408,0.031200000000000002,0.5296,4.0621557,0.21413408,3.9192543,-0.005139229,0.00061037974,-0.2112,0.16799999999999998,0.0008,0.1872,0.0008,0.16799999999999998,0.0008,-1.7826682,0.0,-1.5406733,0.0068909777,0.0344,-0.2854759,0.0296,0.31039999999999995,0.0384,,0.032,0.5576,4.3997755,0.23142572,4.2487807
0.0062050247,0.0065495097,0.04,0.035199999999999995,0.2424,0.0424,1.4776,0.0384,0.4664,3.9421098,0.25702322,3.771471,-0.004916598,0.0005037021,-0.3784,0.016800000000000002,0.0008,0.0192,0.0008,0.016800000000000002,0.0008,-1.8496895,0.0,-1.3466833,0.007014388,0.045599999999999995,-0.36611545,0.0408,0.2968,0.048,1.472,0.0432,0.616,4.3430185,0.31718642,4.134304
0.0067870608,0.0064112674,0.0344,0.0272,0.2592,0.036,1.46,0.0304,0.49360000000000004,3.8427553,0.2044556,3.7108376,-0.0046911845,0.0006261491,-0.3336,0.024,0.0016,0.064,0.0016,0.064,0.0016,-1.8913169,0.0,-1.4505776,0.00684178,0.0496,-0.35663792,0.0432,0.2944,0.0512,1.5224,0.045599999999999995,0.49839999999999995,4.2612605,0.3396772,4.038319
0.0073238285,0.006429242,0.036,0.0304,0.23920000000000002,0.04,1.5375999999999999,0.033600000000000005,0.4608,3.8028703,0.22319064,3.6543102,-0.004507514,0.0004424788,-0.3496,0.048,0.0008,0.0496,0.0008,0.0488,0.0008,-1.8906212,0.0,-1.4359674,0.0068419767,0.0368,-0.3491142,0.032,0.3016,0.0408,,0.0344,0.5728000000000001,4.2201824,0.24208371,4.0632005
0.007955347,0.006241517,0.0488,0.044,0.2616,0.052000000000000005,1.3439999999999999,0.0464,0.4808,3.6506488,0.30417812,3.4367402,-0.0043340484,0.0003849665,-0.3016,0.09680000000000001,0.0008,0.09680000000000001,0.0032,0.09680000000000001,0.0032,-1.9833832,0.0,-1.5588775,0.006606674,0.0488,-0.3340288,0.044,0.2616,0.052000000000000005,1.3439999999999999,0.0464,0.5672,4.09913,0.32205436,3.8813438
0.008446849,0.0060828608,0.0288,0.0248,0.2984,0.0328,1.2056,0.028,0.5032,3.6554751,0.1606241,3.548077,-0.004221109,0.0005039342,-0.3256,0.07039999999999999,0.0008,0.072,0.0008,0.07039999999999999,0.0008,-2.012662,0.0,-1.5500076,0.0066258074,0.0576,-0.40764812,0.053599999999999995,0.30400000000000005,0.061599999999999995,1.4904,0.056799999999999996,0.5448,4.1538525,0.39155197,3.8881812
0.0090706,0.0060138516,0.0368,0.0296,0.308,0.0384,1.4104,0.0328,0.58,3.7416272,0.20207982,3.612151,-0.0041188383,0.00051761686,-0.2912,0.0888,0.0008,0.1064,0.0024,0.0888,0.0008,-2.0702326,0.0,-1.6519886,0.0067032725,0.07039999999999999,-0.45751795,0.062400000000000004,0.29919999999999997,0.0712,1.3768,0.0664,0.5552,4.271276,0.472803,3.958423
0.009768689,0.005981453,0.0656,0.06,0.2728,0.0688,1.172,0.06319999999999999,0.436,3.6082664,0.41592184,3.314031,-0.004020046,0.000534778,-0.3128,0.0576,0.0008,0.0872,0.0008,0.0576,0.0008,-2.134471,0.0,-1.675875,0.006567518,0.0656,-0.42566788,0.06,0.3128,0.0688,1.4176,0.06319999999999999,0.544,4.167661,0.4444896,3.8662143
0.01032099,0.0062057907,0.0512,0.0432,0.2016,0.0528,1.3552,0.0472,0.4736,3.6209698,0.30286443,3.4137187,-0.0039488506,0.0005795361,-0.1848,0.1896,0.0008,0.2112,0.0032,0.2072,0.0024,-2.2154646,0.0,-1.9487715,0.006709732,0.0512,-0.39003956,0.0432,0.296,0.053599999999999995,1.3752,0.0472,0.5,4.1913886,0.32156625,3.9825082
0.011124923,0.0059566004,0.0544,0.048,0.2384,0.0576,1.0832000000000002,0.0504,0.41759999999999997,3.4339664,0.31751052,3.2028608,-0.0038407817,0.00035551377,-0.39280000000000004,0.0,0.0008,0.0,0.0008,0.0,0.0008,-2.2307706,0.0,-1.6089119,0.0065737753,0.0584,-0.47511923,0.052000000000000005,0.3072,0.0608,1.2256,0.0544,0.48960000000000004,4.074067,0.37006825,3.8194952
0.011646824,0.0057675447,0.0448,0.0392,0.228,0.0472,1.3424,0.0424,0.48719999999999997,3.4367404,0.25108793,3.2611094,-0.0037702823,0.0005169213,-0.24480000000000002,0.14079999999999998,0.0008,0.15200000000000002,0.0016,0.14079999999999998,0.0008,-2.2572076,0.0,-1.8931136,0.0063320817,0.0576,-0.46610987,0.052000000000000005,0.36,0.06,1.3496,0.0552,0.5688,4.0845423,0.36302766,3.840747
0.012207779,0.0056503834,0.033600000000000005,0.032,0.24960000000000002,0.04,1.2872,0.0344,0.5184,3.3497572,0.18239662,3.2244964,-0.003723669,0.00047030812,-0.1456,0.2472,0.0008,0.2536,0.0008,0.2472,0.0008,-2.2396405,0.0,-2.0383453,0.0061509446,0.062400000000000004,-0.4895485,0.0584,0.3088,0.0688,1.3152,0.062400000000000004,0.5848,4.009453,0.4024921,3.734786
0.012626721,0.005453339,0.0552,0.0496,0.21439999999999998,0.0576,1.1832,0.0528,0.44079999999999997,3.1974247,0.29994783,2.9846258,-0.0036745048,0.0005370972,-0.1704,0.1904,0.0008,0.2288,0.0016,0.1904,0.0008,-2.2425394,0.0,-2.0008922,0.006196077,0.0584,-0.49466524,0.052000000000000005,0.3,0.061599999999999995,1.2864,0.0544,0.5352,3.8787584,0.34376764,3.6503732
0.013022807,0.005501046,0.0528,0.048,0.24159999999999998,0.0552,1.22,0.0496,0.4296,3.2692628,0.28684744,3.0696664,-0.0036724175,0.0004190565,-0.3896,0.0024,0.0008,0.008,0.0008,0.0024,0.0008,-2.1964483,0.0,-1.5981281,0.00614149,0.062400000000000004,-0.49985296,0.056,0.29279999999999995,0.064,1.348,0.0592,0.5344,3.922028,0.37738305,3.6709266
0.013297958,0.005447792,0.044,0.0376,0.2256,0.045599999999999995,1.1224,0.0392,0.452,3.1099422,0.22196463,2.95295,-0.0036705623,0.0004172013,-0.3296,0.0648,0.0008,0.0688,0.004,0.0648,0.0024,-2.2278714,0.0,-1.7277639,0.006035388,0.0512,-0.44492823,0.044,0.3232,0.052000000000000005,1.3896,0.0464,0.504,3.7660236,0.28840658,3.573556
0.01343842,0.0055292267,0.0728,0.0296,0.228,0.0384,1.1967999999999999,0.0328,0.4752,3.13385,0.19128358,3.0551872,-0.0036476033,0.00051019585,-0.26399999999999996,0.12,0.0016,0.13440000000000002,0.0016,0.12,0.0016,-2.1999848,0.0,-1.7990177,0.006178122,0.0936,-0.50119174,0.0504,0.32,0.0592,1.32,0.053599999999999995,0.5616000000000001,3.8054485,0.35270494,3.635099
0.013414011,0.005664584,0.0368,0.0328,0.1784,0.04,1.1512,0.0344,0.38239999999999996,3.0495298,0.19122809,2.915282,-0.0037422213,0.0004888603,-0.3712,0.0136,0.0008,0.0288,0.0008,0.0136,0.0008,-2.2363942,0.0,-1.6558152,0.0061547966,0.056799999999999996,-0.48580334,0.0528,0.2256,0.06,1.2792,0.0544,0.5008,3.7409139,0.3484306,3.500121
0.013377177,0.005701419,0.0376,0.032,0.1728,0.04,1.1792,0.0344,0.3832,3.0321105,0.20372756,2.8855476,-0.0037948643,0.0005415033,-0.368,0.0136,0.0008,0.028,0.0016,0.0136,0.0008,-2.1912303,0.0,-1.6421905,0.006413481,0.0408,-0.47569615,0.035199999999999995,0.2192,0.0424,1.2944,0.0376,0.476,3.698958,0.24438547,3.5325181
0.012901872,0.0060657747,0.035199999999999995,0.0288,0.148,0.036,1.1984000000000001,0.032,0.3088,3.1320765,0.19533233,2.9926143,-0.0038646683,0.00049535383,-0.3888,0.0008,0.0008,0.0064,0.0008,0.0008,0.0008,-2.253787,0.0,-1.6545395,0.006713049,0.0344,-0.4798754,0.0272,0.21839999999999998,0.0376,1.2528000000000001,0.031200000000000002,0.408,3.818819,0.205423,3.6811397
0.011879595,0.0064223614,0.0856,0.0424,0.1336,0.052000000000000005,1.1032000000000002,0.0464,0.3608,3.2375312,0.31540442,3.0620108,-0.004079646,0.00047842448,-0.0272,0.3624,0.0008,0.3712,0.0008,0.3624,0.0008,-2.2277558,0.0,-2.194013,0.007242658,0.0856,-0.4805498,0.0424,0.1976,0.052000000000000005,1.3215999999999999,0.0464,0.41600000000000004,3.900669,0.34671155,3.7291079
0.010476984,0.006493591,0.0376,0.031200000000000002,0.17679999999999998,0.04,1.3144,0.0328,0.38,3.4990928,0.2253159,3.3434322,-0.0043454114,0.00039632956,-0.39280000000000004,0.0064,0.0008,0.0072,0.004,0.0064,0.0024,-2.2114062,0.0,-1.6053171,0.0071391026,0.056799999999999996,-0.46451297,0.0496,0.22319999999999998,0.0576,1.3992,0.052000000000000005,0.4712,4.1190104,0.4063497,3.8368652
0.008566452,0.0069617936,0.0816,0.0408,0.236,0.0496,1.3384,0.0432,0.42319999999999997,3.865333,0.32644323,3.710227,-0.0047786133,0.0005976246,-0.1536,0.0848,0.0008,0.24639999999999998,0.0008,0.24639999999999998,0.0008,-2.112498,0.0,-1.8845336,0.0075343624,0.0816,-0.39236927,0.0408,0.24960000000000002,0.0496,1.3512000000000002,0.0432,0.5,4.379364,0.3502429,4.2281976
0.0063667875,0.007386283,0.0216,0.0216,0.2344,0.0296,1.5704,0.024,0.4664,4.0944977,0.15527216,3.9861012,-0.0053845863,0.00050787674,-0.24480000000000002,0.1472,0.0008,0.1528,0.0008,0.1472,0.0008,-2.0421722,0.0,-1.7234161,0.00784763,0.0432,-0.42037427,0.0432,0.2344,0.0512,,0.045599999999999995,0.49520000000000003,4.57143,0.36792132,4.3070784
0.0041624643,0.007593534,0.0408,0.035199999999999995,0.2352,0.0432,1.3072,0.0384,0.5344,4.398495,0.3164851,4.175378,-0.0060800742,0.0005076437,-0.328,0.0648,0.0008,0.0648,0.0016,0.0648,0.0008,-1.9530632,0.0,-1.5066423,0.008033829,0.0408,-0.3326055,0.036,0.2352,0.0432,1.48,0.0384,0.5344,4.7951236,0.33414975,4.5634494
0.0021150203,0.007976751,0.036,0.031200000000000002,0.184,0.0392,1.4616,0.0344,0.468,4.484093,0.27873805,4.2915974,-0.0070202257,0.0004042138,-0.3856,0.0,0.0008,0.0144,0.0016,0.0112,0.0008,-1.7058494,0.0,-1.2387888,0.008260577,0.036,-0.26289842,0.032,0.23920000000000002,0.0392,,0.0344,0.5176000000000001,4.77334,0.29016823,4.575616
0.00035559994,0.008071944,0.0392,0.033600000000000005,0.2256,0.0424,1.4848,0.0368,0.49279999999999996,4.6931753,0.307765,4.4888077,-0.008016497,0.00058881077,-0.3456,0.0376,0.0008,0.0528,0.0016,0.0528,0.0008,-1.5105854,0.0,-1.127823,0.008231783,0.0392,-0.1973856,0.033600000000000005,0.24960000000000002,0.0424,1.4848,0.0368,0.5296,4.8982816,0.3170284,4.689674
-0.0012527092,0.008126975,0.045599999999999995,0.041600000000000005,0.24480000000000002,0.0496,,0.044,0.5552,4.8842287,0.37414598,4.636037,-0.00904686,0.00057559274,-0.1352,0.24159999999999998,0.0016,0.26399999999999996,0.0048,0.25839999999999996,0.0016,-1.2437178,0.0,-1.1365768,0.008288338,0.045599999999999995,-0.19764738,0.041600000000000005,0.28,0.0496,,0.044,0.5552,5.0333595,0.38318837,4.7803
-0.00251619,0.008059074,0.0472,0.0448,0.2896,0.0512,1.5288000000000002,0.0472,0.5704,5.0554223,0.4013718,4.7904773,-0.010102966,0.00047216378,-0.2736,0.12319999999999999,0.0016,0.12319999999999999,0.0016,0.12319999999999999,0.0016,-1.0670027,0.0,-0.85272074,0.008197306,0.0472,-0.18390544,0.0448,0.2896,0.0512,,0.0472,0.6072,5.165296,0.40842354,4.8964853
-0.003666947,0.008322244,0.031200000000000002,0.0288,0.3024,0.036,,0.031200000000000002,0.5592,5.172805,0.25921884,5.006604,-0.011147244,0.00035690702,-0.396,0.0,0.0008,0.0008,0.0024,0.0,0.0008,-0.8881434,0.0,-0.62678427,0.00840139,0.044,-0.13737194,0.041600000000000005,0.2896,0.0488,,0.044,0.5464,5.245696,0.3924735,4.985548
-0.004649729,0.008750283,0.0376,0.031200000000000002,0.2616,0.0392,,0.035199999999999995,0.5312,5.2879148,0.31518194,5.0872087,-0.012201724,0.00059971213,-0.236,0.1632,0.0008,0.1632,0.0024,0.1632,0.0008,-0.6587309,0.0,-0.5522857,0.008768173,0.0376,-0.063890584,0.031200000000000002,0.2616,0.0392,,0.035199999999999995,0.5312,5.319184,0.31761062,5.1166296
-0.0050555784,0.008712338,1.3288000000000002,0.0288,0.1728,0.035199999999999995,,0.0304,,-0.013923892,0.2355089,1.8707368,-0.013031719,0.0005020797,-0.204,0.1904,0.0008,0.19360000000000002,0.0016,0.1904,0.0008,0.00852412,0.0,0.0009871316,0.0087466,1.3288000000000002,-0.08853954,0.0288,0.1728,0.035199999999999995,,0.0304,,-0.014623089,0.23716868,1.8809636
-0.0055215615,0.008734528,0.028,0.0272,0.2288,0.0344,,0.0296,0.4816,5.0922565,0.2595539,4.9147387,-0.013622616,0.0005132095,-0.3912,0.0,0.0008,0.0064,0.0008,0.0,0.0008,-0.38131362,0.0,-0.27857897,0.008767728,0.028,-0.08705138,0.0272,0.2288,0.035199999999999995,,0.0296,0.4816,5.1061263,0.26127377,4.9271135
-0.005692866,0.008905833,0.033600000000000005,0.0304,0.2136,0.0376,,0.033600000000000005,0.45680000000000004,5.0748377,0.30936202,4.862926,-0.013953781,0.0004965132,-0.2408,0.1512,0.0008,0.15760000000000002,0.0008,0.1512,0.0008,-0.32936507,0.0,-0.27405524,0.008950684,0.033600000000000005,-0.100151695,0.0304,0.1896,0.0376,,0.033600000000000005,0.45680000000000004,5.0823393,0.31125692,4.8690667
-0.005689981,0.008791999,0.024,0.0224,0.2072,0.0288,1.5504,0.0248,0.5072,5.065795,0.2172726,4.9194536,-0.013908328,0.00056701386,-0.252,0.1376,0.0008,0.148,0.0008,0.148,0.0008,-0.3057098,0.0,-0.25642958,0.008830568,0.024,-0.09349688,0.0224,0.2072,0.0288,1.5504,0.0248,0.5072,5.0722103,0.21915229,4.9240837
-0.0054312497,0.00908801,0.0248,0.0224,0.1728,0.0288,,0.024,0.4272,5.022082,0.22669789,4.8677526,-0.013541682,0.00043227477,-0.3656,0.0144,0.0008,0.0328,0.0016,0.0328,0.0008,-0.36258623,0.0,-0.28640485,0.009151382,0.0248,-0.117753714,0.0232,0.1728,0.0288,,0.0248,0.4272,5.0299015,0.22919334,4.873099
-0.0050864215,0.008965079,0.0248,0.0232,0.1672,0.0304,1.484,0.0256,0.4168,4.8089495,0.23076434,4.644746,-0.01304285,0.0005132109,-0.1216,0.2776,0.0008,0.2776,0.0008,0.2776,0.0008,-0.44613016,0.0,-0.40890908,0.009020035,0.0248,-0.11044392,0.0232,0.1672,0.0304,1.5632,0.0256,0.4168,4.828822,0.23350935,4.6623344
-0.004687007,0.00889851,0.0232,0.0216,0.1784,0.028,,0.0248,0.45680000000000004,4.882397,0.21034896,4.736722,-0.012401628,0.00045175618,-0.39999999999999997,0.0,0.0008,0.0,0.0016,0.0,0.0008,-0.5403413,0.0,-0.39887822,0.008975306,0.0232,-0.13090871,0.0216,0.1696,0.028,,0.0248,0.45680000000000004,4.911155,0.21346857,4.763018
-0.004235225,0.009223366,0.0256,0.0232,0.1568,0.0288,1.4824,0.0248,0.396,4.8572116,0.23235089,4.695338,-0.011714952,0.0005767541,-0.2424,0.14320000000000002,0.0008,0.15519999999999998,0.0032,0.15519999999999998,0.0008,-0.7156049,0.0,-0.6059129,0.009311555,0.0256,-0.13773775,0.0232,0.1568,0.0304,1.4824,0.0248,0.396,4.9094644,0.23635674,4.744522
-0.003688693,0.008787783,0.0256,0.0216,0.18080000000000002,0.0288,,0.024,0.436,4.782155,0.21963267,4.6290464,-0.011059118,0.00050068833,-0.2944,0.1024,0.0008,0.10400000000000001,0.0016,0.1024,0.0008,-0.8401396,0.0,-0.6728188,0.008951168,0.0256,-0.1913563,0.0224,0.18080000000000002,0.0288,,0.024,0.436,4.8546543,0.22474991,4.6979227
-0.0031044383,0.008536374,0.0216,0.02,0.1872,0.0272,1.4264000000000001,0.0224,0.4264,4.6522903,0.18299615,4.5252542,-0.010438536,0.00045987358,-0.096,0.29760000000000003,0.0008,0.30400000000000005,0.0048,0.30400000000000005,0.0048,-0.8693587,0.0,-0.82135403,0.0087619005,0.0344,-0.22737905,0.0328,0.16640000000000002,0.04,1.4136,0.035199999999999995,0.4136,4.728518,0.321239,4.499264
-0.0024982162,0.007930152,0.0368,0.033600000000000005,0.2064,0.0408,,0.0368,0.492,4.6345387,0.30886897,4.4244027,-0.009780151,0.0006131623,-0.28640000000000004,0.1096,0.0008,0.11359999999999999,0.0008,0.11359999999999999,0.0008,-0.9888508,0.0,-0.7939329,0.008065978,0.0368,-0.18377566,0.033600000000000005,0.24960000000000002,0.0408,,0.0368,0.492,4.737202,0.31582543,4.522171
-0.0019135183,0.008011145,0.0272,0.0224,0.2792,0.0296,,0.0248,0.5943999999999999,4.889333,0.20281422,4.7664013,-0.009216849,0.0005136742,-0.0696,0.3024,0.0008,0.3136,0.0008,0.3024,0.0008,-1.1588967,0.0,-1.1093845,0.008142656,0.0272,-0.17996986,0.0232,0.2792,0.0296,,0.0256,0.5943999999999999,5.017808,0.2080148,4.891632
-0.0009431627,0.007817429,0.0328,0.031200000000000002,0.2288,0.0384,,0.0344,0.49360000000000004,4.6388664,0.26770312,4.460572,-0.008580032,0.00057257805,-0.1504,0.24639999999999998,0.0008,0.24960000000000002,0.0016,0.24639999999999998,0.0016,-1.25653,0.0,-1.1323438,0.008036223,0.0328,-0.23388268,0.031200000000000002,0.2288,0.0384,,0.0344,0.5672,4.8037767,0.2757736,4.621173
-1.1417584e-05,0.0077732713,0.0272,0.0248,0.23920000000000002,0.032,,0.0272,0.5152,4.5694675,0.20948267,4.431226,-0.007950172,0.00052248547,-0.0392,0.35760000000000003,0.0008,0.36,0.0008,0.35760000000000003,0.0008,-1.3839638,0.0,-1.3517289,0.00790712,0.0272,-0.18425846,0.0248,0.23920000000000002,0.032,,0.0272,0.5408,4.7456837,0.21612975,4.603345
0.0009977696,0.0073188264,0.0384,0.0328,0.2592,0.04,,0.035199999999999995,0.568,4.482484,0.27707914,4.303746,-0.00733701,0.00048909103,-0.3832,0.0128,0.0008,0.016,0.0024,0.0128,0.0008,-1.5129038,0.0,-1.0849195,0.007516855,0.0384,-0.230048,0.0328,0.33039999999999997,0.04,,0.035199999999999995,0.5904,4.709374,0.28576368,4.527624
0.002186471,0.0073505584,0.0368,0.0296,0.3,0.0376,1.5368,0.032,0.5112,4.5185986,0.24592751,4.3631597,-0.006766983,0.0006147849,-0.068,0.3312,0.0008,0.332,0.0008,0.3312,0.0008,-1.7053864,0.0,-1.634075,0.007545548,0.0368,-0.22783215,0.0296,0.3256,0.0376,1.5368,0.0328,0.6264000000000001,4.7870197,0.25487012,4.6285787
0.0031173292,0.006974442,0.033600000000000005,0.0304,0.2696,0.0384,1.4391999999999998,0.032,0.5983999999999999,4.4061513,0.22913122,4.2555943,-0.0063272878,0.0005229502,-0.25680000000000003,0.124,0.0008,0.14320000000000002,0.0016,0.124,0.0008,-1.8194839,0.0,-1.4909878,0.0072965394,0.0552,-0.2982366,0.052000000000000005,0.3464,0.06,1.4176,0.053599999999999995,0.6128,4.746275,0.42773747,4.45992
0.0039696353,0.007120672,0.0376,0.0328,0.32080000000000003,0.0408,1.5024,0.036,0.5768,4.4282856,0.2612237,4.2585344,-0.0060260403,0.0004536095,-0.38720000000000004,0.0,0.0008,0.010400000000000001,0.0016,0.0,0.0008,-1.8295143,0.0,-1.3146808,0.007503551,0.056,-0.36482126,0.0512,0.32239999999999996,0.0592,1.484,0.0544,0.5584,4.7895875,0.4356611,4.5019584
0.0047897664,0.0070771803,0.0432,0.0384,0.2856,0.0464,,0.0408,0.536,4.3596087,0.3074994,4.156906,-0.005701371,0.00047680084,-0.29200000000000004,0.10719999999999999,0.0008,0.10719999999999999,0.0008,0.10719999999999999,0.0008,-1.9251754,0.0,-1.539978,0.0074083167,0.0432,-0.30011618,0.0384,0.35359999999999997,0.0472,,0.041600000000000005,0.62,4.733885,0.32268515,4.525091
0.0053356327,0.006531314,0.052000000000000005,0.0464,0.32,0.0544,,0.0488,0.6136,4.2240295,0.34587294,3.9962525,-0.0054587964,0.00058208685,-0.1016,0.248,0.0008,0.29279999999999995,0.004,0.2664,0.0008,-1.9273787,0.0,-1.8053956,0.0069300355,0.052000000000000005,-0.34086844,0.0464,0.35760000000000003,0.053599999999999995,,0.0488,0.6136,4.625333,0.36205062,4.393527
0.0059061293,0.006626508,0.035199999999999995,0.0328,0.28719999999999996,0.0392,,0.035199999999999995,0.5976,4.1682787,0.22876954,4.0189424,-0.005268633,0.00050787674,-0.2888,0.1024,0.0008,0.1096,0.0016,0.1024,0.0008,-1.9521922,0.0,-1.5688503,0.006901051,0.035199999999999995,-0.28301716,0.0328,0.3584,0.0392,,0.035199999999999995,0.656,4.5476108,0.23913817,4.3953104
0.006428475,0.0065479563,0.07919999999999999,0.0384,0.3024,0.0472,1.4184,0.041600000000000005,0.5248,4.0082903,0.29054984,3.8917947,-0.0050309277,0.00050207856,-0.1504,0.2488,0.0008,0.2488,0.0008,0.2488,0.0008,-1.909812,0.0,-1.7147783,0.006933816,0.07919999999999999,-0.33518022,0.0392,0.3336,0.0472,1.42,0.041600000000000005,0.5248,4.4134455,0.30452555,4.30389
0.006969903,0.006450322,0.04,0.0376,0.3416,0.0464,1.488,0.0408,0.49360000000000004,4.043018,0.26216012,3.8670535,-0.004843083,0.0005461408,-0.392,0.0008,0.0008,0.0072,0.0008,0.0008,0.0008,-1.9611793,0.0,-1.4036748,0.0067212,0.04,-0.28487083,0.0376,0.3432,0.0464,,0.0408,0.5712,4.4312334,0.27409574,4.2516723
0.007350234,0.0064028366,0.048,0.041600000000000005,0.3,0.0504,1.4776,0.0448,0.5336,4.00219,0.2969647,3.8109148,-0.004665211,0.00048422208,-0.1296,0.2616,0.0008,0.26880000000000004,0.0008,0.2616,0.0008,-1.99811,0.0,-1.8349633,0.006764653,0.048,-0.32854238,0.041600000000000005,0.3408,0.0504,1.4776,0.0448,0.6,4.4328446,0.31151515,4.239528
0.007864814,0.006110153,0.041600000000000005,0.0344,0.316,0.0424,1.4936,0.0368,0.6,3.9706233,0.2345166,3.825613,-0.004482932,0.00041789655,-0.36160000000000003,0.031200000000000002,0.0008,0.0344,0.0008,0.0328,0.0008,-2.0444915,0.0,-1.5058877,0.0065371487,0.0552,-0.40852022,0.048,0.3816,0.056,,0.0504,0.6488,4.4560566,0.3479344,4.241745
0.008577546,0.006063112,0.0448,0.0384,0.3064,0.0472,1.3743999999999998,0.041600000000000005,0.6024,3.8813105,0.25621197,3.7182167,-0.0042266753,0.00050950027,-0.12480000000000001,0.2672,0.0008,0.2672,0.0024,0.2672,0.0008,-2.0605502,0.0,-1.8907945,0.006435513,0.0448,-0.341858,0.0384,0.4024,0.0472,1.5208,0.0408,0.604,4.347488,0.2670389,4.1869507
0.009127851,0.0059566014,0.0392,0.033600000000000005,0.30479999999999996,0.041600000000000005,1.4112,0.0368,0.56,3.746397,0.21232343,3.611373,-0.0041276505,0.00041047554,-0.3128,0.08,0.0008,0.08399999999999999,0.0008,0.08,0.0008,-2.0807848,0.0,-1.6319292,0.0062984745,0.07919999999999999,-0.4671046,0.0736,0.3656,0.0816,1.4791999999999998,0.0768,0.544,4.282051,0.51512635,3.9484844
0.009731188,0.0055751605,0.0504,0.0448,0.3584,0.053599999999999995,1.2328000000000001,0.0472,0.5152,3.5829146,0.27490258,3.405064,-0.0040126247,0.00041140325,-0.3376,0.0488,0.0008,0.061599999999999995,0.0008,0.06,0.0008,-2.0832198,0.0,-1.5817211,0.006052705,0.06720000000000001,-0.4446253,0.061599999999999995,0.392,0.07039999999999999,,0.064,0.5631999999999999,4.1305885,0.4075097,3.8729725
0.010365813,0.0053843292,0.0512,0.048,0.316,0.0584,1.46,0.0504,0.5392,3.4186003,0.28180027,3.226105,-0.0039212536,0.0005519391,-0.3688,0.0096,0.0008,0.031200000000000002,0.0008,0.028,0.0008,-2.0405488,0.0,-1.5062349,0.00587016,0.0592,-0.45482758,0.0552,0.364,0.0648,1.5384,0.0576,0.6095999999999999,3.967483,0.35095954,3.7398462
0.011076328,0.005339504,0.0544,0.0488,0.25120000000000003,0.0584,1.32,0.0512,0.45999999999999996,3.250623,0.28264868,3.0575726,-0.0038247805,0.00045546598,-0.136,0.25839999999999996,0.0008,0.2624,0.004,0.2624,0.004,-2.0492449,0.0,-1.8681257,0.0058247037,0.056799999999999996,-0.4110553,0.0504,0.33999999999999997,0.0608,1.5,0.053599999999999995,0.5344,3.798676,0.3166055,3.5936348
0.011617535,0.005131143,0.0432,0.0376,0.31679999999999997,0.0464,1.2688,0.04,0.492,3.135736,0.2094032,2.9949422,-0.00376518,0.00051181903,-0.2856,0.1128,0.0008,0.1128,0.0008,0.1128,0.0008,-2.0559127,0.0,-1.646713,0.0056591947,0.06720000000000001,-0.43542373,0.0608,0.33039999999999997,0.07039999999999999,1.3760000000000001,0.06319999999999999,0.5704,3.7103176,0.37862405,3.460007
0.012151417,0.0050410544,0.0464,0.0384,0.2288,0.0496,1.272,0.041600000000000005,0.46240000000000003,2.9851804,0.21127786,2.844498,-0.0037181028,0.00046474184,-0.3776,0.0152,0.0008,0.0216,0.0016,0.0152,0.0008,-1.9364228,0.0,-1.422749,0.0054556946,0.0464,-0.39238778,0.0384,0.31679999999999997,0.0496,1.3152,0.041600000000000005,0.6016,3.4987826,0.22384356,3.360456
0.01263937,0.004774999,0.0392,0.0344,0.2624,0.044,1.2895999999999999,0.0368,0.5312,2.9140058,0.17883356,2.7941813,-0.0036550243,0.00051761686,-0.3336,0.061599999999999995,0.0008,0.062400000000000004,0.0008,0.061599999999999995,0.0008,-1.9613526,0.0,-1.5005536,0.0051381853,0.0736,-0.48186886,0.0688,0.3408,0.0784,1.3496,0.0712,0.624,3.4911504,0.39776006,3.2294483
0.013071403,0.004897708,0.035199999999999995,0.031200000000000002,0.2648,0.041600000000000005,1.3224,0.032,0.40559999999999996,2.8621373,0.15913734,2.7552938,-0.0036661557,0.00052874826,-0.2344,0.1632,0.0008,0.1656,0.0024,0.1632,0.0008,-1.9833838,0.0,-1.6780784,0.0054083695,0.0768,-0.52654004,0.0712,0.29279999999999995,0.08,1.4256,0.0736,0.5352,3.4712036,0.42458898,3.1859815
0.01328997,0.004790089,0.0296,0.0232,0.2656,0.031200000000000002,1.1792,0.0264,0.4512,2.834013,0.12120434,2.754463,-0.0036123532,0.00047494576,-0.35359999999999997,0.0368,0.0008,0.0464,0.0016,0.0368,0.0008,-2.077886,0.0,-1.5588783,0.005477063,0.064,-0.5062427,0.0576,0.2704,0.0656,1.2944,0.0592,0.5479999999999999,3.486106,0.34403306,3.25627
0.013437311,0.005086542,0.035199999999999995,0.0296,0.17200000000000001,0.0408,1.052,0.031200000000000002,0.38720000000000004,2.8143735,0.156795,2.7064207,-0.0036306742,0.00049326674,-0.1512,0.212,0.0008,0.2432,0.0016,0.212,0.0008,-2.0481436,0.0,-1.8480079,0.005531521,0.035199999999999995,-0.40384772,0.0296,0.3072,0.0376,1.3032000000000001,0.031200000000000002,0.5272,3.392811,0.16800421,3.2854774
0.01351919,0.005004663,0.044,0.0368,0.17679999999999998,0.0464,1.0535999999999999,0.04,0.396,2.7863603,0.211683,2.6312542,-0.003600294,0.00046288653,-0.396,0.0,0.0008,0.004,0.0016,0.0032,0.0008,-2.0827563,0.0,-1.48548,0.005519117,0.0552,-0.48067227,0.048,0.3216,0.0576,1.2888,0.0512,0.4712,3.433637,0.3004595,3.2260125
0.013216966,0.005417836,0.0392,0.035199999999999995,0.1712,0.0424,1.0832000000000002,0.0376,0.3744,2.9867342,0.20933405,2.836288,-0.0037178712,0.0005804637,-0.20240000000000002,0.19119999999999998,0.0008,0.1944,0.0024,0.19119999999999998,0.0008,-2.0862923,0.0,-1.8136857,0.005939604,0.0392,-0.42228597,0.035199999999999995,0.2472,0.0424,1.2191999999999998,0.0376,0.5279999999999999,3.5794227,0.22638325,3.4264624
0.0127287945,0.005573162,0.0256,0.0216,0.1024,0.0304,1.0232,0.0248,0.29359999999999997,2.8373954,0.13163188,2.7407594,-0.0038345202,0.00046520575,-0.3408,0.0584,0.0008,0.0592,0.0032,0.0584,0.0008,-2.0421722,0.0,-1.5722128,0.0062287105,0.0256,-0.46291682,0.0216,0.1816,0.0304,1.32,0.0248,0.42,3.4507222,0.14385545,3.352244
0.011854521,0.006336487,0.0344,0.0288,0.1176,0.0376,1.0904,0.032,0.3448,3.0717182,0.20268236,2.921494,-0.003946531,0.00046126312,-0.3416,0.052000000000000005,0.0016,0.0544,0.0024,0.052000000000000005,0.0016,-2.1320944,0.0,-1.6463653,0.0069691543,0.0344,-0.42939246,0.0288,0.1952,0.0368,1.1608,0.032,0.3968,3.6804943,0.22183686,3.523681
0.010422397,0.0065481775,0.0384,0.033600000000000005,0.1336,0.0408,1.24,0.035199999999999995,0.35919999999999996,3.3287868,0.23753619,3.1551526,-0.0041888743,0.0005876528,-0.0728,0.32239999999999996,0.0008,0.3272,0.0048,0.32239999999999996,0.0008,-2.1345868,0.0,-2.0400848,0.0070246663,0.0384,-0.37043723,0.033600000000000005,0.17679999999999998,0.0408,1.24,0.036,0.41119999999999995,3.875762,0.257094,3.6949737
0.008521185,0.0067851637,0.07039999999999999,0.0304,0.1776,0.0376,1.1960000000000002,0.032,0.36160000000000003,3.628236,0.23662287,3.5321548,-0.00462857,0.00056353444,-0.316,0.0824,0.0008,0.08320000000000001,0.0008,0.0824,0.0008,-2.0068064,0.0,-1.5582981,0.007330229,0.0896,-0.42629084,0.0496,0.2216,0.056799999999999996,1.4472,0.0512,0.4504,4.133337,0.4223389,3.9155748
0.006346151,0.0074069193,0.0264,0.0232,0.1744,0.0296,1.312,0.0256,0.384,3.836154,0.18540375,3.7041254,-0.005268865,0.00039215526,-0.3896,0.0048,0.0008,0.010400000000000001,0.0016,0.010400000000000001,0.0016,-1.9263926,0.0,-1.4208354,0.007896982,0.0264,-0.35414582,0.0232,0.18,0.0296,1.3408,0.0256,0.384,4.2661467,0.19884509,4.1268296
0.0042510005,0.007948792,0.0272,0.024,0.17200000000000001,0.031200000000000002,1.3728,0.0256,0.4016,4.2273583,0.2065745,4.082016,-0.00602233,0.00044989935,-0.3528,0.0288,0.0008,0.0472,0.0016,0.045599999999999995,0.0016,-1.9038404,0.0,-1.453361,0.008317487,0.0272,-0.29886156,0.024,0.2136,0.031200000000000002,1.4504,0.0264,0.41040000000000004,4.600521,0.21916772,4.4481363
0.0022051106,0.008219507,0.0288,0.024,0.22,0.032,1.4304000000000001,0.0264,0.4128,4.4595733,0.21801639,4.309904,-0.00702811,0.0005280515,-0.0344,0.3624,0.0008,0.36479999999999996,0.0024,0.3624,0.0008,-1.7376217,0.0,-1.7041111,0.008589742,0.0488,-0.33630165,0.044,0.19999999999999998,0.052000000000000005,1.4632,0.0472,0.4008,4.7831674,0.43582836,4.469838
0.00035693133,0.008514407,0.0296,0.024,0.21839999999999998,0.032,1.5144,0.0272,0.4496,4.710483,0.22982465,4.557929,-0.008106245,0.0004466516,-0.1648,0.2352,0.0008,0.2352,0.0024,0.2352,0.0008,-1.5560975,0.0,-1.3939945,0.008770593,0.0296,-0.24229336,0.024,0.21839999999999998,0.032,1.4856,0.0272,0.4864,4.946245,0.23887128,4.7883267
-0.00133703,0.00865509,0.04,0.036,0.2304,0.044,,0.0376,0.5512,5.073618,0.35220587,4.8402934,-0.009177193,0.0004740185,-0.33599999999999997,0.0592,0.0008,0.0592,0.0016,0.0592,0.0008,-1.3791499,0.0,-1.062365,0.008928575,0.04,-0.24814482,0.036,0.2304,0.044,,0.0376,0.5512,5.256939,0.3621105,5.018117
-0.0025829806,0.009346298,0.0344,0.0288,0.1864,0.0368,,0.032,0.48400000000000004,5.200486,0.30381238,4.9990044,-0.010238633,0.0006078305,-0.2952,0.0752,0.0008,0.10400000000000001,0.0016,0.10400000000000001,0.0008,-1.1685188,0.0,-0.93093,0.009481467,0.0344,-0.16905718,0.0288,0.1864,0.0368,,0.032,0.48400000000000004,5.322954,0.31119847,5.116404
-0.0038231625,0.009255098,0.0368,0.033600000000000005,0.19119999999999998,0.0408,,0.036,0.4456,5.177021,0.35683548,4.9291625,-0.011413243,0.0005069524,-0.2216,0.17200000000000001,0.0008,0.1784,0.0008,0.17200000000000001,0.0008,-0.90304166,0.0,-0.7760726,0.009409241,0.0424,-0.18125667,0.04,0.1856,0.0464,,0.041600000000000005,0.44,5.254998,0.42659804,4.9555616
-0.004532567,0.009187864,0.0248,0.0216,0.19360000000000002,0.0288,,0.0248,0.4848,5.097527,0.22169408,4.9479685,-0.012306778,0.00047285948,-0.3008,0.0864,0.0008,0.0976,0.0008,0.0864,0.0008,-0.6870812,0.0,-0.55234337,0.009291279,0.0248,-0.14933878,0.0224,0.19360000000000002,0.0288,,0.0248,0.4848,5.143017,0.22593042,4.989999
-0.0050702235,0.0005167979,-0.3632,0.0344,0.0008,0.035199999999999995,0.0016,0.0344,0.0008,-0.01725253,0.0,-0.009153294,-0.0131342225,0.00060458295,-0.148,0.1952,0.0008,0.248,0.0008,0.24400000000000002,0.0008,0.0058575016,0.0,0.0066691786,0.00061338727,0.9032,2.2199287,1.2464,0.0008,1.3032000000000001,0.004,1.3,0.0008,0.015095213,0.010675643,-0.0021516366
-0.005516014,0.009061826,0.02,0.016800000000000002,0.1816,0.0232,1.5328,0.02,0.42879999999999996,4.8901644,0.17229185,4.773557,-0.013684536,0.00045917602,-0.384,0.0056,0.0008,0.012,0.0016,0.012,0.0016,-0.38508123,0.0,-0.30008736,0.009168737,0.0272,-0.15285979,0.024,0.1744,0.0304,1.5256,0.0272,0.42160000000000003,4.891777,0.2547714,4.7123137
-0.0056482647,0.009083128,0.0232,0.0216,0.1472,0.028,,0.024,0.33039999999999997,4.6536217,0.21381675,4.5012894,-0.01391482,0.00045755226,-0.3392,0.0504,0.0008,0.0608,0.0024,0.0584,0.0008,-0.3351634,0.0,-0.27393997,0.009131011,0.0232,-0.10245582,0.0216,0.1472,0.028,,0.024,0.33039999999999997,4.6634974,0.21644977,4.508608
-0.005617199,0.009163011,0.0264,0.0256,0.1424,0.032,1.5232,0.0288,0.35919999999999996,4.7102056,0.25389487,4.5248103,-0.013862641,0.00052132644,-0.2656,0.1328,0.0008,0.1328,0.0008,0.1328,0.0008,-0.3054215,0.0,-0.27086735,0.009204231,0.0264,-0.09467563,0.0256,0.1424,0.032,1.5232,0.0288,0.3392,4.717984,0.25649172,4.5299993
-0.0054115006,0.008846364,0.062400000000000004,0.0256,0.1656,0.032,1.46,0.0288,0.3776,4.611073,0.27340493,4.505228,-0.013477676,0.0007161293,-0.0264,0.3704,0.0008,0.3704,0.0016,0.3704,0.0008,-0.42404127,0.0,-0.41314167,0.008905337,0.068,-0.115148686,0.032,0.16,0.0376,1.4544,0.0344,0.372,4.6292567,0.33853877,4.4743547
-0.0051609795,0.009039637,0.0264,0.024,0.1544,0.0304,1.5608,0.0256,0.40559999999999996,4.840127,0.23972721,4.6741476,-0.012965857,0.00043621752,-0.2944,0.1008,0.0008,0.1048,0.0008,0.1008,0.0008,-0.49459904,0.0,-0.39615443,0.009117254,0.0264,-0.13057788,0.024,0.1544,0.0304,1.5608,0.0256,0.40559999999999996,4.863322,0.243361,4.6940756
-0.0046761343,0.008998586,0.0304,0.028,0.17200000000000001,0.0344,,0.0304,0.3792,4.8424006,0.28547353,4.6406965,-0.012344115,0.00051019667,-0.27599999999999997,0.12319999999999999,0.0008,0.124,0.0008,0.12319999999999999,0.0008,-0.5855631,0.0,-0.48132104,0.009082139,0.035199999999999995,-0.1357487,0.0328,0.1672,0.0392,,0.035199999999999995,0.364,4.877097,0.34290692,4.6316333
-0.004184411,0.009172553,0.024,0.0216,0.1752,0.028,,0.024,0.448,5.128537,0.2170396,4.982196,-0.011707531,0.0005693338,-0.0576,0.3424,0.0008,0.3424,0.0024,0.3424,0.0016,-0.7354326,0.0,-0.7143291,0.00936037,0.024,-0.20066184,0.0216,0.1704,0.028,,0.024,0.448,5.172217,0.22164501,5.021971
-0.0036846986,0.009116635,0.028,0.024,0.2376,0.031200000000000002,1.4856,0.0256,0.49360000000000004,5.2509127,0.244192,5.088706,-0.0110359285,0.0005934518,-0.3088,0.0,0.0008,0.09040000000000001,0.0008,0.0896,0.0008,-0.95319337,0.0,-0.7541012,0.009257649,0.028,-0.17476225,0.024,0.2376,0.0304,1.4856,0.0264,0.508,5.336666,0.24926013,5.17064
-0.0031166428,0.008770475,0.035199999999999995,0.031200000000000002,0.2792,0.0384,,0.033600000000000005,0.5776,5.411677,0.3077932,5.2141886,-0.010410939,0.00043227663,-0.2616,0.1384,0.0016,0.1384,0.0032,0.1384,0.0032,-1.0282731,0.0,-0.8478495,0.008904468,0.035199999999999995,-0.17369919,0.032,0.2792,0.0384,,0.033600000000000005,0.5776,5.5079565,0.31350154,5.3066463
-0.0024831272,0.008580754,0.0488,0.0448,0.28159999999999996,0.0528,,0.0472,0.5384,5.280259,0.43067303,4.9972296,-0.009782471,0.00049952883,-0.368,0.0256,0.0008,0.0272,0.0008,0.0256,0.0008,-1.092628,0.0,-0.813296,0.008706043,0.0488,-0.16985688,0.045599999999999995,0.2832,0.0528,,0.0472,0.5712,5.38897,0.43825883,5.1021533
-0.0018047888,0.008124312,0.044,0.0384,0.29359999999999997,0.045599999999999995,,0.041600000000000005,0.5512,5.055645,0.35009012,4.832416,-0.009141247,0.00043807225,-0.032,0.3416,0.0008,0.368,0.0008,0.3632,0.0008,-1.2182653,0.0,-1.1936831,0.008267705,0.0472,-0.18651633,0.0424,0.2904,0.0488,,0.0448,0.5479999999999999,5.1938715,0.38924706,4.944952
-0.000824004,0.008031115,0.0432,0.035199999999999995,0.256,0.044,,0.0384,0.5576,4.905531,0.32639304,4.7000537,-0.00842071,0.0005292103,-0.1608,0.1952,0.0008,0.23920000000000002,0.0008,0.1952,0.0008,-1.3498161,0.0,-1.2011638,0.008228147,0.048,-0.21928199,0.04,0.2944,0.0488,,0.0432,0.5616000000000001,5.0816865,0.38148418,4.8394446
4.6497516e-05,0.007826304,0.04,0.036,0.2696,0.044,,0.0384,0.5536,4.8654227,0.3102119,4.6599464,-0.007802447,0.0004907141,-0.3392,0.053599999999999995,0.0008,0.053599999999999995,0.0016,0.053599999999999995,0.0008,-1.4726106,0.0,-1.1217355,0.008037034,0.0504,-0.22950064,0.0464,0.2592,0.0544,,0.0496,0.5888,5.072858,0.41939342,4.79193
0.0011615294,0.007820757,0.0408,0.035199999999999995,0.316,0.0432,1.4488,0.0376,0.5904,4.8532743,0.30555096,4.6548986,-0.0071157706,0.00049975864,-0.3496,0.045599999999999995,0.0008,0.0488,0.0016,0.045599999999999995,0.0008,-1.6825439,0.0,-1.2569946,0.0080566425,0.0408,-0.24257942,0.035199999999999995,0.316,0.0432,1.4488,0.0376,0.592,5.1153374,0.31460318,4.915082
0.0022468271,0.007512099,0.0496,0.0432,0.3192,0.052000000000000005,,0.045599999999999995,0.5472,4.804179,0.37011257,4.5582066,-0.006564297,0.00041209883,-0.3504,0.031200000000000002,0.0008,0.0488,0.0024,0.0488,0.0008,-1.831891,0.0,-1.3613517,0.007877326,0.0496,-0.3057025,0.0432,0.3192,0.052000000000000005,,0.045599999999999995,0.6488,5.132769,0.3811378,4.886405
0.0032413697,0.007405144,0.0584,0.0512,0.3064,0.06,,0.0544,0.5768,4.7268476,0.43406498,4.43583,-0.0061846646,0.000380327,-0.3128,0.06319999999999999,0.0008,0.0864,0.0008,0.0864,0.0008,-1.89526,0.0,-1.4708703,0.0077167465,0.0608,-0.33246008,0.053599999999999995,0.3496,0.062400000000000004,,0.056799999999999996,0.6352,5.086571,0.47076136,4.7795467
0.004095673,0.0074384282,0.0464,0.04,0.2968,0.0488,1.5032,0.0432,0.5216000000000001,4.6585035,0.33301753,4.4382706,-0.0058370363,0.00049651274,-0.332,0.0656,0.0008,0.068,0.0008,0.0656,0.0008,-1.9987483,0.0,-1.533427,0.007748608,0.0464,-0.28390262,0.04,0.352,0.0488,1.54,0.0432,0.6032,5.0318794,0.34549603,4.8107185
0.004753153,0.0070028454,0.092,0.0504,0.324,0.0584,,0.052000000000000005,0.56,4.4062634,0.39748067,4.245277,-0.00561858,0.00039400999,-0.3712,0.0024,0.0008,0.0288,0.0048,0.0288,0.0024,-1.9423946,0.0,-1.3868616,0.007327506,0.092,-0.29879174,0.0504,0.324,0.0584,,0.052000000000000005,0.6080000000000001,4.7828083,0.4144879,4.6246204
0.0056054597,0.0068162293,0.035199999999999995,0.032,0.3136,0.0408,1.4152,0.033600000000000005,0.5776,4.327988,0.22890708,4.1795387,-0.0054205316,0.00042786845,-0.3432,0.056799999999999996,0.0008,0.056799999999999996,0.0032,0.056799999999999996,0.0032,-1.9670928,0.0,-1.4849582,0.0071392274,0.0488,-0.30195388,0.045599999999999995,0.3448,0.0544,,0.0472,0.6064,4.7171645,0.3538601,4.4858966
0.006153323,0.0067121596,0.0544,0.0504,0.3248,0.0592,1.4856,0.0528,0.56,4.2595882,0.3712184,4.012395,-0.0052593565,0.0004986003,-0.24960000000000002,0.1376,0.0008,0.148,0.0008,0.1376,0.0008,-2.032432,0.0,-1.6868908,0.007090207,0.0544,-0.32802546,0.0504,0.3496,0.0584,,0.052000000000000005,0.6095999999999999,4.687266,0.38906634,4.4356203
0.0065882406,0.0066100876,0.0424,0.0368,0.324,0.0464,1.5264,0.041600000000000005,0.5504,4.2187605,0.2724488,4.044238,-0.005161723,0.00040096696,-0.3912,0.0,0.0016,0.008799999999999999,0.0024,0.0064,0.0024,-2.0288963,0.0,-1.4450706,0.006950957,0.0424,-0.31446874,0.0376,0.364,0.0464,,0.041600000000000005,0.624,4.6394362,0.28407672,4.4635735
0.0072264154,0.0064157066,0.0472,0.0464,0.2752,0.0544,1.4104,0.0496,0.616,4.147088,0.3171722,3.9331794,-0.004949992,0.0005370963,-0.15760000000000002,0.2424,0.0008,0.2424,0.0032,0.2424,0.0008,-2.0215335,0.0,-1.8212817,0.0067599914,0.0472,-0.32052466,0.0464,0.40480000000000005,0.053599999999999995,,0.0496,0.6184,4.5727916,0.33246297,4.355858
0.0082167415,0.0058691744,0.0488,0.0424,0.316,0.0512,1.2536,0.0464,0.612,3.8718808,0.27181265,3.700687,-0.0045439233,0.00047888793,-0.1448,0.2552,0.0016,0.2552,0.0016,0.2552,0.0016,-2.0379403,0.0,-1.8477767,0.0063052047,0.06720000000000001,-0.37407508,0.0608,0.37520000000000003,0.0696,1.5232,0.0648,0.6607999999999999,4.3488116,0.41886646,4.086766
0.008729767,0.0055780457,0.036,0.0296,0.412,0.04,1.3392,0.0328,0.6352,3.7631512,0.17933935,3.6589708,-0.0043873866,0.0005542581,-0.1168,0.2728,0.0008,0.2832,0.0008,0.2832,0.0008,-2.0366063,0.0,-1.8786777,0.0060966234,0.064,-0.41543654,0.056799999999999996,0.4384,0.068,,0.0608,0.6616000000000001,4.265011,0.3830844,4.0308228
0.009354185,0.0055083698,0.045599999999999995,0.04,0.3136,0.3552,1.508,0.044,0.6088,3.6313438,0.24341385,3.4763489,-0.0041673067,0.00045013172,-0.3016,0.0512,0.0008,0.09680000000000001,0.0008,0.09680000000000001,0.0008,-2.0511584,0.0,-1.613898,0.005981962,0.0544,-0.40059286,0.0488,0.36160000000000003,0.0584,1.5328,0.0528,0.6392,4.143729,0.31630883,3.949885
0.009908041,0.0052873595,0.0608,0.053599999999999995,0.28159999999999996,0.062400000000000004,1.3424,0.056,0.5896,3.3798225,0.31274772,3.1796713,-0.004032801,0.00043157942,-0.376,0.0216,0.0008,0.024,0.0016,0.0216,0.0008,-1.9868042,0.0,-1.433938,0.0056384415,0.08320000000000001,-0.4076449,0.07600000000000001,0.36,0.0848,1.32,0.0784,0.5855999999999999,3.890535,0.4776848,3.587723
0.010483197,0.005045049,0.0544,0.0488,0.26399999999999996,0.0576,1.4360000000000002,0.052000000000000005,0.47840000000000005,3.165471,0.27438617,2.978523,-0.003907339,0.0004220712,-0.3144,0.0384,0.0008,0.0824,0.0064,0.0824,0.0016,-1.9336395,0.0,-1.4919727,0.005312725,0.0544,-0.31878784,0.0488,0.3792,0.0576,1.536,0.052000000000000005,0.5912000000000001,3.612015,0.29034275,3.424129
0.011292455,0.004901481,0.0544,0.045599999999999995,0.29279999999999995,0.0552,1.2352,0.0488,0.48879999999999996,3.0242894,0.25253028,2.8487692,-0.0037368874,0.00048352638,-0.3352,0.0584,0.0016,0.064,0.0016,0.0584,0.0016,-1.9730061,0.0,-1.4948139,0.0053196675,0.061599999999999995,-0.39915806,0.052000000000000005,0.308,0.062400000000000004,1.3448,0.056,0.5776,3.55334,0.31414384,3.3491352
0.011779741,0.004857988,0.033600000000000005,0.028,0.3256,0.0368,1.256,0.031200000000000002,0.4808,3.0052052,0.14556569,2.9115646,-0.0037060443,0.0004526833,-0.33599999999999997,0.062400000000000004,0.0016,0.064,0.0032,0.064,0.0016,-1.9411762,0.0,-1.4743475,0.0054503577,0.08320000000000001,-0.5136449,0.0768,0.3072,0.0864,1.4344,0.0808,0.43119999999999997,3.571218,0.45153093,3.2709537
0.012277454,0.0046931207,0.0368,0.031200000000000002,0.27440000000000003,0.0392,1.2336,0.0328,0.44480000000000003,2.8851058,0.15308672,2.785807,-0.0037220453,0.00058463786,-0.384,0.016,0.0008,0.016,0.0008,0.016,0.0008,-1.875605,0.0,-1.3526548,0.005088957,0.07039999999999999,-0.49784645,0.064,0.29919999999999997,0.0728,1.5136,0.06720000000000001,0.6055999999999999,3.4305575,0.35923043,3.197146
0.012786709,0.004849557,0.045599999999999995,0.041600000000000005,0.19119999999999998,0.052000000000000005,1.144,0.0448,0.3976,2.7638931,0.21274035,2.6335287,-0.0036376314,0.00050022395,-0.3144,0.0848,0.0008,0.0848,0.0008,0.0848,0.0008,-1.8317744,0.0,-1.4325465,0.0051794206,0.045599999999999995,-0.35881802,0.0432,0.3192,0.052000000000000005,1.2152,0.0448,0.5616000000000001,3.2311277,0.22741394,3.095914
0.013114672,0.0047434904,0.0464,0.0432,0.2624,0.4248,1.22,0.0448,0.44639999999999996,2.7696624,0.2138789,2.6239872,-0.003610498,0.00058904407,-0.2104,0.1696,0.0008,0.1896,0.0032,0.1832,0.0008,-1.9422203,0.0,-1.6777304,0.0052262447,0.064,-0.43319586,0.06,0.288,0.068,1.3095999999999999,0.062400000000000004,0.5336,3.3291185,0.33436653,3.1056924
0.013467932,0.0048340242,0.04,0.0368,0.1944,0.0448,1.0688,0.0384,0.408,2.7439222,0.18689269,2.6130033,-0.0035815097,0.0005600556,-0.3392,0.0096,0.0008,0.0584,0.0016,0.0584,0.0016,-1.9676721,0.0,-1.4975967,0.0052732066,0.04,-0.4110186,0.0368,0.32239999999999996,0.0448,1.3144,0.0384,0.5176000000000001,3.3015633,0.20132484,3.169317
0.013561796,0.004962057,0.045599999999999995,0.0408,0.1744,0.0504,0.9760000000000001,0.0424,0.392,2.7039232,0.21981853,2.5397193,-0.003628123,0.0004907156,-0.39280000000000004,0.0,0.0016,0.0056,0.0024,0.0,0.0016,-2.0182858,0.0,-1.4506935,0.005372772,0.045599999999999995,-0.39354336,0.0408,0.2592,0.0504,1.3416,0.0424,0.476,3.271163,0.23937625,3.1048832
0.013497666,0.005026187,0.033600000000000005,0.0296,0.1608,0.0368,1.0768,0.032,0.424,2.7855277,0.16017452,2.6752453,-0.003648763,0.0005113556,-0.3456,0.0328,0.0008,0.0544,0.0008,0.0328,0.0008,-1.9846009,0.0,-1.5087278,0.0055160453,0.0424,-0.4710767,0.0384,0.2504,0.045599999999999995,1.3992,0.04,0.536,3.3828316,0.23019546,3.2287173
0.013400253,0.0053454973,0.0272,0.0232,0.12560000000000002,0.031200000000000002,1.012,0.0256,0.332,2.637579,0.1370347,2.536616,-0.0036179193,0.0004805118,-0.3424,0.0552,0.0008,0.0552,0.0016,0.0552,0.0008,-1.9594971,0.0,-1.5104094,0.0058157607,0.028,-0.45088306,0.0248,0.20559999999999998,0.032,1.164,0.0272,0.4552,3.2278578,0.15700051,3.1173737
0.012882347,0.005863403,0.0368,0.031200000000000002,0.0936,0.0392,1.0304,0.033600000000000005,0.3016,2.7986743,0.2110248,2.6406837,-0.0036979273,0.00056051987,-0.2208,0.1792,0.0016,0.1792,0.0024,0.1792,0.0016,-1.9670919,0.0,-1.6997032,0.0064985715,0.0368,-0.44581333,0.031200000000000002,0.1312,0.0392,1.2391999999999999,0.0344,0.3296,3.3733265,0.2345295,3.202979
0.01055154,0.006529983,0.0328,0.028,0.1192,0.0368,1.2864,0.0304,0.30479999999999996,3.2064123,0.20959231,3.0511954,-0.0040142485,0.000413027,-0.2752,0.12319999999999999,0.0008,0.12319999999999999,0.0032,0.12319999999999999,0.0008,-2.026344,0.0,-1.6672362,0.007263802,0.0408,-0.45337048,0.036,0.116,0.0448,1.3264,0.0384,0.3624,3.7700224,0.2974621,3.552838
0.008654545,0.0067627523,0.0432,0.0424,0.108,0.0504,1.1496,0.0448,0.28640000000000004,3.4014025,0.32258442,3.154653,-0.0044922084,0.0005431265,-0.2624,0.1368,0.0008,0.1368,0.0016,0.1368,0.0008,-1.8983898,0.0,-1.581489,0.007372371,0.0432,-0.40952414,0.0424,0.148,0.0496,1.3056,0.0448,0.3256,3.876029,0.3523783,3.611686
0.0065349857,0.007661879,0.0296,0.0248,0.128,0.032,1.2608000000000001,0.0272,0.3272,3.7777398,0.21425766,3.6245198,-0.0050517996,0.0005229502,-0.3416,0.056,0.0008,0.0576,0.004,0.056,0.0008,-1.828876,0.0,-1.4267495,0.008254645,0.0296,-0.38127753,0.0248,0.1416,0.032,1.2608000000000001,0.0272,0.3472,4.1869965,0.2309357,4.023724
0.0042711934,0.008039547,0.0376,0.0328,0.14,0.0392,1.4088,0.035199999999999995,0.3368,4.1474195,0.3006386,3.9301825,-0.005850023,0.00050949934,-0.2648,0.1336,0.0008,0.1336,0.0008,0.1336,0.0008,-1.844646,0.0,-1.5363257,0.00861115,0.0376,-0.366407,0.0328,0.148,0.0392,1.3319999999999999,0.035199999999999995,0.3368,4.532985,0.32049948,4.303664
0.0024298923,0.008549467,0.036,0.0328,0.1152,0.0408,1.1512,0.035199999999999995,0.2768,4.2341814,0.3150504,3.9983053,-0.006794116,0.00052596466,-0.0664,0.332,0.0008,0.3336,0.0008,0.332,0.0008,-1.7119377,0.0,-1.6487432,0.008937464,0.036,-0.2957371,0.0328,0.13440000000000002,0.0408,1.3176,0.035199999999999995,0.3504,4.549301,0.33175004,4.303523
0.0005111497,0.008803982,0.0248,0.0216,0.14880000000000002,0.0296,1.3504,0.024,0.3632,4.5087233,0.2034697,4.366709,-0.00796339,0.00053570396,-0.1864,0.19119999999999998,0.0008,0.2104,0.0016,0.19119999999999998,0.0008,-1.5653737,0.0,-1.3868053,0.009178472,0.0248,-0.28664026,0.0216,0.1688,0.0296,1.3504,0.024,0.39280000000000004,4.7673435,0.21312624,4.619453
-0.0011830335,0.009166785,0.0248,0.024,0.13440000000000002,0.032,1.4632,0.0264,0.3704,4.7538643,0.2367953,4.5808954,-0.009170466,0.0005832454,-0.20240000000000002,0.19119999999999998,0.0008,0.19679999999999997,0.0032,0.1952,0.0008,-1.3599616,0.0,-1.1927568,0.009376598,0.0304,-0.26231873,0.0296,0.14880000000000002,0.0376,1.524,0.032,0.36479999999999996,4.943907,0.30900636,4.7177563
-0.0026025078,0.00903298,0.0272,0.0248,0.148,0.031200000000000002,1.4992,0.0264,0.4008,4.810725,0.24576679,4.63931,-0.010354586,0.0004918766,-0.0136,0.3864,0.0008,0.3864,0.0008,0.3864,0.0008,-1.0670595,0.0,-1.0610299,0.009264697,0.0368,-0.22412394,0.0344,0.1384,0.0408,1.5216,0.036,0.396,4.9275613,0.36275452,4.667076
-0.0036909117,0.009011899,0.0344,0.032,0.1648,0.0392,1.5016,0.0344,0.348,4.743767,0.32859805,4.503009,-0.011507628,0.00048538344,-0.2536,0.144,0.0016,0.1456,0.0024,0.144,0.0016,-0.8746926,0.0,-0.73438895,0.00922038,0.0344,-0.2130572,0.032,0.1448,0.0384,1.5016,0.0344,0.348,4.821459,0.33634496,4.574155
-0.0045973607,0.009252657,0.0592,0.020800000000000003,0.18239999999999998,0.028,,0.024,0.36479999999999996,4.8146076,0.22792183,4.748926,-0.012518741,0.0006848229,-0.24,0.14079999999999998,0.0008,0.1544,0.0056,0.1544,0.0008,-0.6752534,0.0,-0.5671848,0.009395873,0.0592,-0.17482154,0.0216,0.18239999999999998,0.028,,0.024,0.36479999999999996,4.85867,0.23247375,4.7897544
-0.005242859,0.009232465,0.0256,0.0224,0.1696,0.0296,1.4056,0.0248,0.3552,4.918733,0.23242015,4.7566376,-0.013366592,0.00037313905,-0.3776,0.0008,0.0008,0.0216,0.0008,0.0216,0.0008,-0.4878738,0.0,-0.38177642,0.009288453,0.0256,-0.109851874,0.0224,0.1696,0.0296,1.5519999999999998,0.0248,0.3552,4.9425707,0.23572299,4.777461
-0.005572598,0.00911841,0.0272,0.0248,0.1896,0.032,,0.0272,0.4376,5.0082684,0.24966997,4.831971,-0.013919922,0.00057860743,-0.1728,0.1864,0.0008,0.2256,0.004,0.22319999999999998,0.0008,-0.37505165,0.0,-0.34038156,0.009178066,0.0272,-0.11407746,0.0248,0.1896,0.032,,0.0272,0.4376,5.018409,0.25251293,4.8397064
-0.0056105424,0.009156354,0.0272,0.024,0.1896,0.031200000000000002,,0.0272,0.4016,4.9644995,0.248963,4.7910867,-0.014040978,0.00058371015,-0.3696,0.0032,0.0008,0.0216,0.0016,0.0184,0.0016,-0.3602088,0.0,-0.2778818,0.009202825,0.0272,-0.100538984,0.024,0.164,0.031200000000000002,,0.0272,0.4016,4.975584,0.25160277,4.799649
-0.0056811054,0.009115969,0.033600000000000005,0.0304,0.1792,0.0376,,0.033600000000000005,0.38720000000000004,4.9942336,0.31474835,4.773002,-0.013967463,0.00051019527,-0.25680000000000003,0.13440000000000002,0.0016,0.1392,0.0024,0.13440000000000002,0.0016,-0.34125084,0.0,-0.29869592,0.009183682,0.033600000000000005,-0.12150868,0.0304,0.1776,0.0376,,0.033600000000000005,0.38720000000000004,4.9987736,0.3175464,4.7747884
-0.005530659,0.008854574,0.064,0.0248,0.2152,0.032,,0.0272,0.48400000000000004,5.023856,0.25869182,4.9590626,-0.013579947,0.00035458663,-0.2832,0.1168,0.0008,0.1168,0.0016,0.1168,0.0008,-0.4129672,0.0,-0.34432283,0.008902333,0.0768,-0.10363041,0.0376,0.20240000000000002,0.0448,,0.04,0.4712,5.0396237,0.40154958,4.868867
-0.0051179314,0.008885641,0.0288,0.0272,0.25839999999999996,0.0328,,0.0288,0.5167999999999999,5.155664,0.2581957,4.9823627,-0.013009456,0.00047981646,-0.3888,0.0,0.0008,0.008,0.0008,0.0,0.0008,-0.48972845,0.0,-0.36206353,0.008921195,0.0288,-0.0893076,0.0272,0.2128,0.0328,,0.0288,0.5167999999999999,5.178796,0.26080737,5.0032787
-0.004722733,0.008934235,0.036,0.0328,0.2384,0.0392,,0.0344,0.5088,5.303392,0.32637373,5.089372,-0.012376814,0.0005428954,-0.1888,0.20879999999999999,0.0008,0.2112,0.0016,0.20879999999999999,0.0008,-0.608812,0.0,-0.5361092,0.008986145,0.0368,-0.10753904,0.033600000000000005,0.2376,0.04,,0.035199999999999995,0.508,5.3381,0.33873034,5.1148367
-0.0041817473,0.008947993,0.0248,0.020800000000000003,0.2352,0.0288,,0.0232,0.5016,5.2998405,0.20737928,5.1689215,-0.011693617,0.0005554198,-0.33840000000000003,0.0432,0.0008,0.061599999999999995,0.0016,0.056,0.0008,-0.7757839,0.0,-0.61055005,0.00904191,0.0248,-0.14425656,0.020800000000000003,0.2352,0.0288,,0.0232,0.5016,5.356315,0.21081789,5.222522
-0.00374217,0.009063157,0.08,0.04,0.2632,0.0472,,0.0424,0.5664,5.3841057,0.4211381,5.2135787,-0.0110472925,0.0006048158,-0.15760000000000002,0.1896,0.0008,0.236,0.0024,0.2176,0.0008,-0.97771686,0.0,-0.8796202,0.009223853,0.08,-0.18693691,0.04,0.2632,0.0472,,0.0424,0.5664,5.472014,0.42798954,5.2994137
-0.0029899396,0.008976618,0.0408,0.036,0.29919999999999997,0.0448,,0.04,0.6,5.640065,0.366386,5.402191,-0.010373139,0.0003944761,-0.3016,0.09680000000000001,0.0008,0.09839999999999999,0.0016,0.09680000000000001,0.0016,-1.1168032,0.0,-0.8865196,0.009094698,0.0408,-0.16131754,0.036,0.29919999999999997,0.0448,,0.04,0.6,5.746217,0.37208652,5.5058255
-0.002509533,0.008718108,0.0424,0.036,0.3736,0.0432,,0.0384,0.6248,5.696926,0.35510543,5.4805765,-0.009825604,0.00042670872,-0.3776,0.0008,0.0016,0.0224,0.0072,0.0144,0.0016,-1.239195,0.0,-0.89817584,0.008784832,0.0424,-0.123329744,0.036,0.3736,0.044,,0.0384,0.6696,5.806098,0.35989642,5.5876255
-0.0018544937,0.008728759,0.048,0.0432,0.3192,0.0528,,0.0472,0.604,5.6090555,0.4248705,5.335678,-0.009202703,0.00049952837,-0.39999999999999997,0.0,0.0008,0.0,0.0008,0.0,0.0008,-1.3377544,0.0,-0.9466433,0.00889345,0.061599999999999995,-0.19274653,0.0576,0.3056,0.0664,,0.0608,0.624,5.76144,0.579413,5.381795
-0.0009879859,0.008527942,0.0544,0.0512,0.284,0.0592,,0.053599999999999995,0.5367999999999999,5.35293,0.4881457,5.0248556,-0.008475672,0.0004682187,-0.2952,0.09839999999999999,0.0008,0.1032,0.0008,0.09839999999999999,0.0008,-1.4818292,0.0,-1.180582,0.008751807,0.0544,-0.22666721,0.0512,0.284,0.0592,,0.053599999999999995,0.6072,5.5490193,0.49854937,5.217376
6.4693064e-05,0.008140954,0.0432,0.041600000000000005,0.3,0.0496,,0.044,0.5024000000000001,5.0249667,0.35928476,4.78321,-0.007815897,0.0005041647,-0.31039999999999995,0.08320000000000001,0.0008,0.088,0.0008,0.08320000000000001,0.0008,-1.553778,0.0,-1.2183247,0.008293433,0.0432,-0.19205211,0.0424,0.3136,0.0496,,0.044,0.5024000000000001,5.229156,0.368088,4.9835443
0.0010840875,0.007898199,0.0376,0.0304,0.3072,0.0408,,0.033600000000000005,0.5912000000000001,5.1010776,0.27369165,4.93177,-0.0071364106,0.0006363522,-0.3992,0.0,0.0008,0.0,0.0008,0.0,0.0008,-1.7492748,0.0,-1.2215706,0.00818469,0.056,-0.26536527,0.0504,0.2888,0.0592,,0.052000000000000005,0.5728000000000001,5.3812914,0.46221444,5.0838027
0.0020892802,0.0077805948,0.0472,0.0408,0.352,0.0488,,0.0432,0.6008,4.9713793,0.34954894,4.75159,-0.006553629,0.000633338,-0.23920000000000002,0.0,0.0008,0.1608,0.0008,0.1424,0.0008,-1.8258612,0.0,-1.5243824,0.008041962,0.0472,-0.2556482,0.0408,0.3672,0.0488,,0.044,0.6264000000000001,5.2715178,0.35914573,5.051366
0.003070287,0.0074652783,0.0512,0.0472,0.3008,0.056,,0.0496,0.596,4.85982,0.38924092,4.6016426,-0.0060851765,0.0003967923,-0.3672,0.0272,0.0008,0.032,0.0016,0.0272,0.0016,-1.9166536,0.0,-1.4110963,0.007873412,0.0688,-0.32339147,0.0648,0.3656,0.0736,,0.06720000000000001,0.5784,5.216984,0.56671906,4.8426104
0.0039563216,0.007355883,0.0344,0.0296,0.332,0.0384,1.5608,0.032,0.596,4.696004,0.23386826,4.5487757,-0.0057697836,0.00042926008,-0.268,0.0808,0.0008,0.1312,0.0016,0.128,0.0008,-1.9871526,0.0,-1.6216671,0.007617652,0.0552,-0.31410953,0.0504,0.3624,0.0592,,0.0528,0.6144,5.0802073,0.43138677,4.801267
0.0047014514,0.0069435984,0.036,0.0304,0.31039999999999995,0.0392,1.4647999999999999,0.033600000000000005,0.5871999999999999,4.375696,0.23102576,4.2306867,-0.00554924,0.00044062338,-0.1104,0.288,0.0008,0.2888,0.0016,0.288,0.0016,-1.9306253,0.0,-1.7979746,0.007291776,0.036,-0.31027183,0.031200000000000002,0.3352,0.0392,,0.0328,0.6328,4.7562127,0.2387224,4.6116486
0.005276386,0.0068124575,0.06319999999999999,0.056799999999999996,0.35359999999999997,0.0656,,0.0592,0.5648,4.5296373,0.44287947,4.2470517,-0.005400124,0.00052341446,-0.25120000000000003,0.1384,0.0008,0.14880000000000002,0.0024,0.1384,0.0008,-1.9841377,0.0,-1.6600475,0.0072147213,0.06319999999999999,-0.3355056,0.056799999999999996,0.3976,0.0656,,0.0592,0.6144,4.9303536,0.46202877,4.642411
0.0059261005,0.0064955885,0.053599999999999995,0.048,0.372,0.0576,,0.0512,0.6312,4.3740873,0.347888,4.153966,-0.005265154,0.0006203512,-0.0592,0.2984,0.0008,0.33999999999999997,0.0008,0.33999999999999997,0.0008,-2.0454774,0.0,-1.9703395,0.006883616,0.053599999999999995,-0.3373645,0.048,0.41759999999999997,0.056799999999999996,,0.0512,0.6312,4.804577,0.36119103,4.5858097
0.0065081357,0.0064682956,0.052000000000000005,0.045599999999999995,0.3672,0.0544,1.4064,0.0496,0.5688,4.2931514,0.32668775,4.086676,-0.005143635,0.00038287882,-0.38480000000000003,0.0032,0.0008,0.0112,0.0008,0.0112,0.0008,-2.0716825,0.0,-1.4869289,0.0067860256,0.052000000000000005,-0.3072173,0.045599999999999995,0.40480000000000005,0.0544,,0.0496,0.6384,4.7186327,0.3397375,4.5129185
0.006968128,0.006452097,0.0648,0.0592,0.3472,0.068,1.4591999999999998,0.061599999999999995,0.5768,4.2527103,0.423321,3.9787786,-0.00503116,0.0005023107,-0.348,0.048,0.0008,0.048,0.0008,0.048,0.0008,-2.0744073,0.0,-1.54937,0.0069240243,0.0648,-0.37133962,0.0592,0.3736,0.068,,0.061599999999999995,0.6544,4.7155824,0.44004044,4.4419346
0.0074960208,0.006035153,0.048,0.0408,0.436,0.0504,,0.0424,0.6728000000000001,4.1846437,0.2686906,4.0254326,-0.0048887692,0.00047587347,-0.3376,0.0528,0.0008,0.062400000000000004,0.0024,0.0528,0.0008,-2.0959744,0.0,-1.5797498,0.00650337,0.072,-0.38177735,0.06319999999999999,0.4424,0.0736,,0.0664,0.6704,4.6642637,0.4600272,4.388096
0.008248252,0.0059486125,0.041600000000000005,0.0368,0.3584,0.045599999999999995,1.4688,0.04,0.592,3.9587517,0.233661,3.8135202,-0.0046793576,0.00049836887,-0.008799999999999999,0.38799999999999996,0.0016,0.3904,0.0016,0.38799999999999996,0.0016,-2.0932493,0.0,-2.0823498,0.0063027507,0.0728,-0.43086284,0.0688,0.4096,0.0768,1.5,0.0712,0.6752,4.4712,0.4680921,4.179062
0.009406332,0.00567812,0.0648,0.0584,0.3072,0.068,1.4360000000000002,0.061599999999999995,0.5712,3.6679006,0.36983755,3.4280298,-0.004315959,0.00059878384,-0.2152,0.0944,0.0008,0.18239999999999998,0.0008,0.1816,0.0008,-2.112904,0.0,-1.8108454,0.0060836943,0.0648,-0.36720565,0.0576,0.4088,0.068,,0.061599999999999995,0.6207999999999999,4.1819277,0.39008722,3.942188
0.010076905,0.005562289,0.0736,0.064,0.2632,0.0728,1.3496,0.0664,0.5032,3.5335414,0.39456904,3.2734783,-0.004126027,0.00040885224,-0.19679999999999997,0.1792,0.0008,0.20240000000000002,0.0008,0.20240000000000002,0.0008,-2.110411,0.0,-1.8295716,0.0060031633,0.0736,-0.3856354,0.064,0.376,0.0728,,0.0664,0.5367999999999999,4.0678635,0.42039955,3.808014
0.010629871,0.0054531163,0.0424,0.035199999999999995,0.3,0.0432,1.296,0.0392,0.512,3.3230731,0.2095761,3.183944,-0.0040031164,0.0005178484,-0.3056,0.06720000000000001,0.0008,0.0928,0.0008,0.06720000000000001,0.0008,-2.1209626,0.0,-1.639408,0.0058487486,0.0576,-0.41926986,0.0512,0.36,0.0608,1.3344,0.0544,0.5640000000000001,3.8986804,0.32417595,3.6893003
0.011206359,0.005431371,0.0464,0.0408,0.284,0.328,1.392,0.0432,0.4712,3.2322068,0.2389089,3.0696676,-0.0038679151,0.00049860065,-0.3712,0.0264,0.0016,0.0264,0.0016,0.0264,0.0016,-2.06687,0.0,-1.5077423,0.005658915,0.0464,-0.28454262,0.0408,0.3608,0.0512,1.484,0.045599999999999995,0.5488000000000001,3.6824489,0.25223732,3.519219
0.011889359,0.0051921643,0.0424,0.0368,0.2672,0.0464,1.2272,0.04,0.5064000000000001,3.11349,0.2098361,2.9710321,-0.0037104501,0.00045708916,-0.21680000000000002,0.1472,0.0008,0.1792,0.0016,0.1792,0.0008,-2.0506947,0.0,-1.7571003,0.005642869,0.056,-0.40238783,0.0504,0.31679999999999997,0.06,1.3792,0.053599999999999995,0.576,3.6678967,0.3149977,3.4594765
0.012383077,0.0050312914,0.0328,0.0264,0.24960000000000002,0.0344,1.3152,0.0288,0.5072,3.036994,0.1454832,2.9412456,-0.0036065555,0.00046914804,-0.3584,0.0408,0.0008,0.0408,0.0008,0.0408,0.0008,-2.085597,0.0,-1.5429345,0.0055179484,0.0664,-0.55198705,0.06,0.3416,0.068,1.3696,0.062400000000000004,0.5983999999999999,3.6795983,0.36933684,3.4369295
0.012743661,0.005003553,0.031200000000000002,0.028,0.2136,0.0376,1.3664,0.031200000000000002,0.4488,2.933311,0.15397668,2.8246922,-0.0035947284,0.00045732094,-0.11359999999999999,0.2632,0.0008,0.284,0.0024,0.27599999999999997,0.0008,-1.9918485,0.0,-1.8611689,0.005567454,0.0392,-0.45396647,0.036,0.288,0.045599999999999995,1.2856,0.0392,0.6192000000000001,3.5097024,0.21739386,3.3637552
0.013057866,0.0050221933,0.0272,0.0232,0.1872,0.031200000000000002,1.2032,0.0256,0.45439999999999997,2.774545,0.12604235,2.6852314,-0.0035766396,0.0005551856,-0.3792,0.0192,0.0016,0.0192,0.004,0.0192,0.0032,-1.9905729,0.0,-1.454868,0.005545613,0.044,-0.48299274,0.04,0.2672,0.048,1.2936,0.0432,0.48319999999999996,3.3816469,0.244729,3.2131457
0.013342115,0.0052926866,0.0264,0.0248,0.1176,0.0328,1.12,0.0272,0.3128,2.623046,0.13749091,2.5204186,-0.0035759439,0.0005544899,-0.3352,0.052000000000000005,0.0016,0.0648,0.0024,0.061599999999999995,0.0016,-1.9377562,0.0,-1.5024669,0.0056986785,0.0264,-0.3797513,0.0256,0.1848,0.032,1.16,0.0272,0.40480000000000005,3.1544776,0.15104361,3.0460951
0.013536278,0.004987575,0.024,0.020800000000000003,0.1032,0.0272,0.848,0.0232,0.29279999999999995,2.4178426,0.112570465,2.3338547,-0.0035611019,0.00042369438,-0.3864,0.0,0.0008,0.0136,0.0008,0.008799999999999999,0.0008,-1.8374565,0.0,-1.3535826,0.0055679656,0.0264,-0.4606525,0.0232,0.2032,0.0296,1.0992,0.0256,0.4016,2.9826226,0.14230895,2.8799553
0.013462607,0.0050612465,0.0232,0.0216,0.092,0.0288,0.9408,0.024,0.26,2.365588,0.114157304,2.2777169,-0.0035870755,0.00044966803,-0.30400000000000005,0.07600000000000001,0.0008,0.096,0.0008,0.096,0.0008,-1.7591878,0.0,-1.4189801,0.005525619,0.0232,-0.41290233,0.0216,0.1312,0.0288,1.1063999999999998,0.0248,0.3256,2.8726926,0.12720145,2.7783868
0.013217633,0.0053062206,0.024,0.0248,0.09119999999999999,0.032,0.9543999999999999,0.0288,0.24480000000000002,2.4525716,0.13233708,2.350388,-0.0036619816,0.0005245741,-0.15760000000000002,0.2424,0.0016,0.2424,0.0056,0.2424,0.0016,-1.7971624,0.0,-1.6424804,0.005911692,0.024,-0.45654556,0.0256,0.14639999999999997,0.0328,1.1072,0.0288,0.316,2.9936604,0.14819044,2.8825173
0.012800689,0.0057231644,0.02,0.016800000000000002,0.0936,0.0248,0.96,0.020800000000000003,0.1888,2.5362816,0.11179164,2.4500747,-0.0036225573,0.0004851498,-0.19679999999999997,0.19920000000000002,0.0008,0.2008,0.0008,0.19920000000000002,0.0008,-1.8656911,0.0,-1.6410892,0.0065315664,0.031200000000000002,-0.5370042,0.0288,0.1024,0.036,0.9680000000000001,0.032,0.2776,3.133708,0.2123486,2.9702141
0.011944388,0.00047730096,0.4024,0.8008000000000001,0.0008,0.8024,0.0008,0.8008000000000001,0.0008,-0.017917315,-0.0048918147,-0.019248696,-0.0039082672,0.00053895277,-0.2352,0.1616,0.0008,0.1616,0.0016,0.1616,0.0008,0.032352198,0.0,0.025394987,0.00065037323,0.724,-2.253442,1.1128,0.0008,1.1192,0.0008,1.1184,0.0008,-0.01379917,-0.0072282697,-0.029816946
0.010383342,0.006476284,0.0272,0.0248,0.0992,0.031200000000000002,1.0335999999999999,0.028,0.21439999999999998,2.9653213,0.17792231,2.8308516,-0.004007755,0.00052248687,-0.0928,0.288,0.0008,0.3072,0.004,0.288,0.0008,-1.8887076,0.0,-1.7884078,0.0072184317,0.0368,-0.45743755,0.0344,0.1024,0.0408,1.1392,0.0368,0.3112,3.494597,0.27911326,3.284142
0.008529395,0.0066660056,0.0272,0.024,0.1184,0.031200000000000002,1.1904000000000001,0.0272,0.2704,3.168189,0.18171005,3.0336084,-0.0043301056,0.0004969771,-0.364,0.0216,0.0008,0.036,0.0008,0.0216,0.0008,-1.7437657,0.0,-1.3234344,0.0073505533,0.0272,-0.43499717,0.024,0.12319999999999999,0.0304,1.2624,0.0264,0.3072,3.6079762,0.19905455,3.462572
0.006468416,0.007506551,0.0288,0.0224,0.1024,0.031200000000000002,1.1480000000000001,0.0264,0.23920000000000002,3.5245557,0.2016697,3.377327,-0.0048785657,0.0005816233,-0.1744,0.1656,0.0008,0.22240000000000001,0.0008,0.2192,0.0008,-1.7635356,0.0,-1.5835757,0.008005151,0.0288,-0.35480213,0.024,0.116,0.031200000000000002,1.2576,0.0264,0.23920000000000002,3.9176903,0.21821001,3.7603767
0.0043268893,0.007872903,0.0256,0.024,0.1192,0.032,1.4440000000000002,0.0272,0.3248,3.92347,0.20577833,3.7715814,-0.005675165,0.00045059482,-0.3696,0.0128,0.0008,0.0288,0.0016,0.0272,0.0008,-1.7205763,0.0,-1.2986214,0.008435132,0.0256,-0.3671705,0.024,0.1416,0.0304,1.3015999999999999,0.0272,0.36160000000000003,4.279604,0.22006121,4.1188583
0.0023173904,0.008107226,0.0576,0.02,0.14639999999999997,0.0272,1.4143999999999999,0.0224,0.3832,4.1100864,0.18929851,4.0541677,-0.006580762,0.00054451777,-0.017599999999999998,0.3784,0.0008,0.3784,0.0016,0.3784,0.0008,-1.6536125,0.0,-1.6340164,0.008440512,0.06,-0.32588157,0.0232,0.1472,0.0296,1.412,0.0248,0.3888,4.4231615,0.22680837,4.345667
0.000544878,0.0085483575,0.0256,0.0232,0.1528,0.0304,1.3592,0.0256,0.3736,4.437938,0.21485569,4.2868266,-0.007759312,0.00056353305,-0.38239999999999996,0.016,0.0008,0.016800000000000002,0.0016,0.016,0.0008,-1.4845538,0.0,-1.0940224,0.008831758,0.0256,-0.25401494,0.0232,0.1528,0.0304,1.5176,0.0256,0.3952,4.6685877,0.22391383,4.5118346
-0.0011612875,0.00903409,0.033600000000000005,0.0296,0.1424,0.0376,1.5504,0.0328,0.37679999999999997,4.786927,0.30520725,4.5705776,-0.008981926,0.00051065907,-0.2016,0.18080000000000002,0.0008,0.1984,0.0008,0.18080000000000002,0.0008,-1.3623378,0.0,-1.1942054,0.009315459,0.033600000000000005,-0.24640569,0.0296,0.144,0.0376,1.5504,0.0328,0.37679999999999997,4.974641,0.31575954,4.7519293
-0.0025554658,0.009318783,0.028,0.0232,0.1888,0.032,,0.0264,0.4416,5.0582514,0.25370806,4.883064,-0.010248836,0.0003861268,-0.3912,0.008,0.0008,0.008,0.0008,0.008,0.0008,-1.1579673,0.0,-0.8460526,0.009416518,0.028,-0.14420156,0.0248,0.19119999999999998,0.032,,0.0264,0.4416,5.172154,0.26016355,4.9925694
-0.0038169494,0.009470782,0.0376,0.0328,0.1872,0.04,,0.036,0.41759999999999997,5.2509127,0.3558132,5.0063825,-0.011536152,0.00062986184,-0.2576,0.12560000000000002,0.0008,0.1272,0.0008,0.12560000000000002,0.0008,-0.9315679,0.0,-0.7817559,0.009600565,0.0376,-0.1646135,0.0328,0.1872,0.04,,0.036,0.424,5.3325872,0.36270243,5.0826974
-0.004620438,0.009386683,0.0368,0.033600000000000005,0.2192,0.0408,,0.036,0.5152,5.43836,0.35545486,5.1913886,-0.012648377,0.00046659727,-0.1312,0.26399999999999996,0.0008,0.26880000000000004,0.0016,0.26399999999999996,0.0008,-0.7254041,0.0,-0.6615137,0.009432133,0.0368,-0.0982103,0.033600000000000005,0.2192,0.0408,,0.036,0.5152,5.4832816,0.35960752,5.2334642
-0.0052614985,0.009251105,0.033600000000000005,0.0304,0.216,0.0376,,0.0328,0.49279999999999996,5.408127,0.3131014,5.19788,-0.013588295,0.0004788884,-0.3272,0.0696,0.0016,0.0728,0.0016,0.0696,0.0016,-0.573795,0.0,-0.44601437,0.009285338,0.033600000000000005,-0.08589673,0.0304,0.216,0.0376,1.5536,0.033600000000000005,0.49279999999999996,5.4374146,0.31586194,5.225087
-0.005670676,0.009438384,0.035199999999999995,0.0328,0.25839999999999996,0.04,,0.0344,0.5344,5.569667,0.33917826,5.341557,-0.014259666,0.0004545385,-0.2472,0.1352,0.0008,0.15200000000000002,0.0008,0.1504,0.0008,-0.40374917,0.0,-0.34670004,0.009450234,0.035199999999999995,-0.05008208,0.033600000000000005,0.25839999999999996,0.04,,0.036,0.5344,5.582896,0.34077606,5.3532953
-0.005883253,0.009318117,0.035199999999999995,0.031200000000000002,0.23120000000000002,0.0384,,0.0328,0.536,5.51619,0.32146025,5.303835,-0.014493428,0.0004563937,-0.31039999999999995,0.0688,0.0008,0.0896,0.0024,0.0848,0.0008,-0.36131045,0.0,-0.28570879,0.0093446085,0.035199999999999995,-0.07531683,0.031200000000000002,0.23120000000000002,0.0384,,0.0328,0.536,5.527739,0.3233742,5.313778
-0.0057845097,0.009219373,0.0448,0.0408,0.30479999999999996,0.048,,0.0432,0.576,5.6349616,0.43085456,5.3450527,-0.014346399,0.00042531826,-0.3736,0.0216,0.0008,0.0248,0.0008,0.0248,0.0008,-0.3415982,0.0,-0.25811166,0.009227465,0.0448,-0.041882508,0.0408,0.30479999999999996,0.048,,0.0432,0.576,5.6443224,0.4323439,5.353124
-0.005462759,0.0090085715,0.0224,0.020800000000000003,0.2968,0.0288,,0.0232,0.5192,5.5172453,0.19443585,5.3920956,-0.013874237,0.00041696988,-0.3696,0.0248,0.0008,0.0296,0.004,0.0296,0.0024,-0.44317245,0.0,-0.33185712,0.009061123,0.0224,-0.107752636,0.020800000000000003,0.2968,0.0288,,0.0232,0.5192,5.532907,0.19630487,5.406301
-0.005281247,0.009270852,0.0432,0.0424,0.2624,0.0496,,0.044,0.52,5.703527,0.42606872,5.4161706,-0.013290991,0.00064539816,-0.2192,0.0896,0.0008,0.18080000000000002,0.0008,0.1752,0.0008,-0.5097883,0.0,-0.44067997,0.009285098,0.0432,-0.055400573,0.0424,0.2624,0.0496,,0.0448,0.52,5.7230043,0.42815298,5.4340153
-0.004782423,0.009104874,0.0368,0.032,0.3216,0.04,,0.0344,0.6168,5.8601866,0.3261822,5.652713,-0.012526858,0.00046103215,-0.3712,0.0,0.0008,0.028,0.0008,0.028,0.0008,-0.66928214,0.0,-0.4897862,0.009164803,0.0528,-0.11442145,0.048,0.3056,0.056,,0.0504,0.6008,5.8982797,0.50747436,5.561002
-0.00423345,0.009221592,0.0368,0.032,0.3448,0.0392,,0.033600000000000005,0.636,5.839994,0.32001263,5.6380672,-0.011842268,0.00058811624,-0.3864,0.0112,0.0008,0.0112,0.0016,0.0112,0.0016,-0.8148048,0.0,-0.59136236,0.009279518,0.0368,-0.11179369,0.032,0.3448,0.0392,,0.033600000000000005,0.636,5.8944387,0.323237,5.6904354
-0.003731075,0.009163011,0.0472,0.0424,0.3184,0.0512,,0.045599999999999995,0.6055999999999999,5.8673973,0.4372137,5.5853667,-0.0111208055,0.00044642203,-0.3632,0.016,0.0008,0.0368,0.0024,0.0344,0.0008,-0.9812553,0.0,-0.73114365,0.00922423,0.0472,-0.11527544,0.0424,0.3184,0.0512,,0.045599999999999995,0.6055999999999999,5.941321,0.44191203,5.6571474
-0.0031359477,0.0005795944,0.964,1.348,0.0008,1.3639999999999999,0.0008,1.3568,0.0008,0.025406767,0.023622733,0.036621593,-0.010527125,0.0005484619,0.7584,1.1528,0.0008,1.1536,0.0024,1.1528,0.0008,0.036817618,0.019370686,0.058785766,0.00066040637,0.964,0.49989477,1.3568,0.0008,1.3584,0.0008,1.3568,0.0008,0.039945725,0.037999228,0.052336164
-0.0026016203,0.008699247,0.06319999999999999,0.056799999999999996,0.3992,0.0648,,0.0592,0.6824,5.90734,0.55920595,5.5594053,-0.009877552,0.00059461035,-0.3888,0.0,0.0008,0.0064,0.0008,0.0,0.0008,-1.2192497,0.0,-0.86304057,0.008774236,0.06319999999999999,-0.1308335,0.056799999999999996,0.3992,0.0648,,0.0592,0.6904,6.0159163,0.56501406,5.666992
-0.0019239475,0.008687264,0.0464,0.0408,0.396,0.0504,,0.044,0.6607999999999999,5.772538,0.39535376,5.5300045,-0.0092632305,0.00067600934,-0.3704,0.0,0.0008,0.0296,0.0016,0.0136,0.0016,-1.3600755,0.0,-0.9897201,0.008887298,0.0464,-0.21256883,0.0408,0.3904,0.0504,,0.044,0.6672,5.9295483,0.4011295,5.6859665
-0.0010893929,0.008629349,0.052000000000000005,0.0464,0.29279999999999995,0.056,,0.0496,0.6072,5.4722557,0.45195627,5.1803503,-0.008576784,0.0005693305,-0.1024,0.2424,0.0008,0.2968,0.0016,0.2912,0.0008,-1.4844956,0.0,-1.3933562,0.008828729,0.052000000000000005,-0.21292587,0.0472,0.30400000000000005,0.056,,0.0496,0.6072,5.662379,0.46110368,5.3674116
-0.00010372669,0.008087478,0.044,0.04,0.34400000000000003,0.048,,0.0424,0.644,5.326469,0.35461012,5.100689,-0.007905413,0.00047772727,-0.1752,0.22240000000000001,0.0008,0.224,0.0016,0.22240000000000001,0.0008,-1.5680405,0.0,-1.3803117,0.008294446,0.044,-0.2238621,0.04,0.3664,0.048,,0.0424,0.644,5.5416594,0.362092,5.3148975
0.0010707736,0.007911514,0.0664,0.0592,0.3376,0.068,,0.0608,0.5992000000000001,5.150117,0.5202999,4.815829,-0.007204359,0.00047239359,-0.2408,0.1528,0.0008,0.15839999999999999,0.0008,0.1528,0.0008,-1.7357668,0.0,-1.4414768,0.008151316,0.0664,-0.24316381,0.0592,0.36,0.068,,0.0608,0.5992000000000001,5.416534,0.5327962,5.0813317
0.0020790729,0.007790802,0.056799999999999996,0.0496,0.32080000000000003,0.06,,0.0528,0.6264000000000001,5.0028887,0.42799705,4.72463,-0.0065888786,0.000552634,-0.30960000000000004,0.0656,0.0008,0.0896,0.0008,0.07919999999999999,0.0008,-1.8683007,0.0,-1.4529554,0.007988548,0.056799999999999996,-0.22296374,0.0496,0.39280000000000004,0.06,,0.0528,0.6264000000000001,5.292169,0.44069922,5.01144
0.0029342643,0.007823198,0.044,0.0376,0.3568,0.0472,1.4791999999999998,0.04,0.6008,5.008546,0.31999314,4.807396,-0.0060779876,0.0005055568,-0.10719999999999999,0.2912,0.0008,0.2912,0.0008,0.2912,0.0008,-1.9421049,0.0,-1.8121212,0.008030646,0.044,-0.22778882,0.0376,0.384,0.0472,,0.0408,0.6232,5.31774,0.3300881,5.1153708
0.0039805085,0.0072207474,0.0464,0.044,0.32080000000000003,0.0528,1.5424,0.045599999999999995,0.6032,4.6695433,0.3439131,4.442986,-0.0057131983,0.00048862817,-0.1016,0.2896,0.0016,0.29760000000000003,0.0016,0.2896,0.0016,-1.9175804,0.0,-1.7980324,0.007545246,0.062400000000000004,-0.3413949,0.06,0.3816,0.0688,,0.061599999999999995,0.632,5.042066,0.49869734,4.71281
0.0047014514,0.00683265,0.0344,0.0344,0.34400000000000003,0.0424,,0.0368,0.5992000000000001,4.4702244,0.23777497,4.3150077,-0.005507961,0.00039934414,-0.3896,0.0,0.0016,0.008799999999999999,0.004,0.008799999999999999,0.004,-1.9176382,0.0,-1.3719611,0.0072754775,0.0584,-0.35069475,0.0584,0.3456,0.0664,,0.0608,0.6184,4.8569455,0.45094252,4.5569625
0.005348059,0.006851733,0.0888,0.0472,0.3688,0.056,,0.0504,0.6416000000000001,4.5158243,0.3690053,4.36915,-0.005269328,0.000508572,-0.0512,0.3272,0.0008,0.348,0.0016,0.3272,0.0008,-1.9481925,0.0,-1.8803598,0.0070877257,0.1168,-0.36141676,0.0752,0.40480000000000005,0.08399999999999999,,0.0784,0.6224,4.912968,0.61642677,4.612654
0.0059260996,0.00061532063,1.5352,1.9304000000000001,0.0016,1.9352,0.0024,1.9304000000000001,0.0016,-0.038553983,-0.01466934,0.0035754642,-0.005187001,0.0005421983,0.7024,1.0904,0.0008,1.1024,0.0008,1.0904,0.0008,0.014841849,0.0070182937,0.026955765,0.0006267008,0.13199999999999998,-2.4791894,0.5232,0.0008,0.5296,0.0008,0.5232,0.0008,0.02127251,0.0023546254,0.01454787
0.0064091696,0.0065672616,0.0512,0.0464,0.3248,0.0552,1.544,0.0488,0.6216,4.3013616,0.33221167,4.0895615,-0.005025362,0.00072841975,-0.33599999999999997,0.0504,0.0008,0.06319999999999999,0.0024,0.0504,0.0008,-2.0534782,0.0,-1.5708798,0.0068811155,0.0512,-0.30318925,0.0464,0.404,0.0552,,0.0488,0.668,4.7182703,0.34492642,4.506748
0.007040245,0.006823774,0.0504,0.044,0.3056,0.0528,1.44,0.0464,0.5448,4.2858286,0.32249963,4.0763574,-0.004956718,0.0005438223,-0.2824,0.0976,0.0008,0.1104,0.0008,0.0976,0.0008,-2.0937135,0.0,-1.6956452,0.0071817324,0.0504,-0.31705713,0.044,0.3632,0.0528,,0.0464,0.6264000000000001,4.7249703,0.33717278,4.514372
0.007575016,0.0065109,0.0768,0.035199999999999995,0.3656,0.0432,,0.0376,0.6552,4.1901913,0.25503325,4.1228456,-0.0048201247,0.00052318233,-0.312,0.0824,0.0008,0.088,0.0008,0.0824,0.0008,-2.090177,0.0,-1.606883,0.006826647,0.0896,-0.35543397,0.048,0.4344,0.056,,0.0504,0.6568,4.6556616,0.36837116,4.5296593
0.00825269,0.00627702,0.036,0.0296,0.36,0.0376,1.484,0.032,0.5424,4.122512,0.19548233,4.0122294,-0.004679589,0.0004986003,-0.35919999999999996,0.008,0.0008,0.04,0.0016,0.008,0.0008,-2.1392255,0.0,-1.5901856,0.0066040307,0.0464,-0.31600964,0.04,0.42800000000000005,0.048,,0.0424,0.6759999999999999,4.5831985,0.28421673,4.420739
0.008878882,0.0063165184,0.0648,0.06,0.2664,0.0696,1.3728,0.062400000000000004,0.5328,3.9751735,0.42321208,3.6877058,-0.0045991177,0.0005340822,-0.2328,0.1648,0.0008,0.1656,0.0016,0.1648,0.0008,-2.1912303,0.0,-1.8526459,0.0067861853,0.0648,-0.37422645,0.06,0.3736,0.0696,1.5128,0.062400000000000004,0.6207999999999999,4.5010643,0.447665,4.209628
0.009412101,0.006116145,0.06319999999999999,0.06,0.2256,0.068,1.4016,0.061599999999999995,0.492,3.801816,0.4082853,3.5202289,-0.0044803815,0.00041534612,-0.2904,0.0888,0.0008,0.1096,0.0008,0.1064,0.0008,-2.2072315,0.0,-1.7655648,0.0066456255,0.06319999999999999,-0.4018821,0.0592,0.3392,0.06720000000000001,1.4016,0.061599999999999995,0.5968,4.362273,0.43499073,4.0757713
0.010100425,0.005982562,0.07600000000000001,0.035199999999999995,0.256,0.044,1.3424,0.0376,0.4848,3.596339,0.24270973,3.5030313,-0.004257055,0.0004239265,-0.3864,0.0008,0.0008,0.010400000000000001,0.0008,0.0008,0.0008,-2.153719,0.0,-1.5193377,0.006565969,0.092,-0.46404502,0.0512,0.31520000000000004,0.0592,1.4544,0.053599999999999995,0.5376000000000001,4.1799617,0.37958938,4.0157814
0.0107303895,0.00590734,0.0488,0.0448,0.21439999999999998,0.0528,1.2744,0.048,0.4472,3.4097803,0.30032465,3.1937637,-0.004114664,0.0006293962,-0.2192,0.17200000000000001,0.0008,0.1784,0.0008,0.17200000000000001,0.0008,-2.1481533,0.0,-1.8378619,0.006415092,0.0488,-0.4005405,0.0448,0.27440000000000003,0.052000000000000005,1.2744,0.048,0.5016,3.977497,0.32415748,3.7552943
0.011413611,0.005778861,0.0816,0.04,0.22319999999999998,0.048,1.1216,0.044,0.3352,3.042263,0.26414305,2.9013586,-0.0039574313,0.00047216332,-0.3744,0.0256,0.0008,0.0256,0.0008,0.0256,0.0008,-2.0514479,0.0,-1.4688976,0.0062676934,0.0816,-0.3975621,0.04,0.24159999999999998,0.048,1.2216,0.044,0.468,3.5992522,0.2866246,3.4666886
0.011895572,0.005518797,0.0328,0.0288,0.15760000000000002,0.0384,1.1743999999999999,0.0328,0.41759999999999997,2.9258766,0.1784519,2.793404,-0.00386003,0.0003747621,-0.36479999999999996,0.0304,0.0016,0.0304,0.0016,0.0304,0.0016,-2.0056467,0.0,-1.5007854,0.006017855,0.036,-0.45415074,0.032,0.2728,0.04,1.276,0.036,0.448,3.5091677,0.21920653,3.3538074
0.012446318,0.0053008962,0.0248,0.0232,0.15839999999999999,0.0304,1.2288,0.0248,0.3888,2.8092723,0.1309323,2.7118597,-0.0037095225,0.00057211507,-0.0448,0.31679999999999997,0.0008,0.3552,0.0008,0.35359999999999997,0.0008,-1.8604149,0.0,-1.8187876,0.005836623,0.0248,-0.43180233,0.0232,0.2336,0.0304,1.2328000000000001,0.0256,0.48,3.330017,0.14400537,3.2269871
0.01278449,0.005073672,0.032,0.028,0.1272,0.036,1.06,0.0304,0.3312,2.6315308,0.16012079,2.5168102,-0.00363624,0.00038287905,-0.3032,0.072,0.0008,0.09119999999999999,0.0016,0.09119999999999999,0.0016,-1.795133,0.0,-1.4376484,0.0056632315,0.045599999999999995,-0.4603502,0.041600000000000005,0.1784,0.0496,1.0856000000000001,0.045599999999999995,0.33039999999999997,3.1550899,0.27019405,2.9603896
0.013147512,0.0050434954,0.0264,0.0224,0.1144,0.0304,1.0664,0.0264,0.25279999999999997,2.4363742,0.12915668,2.3404038,-0.003572697,0.0005512431,-0.3864,0.0064,0.0008,0.0128,0.0008,0.0128,0.0008,-1.7982643,0.0,-1.3296964,0.0056082075,0.024,-0.5735933,0.020800000000000003,0.144,0.028,1.1456000000000002,0.024,0.38720000000000004,3.022283,0.12860674,2.9312336
0.013379394,0.0050335107,0.016800000000000002,0.016800000000000002,0.112,0.024,0.9784,0.02,0.2736,2.3897212,0.0855111,2.3235958,-0.003568291,0.0004308835,-0.3632,0.0224,0.0008,0.0368,0.0008,0.031200000000000002,0.0008,-1.711705,0.0,-1.3020413,0.005671017,0.0328,-0.51959336,0.0328,0.12319999999999999,0.04,1.1432,0.035199999999999995,0.3496,2.9242363,0.20348914,2.7665474
0.013441306,0.005193496,0.0272,0.0232,0.0784,0.0304,0.8296,0.0272,0.2344,2.3061185,0.13674837,2.2000518,-0.0035455641,0.00040815666,-0.348,0.0432,0.0008,0.0512,0.0016,0.0512,0.0016,-1.7077624,0.0,-1.3243042,0.0057119904,0.032,-0.47388235,0.0296,0.108,0.035199999999999995,1.0312,0.032,0.2912,2.8313193,0.18824993,2.6891983
0.013521854,0.005112948,0.0544,0.016800000000000002,0.09839999999999999,0.0232,0.8296,0.02,0.19920000000000002,2.2480373,0.101596825,2.2102041,-0.0035267796,0.0005053256,-0.2352,0.164,0.0008,0.164,0.0008,0.164,0.0008,-1.6143619,0.0,-1.3767734,0.0058189672,0.072,-0.536305,0.0344,0.09999999999999999,0.0408,1.1304,0.0376,0.3024,2.7572985,0.23587446,2.6244102
0.013263344,0.0054824064,0.0272,0.0256,0.0656,0.0328,0.7672,0.0296,0.2064,2.2382188,0.15666763,2.1077435,-0.0035849886,0.00044758117,-0.3696,0.0056,0.0008,0.0264,0.0008,0.0256,0.0008,-1.6766865,0.0,-1.2823287,0.0061676307,0.0264,-0.513743,0.0256,0.0944,0.031200000000000002,0.9472,0.0288,0.2576,2.7732813,0.17157584,2.6366398
0.012746767,0.00622088,0.0296,0.0272,0.064,0.0344,0.7871999999999999,0.0304,0.1096,2.4016466,0.19444714,2.2409933,-0.0036441246,0.00050671713,-0.1288,0.24,0.0016,0.2712,0.0024,0.24,0.0016,-1.7042258,0.0,-1.5905914,0.007031298,0.0304,-0.5487391,0.028,0.0728,0.0344,0.9624000000000001,0.0304,0.18239999999999998,2.9379883,0.22799619,2.7521572
0.011932184,0.0061478755,0.0152,0.0128,0.092,0.0192,1.092,0.016,0.2096,2.657549,0.08652071,2.5914235,-0.0037350324,0.00048167142,-0.316,0.0808,0.0008,0.08399999999999999,0.0016,0.0808,0.0008,-1.8086996,0.0,-1.4589839,0.00689104,0.035199999999999995,-0.46870303,0.033600000000000005,0.088,0.0392,1.1008,0.036,0.2616,3.1879883,0.2614731,2.9833608
0.010440371,0.0064192554,0.0272,0.024,0.09040000000000001,0.0296,1.0808000000000002,0.0264,0.21680000000000002,2.8827188,0.17065781,2.7494698,-0.0039636926,0.0004784246,-0.2576,0.1336,0.0008,0.14079999999999998,0.0008,0.1336,0.0008,-1.8230779,0.0,-1.5320346,0.007135624,0.0272,-0.4519281,0.024,0.1008,0.0296,1.1039999999999999,0.0264,0.2984,3.3894532,0.18915898,3.2449212
0.008616157,0.0065792436,0.020800000000000003,0.0192,0.11120000000000001,0.0264,1.1072,0.0224,0.22240000000000001,3.1374004,0.13733199,3.0335526,-0.0043275547,0.00049442623,-0.164,0.2352,0.0008,0.2352,0.0016,0.2352,0.0008,-1.7234157,0.0,-1.560849,0.0070877797,0.020800000000000003,-0.38111162,0.02,0.1184,0.0264,1.2296,0.0224,0.3568,3.5533266,0.15025674,3.441101
0.0065933443,0.007159726,0.0248,0.0224,0.1272,0.0296,1.3,0.0248,0.3416,3.57831,0.17169186,3.4529386,-0.004794615,0.0004976725,-0.38,0.0112,0.0024,0.0192,0.0024,0.0112,0.0024,-1.7353595,0.0,-1.295664,0.0076285475,0.0248,-0.35240948,0.0224,0.15760000000000002,0.0296,1.3,0.0248,0.3744,3.957378,0.18447138,3.824142
0.00446735,0.007510545,0.0272,0.0256,0.16,0.033600000000000005,1.3472,0.0288,0.4024,3.9866557,0.21020252,3.8329918,-0.005489872,0.0004972087,-0.1816,0.216,0.0008,0.216,0.0016,0.216,0.0008,-1.7306055,0.0,-1.539862,0.007997999,0.0424,-0.35093087,0.041600000000000005,0.17200000000000001,0.0488,1.3496,0.044,0.38720000000000004,4.3386154,0.36682174,4.0672193
0.002436993,0.007987624,0.062400000000000004,0.0224,0.1616,0.0304,1.2984,0.0256,0.4352,4.203671,0.20775457,4.1362143,-0.006369959,0.00044966815,-0.2504,0.1184,0.0008,0.14639999999999997,0.0024,0.144,0.0008,-1.663178,0.0,-1.3732945,0.00823066,0.062400000000000004,-0.24361713,0.024,0.224,0.0304,1.3864,0.0256,0.4528,4.4807267,0.21810849,4.414507
0.00057328085,0.008519954,0.032,0.0296,0.1728,0.0392,1.4904,0.032,0.42,4.6119056,0.27201015,4.419521,-0.007471284,0.00050741155,-0.1032,0.2968,0.0008,0.2968,0.0008,0.2968,0.0008,-1.5461247,0.0,-1.450695,0.008710437,0.032,-0.20951654,0.0296,0.1816,0.0376,1.4640000000000002,0.0328,0.43360000000000004,4.8326244,0.2816643,4.634535
-0.000990205,0.00864111,0.0344,0.0296,0.2008,0.0376,1.5519999999999998,0.033600000000000005,0.4664,4.9484124,0.29035348,4.7524776,-0.008615512,0.00049210526,-0.28080000000000005,0.1064,0.0008,0.11359999999999999,0.0016,0.1064,0.0008,-1.4065173,0.0,-1.1355339,0.008883002,0.0344,-0.23390351,0.0304,0.224,0.0376,,0.033600000000000005,0.4664,5.13966,0.29917696,4.939009
-0.002378614,0.008809086,0.0296,0.0264,0.24960000000000002,0.035199999999999995,,0.0296,0.5656,5.3219204,0.26058754,5.1535006,-0.009924862,0.0005259663,-0.3728,0.0192,0.0008,0.0264,0.0008,0.0192,0.0008,-1.1838834,0.0,-0.86953354,0.0089673195,0.0448,-0.18813702,0.0424,0.24400000000000002,0.0504,,0.0448,0.5504,5.4494324,0.43222684,5.157566
-0.003662731,0.009094667,0.0696,0.0288,0.2552,0.0368,,0.032,0.5864,5.4409122,0.30994162,5.3548155,-0.011199655,0.00040931813,-0.3672,0.0328,0.0008,0.0328,0.0032,0.0328,0.0008,-1.0101264,0.0,-0.72917116,0.009191399,0.07039999999999999,-0.14520857,0.031200000000000002,0.2944,0.0376,,0.033600000000000005,0.5855999999999999,5.5298147,0.32400668,5.4358306
-0.0044564563,0.009111753,0.0288,0.0256,0.3264,0.0328,,0.028,0.6152,5.7842417,0.2533548,5.625364,-0.012382149,0.00054823,-0.25680000000000003,0.1376,0.0016,0.1416,0.0024,0.1376,0.0016,-0.77074015,0.0,-0.63542247,0.009162097,0.0288,-0.10488058,0.0256,0.3264,0.0328,,0.028,0.6328,5.8331456,0.25568676,5.672797
-0.0051873852,0.009287939,0.035199999999999995,0.0304,0.3032,0.0392,,0.033600000000000005,0.5696,5.8634596,0.31480694,5.6643076,-0.01342225,0.00042879675,-0.23920000000000002,0.148,0.0008,0.16,0.0032,0.1568,0.0016,-0.5875937,0.0,-0.48683012,0.009316641,0.035199999999999995,-0.07851433,0.031200000000000002,0.3032,0.0392,,0.033600000000000005,0.6424,5.891484,0.31675914,5.690962
-0.005634285,0.009401994,0.0504,0.0432,0.29919999999999997,0.052000000000000005,,0.0464,0.5536,5.9279203,0.46651003,5.628581,-0.014136059,0.0004468849,-0.33599999999999997,0.045599999999999995,0.0008,0.064,0.0032,0.0528,0.0024,-0.50445557,0.0,-0.37818208,0.009428964,0.0504,-0.07565308,0.0432,0.29919999999999997,0.052000000000000005,,0.0464,0.5536,5.9490914,0.46801692,5.6488476
-0.0058677206,0.009302584,0.0424,0.0376,0.3408,0.045599999999999995,,0.0392,0.6272,6.0130177,0.38486224,5.772481,-0.014556739,0.0005197041,-0.216,0.1696,0.0008,0.184,0.0016,0.1696,0.0008,-0.37052897,0.0,-0.31255227,0.009311523,0.0424,-0.04382253,0.0376,0.3408,0.045599999999999995,,0.0392,0.6272,6.023477,0.3857142,5.7823944
-0.0058206785,0.0092555415,0.056799999999999996,0.0528,0.3504,0.0608,,0.0552,0.6272,6.0388684,0.55007815,5.683057,-0.014517546,0.00048051123,-0.1544,0.2432,0.0008,0.2432,0.0008,0.2432,0.0008,-0.38682115,0.0,-0.349832,0.009261465,0.056799999999999996,-0.035764758,0.0528,0.3504,0.0608,,0.0552,0.6272,6.048838,0.5509735,5.692611
-0.005559062,0.009104874,0.044,0.04,0.3808,0.048,,0.041600000000000005,0.6224,6.0039754,0.39492324,5.755007,-0.014155308,0.00046613347,-0.3056,0.0944,0.0008,0.0944,0.0008,0.0944,0.0008,-0.42879552,0.0,-0.32524902,0.009111429,0.044,-0.037933026,0.04,0.3808,0.048,,0.041600000000000005,0.6224,6.015918,0.39556658,5.7666626
-0.005294117,0.009061826,0.0464,0.0408,0.3808,0.0504,,0.044,0.6759999999999999,6.093067,0.41519222,5.8351116,-0.013540754,0.00043134717,-0.39840000000000003,0.0,0.0008,0.0016,0.0056,0.0016,0.0024,-0.5612144,0.0,-0.3919224,0.009082485,0.052000000000000005,-0.06745938,0.0472,0.37520000000000003,0.056,,0.0496,0.6704,6.1170387,0.4790963,5.814849
-0.004959053,0.0091705555,0.0472,0.0424,0.4224,0.0512,,0.045599999999999995,0.7183999999999999,6.205347,0.42989242,5.940513,-0.012829265,0.00053153187,-0.0256,0.3744,0.0016,0.3744,0.0024,0.3744,0.0016,-0.6506135,0.0,-0.641917,0.009210784,0.0472,-0.09349517,0.0424,0.4224,0.0512,,0.045599999999999995,0.7183999999999999,6.238986,0.43143073,5.9734144
-0.0042733913,0.00881774,0.0464,0.0408,0.45680000000000004,0.0488,,0.0432,0.6944,6.0952864,0.39792863,5.85242,-0.012014344,0.0005282862,-0.1688,0.224,0.0008,0.2304,0.0008,0.224,0.0008,-0.8427472,0.0,-0.7422156,0.008885477,0.07440000000000001,-0.12355598,0.0688,0.42879999999999996,0.0768,,0.0712,0.6664,6.1526814,0.698186,5.7014074
-0.003797644,0.008674838,0.061599999999999995,0.056799999999999996,0.4152,0.0656,,0.0592,0.6968000000000001,6.0375924,0.55657023,5.69221,-0.011226787,0.00043645035,-0.3792,0.0192,0.0008,0.02,0.0008,0.0192,0.0008,-1.0158672,0.0,-0.7139244,0.008704922,0.061599999999999995,-0.08316204,0.056799999999999996,0.4152,0.0656,,0.0592,0.6968000000000001,6.101111,0.56016743,5.7546206
-0.0031838776,0.008504865,0.0592,0.053599999999999995,0.38799999999999996,0.06319999999999999,,0.056799999999999996,0.692,5.830785,0.50654006,5.516246,-0.010546604,0.00056794146,-0.2752,0.10719999999999999,0.0016,0.1216,0.004,0.12079999999999999,0.0016,-1.0951213,0.0,-0.87469363,0.008570099,0.0592,-0.12346338,0.053599999999999995,0.38799999999999996,0.06319999999999999,,0.056799999999999996,0.692,5.9212656,0.5104031,5.6062794
-0.0025625662,0.008327347,0.0512,0.044,0.3968,0.053599999999999995,,0.0472,0.7496,5.8833747,0.4120164,5.6451683,-0.0099090915,0.0005101962,-0.1776,0.2192,0.0008,0.22,0.0008,0.2192,0.0008,-1.1971025,0.0,-1.051465,0.008401418,0.0664,-0.13288656,0.0592,0.3888,0.0688,,0.06319999999999999,0.7344,5.990115,0.57153517,5.646305
-0.0019093022,0.008672619,0.052000000000000005,0.045599999999999995,0.38480000000000003,0.056,,0.0488,0.6776,5.753787,0.4346872,5.48507,-0.009312858,0.0004937295,-0.1448,0.2472,0.0008,0.2536,0.0016,0.2472,0.0008,-1.3298125,0.0,-1.2028434,0.008817786,0.052000000000000005,-0.18170486,0.045599999999999995,0.38480000000000003,0.056,,0.0496,0.6776,5.8993683,0.44054794,5.6295233
-0.0009935333,0.008311593,0.056799999999999996,0.048,0.332,0.0576,,0.0512,0.6216,5.4842377,0.4549879,5.199988,-0.008575161,0.00045175385,-0.3416,0.0,0.0016,0.0584,0.0016,0.0552,0.0016,-1.4939457,0.0,-1.1112993,0.008494107,0.064,-0.20767517,0.056,0.3512,0.0648,,0.0584,0.6144,5.6744275,0.53597796,5.338217
-5.8237823e-05,0.008041988,0.0728,0.07039999999999999,0.36479999999999996,0.07919999999999999,,0.0728,0.6184,5.4565563,0.626087,5.04871,-0.007917936,0.0004902496,-0.088,0.312,0.0008,0.312,0.0016,0.312,0.0008,-1.6119874,0.0,-1.522819,0.008222377,0.0728,-0.20985454,0.07039999999999999,0.36479999999999996,0.07919999999999999,,0.0728,0.6632,5.6726513,0.637817,5.2626653
0.0010621197,0.007809219,0.044,0.0384,0.39280000000000004,0.048,,0.041600000000000005,0.6504,5.2387085,0.32565928,5.031901,-0.0072240713,0.00049210596,-0.1952,0.2016,0.0008,0.2048,0.0008,0.2016,0.0008,-1.8056283,0.0,-1.5522699,0.007970452,0.044,-0.2014817,0.0384,0.412,0.048,,0.041600000000000005,0.6656000000000001,5.49408,0.332683,5.28765
0.0021926842,0.0077881385,0.053599999999999995,0.0528,0.33280000000000004,0.06,1.4344,0.0544,0.596,5.025633,0.434156,4.751035,-0.006582385,0.00043018698,-0.35760000000000003,0.0368,0.0016,0.0424,0.0016,0.0392,0.0016,-1.9094645,0.0,-1.412256,0.00810297,0.0544,-0.27967146,0.052000000000000005,0.35359999999999997,0.0608,1.4336,0.0552,0.6496,5.3574557,0.4531549,5.0765557
0.0029917355,0.007765727,0.0504,0.041600000000000005,0.34400000000000003,0.0504,,0.045599999999999995,0.6248,5.057419,0.36353615,4.8276443,-0.006124601,0.0004362166,-0.2408,0.1592,0.0008,0.1592,0.0008,0.1592,0.0008,-1.9943422,0.0,-1.6619036,0.008079764,0.0504,-0.27971983,0.041600000000000005,0.3696,0.0504,,0.045599999999999995,0.6248,5.411462,0.37431264,5.181975
0.003945227,0.0075888745,0.0576,0.0552,0.3368,0.064,1.448,0.056,0.58,4.895268,0.45641977,4.5906034,-0.0056816586,0.00068899547,-0.1784,0.18,0.0008,0.22,0.0016,0.212,0.0008,-2.0660014,0.0,-1.825166,0.008046083,0.06,-0.33873346,0.056799999999999996,0.3688,0.0664,,0.0584,0.6,5.3036175,0.4960934,4.9813313
0.0047183153,0.0073705283,0.0592,0.0504,0.308,0.06,1.4976,0.0528,0.56,4.634428,0.4179393,4.3624935,-0.0054527665,0.0004601034,-0.2432,0.1216,0.0008,0.1528,0.0008,0.1528,0.0008,-2.00356,0.0,-1.685036,0.007727871,0.0592,-0.30529213,0.0496,0.36479999999999996,0.06,1.4976,0.053599999999999995,0.5752,5.022342,0.43299067,4.7490416
0.0053374083,0.0070842807,0.044,0.04,0.2896,0.0496,1.4072,0.044,0.5496,4.4520283,0.30742264,4.2469954,-0.005256573,0.00037986366,-0.35760000000000003,0.0376,0.0008,0.041600000000000005,0.0008,0.041600000000000005,0.0008,-1.997067,0.0,-1.4891907,0.007375762,0.064,-0.33185732,0.06,0.3496,0.0696,1.5104,0.064,0.5855999999999999,4.859764,0.49470007,4.526894
0.0058639687,0.007001514,0.044,0.0384,0.3248,0.0472,1.5071999999999999,0.041600000000000005,0.5768,4.396722,0.29721212,4.2035604,-0.005038349,0.0005094996,-0.2968,0.08,0.0008,0.1032,0.0008,0.08,0.0008,-1.99898,0.0,-1.5995202,0.0073263706,0.044,-0.2989057,0.0384,0.3808,0.0472,1.5071999999999999,0.041600000000000005,0.5943999999999999,4.790417,0.30808312,4.597182
0.0064859465,0.0069342786,0.064,0.061599999999999995,0.2616,0.0688,1.4328,0.06319999999999999,0.5095999999999999,4.2638607,0.4645412,3.9436631,-0.004909177,0.00049628085,-0.312,0.07759999999999999,0.0008,0.0848,0.0008,0.07759999999999999,0.0008,-2.0410128,0.0,-1.602361,0.0073386985,0.064,-0.3335313,0.061599999999999995,0.31039999999999995,0.0688,1.4328,0.06319999999999999,0.5559999999999999,4.697078,0.48759222,4.3703074
0.0069936463,0.006759424,0.041600000000000005,0.0368,0.2504,0.0448,1.4591999999999998,0.0384,0.4904,4.1904125,0.2702758,4.0114527,-0.0048328796,0.00065189064,-0.196,0.15839999999999999,0.0008,0.19999999999999998,0.0008,0.18239999999999998,0.0008,-2.0522022,0.0,-1.801047,0.007136894,0.056799999999999996,-0.37210426,0.0512,0.3408,0.06,,0.0544,0.5064000000000001,4.6497717,0.41203627,4.3778596
0.007557042,0.006528874,0.0392,0.0328,0.3056,0.0408,1.4248,0.0344,0.5648,4.027153,0.23603779,3.8736002,-0.0047034756,0.00075439364,-0.24960000000000002,0.12639999999999998,0.0008,0.1504,0.0016,0.14639999999999997,0.0008,-2.0641453,0.0,-1.7266047,0.0069653853,0.0648,-0.43830043,0.0584,0.3432,0.0664,,0.06,0.5688,4.5225086,0.45873877,4.216323
0.008212304,0.006539303,0.0512,0.0448,0.248,0.053599999999999995,1.4856,0.0488,0.5167999999999999,3.9295735,0.3315318,3.7055686,-0.004611177,0.00043018814,-0.045599999999999995,0.3472,0.0008,0.3544,0.0008,0.3496,0.0008,-2.0897708,0.0,-2.032142,0.006989757,0.0512,-0.36096895,0.0448,0.3032,0.053599999999999995,1.5375999999999999,0.0472,0.5880000000000001,4.414399,0.34995407,4.1868525
0.008913055,0.0065042423,0.0544,0.0472,0.1848,0.0552,1.4008,0.0504,0.4728,3.812522,0.35264215,3.5664382,-0.0045091375,0.0004441021,-0.1872,0.2128,0.0008,0.2128,0.0016,0.2128,0.0008,-2.1099472,0.0,-1.8532262,0.007037273,0.0544,-0.391714,0.0472,0.2696,0.0552,1.4352,0.0496,0.56,4.3292675,0.37496096,4.0784054
0.009455592,0.006405498,0.044,0.0376,0.21680000000000002,0.045599999999999995,1.2736,0.04,0.4144,3.6134257,0.26809254,3.42559,-0.004427738,0.00059460953,-0.2592,0.1392,0.0008,0.1392,0.0008,0.1392,0.0008,-2.1434,0.0,-1.7699137,0.006972879,0.0496,-0.4447486,0.0432,0.2728,0.0512,1.3632,0.045599999999999995,0.5104,4.1840644,0.33177394,3.9594152
0.01022957,0.006297211,0.0368,0.032,0.19999999999999998,0.04,1.0696,0.0344,0.3584,3.4108324,0.22587638,3.2488475,-0.00429903,0.0005818552,-0.12,0.28,0.0008,0.28,0.0008,0.28,0.0008,-2.1577194,0.0,-2.0012982,0.006980777,0.0488,-0.44623387,0.044,0.228,0.0512,1.3015999999999999,0.0464,0.44079999999999997,4.0080495,0.3440085,3.765495
0.0109442985,0.006137225,0.0272,0.024,0.1376,0.031200000000000002,1.3168,0.0272,0.3312,3.2713163,0.16129068,3.1583707,-0.004156639,0.0005554174,-0.3232,0.036,0.0008,0.0752,0.0024,0.0752,0.0008,-2.1093676,0.0,-1.6544819,0.006748784,0.0272,-0.42899972,0.024,0.2096,0.031200000000000002,1.3512000000000002,0.0272,0.48960000000000004,3.8522925,0.17610323,3.7342439
0.011512132,0.006013185,0.028,0.0264,0.12079999999999999,0.0344,1.2544,0.0288,0.3456,2.9796886,0.16719158,2.8548717,-0.004109562,0.0005083404,-0.29919999999999997,0.0928,0.0016,0.09680000000000001,0.0016,0.0928,0.0016,-2.020721,0.0,-1.6242759,0.006607485,0.0288,-0.46623927,0.0272,0.20240000000000002,0.035199999999999995,1.3328,0.0288,0.4128,3.570027,0.19090141,3.4328475
0.012009405,0.0057378095,0.06319999999999999,0.0232,0.10719999999999999,0.0304,1.064,0.0264,0.28,2.7294428,0.15760934,2.6567717,-0.0039574313,0.00047216332,-0.3896,0.0,0.0032,0.0096,0.0032,0.0,0.0032,-1.8749669,0.0,-1.3469146,0.0063796747,0.062400000000000004,-0.49071088,0.0224,0.1688,0.0296,1.2536,0.0256,0.3504,3.290947,0.16920495,3.2274005
0.01252598,0.0058869245,0.028,0.024,0.0768,0.0304,1.1239999999999999,0.0256,0.19360000000000002,2.6249297,0.15655935,2.508101,-0.0038630452,0.00037777727,-0.3584,0.032,0.0008,0.041600000000000005,0.0016,0.041600000000000005,0.0016,-1.8289912,0.0,-1.4034419,0.0064988234,0.028,-0.4374269,0.024,0.10719999999999999,0.0304,1.1456000000000002,0.0264,0.2904,3.1525576,0.17585647,3.0245762
0.013054981,0.006134563,0.0256,0.0224,0.0728,0.0296,0.8976,0.0256,0.12240000000000001,2.4651659,0.1507062,2.3447871,-0.0037368874,0.0005994799,-0.2296,0.124,0.0008,0.1672,0.0016,0.1656,0.0008,-1.8193676,0.0,-1.5658933,0.00698628,0.0256,-0.49894625,0.0224,0.0928,0.0296,1.0432000000000001,0.0256,0.204,3.0351992,0.1706481,2.9031968
0.013203209,0.006097283,0.0528,0.016,0.0752,0.0224,0.876,0.0192,0.12480000000000001,2.3654218,0.11439853,2.3151622,-0.003687723,0.0004343621,-0.3584,0.0096,0.0016,0.04,0.0032,0.04,0.0016,-1.7589558,0.0,-1.340132,0.00690316,0.061599999999999995,-0.55268973,0.0248,0.0816,0.031200000000000002,1.0968,0.028,0.17679999999999998,2.9366612,0.20409714,2.8239589
0.013417784,0.0062155537,0.020800000000000003,0.0184,0.0664,0.0248,0.852,0.0216,0.0944,2.3064518,0.12698847,2.203048,-0.0036246446,0.00048723712,-0.3976,0.0016,0.0008,0.0016,0.0008,0.0016,0.0008,-1.7159368,0.0,-1.2892281,0.006958207,0.017599999999999998,-0.5005381,0.016,0.0824,0.0216,0.9704,0.0184,0.1864,2.8469808,0.11867557,2.7528045
0.013647669,0.005985669,0.0264,0.024,0.0592,0.0296,0.664,0.0264,0.1176,2.2027154,0.16335495,2.0644736,-0.0035590148,0.00042160728,-0.2576,0.1376,0.0008,0.1424,0.0032,0.14079999999999998,0.0024,-1.7009212,0.0,-1.4506935,0.0068489746,0.0152,-0.53991604,0.0128,0.0888,0.0184,0.9072,0.0152,0.1504,2.7637653,0.095634684,2.687809
0.013543821,0.006089517,0.016,0.016,0.062400000000000004,0.0216,0.6080000000000001,0.0184,0.1008,2.1462433,0.09804737,2.0641413,-0.003578263,0.00044085563,-0.38720000000000004,0.0128,0.0008,0.0128,0.004,0.0128,0.0008,-1.6424226,0.0,-1.2576888,0.007024469,0.016,-0.52184546,0.016800000000000002,0.08399999999999999,0.0216,0.7816,0.0184,0.1384,2.679296,0.114242114,2.5859263
0.013328581,0.0059719114,0.0272,0.024,0.0648,0.031200000000000002,0.788,0.0272,0.09680000000000001,2.3643675,0.16521157,2.2314515,-0.0035416216,0.00040421414,-0.30960000000000004,0.09040000000000001,0.0008,0.09040000000000001,0.0016,0.09040000000000001,0.0008,-1.7533903,0.0,-1.42501,0.0068829884,0.028,-0.52037346,0.0256,0.0808,0.032,1.024,0.028,0.18080000000000002,2.9231977,0.19643323,2.7684324
0.012772065,0.006084634,0.028,0.0248,0.0808,0.033600000000000005,0.7752,0.0288,0.148,2.5386665,0.17235507,2.4024217,-0.003592873,0.00045546552,-0.2592,0.13199999999999998,0.0008,0.14,0.0016,0.14,0.0016,-1.8331084,0.0,-1.5451958,0.0068466538,0.028,-0.4762904,0.0256,0.092,0.033600000000000005,1.0512,0.0288,0.2384,3.0965714,0.19594295,2.9439116
0.012005633,0.0062963236,0.0272,0.024,0.0824,0.031200000000000002,1.0735999999999999,0.0272,0.19119999999999998,2.7661107,0.16991752,2.6334164,-0.0037167117,0.00046335068,-0.396,0.0024,0.0008,0.004,0.0024,0.0024,0.0008,-1.8939836,0.0,-1.4010653,0.006981078,0.0272,-0.4466184,0.024,0.0976,0.031200000000000002,1.1472,0.0272,0.2896,3.3128366,0.19046882,3.1678162
0.010535786,0.006434789,0.0248,0.020800000000000003,0.10719999999999999,0.0288,1.0456,0.0232,0.2952,2.9949994,0.15232538,2.8807225,-0.0038985268,0.0005292123,-0.39840000000000003,0.0,0.0008,0.0,0.0024,0.0,0.0008,-1.9189134,0.0,-1.4018769,0.0071782432,0.0256,-0.45915002,0.0216,0.1296,0.0296,1.3039999999999998,0.024,0.3256,3.535242,0.17386766,3.4081943
0.008667415,0.0067498824,0.0272,0.0232,0.1296,0.0296,1.2512,0.0264,0.32,3.347149,0.1731342,3.2223318,-0.004293232,0.00057605724,-0.0216,0.3728,0.0008,0.3776,0.0016,0.3728,0.0008,-1.8772864,0.0,-1.8580381,0.0073474958,0.0376,-0.40611026,0.033600000000000005,0.14,0.04,1.2424,0.036,0.37679999999999997,3.8165076,0.28046662,3.6111255
0.006581584,0.0071714865,0.032,0.028,0.1872,0.0376,1.3,0.031200000000000002,0.3368,3.8418677,0.22728014,3.6816585,-0.0047018523,0.00040490995,-0.3904,0.0032,0.0008,0.0096,0.0024,0.008,0.0008,-1.8815765,0.0,-1.3790342,0.007672052,0.032,-0.3632285,0.028,0.1872,0.0368,1.3992,0.031200000000000002,0.4472,4.2597165,0.2418794,4.092657
0.0045609903,0.0073059564,0.0288,0.0248,0.2336,0.0328,1.3792,0.0272,0.4008,4.156185,0.2002176,4.0148363,-0.0053931666,0.0004005034,-0.3944,0.0,0.0008,0.0048,0.0024,0.0048,0.0024,-1.869112,0.0,-1.3450022,0.007721313,0.0288,-0.32949296,0.0248,0.2432,0.0328,1.3792,0.0272,0.4648,4.5373855,0.21029446,4.3932104
0.0024813723,0.0077213477,0.0384,0.032,0.224,0.0408,1.328,0.035199999999999995,0.4632,4.389177,0.2827535,4.191799,-0.0063117496,0.000507412,-0.1856,0.204,0.0008,0.2128,0.0008,0.204,0.0008,-1.7451003,0.0,-1.538935,0.0079872,0.0384,-0.25873193,0.0328,0.24639999999999998,0.0408,1.4288,0.035199999999999995,0.4648,4.689576,0.29514614,4.486516
0.00067202497,0.008199314,0.041600000000000005,0.0392,0.2288,0.0464,1.448,0.0408,0.48240000000000005,4.661111,0.34426242,4.4191327,-0.0073339953,0.00048607634,-0.3632,0.0368,0.0008,0.0368,0.0008,0.0368,0.0008,-1.5947089,0.0,-1.1916546,0.00842776,0.041600000000000005,-0.23336563,0.0392,0.24480000000000002,0.0464,1.4552,0.0408,0.49679999999999996,4.9035463,0.3559538,4.655712
-0.00090322125,0.008443178,0.033600000000000005,0.0296,0.32239999999999996,0.0368,,0.031200000000000002,0.5904,5.1760783,0.26740798,5.005883,-0.008468947,0.00046149385,-0.11120000000000001,0.2848,0.0008,0.288,0.0032,0.288,0.0008,-1.4040821,0.0,-1.3098118,0.008620934,0.033600000000000005,-0.20342256,0.0296,0.32239999999999996,0.0368,,0.031200000000000002,0.5904,5.3530083,0.27449325,5.17967
-0.002420996,0.008740519,0.0464,0.04,0.2952,0.048,,0.0424,0.5248,5.486623,0.39722207,5.236323,-0.009733537,0.00056654867,-0.3712,0.0,0.0008,0.0256,0.0024,0.02,0.0008,-1.1866097,0.0,-0.8759703,0.008871806,0.0464,-0.17224899,0.04,0.2952,0.048,,0.0432,0.6192000000000001,5.608814,0.4035191,5.3557787
-0.0035659838,0.008554125,0.0552,0.0512,0.3416,0.0592,,0.0528,0.6216,5.6288586,0.49803647,5.305887,-0.010947573,0.0005050963,-0.14880000000000002,0.2336,0.0008,0.25120000000000003,0.0008,0.2336,0.0008,-0.9816586,0.0,-0.88448954,0.008626908,0.0552,-0.12998961,0.052000000000000005,0.3416,0.0592,,0.053599999999999995,0.6624,5.708616,0.5030398,5.3830786
-0.004502167,0.0088246185,0.041600000000000005,0.0384,0.352,0.0472,,0.041600000000000005,0.6288,5.8147526,0.36745858,5.583647,-0.01214885,0.00043088477,-0.39840000000000003,0.0,0.0016,0.0008,0.0032,0.0008,0.0024,-0.73236036,0.0,-0.5200496,0.008838587,0.041600000000000005,-0.05623128,0.0392,0.39999999999999997,0.0472,,0.041600000000000005,0.6288,5.846722,0.36920935,5.6147175
-0.005099292,0.008534156,0.0512,0.048,0.43360000000000004,0.0552,,0.0496,0.6864,5.8669543,0.45365494,5.5792646,-0.013155556,0.00039400999,-0.3624,0.032,0.0016,0.033600000000000005,0.0016,0.032,0.0016,-0.56150496,0.0,-0.38954592,0.00854437,0.0512,-0.04890134,0.048,0.43360000000000004,0.0552,,0.0496,0.6864,5.887388,0.45454964,5.599555
-0.0056300694,0.008732088,0.052000000000000005,0.0464,0.4192,0.0544,,0.048,0.6864,5.999316,0.44021687,5.7389197,-0.014004799,0.00054753106,-0.0944,0.3056,0.0008,0.3056,0.0024,0.3056,0.0008,-0.38873547,0.0,-0.3616023,0.008733345,0.052000000000000005,-0.01696908,0.0464,0.4192,0.0544,,0.048,0.6864,6.0050488,0.44052747,5.744539
-0.005867055,0.008636228,0.0424,0.0368,0.4128,0.0448,,0.04,0.7320000000000001,6.074095,0.34876868,5.8726125,-0.014446119,0.00064099114,-0.0216,0.3688,0.0008,0.376,0.0008,0.3728,0.0008,-0.31052327,0.0,-0.30623296,0.008637914,0.0424,-0.01976109,0.0368,0.4128,0.0448,,0.04,0.7320000000000001,6.0790453,0.34896183,5.8775654
-0.005825782,0.008594954,0.0488,0.0424,0.4576,0.0512,,0.045599999999999995,0.7584,6.1924767,0.41123572,5.957377,-0.014484152,0.00044711772,-0.2192,0.15839999999999999,0.0008,0.1784,0.0016,0.1776,0.0008,-0.31376916,0.0,-0.24825548,0.0086026825,0.07600000000000001,-0.042389814,0.0696,0.4304,0.0784,,0.0728,0.7312,6.2002106,0.69597876,5.775283
-0.0057083988,0.008810417,0.0504,0.045599999999999995,0.476,0.053599999999999995,,0.048,0.772,6.3438663,0.43900415,6.0874643,-0.014236475,0.000547301,-0.3864,0.0024,0.0008,0.0128,0.0024,0.0024,0.0008,-0.43412924,0.0,-0.29057875,0.008811667,0.0576,-0.016844347,0.0528,0.4688,0.0608,,0.0552,0.7647999999999999,6.350278,0.51543105,6.04375
-0.005383541,0.008818405,0.064,0.0584,0.4648,0.0664,,0.0608,0.7456,6.339982,0.5645678,6.003808,-0.013743441,0.00040212693,-0.1024,0.2832,0.0016,0.29760000000000003,0.0024,0.2968,0.0016,-0.5412707,0.0,-0.5011508,0.00882791,0.064,-0.04640898,0.0584,0.4648,0.0664,,0.0608,0.7456,6.358267,0.564829,6.022708
-0.005055578,0.008823287,0.1016,0.0592,0.4512,0.068,,0.062400000000000004,0.7384,6.155919,0.57724285,5.9440074,-0.013094797,0.0004492039,-0.29760000000000003,0.0608,0.0008,0.1024,0.0008,0.0976,0.0008,-0.6411648,0.0,-0.48161277,0.008843284,0.1016,-0.067263015,0.0592,0.4512,0.068,,0.062400000000000004,0.7384,6.185093,0.57741827,5.975461
-0.0044868565,0.008587411,0.08320000000000001,0.0784,0.4704,0.0872,,0.0808,0.7464,6.3280563,0.75052196,5.8701725,-0.012294023,0.0005760584,-0.0096,0.38799999999999996,0.0008,0.38799999999999996,0.0024,0.38799999999999996,0.0016,-0.8350953,0.0,-0.8289498,0.008600128,0.08320000000000001,-0.05438914,0.0784,0.4704,0.0872,,0.0808,0.7808,6.3640966,0.7522508,5.9065113
-0.003875308,0.008530605,0.0544,0.048,0.45999999999999996,0.0584,,0.0512,0.7816,6.2639275,0.44405833,6.0145154,-0.01148606,0.00046381587,-0.3448,0.0552,0.0008,0.0552,0.0008,0.0552,0.0008,-0.98734176,0.0,-0.71983707,0.008569132,0.0544,-0.094862744,0.048,0.45999999999999996,0.0584,,0.0512,0.7816,6.3292856,0.4452469,6.0813026
-0.0032697516,0.008368842,0.06319999999999999,0.056799999999999996,0.4576,0.0648,,0.0592,0.7288,6.1458225,0.5199011,5.8396053,-0.010748828,0.0005382579,-0.24639999999999998,0.13440000000000002,0.0008,0.1528,0.0008,0.13440000000000002,0.0008,-1.1570394,0.0,-0.94600403,0.008471836,0.0768,-0.15608905,0.07039999999999999,0.4864,0.0784,,0.0728,0.7504000000000001,6.250976,0.6609436,5.853968
-0.00258054,0.008567218,0.062400000000000004,0.0552,0.4632,0.0648,,0.0592,0.6712,5.936796,0.5237881,5.6147127,-0.010020175,0.0006212797,-0.0392,0.33599999999999997,0.0016,0.3528,0.0016,0.34400000000000003,0.0016,-1.2677763,0.0,-1.2309031,0.008612921,0.062400000000000004,-0.10306444,0.0552,0.4696,0.0648,,0.0592,0.728,6.0357246,0.52712935,5.7148848
-0.0019734304,0.008625799,0.06720000000000001,0.0608,0.376,0.0696,,0.06319999999999999,0.6704,5.9348,0.57489765,5.579876,-0.009375936,0.00044085458,-0.3776,0.0184,0.0016,0.0192,0.0016,0.0184,0.0016,-1.371556,0.0,-0.9845032,0.008722979,0.06720000000000001,-0.14940889,0.0608,0.376,0.0696,,0.06319999999999999,0.6704,6.0728426,0.58153516,5.7165737
-0.0010110632,0.008329122,0.096,0.0552,0.4096,0.062400000000000004,,0.056799999999999996,0.6896,5.623977,0.5099901,5.4248247,-0.0086175995,0.00061014574,-0.0936,0.2792,0.0008,0.3008,0.0016,0.29279999999999995,0.0008,-1.4610735,0.0,-1.3619332,0.008459069,0.096,-0.17550714,0.0552,0.42319999999999997,0.06319999999999999,,0.056799999999999996,0.6896,5.792697,0.516461,5.598386
-9.7291675e-05,0.007970094,0.0504,0.044,0.3832,0.0544,,0.048,0.636,5.460883,0.38306823,5.2274475,-0.007963622,0.00053593586,-0.008,0.3816,0.0008,0.392,0.0016,0.3816,0.0008,-1.6157553,0.0,-1.6089141,0.008167126,0.07919999999999999,-0.22010344,0.0736,0.39359999999999995,0.08320000000000001,,0.0768,0.66,5.681907,0.67299235,5.253081
0.00089525327,0.007754188,0.053599999999999995,0.0448,0.3856,0.0544,,0.0472,0.6528,5.302726,0.39127418,5.064741,-0.0072723078,0.0005403422,-0.1152,0.27599999999999997,0.0008,0.2832,0.0008,0.27599999999999997,0.0008,-1.7826698,0.0,-1.6474681,0.008010622,0.0576,-0.25370902,0.0488,0.4024,0.0584,,0.0512,0.6488,5.5804186,0.4383713,5.3170424
0.001958139,0.0078007868,0.052000000000000005,0.0472,0.3784,0.0544,,0.0488,0.6328,5.172917,0.39155382,4.9225063,-0.0066554355,0.0003872842,-0.2488,0.148,0.0008,0.148,0.0008,0.148,0.0008,-1.8993187,0.0,-1.569315,0.008127058,0.06319999999999999,-0.28431582,0.056799999999999996,0.41759999999999997,0.0656,,0.0584,0.632,5.4980044,0.5096228,5.1721497
0.0030046052,0.007974754,0.044,0.035199999999999995,0.3064,0.0448,1.5104,0.0384,0.5840000000000001,5.0526485,0.31623533,4.852941,-0.0061853603,0.0004969761,-0.256,0.1424,0.0008,0.1424,0.0024,0.1424,0.0008,-2.027621,0.0,-1.6663101,0.008295907,0.0544,-0.27915803,0.045599999999999995,0.3488,0.0552,,0.0488,0.5952000000000001,5.415753,0.42988393,5.14229
0.003830506,0.007814543,0.048,0.0432,0.29200000000000004,0.052000000000000005,1.5216,0.045599999999999995,0.5696,4.8337464,0.37778392,4.5802293,-0.0058105993,0.00047007576,-0.3992,0.0008,0.0008,0.0008,0.0016,0.0008,0.0008,-2.0269244,0.0,-1.4427508,0.0080868555,0.048,-0.26024666,0.0432,0.29919999999999997,0.0528,1.5392000000000001,0.0464,0.572,5.1925435,0.3919685,4.935151
0.0046222345,0.007466609,0.041600000000000005,0.035199999999999995,0.3232,0.044,1.5368,0.0384,0.5552,4.678973,0.2962874,4.484148,-0.00549938,0.000506717,-0.184,0.216,0.0016,0.216,0.0016,0.216,0.0016,-2.0439696,0.0,-1.8109031,0.007876592,0.041600000000000005,-0.32406354,0.035199999999999995,0.3232,0.044,,0.0384,0.5552,5.086273,0.30718204,4.890955
0.0053274226,0.0074271117,0.0472,0.0432,0.2968,0.0512,1.4744,0.045599999999999995,0.5464,4.6582265,0.3525474,4.4242363,-0.0052823154,0.00040560588,-0.19119999999999998,0.1944,0.0008,0.20879999999999999,0.0008,0.20879999999999999,0.0008,-2.0430417,0.0,-1.7953651,0.007834423,0.0544,-0.32387298,0.0504,0.33280000000000004,0.0584,1.5352,0.0528,0.5392,5.0662236,0.43377715,4.78125
0.0058459956,0.0073523326,0.0472,0.041600000000000005,0.2848,0.0496,1.3472,0.0448,0.4944,4.384905,0.33504352,4.150804,-0.005101428,0.00045662513,-0.11359999999999999,0.236,0.0008,0.284,0.0008,0.28,0.0008,-2.0663486,0.0,-1.9224502,0.007656867,0.052000000000000005,-0.37297577,0.0464,0.3176,0.0544,1.4328,0.0496,0.5728000000000001,4.8363833,0.39400876,4.5685606
0.006364125,0.0071670488,0.052000000000000005,0.045599999999999995,0.268,0.0544,1.3856,0.0496,0.5072,4.289989,0.3738819,4.033476,-0.0049349186,0.00052202283,-0.2408,0.1568,0.0008,0.1592,0.0024,0.1568,0.0008,-2.0320263,0.0,-1.7177925,0.0075508826,0.052000000000000005,-0.3202175,0.0448,0.3056,0.0544,1.3856,0.0472,0.5536,4.711543,0.39230135,4.448652
0.006990318,0.0073174946,0.041600000000000005,0.0392,0.19679999999999997,0.0488,1.2111999999999998,0.0424,0.444,4.122567,0.30817133,3.9044425,-0.0047389576,0.00044201524,-0.38239999999999996,0.0112,0.0008,0.017599999999999998,0.0008,0.0112,0.0008,-2.0584054,0.0,-1.5137719,0.0076482664,0.041600000000000005,-0.29517204,0.04,0.2536,0.0488,1.456,0.0424,0.512,4.5430746,0.32394618,4.318799
0.0075552673,0.006863494,0.0384,0.0376,0.2296,0.045599999999999995,1.2736,0.0408,0.496,3.9646878,0.27785668,3.7605429,-0.0045942473,0.00052921195,-0.1008,0.29760000000000003,0.0008,0.29919999999999997,0.0008,0.29760000000000003,0.0008,-2.0945835,0.0,-1.973296,0.0073399944,0.052000000000000005,-0.362307,0.0512,0.25680000000000003,0.0592,1.4,0.053599999999999995,0.49520000000000003,4.4496956,0.41389132,4.1502676
0.008067849,0.006794706,0.0376,0.032,0.2032,0.04,1.3408,0.035199999999999995,0.4384,3.8913515,0.24956459,3.7158308,-0.004530241,0.0004652054,-0.376,0.0232,0.0008,0.0232,0.0008,0.0232,0.0008,-2.0807853,0.0,-1.5400941,0.007386692,0.0472,-0.40307865,0.041600000000000005,0.26080000000000003,0.0496,1.4232,0.0448,0.49679999999999996,4.395682,0.35079658,4.150387
0.008826293,0.006923849,0.0392,0.033600000000000005,0.18239999999999998,0.0408,1.1424,0.0368,0.3864,3.6240761,0.26404557,3.430138,-0.0043957355,0.00033070007,-0.3856,0.0112,0.0008,0.0144,0.0008,0.0112,0.0008,-2.1093087,0.0,-1.5458908,0.0074685966,0.0392,-0.38429856,0.033600000000000005,0.1856,0.0408,1.3128,0.0368,0.4344,4.150541,0.2846178,3.9485774
0.0095587745,0.006857058,0.028,0.024,0.144,0.031200000000000002,1.1312,0.0272,0.35600000000000004,3.500646,0.18374619,3.3668423,-0.0042957836,0.0005786086,-0.2648,0.1184,0.0008,0.1352,0.0016,0.1352,0.0008,-2.0982351,0.0,-1.7381997,0.007538439,0.0368,-0.42844597,0.033600000000000005,0.1688,0.04,1.276,0.035199999999999995,0.42800000000000005,4.0559597,0.278872,3.8531034
0.010030749,0.0067179287,0.0608,0.0232,0.1192,0.0296,1.0544,0.0256,0.3176,3.1495497,0.17805012,3.069667,-0.0042827963,0.0005656213,-0.2208,0.1608,0.0008,0.17679999999999998,0.004,0.17679999999999998,0.0008,-1.9623382,0.0,-1.6788322,0.0074675074,0.0608,-0.45189482,0.0232,0.15519999999999998,0.0296,1.2224,0.0256,0.3456,3.690298,0.19512856,3.613168
0.011309985,0.0063262805,0.0264,0.0232,0.0712,0.031200000000000002,0.9728,0.0272,0.252,2.7679424,0.17104478,2.633251,-0.004155016,0.00043784105,-0.38480000000000003,0.0,0.0008,0.012,0.0008,0.012,0.0008,-1.8899249,0.0,-1.4141676,0.007135294,0.0152,-0.513422,0.012,0.1192,0.02,1.152,0.016,0.3248,3.3393257,0.09806055,3.2665596
0.01202405,0.006388855,0.0248,0.0224,0.0784,0.0296,1.0288,0.0264,0.12480000000000001,2.652001,0.16188534,2.522968,-0.004047875,0.00056260685,-0.232,0.1656,0.0008,0.16640000000000002,0.004,0.16640000000000002,0.0008,-1.8287016,0.0,-1.5788219,0.0071467394,0.0264,-0.52980596,0.0248,0.0928,0.031200000000000002,1.1480000000000001,0.028,0.2112,3.212589,0.19833606,3.0573056
0.01256814,0.0063995067,0.0192,0.016800000000000002,0.0736,0.024,0.9551999999999999,0.0192,0.1336,2.6065125,0.117529914,2.513316,-0.0039286744,0.0005593599,-0.28,0.11359999999999999,0.0008,0.1184,0.0024,0.11359999999999999,0.0016,-1.9357271,0.0,-1.5960994,0.0072936113,0.0192,-0.5003544,0.017599999999999998,0.0952,0.024,1.0264,0.0192,0.19999999999999998,3.2156262,0.13539842,3.111492
0.013122661,0.006510677,0.0264,0.0232,0.064,0.031200000000000002,0.936,0.0272,0.09999999999999999,2.4449158,0.17546564,2.2994626,-0.0038507541,0.00048143964,-0.3744,0.024,0.0008,0.024,0.0008,0.024,0.0008,-1.9351466,0.0,-1.4743476,0.0076021645,0.0264,-0.5424934,0.024,0.07759999999999999,0.031200000000000002,1.0328000000000002,0.0272,0.1416,3.092949,0.20313163,2.9301262
0.013263786,0.006702397,0.0248,0.020800000000000003,0.0664,0.0288,0.9199999999999999,0.0248,0.1192,2.5669606,0.1600665,2.4379277,-0.003813185,0.00044387055,-0.1624,0.2344,0.0008,0.2376,0.0016,0.2376,0.0016,-1.9212323,0.0,-1.7550712,0.0077511193,0.0232,-0.55407655,0.0192,0.0784,0.0272,1.0032,0.0224,0.16799999999999998,3.1937814,0.16972734,3.0598722
0.013500996,0.0064651873,0.0184,0.017599999999999998,0.0824,0.024,0.9111999999999999,0.0192,0.1152,2.6082864,0.116524264,2.5164213,-0.003726916,0.00058950845,-0.24559999999999998,0.1416,0.0008,0.1528,0.0008,0.1424,0.0008,-1.9247106,0.0,-1.647234,0.007534438,0.024,-0.5672918,0.0232,0.0824,0.0296,1.072,0.0248,0.1568,3.2339659,0.18484886,3.0888522
0.013677402,0.0063997293,0.020800000000000003,0.017599999999999998,0.0752,0.0256,1.0448,0.02,0.14959999999999998,2.6530561,0.12811574,2.5534244,-0.0036348486,0.00049744116,-0.1616,0.2328,0.0008,0.2368,0.0008,0.2328,0.0008,-1.9880795,0.0,-1.8144971,0.0074045537,0.0256,-0.5561145,0.0224,0.0976,0.0304,1.0792,0.0248,0.2216,3.3027618,0.19083469,3.1552725
0.013620153,0.006567927,0.0232,0.020800000000000003,0.0664,0.0288,0.7568,0.024,0.12639999999999998,2.514925,0.1538569,2.3894424,-0.0036193104,0.00059785636,-0.3008,0.0872,0.0008,0.09680000000000001,0.0024,0.096,0.0016,-1.9744556,0.0,-1.6239281,0.0076510147,0.0232,-0.53857845,0.020800000000000003,0.09119999999999999,0.0288,0.9199999999999999,0.024,0.1592,3.171639,0.17855453,3.0280569
0.013298624,0.0065566106,0.032,0.0288,0.07039999999999999,0.0368,0.8992,0.032,0.116,2.644347,0.2164427,2.4689374,-0.003580118,0.0004427106,-0.38480000000000003,0.0,0.0008,0.010400000000000001,0.0016,0.0096,0.0008,-1.981355,0.0,-1.4996841,0.0075066867,0.031200000000000002,-0.53815436,0.028,0.0896,0.036,0.8999999999999999,0.031200000000000002,0.204,3.2861323,0.24034756,3.096537
0.012782937,0.0065175556,0.0288,0.0272,0.0896,0.036,1.1288,0.0296,0.23920000000000002,2.8237495,0.1941358,2.6691983,-0.0035940327,0.00045662525,-0.3672,0.0128,0.0008,0.031200000000000002,0.0016,0.0272,0.0008,-2.0237935,0.0,-1.5555733,0.0073371893,0.0288,-0.47718683,0.0272,0.0976,0.036,1.1784000000000001,0.0296,0.23920000000000002,3.4378018,0.22071071,3.2657394
0.0119703505,0.006331606,0.0288,0.0248,0.09040000000000001,0.0328,1.0936,0.028,0.268,2.9096236,0.18222705,2.7677202,-0.0036622135,0.00040885247,-0.3704,0.020800000000000003,0.0008,0.0296,0.0024,0.0248,0.0016,-2.0705228,0.0,-1.5502396,0.007097651,0.033600000000000005,-0.5023804,0.0296,0.1368,0.0376,1.132,0.0328,0.2856,3.5470908,0.24455346,3.3610415
0.010563301,0.006629171,0.0272,0.0224,0.12,0.0296,1.228,0.0248,0.2824,3.1363482,0.16392636,3.0136392,-0.0038822931,0.00051297864,-0.072,0.316,0.0016,0.328,0.0024,0.316,0.0016,-2.0188656,0.0,-1.9317844,0.007322771,0.0448,-0.5054029,0.04,0.14,0.0472,1.2936,0.0424,0.3,3.7216942,0.33206165,3.4740267
0.008789236,0.006960906,0.0344,0.0304,0.136,0.0384,1.2784,0.033600000000000005,0.3184,3.5227256,0.2372988,3.3474267,-0.004187715,0.0004705398,-0.24960000000000002,0.14959999999999998,0.0008,0.14959999999999998,0.0008,0.14959999999999998,0.0008,-1.9804267,0.0,-1.6711787,0.0075830515,0.0384,-0.4079001,0.0344,0.15200000000000002,0.0424,1.2824,0.0376,0.376,4.019307,0.29404095,3.805893
0.0066448245,0.007330143,0.036,0.032,0.19360000000000002,0.0392,1.3792,0.0344,0.4024,4.0223255,0.25796184,3.8417015,-0.004702316,0.00052132737,-0.3552,0.0392,0.0008,0.044,0.0008,0.0392,0.0008,-1.9222763,0.0,-1.4665791,0.007744153,0.045599999999999995,-0.40807733,0.041600000000000005,0.2208,0.0488,1.38,0.044,0.4064,4.4548807,0.3633983,4.1999774
0.004623122,0.00757667,0.044,0.0408,0.24400000000000002,0.0496,1.2336,0.0432,0.49279999999999996,4.386513,0.34460032,4.145755,-0.0053711357,0.0004944261,-0.3176,0.0752,0.0008,0.0816,0.0008,0.0752,0.0008,-1.9091737,0.0,-1.5004376,0.007984871,0.044,-0.3211337,0.0408,0.2736,0.0496,1.4152,0.0424,0.49839999999999995,4.764883,0.36070973,4.517035
0.0026571148,0.007878451,0.0464,0.044,0.2856,0.0528,1.5368,0.045599999999999995,0.4688,4.68907,0.37817675,4.4213514,-0.006204145,0.00051576085,-0.1512,0.2336,0.0008,0.2488,0.0016,0.2336,0.0008,-1.8437765,0.0,-1.6585987,0.008137082,0.0464,-0.25280023,0.044,0.3088,0.0528,1.5368,0.0464,0.4688,5.00119,0.39144677,4.729568
0.00086241256,0.008008926,0.0408,0.035199999999999995,0.3256,0.0424,,0.0376,0.5055999999999999,4.914295,0.3049403,4.7159195,-0.007224303,0.00049233786,-0.33999999999999997,0.0328,0.0016,0.0552,0.0016,0.0328,0.0016,-1.6027678,0.0,-1.2128162,0.008269274,0.0528,-0.25159633,0.0472,0.3136,0.0544,,0.0496,0.5576,5.1585846,0.43339354,4.8713875
-0.0007332482,0.008162256,0.0496,0.0432,0.308,0.052000000000000005,,0.0464,0.5624,5.211471,0.39522237,4.9632792,-0.0082212705,0.00056167715,-0.376,0.0216,0.0008,0.0232,0.0016,0.0232,0.0016,-1.4293602,0.0,-1.0230591,0.008325668,0.0496,-0.1984541,0.044,0.36479999999999996,0.052000000000000005,,0.0464,0.5624,5.3909874,0.40222567,5.1419973
-0.00214185,0.008017579,0.06319999999999999,0.0584,0.4032,0.0664,,0.0608,0.6624,5.5140276,0.525214,5.183734,-0.009399823,0.00046474114,-0.33039999999999997,0.0584,0.0008,0.0688,0.0008,0.0584,0.0008,-1.239427,0.0,-0.939803,0.008157881,0.0656,-0.18573003,0.0608,0.4008,0.068,,0.06319999999999999,0.6728000000000001,5.648073,0.5548259,5.301385
-0.003372268,0.008138513,0.0584,0.0512,0.4512,0.0608,,0.0544,0.7320000000000001,5.8134217,0.4664098,5.5447044,-0.010624525,0.0005299086,-0.2336,0.15200000000000002,0.0008,0.164,0.0008,0.15200000000000002,0.0008,-0.9547013,0.0,-0.7928301,0.008154708,0.0584,-0.06303269,0.0512,0.4512,0.0608,,0.0544,0.7320000000000001,5.862015,0.46814504,5.5935097
-0.004268953,0.00814761,0.06,0.053599999999999995,0.4472,0.061599999999999995,,0.056,0.7856000000000001,6.031601,0.48070636,5.758335,-0.011691994,0.00055379607,-0.30960000000000004,0.07919999999999999,0.0008,0.08399999999999999,0.0008,0.07919999999999999,0.0008,-0.7716675,0.0,-0.5871854,0.008170096,0.062400000000000004,-0.07420904,0.056,0.44480000000000003,0.064,,0.0584,0.7832,6.072212,0.50569534,5.7841897
-0.004892484,0.008216399,0.06319999999999999,0.0584,0.4864,0.0664,,0.06,0.7856000000000001,6.1525354,0.52793974,5.844986,-0.012751576,0.0004538428,-0.36,0.028,0.0008,0.0328,0.0016,0.028,0.0008,-0.5494443,0.0,-0.3833989,0.008230047,0.06319999999999999,-0.05759958,0.0584,0.4864,0.0664,,0.06,0.7856000000000001,6.1739626,0.52785057,5.8675904
-0.0054239267,0.008082151,0.056799999999999996,0.052000000000000005,0.5304,0.0608,,0.0544,0.8104,6.1380568,0.4583354,5.878215,-0.013519883,0.00041047623,-0.3944,0.0,0.0016,0.0048,0.0048,0.004,0.0016,-0.4257799,0.0,-0.26019847,0.008083925,0.0736,-0.020943237,0.0688,0.5136000000000001,0.07759999999999999,,0.0712,0.7936,6.145627,0.6219272,5.779644
-0.0056422735,0.007967653,0.0504,0.041600000000000005,0.5376000000000001,0.0512,,0.044,0.8072,6.149373,0.3654955,5.9645333,-0.014075995,0.0005027745,-0.0296,0.3696,0.0008,0.3696,0.0008,0.3696,0.0008,-0.31411767,0.0,-0.30356592,0.007977037,0.0896,0.048510853,0.0808,0.49839999999999995,0.09040000000000001,,0.08320000000000001,0.768,6.1269073,0.74340904,5.695479
-0.0056708986,0.008218175,0.0648,0.0608,0.5456,0.07039999999999999,,0.064,0.7647999999999999,6.211893,0.5335325,5.904566,-0.014185456,0.0006122347,0.0248,0.38720000000000004,0.0008,0.4224,0.0016,0.41119999999999995,0.0008,-0.31469736,-0.0031678355,-0.31840786,0.008222425,0.0648,0.032158405,0.06,0.5184,0.07039999999999999,,0.064,0.7647999999999999,6.1985636,0.5334829,5.890601
-0.005629403,0.00806573,0.0664,0.06,0.5095999999999999,0.0696,,0.06319999999999999,0.8016,6.267089,0.52744156,5.9791784,-0.01407901,0.0005057892,-0.2296,0.0768,0.0024,0.1704,0.0024,0.0768,0.0024,-0.43697056,0.0,-0.33029327,0.008076754,0.0664,-0.052252535,0.06,0.5095999999999999,0.0696,,0.06319999999999999,0.8016,6.2813582,0.5266911,5.995233
-0.005444342,0.008324463,0.06720000000000001,0.061599999999999995,0.4752,0.07039999999999999,,0.064,0.82,6.3742666,0.56178975,6.05651,-0.013736252,0.00051089143,-0.13440000000000002,0.26399999999999996,0.0008,0.26399999999999996,0.0008,0.26399999999999996,0.0008,-0.46677026,0.0,-0.41864958,0.008334887,0.06720000000000001,-0.050019864,0.061599999999999995,0.4752,0.07039999999999999,,0.064,0.82,6.389632,0.56126624,6.0732355
-0.0050544688,0.008045538,0.06319999999999999,0.0552,0.5712,0.0648,,0.0592,0.8328,6.309972,0.49291784,6.0391464,-0.013146976,0.0005013831,-0.25839999999999996,0.0344,0.0008,0.1416,0.0008,0.0344,0.0008,-0.61571276,0.0,-0.47691643,0.008056821,0.08320000000000001,-0.05292956,0.0752,0.5512,0.0848,,0.07919999999999999,0.8136,6.333709,0.6877712,5.9386907
-0.0045338986,0.008190659,0.06720000000000001,0.0592,0.5631999999999999,0.06720000000000001,,0.061599999999999995,0.8296,6.3592324,0.5304685,6.074428,-0.012470968,0.00040514255,-0.2696,0.112,0.0008,0.13040000000000002,0.0024,0.1272,0.0024,-0.7574649,0.0,-0.59884053,0.008190868,0.06720000000000001,-0.0071630934,0.0592,0.5631999999999999,0.06720000000000001,,0.061599999999999995,0.8296,6.3644953,0.53058326,6.079809
-0.003945649,0.0082681,0.0824,0.0752,0.4856,0.0848,,0.07919999999999999,0.7704,6.181881,0.68130845,5.7877917,-0.01179009,0.0004199855,-0.3896,0.0,0.0008,0.010400000000000001,0.0008,0.0008,0.0008,-0.91481245,0.0,-0.6154205,0.008312242,0.0824,-0.103103384,0.0752,0.4856,0.0848,,0.07919999999999999,0.7704,6.243205,0.68203354,5.852331
-0.0033667204,0.008022017,0.0712,0.07039999999999999,0.4704,0.0784,,0.0728,0.7456,5.976904,0.5942461,5.619206,-0.011058655,0.00050022453,-0.2728,0.12079999999999999,0.0008,0.124,0.0016,0.12079999999999999,0.0008,-1.0721626,0.0,-0.8407196,0.008049065,0.0712,-0.08200329,0.07039999999999999,0.4704,0.0784,,0.0728,0.7456,6.0446415,0.59634334,5.6883926
-0.0027627172,0.008305602,0.062400000000000004,0.0552,0.4808,0.0648,,0.0576,0.7888,6.1497617,0.5004973,5.877605,-0.010350876,0.00048816623,-0.2504,0.1472,0.0008,0.1472,0.0008,0.1472,0.0008,-1.220234,0.0,-1.0062997,0.008354575,0.062400000000000004,-0.10832926,0.0552,0.4808,0.0648,,0.0576,0.7888,6.245641,0.5036139,5.974077
-0.00067355786,0.00055807066,-0.2848,0.09119999999999999,0.0008,0.1152,0.0008,0.10719999999999999,0.0008,-0.23448971,0.0,-0.15604913,-0.009126636,0.0006553689,0.696,0.7687999999999999,0.0008,1.0944,0.004,1.0752000000000002,0.0016,0.104009524,0.062062427,0.13053511,0.0009980751,1.5536,3.0657732,1.2728,0.0008,1.9520000000000002,0.032,1.5752,0.0008,0.2416944,0.45551044,0.019187395
-0.00022776707,0.007989621,0.048,0.0432,0.41759999999999997,0.052000000000000005,,0.045599999999999995,0.6696,5.4463487,0.36476746,5.224563,-0.008123405,0.00046381215,-0.3776,0.0152,0.0008,0.0216,0.0016,0.020800000000000003,0.0008,-1.6087409,0.0,-1.1487534,0.008130576,0.048,-0.18647738,0.0432,0.41759999999999997,0.052000000000000005,,0.045599999999999995,0.6696,5.6501856,0.37039632,5.42902
0.00082224916,0.007827193,0.0464,0.0384,0.39280000000000004,0.048,,0.041600000000000005,0.6536,5.2793713,0.3300477,5.0838804,-0.0073599685,0.00051204953,-0.3088,0.0824,0.0008,0.0848,0.0008,0.0824,0.0008,-1.7564644,0.0,-1.3535261,0.008059949,0.0712,-0.24090731,0.06319999999999999,0.3888,0.0728,,0.0664,0.6288,5.545977,0.57664853,5.1888733
0.0019576952,0.007801231,0.062400000000000004,0.053599999999999995,0.3432,0.06319999999999999,1.4328,0.0576,0.5640000000000001,5.049986,0.48456657,4.7346706,-0.006704832,0.0006685876,-0.0296,0.3664,0.0008,0.3704,0.0016,0.368,0.0016,-1.8445303,0.0,-1.810672,0.008082664,0.062400000000000004,-0.2646631,0.053599999999999995,0.35760000000000003,0.06319999999999999,,0.0576,0.6264000000000001,5.356649,0.49882218,5.039027
0.003048541,0.007930818,0.0424,0.0384,0.26880000000000004,0.0464,1.4928,0.0408,0.5104,4.889887,0.33889717,4.6592245,-0.0061825775,0.0004941933,-0.24639999999999998,0.144,0.0008,0.1536,0.0016,0.144,0.0008,-1.9463375,0.0,-1.6257262,0.008147911,0.0472,-0.28472427,0.0432,0.3424,0.0512,,0.0464,0.5824,5.239728,0.39844292,4.9715123
0.0037894552,0.007966543,0.0544,0.0488,0.26080000000000003,0.056799999999999996,1.4264000000000001,0.0512,0.5432,4.7459307,0.44009617,4.441266,-0.0058683436,0.00041186647,-0.3912,0.0,0.0008,0.008799999999999999,0.0008,0.008,0.0008,-1.9560195,0.0,-1.4163721,0.00827956,0.0544,-0.27585024,0.0488,0.2752,0.056799999999999996,1.4264000000000001,0.0512,0.5631999999999999,5.0992575,0.4590019,4.786878
0.0046572937,0.0075424984,0.045599999999999995,0.0408,0.3032,0.0496,1.4952,0.0424,0.52,4.68907,0.34660015,4.4557457,-0.0054736384,0.00048097526,-0.3408,0.0544,0.0008,0.056799999999999996,0.0008,0.0544,0.0008,-1.9875584,0.0,-1.5189904,0.007970695,0.052000000000000005,-0.3699124,0.0472,0.35760000000000003,0.056,1.5112,0.0488,0.5631999999999999,5.0904665,0.4226895,4.8101
0.0053507215,0.007403813,0.036,0.0304,0.31520000000000004,0.0384,1.5112,0.0328,0.5840000000000001,4.537237,0.2530668,4.3705926,-0.005277677,0.0005169206,-0.39999999999999997,0.0,0.0016,0.0,0.0016,0.0,0.0016,-2.0422306,0.0,-1.4657099,0.007891015,0.0544,-0.3532349,0.0488,0.2968,0.056799999999999996,1.4928,0.0512,0.5656,4.9635806,0.4393512,4.666575
0.0057911873,0.0075180894,0.0576,0.052000000000000005,0.2032,0.06,1.404,0.0544,0.4584,4.293317,0.4512123,3.9712334,-0.005163579,0.0006347294,-0.0096,0.372,0.0008,0.3832,0.0016,0.3832,0.0008,-2.0123143,0.0,-2.0019946,0.008037991,0.0576,-0.36163527,0.052000000000000005,0.2064,0.06,1.4256,0.0544,0.508,4.727588,0.47695464,4.3941326
0.006336166,0.0076388014,0.044,0.0384,0.1896,0.0464,1.5095999999999998,0.041600000000000005,0.40559999999999996,4.2145433,0.3258279,3.9903164,-0.0049778214,0.0005649256,-0.0056,0.3816,0.0008,0.3944,0.0008,0.3816,0.0008,-1.9874423,0.0,-1.9814128,0.008135021,0.044,-0.3510791,0.0384,0.204,0.0464,1.4984,0.041600000000000005,0.504,4.6409698,0.34551337,4.4065733
0.006826114,0.007259802,0.0496,0.0432,0.156,0.0512,1.48,0.0464,0.4016,4.05966,0.36478835,3.80581,-0.004816878,0.0006358891,-0.1288,0.12,0.0008,0.26880000000000004,0.0048,0.2616,0.0008,-1.9884858,0.0,-1.8336879,0.007754995,0.0496,-0.35929418,0.0432,0.2016,0.0512,1.48,0.0464,0.4856,4.49961,0.38866633,4.2333484
0.0074645113,0.0070651984,0.0248,0.02,0.1672,0.0272,1.3464,0.024,0.41759999999999997,3.874543,0.15933087,3.76659,-0.004639237,0.0005742018,-0.252,0.1472,0.0016,0.148,0.0024,0.1472,0.0016,-1.9540477,0.0,-1.642133,0.0076388866,0.0376,-0.3900264,0.033600000000000005,0.2288,0.04,1.3896,0.0368,0.42160000000000003,4.326515,0.28688392,4.128132
