ch0_ped,ch0_peak_max,ch0_peak_max_t,ch0_half_max_left,ch0_half_max_right,ch0_ninth_max_left,ch0_ninth_max_right,ch0_e_max_left,ch0_e_max_right,ch0_integ,ch0_integ_left,ch0_integ_right,ch1_ped,ch1_peak_max,ch1_peak_max_t,ch1_half_max_left,ch1_half_max_right,ch1_ninth_max_left,ch1_ninth_max_right,ch1_e_max_left,ch1_e_max_right,ch1_integ,ch1_integ_left,ch1_integ_right,proj_max,proj_max_t,proj_theta,proj_half_max_left,proj_half_max_right,proj_ninth_max_left,proj_ninth_max_right,proj_e_max_left,proj_e_max_right,proj_integ,proj_integ_left,proj_integ_right
-0.06771949,0.0031429492,0.008,0.0064,0.0056,0.372,0.0408,0.0072,0.008799999999999999,0.23154882,0.022442646,0.20802775,0.057554036,0.0022712946,0.0008,0.0024,0.0032,0.396,0.0184,0.004,0.0032,0.06748446,0.0021553412,0.06528135,0.0031703655,0.008799999999999999,0.13160749,0.0072,0.0048,0.3728,0.04,0.0096,0.008,0.23840229,0.027106117,0.21033809
-0.06754841,0.0031937659,0.0072,0.0048,0.0072,0.40480000000000005,0.0728,0.008,0.0216,0.28386372,0.018647566,0.26577914,0.05736712,0.0021103509,-0.0008,0.0016,0.0064,0.3976,0.0216,0.0016,0.0064,0.038959406,0.0,0.041046567,0.0032039373,0.0072,0.07970411,0.0064,0.0072,0.40480000000000005,0.0728,0.008,0.0216,0.28606454,0.019491274,0.26713258
-0.06723842,0.002883777,0.0112,0.0064,0.0048,0.3912,0.0872,0.008799999999999999,0.0072,0.18340138,0.025394812,0.15644088,0.057301722,0.0017119348,0.0024,0.0024,0.0048,0.4016,0.0224,0.1312,0.0056,-0.061456524,0.0039762706,-0.065630846,0.0028927396,0.0064,0.49104893,0.004,0.012,0.3792,0.0664,0.0064,0.0288,0.13275051,0.013936475,0.117211044
-0.06704515,0.0028014556,0.0064,0.0056,0.008,0.4032,0.0848,0.0072,0.010400000000000001,0.2833156,0.01642042,0.26711714,0.057079095,0.0019345619,-0.0008,0.0024,0.0048,0.39280000000000004,0.020800000000000003,0.0024,0.0048,0.08139376,0.0,0.083133064,0.002833836,0.0064,0.15131517,0.0072,0.0096,0.4032,0.06319999999999999,0.0072,0.010400000000000001,0.2923475,0.017744202,0.2748135
-0.06680639,0.0028955415,0.010400000000000001,0.0064,0.0072,0.404,0.12,0.0072,0.008799999999999999,0.2927458,0.021443542,0.27310795,0.0568342,0.0015996918,0.0016,0.0016,0.0056,0.3968,0.0224,0.0024,0.0064,0.082325526,0.00273557,0.07942669,0.002913635,0.010400000000000001,0.11150242,0.0064,0.0072,0.3248,0.12,0.008,0.008799999999999999,0.30008835,0.022901852,0.27889514
-0.06653833,0.0030712709,0.008,0.0032,0.0064,0.3904,0.0808,0.0048,0.0136,0.21162638,0.014514223,0.19775784,0.0568124,0.0013895817,0.0008,0.0016,0.0056,0.38,0.0112,0.0024,0.0064,-0.026094094,0.0012736283,-0.027021721,0.0030906992,0.008,0.112184346,0.0032,0.0072,0.3904,0.0808,0.0048,0.0136,0.20737487,0.015589185,0.19245116
-0.066425614,0.0024038143,0.008799999999999999,0.0072,0.0064,0.3688,0.0552,0.008,0.0232,0.19522004,0.018675566,0.17735735,0.05666259,0.0011915341,0.0,0.0032,0.0056,0.39999999999999997,0.008,0.004,0.0064,0.0011559203,0.0,0.0011559203,0.0024182578,0.008799999999999999,0.10934884,0.0072,0.0096,0.3688,0.0552,0.008,0.0232,0.19418022,0.019475574,0.175627
-0.06620238,0.0022915266,0.008,0.004,0.010400000000000001,0.40559999999999996,0.0864,0.0056,0.0432,0.12908736,0.011487592,0.11888011,0.05656032,0.0012938045,0.0032,0.004,0.0048,0.3992,0.0064,0.2776,0.0056,0.00712689,0.004247591,0.0023728013,0.0023682902,0.008,0.25530276,0.004,0.010400000000000001,0.40559999999999996,0.10400000000000001,0.0064,0.031200000000000002,0.12670305,0.013533398,0.11433764
-0.06634351,0.002099812,0.0072,0.0064,0.0144,0.3728,0.09119999999999999,0.0064,0.035199999999999995,0.2369322,0.012241401,0.2246169,0.056541298,0.0011968724,0.0008,0.0024,0.0072,0.3992,0.0296,0.035199999999999995,0.008799999999999999,-0.008984407,0.0008490123,-0.010027988,0.0022240921,0.0072,0.33587897,0.0064,0.0144,0.40480000000000005,0.09119999999999999,0.0064,0.031200000000000002,0.22073139,0.01399943,0.20627615
-0.06629114,0.0022693388,0.0072,0.0048,0.008799999999999999,0.404,0.1016,0.0064,0.0152,0.16603318,0.012213863,0.15471643,0.056619454,0.0010027625,0.0016,0.35600000000000004,0.0048,0.4008,0.020800000000000003,0.35600000000000004,0.0072,-0.018439606,0.0015417114,-0.020874627,0.0023324587,0.0072,0.23317185,0.0056,0.008799999999999999,0.404,0.0768,0.0064,0.0152,0.1572793,0.013406016,0.14444691
-0.066410966,0.00227822,0.0072,0.0056,0.012,0.3944,0.0896,0.0064,0.0128,0.18445477,0.012737572,0.17191759,0.056558695,0.0012954287,0.0016,0.0032,0.004,0.39359999999999995,0.0056,0.1312,0.004,0.016694153,0.0020110905,0.014606992,0.0022822693,0.0072,0.05957899,0.0056,0.012,0.3944,0.0896,0.0064,0.0288,0.18512152,0.013153724,0.17217162
-0.06652324,0.0022795424,0.010400000000000001,0.0064,0.008,0.40480000000000005,0.0896,0.0064,0.010400000000000001,0.20230871,0.015765503,0.1881073,0.056654006,0.0012001172,0.0048,0.0032,0.0048,0.40480000000000005,0.008,0.23920000000000002,0.0048,0.005739227,0.0046497285,0.0016808584,0.002295771,0.010400000000000001,0.11897266,0.0064,0.008,0.40480000000000005,0.0896,0.008,0.0232,0.20155981,0.016845224,0.18626142
-0.06648841,0.002244711,0.0064,0.0048,0.0096,0.4016,0.06,0.0056,0.024,0.22256467,0.011522673,0.2106932,0.056696445,0.0011576787,0.0,0.0016,0.0056,0.39840000000000003,0.0256,0.164,0.0064,0.025973633,0.0,0.025973633,0.002291753,0.0072,0.20296486,0.0064,0.008799999999999999,0.4024,0.1024,0.0072,0.0232,0.22323176,0.014977304,0.20818356
-0.06654899,0.0023052916,0.0072,0.0048,0.0112,0.3896,0.09040000000000001,0.0048,0.0304,0.22107038,0.011095103,0.20997554,0.05673703,0.001233045,0.0008,0.12240000000000001,0.0072,0.39999999999999997,0.008799999999999999,0.12240000000000001,0.0072,-0.01675938,0.0005373247,-0.01710724,0.0023960678,0.0072,0.27614203,0.0048,0.0112,0.39280000000000004,0.09040000000000001,0.0064,0.0136,0.20812564,0.012910064,0.19533296
-0.06653877,0.0027388707,0.0048,0.004,0.0072,0.4008,0.0728,0.0056,0.0272,0.19809467,0.010885797,0.18633415,0.056807302,0.0012787282,-0.0008,0.0048,0.004,0.3976,0.0056,0.0048,0.0056,-0.020994678,0.0,-0.01971919,0.002741463,0.0048,0.043492094,0.004,0.0072,0.4032,0.0728,0.0056,0.0272,0.19699453,0.0110780075,0.18503842
-0.06662976,0.0026079603,0.008799999999999999,0.0048,0.0072,0.3736,0.0752,0.0064,0.008,0.21508071,0.01748177,0.19899318,0.05677947,0.0014225133,0.0016,0.0032,0.0048,0.396,0.0064,0.0032,0.0048,0.009272695,0.002381213,0.00672172,0.0026121014,0.008799999999999999,0.05631626,0.0056,0.0072,0.3736,0.0752,0.0072,0.008,0.21526167,0.018008478,0.19857961
-0.06672517,0.0023705252,0.0072,0.0048,0.008,0.3112,0.07039999999999999,0.0064,0.008799999999999999,0.15094802,0.014012147,0.13630281,0.05682446,0.001377523,0.0016,0.004,0.0032,0.3944,0.008799999999999999,0.0056,0.0064,0.016809143,0.0022912323,0.014721982,0.0024371243,0.0072,0.23431738,0.0056,0.008,0.40559999999999996,0.0784,0.008,0.008799999999999999,0.1507258,0.015646223,0.13470396
-0.06685098,0.0029401332,0.008799999999999999,0.0056,0.0048,0.3904,0.0728,0.0064,0.020800000000000003,0.21379414,0.019249521,0.19482198,0.056900058,0.0015338324,0.0016,0.0048,0.0048,0.4016,0.020800000000000003,0.0048,0.0048,0.07166046,0.0027198046,0.068761624,0.0029638628,0.008799999999999999,0.12662552,0.0064,0.0048,0.3904,0.0728,0.008,0.020800000000000003,0.22113225,0.020596476,0.20087692
-0.06692111,0.0027883612,0.0432,0.0056,0.008799999999999999,0.29279999999999995,0.0592,0.0064,0.008799999999999999,0.18395582,0.021094557,0.15788293,0.057189018,0.0019405931,0.0368,0.0032,0.0048,0.3456,0.0072,0.1696,0.0064,-0.13752414,0.0054329857,-0.14668447,0.002841923,0.0432,0.19445589,0.0064,0.008799999999999999,0.29279999999999995,0.0592,0.008,0.008799999999999999,0.15391463,0.023604,0.124658555
-0.06715143,0.0029077306,0.0056,0.0048,0.0072,0.40559999999999996,0.0608,0.0064,0.0232,0.18838222,0.014362901,0.17451367,0.057280388,0.0015013628,-0.0032,0.0008,0.008,0.392,0.008799999999999999,0.0016,0.008799999999999999,-0.0088145435,0.0,-0.0029009208,0.0029098077,0.0056,0.03778542,0.0048,0.0072,0.40559999999999996,0.0608,0.0072,0.0232,0.18791476,0.014653295,0.17375386
-0.067398176,0.0030435324,0.008,0.004,0.0072,0.3216,0.09119999999999999,0.0072,0.0256,0.23298231,0.018341921,0.21323347,0.057407472,0.0018380918,0.0024,0.004,0.0032,0.3976,0.0048,0.004,0.004,0.018898763,0.0040068813,0.014376581,0.0030614457,0.008799999999999999,0.108231306,0.0056,0.0064,0.32239999999999996,0.09040000000000001,0.008799999999999999,0.0248,0.23366049,0.022479933,0.20974651
-0.06774479,0.003279198,0.0072,0.004,0.0072,0.3608,0.072,0.0056,0.012,0.19161479,0.016420864,0.17563823,0.057512987,0.0021963902,0.0008,0.0024,0.0032,0.3944,0.0192,0.0032,0.0032,0.048527926,0.0019644834,0.046440765,0.0033765489,0.0072,0.240712,0.0056,0.008,0.3608,0.072,0.0072,0.0128,0.19765903,0.01883547,0.17921297
-0.06814687,0.0030155852,0.0048,0.0032,0.008799999999999999,0.3584,0.06,0.0056,0.0128,0.28902847,0.011214707,0.27793363,0.05764726,0.0021780692,-0.0008,0.0016,0.0048,0.3784,0.020800000000000003,0.0024,0.0056,0.1161863,0.0,0.11838941,0.0030892652,0.0048,0.21884121,0.0056,0.0096,0.3584,0.06,0.0064,0.0248,0.3073589,0.013003994,0.2946155
-0.06833459,0.0032033026,0.0056,0.0032,0.008799999999999999,0.37679999999999997,0.07759999999999999,0.004,0.0248,0.22211727,0.01199396,0.20969105,0.057843685,0.0019816458,-0.0008,0.0008,0.0072,0.38239999999999996,0.0224,0.0016,0.0072,-5.490333e-05,0.0,0.0022641644,0.003410276,0.0056,0.35018602,0.0048,0.0096,0.37679999999999997,0.0768,0.0064,0.0248,0.20861791,0.0151895825,0.19292802
-0.0685141,0.0032718666,0.0056,0.004,0.0096,0.3784,0.056799999999999996,0.0056,0.0096,0.26954743,0.014249098,0.2555679,0.05804034,0.0020168982,0.0008,0.0032,0.004,0.3728,0.02,0.0032,0.0048,0.0031950325,0.0019009449,0.0014557317,0.0033548176,0.0056,0.22283858,0.0056,0.0096,0.3464,0.056799999999999996,0.0056,0.012,0.26358873,0.01637626,0.24744351
-0.06856802,0.0034367368,0.0064,0.0064,0.0064,0.31679999999999997,0.0544,0.0072,0.008799999999999999,0.2840249,0.02061509,0.2631666,0.058028284,0.00226086,-0.0016,0.0016,0.004,0.3944,0.0224,0.0032,0.0048,0.0016824976,0.0,0.0058568195,0.0034953656,0.0064,0.18341461,0.0072,0.0064,0.31679999999999997,0.0544,0.008799999999999999,0.010400000000000001,0.27956772,0.021749362,0.2574943
-0.0684837,0.003685262,0.0072,0.0064,0.0064,0.3784,0.07440000000000001,0.0064,0.008799999999999999,0.2635027,0.023292966,0.24053636,0.057944797,0.002228396,-0.0008,0.0024,0.0056,0.3952,0.020800000000000003,0.0024,0.0064,0.10465041,0.0,0.106969476,0.0037175757,0.0072,0.13194497,0.0064,0.0064,0.3784,0.07440000000000001,0.008,0.0112,0.27498037,0.02469171,0.25076443
-0.068331264,0.0039766207,0.0064,0.0048,0.0056,0.1056,0.0408,0.0064,0.0072,0.20176518,0.021716647,0.1786879,0.057897255,0.0026238002,-0.0016,0.0016,0.0048,0.3744,0.02,0.0024,0.0072,-0.011707231,0.0,-0.0068371855,0.004100538,0.0064,0.24646772,0.0064,0.0064,0.2256,0.0544,0.0096,0.008,0.19281158,0.02377693,0.1676875
-0.06817017,0.003704574,0.0056,0.0032,0.0072,0.3184,0.0752,0.0048,0.0096,0.25479937,0.014504328,0.23904467,0.05779684,0.0027242135,-0.0016,0.0016,0.0048,0.3968,0.0216,0.0016,0.0064,0.03032533,0.0,0.03531133,0.0038646823,0.008,0.28885248,0.0064,0.0064,0.312,0.0728,0.0112,0.008,0.25288162,0.028617397,0.2235072
-0.06806522,0.003821522,0.0056,0.0048,0.0056,0.3568,0.0544,0.0056,0.0064,0.27883008,0.02053754,0.25952506,0.057584647,0.0030523613,-0.0024,0.0016,0.0048,0.3856,0.02,0.0024,0.0056,-0.022030324,0.0,-0.012869999,0.003914747,0.0056,0.21867298,0.0056,0.0064,0.3568,0.0552,0.010400000000000001,0.0064,0.26741093,0.022268783,0.2461257
-0.06773324,0.0039333403,0.0056,0.0032,0.0064,0.29200000000000004,0.0432,0.004,0.0072,0.209909,0.015439998,0.19404338,0.05750209,0.0034827776,-0.0008,0.0016,0.0032,0.1776,0.02,0.0024,0.0048,-0.01623597,0.0,-0.012293551,0.004070498,0.0064,0.26033226,0.0048,0.0064,0.29279999999999995,0.0424,0.008799999999999999,0.008799999999999999,0.19865683,0.022221187,0.17596872
-0.067477845,0.0037888922,0.008,0.0048,0.0056,0.1272,0.0392,0.0056,0.0064,0.31215402,0.024464134,0.2887439,0.0573103,0.0029788427,0.0008,0.0032,0.0024,0.38480000000000003,0.0184,0.0032,0.0048,0.03820692,0.0028628893,0.03542404,0.0039864983,0.008,0.31617665,0.0072,0.0064,0.0576,0.0392,0.0096,0.008799999999999999,0.3085608,0.028764127,0.28079483
-0.06724441,0.003999252,0.0056,0.0056,0.0056,0.1144,0.04,0.0064,0.0056,0.27310187,0.0205612,0.253464,0.05721986,0.0031852406,-0.0032,0.0016,0.0048,0.39280000000000004,0.02,0.0024,0.0072,0.020232841,0.0,0.032639857,0.0041180803,0.0056,0.24081154,0.0064,0.0056,0.0136,0.04,0.0096,0.008,0.2700468,0.022326492,0.24879093
-0.06713524,0.0038900785,0.0072,0.0048,0.0056,0.11120000000000001,0.0384,0.0048,0.0064,0.27265808,0.02258446,0.2502465,0.057144724,0.003260376,-0.0008,0.0016,0.0048,0.28080000000000005,0.0192,0.0016,0.0048,0.0125769,0.0,0.015823595,0.0040318943,0.008,0.35597154,0.008799999999999999,0.0056,0.07919999999999999,0.0408,0.0096,0.0112,0.25994778,0.030681504,0.22964999
-0.066969484,0.004057169,0.0024,0.004,0.0048,0.012,0.0392,0.0048,0.0064,0.1597729,0.010951072,0.14845616,0.05701091,0.0030463263,-0.0056,0.0016,0.004,0.36479999999999996,0.0192,0.0016,0.0056,0.02075439,0.0,0.036408097,0.0041218353,0.0024,0.17736903,0.004,0.0064,0.012,0.0392,0.0056,0.0072,0.16092816,0.011348346,0.14925703
-0.067059346,0.0037032366,0.0064,0.0032,0.0072,0.228,0.0256,0.004,0.008799999999999999,0.2013145,0.016201124,0.18522696,0.057019264,0.0033858363,-0.0008,0.0016,0.0048,0.3488,0.02,0.0016,0.0072,0.067943096,0.0,0.071305744,0.0038875171,0.008,0.30913562,0.0064,0.0064,0.2296,0.0424,0.010400000000000001,0.008,0.21244226,0.028238678,0.18389808
-0.06704382,0.0041315034,0.0064,0.0032,0.0056,0.3552,0.0376,0.0048,0.008,0.21629995,0.018850625,0.1983263,0.056972876,0.003200315,-0.0016,0.0016,0.004,0.316,0.02,0.0016,0.0056,0.064471945,0.0,0.070617475,0.004310455,0.0064,0.2891583,0.0048,0.0072,0.0992,0.0408,0.0072,0.008799999999999999,0.22570398,0.021632286,0.20520324
-0.0670254,0.0041130856,0.0072,0.004,0.0056,0.0112,0.04,0.0048,0.0064,0.27526844,0.021041196,0.2552977,0.057053816,0.0032353308,-0.0008,0.0016,0.004,0.3696,0.0192,0.0024,0.0048,0.058379494,0.0,0.06174214,0.0042406297,0.0072,0.24588077,0.004,0.0064,0.0112,0.0424,0.008,0.0072,0.28119946,0.024391297,0.25768045
-0.067061126,0.003926914,0.0024,0.004,0.0064,0.035199999999999995,0.0392,0.004,0.0072,0.21596667,0.010005567,0.20620322,0.05707376,0.0028675236,-0.004,0.0024,0.0032,0.004,0.0184,0.0032,0.016800000000000002,-0.0040049553,0.0,0.0064308494,0.0040857727,0.0024,0.27976987,0.004,0.0072,0.035199999999999995,0.04,0.008,0.008799999999999999,0.20646378,0.010615202,0.19602333
-0.06697259,0.004060276,0.008,0.0048,0.0048,0.2504,0.0248,0.0056,0.0064,0.19094986,0.023516696,0.16742879,0.056975663,0.0029656217,-0.0008,0.0016,0.0048,0.38480000000000003,0.0192,0.0016,0.0056,0.067366235,0.0,0.07026507,0.004154219,0.008,0.21307087,0.0048,0.0056,0.2504,0.0248,0.0064,0.0072,0.20087717,0.026779568,0.17389126
-0.06692288,0.003899619,0.008,0.0056,0.004,0.32,0.053599999999999995,0.0064,0.0056,0.21512982,0.026015203,0.1882803,0.057031784,0.003141407,-0.0016,0.0016,0.0048,0.332,0.02,0.0016,0.0056,0.025275081,0.0,0.031188704,0.004010913,0.008,0.23612295,0.0064,0.0048,0.32,0.053599999999999995,0.010400000000000001,0.008,0.2150732,0.028844612,0.18530671
-0.06692222,0.0038989559,0.0064,0.004,0.0048,0.1616,0.0392,0.0056,0.0072,0.21518858,0.019874893,0.19521785,0.05696314,0.0032100528,-0.0016,0.0016,0.004,0.3376,0.0192,0.0024,0.0056,0.024581261,0.0,0.031306557,0.0040268824,0.0064,0.25273615,0.0056,0.0056,0.041600000000000005,0.0408,0.008799999999999999,0.008,0.21449907,0.022504587,0.19165444
-0.06693087,0.003685709,0.0072,0.0048,0.0048,0.33840000000000003,0.0408,0.0056,0.0056,0.20026113,0.022187471,0.17906997,0.05694644,0.0028788894,-0.0016,0.0016,0.0048,0.37520000000000003,0.02,0.0016,0.0064,0.047307454,0.0,0.05333703,0.0038578638,0.0072,0.29986757,0.0056,0.0056,0.3336,0.0408,0.0096,0.0112,0.20529893,0.025460083,0.18060066
-0.06701097,0.00365486,0.0064,0.0032,0.0072,0.26,0.044,0.004,0.008,0.2450244,0.015814114,0.22982448,0.05695363,0.0028716996,-0.0008,0.0016,0.0048,0.3696,0.020800000000000003,0.0016,0.0056,0.035421357,0.0,0.03832019,0.0037935686,0.0064,0.2712533,0.004,0.0072,0.010400000000000001,0.044,0.0072,0.0096,0.24555606,0.019154482,0.22671765
-0.06705757,0.0039233603,0.0064,0.004,0.0056,0.3184,0.0392,0.0048,0.0072,0.2698832,0.019071605,0.2513548,0.057054512,0.0028867722,-0.0016,0.0016,0.004,0.39280000000000004,0.02,0.0016,0.0056,0.017504789,0.0,0.022954598,0.0039824797,0.0064,0.1725209,0.004,0.0056,0.3184,0.041600000000000005,0.008,0.008799999999999999,0.2688818,0.020662928,0.24863791
-0.067042924,0.0036868155,0.008,0.0064,0.0048,0.24559999999999998,0.056,0.008799999999999999,0.0064,0.28086376,0.026328057,0.25423613,0.057235166,0.002706118,-0.0008,0.0024,0.004,0.3904,0.0192,0.0024,0.004,0.027072378,0.0,0.029507399,0.0037593488,0.008,0.1967558,0.008799999999999999,0.0048,0.24559999999999998,0.056,0.010400000000000001,0.0072,0.2807371,0.028503465,0.25165376
-0.067262374,0.003684368,0.0064,0.004,0.0056,0.14,0.041600000000000005,0.0056,0.008799999999999999,0.2449636,0.01915674,0.22599143,0.057269026,0.0025563054,0.0,0.0024,0.0032,0.39999999999999997,0.0072,0.0032,0.0048,0.03947842,0.0,0.03947842,0.003714117,0.0064,0.1266522,0.0056,0.0072,0.0112,0.041600000000000005,0.0072,0.008799999999999999,0.2479882,0.020487985,0.22767404
-0.067304984,0.0036160313,0.0056,0.004,0.0056,0.33999999999999997,0.0728,0.0056,0.008,0.19626437,0.016880121,0.17884547,0.057354826,0.0025864579,-0.0008,0.0024,0.0032,0.3952,0.0064,0.0032,0.0048,0.024642162,0.0,0.027425043,0.0036192008,0.0056,0.04185482,0.004,0.0056,0.3728,0.0728,0.0064,0.008,0.19712357,0.017234765,0.17932206
-0.06765425,0.0034105554,0.0056,0.0048,0.008,0.36160000000000003,0.0592,0.0064,0.0096,0.22611292,0.015663706,0.21080202,0.057458032,0.0022513457,-0.0008,0.0024,0.004,0.3976,0.0192,0.0032,0.0056,0.027358405,0.0,0.029677473,0.003448779,0.0056,0.1490223,0.0064,0.008,0.36160000000000003,0.0592,0.0072,0.0096,0.22766876,0.016900273,0.21115033
-0.06780426,0.0033386685,0.0048,0.0056,0.0064,0.384,0.0592,0.0072,0.0096,0.20715025,0.01648166,0.19072989,0.057592534,0.002116844,-0.0024,0.0024,0.004,0.38480000000000003,0.0192,0.0032,0.0064,0.025508553,0.0,0.03188599,0.003401479,0.0024,0.32101354,0.0048,0.008799999999999999,0.3816,0.062400000000000004,0.0064,0.0128,0.20461689,0.007796423,0.19638336
-0.06788591,0.0035312697,0.008799999999999999,0.0064,0.0048,0.408,0.056,0.0072,0.008,0.22078796,0.02553013,0.19416033,0.05757305,0.0021363273,0.0,0.0024,0.0056,0.3912,0.02,0.0024,0.0072,0.037107766,0.0,0.037107766,0.0035683347,0.008799999999999999,0.14425874,0.0064,0.0048,0.408,0.056,0.0096,0.008,0.22382914,0.027443027,0.19527775
-0.06799486,0.0034183227,0.0064,0.0048,0.0072,0.3888,0.06,0.0056,0.0096,0.2723216,0.016473617,0.2565669,0.057598792,0.0021105856,-0.0008,0.0008,0.0048,0.39280000000000004,0.02,0.0024,0.0064,0.017801397,0.0,0.01965665,0.0034711338,0.0064,0.17466033,0.0048,0.008,0.3888,0.06,0.008,0.010400000000000001,0.27127182,0.018109314,0.2538426
-0.06785684,0.0033912472,0.0064,0.0056,0.0064,0.39359999999999995,0.0976,0.0064,0.0072,0.18755426,0.01736651,0.16891491,0.057516236,0.0021931417,0.0,0.0024,0.0048,0.37679999999999997,0.0056,0.0032,0.0048,-0.0033054352,0.0,-0.0033054352,0.0034387824,0.008,0.16646427,0.008,0.0048,0.3952,0.04,0.008799999999999999,0.008,0.18441392,0.025295656,0.15752098
-0.06773036,0.0030428693,0.0064,0.0048,0.0064,0.39359999999999995,0.0728,0.008,0.0112,0.24502571,0.017020356,0.22660826,0.05740979,0.0020676814,0.0,0.0024,0.0032,0.38480000000000003,0.0056,0.0032,0.0048,0.036758006,0.0,0.036758006,0.0030940226,0.0072,0.18209165,0.0072,0.0072,0.3944,0.072,0.0096,0.010400000000000001,0.24763115,0.021400586,0.22506851
-0.06748738,0.0031327344,0.0056,0.004,0.0072,0.3144,0.056799999999999996,0.008,0.0072,0.29367512,0.015050348,0.27902997,0.05727111,0.0020904057,-0.0024,0.0016,0.0056,0.3896,0.0096,0.0024,0.0064,0.029101841,0.0,0.03420379,0.0032097627,0.0056,0.21952108,0.008,0.0072,0.3144,0.056799999999999996,0.008,0.010400000000000001,0.2929648,0.016360631,0.2771055
-0.06710262,0.002858922,0.008,0.008,0.0048,0.3784,0.0576,0.010400000000000001,0.0072,0.19793451,0.023596544,0.17396966,0.05712269,0.0016590618,-0.0024,0.0016,0.0056,0.39280000000000004,0.02,0.0024,0.008,0.06110833,0.0,0.06505074,0.002902234,0.008,0.17297977,0.010400000000000001,0.0048,0.3864,0.0576,0.010400000000000001,0.0072,0.20549846,0.024543244,0.1806339
-0.06687495,0.0024093576,0.0072,0.0056,0.008799999999999999,0.4064,0.06,0.0072,0.028,0.23854008,0.015027314,0.22367299,0.056969862,0.0013480745,0.0008,0.0024,0.0048,0.4008,0.008,0.004,0.0064,0.01258152,0.0011161678,0.011306033,0.0024457679,0.0072,0.17276634,0.0072,0.0128,0.4064,0.06,0.008,0.028,0.23715182,0.01643084,0.22073196
-0.06660801,0.002586212,0.0064,0.0048,0.008799999999999999,0.31679999999999997,0.10400000000000001,0.0064,0.0144,0.26922068,0.014143735,0.25557402,0.056818664,0.0013833195,0.0,0.0032,0.0056,0.39840000000000003,0.0232,0.0032,0.0072,0.05791322,0.0,0.05791322,0.0026760579,0.0064,0.25985956,0.0064,0.008799999999999999,0.372,0.10400000000000001,0.008,0.0144,0.27506238,0.015678147,0.25996712
-0.06647376,0.00245196,0.0096,0.008,0.0056,0.39359999999999995,0.1032,0.008,0.0064,0.25273937,0.019660052,0.23443289,0.056634292,0.0013357848,0.0008,0.0024,0.0048,0.4008,0.008,0.27599999999999997,0.0056,-0.0035923216,0.00087197125,-0.0044039954,0.0024693098,0.0096,0.118612334,0.008,0.0056,0.39359999999999995,0.1032,0.008,0.0224,0.2505385,0.020499425,0.23122175
-0.0662827,0.0024827942,0.0064,0.0056,0.0072,0.404,0.0608,0.0056,0.0272,0.1960884,0.011985023,0.18477163,0.056628264,0.0011099055,0.0,0.0024,0.0056,0.3688,0.0112,0.31039999999999995,0.0056,0.04023549,0.0,0.04023549,0.0025006419,0.0064,0.11954667,0.0056,0.0072,0.404,0.0608,0.0056,0.0272,0.19948745,0.0126956925,0.18746322
-0.066239886,0.0019961894,0.010400000000000001,0.008,0.0072,0.38480000000000003,0.08,0.008799999999999999,0.0472,0.1807409,0.018295024,0.16032638,0.056574225,0.0011639446,0.0024,0.2768,0.0016,0.3968,0.008,0.3312,0.0016,0.007832497,0.0029120669,0.004701756,0.001996194,0.010400000000000001,0.0022095782,0.008,0.008,0.38480000000000003,0.08,0.008799999999999999,0.0472,0.18075778,0.018314578,0.16032076
-0.06626984,0.002137091,0.008799999999999999,0.0056,0.0072,0.4088,0.0808,0.008,0.032,0.21951137,0.0151868425,0.20353478,0.056548256,0.001305867,0.0024,0.0032,0.0032,0.4008,0.0272,0.3952,0.0056,-0.002145199,0.0026421137,-0.00458022,0.002170305,0.010400000000000001,0.17517415,0.008799999999999999,0.0224,0.41040000000000004,0.07919999999999999,0.0096,0.0304,0.21577816,0.020678813,0.19461763
-0.06622368,0.0019799843,0.008,0.0056,0.008799999999999999,0.39840000000000003,0.0768,0.0072,0.0272,0.16192687,0.0132538825,0.14883494,0.05663383,0.00110434,0.0008,0.0016,0.0048,0.3944,0.02,0.3944,0.0072,0.04939603,0.0007564798,0.048468404,0.0020014972,0.008,0.14674981,0.0056,0.008799999999999999,0.39840000000000003,0.09119999999999999,0.0072,0.0272,0.16740926,0.014183666,0.15357637
-0.066314,0.0021812506,0.0096,0.0048,0.028,0.4024,0.10719999999999999,0.008,0.0552,0.10540353,0.014858238,0.090314545,0.056682996,0.0008232668,-0.2824,0.1096,0.0016,0.1176,0.004,0.11359999999999999,0.004,0.039653264,0.0,0.015650902,0.0021948,0.0096,0.11117286,0.0048,0.028,0.4024,0.10719999999999999,0.008,0.0552,0.10915215,0.015489486,0.09334585
-0.06650061,0.0021459684,0.0096,0.0072,0.0048,0.4088,0.07440000000000001,0.0072,0.0328,0.16315141,0.015766226,0.14695296,0.056740742,0.0011133812,0.004,0.0056,0.0024,0.3976,0.0048,0.3776,0.0024,0.021969197,0.004059512,0.017794875,0.0021862343,0.0096,0.1922228,0.0072,0.008,0.4008,0.07440000000000001,0.008799999999999999,0.032,0.16434352,0.016987124,0.1469149
-0.06648041,0.0020148195,0.008799999999999999,0.0064,0.0248,0.40559999999999996,0.1048,0.0072,0.0256,0.16286674,0.013841886,0.14799964,0.056774598,0.0009635724,0.0024,0.2664,0.0024,0.39999999999999997,0.008,0.3696,0.0056,-0.0009858832,0.0023109503,-0.0037687644,0.0020325456,0.008799999999999999,0.13216603,0.0064,0.0248,0.40559999999999996,0.1048,0.0072,0.0256,0.16131641,0.014705385,0.14555518
-0.06660934,0.0021437444,0.008799999999999999,0.004,0.008,0.4072,0.09119999999999999,0.0064,0.008799999999999999,0.1973196,0.012153495,0.18566999,0.056695983,0.0010421872,0.0016,0.0024,0.0056,0.3976,0.008799999999999999,0.3952,0.008,0.0071868356,0.0012727007,0.006723022,0.002193051,0.008799999999999999,0.21245165,0.0064,0.008,0.4064,0.09119999999999999,0.0072,0.032,0.19439863,0.013515138,0.1816907
-0.06670055,0.0022349544,0.0064,0.0056,0.0096,0.404,0.0608,0.0072,0.0248,0.17098221,0.013663594,0.15600419,0.056844402,0.0013575815,-0.0016,0.0008,0.0056,0.3976,0.024,0.0008,0.0064,-0.04765781,0.0,-0.044758976,0.0023308974,0.0064,0.2879125,0.0072,0.0096,0.404,0.0608,0.008,0.0248,0.15041189,0.014966849,0.134009
-0.066762894,0.0025191978,0.0072,0.004,0.008799999999999999,0.4008,0.09119999999999999,0.0056,0.0096,0.17702068,0.013353109,0.16137697,0.05680289,0.0015150458,0.0,0.0016,0.0048,0.3832,0.010400000000000001,0.0024,0.0064,0.019304767,0.0,0.019304767,0.0025867776,0.0072,0.22908355,0.0056,0.008799999999999999,0.4008,0.09119999999999999,0.0072,0.0256,0.17677984,0.0151264,0.15922767
-0.06687939,0.0025247484,0.008,0.0048,0.0072,0.40480000000000005,0.0736,0.0072,0.0272,0.19571722,0.015705898,0.18018442,0.056867365,0.0015665255,0.0008,0.0016,0.0056,0.39840000000000003,0.020800000000000003,0.0024,0.0064,0.040056027,0.0012186654,0.039012447,0.0025308118,0.008,0.06923663,0.0056,0.0072,0.40480000000000005,0.0736,0.0072,0.0272,0.19801944,0.016455205,0.18172169
-0.0668896,0.002756849,0.0064,0.0056,0.0072,0.4032,0.09119999999999999,0.0056,0.024,0.1929436,0.01328988,0.17929694,0.057032246,0.0015175976,0.0016,0.004,0.0024,0.4008,0.020800000000000003,0.0048,0.0048,0.04626499,0.0024554282,0.043945923,0.0027973037,0.0064,0.17027666,0.0056,0.010400000000000001,0.4032,0.088,0.0056,0.024,0.19799307,0.014506584,0.18310939
-0.06713945,0.0032285936,0.0056,0.0024,0.0072,0.33599999999999997,0.0576,0.0048,0.008799999999999999,0.18350288,0.012725759,0.17029999,0.057096023,0.001569774,0.0,0.0032,0.004,0.39840000000000003,0.0216,0.1424,0.0048,0.0562917,0.0,0.0562917,0.0032545528,0.0056,0.12638737,0.0048,0.008,0.33599999999999997,0.0576,0.0056,0.008799999999999999,0.18913484,0.013512413,0.17511648
-0.0673973,0.0030426532,0.0032,0.0032,0.008,0.38480000000000003,0.108,0.0048,0.0112,0.24497521,0.008620255,0.23687597,0.057300333,0.0017133243,-0.0024,0.0016,0.0048,0.3976,0.020800000000000003,0.0024,0.0064,0.055422105,0.0,0.060292147,0.0031424605,0.0032,0.25270724,0.0048,0.008,0.38480000000000003,0.08320000000000001,0.0048,0.0112,0.25105155,0.009480144,0.24202088
-0.06775743,0.0028480403,0.008799999999999999,0.0056,0.0064,0.2984,0.1016,0.008,0.024,0.28873518,0.020455495,0.27031773,0.057463128,0.0018983893,0.0016,0.0024,0.004,0.384,0.0192,0.004,0.0048,0.053687014,0.003332965,0.050208412,0.002892807,0.008799999999999999,0.17615418,0.0072,0.008,0.2984,0.1016,0.008799999999999999,0.024,0.2936753,0.022396356,0.27320606
-0.06805855,0.003149163,0.008799999999999999,0.0048,0.008,0.3896,0.0736,0.0072,0.008,0.2910203,0.019995589,0.27049482,0.057614796,0.0019786283,0.0016,0.0016,0.0056,0.39840000000000003,0.010400000000000001,0.0024,0.0056,0.040235527,0.0029136762,0.03722074,0.0032539428,0.008799999999999999,0.25446087,0.0072,0.008,0.3896,0.0736,0.008,0.0096,0.2917774,0.0229916,0.26823518
-0.06818481,0.0032754205,0.008,0.0056,0.0056,0.3688,0.09040000000000001,0.008,0.008,0.25590283,0.021992203,0.2331584,0.057867806,0.0021894313,0.0,0.0024,0.004,0.3952,0.020800000000000003,0.0024,0.0048,0.001564756,0.0,0.001564756,0.0033239783,0.008,0.1711373,0.008,0.0064,0.3688,0.07600000000000001,0.0096,0.008,0.252431,0.023760585,0.22776768
-0.068378076,0.0033577383,0.0072,0.0056,0.0056,0.3184,0.0392,0.008,0.0072,0.29190043,0.02123284,0.27104214,0.057932507,0.0022406839,-0.0008,0.0032,0.004,0.39840000000000003,0.020800000000000003,0.0032,0.0048,0.012987599,0.0,0.015538573,0.0034140167,0.0072,0.1818243,0.008,0.0072,0.3976,0.0728,0.0096,0.0072,0.28943706,0.022663273,0.2671194
-0.06846617,0.0036677346,0.0072,0.0048,0.0048,0.36479999999999996,0.041600000000000005,0.0072,0.0064,0.25057545,0.021803793,0.22838578,0.05797773,0.0021954644,-0.0016,0.0016,0.0056,0.3912,0.020800000000000003,0.0016,0.0056,0.054441586,0.0,0.05896377,0.0036959925,0.0072,0.12373616,0.0064,0.0056,0.36479999999999996,0.041600000000000005,0.0096,0.0064,0.2553789,0.023031073,0.23187052
-0.068469286,0.003670849,0.0096,0.0056,0.0048,0.3696,0.056,0.008799999999999999,0.0056,0.20975617,0.029626865,0.17935629,0.05800138,0.0025196746,0.0024,0.004,0.0024,0.396,0.0192,0.004,0.0032,0.012933563,0.007443065,0.005512543,0.003778694,0.0096,0.23948728,0.0096,0.0056,0.3696,0.0712,0.010400000000000001,0.008,0.20683756,0.033202972,0.17304207
-0.06847837,0.0037908778,0.0056,0.004,0.0064,0.328,0.056799999999999996,0.0048,0.0096,0.22610158,0.016883627,0.2094593,0.057954308,0.0029146075,-0.0016,0.0016,0.0056,0.3968,0.020800000000000003,0.0016,0.0064,-0.026437998,0.0,-0.020872228,0.003936112,0.0056,0.27249587,0.0072,0.008799999999999999,0.328,0.056799999999999996,0.008799999999999999,0.0096,0.2106435,0.01962954,0.19102648
-0.0683479,0.004215155,0.008799999999999999,0.0048,0.0048,0.012,0.0384,0.0064,0.0064,0.24974397,0.02561932,0.22400394,0.05777597,0.0028610379,0.0,0.0016,0.0048,0.2736,0.02,0.0016,0.0064,0.0722973,0.0,0.0722973,0.0043334886,0.008799999999999999,0.23423068,0.0064,0.0056,0.012,0.041600000000000005,0.008799999999999999,0.008,0.2597041,0.029559778,0.2300111
-0.067997746,0.0039759465,0.0064,0.0032,0.0056,0.14,0.0408,0.0048,0.008,0.23043694,0.0188266,0.21224141,0.057703618,0.0029333904,-0.0016,0.0016,0.0048,0.3336,0.02,0.0024,0.0048,0.016636763,0.0,0.02289825,0.004090714,0.0064,0.23743522,0.004,0.0072,0.2488,0.041600000000000005,0.008,0.008799999999999999,0.22788507,0.021527149,0.20695446
-0.0677328,0.0038219541,0.0072,0.0048,0.0048,0.328,0.04,0.0056,0.0056,0.20092742,0.021527547,0.17962533,0.057516236,0.003236726,-0.0008,0.0016,0.004,0.1928,0.02,0.0024,0.0056,0.045163084,0.0,0.048409782,0.003930572,0.0064,0.23564057,0.0048,0.0064,0.3272,0.041600000000000005,0.008,0.008,0.20591885,0.020662785,0.18540789
-0.06755795,0.0037580505,0.008799999999999999,0.004,0.0056,0.3032,0.04,0.0056,0.0064,0.23044533,0.023364913,0.20836659,0.05732978,0.0030753184,0.0,0.0016,0.0056,0.272,0.02,0.0016,0.0064,0.05328165,0.0,0.05328165,0.0039884686,0.008799999999999999,0.34157297,0.0056,0.0064,0.3032,0.04,0.0096,0.008,0.23497999,0.029307159,0.20679699
-0.067246184,0.0038900748,0.0048,0.0024,0.0064,0.2288,0.0408,0.004,0.0072,0.24292152,0.013244141,0.22949675,0.057238642,0.003282413,-0.0024,0.0016,0.0048,0.3744,0.02,0.0016,0.0056,-0.003013894,0.0,0.0061464272,0.0040695574,0.0048,0.29810017,0.004,0.0072,0.010400000000000001,0.0408,0.008,0.0096,0.23132257,0.015447445,0.215527
-0.06707088,0.00371477,0.004,0.0024,0.0064,0.25680000000000003,0.0408,0.0032,0.008,0.24369054,0.010807458,0.23315044,0.05716165,0.0030115396,-0.0024,0.0016,0.004,0.2376,0.020800000000000003,0.0024,0.0064,0.014260069,0.0,0.023420386,0.0038905672,0.0056,0.30176118,0.0048,0.0064,0.25839999999999996,0.04,0.008799999999999999,0.008799999999999999,0.2369174,0.02078343,0.21616936
-0.06707155,0.003826391,0.004,0.0048,0.0048,0.3136,0.0232,0.0048,0.0056,0.13213788,0.016580127,0.115162775,0.05701555,0.0031576417,-0.004,0.0016,0.004,0.3888,0.0192,0.0024,0.0056,-0.0022041947,0.0,0.010550678,0.0040061036,0.0048,0.30066624,0.0056,0.0048,0.012,0.0368,0.010400000000000001,0.0072,0.1255573,0.021530611,0.103645906
-0.06698013,0.0039568655,0.0056,0.0032,0.0056,0.23920000000000002,0.0408,0.004,0.008,0.15022609,0.016492277,0.13347286,0.056946907,0.0031103306,-0.0016,0.0024,0.004,0.15519999999999998,0.0192,0.0024,0.0056,0.046957284,0.0,0.052870907,0.0041175704,0.0056,0.28030556,0.004,0.0072,0.23920000000000002,0.0424,0.008,0.008,0.15735361,0.018920679,0.13823889
-0.06700276,0.00431234,0.0056,0.0032,0.0056,0.27599999999999997,0.024,0.0048,0.0064,0.20081098,0.018425848,0.18106215,0.056954097,0.0031031407,-0.0016,0.0024,0.004,0.3952,0.0192,0.0024,0.0056,0.035071187,0.0,0.040868856,0.004405261,0.0056,0.20575589,0.004,0.0056,0.27599999999999997,0.0424,0.0056,0.0064,0.20374054,0.020319346,0.18194449
-0.067061566,0.0040383004,0.0056,0.0032,0.0056,0.392,0.04,0.0056,0.008,0.19787678,0.017728008,0.17968124,0.057000708,0.00305653,-0.0008,0.0032,0.004,0.3888,0.0184,0.0032,0.0048,-0.012408689,0.0,-0.009277947,0.004213186,0.0056,0.28913465,0.0056,0.008,0.392,0.0552,0.008,0.012,0.1861251,0.0202493,0.16527957
-0.06698368,0.0040713623,0.0064,0.0048,0.0048,0.3432,0.0376,0.0056,0.0056,0.16564313,0.023362175,0.14156732,0.056997232,0.0032919142,-0.0024,0.0016,0.004,0.2016,0.0192,0.0016,0.0056,0.056521967,0.0,0.066030145,0.0041396036,0.0048,0.2953039,0.004,0.0072,0.3416,0.041600000000000005,0.008799999999999999,0.008799999999999999,0.17492269,0.017416598,0.1569429
-0.067091964,0.0040687025,0.04,0.0048,0.0056,0.3504,0.0552,0.0048,0.0056,0.23310103,0.025473692,0.20702815,0.056934383,0.003122855,0.031200000000000002,0.0008,0.0048,0.3776,0.02,0.0008,0.0072,0.10203697,0.0065336786,0.09983385,0.004171362,0.04,0.22231607,0.0048,0.0056,0.3504,0.044,0.0056,0.008,0.24986233,0.030998044,0.21911328
-0.06702695,0.0038927384,0.004,0.0024,0.0072,0.20800000000000002,0.0432,0.0032,0.008799999999999999,0.24713865,0.012141097,0.23504528,0.057004884,0.0031683072,-0.0024,0.0016,0.004,0.2848,0.0192,0.0024,0.0056,0.04753705,0.0,0.05634951,0.0039842967,0.0056,0.2147945,0.0048,0.0056,0.012,0.041600000000000005,0.0096,0.008,0.25159183,0.021146368,0.23049264
-0.06697835,0.004066035,0.0064,0.004,0.0048,0.15839999999999999,0.0392,0.0056,0.0064,0.27781,0.020102061,0.25806117,0.056931138,0.002894193,-0.0016,0.0024,0.004,0.38480000000000003,0.02,0.0024,0.0048,0.1000633,0.0,0.105976924,0.0042268685,0.0064,0.27674547,0.0048,0.0064,0.15839999999999999,0.0584,0.0072,0.008,0.2945792,0.02230509,0.27285722
-0.06693486,0.004022546,0.0064,0.004,0.0056,0.2016,0.0384,0.0056,0.0072,0.31775466,0.021307416,0.29778397,0.05700581,0.0030514263,-0.0016,0.0016,0.0048,0.3704,0.0192,0.0024,0.0048,0.043594673,0.0,0.049508296,0.0040695,0.0064,0.15205476,0.0048,0.0056,0.2016,0.0384,0.008799999999999999,0.008,0.32069165,0.022809615,0.29900184
-0.06697059,0.003947325,0.0072,0.0048,0.0056,0.0128,0.0392,0.0064,0.0064,0.28153026,0.023765374,0.25845298,0.057004884,0.0029364005,-0.0008,0.0024,0.0032,0.324,0.0192,0.0032,0.004,0.039188407,0.0,0.04231915,0.004063616,0.0072,0.23981273,0.008,0.0064,0.0128,0.053599999999999995,0.008799999999999999,0.008,0.28278163,0.02583708,0.25783095
-0.06700365,0.0037584938,0.0064,0.0056,0.0048,0.3176,0.0552,0.0064,0.0072,0.24630806,0.0219687,0.22434026,0.05705567,0.0026537068,-0.0016,0.0024,0.0032,0.3352,0.0056,0.0024,0.0048,0.021622345,0.0,0.027188107,0.0038423692,0.0064,0.20932753,0.0064,0.0064,0.2112,0.0552,0.008799999999999999,0.008,0.24542454,0.023226125,0.22224961
-0.06696969,0.0038354807,0.0072,0.0056,0.004,0.0128,0.0552,0.0072,0.0056,0.28596014,0.024755865,0.26110768,0.05714356,0.0029136762,-0.0016,0.0016,0.004,0.33280000000000004,0.02,0.0024,0.0048,0.0529901,0.0,0.058323957,0.0038812973,0.0072,0.15380405,0.0064,0.0048,0.0128,0.0552,0.008799999999999999,0.008,0.29070252,0.025958499,0.26463354
-0.06721645,0.0040822364,0.0064,0.004,0.0048,0.0096,0.0424,0.0048,0.008,0.2478019,0.01867839,0.22905159,0.05715516,0.0024382658,0.0,0.0032,0.004,0.3736,0.0192,0.0032,0.0048,0.048697963,0.0,0.048697963,0.0041627814,0.0064,0.19703543,0.0048,0.0048,0.0112,0.0424,0.0064,0.008,0.2525405,0.020660104,0.23176956
-0.06740329,0.0006077774,1.4904,1.8856,0.0008,1.8856,0.0008,1.8856,0.0008,0.012925364,0.03278657,0.00216192,0.057272736,0.00058138743,0.4712,0.8616,0.0008,0.864,0.0032,0.8616,0.0016,0.013157152,0.007795725,0.006663762,0.0006510943,0.7136,0.3668415,1.1088,0.0008,1.1088,0.0024,1.1088,0.0008,0.016784433,0.0024157462,0.035112888
-0.067490496,0.0038015433,0.004,0.0048,0.0064,0.3896,0.0408,0.0056,0.008,0.27160615,0.013904076,0.25685,0.0574513,0.002489984,-0.0032,0.0016,0.0032,0.3792,0.0192,0.0024,0.0048,0.0101472065,0.0,0.019075617,0.0038541683,0.004,0.16544026,0.0048,0.0064,0.3896,0.0408,0.0072,0.008,0.26956874,0.014504231,0.25417385
-0.06765048,0.0036286823,0.0072,0.0048,0.0056,0.3944,0.0576,0.0064,0.008,0.23726593,0.021008555,0.21441056,0.05750302,0.0025542192,0.0008,0.0032,0.0032,0.3952,0.0072,0.004,0.004,0.017970316,0.0024382658,0.015651248,0.0036586171,0.0072,0.1280091,0.0056,0.0064,0.3944,0.0576,0.008799999999999999,0.008799999999999999,0.23761873,0.022601899,0.21315923
-0.0678047,0.0036719553,0.0064,0.0048,0.0064,0.3624,0.072,0.0056,0.008799999999999999,0.29157677,0.018502682,0.27327028,0.05755056,0.002506677,0.0016,0.004,0.0032,0.39999999999999997,0.016800000000000002,0.004,0.0032,0.03623139,0.004317634,0.031941116,0.0037512828,0.0064,0.20601796,0.0048,0.0072,0.3624,0.072,0.008,0.008799999999999999,0.29282248,0.02079042,0.27229393
-0.06781602,0.0037942193,0.0072,0.004,0.0064,0.396,0.056,0.0048,0.0072,0.18578821,0.018726133,0.16725983,0.057574444,0.002134934,-0.0008,0.0016,0.0056,0.38480000000000003,0.020800000000000003,0.0016,0.0056,0.014842443,0.0,0.016929604,0.0038285535,0.0072,0.13402489,0.004,0.0064,0.396,0.056,0.0056,0.008799999999999999,0.18610537,0.020196056,0.16599235
-0.067813575,0.0032370314,0.008799999999999999,0.0072,0.0056,0.3448,0.041600000000000005,0.0096,0.0064,0.28480613,0.026065793,0.25873324,0.0575167,0.0023086295,-0.0008,0.0016,0.0048,0.396,0.02,0.0016,0.0072,-0.0050470456,0.0,-0.002727978,0.0032686268,0.008799999999999999,0.13915378,0.0072,0.0056,0.37520000000000003,0.041600000000000005,0.0096,0.0064,0.28135306,0.027534906,0.25384346
-0.06774146,0.0032758676,0.0064,0.004,0.0064,0.37679999999999997,0.0592,0.0056,0.008,0.2292793,0.015555888,0.2141903,0.057384744,0.0018608198,-0.0008,0.0016,0.0048,0.3976,0.020800000000000003,0.0024,0.0064,0.04835234,0.0,0.05009164,0.0032844634,0.0064,0.07236486,0.004,0.0064,0.37679999999999997,0.0592,0.0072,0.0096,0.23217519,0.016239386,0.21635439
-0.067538425,0.002185244,0.0096,0.008,0.008799999999999999,0.40480000000000005,0.0896,0.008799999999999999,0.024,0.16021377,0.018789388,0.14168535,0.057280388,0.0015013628,0.0024,0.0024,0.0024,0.4008,0.0064,0.0664,0.0056,0.01970999,0.003808368,0.015999481,0.0021968868,0.010400000000000001,0.102998205,0.0096,0.008,0.40559999999999996,0.0888,0.010400000000000001,0.0232,0.1613912,0.021940306,0.13988654
-0.06732495,0.0023046173,0.0072,0.0056,0.008,0.40559999999999996,0.0824,0.0064,0.0136,0.21656397,0.0138627365,0.20325015,0.057178583,0.0010234006,0.0024,0.35600000000000004,0.0024,0.4008,0.004,0.4008,0.0024,0.03437517,0.0020266213,0.032288007,0.0023469282,0.0072,0.19017155,0.0056,0.008,0.40559999999999996,0.0824,0.0064,0.0136,0.21915756,0.014674404,0.20485634
-0.0670112,0.0021018125,0.0096,0.0056,0.008799999999999999,0.4032,0.072,0.0056,0.0144,0.2526357,0.012795523,0.24065325,0.056962907,0.0008912161,0.0,0.0,0.0016,0.3968,0.012,0.36,0.0016,0.044582047,0.0,0.044582047,0.0021108845,0.0096,0.0927461,0.0056,0.008799999999999999,0.4032,0.0928,0.0072,0.0304,0.25567877,0.0134839965,0.24309278
-0.0668439,0.002267357,0.008799999999999999,0.0056,0.008,0.4088,0.0928,0.008,0.0256,0.24132825,0.015954077,0.22734873,0.056770194,0.0010839291,0.0,0.0016,0.0064,0.39280000000000004,0.008799999999999999,0.3672,0.0072,0.046377406,0.0,0.046377406,0.002267716,0.008799999999999999,0.017793564,0.0056,0.008,0.4088,0.0928,0.008799999999999999,0.0256,0.24211523,0.016087363,0.22801414
-0.06662177,0.0021561794,0.0112,0.0064,0.0192,0.392,0.0872,0.008,0.0256,0.19300361,0.017649334,0.17547375,0.05673123,0.0012388453,0.004,0.0032,0.004,0.39840000000000003,0.008,0.3512,0.004,0.005101092,0.0043389723,0.0006948635,0.002165003,0.0112,0.0903142,0.0064,0.0192,0.392,0.0872,0.008,0.0256,0.1926771,0.018535106,0.17422518
-0.06637923,0.0019136332,0.0064,0.004,0.010400000000000001,0.4008,0.0696,0.0048,0.031200000000000002,0.21711878,0.009095952,0.20813195,0.056530632,0.0013234913,0.0008,0.0016,0.004,0.3944,0.0136,0.3688,0.0064,0.07971719,0.0010915846,0.078557655,0.001980896,0.0064,0.2613416,0.0056,0.010400000000000001,0.4008,0.0696,0.0064,0.031200000000000002,0.23034343,0.010743816,0.21983421
-0.06634395,0.001989305,0.0144,0.008799999999999999,0.0032,0.41119999999999995,0.09040000000000001,0.010400000000000001,0.031200000000000002,0.251905,0.02094037,0.2333766,0.05654733,0.00084298104,0.004,0.184,0.0064,0.39999999999999997,0.0112,0.38799999999999996,0.0064,0.047946624,0.0030553713,0.043888256,0.0019947481,0.0144,0.073891446,0.008799999999999999,0.0032,0.41119999999999995,0.09040000000000001,0.010400000000000001,0.031200000000000002,0.25475723,0.021669567,0.23532066
-0.06631465,0.002070956,0.0432,0.0048,0.012,0.4272,0.10719999999999999,0.0056,0.028,0.29583406,0.013975084,0.28718007,0.05653063,0.0010915883,0.0376,0.0032,0.0024,0.43119999999999997,0.0112,0.3992,0.004,0.05838641,0.0067785494,0.0511973,0.0020774363,0.0432,0.07900695,0.0056,0.012,0.4272,0.10719999999999999,0.008,0.028,0.29951936,0.014877375,0.28994974
-0.06623256,0.0018779188,0.008,0.0056,0.012,0.3976,0.0928,0.0072,0.0136,0.19477424,0.010901835,0.18489984,0.056611337,0.0010108799,0.0,0.3856,0.008,0.3856,0.0136,0.3856,0.008,0.017332848,0.0,0.017332848,0.0019267687,0.0096,0.2256595,0.008799999999999999,0.010400000000000001,0.3976,0.09119999999999999,0.008799999999999999,0.0304,0.1937143,0.016239151,0.17818674
-0.06634905,0.001994405,0.0144,0.0072,0.008,0.35600000000000004,0.072,0.010400000000000001,0.024,0.20236653,0.018702302,0.18505856,0.056630347,0.0012237765,0.004,0.0016,0.0048,0.39359999999999995,0.0096,0.272,0.0072,0.04922778,0.002988141,0.046676807,0.0019954394,0.0144,0.032200295,0.0096,0.008,0.39280000000000004,0.072,0.010400000000000001,0.024,0.20384648,0.019032218,0.1862302
-0.06636681,0.00212311,0.010400000000000001,0.0064,0.0096,0.4088,0.136,0.0096,0.0464,0.22444901,0.015728947,0.20947096,0.056742135,0.0009960346,0.0016,0.15519999999999998,0.0064,0.4008,0.008799999999999999,0.4008,0.0064,0.00016769022,0.0014123023,-0.0009918436,0.0021236422,0.010400000000000001,-0.022390706,0.0064,0.0096,0.408,0.0872,0.0072,0.0464,0.224389,0.015541541,0.20957825
-0.066523686,0.0023909397,0.0096,0.0056,0.0072,0.4096,0.09680000000000001,0.0064,0.0112,0.20497546,0.016043127,0.188777,0.056732625,0.0013534054,0.0016,0.0016,0.0032,0.4016,0.0072,0.0016,0.0064,-0.015540885,0.0018951371,-0.017512092,0.0024515437,0.0096,0.22281486,0.0064,0.0072,0.4096,0.07759999999999999,0.008799999999999999,0.028,0.19647416,0.01767237,0.17844693
-0.0665177,0.0021630563,0.010400000000000001,0.008799999999999999,0.0064,0.40480000000000005,0.1216,0.0096,0.0248,0.25729817,0.020575263,0.23854786,0.05681588,0.0011541955,0.0008,0.0016,0.0056,0.3912,0.0216,0.3416,0.0064,-0.013282269,0.00080633536,-0.01397799,0.002211111,0.010400000000000001,0.20886593,0.0096,0.0064,0.40480000000000005,0.1216,0.010400000000000001,0.024,0.24895212,0.022205448,0.22846955
-0.066542104,0.0025203042,0.0072,0.0056,0.0064,0.3776,0.09119999999999999,0.008,0.0288,0.17274538,0.0143616125,0.15865488,0.05675187,0.0013341606,0.0008,0.0024,0.0032,0.4008,0.0064,0.212,0.0056,0.01953928,0.0011022538,0.018263793,0.002520987,0.0072,0.02327605,0.0056,0.0064,0.3776,0.09119999999999999,0.008,0.0288,0.17315334,0.014542728,0.15888587
-0.06659735,0.0025755502,0.008,0.0056,0.008,0.3744,0.08399999999999999,0.0072,0.008799999999999999,0.2218323,0.01510445,0.20652139,0.056815185,0.0013867989,0.0016,0.0024,0.0048,0.4016,0.016,0.0344,0.0064,0.027824342,0.0019619241,0.025969088,0.0025983183,0.008,0.13247971,0.0064,0.008,0.3856,0.08399999999999999,0.0072,0.0384,0.22356384,0.01628319,0.20720774
-0.06676689,0.0025231913,0.008,0.0056,0.0096,0.396,0.11120000000000001,0.0072,0.033600000000000005,0.24824886,0.01646699,0.23171753,0.056861795,0.0014561415,0.0016,0.0032,0.0048,0.392,0.0072,0.0032,0.0056,0.012579508,0.002332516,0.010144487,0.0025665034,0.012,0.3484766,0.0112,0.0056,0.37520000000000003,0.10719999999999999,0.012,0.0256,0.2376231,0.030654268,0.20741415
-0.06674581,0.002613064,0.0072,0.0056,0.008,0.396,0.0728,0.0064,0.024,0.20869884,0.015085474,0.19216752,0.056944586,0.001489304,0.0008,0.0032,0.0048,0.39280000000000004,0.024,0.004,0.0064,0.05867081,0.0011414438,0.057511277,0.002650806,0.0072,0.16894901,0.0056,0.008,0.396,0.0784,0.0072,0.0288,0.21559271,0.016461575,0.19781497
-0.066986576,0.0028538294,0.010400000000000001,0.0072,0.0064,0.3856,0.07440000000000001,0.008799999999999999,0.024,0.1824688,0.022787407,0.15928057,0.05704593,0.001619868,0.0032,0.0024,0.0024,0.39840000000000003,0.0192,0.0032,0.0032,0.032639854,0.004740171,0.028929345,0.0028745332,0.010400000000000001,0.12009252,0.008,0.0072,0.3856,0.07440000000000001,0.008799999999999999,0.024,0.18506497,0.024132054,0.16069625
-0.06731253,0.002735991,0.0072,0.0056,0.008799999999999999,0.2208,0.053599999999999995,0.008,0.010400000000000001,0.22566931,0.016524661,0.20858327,0.057185072,0.001596678,0.0,0.0024,0.0056,0.3952,0.0216,0.0032,0.0072,0.012232989,0.0,0.012232989,0.0027706933,0.008,0.15843631,0.0072,0.008,0.3256,0.0736,0.008799999999999999,0.024,0.22477292,0.020733608,0.20355153
-0.067583025,0.0027845874,0.008799999999999999,0.0072,0.0064,0.40480000000000005,0.088,0.0072,0.0232,0.1946606,0.020866975,0.17191622,0.057306822,0.0017068349,0.0024,0.0048,0.0032,0.3976,0.0192,0.0048,0.0056,0.011828549,0.004308831,0.0077701807,0.0028624837,0.0072,0.23383096,0.0056,0.0144,0.4016,0.0592,0.008,0.0264,0.19210385,0.017635291,0.17287576
-0.06783577,0.0032592304,0.008,0.0064,0.0056,0.3896,0.0552,0.008,0.0064,0.24098854,0.022495974,0.21846598,0.057549395,0.0018121228,0.0,0.0032,0.0056,0.3912,0.02,0.0032,0.0064,0.07166325,0.0,0.07166325,0.0033031139,0.008,0.16318685,0.0072,0.0056,0.372,0.0552,0.008,0.0064,0.24942952,0.024161557,0.22524707
-0.06844664,0.003426306,0.0024,0.0024,0.008,0.3656,0.0584,0.0048,0.010400000000000001,0.17623864,0.008059952,0.16747372,0.05789146,0.0022817329,-0.0024,0.0024,0.0032,0.3864,0.0192,0.0032,0.004,-0.040639,0.0,-0.03484133,0.0034689773,0.0024,0.15701088,0.004,0.008,0.3656,0.0584,0.0072,0.010400000000000001,0.16771618,0.008450968,0.15860577
-0.06844243,0.0035330392,0.0056,0.0048,0.0072,0.352,0.0592,0.008799999999999999,0.008799999999999999,0.22621976,0.016632035,0.2086899,0.057940625,0.0023485199,-0.0008,0.0024,0.004,0.396,0.0216,0.0032,0.0056,0.08331249,0.0,0.08574751,0.0035851798,0.0056,0.17075565,0.0056,0.0072,0.352,0.07919999999999999,0.0096,0.0112,0.2370868,0.0181591,0.21817648
-0.0684726,0.003785111,0.0072,0.0048,0.0064,0.3448,0.0608,0.0064,0.008799999999999999,0.23808742,0.022305463,0.21545392,0.057976104,0.0025449507,0.0,0.0024,0.0032,0.38480000000000003,0.020800000000000003,0.0032,0.004,0.051369928,0.0,0.051369928,0.003847433,0.0072,0.18023473,0.0064,0.0072,0.3448,0.0608,0.008,0.0096,0.2434394,0.024470303,0.21844958
-0.068469055,0.0038925149,0.0072,0.004,0.0064,0.33280000000000004,0.0576,0.008,0.0096,0.27548176,0.019610781,0.25595483,0.057971466,0.0028974488,0.0,0.0016,0.0048,0.3664,0.02,0.0024,0.0048,0.05136975,0.0,0.05136975,0.0040011983,0.0072,0.23360905,0.008,0.0064,0.33280000000000004,0.0576,0.008799999999999999,0.010400000000000001,0.27989054,0.023155198,0.2564919
-0.06830729,0.0037307478,0.0072,0.0048,0.0064,0.1792,0.0376,0.0064,0.008,0.20530167,0.022038076,0.18355577,0.05782328,0.00292968,0.0008,0.0032,0.0032,0.308,0.017599999999999998,0.004,0.004,0.017680496,0.0026977733,0.0151295215,0.0038519013,0.0072,0.25147212,0.0064,0.0072,0.1792,0.0392,0.008799999999999999,0.008799999999999999,0.20324379,0.025164837,0.17834446
-0.06817349,0.003929794,0.0432,0.0032,0.0064,0.35359999999999997,0.0392,0.0056,0.008,0.26483333,0.02736874,0.23876041,0.057680193,0.002956815,0.036,0.0024,0.004,0.3736,0.0192,0.0024,0.0056,0.043830387,0.007710902,0.03606151,0.004024869,0.0432,0.2177868,0.0056,0.0072,0.35359999999999997,0.072,0.0096,0.008799999999999999,0.26804778,0.03205873,0.23715413
-0.067684434,0.0041064285,0.0056,0.004,0.0048,0.2632,0.0392,0.0056,0.0064,0.21125108,0.018537741,0.19283363,0.05735993,0.0032770783,-0.0024,0.0016,0.0048,0.3424,0.02,0.0016,0.0048,0.05896224,0.0,0.06789065,0.0041918745,0.0056,0.20225365,0.004,0.0048,0.2632,0.041600000000000005,0.0072,0.0072,0.21878919,0.020298913,0.19862756
-0.06740506,0.004048951,0.0056,0.004,0.0048,0.21680000000000002,0.041600000000000005,0.0048,0.0072,0.19731918,0.019022986,0.1776813,0.057262298,0.0030268468,-0.0024,0.0016,0.0048,0.3896,0.0192,0.0016,0.0072,-0.020640187,0.0,-0.012059636,0.004131893,0.0056,0.20070435,0.004,0.0064,0.21680000000000002,0.041600000000000005,0.0072,0.008,0.18924348,0.02076155,0.16782685
-0.067223996,0.004311681,0.004,0.004,0.0056,0.0896,0.0408,0.0048,0.0072,0.2608974,0.015789088,0.24480988,0.057226352,0.003062794,-0.004,0.0016,0.0056,0.3424,0.02,0.0016,0.0056,-0.03287355,0.0,-0.017915554,0.0045456123,0.004,0.3222134,0.0048,0.0064,0.2072,0.0408,0.008,0.0096,0.23706083,0.01710878,0.21974498
-0.067108385,0.003974173,0.0064,0.0032,0.0056,0.0112,0.0392,0.004,0.0072,0.23254727,0.017481036,0.21623783,0.057036653,0.0032524932,-0.0016,0.0008,0.0048,0.1592,0.02,0.0016,0.0064,0.010376431,0.0,0.016753867,0.0040823193,0.0064,0.23069105,0.004,0.0072,0.0112,0.041600000000000005,0.0072,0.008,0.22875932,0.020422177,0.20959437
-0.06701763,0.0039943643,0.0056,0.004,0.0056,0.29760000000000003,0.0392,0.0048,0.0056,0.20131567,0.018973734,0.18223253,0.056994446,0.0029468387,-0.0024,0.0016,0.0048,0.3632,0.0192,0.0016,0.0056,0.042264245,0.0,0.050380982,0.0041117882,0.0056,0.23956144,0.0048,0.0056,0.29760000000000003,0.028,0.0056,0.008799999999999999,0.20559484,0.020630121,0.18466306
-0.067091525,0.0039573126,0.0064,0.004,0.0056,0.24159999999999998,0.0408,0.0056,0.0064,0.24242608,0.021007448,0.22178967,0.056956183,0.0031010546,-0.0024,0.0016,0.0048,0.3192,0.0192,0.0016,0.0056,0.008229226,0.0,0.016693823,0.004085132,0.0064,0.25081253,0.0056,0.0056,0.24159999999999998,0.0408,0.008799999999999999,0.008,0.23688324,0.023169065,0.21401468
-0.067008086,0.004206719,0.0424,0.0048,0.0048,0.3992,0.0248,0.0056,0.0048,0.23764801,0.029240087,0.20846856,0.05697149,0.0030857474,0.033600000000000005,0.0016,0.004,0.39280000000000004,0.0192,0.0016,0.0064,0.08939488,0.0019367114,0.086727954,0.00435186,0.0424,0.25899225,0.0048,0.0048,0.3992,0.0376,0.0096,0.0072,0.25261673,0.03368253,0.21867903
-0.067001656,0.0038674437,0.0064,0.004,0.0048,0.0112,0.04,0.0056,0.0072,0.17202847,0.0200666,0.15205774,0.05705567,0.0027696602,-0.0008,0.0024,0.004,0.37520000000000003,0.0184,0.0024,0.0064,0.021970205,0.0,0.02452118,0.0039272034,0.0064,0.17467451,0.0048,0.0056,0.0112,0.0432,0.0064,0.0072,0.17322889,0.02197966,0.15136558
-0.06706844,0.004045181,0.0056,0.004,0.0056,0.25120000000000003,0.0392,0.0048,0.0072,0.20858099,0.018219944,0.19071828,0.05700303,0.0029382557,-0.0024,0.0016,0.0048,0.3664,0.02,0.0024,0.0056,0.06237901,0.0,0.07095956,0.0041337456,0.0056,0.20737258,0.004,0.0056,0.25120000000000003,0.04,0.0064,0.0072,0.21695535,0.019939529,0.1976371
-0.067063116,0.0037070066,0.0064,0.004,0.0064,0.0696,0.04,0.0064,0.0072,0.24707805,0.020336382,0.22677448,0.056993518,0.002831813,-0.0016,0.0016,0.004,0.33840000000000003,0.02,0.0024,0.0056,0.033683658,0.0,0.039133467,0.003728182,0.0064,0.106632344,0.0048,0.0064,0.228,0.056799999999999996,0.008799999999999999,0.008,0.24925965,0.021422587,0.22775091
-0.06686741,0.003733199,0.0064,0.0048,0.0048,0.25120000000000003,0.04,0.0056,0.008,0.20781302,0.020989716,0.18717663,0.056991898,0.00271748,-0.0016,0.0016,0.004,0.36,0.0192,0.0016,0.0048,0.113514006,0.0,0.1185,0.0037860372,0.0064,0.16726403,0.0056,0.0064,0.25120000000000003,0.0584,0.0072,0.008,0.22381118,0.022327777,0.20182188
-0.06693309,0.003576979,0.0056,0.0056,0.0064,0.216,0.0376,0.0064,0.0072,0.16731119,0.018825747,0.14745142,0.056976356,0.0025011152,-0.0008,0.0032,0.0024,0.3912,0.0192,0.004,0.0032,0.010146759,0.0,0.012581781,0.0036008523,0.0056,0.11521481,0.0064,0.0064,0.2856,0.056,0.0072,0.0072,0.1673684,0.019487273,0.1468938
-0.06700676,0.0035397,0.008799999999999999,0.004,0.0064,0.39280000000000004,0.0584,0.0064,0.008,0.31809205,0.021850657,0.29556948,0.057003487,0.0025899373,0.0008,0.0016,0.0048,0.3912,0.020800000000000003,0.0016,0.0064,0.040122963,0.0016623102,0.03826771,0.0035752286,0.008799999999999999,0.14109543,0.0056,0.0064,0.39280000000000004,0.0584,0.008,0.008799999999999999,0.3205734,0.024270177,0.29547
-0.06693332,0.003355313,0.0056,0.0032,0.0064,0.3192,0.0768,0.0072,0.010400000000000001,0.23172806,0.014056575,0.21719381,0.05696685,0.0022787154,0.0,0.0032,0.0032,0.38799999999999996,0.0184,0.0032,0.004,0.072702065,0.0,0.072702065,0.0033959325,0.0048,0.29989564,0.0064,0.008,0.3544,0.07759999999999999,0.0072,0.0112,0.24286309,0.013204039,0.22951983
-0.067060895,0.003593836,0.0064,0.004,0.0072,0.0936,0.056799999999999996,0.0064,0.0096,0.27093035,0.015769735,0.25439906,0.056983545,0.0021460652,0.0,0.0024,0.004,0.3992,0.0192,0.0024,0.0056,0.009624094,0.0,0.009624094,0.0036501447,0.0064,0.1758768,0.004,0.0072,0.2752,0.0752,0.0072,0.0096,0.2684348,0.017556615,0.25000793
-0.067135006,0.0034460537,0.008,0.0064,0.0056,0.2952,0.056,0.008799999999999999,0.0072,0.1706295,0.02414231,0.14566612,0.05709788,0.0022636391,0.0008,0.0032,0.0032,0.376,0.016800000000000002,0.004,0.0056,0.0071275383,0.0021476857,0.0048084706,0.00350503,0.0064,0.18370956,0.0048,0.0072,0.29359999999999997,0.0576,0.008,0.0096,0.16906035,0.01942713,0.14879858
-0.06731386,0.0032920577,0.008,0.0048,0.0056,0.3728,0.072,0.0056,0.008,0.24729788,0.0206053,0.22677241,0.05713127,0.0022302456,0.0008,0.0024,0.0056,0.3952,0.02,0.0032,0.0056,0.068932034,0.0019983388,0.06684487,0.003328464,0.0096,0.14803907,0.0072,0.0048,0.3744,0.07039999999999999,0.0112,0.0064,0.25476038,0.029112125,0.22585429
-0.06756793,0.0037680268,0.0056,0.0048,0.0072,0.32080000000000003,0.0584,0.0072,0.008799999999999999,0.35053575,0.017389365,0.33467013,0.057189014,0.0024044104,-0.0008,0.0024,0.0056,0.3856,0.0192,0.0032,0.0064,0.15584257,0.0,0.1582776,0.0038481276,0.0056,0.20439237,0.0072,0.008,0.32080000000000003,0.0584,0.008,0.012,0.3748709,0.019243296,0.3571938
-0.067706175,0.003351532,0.0072,0.0064,0.0056,0.3704,0.056,0.008799999999999999,0.0064,0.28835386,0.02284117,0.26560944,0.057405848,0.0023035295,-0.0008,0.0024,0.004,0.3816,0.0056,0.0032,0.004,0.036698706,0.0,0.038785867,0.0033813778,0.0072,0.13296324,0.008,0.0056,0.3704,0.0584,0.010400000000000001,0.008,0.2906739,0.023789303,0.2669312
-0.06790012,0.003323581,0.010400000000000001,0.0064,0.0056,0.3808,0.1032,0.008799999999999999,0.0096,0.32009542,0.026564255,0.29269117,0.057500932,0.0019765384,0.0008,0.0016,0.0056,0.39999999999999997,0.020800000000000003,0.0016,0.0064,0.02881071,0.0016286783,0.027071409,0.0033422948,0.010400000000000001,0.10587089,0.008,0.0056,0.4096,0.1032,0.008799999999999999,0.0216,0.32134768,0.02826082,0.29216087
-0.06788924,0.0030908063,0.0056,0.0032,0.0096,0.404,0.0784,0.0056,0.010400000000000001,0.2516896,0.012426909,0.23870862,0.05750464,0.0018568784,0.0008,0.0024,0.004,0.39999999999999997,0.0064,0.0032,0.0064,0.034613185,0.0015090182,0.032989837,0.0033017222,0.0056,0.35936782,0.0056,0.0096,0.404,0.0808,0.0072,0.010400000000000001,0.24778433,0.014858592,0.23216641
-0.067912765,0.003114324,0.008799999999999999,0.0056,0.0056,0.156,0.07039999999999999,0.0064,0.008799999999999999,0.23970774,0.020056196,0.22006986,0.057487946,0.0019895248,0.0,0.0008,0.0064,0.3992,0.008,0.0016,0.0064,0.095483385,0.0,0.095483385,0.0031514226,0.008799999999999999,0.15359147,0.0064,0.0056,0.38,0.08320000000000001,0.008799999999999999,0.008799999999999999,0.25149375,0.021820007,0.2302776
-0.067688644,0.00266831,0.008,0.0056,0.008,0.39280000000000004,0.07440000000000001,0.0064,0.0232,0.18278474,0.015255388,0.16603154,0.057538267,0.0015913434,0.0016,0.0024,0.0048,0.3976,0.0064,0.0032,0.0048,0.004173279,0.00260292,0.0016223043,0.00266963,0.008,0.03145127,0.0056,0.008,0.39280000000000004,0.07440000000000001,0.0064,0.0232,0.18282557,0.015602407,0.16571967
-0.067571044,0.00255071,0.0072,0.0032,0.008799999999999999,0.396,0.108,0.0048,0.0112,0.24880585,0.010862991,0.23726723,0.05740492,0.0014927834,0.0032,0.0032,0.0032,0.3952,0.0072,0.0032,0.0048,0.020349242,0.003999926,0.0172185,0.0026400818,0.0072,0.26093924,0.004,0.008799999999999999,0.396,0.0928,0.0048,0.0112,0.24563317,0.012914331,0.23227145
-0.06733605,0.0022047684,0.0096,0.0064,0.0072,0.39840000000000003,0.08,0.0072,0.028,0.25817776,0.016028069,0.24331066,0.057280615,0.0012692288,0.0024,0.0032,0.0048,0.3976,0.008,0.0032,0.0048,0.03936992,0.0028800592,0.036471084,0.0022162853,0.0096,0.10199046,0.0064,0.0096,0.39840000000000003,0.08,0.0072,0.028,0.26084453,0.016940612,0.2450394
-0.067040265,0.0020199306,0.004,0.0024,0.010400000000000001,0.4032,0.08399999999999999,0.0032,0.0128,0.1496154,0.0058836006,0.14340231,0.05709811,0.0011038743,0.0008,0.0024,0.0016,0.3952,0.0072,0.35600000000000004,0.0064,0.016231053,0.0009879209,0.014955565,0.002248579,0.004,0.4548788,0.0032,0.010400000000000001,0.4032,0.0408,0.0056,0.0128,0.14153284,0.007098943,0.13386278
-0.06679219,0.0021046996,0.0072,0.004,0.0096,0.37679999999999997,0.0728,0.0048,0.0264,0.1285429,0.010732114,0.11667139,0.056996766,0.0012052171,0.0032,0.0032,0.0032,0.4016,0.0064,0.0032,0.0032,0.006432414,0.0033134744,0.0031857193,0.002110897,0.0072,0.076647505,0.0048,0.0096,0.3896,0.0728,0.0048,0.04,0.12865803,0.011264818,0.116199866
-0.066600904,0.0022462606,0.010400000000000001,0.0064,0.0072,0.364,0.0592,0.008,0.008,0.20042361,0.016442284,0.184558,0.05678851,0.0010656118,0.0008,0.352,0.004,0.39840000000000003,0.008,0.352,0.004,0.04574389,0.00083370507,0.04470031,0.0022504947,0.010400000000000001,0.061351556,0.0064,0.0072,0.3912,0.116,0.008,0.008,0.20285124,0.016919462,0.18656047
-0.06641873,0.0019531362,0.0096,0.0056,0.0064,0.40559999999999996,0.064,0.0064,0.0072,0.21102324,0.013119429,0.19815323,0.05671338,0.0010247901,0.004,0.144,0.0056,0.4024,0.0056,0.38480000000000003,0.0056,0.016400008,0.0033846498,0.012341639,0.0019555516,0.0096,0.049706206,0.0056,0.0064,0.40559999999999996,0.064,0.0064,0.0072,0.21157745,0.013524114,0.19823362
-0.066198386,0.0021765865,0.0064,0.0024,0.008799999999999999,0.40559999999999996,0.0752,0.0048,0.0096,0.098799154,0.007427335,0.091143705,0.056691576,0.00093064085,0.0024,0.4016,0.0016,0.4016,0.008,0.4016,0.0064,-0.013973668,0.0022121556,-0.016176783,0.0022859918,0.0064,0.31063053,0.0048,0.008799999999999999,0.40559999999999996,0.0752,0.0048,0.0096,0.08979955,0.008886792,0.08052571
-0.066223904,0.0019802079,0.0064,0.0048,0.008,0.372,0.062400000000000004,0.0064,0.012,0.16087487,0.00985045,0.15100047,0.056580726,0.0010414906,0.0,0.0024,0.0048,0.3776,0.0056,0.3776,0.0056,-0.00817813,0.0,-0.00817813,0.001983479,0.0064,0.057437535,0.0048,0.008,0.372,0.062400000000000004,0.0064,0.012,0.16014011,0.010139441,0.14996247
-0.06626295,0.0023521036,0.0096,0.0072,0.0056,0.39280000000000004,0.06319999999999999,0.008,0.0288,0.16064626,0.019460298,0.14067551,0.056595568,0.001026649,0.0,0.352,0.0064,0.3944,0.0096,0.352,0.008,-0.026614117,0.0,-0.026614117,0.0023521644,0.0096,-0.007198302,0.0072,0.0056,0.39280000000000004,0.06319999999999999,0.008,0.0288,0.16083366,0.019398656,0.14092521
-0.06633751,0.0023157112,0.0072,0.0056,0.010400000000000001,0.3696,0.07919999999999999,0.0056,0.0328,0.19160165,0.012520265,0.17817688,0.056607857,0.0013622195,0.0016,0.0032,0.0032,0.39840000000000003,0.0072,0.3832,0.0064,0.00973893,0.0020287186,0.008231536,0.002380256,0.0072,0.23341048,0.0056,0.010400000000000001,0.3696,0.07919999999999999,0.0072,0.0288,0.1886586,0.01415822,0.1738278
-0.06643515,0.0023024045,0.0072,0.0032,0.0112,0.3856,0.1088,0.0048,0.0272,0.24630576,0.009848677,0.23554374,0.056619216,0.001350861,0.0016,0.0008,0.0056,0.39280000000000004,0.010400000000000001,0.0016,0.0072,0.017919917,0.0016581416,0.016760383,0.0023937994,0.0072,0.2772195,0.004,0.0112,0.3856,0.0872,0.0064,0.0272,0.24180621,0.011974923,0.22910675
-0.066439144,0.0025282912,0.008799999999999999,0.0072,0.0072,0.384,0.09040000000000001,0.008,0.0256,0.20458837,0.018158711,0.18739134,0.05675164,0.0013343915,0.0008,0.0024,0.004,0.4008,0.008799999999999999,0.004,0.0072,-0.0025510117,0.0011024848,-0.003246732,0.0025449612,0.008799999999999999,0.1145195,0.008,0.0072,0.384,0.09040000000000001,0.008,0.0256,0.20295675,0.019120803,0.18477264
-0.0664529,0.0026529953,0.0072,0.0064,0.0064,0.3896,0.09040000000000001,0.008799999999999999,0.0264,0.20857772,0.016332459,0.19260114,0.05677205,0.001429934,0.0008,0.0048,0.0048,0.3992,0.0064,0.0048,0.0064,0.015417926,0.0013139807,0.014258392,0.0026809797,0.008,0.14461261,0.008,0.0072,0.3904,0.06,0.0096,0.0216,0.20862241,0.020045867,0.18907712
-0.066495955,0.0026960522,0.0072,0.0064,0.0064,0.39840000000000003,0.0576,0.0072,0.0248,0.24109676,0.017607573,0.22445449,0.056828864,0.0017209798,0.0,0.0032,0.0032,0.39999999999999997,0.0216,0.0048,0.0056,0.019421764,0.0,0.019421764,0.0027161175,0.0072,0.12162695,0.0064,0.0064,0.39840000000000003,0.0576,0.008799999999999999,0.0248,0.2416721,0.01840007,0.22421017
-0.066676795,0.0026549958,0.008,0.0056,0.0072,0.36,0.0728,0.008799999999999999,0.0272,0.2323804,0.018783566,0.21462864,0.056785267,0.0017645769,0.0,0.0008,0.004,0.3944,0.0072,0.0024,0.004,0.049335986,0.0,0.049335986,0.0027166542,0.0048,0.35838628,0.0056,0.010400000000000001,0.3568,0.07600000000000001,0.0056,0.0288,0.23492116,0.010802494,0.22495942
-0.06671541,0.0026936121,0.0056,0.004,0.008799999999999999,0.392,0.0608,0.0064,0.0096,0.17280881,0.012198374,0.15982784,0.056823533,0.0019582175,0.0008,0.0032,0.0032,0.4008,0.0072,0.0032,0.0048,0.009272136,0.0018422641,0.007532835,0.0027143478,0.0056,0.12368548,0.0048,0.008799999999999999,0.392,0.0608,0.0072,0.010400000000000001,0.17263259,0.013281301,0.15870649
-0.06677731,0.0005365424,0.1192,0.5072,0.0008,0.5152,0.0008,0.5152,0.0008,-0.02840852,0.00017283857,-0.035953,0.056953635,0.0006685816,-0.2736,0.08,0.0008,0.12639999999999998,0.0008,0.08,0.0008,-0.038329653,0.0,-0.01768995,0.0007616894,0.8152,-1.8914782,1.1928,0.0008,1.2144,0.0008,1.2,0.0008,0.04533039,0.029564662,0.05838659
-0.067099735,0.0028560385,0.008,0.0064,0.0064,0.2656,0.072,0.008,0.008,0.26489353,0.019906398,0.2453666,0.056928586,0.0018531643,0.0,0.0024,0.0032,0.3944,0.008,0.0032,0.0064,0.03982658,0.0,0.03982658,0.002861981,0.0056,0.28679055,0.0056,0.010400000000000001,0.368,0.07440000000000001,0.0064,0.0256,0.26534036,0.014002383,0.25214097
-0.0671115,0.002867803,0.0096,0.0056,0.0064,0.3944,0.0608,0.0072,0.010400000000000001,0.17364332,0.019768443,0.15234122,0.057106223,0.0016755275,0.0024,0.0024,0.0056,0.3888,0.020800000000000003,0.0032,0.0064,0.07334191,0.0037510954,0.07021117,0.0029138536,0.0096,0.17802173,0.0064,0.0072,0.3944,0.0752,0.0072,0.0112,0.18388663,0.02190771,0.16088839
-0.06736311,0.00300847,0.044,0.0048,0.0072,0.41759999999999997,0.0888,0.0064,0.0096,0.28456983,0.018459026,0.2700356,0.05732236,0.0015753433,0.0392,0.004,0.0032,0.4352,0.02,0.0048,0.0064,0.04597628,0.008779325,0.036815964,0.0031344264,0.044,0.2844534,0.0056,0.008,0.38239999999999996,0.0816,0.0064,0.0096,0.2860369,0.02198753,0.2679541
-0.06768754,0.0030000508,0.010400000000000001,0.0048,0.0048,0.3744,0.0888,0.0072,0.0072,0.23310834,0.021470796,0.2121391,0.05747426,0.0020032115,0.0024,0.0016,0.004,0.4016,0.024,0.0032,0.0048,-0.00023086369,0.0039224736,-0.004173279,0.0030240044,0.0112,0.125949,0.008,0.004,0.37520000000000003,0.0872,0.008799999999999999,0.0064,0.2312329,0.026357917,0.2053167
-0.06799176,0.0031933226,0.008,0.0056,0.0072,0.38799999999999996,0.0712,0.0072,0.0096,0.2224036,0.020505548,0.20210001,0.057636596,0.001956828,0.0016,0.0024,0.004,0.4016,0.020800000000000003,0.0032,0.004,0.03629166,0.003333889,0.032813057,0.0032652002,0.008,0.2102121,0.0064,0.0072,0.38799999999999996,0.07759999999999999,0.008,0.0096,0.22508064,0.022758259,0.20248991
-0.06834302,0.0029898398,0.0448,0.0048,0.0064,0.2328,0.0592,0.0072,0.008,0.27637368,0.023863714,0.25152123,0.057759967,0.0019494109,0.0368,0.0016,0.0064,0.4304,0.0232,0.0024,0.0064,0.07316979,0.0081576705,0.06563282,0.0030648515,0.045599999999999995,0.22169952,0.0072,0.0064,0.31679999999999997,0.0736,0.010400000000000001,0.0216,0.28569862,0.03097148,0.25420395
-0.06845087,0.0033195838,0.0072,0.0064,0.0056,0.404,0.0728,0.0064,0.008,0.20071344,0.021000378,0.17963323,0.05787615,0.0020651333,-0.0008,0.0016,0.004,0.3856,0.0216,0.0032,0.0056,0.028123073,0.0,0.030210234,0.0034122101,0.0072,0.23353477,0.0064,0.0056,0.404,0.062400000000000004,0.008799999999999999,0.024,0.20177317,0.022584796,0.17898431
-0.068533845,0.0036244579,0.0064,0.004,0.0064,0.3504,0.0608,0.0064,0.008,0.19958843,0.018788401,0.17961773,0.057961494,0.0022116974,-0.0008,0.0016,0.0048,0.3488,0.02,0.0024,0.0056,0.060704745,0.0,0.06313977,0.0036551133,0.0064,0.1296052,0.0064,0.0064,0.3504,0.0608,0.008,0.008,0.20576015,0.01997346,0.18471305
-0.0685556,0.0037571602,0.008799999999999999,0.0056,0.0048,0.4032,0.07039999999999999,0.0072,0.0072,0.24564436,0.02546316,0.22079189,0.05793784,0.002467258,0.0,0.0016,0.0056,0.3976,0.020800000000000003,0.0024,0.0064,0.04551158,0.0,0.04551158,0.0038066783,0.008799999999999999,0.16147134,0.0064,0.0056,0.4032,0.06720000000000001,0.008799999999999999,0.008,0.24976592,0.027892012,0.22257093
-0.06837719,0.003467802,0.0032,0.004,0.008,0.38239999999999996,0.0552,0.0048,0.008799999999999999,0.239534,0.0100989565,0.22954866,0.05789981,0.002737198,-0.0024,0.0024,0.0032,0.3608,0.02,0.0032,0.0056,0.04771316,0.0,0.05536609,0.0035781935,0.0032,0.24904276,0.0048,0.008799999999999999,0.38239999999999996,0.0552,0.008,0.024,0.24390426,0.011228497,0.23285516
-0.06815175,0.0036861561,0.0064,0.004,0.0064,0.3888,0.0712,0.0064,0.008,0.23210986,0.019392945,0.21225008,0.05782073,0.0029322319,-0.0008,0.0016,0.004,0.3904,0.0192,0.0024,0.004,0.0052165613,0.0,0.008579217,0.0037817836,0.0064,0.22536005,0.0064,0.008,0.3888,0.0712,0.008799999999999999,0.008,0.22740635,0.021656971,0.2050431
-0.068074755,0.0040529557,0.0048,0.0032,0.0072,0.404,0.0408,0.0048,0.008,0.22240677,0.015441861,0.20709589,0.0576083,0.0030287094,-0.0016,0.0024,0.004,0.368,0.0192,0.0024,0.004,-0.015533656,0.0,-0.009967886,0.004136188,0.0048,0.20095173,0.004,0.0072,0.404,0.0408,0.0064,0.008799999999999999,0.21483074,0.016883632,0.19806898
-0.06787549,0.0041865334,0.0424,0.004,0.0056,0.072,0.0432,0.0048,0.0064,0.34023124,0.026506137,0.31904006,0.05744736,0.0028417874,0.0344,0.0016,0.0048,0.4296,0.02,0.0016,0.0064,0.068992235,0.0061274394,0.06447005,0.0042760926,0.0424,0.20502532,0.0048,0.0064,0.072,0.0432,0.0064,0.0072,0.3471516,0.03100113,0.32180092
-0.06750736,0.004040297,0.0096,0.0056,0.0048,0.16799999999999998,0.053599999999999995,0.0056,0.0056,0.28014475,0.02718148,0.25296238,0.05729198,0.0032290742,0.0008,0.0016,0.004,0.2792,0.02,0.0016,0.0056,0.117461495,0.0029971655,0.1144467,0.0041685235,0.0096,0.24867485,0.0056,0.0048,0.16799999999999998,0.0432,0.0096,0.0072,0.3004369,0.032000996,0.2689538
-0.067308314,0.0040631555,0.004,0.0048,0.0056,0.1904,0.0392,0.0048,0.0056,0.21107839,0.016654473,0.1951018,0.057169303,0.0028879344,-0.004,0.0016,0.0048,0.392,0.0192,0.0024,0.0056,0.043423817,0.0,0.05548297,0.0041413126,0.004,0.19458792,0.0048,0.0056,0.1904,0.0392,0.0056,0.0064,0.21549132,0.017293725,0.19887458
-0.06707089,0.0038257279,0.0072,0.0048,0.0056,0.0112,0.04,0.0064,0.0064,0.2850835,0.022670995,0.26244998,0.057130344,0.0028109401,-0.0008,0.0024,0.0048,0.224,0.0192,0.0024,0.0056,0.017796554,0.0,0.020811342,0.003873712,0.0072,0.15756154,0.0064,0.0056,0.0112,0.04,0.0096,0.008799999999999999,0.28434458,0.024613107,0.25969896
-0.06710195,0.0038567893,0.0056,0.0048,0.0064,0.010400000000000001,0.0392,0.0056,0.0064,0.27243036,0.018343534,0.25512242,0.057085123,0.0026242547,-0.0024,0.0016,0.0048,0.3944,0.0192,0.0024,0.0072,-0.0033655912,0.0,0.004171379,0.003932707,0.0056,0.19680777,0.0048,0.0064,0.010400000000000001,0.0424,0.0064,0.0072,0.26651323,0.01969955,0.2477255
-0.06690135,0.0037671365,0.0056,0.004,0.0056,0.20240000000000002,0.0392,0.0048,0.0072,0.17811829,0.01838167,0.16014463,0.057044074,0.002781257,-0.0008,0.0032,0.0024,0.3744,0.0184,0.0032,0.004,0.0036514327,0.0,0.006202407,0.0037953835,0.0056,0.12207972,0.0048,0.0064,0.176,0.0392,0.008,0.0072,0.1772373,0.019288393,0.158409
-0.066978574,0.0040662587,0.0056,0.004,0.0056,0.0112,0.0392,0.0056,0.0072,0.24513762,0.019033197,0.22594352,0.057044536,0.0026648417,-0.0024,0.0016,0.004,0.364,0.02,0.0024,0.0056,-0.019189037,0.0,-0.011188254,0.0041070883,0.0056,0.14112253,0.0048,0.0056,0.0112,0.0392,0.0072,0.008,0.2400016,0.020032514,0.21966097
-0.06697059,0.000507921,-0.1312,0.268,0.0016,0.268,0.004,0.268,0.0016,-0.0058262087,0.0,-0.006935708,0.057077236,0.00066093355,-0.13440000000000002,0.096,0.0008,0.26399999999999996,0.0008,0.2616,0.0008,0.0026659966,0.0,0.0045212507,0.00066259,-0.13440000000000002,1.6415222,0.096,0.0008,0.26399999999999996,0.0008,0.2616,0.0008,0.0030710504,0.0,0.004929507
-0.066940635,0.0036954768,0.0064,0.0032,0.0064,0.3256,0.061599999999999995,0.004,0.008,0.15377912,0.016360931,0.13680398,0.057128023,0.002813261,-0.0008,0.0016,0.0048,0.3664,0.0192,0.0016,0.0056,-0.046323434,0.0,-0.043656506,0.003766131,0.0072,0.19401218,0.0048,0.0064,0.3264,0.0608,0.008,0.0096,0.14196295,0.022482563,0.118653916
-0.06699655,0.003640443,0.0072,0.0048,0.0048,0.3856,0.056799999999999996,0.0064,0.0064,0.26838705,0.022112932,0.24675211,0.057043847,0.0025495775,0.0,0.0032,0.0032,0.3888,0.0184,0.0032,0.0032,0.02121254,0.0,0.02121254,0.0036568926,0.0072,0.09488482,0.0064,0.0056,0.3856,0.056799999999999996,0.0072,0.0072,0.26918954,0.02317676,0.24658628
-0.06695794,0.0032689907,0.0064,0.0048,0.0072,0.332,0.056799999999999996,0.0056,0.0072,0.31698397,0.018052675,0.2982337,0.057049636,0.0023118816,0.0008,0.004,0.0024,0.2016,0.0184,0.004,0.0024,0.024527922,0.0021959282,0.022440761,0.0033007285,0.0064,0.13878654,0.0056,0.0072,0.3312,0.056799999999999996,0.008,0.008,0.31732926,0.019395046,0.29731557
-0.06696926,0.0006175451,-0.24400000000000002,0.1416,0.0008,0.15519999999999998,0.0016,0.1448,0.0016,-0.01203277,0.0,-0.004710134,0.05694482,0.0006773956,0.5616000000000001,0.7256,0.0008,0.9608,0.0032,0.9608,0.0016,0.0482895,0.01797966,0.05721791,0.0006803005,0.5616000000000001,1.4783511,0.9608,0.0008,0.9608,0.0032,0.9608,0.0016,0.046972513,0.018131875,0.05467473
-0.06687051,0.0032925047,0.0048,0.004,0.008,0.3864,0.088,0.0048,0.010400000000000001,0.20425381,0.013209071,0.19105095,0.056939483,0.002190128,0.0,0.0032,0.0024,0.38480000000000003,0.0184,0.004,0.004,0.034090817,0.0,0.034090817,0.0033625455,0.0048,0.20446241,0.0048,0.008,0.3864,0.0784,0.0056,0.010400000000000001,0.20692107,0.014660311,0.1922981
-0.06676134,0.0034052283,0.008,0.0056,0.0056,0.3552,0.0736,0.0064,0.0072,0.15954146,0.022291742,0.13657512,0.0569476,0.0024139173,-0.0008,0.0008,0.0048,0.3896,0.02,0.0016,0.0064,0.06696276,0.0,0.06916588,0.003450751,0.008,0.1626118,0.0056,0.0056,0.3552,0.0736,0.008799999999999999,0.0072,0.16827776,0.024272507,0.1433054
-0.06691933,0.003341321,0.0056,0.0032,0.008799999999999999,0.21839999999999998,0.061599999999999995,0.004,0.0096,0.18306129,0.01218345,0.1705241,0.05698146,0.0022641048,0.0008,0.0024,0.0032,0.39999999999999997,0.008,0.0032,0.0048,0.028929085,0.002032198,0.02707383,0.003425936,0.0056,0.2227137,0.004,0.008799999999999999,0.21839999999999998,0.062400000000000004,0.0064,0.0096,0.18492976,0.014537984,0.17011546
-0.06704536,0.003467355,0.0048,0.0032,0.008,0.2824,0.0584,0.0048,0.0096,0.23143058,0.012593947,0.2193372,0.057082336,0.0026270412,-0.0016,0.0008,0.0048,0.39840000000000003,0.008,0.0016,0.0056,-0.009970389,0.0,-0.0046365336,0.0035091343,0.0048,0.15446348,0.0048,0.008799999999999999,0.384,0.07440000000000001,0.0072,0.010400000000000001,0.22714126,0.01388786,0.21358632
-0.06723198,0.0034320801,0.008799999999999999,0.0048,0.0064,0.38720000000000004,0.0376,0.0064,0.008,0.24780403,0.021776307,0.22605813,0.057139855,0.002337616,0.0008,0.0016,0.0048,0.3,0.02,0.0016,0.0064,0.024576716,0.0021057092,0.022837415,0.003465811,0.008799999999999999,0.13963044,0.0064,0.0064,0.38720000000000004,0.0376,0.0072,0.008,0.24881281,0.023948923,0.22500306
-0.067429915,0.0035190657,0.0072,0.004,0.0056,0.3792,0.0608,0.0048,0.008799999999999999,0.27498657,0.01780302,0.25823337,0.05721128,0.0019183308,0.0,0.0024,0.0048,0.39280000000000004,0.0192,0.0024,0.0056,0.09623878,0.0,0.09623878,0.0035582911,0.0072,0.14862044,0.0048,0.0064,0.3792,0.0608,0.0072,0.008799999999999999,0.28620565,0.019236097,0.26821202
-0.06757991,0.0033362135,0.0056,0.0056,0.0072,0.3512,0.09040000000000001,0.0064,0.0096,0.24602002,0.014699515,0.2329281,0.057354826,0.002006691,-0.0008,0.0024,0.0048,0.3944,0.02,0.0024,0.0056,0.046557352,0.0,0.048760466,0.0034154032,0.0056,0.21576014,0.0056,0.0072,0.3664,0.09040000000000001,0.0064,0.0112,0.25028324,0.016447473,0.2356082
-0.067710385,0.0030228943,0.010400000000000001,0.008,0.0064,0.392,0.0736,0.008,0.0072,0.2585562,0.024208643,0.23259422,0.05746846,0.0018930584,0.0024,0.0016,0.0048,0.4008,0.0072,0.0024,0.0064,0.04250122,0.0035920143,0.038906664,0.0030642308,0.010400000000000001,0.16444115,0.008,0.0064,0.392,0.0736,0.0096,0.0072,0.26202574,0.026354212,0.23404129
-0.06779715,0.0029987097,0.0056,0.0016,0.008799999999999999,0.3968,0.0584,0.0048,0.0248,0.23209542,0.010339905,0.22133344,0.057580702,0.001664862,0.0,0.0016,0.0064,0.3944,0.012,0.0032,0.008,0.02707927,0.0,0.02707927,0.0031514275,0.0056,0.31259054,0.004,0.008799999999999999,0.3968,0.0584,0.0056,0.0248,0.22917567,0.012816542,0.2160825
-0.06792807,0.002796784,0.0048,0.0048,0.008799999999999999,0.3944,0.0888,0.0048,0.0112,0.24186191,0.011898972,0.22899188,0.057572123,0.0016734414,-0.0008,0.0024,0.0048,0.3736,0.016800000000000002,0.0032,0.0048,-0.033971697,0.0,-0.032116443,0.0028945191,0.0048,0.26060414,0.0048,0.008799999999999999,0.35600000000000004,0.0888,0.0072,0.0112,0.22494201,0.013217879,0.21074381
-0.06775832,0.002737984,0.008799999999999999,0.0056,0.0072,0.396,0.09119999999999999,0.0072,0.008799999999999999,0.2226181,0.018579211,0.2040897,0.05758418,0.0011975691,0.0024,0.0048,0.0048,0.3992,0.008799999999999999,0.0064,0.0064,0.019947112,0.0031288937,0.017280184,0.0027650446,0.008799999999999999,0.14001915,0.0056,0.0072,0.396,0.09119999999999999,0.008,0.008799999999999999,0.22322325,0.019798938,0.20353304
-0.06766757,0.0023143925,0.0056,0.0048,0.008,0.4008,0.0944,0.0064,0.012,0.26184794,0.010986172,0.25175163,0.05745988,0.0013218708,0.0,0.0024,0.0048,0.3992,0.008,0.32080000000000003,0.0064,0.08198184,0.0,0.08198184,0.002430459,0.0056,0.31029007,0.0064,0.008,0.38239999999999996,0.0944,0.0072,0.012,0.27437532,0.012649537,0.26270768
-0.06743057,0.0022992864,0.008,0.0056,0.008,0.404,0.0976,0.008,0.0096,0.1718474,0.015670266,0.15587083,0.057305895,0.0011279956,0.0016,0.004,0.0016,0.39999999999999997,0.0072,0.348,0.004,0.019713342,0.0017921776,0.017858088,0.002308,0.008,0.08692417,0.0064,0.008,0.404,0.0976,0.008,0.0096,0.17290998,0.01621791,0.1563495
-0.067155205,0.0019129738,0.0072,0.0032,0.010400000000000001,0.39359999999999995,0.0888,0.0048,0.012,0.13396853,0.0088956095,0.12398319,0.057221018,0.0010969192,0.0024,0.0016,0.004,0.4008,0.008,0.0032,0.008,0.039308384,0.0020152703,0.03745313,0.0019816447,0.0072,0.26402816,0.0048,0.010400000000000001,0.39359999999999995,0.07600000000000001,0.0064,0.012,0.13958444,0.010528255,0.12806894
-0.066907346,0.0018870123,0.008799999999999999,0.0056,0.008799999999999999,0.4032,0.08399999999999999,0.0064,0.0256,0.22023126,0.012325022,0.20802695,0.056964997,0.0010050796,0.0056,0.0056,0.0024,0.4016,0.0032,0.3944,0.0024,0.036519878,0.0049483962,0.030954115,0.0018886011,0.008799999999999999,0.04102202,0.0056,0.008799999999999999,0.4032,0.08399999999999999,0.0064,0.0256,0.22154368,0.012630156,0.20901676
-0.06673427,0.0019358285,0.041600000000000005,0.0048,0.0096,0.4296,0.0824,0.0056,0.0296,0.18018226,0.011793453,0.1673123,0.05676022,0.0012098551,0.0376,0.1744,0.004,0.42879999999999996,0.0064,0.1744,0.004,0.027303837,0.006423466,0.024405003,0.0019763554,0.0424,0.20286109,0.0064,0.0096,0.4304,0.0816,0.0072,0.0096,0.18198846,0.015690466,0.16583766
-0.06641696,0.0020623133,0.008799999999999999,0.0064,0.0072,0.4024,0.068,0.0064,0.020800000000000003,0.21868105,0.014253344,0.2045906,0.056764625,0.0010894984,0.0,0.0016,0.0056,0.39840000000000003,0.012,0.18,0.0056,0.053802855,0.0,0.053802855,0.002068656,0.008799999999999999,0.07832958,0.0064,0.0072,0.4024,0.068,0.0096,0.020800000000000003,0.22222058,0.014802637,0.20765615
-0.0663475,0.0023257025,0.008799999999999999,0.0064,0.008799999999999999,0.4016,0.072,0.0064,0.0256,0.24636206,0.014155041,0.23282635,0.056619216,0.0011189543,0.0008,0.0016,0.0064,0.39280000000000004,0.0096,0.3856,0.0072,0.041806318,0.0006551407,0.04122655,0.0023459143,0.008799999999999999,0.13136292,0.0064,0.008799999999999999,0.4016,0.072,0.008,0.0256,0.24971548,0.015113732,0.23517245
-0.06625542,0.0023445673,0.010400000000000001,0.0056,0.0072,0.3888,0.0864,0.0072,0.0072,0.15034303,0.016721789,0.1335898,0.05653272,0.0010894984,0.0048,0.0072,0.0032,0.404,0.0304,0.33999999999999997,0.0032,0.01588609,0.0050295964,0.011711769,0.0023501485,0.010400000000000001,0.06893163,0.0064,0.0072,0.3888,0.0864,0.0072,0.0072,0.15108019,0.017298222,0.13387956
-0.06621614,0.0024162382,0.0072,0.008799999999999999,0.0056,0.39999999999999997,0.0752,0.010400000000000001,0.0072,0.16969892,0.018528637,0.15072674,0.056568664,0.0012854598,-0.0024,0.0024,0.0056,0.3632,0.016,0.3632,0.0064,0.013277423,0.0,0.016756024,0.002462251,0.0072,0.19362755,0.0096,0.0056,0.39999999999999997,0.0752,0.0112,0.0072,0.16908254,0.019248309,0.14930469
-0.066271834,0.0024719313,0.0072,0.0056,0.0072,0.3408,0.0768,0.0064,0.035199999999999995,0.19460313,0.014591936,0.17818275,0.056613885,0.0013561919,-0.0008,0.0,0.0072,0.3912,0.008799999999999999,0.0016,0.008,0.0008130837,0.0,0.0022045244,0.00249162,0.0072,0.12579666,0.0056,0.0072,0.3912,0.0768,0.0072,0.0272,0.19316737,0.015557033,0.17584383
-0.06639632,0.002485469,0.008799999999999999,0.0072,0.0072,0.4024,0.07039999999999999,0.008,0.0232,0.17413317,0.018908057,0.15349676,0.056615975,0.0014700554,0.0008,0.0024,0.004,0.4008,0.0096,0.0032,0.0056,0.04446613,0.0011221953,0.043538503,0.0025047879,0.0096,0.12429098,0.008,0.0064,0.4096,0.0696,0.0096,0.0224,0.17830239,0.022351686,0.15425314
-0.06651393,0.0024921335,0.008,0.0056,0.0072,0.3888,0.0576,0.0064,0.0216,0.2345011,0.015934505,0.21874642,0.05666931,0.0014167204,0.0024,0.004,0.0024,0.3992,0.0184,0.004,0.004,-0.020695202,0.003554441,-0.02475357,0.0025396734,0.008,0.1937919,0.0056,0.0072,0.4008,0.0864,0.0064,0.0216,0.22612596,0.017404355,0.20876811
-0.0665461,0.0025242977,0.0056,0.0064,0.0064,0.3568,0.0864,0.008,0.008799999999999999,0.1668644,0.014341634,0.15155351,0.056722187,0.0017117038,-0.0016,0.004,0.004,0.3976,0.0064,0.0048,0.004,-0.023828477,0.0,-0.020581782,0.0025839836,0.0056,0.21535009,0.008,0.0064,0.3568,0.0864,0.0096,0.008799999999999999,0.15791821,0.015034539,0.14187072
-0.06661644,0.0029274859,0.0432,0.0048,0.0072,0.3656,0.0608,0.0064,0.0112,0.2313804,0.018510971,0.21096589,0.056756742,0.0017931014,0.0368,0.0024,0.0032,0.4224,0.020800000000000003,0.0032,0.0056,0.04208892,0.0078086853,0.03524767,0.0029413947,0.0432,0.09728671,0.0064,0.0072,0.3656,0.0608,0.0064,0.0224,0.23437451,0.020045925,0.21255857
-0.06653656,0.002514761,0.0432,0.0048,0.008,0.4192,0.09040000000000001,0.0064,0.0232,0.16093469,0.015418012,0.14395958,0.056795005,0.0012910254,0.0384,0.004,0.0048,0.4352,0.016800000000000002,0.4304,0.0048,0.008175254,0.006775409,0.00029042363,0.002540882,0.044,0.14351268,0.0064,0.0096,0.3952,0.045599999999999995,0.008,0.0224,0.16044945,0.019595351,0.13909377
-0.06659292,0.0025711171,0.0056,0.0064,0.008799999999999999,0.3808,0.0752,0.0072,0.0096,0.14594959,0.013005137,0.13252483,0.05686319,0.0013387948,-0.0024,0.0008,0.0064,0.3976,0.0248,0.2104,0.008,-0.00087335706,0.0,0.0031850114,0.002603786,0.0056,0.15857525,0.0064,0.0096,0.3808,0.0752,0.008,0.024,0.1439805,0.013882395,0.12953398
-0.066843,0.0023774095,0.0424,0.0048,0.008,0.43360000000000004,0.092,0.0064,0.0096,0.16232492,0.016385622,0.14246514,0.05685762,0.0012284108,0.033600000000000005,0.0008,0.0072,0.4296,0.024,0.2072,0.0072,0.02800347,0.00080566853,0.027075842,0.0023845835,0.0424,0.077588335,0.0056,0.008,0.43360000000000004,0.0608,0.008,0.0096,0.16400713,0.01720347,0.14346114
-0.06689892,0.0025442764,0.008799999999999999,0.0064,0.0096,0.35600000000000004,0.061599999999999995,0.008,0.024,0.155999,0.017225023,0.13813628,0.056950152,0.0014837384,0.0008,0.0024,0.0056,0.3952,0.0216,0.2896,0.0064,0.035016544,0.0012518317,0.03385701,0.002564849,0.008799999999999999,0.12674202,0.008,0.0096,0.35600000000000004,0.061599999999999995,0.008,0.024,0.15917394,0.018446371,0.14017934
-0.06717562,0.0025990792,0.0048,0.0056,0.008,0.38239999999999996,0.064,0.0072,0.0248,0.1968763,0.011711266,0.18555954,0.057065412,0.0013684779,-0.0016,0.0024,0.0056,0.39359999999999995,0.02,0.004,0.0064,0.03367956,0.0,0.036578394,0.0026362024,0.0056,0.16801895,0.008,0.0072,0.4008,0.06319999999999999,0.008,0.0248,0.19973609,0.01509027,0.1851445
-0.067293674,0.0030499771,0.008,0.004,0.0064,0.2488,0.068,0.0056,0.010400000000000001,0.1912246,0.01652027,0.17469329,0.057182986,0.0015987642,0.0008,0.0024,0.0056,0.4008,0.0232,0.0032,0.0064,0.00927493,0.0010189973,0.008347303,0.0030570154,0.008,0.06787105,0.004,0.008,0.2488,0.068,0.0072,0.010400000000000001,0.19141334,0.017181171,0.17425953
-0.06761609,0.0028176531,0.0072,0.0056,0.0072,0.376,0.0888,0.0072,0.0096,0.24442486,0.016926773,0.2282264,0.057382196,0.0015155077,-0.0008,0.0008,0.0064,0.39840000000000003,0.0248,0.004,0.0064,0.010605916,0.0,0.011997357,0.0028569011,0.0072,0.16594914,0.0064,0.0072,0.376,0.0888,0.008,0.0096,0.24281892,0.018200321,0.22531067
-0.06785307,0.00261084,0.010400000000000001,0.0072,0.0072,0.36160000000000003,0.056,0.008,0.0096,0.21401832,0.022180352,0.19227242,0.05754429,0.0018172264,0.0016,0.0016,0.0048,0.39359999999999995,0.0232,0.0016,0.0056,0.06830273,0.0027068257,0.065751754,0.0027230484,0.008799999999999999,0.28807828,0.0064,0.010400000000000001,0.38799999999999996,0.0576,0.008799999999999999,0.0248,0.22460446,0.020225994,0.20472772
-0.06818681,0.0030555278,0.0072,0.0056,0.0056,0.352,0.0736,0.008,0.008799999999999999,0.24098918,0.019067664,0.22212794,0.057716835,0.0018765889,0.0016,0.004,0.0024,0.39840000000000003,0.0184,0.0096,0.004,0.041394502,0.0034053177,0.038147807,0.0030938033,0.0072,0.1574628,0.0064,0.0072,0.352,0.0736,0.008799999999999999,0.008799999999999999,0.24449894,0.020480162,0.22423458
-0.068412915,0.0031706803,0.0072,0.0064,0.0064,0.3968,0.0816,0.008,0.0232,0.2834143,0.021102589,0.2629998,0.05784508,0.0018642992,-0.0016,0.0024,0.0056,0.392,0.0216,0.0032,0.0056,0.013741277,0.0,0.017219879,0.0031798228,0.0072,0.07584793,0.0072,0.0064,0.3968,0.0816,0.0096,0.0232,0.28364068,0.021750996,0.26258197
-0.06851454,0.0034942068,0.0096,0.0048,0.0064,0.2408,0.0688,0.008,0.008,0.2939509,0.02451156,0.27054074,0.05796544,0.002091799,0.0016,0.0024,0.0056,0.3912,0.0216,0.0024,0.0056,0.074325934,0.0034878775,0.07107924,0.0035427406,0.0096,0.16571587,0.0072,0.0064,0.4032,0.0688,0.008799999999999999,0.008,0.3021846,0.026996685,0.27635992
-0.06856802,0.0034367368,0.0072,0.0048,0.0056,0.364,0.0584,0.0072,0.0072,0.2556221,0.020279575,0.23531854,0.057981905,0.0023072418,0.0,0.0024,0.004,0.38799999999999996,0.0072,0.0032,0.0048,0.016870528,0.0,0.016870528,0.0034437762,0.0072,0.063949876,0.0056,0.0064,0.364,0.0584,0.008,0.0072,0.25617772,0.021061257,0.235145
-0.06847882,0.003458485,0.008,0.004,0.0056,0.2344,0.041600000000000005,0.0096,0.0064,0.20913991,0.022158641,0.18706113,0.05792462,0.002480479,0.0,0.0016,0.004,0.39840000000000003,0.020800000000000003,0.0024,0.004,0.06087836,0.0,0.06087836,0.0035631151,0.008,0.2429389,0.008799999999999999,0.0064,0.2344,0.041600000000000005,0.0096,0.008799999999999999,0.21764323,0.024825037,0.19308874
-0.06836742,0.0037908815,0.0096,0.0072,0.004,0.332,0.04,0.008,0.0064,0.25672567,0.030179668,0.22765718,0.057855286,0.0027817227,0.0016,0.0024,0.0032,0.3976,0.0184,0.0032,0.0064,0.0008662157,0.0048677213,-0.0038878769,0.0039639133,0.0096,0.29655707,0.008,0.0064,0.3312,0.04,0.010400000000000001,0.008799999999999999,0.24577229,0.034889724,0.21183948
-0.068081185,0.0038374886,0.008,0.004,0.0048,0.37679999999999997,0.0576,0.0048,0.0056,0.20803258,0.021399766,0.18706332,0.05771753,0.0030354336,0.0008,0.0024,0.0032,0.39840000000000003,0.0192,0.0032,0.004,0.033339273,0.0029194802,0.030672342,0.00387552,0.0064,0.27817488,0.0048,0.0072,0.37520000000000003,0.0592,0.008,0.0112,0.20919044,0.017945476,0.19156764
-0.06786683,0.003955979,0.0056,0.0032,0.0064,0.0096,0.0408,0.004,0.008,0.17552373,0.016375128,0.15932526,0.05755659,0.0030804183,-0.0008,0.0024,0.004,0.2952,0.02,0.0024,0.0048,-0.0447015,0.0,-0.04168671,0.004028576,0.0056,0.19013055,0.004,0.0072,0.0096,0.0408,0.0072,0.008799999999999999,0.16391273,0.018489713,0.14552991
-0.06764937,0.0037385225,0.0048,0.0024,0.0072,0.228,0.0432,0.0032,0.008,0.29024297,0.012667656,0.2781496,0.057403065,0.0030020345,-0.0024,0.0008,0.0048,0.296,0.0192,0.0016,0.0072,0.041220777,0.0,0.05003324,0.0038780344,0.0048,0.26904532,0.0064,0.008,0.228,0.044,0.008,0.008799999999999999,0.29075846,0.0148422625,0.276357
-0.06737466,0.003907606,0.0056,0.004,0.0048,0.312,0.0552,0.0056,0.0064,0.26339102,0.018810201,0.24397503,0.057354826,0.00293432,-0.0024,0.0024,0.0048,0.1616,0.0192,0.0024,0.0056,-0.15415797,0.0,-0.1455774,0.003998382,0.0064,0.2134931,0.0064,0.0048,0.22719999999999999,0.0408,0.010400000000000001,0.0056,0.22474898,0.024350433,0.19916624
-0.067174286,0.0040400736,0.0032,0.004,0.0056,0.0328,0.0544,0.0056,0.0072,0.20685886,0.012942787,0.19409977,0.057188325,0.0029848665,-0.004,0.0024,0.0032,0.29279999999999995,0.0192,0.0024,0.0048,-0.01942914,0.0,-0.0076018944,0.004195023,0.0032,0.2726395,0.0056,0.0056,0.3,0.0432,0.008799999999999999,0.008,0.19398643,0.013650205,0.18051216
-0.06710972,0.0040864535,0.0056,0.004,0.0056,0.2904,0.04,0.0048,0.0064,0.22289748,0.01773224,0.2058114,0.057112258,0.0028290264,-0.0016,0.0024,0.004,0.328,0.0192,0.0024,0.0048,-0.021166839,0.0,-0.015948936,0.00413411,0.0056,0.15198636,0.004,0.0056,0.2904,0.0424,0.008799999999999999,0.0072,0.21712327,0.018963622,0.19877706
-0.06697503,0.0041736607,0.004,0.0032,0.0056,0.068,0.04,0.0048,0.0064,0.28242117,0.014211398,0.26777598,0.057051726,0.0028895587,-0.0032,0.0016,0.004,0.3608,0.02,0.0024,0.0048,0.017625287,0.0,0.027249418,0.00421247,0.004,0.13584653,0.004,0.0056,0.068,0.0576,0.0056,0.008,0.28220624,0.014796548,0.267005
-0.06703782,0.0036817119,0.0056,0.004,0.0072,0.15760000000000002,0.04,0.0048,0.008,0.22844063,0.017007053,0.21146551,0.057027146,0.0029141381,-0.0008,0.0024,0.0024,0.272,0.0192,0.0032,0.004,0.0322321,0.0,0.03501498,0.003749741,0.0056,0.19077455,0.004,0.008,0.15760000000000002,0.04,0.008799999999999999,0.008799999999999999,0.23040801,0.018521752,0.211828
-0.06702583,0.0035587773,0.0064,0.0048,0.0056,0.14880000000000002,0.0608,0.0072,0.008,0.22011253,0.019594327,0.20080748,0.057082336,0.002279181,-0.0008,0.0024,0.004,0.3712,0.0192,0.0024,0.0056,0.056702808,0.0,0.058905922,0.0035839377,0.0064,0.1185628,0.0048,0.0072,0.14880000000000002,0.0608,0.0072,0.008,0.22527435,0.020680856,0.20484301
-0.06696104,0.0007202737,-0.24159999999999998,0.048,0.0016,0.1536,0.0024,0.1336,0.0016,0.032614224,0.0,0.030284256,0.057082567,0.00065560266,0.8144,1.1088,0.0016,1.2128,0.004,1.1808,0.0024,0.03357128,0.02351436,0.020436414,0.0008139388,1.5032,0.724832,1.7928,0.0008,1.8983999999999999,0.0016,1.816,0.0008,0.046673447,0.046737447,0.0001710133
-0.06696171,0.0034946576,0.0424,0.0048,0.0064,0.15519999999999998,0.04,0.008,0.0072,0.22528228,0.025783814,0.19821085,0.057067033,0.0022944845,0.0344,0.0016,0.004,0.384,0.0096,0.0024,0.0056,0.05206173,0.006479893,0.046843827,0.0035095783,0.0424,0.09224353,0.0048,0.0064,0.35760000000000003,0.0584,0.008799999999999999,0.0072,0.22912006,0.027508765,0.20047614
-0.066889375,0.0033113696,0.0064,0.0056,0.0056,0.392,0.0576,0.0096,0.0064,0.21829334,0.02061069,0.19810075,0.057103906,0.0022576116,-0.0024,0.0008,0.004,0.3896,0.0184,0.0024,0.0056,0.0031876937,0.0,0.00991299,0.003335725,0.0064,0.120915115,0.0064,0.0056,0.392,0.0576,0.0096,0.0064,0.21708402,0.021310017,0.19617169
-0.06692,0.003674835,0.0072,0.0048,0.0048,0.2624,0.041600000000000005,0.0056,0.0072,0.2616743,0.020092566,0.24192545,0.056998853,0.0022467114,0.0,0.0016,0.0048,0.38480000000000003,0.02,0.0024,0.0048,-0.016699038,0.0,-0.016699038,0.0036851477,0.0072,0.07483041,0.0048,0.0056,0.2624,0.041600000000000005,0.0072,0.0072,0.25969356,0.020915208,0.23907244
-0.06684277,0.0032647662,0.0064,0.0048,0.0056,0.40480000000000005,0.044,0.0072,0.008,0.13929175,0.01690941,0.12109618,0.05693021,0.0021994002,-0.0008,0.0016,0.0048,0.39280000000000004,0.0064,0.0024,0.0048,0.069219664,0.0,0.07107492,0.0032828546,0.0064,0.1050243,0.0056,0.0072,0.40480000000000005,0.044,0.008,0.008799999999999999,0.14578062,0.01783419,0.12672506
-0.066798404,0.003442295,0.0072,0.0032,0.0064,0.38,0.0544,0.0048,0.010400000000000001,0.18512732,0.016890198,0.16770841,0.0570501,0.0020795092,0.0008,0.0024,0.004,0.3888,0.0064,0.0024,0.0064,0.027772307,0.0019635558,0.026033007,0.0034495918,0.0072,0.06505502,0.0032,0.0064,0.38,0.0544,0.0056,0.010400000000000001,0.18654115,0.01770179,0.16823947
-0.06691311,0.003557004,0.0064,0.004,0.0056,0.384,0.0576,0.0064,0.0072,0.20125616,0.018470671,0.18184018,0.056922786,0.002322778,-0.0008,0.0024,0.004,0.37520000000000003,0.0192,0.0024,0.004,0.0052177534,0.0,0.0073049143,0.0035875977,0.0064,0.13068841,0.0048,0.0056,0.384,0.0576,0.008,0.0072,0.2002199,0.019495662,0.17968509
-0.0670203,0.0032203943,0.0072,0.004,0.0064,0.10719999999999999,0.0584,0.0072,0.008,0.2722174,0.018554397,0.2539109,0.05696569,0.0020479672,0.0,0.0016,0.0056,0.384,0.0072,0.0032,0.0064,0.047133133,0.0,0.047133133,0.0032866343,0.008799999999999999,0.20110938,0.008799999999999999,0.0056,0.3032,0.0816,0.010400000000000001,0.008799999999999999,0.27614617,0.027122404,0.24961917
-0.06711082,0.0031999685,0.008,0.0048,0.0064,0.3832,0.056799999999999996,0.0056,0.008,0.26088887,0.019462533,0.24069627,0.057123385,0.0020062253,0.0,0.0016,0.0048,0.3816,0.008,0.0016,0.0064,0.04817839,0.0,0.04817839,0.0032227926,0.008799999999999999,0.119084395,0.0064,0.0056,0.384,0.056,0.008799999999999999,0.0072,0.26476496,0.024118185,0.2396059
-0.06730077,0.0031680167,0.0064,0.0064,0.0064,0.3704,0.0712,0.008,0.008,0.25600883,0.018465344,0.23825708,0.057204552,0.0021569654,-0.0016,0.0016,0.0048,0.3968,0.0072,0.0024,0.0056,-0.020233177,0.0,-0.015942901,0.0031954302,0.0064,0.13108192,0.0072,0.0064,0.3704,0.0712,0.008799999999999999,0.008,0.25116792,0.0193499,0.23246206
-0.06752533,0.0006188676,0.332,0.7264,0.0016,0.7312,0.0016,0.7264,0.0016,0.09535662,0.017070457,0.10179163,0.05733883,0.0006312467,0.6871999999999999,1.052,0.0008,1.0824,0.0016,1.0728,0.0016,0.032462552,0.024393108,0.019082379,0.0006930239,0.9496,1.1453593,1.2952,0.0008,1.3448,0.0024,1.3352,0.0008,0.06892427,0.06488036,0.029162228
-0.06767222,0.003317576,0.008,0.0056,0.0032,0.4072,0.07600000000000001,0.0064,0.0056,0.27265212,0.020638604,0.25234854,0.057452228,0.0016773827,0.0008,0.0032,0.004,0.368,0.02,0.004,0.004,-0.029276907,0.0015614294,-0.030784301,0.0033577485,0.008,0.15484305,0.0064,0.0056,0.4072,0.07600000000000001,0.0096,0.0072,0.26487482,0.021941412,0.24343717
-0.067783624,0.00276329,0.0072,0.0056,0.008,0.4008,0.1064,0.0064,0.0112,0.22861668,0.015660867,0.21363866,0.05757653,0.0017849877,0.0008,0.0024,0.0048,0.3992,0.0064,0.0032,0.0056,-0.004926361,0.001553081,-0.006433755,0.0027771983,0.008,0.100121796,0.0072,0.0072,0.4016,0.1048,0.008,0.010400000000000001,0.22697937,0.019455433,0.20819838
-0.06790966,0.002667427,0.0048,0.0056,0.008,0.4008,0.068,0.0072,0.0296,0.22872326,0.01234325,0.21696274,0.057593927,0.0017675906,-0.0008,0.0024,0.0032,0.38,0.0064,0.004,0.004,0.03165181,0.0,0.033507064,0.0027358546,0.0048,0.2241265,0.0064,0.008,0.4008,0.068,0.0072,0.0288,0.23003736,0.013206187,0.21735974
-0.06779317,0.002439987,0.0064,0.0056,0.0072,0.3976,0.1048,0.008,0.012,0.23289144,0.013972476,0.21835719,0.057559136,0.001454521,-0.0016,0.0008,0.0072,0.3968,0.008799999999999999,0.0016,0.0072,0.08627144,0.0,0.08870646,0.0024577538,0.0064,0.12031311,0.0064,0.0072,0.3976,0.1048,0.008,0.0264,0.24156246,0.014767064,0.22645134
-0.06769464,0.0024524108,0.0072,0.0056,0.0096,0.40480000000000005,0.0928,0.0072,0.012,0.24298242,0.015414771,0.22800438,0.057468,0.0011977963,0.0016,0.0048,0.004,0.4016,0.0056,0.2784,0.0056,0.04782807,0.0020477325,0.045972817,0.0025032742,0.008799999999999999,0.2019374,0.008,0.0072,0.4064,0.09119999999999999,0.0096,0.0272,0.24763775,0.021603396,0.22643729
-0.0675109,0.0022686683,0.0112,0.008,0.0128,0.4008,0.124,0.0096,0.0256,0.29689312,0.021221276,0.27658954,0.057398893,0.0012669042,0.0032,0.004,0.0048,0.39840000000000003,0.02,0.004,0.0048,0.059886776,0.0032123625,0.056524128,0.0022796334,0.0112,0.09812211,0.008,0.0128,0.4008,0.124,0.010400000000000001,0.0256,0.3013318,0.022197925,0.27997863
-0.0672859,0.0023765154,0.008,0.004,0.0072,0.40480000000000005,0.1128,0.0056,0.0096,0.21745828,0.013335999,0.20525396,0.057321206,0.0011126846,0.0024,0.0048,0.0032,0.4008,0.0064,0.192,0.0056,-0.020644806,0.0026423335,-0.023659594,0.0023955028,0.008,0.12598974,0.0056,0.008,0.40480000000000005,0.09040000000000001,0.0072,0.0096,0.21314052,0.014249628,0.19994013
-0.06702406,0.0023365691,0.008799999999999999,0.0056,0.0064,0.3976,0.07039999999999999,0.008,0.008,0.1838347,0.016715433,0.16697055,0.057050567,0.0014992766,0.0008,0.0016,0.004,0.4008,0.008,0.0032,0.0048,0.086210504,0.0011514165,0.08505097,0.0023390562,0.008799999999999999,0.04611869,0.0056,0.0064,0.3976,0.07039999999999999,0.008,0.008,0.18761376,0.017131893,0.17035055
-0.06678443,0.0019859895,0.0072,0.0064,0.008,0.4072,0.06319999999999999,0.008,0.028,0.1661025,0.013657849,0.15223396,0.05689751,0.0013044737,-0.0008,0.0016,0.0056,0.3968,0.008799999999999999,0.07440000000000001,0.0072,0.0566409,0.0,0.058148295,0.002104966,0.0024,0.471761,0.004,0.0128,0.4024,0.068,0.004,0.0296,0.17369981,0.004193344,0.16967444
-0.06658893,0.0023452342,0.0432,0.0056,0.0096,0.4296,0.088,0.0056,0.0144,0.2260645,0.011700045,0.21496964,0.05679269,0.0014092922,0.0384,0.0024,0.004,0.42800000000000005,0.017599999999999998,0.0032,0.0056,0.018488027,0.0036397576,0.015125379,0.00242018,0.0432,0.24951234,0.0056,0.0096,0.4296,0.088,0.0064,0.0232,0.2236292,0.01363731,0.21078776
-0.06640431,0.0024934597,0.0096,0.0072,0.0072,0.4016,0.07600000000000001,0.0072,0.008,0.19843864,0.017828163,0.18068689,0.056686707,0.0011674166,0.0016,0.0024,0.0064,0.38239999999999996,0.0112,0.36,0.0072,-0.021801885,0.0018710196,-0.023425233,0.002504963,0.0096,0.09587256,0.0072,0.0072,0.4016,0.07600000000000001,0.0072,0.008,0.19544035,0.018676624,0.17689325
-0.066359036,0.0026700795,0.008799999999999999,0.0072,0.008,0.376,0.0768,0.0072,0.0128,0.2163995,0.0181651,0.19898058,0.05665702,0.0013130568,0.0024,0.004,0.004,0.3976,0.010400000000000001,0.33280000000000004,0.0048,-0.0030139685,0.00324345,-0.005912803,0.002740516,0.008799999999999999,0.22721282,0.0072,0.008,0.376,0.0768,0.008,0.0128,0.21015866,0.019959273,0.19088888
-0.06626119,0.00057516247,-0.38799999999999996,0.0,0.0008,0.0112,0.0016,0.0112,0.0008,-0.07876874,0.0,-0.050920673,0.056538053,0.00062035024,-0.22719999999999999,0.1536,0.0008,0.1704,0.0024,0.15519999999999998,0.0008,-0.021393871,0.0,-0.020930056,0.0006639881,-0.1064,2.9036,0.2912,0.0016,0.2912,0.0016,0.2912,0.0016,0.071504846,0.0,0.06570381
-0.06629713,0.002497226,0.0064,0.0032,0.010400000000000001,0.4024,0.0768,0.0048,0.012,0.13557652,0.011212878,0.12248462,0.05661992,0.0012342036,0.0016,0.0032,0.0056,0.3944,0.0288,0.0464,0.0064,0.0010382459,0.0020045936,-0.00070105493,0.0026133577,0.0064,0.29923508,0.004,0.010400000000000001,0.3344,0.0768,0.0064,0.012,0.12985787,0.013112516,0.11498919
-0.06618463,0.0024956763,0.0072,0.0048,0.012,0.38720000000000004,0.0752,0.0056,0.0232,0.07894415,0.013918076,0.064188,0.056624785,0.0013452917,0.0,0.0024,0.0048,0.39999999999999997,0.0056,0.33999999999999997,0.0056,0.008291354,0.0,0.008291354,0.00250258,0.0072,0.07429488,0.0048,0.012,0.38720000000000004,0.07600000000000001,0.0056,0.0232,0.07934183,0.01442551,0.06396365
-0.066537224,0.002515424,0.0064,0.0048,0.008799999999999999,0.3968,0.088,0.0072,0.010400000000000001,0.2234508,0.01257889,0.21191218,0.056635223,0.0014508069,0.0,0.0032,0.004,0.392,0.0072,0.0032,0.004,0.0048676543,0.0,0.0048676543,0.0025215263,0.0064,0.06958531,0.0048,0.008799999999999999,0.3968,0.088,0.0072,0.010400000000000001,0.22324848,0.0130490735,0.21120569
-0.06647931,0.002568461,0.008799999999999999,0.0064,0.0064,0.4064,0.0872,0.008,0.0096,0.18334518,0.018267695,0.16392921,0.05673263,0.0014693551,0.0016,0.004,0.004,0.4016,0.032,0.0384,0.0048,0.032227255,0.0022429898,0.02967628,0.002603512,0.008799999999999999,0.16427644,0.008,0.0064,0.4064,0.0872,0.008,0.0256,0.18614718,0.01964102,0.16549455
-0.06664351,0.0026217066,0.008,0.0056,0.008,0.3944,0.09119999999999999,0.0064,0.008799999999999999,0.30171728,0.016786449,0.28740495,0.05671407,0.0016038679,0.0008,0.0024,0.004,0.3864,0.0224,0.0032,0.0056,0.03583038,0.0012560077,0.034322985,0.002680908,0.008,0.21054374,0.0064,0.008,0.3784,0.09119999999999999,0.008799999999999999,0.008799999999999999,0.30254287,0.018556045,0.28636557
-0.06662776,0.002495017,0.008799999999999999,0.0064,0.0064,0.2848,0.0696,0.0072,0.0248,0.20903441,0.01779265,0.1913936,0.05673054,0.001471445,0.0008,0.0024,0.004,0.3992,0.0216,0.25279999999999997,0.0056,0.05687076,0.0011235848,0.056059085,0.002553595,0.008799999999999999,0.21460518,0.0072,0.0064,0.3832,0.0848,0.008799999999999999,0.0248,0.21635056,0.019374548,0.19738586
-0.06655875,0.0025369488,0.008799999999999999,0.0048,0.0072,0.372,0.10400000000000001,0.0072,0.0112,0.20497873,0.016589701,0.1886693,0.056789212,0.0014127716,0.004,0.0056,0.004,0.4032,0.017599999999999998,0.0056,0.0048,0.07895874,0.0056724176,0.07350893,0.0026049968,0.0072,0.37286365,0.0056,0.008799999999999999,0.3544,0.0944,0.0064,0.0128,0.21965763,0.014464786,0.20542476
-0.06680772,0.0026749708,0.0024,0.004,0.0072,0.3288,0.0752,0.0064,0.028,0.24447682,0.00647163,0.23892938,0.056854375,0.0014635623,-0.004,0.0016,0.0056,0.3856,0.0216,0.0016,0.0056,-0.019655831,0.0,-0.013974115,0.0027532575,0.0024,0.23903987,0.0064,0.0072,0.3088,0.0752,0.0072,0.028,0.23287138,0.006860474,0.2267679
-0.06691091,0.0023343675,0.0048,0.0024,0.0112,0.3976,0.0808,0.0048,0.0272,0.22934291,0.00812592,0.22179842,0.056872003,0.0013299808,0.0016,0.004,0.004,0.39280000000000004,0.02,0.24639999999999998,0.0048,0.039012633,0.002196148,0.036693566,0.0024519567,0.0048,0.31095225,0.004,0.0112,0.3792,0.0808,0.0064,0.0272,0.23028073,0.009823013,0.22096941
-0.06705491,0.0024783686,0.008799999999999999,0.0072,0.0072,0.3776,0.07039999999999999,0.0072,0.0072,0.21419069,0.017498601,0.19610609,0.057005346,0.0013125911,0.0016,0.0032,0.004,0.3976,0.0344,0.33999999999999997,0.008,0.05855497,0.0023932755,0.056235902,0.0025284837,0.008799999999999999,0.19942915,0.0072,0.0072,0.38720000000000004,0.07039999999999999,0.0072,0.008799999999999999,0.2215457,0.019139268,0.20207371
-0.06726904,0.002470605,0.0448,0.0072,0.0112,0.4248,0.0864,0.008,0.0392,0.2808141,0.022634547,0.26461565,0.05712872,0.0014211237,0.0368,0.0024,0.0056,0.436,0.0184,0.0024,0.0056,0.03942296,0.006119512,0.033161476,0.0025194066,0.044,0.19715284,0.0064,0.012,0.4432,0.0872,0.0072,0.036,0.28309634,0.022773225,0.26638
-0.06744878,0.0028722398,0.008799999999999999,0.0048,0.0056,0.38720000000000004,0.0752,0.008,0.008799999999999999,0.2100308,0.020055972,0.18961626,0.05727899,0.0018506199,0.0016,0.0024,0.0024,0.4016,0.0216,0.0048,0.004,0.08557844,0.0028895661,0.08267961,0.0028926744,0.008799999999999999,0.11893368,0.0072,0.0064,0.36479999999999996,0.0752,0.008,0.008799999999999999,0.21870123,0.021339104,0.19695881
-0.067684434,0.002996944,0.0096,0.0072,0.0048,0.3888,0.056,0.008799999999999999,0.0096,0.22445409,0.02386995,0.20093301,0.057455014,0.0017905496,0.0,0.0016,0.0056,0.38239999999999996,0.010400000000000001,0.0016,0.0072,0.04376918,0.0,0.04376918,0.003023402,0.0096,0.132393,0.008,0.0056,0.33599999999999997,0.056,0.010400000000000001,0.0096,0.2282677,0.025334131,0.20342179
-0.06793007,0.002687838,0.044,0.008,0.0064,0.43360000000000004,0.0552,0.008799999999999999,0.0256,0.21208116,0.02401271,0.1863411,0.05767764,0.0016838759,0.0368,0.0032,0.0048,0.42160000000000003,0.008,0.0032,0.0064,0.06371745,0.0075384006,0.056412384,0.0027186861,0.044,0.1507862,0.008,0.0064,0.43360000000000004,0.0552,0.0096,0.0256,0.2192461,0.026330482,0.19125508
-0.06829598,0.0030537471,0.0072,0.0048,0.0064,0.4016,0.0592,0.0072,0.0264,0.25329524,0.017942138,0.23543255,0.057860848,0.0017325766,0.0008,0.0032,0.004,0.3816,0.020800000000000003,0.0032,0.0064,-0.059308723,0.0015006699,-0.06093207,0.0030620384,0.0072,0.07360655,0.0072,0.008,0.4016,0.0592,0.0072,0.0264,0.24824783,0.01867361,0.22955519
-0.06843643,0.0031941943,0.0064,0.0072,0.008,0.3672,0.0584,0.008799999999999999,0.008799999999999999,0.18443945,0.018785715,0.16746435,0.057903517,0.002269674,-0.0008,0.0024,0.0032,0.39280000000000004,0.0064,0.004,0.0032,0.03855765,0.0,0.04029695,0.0031994046,0.0064,0.057076965,0.0072,0.008,0.3672,0.0584,0.008799999999999999,0.008799999999999999,0.18633865,0.019162536,0.1690935
-0.06858266,0.0035623237,0.008,0.0056,0.0072,0.2736,0.0856,0.008,0.008,0.2588335,0.023529876,0.2352015,0.05797402,0.0024310816,0.0,0.0024,0.004,0.3952,0.02,0.0024,0.0056,0.032874107,0.0,0.032874107,0.0035918844,0.008,0.1283833,0.0064,0.0072,0.2736,0.0856,0.008799999999999999,0.008,0.26091227,0.025097813,0.23575264
-0.068509884,0.0038223937,0.0056,0.0024,0.0072,0.384,0.0584,0.0048,0.0096,0.30399564,0.013997681,0.29090375,0.057971932,0.0026650764,-0.0008,0.0016,0.0048,0.3992,0.0216,0.0016,0.0064,0.033742517,0.0,0.03629349,0.003932906,0.0056,0.23762119,0.0048,0.008,0.39359999999999995,0.0584,0.008,0.0112,0.30339628,0.016521804,0.2878336
-0.068455294,0.0037678033,0.0064,0.0056,0.0064,0.3992,0.056799999999999996,0.0064,0.0096,0.26882032,0.02104465,0.24840583,0.057857603,0.0027794056,-0.0008,0.0024,0.004,0.39359999999999995,0.0192,0.0032,0.004,0.08447102,0.0,0.087253906,0.0037958198,0.0064,0.12157322,0.0056,0.0064,0.3112,0.056799999999999996,0.0096,0.0096,0.27708033,0.022264034,0.25539622
-0.068222314,0.003867671,0.0048,0.004,0.0072,0.3656,0.0408,0.0048,0.008799999999999999,0.27061057,0.015217721,0.25541064,0.05778107,0.0026240293,-0.0016,0.0032,0.004,0.3808,0.0192,0.0032,0.0048,0.11810141,0.0,0.12250764,0.003922378,0.0048,0.16721283,0.004,0.008,0.3656,0.061599999999999995,0.008,0.008799999999999999,0.2864924,0.016506523,0.27017283
-0.06787327,0.003740523,0.0064,0.004,0.0072,0.06,0.0576,0.0056,0.0096,0.2894152,0.017386995,0.2719963,0.057650506,0.0024067312,0.0,0.0024,0.0032,0.396,0.02,0.0032,0.0056,0.010091409,0.0,0.010091409,0.0037657924,0.0064,0.11591198,0.004,0.0072,0.3656,0.07600000000000001,0.0056,0.0096,0.28864023,0.018679053,0.26995695
-0.06766224,0.0037513897,0.0408,0.0032,0.0064,0.396,0.0592,0.0048,0.0072,0.265276,0.023566708,0.24319726,0.057484467,0.002804678,0.033600000000000005,0.0016,0.004,0.376,0.02,0.0024,0.004,0.07525054,0.0057855025,0.07072836,0.0037695586,0.0408,0.098221555,0.0032,0.0064,0.3024,0.0592,0.008,0.0072,0.27137676,0.025370091,0.2476306
-0.06747384,0.0038958378,0.0064,0.0032,0.0064,0.35760000000000003,0.044,0.0048,0.0072,0.23348306,0.016521506,0.21628605,0.05732422,0.0025011115,0.0008,0.0024,0.0032,0.3896,0.0184,0.0032,0.0048,0.029738225,0.002385158,0.02753511,0.003917768,0.0064,0.10585737,0.004,0.0072,0.35760000000000003,0.044,0.0048,0.0072,0.23531821,0.01785707,0.21683306
-0.067155205,0.0036881454,0.0408,0.0048,0.0064,0.4208,0.04,0.008,0.008,0.25534606,0.026110746,0.23337829,0.057259284,0.0026820004,0.0328,0.0016,0.004,0.42,0.0192,0.0024,0.0048,0.070555866,0.0035168082,0.068816565,0.0037059595,0.0408,0.0980894,0.0048,0.0064,0.4208,0.04,0.008,0.008,0.26102832,0.027797915,0.23758769
-0.067157425,0.0034684725,0.008799999999999999,0.0048,0.0064,0.3664,0.0576,0.0064,0.008799999999999999,0.2422558,0.023618937,0.21862379,0.05715284,0.0023246296,0.0016,0.0024,0.0032,0.3712,0.0184,0.0032,0.0048,0.06516092,0.0041854456,0.06063874,0.0034864321,0.008799999999999999,0.10154511,0.0056,0.0064,0.3664,0.0576,0.008,0.008799999999999999,0.2476133,0.025113808,0.22238687
-0.067038715,0.0033497624,0.0056,0.0064,0.0072,0.3008,0.0944,0.0072,0.008,0.29745862,0.016791414,0.27992874,0.057124086,0.0018895715,-0.0016,0.0024,0.0048,0.3952,0.0192,0.0024,0.0056,0.015299812,0.0,0.018778414,0.003360325,0.0056,0.07930883,0.0064,0.0072,0.3008,0.0944,0.0072,0.008,0.29773575,0.017336415,0.27970982
-0.0669899,0.0034118928,0.0072,0.0048,0.0056,0.404,0.056799999999999996,0.0056,0.0072,0.22123843,0.018946502,0.20259911,0.057073295,0.002172269,-0.0008,0.0016,0.0056,0.35919999999999996,0.010400000000000001,0.0016,0.0064,0.05304642,0.0,0.055017628,0.0034392546,0.0072,0.12622502,0.0048,0.0056,0.404,0.056799999999999996,0.0072,0.0072,0.22615632,0.020278947,0.20613255
-0.066969484,0.0031695813,0.0064,0.0056,0.0072,0.4032,0.07440000000000001,0.0064,0.0096,0.29723802,0.018588793,0.27882057,0.057094865,0.0019187927,-0.0016,0.0016,0.004,0.3512,0.0064,0.0024,0.0048,0.010778785,0.0,0.014837153,0.0031961687,0.0072,0.1290743,0.0072,0.0064,0.404,0.0736,0.008799999999999999,0.008799999999999999,0.29615286,0.022516636,0.2739273
-0.06692021,0.003009364,0.008,0.0048,0.0072,0.31679999999999997,0.07600000000000001,0.0072,0.0112,0.21989499,0.017556448,0.20314178,0.057056367,0.0019572899,0.0008,0.0016,0.0056,0.39840000000000003,0.02,0.0016,0.0056,0.060639523,0.001377523,0.059248082,0.0030856323,0.008,0.22279914,0.0064,0.0072,0.296,0.07600000000000001,0.0072,0.0128,0.22785872,0.020166282,0.20849633
-0.06695595,0.0033779405,0.8192,0.004,0.0064,1.2024,0.0896,0.0056,0.0096,0.18989292,0.021162085,0.22370848,0.05703271,0.0019809455,0.8128,0.0024,0.0056,1.1944,0.02,0.0032,0.0056,0.04962533,0.016503058,0.030801572,0.0034289937,0.8192,0.17277606,0.004,0.0064,1.2008,0.0816,0.0072,0.0096,0.19559711,0.025531542,0.22382574
-0.06697703,0.0033990256,0.0072,0.004,0.008,0.3832,0.061599999999999995,0.0064,0.0096,0.19849756,0.016611729,0.18141147,0.056970328,0.0021592826,0.0008,0.0024,0.004,0.3728,0.008,0.0032,0.0048,0.011071816,0.0020433292,0.009216562,0.0034410176,0.0072,0.1563857,0.0048,0.008,0.33280000000000004,0.061599999999999995,0.0064,0.0096,0.19779964,0.018352188,0.17902581
-0.06692488,0.003235925,0.004,0.0032,0.0072,0.0096,0.0872,0.0064,0.0096,0.18844643,0.010632198,0.1781282,0.056988183,0.0020254739,-0.0008,0.004,0.0024,0.38720000000000004,0.0072,0.004,0.0024,0.024814174,0.0,0.026785381,0.0032608153,0.004,0.123635575,0.0064,0.008,0.0952,0.0896,0.0072,0.0112,0.1900681,0.01118508,0.17918515
-0.06688294,0.0031939857,0.0424,0.0048,0.0064,0.268,0.041600000000000005,0.0064,0.008,0.18528329,0.023938652,0.1587666,0.05691351,0.001984194,0.0368,0.004,0.0024,0.4264,0.0192,0.0048,0.0032,0.040583163,0.010801271,0.028176151,0.0032485228,0.0424,0.18349658,0.0064,0.0064,0.268,0.041600000000000005,0.008,0.008,0.18957788,0.026920661,0.15988836
-0.06690779,0.0034407377,0.008,0.004,0.0064,0.2192,0.056799999999999996,0.0064,0.008,0.2716045,0.018652674,0.25318706,0.0568836,0.0020141043,0.0008,0.0016,0.0056,0.39359999999999995,0.0072,0.0024,0.0056,0.07368083,0.0017821975,0.07182558,0.0034444025,0.008,0.046134695,0.004,0.0064,0.2192,0.056799999999999996,0.0064,0.008,0.27471355,0.019342449,0.25555098
-0.06683967,0.003372617,0.0048,0.0032,0.008,0.3688,0.0608,0.0048,0.0096,0.24825206,0.011470765,0.2373791,0.056998156,0.0025952682,-0.0008,0.0016,0.004,0.38720000000000004,0.0064,0.0024,0.0048,0.011072934,0.0,0.013855815,0.0034298683,0.0048,0.18296802,0.0048,0.008799999999999999,0.34400000000000003,0.0608,0.0072,0.0096,0.24612296,0.013057652,0.23355381
-0.06691734,0.0035612285,0.0072,0.0048,0.0056,0.2944,0.0408,0.0072,0.0064,0.2733275,0.020734318,0.25258014,0.057025522,0.0024519488,0.0,0.0024,0.0048,0.3608,0.0184,0.0032,0.0056,0.0114195645,0.0,0.0114195645,0.0036318337,0.008799999999999999,0.1975042,0.0072,0.0048,0.296,0.0392,0.0096,0.0056,0.2702546,0.029950537,0.24023537
-0.067008086,0.0034300797,0.008,0.0048,0.0048,0.3952,0.06,0.008,0.0056,0.28391337,0.022873104,0.26072514,0.057098106,0.0023793653,0.0016,0.004,0.0016,0.3896,0.0064,0.004,0.0016,0.018438824,0.0044108704,0.013800688,0.003434605,0.008,0.051338766,0.0064,0.0048,0.3952,0.06,0.008,0.0056,0.28448552,0.023451088,0.26064357
-0.06725306,0.003231261,0.0064,0.0048,0.0056,0.2176,0.0384,0.0056,0.008799999999999999,0.20292222,0.017196108,0.186169,0.057111096,0.0021344684,0.0,0.0024,0.0032,0.37679999999999997,0.008,0.0032,0.0048,0.04382848,0.0,0.04382848,0.0032433022,0.0064,0.08619619,0.0056,0.0056,0.2176,0.0384,0.0056,0.008799999999999999,0.20594202,0.017913524,0.18849234
-0.06737332,0.0032405742,0.0072,0.004,0.0064,0.3544,0.056799999999999996,0.0056,0.008799999999999999,0.22887374,0.01596228,0.21311907,0.057285484,0.0018441267,0.0,0.0008,0.0048,0.3968,0.008799999999999999,0.0016,0.0072,0.05427129,0.0,0.05427129,0.00327204,0.0072,0.138795,0.0056,0.0064,0.4024,0.056799999999999996,0.0072,0.0096,0.2341812,0.017479347,0.2168936
-0.067621194,0.0033774972,0.0056,0.0024,0.0072,0.372,0.0768,0.0056,0.010400000000000001,0.28786108,0.012991428,0.27499104,0.057464983,0.0018965341,0.0,0.0024,0.004,0.3584,0.008,0.0024,0.0056,-0.008695833,0.0,-0.008695833,0.003434121,0.0056,0.18184651,0.0048,0.0072,0.3072,0.0768,0.0064,0.010400000000000001,0.28154206,0.0145699615,0.26695502
-0.06783798,0.002928596,0.0064,0.0048,0.008799999999999999,0.40480000000000005,0.0592,0.0056,0.0096,0.29246095,0.013887197,0.27959093,0.057448518,0.0016810931,0.0024,0.0048,0.0024,0.37520000000000003,0.0064,0.0056,0.0032,0.09085065,0.004695419,0.08644442,0.0029428853,0.0064,0.09858428,0.0048,0.008799999999999999,0.40480000000000005,0.0592,0.0056,0.024,0.29998285,0.014801075,0.2862395
-0.06784198,0.0030435398,0.008,0.0064,0.004,0.4024,0.0888,0.008,0.010400000000000001,0.28791124,0.020782866,0.2676077,0.057495367,0.0016342439,-0.0008,0.0016,0.0064,0.39359999999999995,0.008799999999999999,0.0032,0.0064,0.040753685,0.0,0.042377032,0.0030461822,0.008,0.04165429,0.008,0.004,0.4024,0.0888,0.008,0.010400000000000001,0.28935856,0.021174973,0.26867667
-0.06785263,0.0026103966,0.0064,0.0056,0.008799999999999999,0.3944,0.0864,0.0064,0.0096,0.24819575,0.015557658,0.23410533,0.057532005,0.0014816523,-0.0008,0.004,0.0048,0.3784,0.008,0.004,0.0072,0.05258473,0.0,0.054208077,0.0026185254,0.0064,0.07881483,0.0064,0.008799999999999999,0.3944,0.0864,0.008799999999999999,0.0224,0.25156546,0.016104817,0.2369436
-0.067833774,0.002591543,0.0432,0.004,0.008799999999999999,0.4264,0.061599999999999995,0.0056,0.010400000000000001,0.24159914,0.017567057,0.22606638,0.057496987,0.0016326234,0.0376,0.0032,0.004,0.4256,0.008,0.0032,0.0048,0.04661289,0.0069293603,0.040583313,0.0026160353,0.0432,0.13694574,0.0056,0.008799999999999999,0.4264,0.061599999999999995,0.0072,0.012,0.2457007,0.019386368,0.2284613
-0.06763273,0.002501443,0.008799999999999999,0.0064,0.0096,0.4064,0.08320000000000001,0.0064,0.012,0.2818635,0.016531978,0.26544315,0.057452694,0.0012131035,0.0032,0.004,0.0048,0.4016,0.0136,0.2208,0.0048,0.016754277,0.004272647,0.011536375,0.0025334489,0.008799999999999999,0.15912257,0.0064,0.0096,0.4064,0.06720000000000001,0.0072,0.012,0.28095737,0.017886339,0.262852
-0.067457646,0.0022154152,0.041600000000000005,0.0024,0.010400000000000001,0.42800000000000005,0.10400000000000001,0.0064,0.0264,0.24507843,0.013350818,0.23442736,0.05731494,0.0014668107,0.0392,0.004,0.0016,0.4272,0.0056,0.0048,0.0024,0.06499234,0.008447222,0.059310623,0.0023000382,0.0392,0.6915517,0.004,0.0128,0.4144,0.0864,0.0048,0.017599999999999998,0.23022124,0.011747747,0.22198302
-0.067162305,0.0022529177,0.0056,0.0048,0.0112,0.404,0.0736,0.0048,0.0304,0.21673575,0.009335414,0.2079708,0.057208724,0.001225166,0.0016,0.0032,0.0048,0.39999999999999997,0.0128,0.3024,0.0048,0.028585695,0.002102472,0.026614487,0.0024177064,0.0056,0.37134278,0.0048,0.0112,0.404,0.0736,0.0056,0.0304,0.21233605,0.0112641435,0.20155984
-0.066893585,0.0024279915,0.0448,0.0056,0.0048,0.4344,0.07759999999999999,0.0072,0.008,0.24219465,0.017363634,0.2265509,0.056956414,0.0014774762,0.0368,0.0024,0.0064,0.43679999999999997,0.008799999999999999,0.17679999999999998,0.0072,0.08354212,0.0060447976,0.080527335,0.0024453711,0.0424,0.32540023,0.0048,0.010400000000000001,0.432,0.08,0.0064,0.010400000000000001,0.25619242,0.014209119,0.24479246
-0.06667392,0.0025411732,0.008,0.0064,0.0064,0.4064,0.0976,0.008799999999999999,0.028,0.2823736,0.018311009,0.26562038,0.056890555,0.0013114288,0.0008,0.004,0.004,0.3888,0.008,0.0056,0.0056,0.09652626,0.0009635687,0.095714584,0.0025552502,0.008,0.10501567,0.0064,0.0064,0.4064,0.0976,0.008799999999999999,0.028,0.29093614,0.019013543,0.27353376
-0.06649906,0.0023663156,0.0064,0.0032,0.0112,0.3128,0.0552,0.0048,0.0256,0.20148851,0.010054633,0.191836,0.056704562,0.001381468,0.0016,0.0016,0.0048,0.39840000000000003,0.012,0.0024,0.0048,0.025914818,0.0019512624,0.02394361,0.0024094442,0.0064,0.18949117,0.004,0.0112,0.3632,0.0552,0.0048,0.0256,0.20276323,0.0114758555,0.19182014
-0.06637967,0.00224692,0.010400000000000001,0.008799999999999999,0.008,0.40559999999999996,0.1056,0.008799999999999999,0.008799999999999999,0.23164769,0.018004134,0.21500543,0.056587912,0.0013821647,0.0016,0.0016,0.0064,0.3904,0.008,0.1096,0.0072,0.006609712,0.0019526556,0.0049863644,0.0022579224,0.010400000000000001,0.09876031,0.008799999999999999,0.008,0.396,0.1056,0.0096,0.008799999999999999,0.2311706,0.019013511,0.21351188
-0.06629358,0.0026046298,0.0072,0.0064,0.0072,0.40480000000000005,0.06,0.008799999999999999,0.0112,0.24586418,0.016119055,0.22977664,0.05661806,0.0012360625,-0.0024,0.0024,0.008799999999999999,0.3976,0.010400000000000001,0.1368,0.008799999999999999,0.019943235,0.0,0.023421837,0.0026228284,0.0072,0.11786923,0.0064,0.008799999999999999,0.40480000000000005,0.0856,0.008799999999999999,0.0112,0.2465035,0.01697453,0.22965491
-0.06628515,0.0024852455,0.008,0.0064,0.0072,0.3712,0.056,0.008799999999999999,0.0344,0.16719928,0.016975112,0.14889279,0.056539677,0.001198493,0.0,0.0032,0.0048,0.3992,0.020800000000000003,0.2408,0.008,0.010782093,0.0,0.010782093,0.0025151689,0.008,0.15440737,0.0064,0.0072,0.3712,0.0816,0.0096,0.0344,0.16686831,0.018081386,0.14749564
-0.066278264,0.0023674108,0.012,0.0096,0.0048,0.3736,0.0808,0.0096,0.0192,0.1658055,0.024083506,0.13906693,0.05659997,0.0013701059,0.0,0.0,0.0064,0.3976,0.010400000000000001,0.2896,0.008799999999999999,0.00046466663,0.0,0.00046466663,0.0023898229,0.012,0.13706037,0.0096,0.0056,0.3736,0.0808,0.0096,0.0192,0.16431406,0.025556644,0.13605183
-0.06638834,0.002588436,0.0096,0.0064,0.0064,0.3808,0.072,0.008,0.0224,0.19267243,0.019633543,0.17303455,0.056671634,0.0011824891,0.0032,0.0056,0.0048,0.39999999999999997,0.0072,0.23920000000000002,0.0048,-0.0116577335,0.0038023293,-0.015716102,0.0026148623,0.0096,0.14229034,0.0064,0.0064,0.4032,0.072,0.008799999999999999,0.0224,0.18907204,0.02083899,0.16823493
-0.06647909,0.002679184,0.008,0.0056,0.0072,0.3624,0.0728,0.0064,0.02,0.18761468,0.016251747,0.17152713,0.05665772,0.0014283098,0.0,0.0032,0.004,0.3992,0.008799999999999999,0.0032,0.0072,0.026258469,0.0,0.026258469,0.0027066667,0.008,0.14262444,0.0056,0.0072,0.3624,0.0728,0.0064,0.02,0.18944211,0.017375272,0.1722818
-0.066513926,0.002492126,0.012,0.008,0.0072,0.39999999999999997,0.07600000000000001,0.008799999999999999,0.0224,0.15904678,0.021738153,0.13619141,0.05672381,0.0011303127,0.004,0.0032,0.004,0.4024,0.0096,0.3672,0.004,-0.015538909,0.0041441694,-0.01866965,0.0025522131,0.012,0.21742202,0.008,0.008799999999999999,0.39999999999999997,0.07600000000000001,0.008799999999999999,0.0224,0.15195039,0.023483008,0.12755702
-0.06658205,0.0025602467,0.0064,0.0048,0.010400000000000001,0.404,0.0592,0.0056,0.0112,0.20170441,0.012382738,0.18983293,0.056745842,0.0013401881,0.0,0.0,0.008,0.3992,0.024,0.0024,0.010400000000000001,0.039132833,0.0,0.039132833,0.002706085,0.0064,0.32979944,0.0056,0.0112,0.404,0.0592,0.0064,0.028,0.20350732,0.014474108,0.18957189
-0.06676001,0.0027382113,0.008,0.0056,0.0056,0.3144,0.0896,0.0096,0.0256,0.30444664,0.018839076,0.28580728,0.05681518,0.0012708493,-0.0008,0.0008,0.0072,0.3864,0.020800000000000003,0.0024,0.008,-0.011015385,0.0,-0.009507991,0.0028546643,0.008799999999999999,0.28661585,0.008799999999999999,0.0048,0.364,0.1128,0.010400000000000001,0.0248,0.28891295,0.023305118,0.2657177
-0.06673583,0.0023811832,0.0072,0.004,0.008,0.3968,0.0864,0.0064,0.0264,0.12776388,0.011778116,0.11633618,0.05684394,0.0013580434,0.0016,0.004,0.0032,0.39359999999999995,0.020800000000000003,0.2424,0.0056,-0.016700603,0.0019044131,-0.018555857,0.002419771,0.0072,0.1788264,0.0048,0.008799999999999999,0.3968,0.0864,0.0064,0.0264,0.12275583,0.013186842,0.109984115
-0.06677909,0.0026463456,0.0096,0.0064,0.008,0.3792,0.0936,0.0064,0.0096,0.24209091,0.016334292,0.22844425,0.056846026,0.0014719106,0.0032,0.0032,0.004,0.4008,0.0328,0.0048,0.008,0.04319057,0.0041483417,0.03948006,0.0027578282,0.0096,0.2853047,0.0064,0.008,0.3792,0.0936,0.008,0.0096,0.2444606,0.019046104,0.22806945
-0.06690335,0.002659656,0.0096,0.0048,0.0056,0.404,0.0872,0.008,0.0232,0.21579419,0.018047307,0.1979315,0.05693021,0.0016196333,0.004,0.0048,0.004,0.39359999999999995,0.0224,0.0048,0.0048,0.08556909,0.0062429123,0.07930761,0.002710999,0.0072,0.34776944,0.0056,0.0112,0.4016,0.0896,0.0064,0.0264,0.2320378,0.013938481,0.218727
-0.06709329,0.0026276968,0.0048,0.0032,0.008,0.3952,0.0896,0.004,0.008799999999999999,0.15654024,0.009442117,0.14722058,0.05710159,0.0015642084,-0.0008,0.0024,0.0048,0.3912,0.0096,0.0032,0.0064,0.015360378,0.0,0.017099679,0.0027037063,0.0048,0.23767917,0.004,0.008799999999999999,0.3952,0.0896,0.0064,0.0256,0.15575601,0.010840387,0.1450876
-0.067332506,0.0026450157,0.008799999999999999,0.0064,0.0064,0.4088,0.056799999999999996,0.008799999999999999,0.0224,0.19926895,0.018776968,0.18085149,0.057284094,0.0016136095,0.0016,0.0024,0.004,0.4016,0.0072,0.004,0.004,0.016700007,0.0029953122,0.013337359,0.0026471475,0.008799999999999999,0.040135276,0.008,0.0064,0.4088,0.056799999999999996,0.008799999999999999,0.0224,0.19977856,0.01923211,0.18089208
-0.06757814,0.0026687495,0.010400000000000001,0.008,0.0064,0.40559999999999996,0.07600000000000001,0.008,0.0064,0.14306222,0.021934673,0.11909737,0.0574404,0.0018051639,0.0016,0.0024,0.0048,0.3976,0.008,0.0024,0.0048,0.04823862,0.0029146075,0.045339786,0.0026853103,0.010400000000000001,0.111116976,0.008,0.0064,0.40559999999999996,0.07600000000000001,0.008799999999999999,0.0064,0.14752905,0.023295857,0.12211761
-0.06788503,0.002753742,0.0096,0.008,0.0048,0.384,0.09040000000000001,0.0096,0.008,0.24364448,0.023947135,0.21990152,0.05764796,0.001713559,0.0,0.0016,0.0064,0.3992,0.008,0.0032,0.0072,0.035655536,0.0,0.035655536,0.002772518,0.0096,0.11644561,0.008,0.0048,0.384,0.07440000000000001,0.0096,0.0232,0.24613702,0.025204025,0.22114033
-0.06809738,0.003077045,0.008799999999999999,0.0056,0.0064,0.2472,0.0688,0.008799999999999999,0.008799999999999999,0.17580086,0.02153223,0.15438785,0.057744432,0.0017330386,0.0,0.0016,0.0064,0.3968,0.0224,0.0024,0.0064,0.08992094,0.0,0.08992094,0.0031108777,0.008799999999999999,0.14761664,0.0064,0.0064,0.3,0.0688,0.008799999999999999,0.008799999999999999,0.18711461,0.023129813,0.16410962
-0.06837319,0.003241904,0.0048,0.004,0.008,0.2912,0.0608,0.0064,0.0096,0.20346731,0.013016414,0.19026445,0.05797286,0.0020843782,-0.0024,0.0008,0.0056,0.3832,0.010400000000000001,0.0024,0.0064,-0.0011594221,0.0,0.0047542006,0.0032745213,0.0048,0.14126267,0.0064,0.008,0.3248,0.0728,0.0064,0.0096,0.20127733,0.013912911,0.18706322
-0.06850123,0.003258992,0.0072,0.004,0.008,0.3784,0.07440000000000001,0.0072,0.010400000000000001,0.28174606,0.016793765,0.26488188,0.057991643,0.0022975039,0.0008,0.0016,0.0048,0.39999999999999997,0.0216,0.0024,0.0056,0.026033565,0.0019496419,0.023830451,0.003353401,0.0072,0.23785022,0.0072,0.008799999999999999,0.3784,0.07440000000000001,0.008,0.010400000000000001,0.27994785,0.019553663,0.26028004
-0.0685385,0.0032962672,0.008,0.008,0.0048,0.4016,0.056,0.008,0.0072,0.24013606,0.021867841,0.21694784,0.05801831,0.002038926,0.0,0.0024,0.004,0.39280000000000004,0.0056,0.0032,0.0048,0.043716364,0.0,0.043716364,0.0033223613,0.008,0.12541379,0.008,0.0048,0.4016,0.056,0.008799999999999999,0.0224,0.24371833,0.023057155,0.21937782
-0.06845796,0.0032157302,0.008799999999999999,0.0056,0.0072,0.3272,0.0736,0.0072,0.008799999999999999,0.2618363,0.022392038,0.24031231,0.058043823,0.002013415,0.0016,0.0032,0.0032,0.39359999999999995,0.020800000000000003,0.0032,0.0048,0.03722167,0.0032151565,0.03409093,0.0032393013,0.008799999999999999,0.12071016,0.0064,0.008,0.3272,0.0736,0.008799999999999999,0.008799999999999999,0.26441312,0.02384884,0.24150987
-0.0683246,0.0033042692,0.008,0.0048,0.0064,0.3792,0.0896,0.0072,0.0232,0.25568128,0.020838343,0.23559958,0.057938073,0.0020032115,0.0008,0.0024,0.0048,0.3944,0.0232,0.0032,0.0056,0.02284386,0.0017713048,0.0207567,0.0033412618,0.008,0.14894238,0.0072,0.0072,0.3792,0.0896,0.0072,0.0256,0.25624037,0.022702707,0.23412694
-0.0680408,0.0031314157,0.0056,0.0048,0.0072,0.3504,0.0928,0.0056,0.0096,0.23810348,0.015041102,0.22334734,0.057756953,0.002068378,0.0,0.0024,0.004,0.38799999999999996,0.008799999999999999,0.0032,0.0056,0.054442033,0.0,0.054442033,0.0032037492,0.0056,0.21290007,0.0056,0.008,0.33039999999999997,0.0928,0.008,0.0136,0.24423099,0.016731761,0.22779897
-0.06782866,0.0030302256,0.0064,0.0048,0.0072,0.35600000000000004,0.072,0.008,0.0096,0.20236954,0.017030142,0.18550536,0.0575923,0.0020011254,-0.0008,0.0016,0.004,0.396,0.02,0.0024,0.0048,-0.007708609,0.0,-0.005621448,0.0030701854,0.0064,0.16151617,0.0064,0.0072,0.35600000000000004,0.072,0.008,0.0256,0.19849597,0.018320093,0.18037817
-0.06750424,0.0030386485,0.0072,0.0048,0.008,0.4032,0.0608,0.0064,0.008799999999999999,0.3480355,0.016918685,0.33194798,0.05749768,0.002095744,0.0008,0.0024,0.004,0.3992,0.0072,0.0024,0.0048,-0.034492984,0.0012840703,-0.03576847,0.0030594831,0.0072,0.11676958,0.0064,0.008799999999999999,0.4032,0.0608,0.0064,0.0128,0.34164685,0.018122854,0.32427746
-0.06734736,0.003103666,0.0072,0.0048,0.0072,0.2752,0.0888,0.0056,0.010400000000000001,0.26321745,0.016727198,0.24657518,0.057309143,0.001704514,0.0,0.0024,0.0048,0.3968,0.0232,0.0024,0.0056,0.00997106,0.0,0.00997106,0.0031732596,0.0072,0.20981833,0.0056,0.0072,0.404,0.0888,0.0072,0.012,0.25952154,0.018517036,0.24102236
-0.06716519,0.0029214919,0.0072,0.0048,0.0056,0.39359999999999995,0.056799999999999996,0.008,0.008,0.23420861,0.017528493,0.21678971,0.057183687,0.0018299706,0.0008,0.0032,0.004,0.39999999999999997,0.02,0.0032,0.004,0.009095207,0.0014821105,0.007587813,0.0029542216,0.0072,0.14899246,0.0048,0.0056,0.39359999999999995,0.056799999999999996,0.008,0.008,0.23296396,0.018797994,0.21434385
-0.067094184,0.0028504878,0.0064,0.0064,0.0072,0.3776,0.0712,0.008,0.010400000000000001,0.18728104,0.016590789,0.17063875,0.05716513,0.0018485263,0.0,0.0032,0.0032,0.3952,0.0184,0.004,0.0056,-0.011888444,0.0,-0.011888444,0.0028869025,0.0064,0.1589999,0.0072,0.0072,0.3776,0.0712,0.008,0.010400000000000001,0.18303636,0.017658122,0.16542903
-0.0670376,0.0030157976,0.0096,0.0056,0.0064,0.3264,0.0864,0.0072,0.0096,0.22705172,0.022431966,0.20630433,0.057083495,0.0020461157,0.0008,0.0008,0.0056,0.396,0.010400000000000001,0.0016,0.0056,0.018033564,0.0014663488,0.016642123,0.0030313644,0.0096,0.101387076,0.0056,0.0064,0.3264,0.07440000000000001,0.008799999999999999,0.0096,0.22771098,0.023780867,0.20554446
-0.06698701,0.003630899,0.0064,0.0032,0.0056,0.3744,0.0592,0.0056,0.008,0.2139636,0.016842864,0.19820893,0.057032477,0.0017492734,-0.0016,0.0016,0.0056,0.3952,0.0096,0.0016,0.0064,0.010030732,0.0,0.01339338,0.00366168,0.0064,0.12975417,0.0032,0.0064,0.3744,0.0592,0.0056,0.008799999999999999,0.21346283,0.017851848,0.19662532
-0.06693176,0.003353756,0.0064,0.004,0.0072,0.224,0.041600000000000005,0.0048,0.010400000000000001,0.28270394,0.015069503,0.26816967,0.057048712,0.0023128055,0.0016,0.0032,0.0024,0.4008,0.0192,0.004,0.004,0.020117,0.004045844,0.016058631,0.0034024382,0.0064,0.16936553,0.0048,0.010400000000000001,0.224,0.07600000000000001,0.0064,0.010400000000000001,0.28204983,0.017034456,0.265515
-0.06689137,0.0034243166,0.0096,0.0064,0.004,0.3792,0.0576,0.008799999999999999,0.0056,0.23021984,0.02644657,0.20381412,0.057107612,0.0021379516,0.0008,0.0024,0.0048,0.3976,0.02,0.0032,0.0048,0.022440761,0.0019060448,0.020237647,0.0034474435,0.0096,0.11589591,0.0064,0.0048,0.3792,0.0576,0.0096,0.0064,0.23127042,0.027908424,0.20339257
-0.06687163,0.0034045689,0.0064,0.0032,0.008,0.28080000000000005,0.0448,0.0064,0.008799999999999999,0.23893529,0.015143182,0.22329153,0.05699839,0.0022471733,0.0,0.0016,0.0048,0.39999999999999997,0.008799999999999999,0.0024,0.0056,0.059016176,0.0,0.059016176,0.0034612496,0.0064,0.18122172,0.0048,0.008,0.28080000000000005,0.0448,0.0064,0.0112,0.24565911,0.017320253,0.22782643
-0.06697347,0.003839258,0.0056,0.0048,0.0048,0.19360000000000002,0.0408,0.0064,0.0056,0.23631719,0.018775571,0.21734501,0.057010215,0.0023513027,-0.0024,0.0024,0.0048,0.39280000000000004,0.02,0.0032,0.0048,-0.0113055855,0.0,-0.003652662,0.0038877304,0.0056,0.15807632,0.0064,0.0048,0.3696,0.0576,0.0072,0.0072,0.23159108,0.019690445,0.21159597
-0.06685653,0.0037223212,0.010400000000000001,0.0048,0.0048,0.0112,0.0408,0.0072,0.0064,0.2208434,0.02553479,0.1945486,0.05697682,0.002616603,0.0016,0.0008,0.0048,0.3976,0.02,0.0024,0.0056,0.04203163,0.0032619983,0.03855303,0.0037452166,0.010400000000000001,0.11062998,0.0048,0.0048,0.012,0.0408,0.0072,0.0072,0.22413382,0.027687589,0.19563146
-0.06687806,0.003743846,0.0064,0.0032,0.0064,0.012,0.04,0.004,0.0072,0.24386603,0.017080743,0.226669,0.056957107,0.0026363172,-0.0008,0.0016,0.004,0.3184,0.0192,0.0024,0.0064,0.015191123,0.0,0.017742097,0.0038244533,0.0064,0.2056757,0.004,0.0064,0.18080000000000002,0.04,0.0072,0.008,0.24182855,0.019251952,0.22229436
-0.06686852,0.0038452558,0.008799999999999999,0.0032,0.0064,0.0096,0.041600000000000005,0.004,0.0072,0.21386059,0.018554859,0.19499938,0.056931835,0.0030094497,0.0024,0.0024,0.0032,0.35919999999999996,0.0192,0.0032,0.0048,0.06301506,0.0067092814,0.056985483,0.003887925,0.008799999999999999,0.14828971,0.004,0.0072,0.14959999999999998,0.06,0.0056,0.008799999999999999,0.2208238,0.021340603,0.19918866
-0.06683501,0.0039226934,0.0056,0.0032,0.0056,0.010400000000000001,0.0592,0.0048,0.0072,0.22866437,0.017473493,0.2111345,0.057042915,0.0026664622,-0.0024,0.0008,0.0048,0.3528,0.02,0.0008,0.0064,-0.0390786,0.0,-0.03154163,0.003938046,0.0056,0.088329755,0.004,0.0056,0.010400000000000001,0.0592,0.0072,0.0072,0.22432557,0.018182473,0.2060662
-0.06702518,0.0032252744,0.008,0.0064,0.0056,0.2848,0.0576,0.008,0.0064,0.23937467,0.02337687,0.21640834,0.057006504,0.0021231063,-0.0008,0.0016,0.0048,0.3944,0.0072,0.0024,0.0064,0.06649899,0.0,0.068470195,0.0032835188,0.008,0.18863265,0.0072,0.0056,0.2848,0.0576,0.008799999999999999,0.0072,0.24759816,0.025029972,0.22319107
-0.06709441,0.0031835549,0.0072,0.0056,0.0056,0.392,0.056799999999999996,0.008,0.008,0.24669594,0.019776132,0.22705805,0.0570944,0.0020352118,0.0,0.0024,0.0032,0.3856,0.0072,0.0032,0.004,0.032464378,0.0,0.032464378,0.0031886369,0.0072,0.056467157,0.0056,0.0056,0.392,0.056799999999999996,0.008,0.008,0.24813493,0.020248296,0.2280114
-0.06731209,0.0031793453,0.0072,0.0048,0.0064,0.3832,0.0576,0.008799999999999999,0.0096,0.18528932,0.018850628,0.1650967,0.05718391,0.0019457005,0.0008,0.0032,0.0032,0.3688,0.008,0.0032,0.004,0.023425937,0.0018297471,0.021686636,0.0032094158,0.0072,0.13699706,0.008,0.0064,0.36160000000000003,0.0576,0.008799999999999999,0.0096,0.18675253,0.020147042,0.16519721
-0.067437686,0.0029720925,0.0048,0.0048,0.0056,0.36479999999999996,0.0576,0.0056,0.008,0.26051337,0.01361651,0.24808712,0.057405617,0.0016080402,-0.0008,0.004,0.004,0.3968,0.0192,0.004,0.004,0.006143816,0.0,0.007883117,0.0030252188,0.0048,0.1876847,0.0048,0.0056,0.36479999999999996,0.0576,0.0072,0.008799999999999999,0.2570848,0.014420373,0.24362193
-0.067627184,0.0027177967,0.0008,0.004,0.010400000000000001,0.4008,0.08,0.0048,0.024,0.17419326,0.0026068501,0.17153051,0.05745478,0.0019067377,-0.004,0.0032,0.0032,0.3832,0.0056,0.004,0.0048,-0.0060293153,0.0,0.00034812093,0.002766216,0.0008,0.18737686,0.0048,0.010400000000000001,0.4008,0.08,0.0056,0.0264,0.17002107,0.0027004112,0.16723213
-0.06770995,0.0028005652,0.0056,0.0064,0.0072,0.3808,0.07759999999999999,0.0072,0.0096,0.171809,0.012836102,0.15794049,0.057625465,0.001620099,0.0,0.0032,0.004,0.39840000000000003,0.008799999999999999,0.004,0.0048,-0.043484718,0.0,-0.043484718,0.0028381834,0.0064,0.16299537,0.0072,0.0064,0.3816,0.0768,0.008,0.008799999999999999,0.16247535,0.016704705,0.1444611
-0.06776564,0.002412457,0.0072,0.0032,0.0112,0.4024,0.092,0.0064,0.028,0.20979586,0.012170538,0.1979244,0.057605524,0.0011762269,0.0008,0.0016,0.0072,0.4008,0.0128,0.3864,0.0072,0.04475268,0.0010602735,0.043593146,0.002584655,0.0064,0.47246292,0.0056,0.010400000000000001,0.4016,0.0752,0.0064,0.0128,0.20717883,0.012595193,0.19461942
-0.067847975,0.00260574,0.0064,0.0056,0.0072,0.4032,0.07759999999999999,0.0056,0.010400000000000001,0.21452683,0.013190482,0.2016568,0.057591375,0.0015382357,0.0,0.0032,0.004,0.3992,0.0072,0.004,0.004,0.02081123,0.0,0.02081123,0.0026763265,0.0064,0.23017895,0.0056,0.0072,0.40559999999999996,0.07759999999999999,0.0064,0.010400000000000001,0.21361695,0.014697822,0.19904934
-0.067710385,0.0025791004,0.0096,0.0072,0.0064,0.3728,0.0896,0.0072,0.0072,0.23436934,0.02085289,0.2134001,0.05760158,0.0012961254,0.0,0.0024,0.0064,0.3808,0.0096,0.0024,0.0072,0.027536936,0.0,0.027536936,0.002582715,0.0096,0.05291147,0.0072,0.0064,0.3728,0.0896,0.008,0.0072,0.2354977,0.021339662,0.21399975
-0.067545965,0.002414681,0.0032,0.0048,0.008799999999999999,0.3784,0.0784,0.0048,0.028,0.16708688,0.007439751,0.15943146,0.0574622,0.00131955,-0.0016,0.0032,0.0048,0.3968,0.0224,0.0072,0.0056,-0.011130966,0.0,-0.008000225,0.0024675136,0.0032,0.20730682,0.0048,0.008799999999999999,0.3664,0.0784,0.0056,0.028,0.16121833,0.008271378,0.15260509
-0.067330495,0.0025320537,0.0072,0.0048,0.0096,0.3912,0.0888,0.0064,0.0136,0.21739084,0.013579778,0.20363325,0.05719435,0.0012395419,0.0016,0.0032,0.004,0.4016,0.0072,0.0032,0.0056,0.069166474,0.002247177,0.06707931,0.00256795,0.0072,0.16739933,0.0048,0.0096,0.3912,0.0888,0.0064,0.0136,0.22587645,0.014727089,0.21105537
-0.067056455,0.0027018115,0.0112,0.0064,0.0056,0.4032,0.07440000000000001,0.008,0.010400000000000001,0.1994763,0.020184528,0.178618,0.057086747,0.0014630966,0.0032,0.0024,0.0048,0.4032,0.008,0.1616,0.0056,0.05466798,0.0034173653,0.05165319,0.0027027612,0.0112,0.026515234,0.0064,0.0056,0.4032,0.07440000000000001,0.008,0.010400000000000001,0.20085554,0.020489931,0.17967258
-0.06682836,0.0024737157,0.008799999999999999,0.008,0.0056,0.376,0.056799999999999996,0.008,0.0216,0.17264912,0.019000709,0.15356596,0.05692418,0.0015097111,0.0008,0.0032,0.0024,0.3896,0.008,0.0032,0.0048,0.006722875,0.0013937578,0.005215481,0.0024763243,0.008799999999999999,-0.045905203,0.0064,0.0056,0.376,0.056799999999999996,0.008,0.008,0.17215872,0.018585768,0.15350541
-0.066657715,0.0025249682,0.0072,0.0072,0.010400000000000001,0.36479999999999996,0.0928,0.0072,0.036,0.2158518,0.01706633,0.1979891,0.056699228,0.001502756,-0.0008,0.0024,0.0048,0.39280000000000004,0.0096,0.2656,0.008,-0.0010433961,0.0,0.00023209117,0.002548189,0.0072,0.13510323,0.0072,0.010400000000000001,0.36479999999999996,0.0928,0.008799999999999999,0.036,0.2137443,0.017904745,0.1950292
-0.06653745,0.0026265942,0.0064,0.004,0.0096,0.39999999999999997,0.1192,0.0048,0.0256,0.30083936,0.011915002,0.2893007,0.05664682,0.0010913499,0.0008,0.0024,0.0056,0.3976,0.0064,0.23120000000000002,0.0056,-0.071547486,0.0009753965,-0.07270702,0.002631692,0.0064,0.06225219,0.004,0.0096,0.39999999999999997,0.06,0.0048,0.0264,0.2958055,0.012341305,0.28382754
-0.0663262,0.002748195,0.008799999999999999,0.0072,0.008,0.4088,0.1096,0.008,0.036,0.19133267,0.01957909,0.1714729,0.056556374,0.001413703,0.0024,0.28080000000000005,0.0024,0.3728,0.020800000000000003,0.3728,0.0024,0.04266995,0.0031975284,0.039191347,0.0028404358,0.008799999999999999,0.25554425,0.008,0.008,0.4064,0.0936,0.008799999999999999,0.0296,0.19590509,0.021291336,0.17452131
-0.06631821,0.002629254,0.0096,0.0072,0.0048,0.4024,0.064,0.0072,0.010400000000000001,0.18699801,0.019457642,0.16769299,0.056462914,0.0012752563,0.0024,0.0032,0.0056,0.3992,0.0192,0.0048,0.0056,0.04504904,0.0033619553,0.042034253,0.0026394415,0.0096,0.08788767,0.0072,0.0056,0.39359999999999995,0.064,0.008,0.0224,0.19023041,0.020349188,0.17018569
-0.06639699,0.0023751892,0.008799999999999999,0.0072,0.0048,0.4088,0.088,0.010400000000000001,0.0064,0.20082232,0.021134414,0.1795202,0.05657145,0.0017464869,-0.0016,0.0016,0.0056,0.3888,0.0072,0.0024,0.0064,-0.030209647,0.0,-0.026847,0.0024496266,0.0032,0.39154243,0.0048,0.012,0.376,0.0872,0.0056,0.0152,0.17409596,0.00672403,0.16725667
-0.06639365,0.0025937483,0.008,0.0056,0.0072,0.3432,0.0816,0.008,0.012,0.20341799,0.016617816,0.18733047,0.056569826,0.0014002509,0.004,0.0048,0.0016,0.4008,0.0048,0.0056,0.0032,0.04475532,0.005261954,0.039537415,0.0026048946,0.008,0.09254157,0.0056,0.0096,0.3432,0.0816,0.008,0.012,0.2066834,0.017379923,0.18985035
-0.06649196,0.0023592114,0.0464,0.0072,0.0056,0.43920000000000003,0.07919999999999999,0.0096,0.0256,0.18162906,0.023888841,0.15877372,0.056648675,0.0015533082,0.0376,0.0024,0.0048,0.4328,0.0064,0.0032,0.0048,0.051711038,0.005636569,0.046493135,0.0023755133,0.0464,0.117220245,0.008799999999999999,0.0056,0.43920000000000003,0.07919999999999999,0.0096,0.0256,0.18643036,0.02537889,0.16202316
-0.06655009,0.0024173446,0.0072,0.0048,0.008799999999999999,0.4008,0.10719999999999999,0.0056,0.010400000000000001,0.22433479,0.013656847,0.21057719,0.0566554,0.0011987239,-0.0016,0.1048,0.0072,0.3896,0.010400000000000001,0.1048,0.010400000000000001,0.06417746,0.0,0.06614867,0.002495328,0.0072,0.25066304,0.0056,0.008799999999999999,0.4008,0.1056,0.008,0.010400000000000001,0.2332429,0.01515829,0.21810324
-0.06662532,0.002492573,0.008799999999999999,0.008,0.0056,0.2504,0.0592,0.008799999999999999,0.0224,0.28031507,0.019319046,0.26156476,0.056756973,0.0016769171,0.0024,0.004,0.0032,0.4024,0.008,0.0048,0.004,0.037973747,0.0039871708,0.034147285,0.0025717767,0.008799999999999999,0.24882387,0.008,0.008,0.4088,0.0592,0.008799999999999999,0.0224,0.28103372,0.021496264,0.25983402
-0.06660846,0.0022538155,0.0064,0.0032,0.024,0.4016,0.1048,0.0056,0.0264,0.23294461,0.00982032,0.22406873,0.05679431,0.0015236251,0.0008,0.0024,0.0048,0.4008,0.0224,0.3968,0.0072,0.0119402185,0.001175765,0.010548778,0.002331287,0.0064,0.258522,0.0056,0.024,0.4016,0.1048,0.0056,0.0264,0.22825614,0.011928316,0.21712585
-0.06664174,0.0026199408,0.0056,0.004,0.008799999999999999,0.368,0.0736,0.0056,0.008799999999999999,0.18578798,0.011682678,0.17291796,0.05687293,0.0012130998,-0.0024,0.0008,0.0072,0.39359999999999995,0.008799999999999999,0.1104,0.0072,-0.04667688,0.0,-0.042966373,0.0026254193,0.0056,0.06461343,0.0056,0.008799999999999999,0.3776,0.0784,0.0072,0.0264,0.18238646,0.012011936,0.16918388
-0.06675624,0.002401594,0.008,0.0064,0.0072,0.4016,0.0992,0.0064,0.0264,0.20132288,0.01602767,0.1855682,0.056823533,0.0014944039,0.0,0.0016,0.0056,0.39999999999999997,0.0264,0.0016,0.0056,0.08371421,0.0,0.08371421,0.002424828,0.008,0.13854331,0.0064,0.008799999999999999,0.4016,0.0992,0.0072,0.0264,0.21095482,0.017073162,0.19431025
-0.06683724,0.0022606961,0.0096,0.0064,0.0072,0.4024,0.08399999999999999,0.0072,0.024,0.17519808,0.018363401,0.1566697,0.05689797,0.0015359186,0.0024,0.0032,0.0048,0.39999999999999997,0.0184,0.2536,0.0064,0.04029382,0.0036801286,0.03716308,0.0023738705,0.0072,0.31003326,0.0048,0.0112,0.39999999999999997,0.08,0.008799999999999999,0.0264,0.17913851,0.014678611,0.16426235
-0.06696104,0.002495449,0.008799999999999999,0.0056,0.0096,0.40480000000000005,0.052000000000000005,0.008,0.0272,0.14655827,0.016909841,0.12802988,0.05701207,0.0011899136,0.0,0.0016,0.0064,0.3992,0.008799999999999999,0.3704,0.0072,0.015943535,0.0,0.015943535,0.0024956337,0.008799999999999999,0.012173457,0.0056,0.0096,0.40480000000000005,0.052000000000000005,0.008,0.0272,0.1467415,0.017022755,0.12808885
-0.06718671,0.0024992228,-0.028,0.0048,0.0064,0.27599999999999997,0.0528,0.0064,0.0112,-0.038779385,0.0,0.0058218837,0.05721476,0.0015669912,-0.035199999999999995,0.0032,0.0056,0.3424,0.0128,0.0032,0.0056,-0.055487253,0.0,-0.031484902,0.0025534434,-0.028,0.20644563,0.0056,0.0064,0.27599999999999997,0.0528,0.008,0.0112,-0.049329832,0.0,-0.003108658
-0.06752755,0.002840057,0.0072,0.0032,0.0072,0.32,0.06,0.0048,0.0256,0.21240889,0.013134286,0.19898412,0.057332564,0.0014491864,0.0032,0.0048,0.0008,0.4032,0.008,0.0048,0.0032,0.02127862,0.0048691183,0.016060717,0.0028875507,0.0072,0.18162027,0.0048,0.0072,0.40480000000000005,0.06,0.0072,0.0256,0.21275866,0.014603866,0.19771163
-0.06771705,0.002474822,0.0072,0.0056,0.008799999999999999,0.36,0.0752,0.008,0.028,0.20087725,0.015838373,0.18556634,0.057524115,0.0014895424,0.0008,0.0024,0.004,0.3976,0.0304,0.004,0.004,0.015022501,0.0012576357,0.013631061,0.0025990186,0.0072,0.31039152,0.0072,0.0112,0.36,0.07600000000000001,0.008799999999999999,0.0248,0.19586648,0.01765322,0.1787373
-0.06813266,0.0026685297,0.0064,0.004,0.008799999999999999,0.4016,0.06,0.0056,0.028,0.247747,0.012472376,0.23565361,0.0577275,0.0018659234,0.0016,0.0032,0.004,0.39999999999999997,0.0224,0.004,0.0072,0.024120204,0.0028042197,0.02087351,0.0027923645,0.0064,0.29892913,0.0056,0.0096,0.3832,0.06,0.0072,0.028,0.24386334,0.014983558,0.22916467
-0.0682476,0.0026725233,0.010400000000000001,0.0072,0.008,0.40559999999999996,0.09040000000000001,0.008,0.035199999999999995,0.22333531,0.022649422,0.1995923,0.05786154,0.0016159303,0.0024,0.0024,0.0024,0.4024,0.0192,0.0032,0.0056,0.011252433,0.0040361173,0.008005738,0.002718383,0.0064,0.5341794,0.0048,0.012,0.3976,0.0864,0.0064,0.0288,0.19795072,0.0144219585,0.18323764
-0.06851942,0.0029443428,0.008799999999999999,0.0072,0.0064,0.2784,0.0872,0.008,0.0072,0.27919263,0.020738177,0.25944382,0.057938304,0.0016551204,0.0016,0.0032,0.0032,0.4016,0.0216,0.0048,0.0032,0.025222078,0.0027304739,0.022091337,0.002956126,0.008799999999999999,0.08931645,0.0072,0.0064,0.2784,0.0872,0.008,0.0224,0.2803295,0.02162788,0.2596768
-0.0684624,0.0028873235,0.008,0.0056,0.008799999999999999,0.4016,0.0856,0.0056,0.010400000000000001,0.20203835,0.015004672,0.18805885,0.05808162,0.0017437115,0.0032,0.0032,0.004,0.4024,0.0192,0.07440000000000001,0.0056,0.09259442,0.005699359,0.08726057,0.0029709965,0.008,0.23789279,0.0056,0.008799999999999999,0.35919999999999996,0.0856,0.0072,0.0248,0.21816865,0.017680213,0.20141315
-0.068520755,0.0028347299,0.0072,0.0048,0.0112,0.3808,0.0872,0.0072,0.028,0.3121472,0.016969513,0.29694727,0.058047764,0.0016616136,0.0,0.0024,0.0056,0.39999999999999997,0.0096,0.0032,0.0072,0.03554167,0.0,0.03554167,0.0029013164,0.0064,0.214663,0.0064,0.012,0.38,0.088,0.008,0.0288,0.31255388,0.016049195,0.29809657
-0.06836298,0.0030097999,0.0072,0.0048,0.008,0.3976,0.0576,0.0064,0.0096,0.2670408,0.017324727,0.2482905,0.057966366,0.001974918,0.0024,0.004,0.0024,0.3528,0.02,0.004,0.0032,0.04591739,0.0046492666,0.04104735,0.0030302634,0.0072,0.116281666,0.0056,0.008,0.36,0.0576,0.0064,0.0096,0.27056476,0.018597253,0.2504344
-0.06807164,0.0027184598,0.0064,0.0072,0.0064,0.4024,0.0584,0.008,0.008799999999999999,0.20553298,0.018863022,0.18622795,0.057794522,0.0016829483,-0.0024,0.0024,0.0056,0.396,0.0096,0.004,0.008,0.03577272,0.0,0.040062994,0.002792636,0.0064,0.23099664,0.008,0.0064,0.4024,0.0584,0.008799999999999999,0.008799999999999999,0.20826383,0.02011709,0.18777254
-0.067947604,0.0029272698,0.008,0.008,0.0072,0.3608,0.0728,0.008,0.008799999999999999,0.25673956,0.0208406,0.2368798,0.057660714,0.0015848503,0.0,0.0024,0.0048,0.3912,0.008799999999999999,0.204,0.0072,-0.0009284094,0.0,-0.0009284094,0.0029336521,0.008,0.065975785,0.008,0.0072,0.3608,0.0728,0.008799999999999999,0.008799999999999999,0.25611976,0.021480825,0.23556934
-0.0676973,0.0028988607,0.0072,0.0056,0.008,0.40559999999999996,0.0784,0.0064,0.0096,0.25607064,0.016881038,0.23987217,0.057506263,0.0016233474,0.0008,0.0032,0.004,0.39840000000000003,0.02,0.0032,0.004,0.026437372,0.0013914406,0.025277838,0.0029196576,0.0072,0.11942786,0.0056,0.008,0.40559999999999996,0.0784,0.0072,0.0096,0.25739652,0.017935082,0.24033256
-0.067428805,0.003074158,0.0056,0.004,0.008,0.3552,0.0856,0.0064,0.0096,0.25473747,0.013419881,0.24186747,0.0573117,0.0019338652,-0.0008,0.0016,0.0056,0.3512,0.008,0.0016,0.0064,0.008515924,0.0,0.010487132,0.0031216457,0.0056,0.17464891,0.0056,0.008,0.3552,0.0856,0.0064,0.0232,0.25234205,0.014782179,0.23801565
-0.06723421,0.0031014644,0.0072,0.0056,0.0072,0.2288,0.06,0.0064,0.008,0.25524855,0.017373059,0.23782963,0.057223108,0.0017905496,0.0008,0.0032,0.0032,0.3992,0.0072,0.0032,0.004,0.044001088,0.0015586428,0.042493694,0.003143942,0.0072,0.16456877,0.0056,0.0072,0.3816,0.06,0.0072,0.008,0.25900847,0.018809585,0.24017222
-0.06713368,0.0032228306,0.008799999999999999,0.0056,0.0048,0.3832,0.0552,0.0072,0.0064,0.2263322,0.022802997,0.2041425,0.057158403,0.002087161,0.0008,0.0024,0.0048,0.4008,0.020800000000000003,0.0024,0.0048,0.006957203,0.0017393008,0.005681716,0.0032311634,0.008799999999999999,0.07183367,0.0064,0.0056,0.3832,0.07440000000000001,0.008799999999999999,0.0064,0.22624785,0.023618022,0.20332476
-0.0669899,0.0034118928,0.008,0.0064,0.004,0.1792,0.0544,0.0096,0.0064,0.23954491,0.023245972,0.2159129,0.05705196,0.0020776503,-0.0016,0.0016,0.004,0.3784,0.0072,0.0024,0.0064,0.074033126,0.0,0.077743635,0.0034592203,0.008,0.16560705,0.008,0.004,0.1792,0.0544,0.0096,0.008,0.248472,0.02453703,0.22361499
-0.06689625,0.0034291968,0.008799999999999999,0.0064,0.0056,0.2824,0.056799999999999996,0.010400000000000001,0.0064,0.22544709,0.025183965,0.20126036,0.057022974,0.0023385435,0.0008,0.0032,0.004,0.39359999999999995,0.0064,0.0032,0.0048,0.05889888,0.0022225901,0.056695767,0.003448815,0.008799999999999999,0.1067132,0.0064,0.0056,0.2824,0.056799999999999996,0.010400000000000001,0.008799999999999999,0.23043804,0.026557911,0.20500565
-0.0670203,0.0035532415,0.0056,0.0032,0.0072,0.4024,0.0408,0.0056,0.008799999999999999,0.23815617,0.013999727,0.22417668,0.05701764,0.0024598315,0.0,0.0024,0.004,0.3712,0.008,0.0032,0.0048,0.033911876,0.0,0.033911876,0.003678677,0.0056,0.2618911,0.0056,0.008,0.4024,0.061599999999999995,0.0064,0.010400000000000001,0.23881558,0.016419346,0.22231063
-0.0669626,0.0034955442,0.0064,0.0056,0.0048,0.3232,0.0384,0.0056,0.0064,0.21485193,0.02108553,0.19432648,0.05704106,0.002552364,-0.0016,0.0024,0.0032,0.332,0.0192,0.0032,0.004,-0.014380604,0.0,-0.009162702,0.0035263638,0.0064,0.13230713,0.0056,0.0056,0.012,0.0384,0.008799999999999999,0.012,0.21107705,0.021897001,0.18972138
-0.066960834,0.0037156753,0.008,0.0048,0.0048,0.3912,0.041600000000000005,0.0048,0.0064,0.29641074,0.021845855,0.27466482,0.0570348,0.002674576,-0.0008,0.0008,0.0056,0.3272,0.02,0.0016,0.0072,0.059535936,0.0,0.06208691,0.0037618177,0.008799999999999999,0.15679355,0.0056,0.0048,0.392,0.0408,0.008799999999999999,0.0064,0.30207133,0.027832206,0.27376908
-0.066989005,0.003965739,0.0048,0.0048,0.0048,0.010400000000000001,0.0392,0.0056,0.0056,0.25906375,0.017581336,0.24164483,0.057027377,0.003145814,-0.0024,0.0024,0.0032,0.32,0.0184,0.0032,0.004,0.012231313,0.0,0.02034805,0.0040101022,0.0048,0.14888467,0.0056,0.0048,0.29279999999999995,0.04,0.0096,0.0064,0.25801212,0.01836345,0.23980549
-0.06694952,0.003926251,0.008799999999999999,0.004,0.0048,0.28,0.041600000000000005,0.0056,0.0064,0.25241885,0.022108585,0.23056199,0.056933455,0.0030078292,0.0008,0.0024,0.004,0.3784,0.0192,0.0024,0.0048,0.049510047,0.0027759224,0.046727166,0.004007869,0.008799999999999999,0.20215787,0.0048,0.0056,0.28,0.041600000000000005,0.010400000000000001,0.0064,0.2572193,0.0254146,0.23203595
-0.06695217,0.003817957,0.008799999999999999,0.0032,0.0064,0.1864,0.0384,0.0032,0.0072,0.26694003,0.019142147,0.24830069,0.056894496,0.0028148815,0.0016,0.0016,0.0048,0.3832,0.0192,0.0024,0.0048,0.04255128,0.004122369,0.038376957,0.0038866915,0.008799999999999999,0.18834552,0.0032,0.0064,0.1864,0.041600000000000005,0.0072,0.008,0.2701863,0.022386616,0.24825096
-0.066848546,0.0037143342,0.0432,0.0048,0.004,0.012,0.0392,0.0072,0.0064,0.2955132,0.029269617,0.26821986,0.05698726,0.0024902113,0.0344,0.0016,0.004,0.4344,0.008,0.0024,0.0056,0.01935967,0.0050401054,0.012518421,0.0037504192,0.0432,0.13883106,0.0056,0.0048,0.3728,0.0392,0.0096,0.0064,0.295349,0.031807363,0.26525345
-0.06688893,0.0034218729,0.0064,0.004,0.0064,0.3992,0.0432,0.004,0.008799999999999999,0.19887322,0.015614428,0.18345138,0.056987487,0.0022580773,-0.0008,0.0016,0.0056,0.3888,0.020800000000000003,0.0016,0.0064,0.01640869,0.0,0.018727757,0.0034338762,0.0064,0.08363855,0.004,0.0064,0.3992,0.0432,0.0072,0.008799999999999999,0.19954883,0.016565265,0.18320252
-0.06689337,0.0032044165,0.0408,0.0064,0.0056,0.38239999999999996,0.045599999999999995,0.0072,0.008,0.26622227,0.024073876,0.24591869,0.05700535,0.0024721213,0.033600000000000005,0.0016,0.0032,0.3888,0.0072,0.0024,0.004,0.035243683,0.0059644356,0.028054573,0.0032433278,0.04,0.15506504,0.0064,0.008,0.3816,0.0464,0.0072,0.008799999999999999,0.26847118,0.023323184,0.24888597
-0.06702406,0.0031132065,0.0072,0.0056,0.0048,0.4064,0.0544,0.0072,0.008,0.23842146,0.018699206,0.22066972,0.057065405,0.0017163455,-0.0008,0.0024,0.0056,0.39840000000000003,0.0216,0.0024,0.0056,0.041573703,0.0,0.043313004,0.0031301144,0.0072,0.10398699,0.0056,0.0048,0.4064,0.07039999999999999,0.008,0.008,0.24144891,0.019611841,0.22275797
-0.06721756,0.002973862,0.0064,0.0048,0.008799999999999999,0.2288,0.0872,0.0056,0.0096,0.2512976,0.01613545,0.23532099,0.057175566,0.0017221384,-0.0008,0.0024,0.004,0.39280000000000004,0.010400000000000001,0.0024,0.0072,0.011477746,0.0,0.013217047,0.0030072166,0.0064,0.149078,0.0056,0.008799999999999999,0.35600000000000004,0.0872,0.0064,0.010400000000000001,0.25021505,0.017331084,0.23296903
-0.067319416,0.0030757189,0.0072,0.004,0.0056,0.3856,0.07039999999999999,0.0056,0.008,0.24636814,0.01580998,0.2297259,0.057352975,0.0017766356,0.0,0.0024,0.0056,0.3952,0.008,0.0024,0.0064,0.051886477,0.0,0.051886477,0.0030874808,0.0072,0.08731522,0.004,0.0072,0.3856,0.07039999999999999,0.0056,0.008799999999999999,0.24995431,0.016769992,0.23236428
-0.06758014,0.0028926507,0.008,0.0056,0.0064,0.4024,0.07039999999999999,0.0072,0.0096,0.23310581,0.018830195,0.21446647,0.057444114,0.001569543,0.0,0.0024,0.0048,0.39999999999999997,0.012,0.0024,0.0072,0.040697142,0.0,0.040697142,0.0029075588,0.008,0.10130816,0.0056,0.0064,0.4024,0.07039999999999999,0.0072,0.0096,0.23602651,0.019722927,0.2165094
-0.06778717,0.002655886,0.0072,0.0056,0.008,0.3784,0.10400000000000001,0.0072,0.0288,0.2214002,0.018022701,0.20309374,0.057576995,0.0015526153,0.0008,0.004,0.0048,0.4008,0.0072,0.004,0.0048,0.031944506,0.0013207085,0.030553065,0.0026853243,0.0048,0.32478282,0.0048,0.0112,0.3688,0.1064,0.0056,0.031200000000000002,0.22001901,0.012447465,0.20739116
-0.06783465,0.0028143153,0.0072,0.0064,0.008,0.3968,0.0888,0.0072,0.010400000000000001,0.21939889,0.017451514,0.20164713,0.057660248,0.0018172227,0.0008,0.0024,0.004,0.3968,0.008,0.0032,0.0048,0.016119048,0.0015853159,0.014611654,0.0028463418,0.0072,0.15015282,0.0064,0.008,0.3968,0.0888,0.0072,0.010400000000000001,0.21934152,0.018869108,0.20012431
-0.06787749,0.002968099,0.0072,0.0056,0.0096,0.2768,0.0936,0.0056,0.0096,0.23943421,0.014841404,0.22456713,0.05768924,0.0015563257,0.0008,0.0016,0.0056,0.39999999999999997,0.0064,0.392,0.0064,0.09363156,0.0013244189,0.09235607,0.0029813556,0.008,0.09433811,0.0064,0.008799999999999999,0.2776,0.0928,0.0072,0.0112,0.24718948,0.018835897,0.22844626
-0.067828886,0.002697602,0.0072,0.0056,0.008,0.3816,0.0728,0.008,0.0096,0.23715381,0.0156244375,0.22173199,0.057629637,0.0016159266,0.0016,0.0032,0.004,0.39840000000000003,0.0072,0.0032,0.0056,-0.0023187697,0.002883993,-0.005101651,0.002784028,0.008,0.24982205,0.0072,0.0072,0.38239999999999996,0.072,0.008799999999999999,0.0248,0.22921842,0.020515643,0.20870668
-0.06767312,0.0025418326,0.0056,0.004,0.012,0.3808,0.0784,0.0064,0.0128,0.20975247,0.011579715,0.19788098,0.057543136,0.0015864745,0.0,0.0016,0.0056,0.3976,0.0096,0.0016,0.0064,-0.006667003,0.0,-0.006667003,0.0026258319,0.0056,0.25362018,0.0048,0.012,0.4032,0.0784,0.0072,0.0256,0.20136978,0.013442937,0.18755053
-0.06746941,0.0028928667,0.0096,0.0072,0.0056,0.39280000000000004,0.072,0.008,0.0056,0.2719882,0.022731978,0.25035328,0.05734393,0.0015537739,0.0024,0.0048,0.0016,0.3992,0.0056,0.0056,0.0032,0.025391929,0.003849648,0.02133356,0.0028974179,0.0096,0.056056224,0.0072,0.0056,0.39280000000000004,0.072,0.008,0.0056,0.27298364,0.023260169,0.250785
-0.067153424,0.0027987808,0.008,0.004,0.0064,0.3744,0.0888,0.0064,0.008799999999999999,0.24224727,0.01600536,0.22704734,0.057183217,0.0014825799,0.0016,0.0032,0.0048,0.3968,0.008,0.0032,0.0056,0.045395583,0.0026172996,0.0426127,0.0028780706,0.008,0.23527427,0.0064,0.0064,0.3744,0.0424,0.008,0.0232,0.24615563,0.018182531,0.22869846
-0.06683191,0.0026991628,0.0048,0.0056,0.008,0.3504,0.07440000000000001,0.0056,0.0112,0.19516677,0.010203745,0.18518141,0.057022735,0.0014111549,-0.0008,0.004,0.0048,0.3968,0.012,0.3072,0.0048,0.02823735,0.0,0.029860698,0.0027240762,0.0048,0.1353483,0.0056,0.008,0.3504,0.07440000000000001,0.0064,0.0112,0.19719207,0.010861758,0.18653135
-0.06667502,0.0027641729,0.008,0.004,0.008,0.3856,0.07919999999999999,0.0072,0.024,0.20009677,0.01554833,0.1848968,0.05677228,0.0014297031,0.0016,0.0032,0.0056,0.3992,0.0072,0.35359999999999997,0.0056,0.072294235,0.002511546,0.070207074,0.0027910108,0.008,0.13879022,0.0064,0.008,0.3368,0.0592,0.008799999999999999,0.024,0.20817418,0.016831327,0.19167666
-0.06659914,0.0025773384,0.008799999999999999,0.0072,0.008,0.3952,0.1016,0.008799999999999999,0.008799999999999999,0.2576849,0.021360967,0.23604992,0.056639627,0.0013304502,0.0,0.0032,0.0072,0.39999999999999997,0.008,0.3568,0.0072,-0.027189784,0.0,-0.027189784,0.0026549145,0.0056,0.37911916,0.0056,0.0112,0.392,0.08,0.0072,0.0296,0.22932391,0.013653885,0.21503393
-0.06636415,0.0024532974,0.010400000000000001,0.0072,0.0184,0.3856,0.0856,0.008,0.0224,0.22301023,0.021352734,0.20337236,0.056571215,0.0013988614,0.0008,0.0016,0.0056,0.3832,0.0096,0.22240000000000001,0.0056,0.067948386,0.00093504786,0.06702076,0.0025225857,0.008799999999999999,0.23492716,0.0056,0.0192,0.384,0.0872,0.008,0.0296,0.23270091,0.018253624,0.21570528
-0.06634861,0.002659656,0.0096,0.0032,0.010400000000000001,0.40559999999999996,0.0768,0.0056,0.0272,0.26971757,0.014496993,0.2570694,0.05650976,0.0013443641,0.0056,0.0048,0.0024,0.404,0.0192,0.1312,0.0048,0.08192179,0.0072074346,0.076124124,0.0027376104,0.0096,0.23921287,0.0056,0.010400000000000001,0.40559999999999996,0.07440000000000001,0.0072,0.0272,0.28144768,0.016944978,0.26679698
-0.06637634,0.0027983375,0.008799999999999999,0.0056,0.0064,0.3968,0.0864,0.0072,0.0112,0.23215395,0.018577378,0.21517885,0.05651185,0.0014582276,0.0008,0.0016,0.0064,0.3992,0.008799999999999999,0.0032,0.0064,0.047422245,0.0011103675,0.046378665,0.0028142335,0.008799999999999999,0.1063371,0.0056,0.0064,0.3968,0.0864,0.008,0.0224,0.23587587,0.019596508,0.2178644
-0.06638278,0.0022500344,0.0096,0.0056,0.0192,0.4072,0.09119999999999999,0.0064,0.024,0.25207213,0.016460285,0.23554082,0.056546863,0.0014232136,0.0016,0.0016,0.004,0.3992,0.0072,0.0024,0.0072,0.05200731,0.0018028468,0.049804196,0.002265432,0.0096,0.11665713,0.0064,0.0144,0.4072,0.09119999999999999,0.0064,0.024,0.25641215,0.01759394,0.23871103
-0.06645601,0.0023232661,0.0096,0.0072,0.008,0.3736,0.0576,0.008799999999999999,0.028,0.19982257,0.020001821,0.18029563,0.056543153,0.001426924,0.0008,0.0032,0.0056,0.38239999999999996,0.010400000000000001,0.0472,0.0056,0.02116356,0.0010790639,0.020235933,0.0023689696,0.0056,0.36570284,0.0048,0.0144,0.3696,0.061599999999999995,0.0064,0.032,0.19417703,0.010946386,0.18302718
-0.066521466,0.002499666,0.0064,0.0056,0.008,0.3856,0.07600000000000001,0.0056,0.0216,0.172244,0.013340421,0.15948492,0.056656793,0.0011973307,-0.0008,0.0032,0.004,0.3968,0.0232,0.3512,0.0064,0.010024957,0.0,0.011184491,0.0025494988,0.0064,0.19804062,0.0056,0.008,0.3728,0.07600000000000001,0.008,0.0216,0.17084971,0.014325472,0.15715373
-0.066596694,0.0023529977,0.0072,0.0048,0.008,0.36,0.0592,0.008,0.008,0.23110901,0.012079205,0.21957037,0.056696445,0.0011576787,0.0008,0.0024,0.0056,0.3968,0.010400000000000001,0.36,0.008,0.035713717,0.0010417253,0.03478609,0.002422928,0.0072,0.24083944,0.0048,0.008,0.3776,0.0592,0.008,0.028,0.23295714,0.013662581,0.21987084
-0.06660202,0.0020254776,0.008,0.0072,0.0112,0.40480000000000005,0.0688,0.0072,0.032,0.19804837,0.012710296,0.18517835,0.056707576,0.0011465475,0.0024,0.0048,0.0056,0.3952,0.010400000000000001,0.30960000000000004,0.0056,0.041511834,0.002975829,0.037685372,0.0020529733,0.008,0.16384862,0.0072,0.0112,0.40480000000000005,0.0688,0.0072,0.032,0.20216714,0.013937425,0.1878618
-0.06660024,0.002023697,0.04,0.0024,0.0128,0.43679999999999997,0.0952,0.004,0.0136,0.13502273,0.005658306,0.1267016,0.056763,0.001207076,0.0384,0.0056,0.0032,0.4384,0.0344,0.4184,0.0048,0.03565725,0.007963739,0.028352186,0.0023563493,0.04,0.5378204,0.004,0.012,0.43679999999999997,0.07759999999999999,0.0048,0.0136,0.13422717,0.009997545,0.122269444
-0.06677266,0.002196122,0.0112,0.0072,0.0048,0.40480000000000005,0.0752,0.008799999999999999,0.008799999999999999,0.19522154,0.020094637,0.17536175,0.05682608,0.0011439957,0.0016,0.0024,0.0064,0.4016,0.02,0.376,0.0096,0.025451228,0.0017082244,0.023711927,0.0022759277,0.0064,0.41234052,0.004,0.0096,0.39999999999999997,0.0648,0.0056,0.0136,0.18905883,0.010511124,0.17915231
-0.06683834,0.0024836957,0.008799999999999999,0.0072,0.0048,0.39999999999999997,0.0576,0.008,0.0096,0.21995734,0.016669583,0.20375885,0.05682539,0.0011446886,0.0008,0.0024,0.0048,0.396,0.0232,0.396,0.0064,0.033390515,0.0009127818,0.032694794,0.002547132,0.008799999999999999,0.22364709,0.0072,0.008,0.39999999999999997,0.0576,0.008,0.0096,0.2218849,0.018198417,0.20418678
-0.06694974,0.0023732,0.0096,0.0072,0.0056,0.4088,0.0896,0.008,0.0248,0.2033262,0.018493019,0.18657294,0.05703712,0.0011648647,0.0032,0.0048,0.0032,0.3952,0.0216,0.144,0.0056,0.048406832,0.0033839718,0.044348463,0.0023993377,0.0096,0.14774042,0.0072,0.0064,0.4088,0.08399999999999999,0.008,0.0248,0.20823684,0.01963234,0.19012997
-0.067214236,0.0024157949,0.0096,0.0072,0.0056,0.38720000000000004,0.08399999999999999,0.008,0.008799999999999999,0.23094544,0.018338505,0.212528,0.057103444,0.0013304465,0.0016,0.0024,0.004,0.4008,0.0256,0.35760000000000003,0.0056,0.046899773,0.0021970794,0.044580705,0.0024491486,0.0096,0.16522394,0.0072,0.0072,0.38720000000000004,0.08399999999999999,0.008,0.036,0.23551407,0.019722933,0.21578363
-0.06748894,0.0023576543,0.0096,0.008,0.0048,0.36160000000000003,0.0768,0.0096,0.0272,0.21629342,0.019970715,0.1967665,0.057252325,0.0010656118,0.0,0.0024,0.0064,0.39999999999999997,0.008,0.3744,0.0072,0.045280077,0.0,0.045280077,0.0023712905,0.0096,0.107294336,0.008,0.0048,0.3728,0.1064,0.010400000000000001,0.0272,0.21989861,0.020827897,0.19952784
-0.067629844,0.0024985597,0.008,0.004,0.010400000000000001,0.3944,0.108,0.0056,0.0296,0.19582462,0.0137798,0.18173417,0.057493974,0.001287777,0.0024,0.0032,0.0048,0.3976,0.008,0.004,0.008,0.02985634,0.003283564,0.027189411,0.0025435162,0.008,0.18829378,0.0056,0.0112,0.39359999999999995,0.108,0.0064,0.0296,0.19795202,0.015339017,0.18250448
-0.06795116,0.0024870299,0.008,0.008799999999999999,0.0064,0.4032,0.09119999999999999,0.0096,0.024,0.24354115,0.020543288,0.22312663,0.05766048,0.0013531782,-0.0024,0.0016,0.0048,0.3896,0.033600000000000005,0.3136,0.0072,0.004466906,0.0,0.008641228,0.0025452985,0.008,0.2143854,0.0096,0.0064,0.4032,0.09119999999999999,0.010400000000000001,0.024,0.23891616,0.021496387,0.21751355
-0.06823673,0.0027726032,0.0064,0.0048,0.0072,0.40559999999999996,0.1048,0.0056,0.0112,0.19765395,0.013748728,0.18445107,0.05780542,0.0015560985,0.0,0.0024,0.0048,0.396,0.017599999999999998,0.0024,0.0072,0.006846279,0.0,0.006846279,0.0028429395,0.0064,0.22290526,0.0048,0.0072,0.40559999999999996,0.0888,0.0064,0.0112,0.19427732,0.015442826,0.17929918
-0.06845419,0.002879113,0.0048,0.0056,0.008,0.3864,0.0784,0.008,0.0256,0.19976339,0.01294769,0.1870043,0.05794295,0.001650475,-0.0024,0.0024,0.0048,0.3952,0.008799999999999999,0.0032,0.0064,0.017096214,0.0,0.021966256,0.0029034303,0.0048,0.12951513,0.008,0.008799999999999999,0.3864,0.0784,0.008,0.0256,0.20029834,0.01353418,0.18686739
-0.0684939,0.003251668,0.008799999999999999,0.0032,0.008,0.3656,0.0752,0.0048,0.0096,0.24085993,0.017129026,0.22477241,0.05803547,0.0015579537,0.0024,0.0016,0.0048,0.4024,0.0232,0.0032,0.0064,0.04371938,0.0036302805,0.04024078,0.0032921005,0.008799999999999999,0.15688749,0.0048,0.008,0.3376,0.07440000000000001,0.0064,0.012,0.24473271,0.019070901,0.22681367
-0.06856579,0.0031016655,0.008799999999999999,0.008,0.0064,0.404,0.0576,0.008799999999999999,0.008,0.26215693,0.022246808,0.24030009,0.058016457,0.0015769675,0.0,0.0016,0.0056,0.39999999999999997,0.035199999999999995,0.0024,0.0064,0.0424408,0.0,0.0424408,0.0031296294,0.008799999999999999,0.13377988,0.008,0.0072,0.4088,0.09040000000000001,0.0096,0.008,0.2654753,0.023650307,0.24234448
-0.068473496,0.0030093677,0.0096,0.0072,0.0064,0.4088,0.09119999999999999,0.008799999999999999,0.0096,0.24275526,0.024240911,0.21834663,0.057933435,0.0017759427,0.0032,0.0048,0.0024,0.4032,0.0056,0.0048,0.0032,0.08812543,0.005944237,0.08302348,0.003033832,0.0096,0.12707987,0.008,0.0064,0.4088,0.09119999999999999,0.0096,0.0096,0.2519666,0.025644217,0.22637336
-0.06829665,0.0031653643,0.0064,0.0048,0.0064,0.3976,0.1064,0.008,0.008799999999999999,0.22018328,0.017556522,0.20176585,0.057862934,0.0019623972,0.0,0.0024,0.004,0.39840000000000003,0.008,0.004,0.0056,-0.015303165,0.0,-0.015303165,0.0032390393,0.0064,0.21369484,0.0064,0.0064,0.3976,0.0592,0.008,0.008799999999999999,0.21192965,0.019257016,0.19184092
-0.0681005,0.0029692128,0.008799999999999999,0.0056,0.0072,0.372,0.09119999999999999,0.0072,0.0248,0.25547165,0.022343136,0.23306005,0.05775603,0.0018373951,0.0016,0.0024,0.0032,0.39999999999999997,0.0064,0.0032,0.0056,0.011882447,0.0030950233,0.008403845,0.0030219143,0.0096,0.1870329,0.008,0.0064,0.38480000000000003,0.09040000000000001,0.010400000000000001,0.024,0.25322577,0.027224315,0.22571628
-0.067808256,0.003120765,0.0056,0.0048,0.0056,0.39840000000000003,0.07600000000000001,0.0056,0.0072,0.19095099,0.015521288,0.17541823,0.05756053,0.0018009879,0.0,0.004,0.004,0.384,0.0072,0.0048,0.0048,0.045337625,0.0,0.045337625,0.0031647,0.0064,0.1668234,0.0064,0.0048,0.3992,0.0752,0.0072,0.010400000000000001,0.19582842,0.01973597,0.1764668
-0.067497365,0.0030317716,0.0112,0.0072,0.004,0.3392,0.08399999999999999,0.008799999999999999,0.0056,0.2686543,0.026912022,0.24291423,0.057365492,0.0019960254,0.0016,0.0016,0.004,0.3808,0.0072,0.0016,0.0048,0.0086433515,0.0029484704,0.0056285635,0.0030545914,0.0112,0.12231059,0.0072,0.0048,0.3392,0.08399999999999999,0.0096,0.0056,0.26770183,0.02850759,0.24015935
-0.067199804,0.0035108514,0.0048,0.0032,0.0056,0.3952,0.0584,0.0064,0.0064,0.22233634,0.01252206,0.21090867,0.057256967,0.0021045506,-0.0016,0.0024,0.004,0.39359999999999995,0.0096,0.0032,0.004,0.018954188,0.0,0.023012556,0.0035297994,0.0048,0.103661634,0.0032,0.0064,0.3952,0.0584,0.0064,0.0064,0.22310413,0.013113552,0.21102987
-0.06714899,0.0031271912,0.0056,0.0056,0.0072,0.4008,0.07440000000000001,0.0072,0.0072,0.24169862,0.015566278,0.22672057,0.05714171,0.002103854,-0.0016,0.0016,0.0048,0.3904,0.020800000000000003,0.0024,0.0048,0.02967874,0.0,0.033737108,0.0031638916,0.0064,0.15246196,0.0072,0.0064,0.4016,0.0736,0.008799999999999999,0.0064,0.24340235,0.019852884,0.22446129
-0.06698811,0.0034101047,0.0072,0.0048,0.0056,0.3528,0.0736,0.0064,0.008799999999999999,0.25250974,0.02003989,0.23176238,0.05709185,0.0022696666,0.0,0.0024,0.0032,0.3976,0.008799999999999999,0.0032,0.0056,0.022198908,0.0,0.022198908,0.0034351929,0.0072,0.120931864,0.0056,0.0064,0.3528,0.0736,0.0072,0.008799999999999999,0.25334358,0.021210749,0.23143286
-0.06697369,0.003506638,0.0096,0.0048,0.0048,0.212,0.056,0.0072,0.0056,0.201426,0.02554831,0.1762407,0.056974504,0.00227106,0.0016,0.0032,0.0048,0.39840000000000003,0.02,0.0032,0.0048,0.029622197,0.0038463995,0.025563829,0.0035888294,0.0096,0.21442915,0.0072,0.0048,0.1568,0.056,0.008,0.0072,0.20311624,0.028591016,0.17483133
-0.06690491,0.0037706979,0.0048,0.0024,0.0064,0.372,0.06,0.0048,0.0064,0.27399153,0.013526417,0.25979012,0.057052422,0.0027729087,-0.0016,0.0024,0.004,0.3216,0.008,0.0024,0.0064,0.020928822,0.0,0.025914818,0.0038325468,0.0048,0.17989619,0.004,0.0064,0.0488,0.06,0.0064,0.008799999999999999,0.27331465,0.014832721,0.25791088
-0.06694418,0.0038099699,0.0072,0.0032,0.0072,0.19999999999999998,0.0408,0.0048,0.008,0.22356085,0.018867888,0.20447774,0.057029232,0.002912052,0.0008,0.0024,0.0032,0.3784,0.0192,0.0032,0.0048,0.06336683,0.0025641918,0.060815856,0.003839717,0.0072,0.12455776,0.004,0.0072,0.19999999999999998,0.0408,0.0056,0.008,0.2297013,0.020666838,0.2088789
-0.06695972,0.003936451,0.0048,0.0032,0.0048,0.0112,0.0424,0.0048,0.0064,0.23266074,0.015741374,0.21734986,0.057041056,0.0031321347,-0.0024,0.0024,0.0024,0.312,0.0184,0.0024,0.004,0.005220175,0.0,0.012525238,0.0040195426,0.0048,0.20368393,0.004,0.0056,0.0112,0.0584,0.008799999999999999,0.008,0.22890711,0.016778043,0.21243508
-0.06689958,0.0038763173,0.0064,0.0048,0.0048,0.31520000000000004,0.0528,0.0072,0.0064,0.24248014,0.022245627,0.22051233,0.057037346,0.002787985,-0.0024,0.0016,0.0048,0.3432,0.02,0.0016,0.0056,0.053108774,0.0,0.061109558,0.0039201924,0.0064,0.14975345,0.0048,0.0048,0.2544,0.041600000000000005,0.008799999999999999,0.0064,0.24768981,0.023248315,0.22472233
-0.066936634,0.0036914758,0.004,0.004,0.0064,0.0112,0.0576,0.0056,0.0064,0.2856883,0.014241334,0.27193072,0.056977056,0.0026163682,-0.0032,0.0024,0.0032,0.3496,0.02,0.0024,0.004,0.013329685,0.0,0.022837862,0.0037691232,0.004,0.20333219,0.0056,0.0064,0.0112,0.0576,0.008,0.008,0.2824946,0.014763255,0.26810724
-0.06686985,0.0035137385,0.0064,0.0032,0.0064,0.404,0.041600000000000005,0.0056,0.008,0.22750077,0.015350837,0.21241176,0.056967314,0.0027420633,0.0,0.0016,0.004,0.3888,0.02,0.0024,0.0048,0.03756588,0.0,0.03756588,0.0035742489,0.008,0.184269,0.0048,0.0064,0.40559999999999996,0.0264,0.0096,0.008799999999999999,0.2305324,0.02455348,0.20635302
-0.06690314,0.0037689246,0.0072,0.0048,0.0048,0.3632,0.056,0.0056,0.0064,0.21097523,0.021161247,0.19033882,0.056967314,0.0026261099,-0.0008,0.0016,0.004,0.39359999999999995,0.0184,0.0024,0.0048,0.04614643,0.0,0.048697405,0.0037925874,0.0072,0.11176472,0.0056,0.0048,0.3632,0.056,0.008,0.0072,0.21480575,0.0222815,0.19309536
-0.06685498,0.003609825,0.0072,0.004,0.0048,0.2672,0.056799999999999996,0.0056,0.008,0.21935008,0.018287003,0.20082167,0.05697404,0.0025034323,0.0008,0.0024,0.0032,0.392,0.008799999999999999,0.0024,0.004,-0.044469707,0.0020396188,-0.046440914,0.003689815,0.0072,0.2086017,0.0048,0.0048,0.308,0.0712,0.0072,0.008799999999999999,0.20538554,0.020611482,0.18440126
-0.0668694,0.0032913946,0.008,0.0056,0.0048,0.4072,0.056799999999999996,0.008,0.0072,0.23137996,0.023594279,0.20841362,0.056904003,0.0025734678,0.0,0.0024,0.0032,0.3456,0.0184,0.0032,0.0048,0.08991978,0.0,0.08991978,0.0033121652,0.008,0.11205044,0.008,0.0048,0.4072,0.056799999999999996,0.0096,0.0072,0.23998344,0.024832841,0.21579975
-0.06702318,0.0034451745,0.0072,0.0048,0.0056,0.3368,0.1048,0.0072,0.008,0.27315885,0.020688362,0.2526334,0.056976125,0.0022694394,0.0,0.0032,0.0032,0.3352,0.020800000000000003,0.0032,0.0048,0.028988011,0.0,0.028988011,0.0034857243,0.0072,0.15268102,0.0072,0.0072,0.3368,0.1048,0.008,0.008,0.27438992,0.022196187,0.25235733
-0.06708952,0.0031786673,0.0072,0.0056,0.008,0.33039999999999997,0.0872,0.0056,0.0112,0.19798222,0.01673653,0.17923194,0.057217542,0.002028022,0.0008,0.0024,0.0056,0.37520000000000003,0.02,0.0024,0.0056,-0.0138598755,0.0016801618,-0.015599176,0.0032210215,0.0072,0.16234663,0.0056,0.008,0.33039999999999997,0.0872,0.0072,0.0112,0.19313866,0.01864199,0.17232965
-0.067321405,0.0030777082,0.008799999999999999,0.0064,0.004,0.38799999999999996,0.10400000000000001,0.008,0.008,0.2620577,0.02398038,0.23942418,0.057296157,0.0020653605,0.0008,0.0032,0.0032,0.3992,0.0056,0.004,0.0048,0.025624245,0.0019494072,0.023653038,0.0030949318,0.008799999999999999,0.10554868,0.008,0.004,0.38799999999999996,0.10400000000000001,0.008799999999999999,0.008,0.2632989,0.025018832,0.23943537
-0.0674075,0.003385704,0.0056,0.0048,0.0072,0.3856,0.1008,0.0064,0.008,0.18029234,0.015489742,0.16376102,0.057504404,0.0017411597,-0.0024,0.0016,0.0056,0.39280000000000004,0.008799999999999999,0.0024,0.0064,-0.04081101,0.0,-0.035940968,0.003403718,0.0056,0.10292784,0.0048,0.0072,0.29200000000000004,0.07919999999999999,0.0064,0.008,0.175145,0.016076272,0.15802208
-0.06775722,0.0032916255,0.0072,0.0064,0.0056,0.3952,0.0768,0.0072,0.008,0.28314894,0.02052686,0.26362205,0.05751438,0.0020790435,-0.0008,0.0016,0.0056,0.396,0.02,0.0024,0.0056,-0.0074798316,0.0,-0.005160764,0.0033230192,0.0072,0.13756664,0.0064,0.0064,0.3952,0.0768,0.0096,0.008799999999999999,0.2794482,0.02172221,0.25859517
-0.06784221,0.003265664,0.0064,0.0056,0.0064,0.3792,0.07440000000000001,0.0072,0.008799999999999999,0.22662346,0.018137038,0.20731843,0.057652596,0.0021727346,-0.0008,0.0016,0.0032,0.38,0.0064,0.0032,0.004,-0.008870378,0.0,-0.006667264,0.0032718764,0.0064,0.06163273,0.0056,0.0064,0.3792,0.07440000000000001,0.008799999999999999,0.008799999999999999,0.22564681,0.01858043,0.20591421
-0.06787593,0.0028555952,0.0064,0.0048,0.0072,0.3904,0.0752,0.008799999999999999,0.008799999999999999,0.20154043,0.017186373,0.18223538,0.057638913,0.0018385574,-0.0016,0.0024,0.0056,0.3944,0.020800000000000003,0.0024,0.0064,0.005218573,0.0,0.008581221,0.0028918628,0.0056,0.32045433,0.008,0.008,0.3896,0.0936,0.008,0.0264,0.19292432,0.016445624,0.1746005
-0.06783044,0.0030320063,0.0072,0.0056,0.008,0.4032,0.0608,0.0072,0.008799999999999999,0.2952402,0.01763552,0.27771032,0.057642397,0.0018350743,0.0008,0.0024,0.004,0.3912,0.020800000000000003,0.004,0.0056,0.034259215,0.0016031675,0.032519914,0.0030642902,0.0072,0.14528592,0.0056,0.008799999999999999,0.4032,0.0608,0.008,0.0112,0.2970896,0.019085359,0.27801538
-0.06764227,0.0027328841,0.0048,0.004,0.0096,0.3712,0.0728,0.0056,0.0096,0.21934727,0.011293676,0.20703201,0.057639144,0.0020702332,-0.0008,0.0024,0.0032,0.38,0.008,0.0032,0.0048,-0.025449924,0.0,-0.02324681,0.0027691808,0.0048,0.16208714,0.0056,0.0096,0.3712,0.0728,0.0072,0.0096,0.21236517,0.012289422,0.199126
-0.06746452,0.0027770326,0.0064,0.004,0.0072,0.396,0.0608,0.0056,0.008,0.15703835,0.014227968,0.14294791,0.057421852,0.0015918054,-0.0008,0.0016,0.0056,0.3968,0.0096,0.0024,0.0072,0.0106643215,0.0,0.012287669,0.0028517079,0.0056,0.36279488,0.0048,0.008,0.3952,0.061599999999999995,0.008,0.012,0.15060115,0.014022987,0.13670759
-0.06729944,0.002833847,0.008799999999999999,0.0064,0.0064,0.3976,0.0712,0.0072,0.008,0.21729426,0.01963368,0.19721258,0.057215918,0.0015658326,0.0,0.0016,0.0048,0.3992,0.0232,0.0032,0.0056,0.0010412335,0.0,0.0010412335,0.002848682,0.008799999999999999,0.102100015,0.0072,0.0064,0.3976,0.0712,0.0072,0.008,0.21626878,0.02057787,0.1952753
-0.067057796,0.0027031489,0.0064,0.004,0.008799999999999999,0.3688,0.0752,0.0056,0.0112,0.21413362,0.012971226,0.20104171,0.057065178,0.0017165728,0.0,0.0024,0.0048,0.39999999999999997,0.0288,0.0024,0.0048,0.008463182,0.0,0.008463182,0.0027856657,0.0064,0.24400531,0.0048,0.008799999999999999,0.3688,0.0752,0.0072,0.0112,0.20983522,0.014784133,0.19497408
-0.06675113,0.0027293302,0.008799999999999999,0.0056,0.008,0.3976,0.07600000000000001,0.008,0.0224,0.20369886,0.019482527,0.18383908,0.05682075,0.0016131401,0.0016,0.0032,0.004,0.3968,0.0072,0.0032,0.004,0.06574132,0.00253056,0.06319035,0.002731378,0.008799999999999999,0.038724966,0.0056,0.008,0.3976,0.07600000000000001,0.008,0.0224,0.20609133,0.019885555,0.18584692
-0.066556305,0.002534505,0.0072,0.0048,0.0064,0.4016,0.088,0.0056,0.0072,0.18605849,0.013712775,0.1714133,0.05672729,0.00135874,-0.0016,0.0008,0.0056,0.3976,0.0152,0.0016,0.0072,0.005041793,0.0,0.007940628,0.0025928742,0.0072,0.21258599,0.0048,0.0064,0.3264,0.088,0.008,0.0072,0.1829338,0.015054524,0.16700363
-0.06634617,0.0023243688,0.0096,0.0056,0.0064,0.38,0.0824,0.0072,0.0272,0.1965434,0.015466202,0.18112156,0.05663777,0.001216352,0.0032,0.0032,0.004,0.3896,0.0096,0.0032,0.004,0.037628084,0.003937781,0.033221856,0.0023593334,0.0096,0.17237465,0.0056,0.012,0.38,0.0824,0.0072,0.0272,0.20008472,0.01698481,0.18316112
-0.0663293,0.002196554,0.010400000000000001,0.0064,0.0072,0.4072,0.0872,0.008,0.0096,0.18810642,0.017904125,0.17102034,0.05650651,0.0013476126,0.0032,0.0024,0.0024,0.3944,0.0056,0.0808,0.0056,0.06337144,0.0039990097,0.059892833,0.0022609911,0.010400000000000001,0.23931496,0.008,0.0072,0.4072,0.0736,0.0096,0.0264,0.19776689,0.019705,0.17913385
-0.06626385,0.0021311007,0.0056,0.004,0.0096,0.4032,0.08,0.0064,0.010400000000000001,0.20148343,0.010368805,0.19072142,0.056540605,0.0013135187,0.0008,0.0048,0.004,0.39359999999999995,0.0232,0.3288,0.004,0.0780351,0.0011975653,0.07699152,0.0022538817,0.0056,0.33159366,0.0064,0.010400000000000001,0.3976,0.08,0.0064,0.010400000000000001,0.21591191,0.0118158115,0.20396197
-0.06627782,0.0019231737,0.0064,0.0024,0.010400000000000001,0.40559999999999996,0.0856,0.0048,0.028,0.18765827,0.00806278,0.1804466,0.056522515,0.001099702,0.0,0.1544,0.008,0.39999999999999997,0.010400000000000001,0.1544,0.0096,0.050903603,0.0,0.050903603,0.0020649123,0.0064,0.37267005,0.0048,0.010400000000000001,0.40559999999999996,0.0728,0.0064,0.028,0.1933113,0.010163734,0.18385045
-0.06639743,0.0022646822,0.008799999999999999,0.0072,0.008,0.3896,0.0848,0.0072,0.0272,0.1866157,0.015148021,0.17263621,0.05652089,0.0011013262,0.0008,0.0024,0.0056,0.4008,0.0112,0.3736,0.0072,0.045744784,0.00075346604,0.04493311,0.0023007176,0.008799999999999999,0.17722161,0.0072,0.008,0.3888,0.0848,0.008,0.0272,0.19175741,0.01635148,0.17666814
-0.066439815,0.0024180152,0.0072,0.0056,0.0048,0.4016,0.0736,0.008,0.010400000000000001,0.1904485,0.014661439,0.17480476,0.056616668,0.0012374558,0.0016,0.0056,0.0024,0.3992,0.008799999999999999,0.0056,0.0024,0.03907782,0.002011098,0.037222564,0.002437784,0.0072,0.12743905,0.0056,0.0048,0.4016,0.0736,0.008,0.0232,0.19387063,0.015324315,0.17766114
-0.06652568,0.0019491427,0.0064,0.004,0.0128,0.3672,0.0936,0.0056,0.04,0.22111805,0.008270528,0.21324071,0.056713372,0.001140751,0.0008,0.0008,0.0048,0.39840000000000003,0.0096,0.3664,0.0072,0.025685593,0.0009088442,0.024642013,0.0020282653,0.0064,0.28023672,0.0056,0.0136,0.3832,0.0936,0.0064,0.04,0.21959645,0.00983058,0.21007007
-0.06663153,0.0019440427,0.0112,0.0072,0.0072,0.39280000000000004,0.09680000000000001,0.0096,0.041600000000000005,0.1652625,0.016676497,0.14751075,0.056734245,0.0011198781,0.0024,0.14320000000000002,0.0064,0.4024,0.010400000000000001,0.324,0.008,-0.055367313,0.0018522404,-0.057106614,0.0019535257,0.0112,0.098571904,0.0072,0.0072,0.39280000000000004,0.09680000000000001,0.0096,0.041600000000000005,0.15901145,0.017556507,0.1403645
-0.06660646,0.001808025,0.008,0.0072,0.008,0.39280000000000004,0.0752,0.0072,0.0328,0.19439024,0.011867113,0.18274064,0.05671152,0.0011426024,0.0016,0.0024,0.0032,0.4016,0.0072,0.3312,0.0048,0.03762406,0.0018213913,0.03588476,0.0018936044,0.008,0.3017899,0.0072,0.008,0.39280000000000004,0.0752,0.008,0.0328,0.19678795,0.013658537,0.18321788
-0.06670853,0.0019100904,0.0096,0.0072,0.0072,0.3896,0.096,0.008,0.0256,0.16642247,0.014932778,0.15033494,0.056795243,0.0010588802,0.0008,0.0032,0.0056,0.3992,0.024,0.3136,0.0072,-0.0010511801,0.0007110201,-0.0019788072,0.0019145948,0.0096,0.06860782,0.0072,0.0072,0.3896,0.096,0.008799999999999999,0.0256,0.16595888,0.015474617,0.14926532
-0.06674959,0.002283994,0.0048,0.0016,0.024,0.3472,0.12560000000000002,0.004,0.0392,0.21996662,0.005715672,0.2146411,0.056832805,0.0011372715,0.0016,0.0024,0.0056,0.39999999999999997,0.0096,0.3864,0.0072,0.030148774,0.0015788227,0.028757334,0.0024165679,0.0048,0.33277428,0.0016,0.0216,0.3976,0.0848,0.004,0.0328,0.21774776,0.0071766214,0.21104777
-0.06689892,0.0018785857,0.0096,0.0064,0.0136,0.408,0.0896,0.0064,0.0304,0.18495661,0.01444377,0.1709771,0.056929514,0.001040563,0.0032,0.0032,0.0048,0.39840000000000003,0.0064,0.25279999999999997,0.0064,0.024404816,0.0028867647,0.021621935,0.0020452372,0.0072,0.40648705,0.004,0.0152,0.4024,0.092,0.0056,0.0328,0.17953478,0.011365293,0.16860074
-0.06704515,0.0022467114,0.0072,0.0048,0.008799999999999999,0.4072,0.0856,0.0056,0.0144,0.19255972,0.012675919,0.18024445,0.057046626,0.0013872646,0.0,0.0,0.0056,0.396,0.008799999999999999,0.0024,0.0056,0.022840656,0.0,0.022840656,0.0022728464,0.0072,0.15179536,0.0056,0.008799999999999999,0.392,0.0816,0.0064,0.0296,0.19379932,0.01382197,0.18031062
-0.06728945,0.002380062,0.0072,0.004,0.0064,0.4072,0.08399999999999999,0.0056,0.0144,0.18561113,0.010880448,0.17462724,0.057206176,0.0012277141,0.0,0.0008,0.0056,0.39999999999999997,0.008799999999999999,0.2656,0.0064,0.025277428,0.0,0.025277428,0.0023989056,0.0072,0.1254219,0.0048,0.0064,0.4072,0.08399999999999999,0.0056,0.0144,0.1873152,0.011785557,0.17550376
-0.06751068,0.0024903454,0.0056,0.0048,0.008,0.3664,0.064,0.0072,0.0256,0.20086522,0.012661625,0.18821709,0.05734393,0.0014378205,-0.0008,0.0016,0.0056,0.3944,0.008799999999999999,0.0024,0.0056,0.036175594,0.0,0.03779894,0.0025420694,0.0056,0.20207243,0.0064,0.0096,0.3664,0.064,0.008,0.0256,0.20403862,0.013702562,0.19055407
-0.0678513,0.0027200133,0.0064,0.004,0.008799999999999999,0.39359999999999995,0.07039999999999999,0.0072,0.0096,0.18439753,0.013660878,0.17208225,0.05750464,0.0016249716,0.0,0.0024,0.004,0.384,0.008,0.0024,0.004,0.023945473,0.0,0.023945473,0.0027423734,0.0064,0.12778616,0.0048,0.008799999999999999,0.39359999999999995,0.07039999999999999,0.0072,0.0264,0.18594563,0.014541205,0.17282934
-0.068081185,0.0028389543,0.008,0.0064,0.0048,0.35760000000000003,0.0896,0.0096,0.0272,0.24287036,0.018847954,0.22478579,0.057746753,0.0016147643,-0.0008,0.0016,0.0056,0.39840000000000003,0.036,0.0016,0.0064,0.08875917,0.0,0.09038252,0.002895844,0.008,0.19854449,0.0096,0.0048,0.35760000000000003,0.0896,0.0096,0.0272,0.2556062,0.020427652,0.23616156
-0.068429336,0.0028542578,0.0072,0.0048,0.0064,0.39840000000000003,0.0584,0.0072,0.0296,0.29550856,0.018032879,0.27786773,0.057907462,0.0016859621,0.0,0.0024,0.004,0.3552,0.008799999999999999,0.0032,0.0056,0.011595152,0.0,0.011595152,0.002869413,0.0072,0.102822796,0.0072,0.0072,0.39840000000000003,0.0584,0.0072,0.0296,0.29513794,0.018876199,0.27663815
-0.068519644,0.0029445663,0.0064,0.0048,0.008,0.36160000000000003,0.06,0.0064,0.0256,0.20358327,0.0147916,0.18771765,0.058009498,0.0015839264,0.0016,0.0032,0.0048,0.4008,0.0232,0.0032,0.0056,0.0373409,0.0028199926,0.034442067,0.0030168195,0.0064,0.21930033,0.0048,0.008799999999999999,0.36160000000000003,0.06,0.0064,0.0256,0.20683084,0.016714685,0.18910013
-0.06857779,0.0027808137,0.0072,0.0056,0.0072,0.3888,0.056,0.0064,0.0096,0.19571501,0.016706191,0.17818518,0.05802481,0.0018005222,-0.0008,0.0008,0.0056,0.3656,0.0096,0.0016,0.0072,0.03861002,0.0,0.040233366,0.0028299445,0.0072,0.18660952,0.0064,0.0072,0.3744,0.056,0.0072,0.0096,0.19948044,0.018476028,0.18025425
-0.0684209,0.0031786673,0.0072,0.0072,0.0064,0.3736,0.072,0.0096,0.0072,0.21540134,0.022173021,0.19221309,0.05805449,0.0016548894,-0.0016,0.0032,0.0048,0.3672,0.020800000000000003,0.0032,0.0064,0.028991736,0.0,0.032006525,0.0032012297,0.0072,0.11879687,0.0072,0.0064,0.3736,0.072,0.0096,0.0072,0.21731919,0.022806227,0.19356602
-0.068348564,0.0026625395,0.008799999999999999,0.0048,0.008799999999999999,0.4032,0.07600000000000001,0.0072,0.0296,0.20286502,0.015419349,0.18733224,0.05790561,0.0016878136,0.004,0.0032,0.0056,0.4016,0.020800000000000003,0.004,0.0056,-0.0056866333,0.006351907,-0.0120640695,0.0028413667,0.008799999999999999,0.35667512,0.0072,0.0096,0.4032,0.07600000000000001,0.0072,0.0272,0.18811175,0.019311942,0.16845527
-0.06816218,0.0030308962,0.0064,0.0048,0.008799999999999999,0.4016,0.062400000000000004,0.0064,0.0128,0.20376463,0.015815083,0.18756618,0.057742577,0.0016189404,0.0016,0.004,0.0024,0.3968,0.0056,0.0048,0.0032,0.04562667,0.0027740672,0.04284379,0.0030394224,0.0064,0.07491974,0.0056,0.008799999999999999,0.4016,0.062400000000000004,0.0064,0.0128,0.20660819,0.016392972,0.18984762
-0.067712605,0.0030251145,0.0072,0.0048,0.0064,0.38720000000000004,0.056799999999999996,0.008,0.0256,0.09202415,0.017240666,0.07371764,0.05770176,0.0017757118,0.0,0.0024,0.0056,0.39280000000000004,0.0064,0.0024,0.0056,-0.0043462217,0.0,-0.0043462217,0.0030661938,0.0072,0.16387436,0.0064,0.0064,0.364,0.056799999999999996,0.008799999999999999,0.0256,0.0900822,0.0188035,0.070148185
-0.06760011,0.0030235648,0.0064,0.0048,0.008799999999999999,0.4016,0.0864,0.0056,0.0256,0.22455883,0.013981275,0.20858227,0.057532236,0.0013654679,0.0,0.0024,0.0064,0.3976,0.010400000000000001,0.3504,0.0064,-0.039423108,0.0,-0.039423108,0.003055102,0.0064,0.14380981,0.0048,0.008799999999999999,0.39280000000000004,0.0864,0.0072,0.0256,0.21659084,0.015153214,0.19939993
-0.067387976,0.003366176,0.008799999999999999,0.0064,0.004,0.20240000000000002,0.0592,0.008,0.020800000000000003,0.24952288,0.0252674,0.22489229,0.057257894,0.0019876696,0.0,0.0024,0.0048,0.3976,0.0072,0.0024,0.0064,0.03588342,0.0,0.03588342,0.0033753265,0.008799999999999999,0.07365022,0.0064,0.004,0.2384,0.0592,0.008799999999999999,0.020800000000000003,0.25148684,0.02601426,0.22616369
-0.0670751,0.0033861473,0.0056,0.0032,0.0072,0.3272,0.0608,0.0064,0.008799999999999999,0.1685334,0.014050525,0.15422106,0.057246294,0.0019992702,-0.0008,0.0032,0.0056,0.3944,0.020800000000000003,0.0032,0.0064,0.013510935,0.0,0.01571405,0.003421686,0.0056,0.14425233,0.0056,0.0072,0.3272,0.0608,0.0064,0.0096,0.16872518,0.015332992,0.15306132
-0.06712347,0.0035454668,0.008799999999999999,0.0056,0.0048,0.2424,0.0544,0.0072,0.0072,0.26383278,0.024576832,0.23997888,0.057099037,0.0022624806,0.0,0.0008,0.004,0.3968,0.02,0.0024,0.004,0.04881399,0.0,0.04881399,0.0035687769,0.008799999999999999,0.1143572,0.0056,0.0048,0.2424,0.0544,0.0096,0.0072,0.2676796,0.025933025,0.24247314
-0.066919774,0.0036746152,0.0072,0.0048,0.0056,0.2848,0.04,0.0056,0.0064,0.21524039,0.021200031,0.19349448,0.057090454,0.0028508306,-0.0008,0.0016,0.0048,0.3,0.008799999999999999,0.0016,0.0064,0.009914778,0.0,0.012813613,0.0037312608,0.0064,0.17447567,0.0048,0.0064,0.284,0.056799999999999996,0.0072,0.008799999999999999,0.21369365,0.019628234,0.193796
-0.06697215,0.0039488897,0.0064,0.0032,0.0056,0.3728,0.0392,0.0048,0.0072,0.22113302,0.018055394,0.20216084,0.057016943,0.0028083883,-0.0008,0.0024,0.004,0.392,0.02,0.0024,0.0048,0.022839464,0.0,0.025738299,0.0039790906,0.0064,0.12328503,0.004,0.0056,0.3728,0.0392,0.0056,0.008,0.22226326,0.019397879,0.20192361
-0.066938415,0.0039151497,0.008799999999999999,0.0048,0.0056,0.31520000000000004,0.0248,0.0056,0.0064,0.21091595,0.025093015,0.18528685,0.056991197,0.0028341338,0.0,0.0016,0.0048,0.396,0.02,0.0024,0.0072,0.10917155,0.0,0.10917155,0.003965676,0.008799999999999999,0.15979953,0.0056,0.0056,0.31520000000000004,0.0544,0.0064,0.0064,0.22560012,0.027888907,0.19738239
-0.067018084,0.0037729219,0.0056,0.004,0.0048,0.3888,0.0408,0.0056,0.0072,0.34434158,0.01764553,0.3274774,0.05699143,0.0030658059,-0.0024,0.0016,0.004,0.39359999999999995,0.0192,0.0016,0.0056,0.16557938,0.0,0.17346421,0.0038461094,0.0056,0.19539514,0.004,0.0048,0.3888,0.0408,0.0064,0.008,0.369937,0.019157605,0.35159275
-0.06694352,0.0035874099,0.0048,0.0032,0.0072,0.3664,0.04,0.0064,0.008,0.22373047,0.0144237615,0.20952904,0.05703967,0.0031335205,-0.0024,0.0016,0.004,0.3832,0.0192,0.0024,0.0048,0.028171904,0.0,0.036056735,0.0036547792,0.0048,0.1923025,0.0064,0.0072,0.368,0.041600000000000005,0.0072,0.008,0.22499059,0.015690178,0.20941105
-0.06687163,0.0036264695,0.004,0.004,0.0056,0.3344,0.0552,0.0048,0.0072,0.19455592,0.014803886,0.18002169,0.057100426,0.002840858,-0.004,0.0016,0.0048,0.3744,0.0192,0.0016,0.0064,-0.023190677,0.0,-0.010783665,0.0037580137,0.0056,0.26537088,0.008799999999999999,0.0048,0.0128,0.053599999999999995,0.0096,0.0072,0.18166342,0.023033353,0.15911318
-0.06678553,0.004095111,0.0064,0.004,0.0056,0.2696,0.0392,0.0048,0.0072,0.20475945,0.019003268,0.18523252,0.057083733,0.003205413,-0.0016,0.0016,0.004,0.11359999999999999,0.02,0.0016,0.0064,0.03582427,0.0,0.042085752,0.004189933,0.0064,0.21315156,0.004,0.0064,0.2696,0.0392,0.008799999999999999,0.008,0.20770387,0.021201521,0.18582255
-0.06691889,0.004006572,0.004,0.0032,0.0056,0.15839999999999999,0.0408,0.004,0.008,0.2023716,0.013375953,0.18927968,0.05702181,0.0029194728,-0.0016,0.0032,0.0024,0.2984,0.017599999999999998,0.0032,0.0024,-0.010727681,0.0,-0.004930012,0.0040513095,0.004,0.14874817,0.0032,0.0064,0.15839999999999999,0.0408,0.004,0.008799999999999999,0.19854705,0.014154309,0.1847405
-0.0668916,0.0037573911,0.0064,0.0032,0.0056,0.4016,0.0408,0.0048,0.008,0.22019035,0.017632913,0.20310429,0.056947373,0.0028779581,-0.0016,0.0008,0.0056,0.3968,0.020800000000000003,0.0016,0.0056,0.042200886,0.0,0.047650695,0.0038175127,0.0064,0.17770968,0.004,0.0064,0.031200000000000002,0.0408,0.008799999999999999,0.008,0.22418271,0.019682933,0.20523395
-0.066877164,0.0036320016,0.0072,0.0048,0.0056,0.35760000000000003,0.07039999999999999,0.0064,0.0072,0.23065516,0.021704134,0.20802169,0.056956183,0.0027531944,0.0,0.0024,0.0024,0.3808,0.0184,0.0032,0.0032,0.025042467,0.0,0.025042467,0.0036734215,0.0072,0.15031137,0.0056,0.0056,0.010400000000000001,0.0592,0.008799999999999999,0.0072,0.23180443,0.02332939,0.20756827
-0.06698946,0.0037443005,0.0064,0.0048,0.0048,0.010400000000000001,0.0424,0.0064,0.0064,0.23855159,0.021300405,0.21736042,0.05705358,0.00242389,-0.0024,0.0016,0.0048,0.3896,0.008799999999999999,0.0016,0.0064,0.016697735,0.0,0.024002798,0.0037508034,0.0064,0.05889492,0.0056,0.0048,0.2368,0.0424,0.0064,0.0072,0.23912083,0.021845194,0.21732487
-0.06702939,0.0034513809,0.0072,0.004,0.0064,0.39840000000000003,0.0424,0.0048,0.008,0.2195622,0.018969037,0.19870389,0.057133127,0.0025762506,0.0,0.0016,0.004,0.29200000000000004,0.008,0.0024,0.0056,0.044234037,0.0,0.044234037,0.0034714928,0.0072,0.10769388,0.0048,0.0064,0.39840000000000003,0.0424,0.008,0.008799999999999999,0.22304471,0.020329343,0.20094873
-0.06721201,0.0034121051,0.0048,0.0032,0.0072,0.3408,0.0608,0.004,0.008799999999999999,0.21307181,0.012817185,0.19964704,0.057238877,0.0023545474,-0.0016,0.0024,0.0048,0.3952,0.020800000000000003,0.0024,0.0048,0.0023744553,0.0,0.0070125908,0.0035156978,0.0064,0.24335805,0.0056,0.0056,0.0128,0.0592,0.0096,0.0096,0.20736565,0.021234743,0.18544078
-0.06741948,0.003619574,0.0032,0.004,0.0072,0.39359999999999995,0.0424,0.0056,0.008799999999999999,0.1849405,0.011260793,0.17406757,0.057399817,0.0023095608,-0.0024,0.0032,0.0024,0.3944,0.0072,0.0032,0.0048,-0.014434651,0.0,-0.007941261,0.0036840471,0.0032,0.18736042,0.0048,0.0072,0.39359999999999995,0.0424,0.0064,0.0096,0.17901525,0.011769379,0.16766304
-0.06750624,0.0031515919,0.0056,0.0048,0.008,0.3712,0.07440000000000001,0.0056,0.008,0.2312618,0.014627609,0.21672757,0.057570964,0.0021384135,-0.0008,0.0032,0.004,0.392,0.0072,0.0032,0.0056,-0.019768618,0.0,-0.017565504,0.003176763,0.0056,0.1259679,0.0056,0.008,0.3712,0.07440000000000001,0.0072,0.0096,0.22694579,0.015649367,0.2113467
-0.06786572,0.0032891817,0.0048,0.004,0.0072,0.29200000000000004,0.056799999999999996,0.0072,0.008,0.24248037,0.014520504,0.22872277,0.05756262,0.0019148514,-0.0032,0.0016,0.0056,0.38799999999999996,0.0224,0.0016,0.0072,-0.0066708773,0.0,0.0002863258,0.003374792,0.0048,0.2257235,0.0072,0.008,0.29200000000000004,0.056799999999999996,0.008,0.010400000000000001,0.23483622,0.01552977,0.21994837
-0.067825116,0.0031376258,0.0056,0.0048,0.0072,0.372,0.1064,0.0056,0.012,0.26960903,0.014640782,0.25540763,0.057614103,0.0019793212,-0.0016,0.0008,0.0048,0.3952,0.0072,0.0024,0.0056,0.058494665,0.0,0.06243708,0.0031400775,0.0056,0.039521113,0.0048,0.0072,0.372,0.1064,0.0056,0.012,0.27170968,0.014952293,0.25717574
-0.06783355,0.0030351132,0.0064,0.0056,0.0072,0.3688,0.0856,0.0072,0.0232,0.24165253,0.016514499,0.22545403,0.057659324,0.0018181466,-0.0008,0.0024,0.0056,0.3952,0.008799999999999999,0.0024,0.0064,0.05333539,0.0,0.055190645,0.0030832435,0.0064,0.17692432,0.0064,0.008,0.3688,0.0856,0.0072,0.0232,0.24726743,0.018000368,0.22962794
-0.06782756,0.002807226,0.0064,0.0056,0.008799999999999999,0.40480000000000005,0.0768,0.0064,0.0112,0.25568867,0.014580451,0.24026681,0.057545457,0.001700107,0.0016,0.004,0.0024,0.4008,0.0232,0.1312,0.0056,0.08099152,0.0031683072,0.07774483,0.0028829752,0.0064,0.22974102,0.0064,0.008799999999999999,0.40480000000000005,0.0768,0.0072,0.0296,0.26741436,0.01655526,0.25004762
-0.06758968,0.002569344,0.0064,0.004,0.010400000000000001,0.3808,0.0816,0.004,0.0112,0.17690441,0.011346016,0.16425629,0.05747635,0.0015373081,0.0008,0.0016,0.0064,0.3952,0.0096,0.28159999999999996,0.0072,0.010143556,0.0014213547,0.008752115,0.002703664,0.0064,0.31653628,0.004,0.010400000000000001,0.3808,0.0816,0.0072,0.0264,0.17127313,0.013780411,0.15614931
-0.067363344,0.0024539568,0.0072,0.0056,0.0096,0.4064,0.09119999999999999,0.0064,0.010400000000000001,0.24414048,0.013875429,0.22971717,0.057347175,0.0014345758,0.0008,0.0024,0.0048,0.38480000000000003,0.020800000000000003,0.0024,0.0048,0.039308794,0.0013186224,0.038033307,0.0024849107,0.0072,0.15800445,0.0064,0.0096,0.4064,0.09119999999999999,0.0072,0.0296,0.24728441,0.015077311,0.23178189
-0.067178726,0.0024912357,0.008,0.0056,0.008,0.3904,0.06720000000000001,0.0056,0.0296,0.21052346,0.014927,0.1955454,0.0570944,0.0012235381,0.0008,0.0032,0.004,0.3952,0.0216,0.296,0.0072,0.031304844,0.0007597245,0.030609123,0.002525052,0.008,0.16384332,0.0056,0.008,0.3904,0.06720000000000001,0.0072,0.0296,0.21281022,0.016155422,0.19686015
-0.066939525,0.0024739318,0.008,0.004,0.0096,0.4008,0.0608,0.0064,0.0288,0.24281435,0.013311628,0.22983338,0.056945514,0.001372423,0.0,0.0008,0.0056,0.3992,0.008799999999999999,0.0016,0.0064,0.04127784,0.0,0.04127784,0.0024830748,0.008,0.08584149,0.004,0.0096,0.4008,0.0608,0.0064,0.0288,0.24545926,0.014071444,0.2317507
-0.066667706,0.002091162,0.0096,0.0064,0.0056,0.404,0.0688,0.008799999999999999,0.0224,0.22945037,0.017216627,0.21336284,0.05675999,0.0014419928,0.0032,0.0056,0.0024,0.3944,0.0072,0.0056,0.0024,0.03559333,0.0046084374,0.031187102,0.0021534925,0.0096,0.24118333,0.008799999999999999,0.0056,0.3896,0.0688,0.010400000000000001,0.0264,0.23131071,0.019106554,0.21361163
-0.06645845,0.0019928552,0.008799999999999999,0.004,0.0096,0.3904,0.06,0.0048,0.0344,0.17568557,0.00960613,0.16647685,0.056696214,0.00092600286,0.0032,0.0016,0.0064,0.4032,0.0368,0.3912,0.008,0.00017283112,0.0023125708,-0.0019143298,0.0021511978,0.008799999999999999,0.38607734,0.004,0.0096,0.3968,0.06,0.0048,0.0264,0.16281901,0.011992407,0.15140635
-0.0663495,0.0023276992,0.0096,0.0032,0.008799999999999999,0.3744,0.0608,0.004,0.010400000000000001,0.13103077,0.0095149465,0.12093446,0.05657771,0.0011604615,0.0048,0.0048,0.0032,0.40480000000000005,0.008799999999999999,0.40480000000000005,0.0032,-0.033278666,0.0045277476,-0.037916802,0.0024297123,0.0096,0.29080167,0.004,0.0072,0.3744,0.07600000000000001,0.0048,0.010400000000000001,0.11598767,0.011778343,0.10378857
-0.066257626,0.002235826,0.0048,0.004,0.008799999999999999,0.3544,0.088,0.0056,0.012,0.20213902,0.007756591,0.19415073,0.056497235,0.0012409352,0.0,0.0032,0.004,0.39840000000000003,0.0112,0.004,0.004,0.032991283,0.0,0.032991283,0.002367031,0.0048,0.33451456,0.004,0.0072,0.3608,0.088,0.0064,0.012,0.2017658,0.00900974,0.19239302
-0.06629136,0.0020476654,0.0056,0.004,0.010400000000000001,0.40559999999999996,0.0544,0.004,0.0328,0.15821323,0.008120544,0.14900452,0.056494687,0.0010115765,0.0008,0.24480000000000002,0.0048,0.39999999999999997,0.0072,0.37679999999999997,0.0064,0.017044095,0.00077966973,0.016116468,0.0020927,0.0056,0.20783389,0.004,0.008,0.40559999999999996,0.1008,0.0048,0.0328,0.15832543,0.009215491,0.14814249
-0.06634439,0.0018787943,0.0032,0.0024,0.012,0.4032,0.12240000000000001,0.0032,0.0296,0.230043,0.004852414,0.22571602,0.056585595,0.001152575,-0.0016,0.0032,0.0008,0.39840000000000003,0.012,0.3744,0.0048,0.02585555,0.0,0.027362945,0.0019641733,0.004,0.29592845,0.004,0.0112,0.404,0.092,0.0056,0.0288,0.22758368,0.007442926,0.22079992
-0.06645957,0.0019939728,0.0096,0.0056,0.0056,0.4096,0.07919999999999999,0.0096,0.0296,0.20115834,0.01527369,0.18629126,0.05659951,0.0012546144,0.0024,0.004,0.0032,0.38480000000000003,0.0136,0.2912,0.0056,0.04104601,0.0022564493,0.038958848,0.0020425778,0.010400000000000001,0.21859041,0.008,0.0056,0.41040000000000004,0.0784,0.010400000000000001,0.0264,0.20527257,0.018809516,0.18706502
-0.066551864,0.001975324,0.0096,0.0056,0.0056,0.39840000000000003,0.0848,0.008,0.0304,0.19260119,0.014162302,0.17806691,0.056679748,0.0014062822,0.0024,0.0024,0.0048,0.3992,0.0072,0.0048,0.0056,0.02933561,0.0024795458,0.026436776,0.0021438627,0.0064,0.51633775,0.0048,0.0112,0.39840000000000003,0.088,0.0064,0.0136,0.1819753,0.010303727,0.17132865
-0.06648796,0.00180047,0.0048,0.0032,0.028,0.396,0.1016,0.0056,0.04,0.14245583,0.005588241,0.1373522,0.05670781,0.0011463128,-0.0008,0.0,0.004,0.396,0.008799999999999999,0.348,0.0072,0.038319632,0.0,0.03959512,0.0018559973,0.0048,0.24522693,0.0056,0.028,0.396,0.1016,0.0056,0.04,0.147497,0.0066685793,0.14142
-0.066618435,0.0022637881,0.008,0.0056,0.008799999999999999,0.39840000000000003,0.10719999999999999,0.0064,0.0304,0.22056247,0.013096336,0.20824717,0.056712914,0.0013731159,0.0008,0.0016,0.0048,0.3992,0.0072,0.0024,0.0048,5.289167e-05,0.000793349,-0.0008747354,0.0022658922,0.008,0.043099537,0.0056,0.008799999999999999,0.39840000000000003,0.10719999999999999,0.0064,0.0304,0.2203599,0.013430994,0.20768636
-0.0665856,0.0021200068,0.008799999999999999,0.0048,0.008799999999999999,0.3864,0.0648,0.0064,0.028,0.18040669,0.012779973,0.16720384,0.05679037,0.0010637529,0.0032,0.284,0.0048,0.39999999999999997,0.0064,0.284,0.0056,0.038202338,0.0029795244,0.034607783,0.0021349408,0.008799999999999999,0.11834924,0.0048,0.0096,0.40559999999999996,0.0824,0.0064,0.028,0.1836554,0.013688836,0.1694907
-0.06669899,0.0022333972,0.0072,0.0056,0.0072,0.3952,0.088,0.0056,0.0072,0.19632906,0.012777973,0.18257147,0.056846026,0.0011240505,0.0032,0.0064,0.0016,0.4032,0.0048,0.3832,0.004,0.015709616,0.0034526214,0.011999108,0.0022551368,0.0072,0.13896471,0.0056,0.0072,0.4072,0.088,0.0056,0.0072,0.19661252,0.013622439,0.18192746
-0.06686763,0.0020691901,0.008,0.0032,0.0096,0.36,0.0824,0.0048,0.010400000000000001,0.15360737,0.010706522,0.14317822,0.05688452,0.0013174638,0.0032,0.0032,0.004,0.4032,0.010400000000000001,0.0056,0.0056,0.05131118,0.003994368,0.047020905,0.0021301107,0.008,0.23973767,0.0048,0.0096,0.3608,0.0824,0.0056,0.0256,0.161398,0.012675088,0.14898188
-0.06703783,0.0022393912,0.0056,0.0048,0.012,0.4016,0.06,0.0056,0.0128,0.23344254,0.00957356,0.22401194,0.057033643,0.0011683404,0.0008,0.19920000000000002,0.0064,0.39840000000000003,0.008,0.29279999999999995,0.0072,0.023415245,0.0009364337,0.022487618,0.0023849655,0.0056,0.35119686,0.0048,0.012,0.4016,0.06,0.0056,0.0304,0.22724895,0.011244282,0.21643932
-0.06720291,0.0024044737,0.041600000000000005,0.004,0.010400000000000001,0.4384,0.092,0.0048,0.010400000000000001,0.18394858,0.014305968,0.1688596,0.057154927,0.0012789629,0.035199999999999995,0.0008,0.0056,0.42160000000000003,0.0096,0.0008,0.0064,-0.031832837,0.0010805577,-0.03229665,0.0024300064,0.041600000000000005,0.1450908,0.0048,0.010400000000000001,0.4384,0.0816,0.0064,0.010400000000000001,0.17741333,0.015405614,0.1613261
-0.06745632,0.0026578829,0.010400000000000001,0.0056,0.0072,0.392,0.09119999999999999,0.0064,0.0248,0.19449237,0.017244492,0.17840488,0.057337668,0.0012121759,0.0032,0.0024,0.0064,0.396,0.0096,0.3016,0.0064,0.019537196,0.002529636,0.01663836,0.0026878885,0.010400000000000001,0.1495595,0.0064,0.0072,0.3312,0.0896,0.0072,0.0248,0.19523232,0.018657086,0.17763121
-0.067695744,0.00256446,0.0096,0.0064,0.0064,0.4088,0.056799999999999996,0.0096,0.0064,0.19665304,0.01845824,0.17790274,0.057480756,0.0013009943,0.0016,0.0024,0.0048,0.392,0.010400000000000001,0.1296,0.0072,0.08093211,0.0017903149,0.07907686,0.0025773467,0.0096,0.100042306,0.0072,0.0064,0.4088,0.056799999999999996,0.0096,0.0096,0.20375289,0.019404057,0.18399617
-0.068003744,0.0026505627,0.0072,0.008,0.0056,0.37520000000000003,0.0736,0.0096,0.008,0.26866677,0.017309096,0.25191358,0.057700135,0.0013135225,-0.0008,0.0024,0.0064,0.3968,0.032,0.004,0.0064,0.062154144,0.0,0.06342963,0.002664273,0.0072,0.10149334,0.008,0.0064,0.37520000000000003,0.0736,0.0096,0.008,0.27358165,0.017983101,0.25613925
-0.06824095,0.002443973,0.008,0.0048,0.0136,0.4032,0.07600000000000001,0.0056,0.0272,0.19626833,0.0144543685,0.18051365,0.05788891,0.0013566539,0.0024,0.0024,0.0024,0.3992,0.0256,0.288,0.0032,0.023073792,0.0029104277,0.019479237,0.0024639438,0.008,0.12740631,0.0048,0.0136,0.4032,0.07600000000000001,0.0056,0.0272,0.19760934,0.015545338,0.18065637
-0.06835367,0.0026676431,0.008,0.0064,0.0048,0.3968,0.0888,0.008799999999999999,0.028,0.20857888,0.019686654,0.18916291,0.05805472,0.0016546585,0.0,0.0024,0.0048,0.3864,0.0064,0.0024,0.0056,-0.013388053,0.0,-0.013388053,0.002680594,0.008799999999999999,0.098352335,0.0072,0.004,0.3976,0.088,0.0096,0.0272,0.20625626,0.023122644,0.18297035
-0.06855538,0.0025365055,0.008,0.0064,0.0112,0.3896,0.07440000000000001,0.008,0.0296,0.27620846,0.018819101,0.25790197,0.05806539,0.0012961291,-0.0008,0.0,0.0072,0.3976,0.0272,0.1656,0.0128,0.047485575,0.0,0.048761062,0.002582355,0.008,0.1887204,0.008,0.0112,0.3896,0.07440000000000001,0.008799999999999999,0.0296,0.28021285,0.020546732,0.26025182
-0.06843444,0.0027484111,0.008,0.0056,0.0072,0.3784,0.06,0.008,0.0096,0.21146524,0.017720662,0.19304782,0.058105506,0.0018357784,0.0024,0.004,0.004,0.3944,0.0064,0.004,0.0048,0.029109739,0.0044637546,0.024819463,0.0027679596,0.008,0.11891778,0.0064,0.0072,0.3784,0.06,0.008,0.0096,0.21342532,0.019085616,0.19367976
-0.06841048,0.0028354004,0.008,0.0072,0.0072,0.40480000000000005,0.06,0.008,0.0256,0.21901448,0.020143818,0.19826712,0.058011353,0.0014661178,-0.0008,0.0008,0.0064,0.3904,0.0216,0.0024,0.0064,-0.040811606,0.0,-0.039420165,0.0028418016,0.008,0.067131296,0.0072,0.0072,0.40480000000000005,0.06,0.008,0.0256,0.21578349,0.020700796,0.19437504
-0.0681391,0.0026749708,0.0072,0.0056,0.008799999999999999,0.40480000000000005,0.1384,0.0056,0.0408,0.22139958,0.015420731,0.2049792,0.057973787,0.0012717769,0.0024,0.188,0.0024,0.2904,0.0064,0.2368,0.004,-0.09971976,0.0025398433,-0.10227074,0.0026970182,0.0072,0.12795265,0.0056,0.008799999999999999,0.40480000000000005,0.1088,0.008,0.0256,0.20686504,0.016178176,0.18960238
-0.068009734,0.0031003468,0.008799999999999999,0.0056,0.0048,0.35600000000000004,0.0696,0.008,0.0056,0.26395035,0.022121385,0.24198255,0.057648882,0.0014807284,-0.0008,0.0016,0.008,0.3976,0.0192,0.0024,0.008,0.06859099,0.0,0.06986648,0.0031169401,0.008799999999999999,0.10323128,0.0072,0.0048,0.35600000000000004,0.0696,0.0096,0.0072,0.26961336,0.023156323,0.24667515
-0.06767489,0.0029873997,0.0056,0.004,0.008,0.3704,0.04,0.0064,0.008799999999999999,0.20686534,0.013811093,0.19277489,0.05751183,0.0018496886,-0.0008,0.0032,0.004,0.37520000000000003,0.0216,0.0032,0.004,0.0026671514,0.0,0.0045224056,0.0030223418,0.0056,0.1522072,0.0048,0.008,0.40559999999999996,0.0928,0.0072,0.024,0.20487815,0.014911336,0.18966721
-0.06753709,0.003515292,0.0056,0.0048,0.008,0.3976,0.09119999999999999,0.0064,0.008799999999999999,0.37622747,0.01562022,0.36202604,0.057353668,0.002123803,-0.0016,0.0016,0.0056,0.3744,0.0216,0.0024,0.0056,0.006726153,0.0,0.010900475,0.0035689268,0.0056,0.17358592,0.0064,0.008,0.3976,0.09119999999999999,0.008,0.008799999999999999,0.37173513,0.017031932,0.35620505
-0.06716452,0.0039193556,0.0096,0.0056,0.004,0.3688,0.04,0.008,0.0056,0.22638053,0.029391482,0.19642445,0.057254415,0.0029187761,0.0008,0.0016,0.004,0.3952,0.0192,0.0024,0.0056,0.07084439,0.0026868694,0.067945555,0.004006611,0.0096,0.20908074,0.008,0.0048,0.09839999999999999,0.04,0.0096,0.0064,0.23615497,0.033036925,0.20235065
-0.06713146,0.003886301,0.0096,0.0048,0.0056,0.3496,0.0424,0.0064,0.0064,0.25406766,0.026221074,0.22799477,0.05712292,0.002934318,0.0016,0.0024,0.0032,0.3608,0.0184,0.0024,0.0056,0.055949576,0.0050569624,0.050499767,0.00395449,0.0096,0.18597485,0.0064,0.0056,0.3496,0.0424,0.008799999999999999,0.0072,0.26003197,0.0297498,0.2301206
-0.0670203,0.0037751384,0.0064,0.0056,0.004,0.35760000000000003,0.0216,0.0064,0.0064,0.17757836,0.022545654,0.15450108,0.057142634,0.0030305572,-0.0024,0.0016,0.004,0.3496,0.0184,0.0024,0.0056,-0.040816225,0.0,-0.032351628,0.0038415994,0.0064,0.18628207,0.0056,0.0056,0.35760000000000003,0.0224,0.008799999999999999,0.0064,0.16694675,0.02383257,0.14240035
-0.06694086,0.004028544,0.0072,0.0056,0.004,0.096,0.04,0.0064,0.0056,0.24747702,0.024940152,0.22284645,0.05712686,0.003046332,-0.0016,0.0024,0.004,0.36479999999999996,0.0192,0.0024,0.0048,0.032702245,0.0,0.03838396,0.0041411556,0.0072,0.2337413,0.0056,0.0056,0.0584,0.04,0.010400000000000001,0.0064,0.24832173,0.026986538,0.22151412
-0.06697015,0.0039468855,0.008,0.0048,0.0048,0.012,0.0392,0.0056,0.0056,0.28120267,0.024379838,0.2576816,0.05711666,0.0032884385,-0.0008,0.0016,0.004,0.3784,0.02,0.0024,0.0056,0.02863881,0.0,0.03211741,0.004038097,0.008,0.2129468,0.0048,0.0048,0.012,0.0392,0.008,0.0072,0.28090352,0.027225645,0.2546545
-0.06685476,0.003942445,0.0056,0.0032,0.0048,0.3816,0.0408,0.004,0.0072,0.24780622,0.016835112,0.23227346,0.057036422,0.0031367708,-0.0016,0.0016,0.0048,0.3736,0.0192,0.0024,0.008,0.08186052,0.0,0.08777414,0.004111132,0.0056,0.28745598,0.004,0.0072,0.3816,0.0408,0.0072,0.008,0.26084685,0.019673854,0.24272972
-0.06692,0.004118629,0.008,0.0048,0.0048,0.012,0.0232,0.0056,0.0064,0.20819716,0.02410024,0.18467611,0.05709115,0.0030820407,0.0,0.0024,0.0056,0.3512,0.0192,0.0024,0.0056,0.05183079,0.0,0.05183079,0.004188703,0.008,0.18317278,0.0048,0.0056,0.40559999999999996,0.024,0.0064,0.0072,0.21415517,0.027156668,0.18756378
-0.066929534,0.0039062686,0.0056,0.004,0.0048,0.3032,0.0408,0.0056,0.0056,0.26838073,0.019688446,0.24918666,0.05713382,0.0030393712,-0.0032,0.0016,0.0048,0.3432,0.02,0.0016,0.0064,-0.017739527,0.0,-0.0059122816,0.0040206513,0.0056,0.23910156,0.0048,0.0056,0.3032,0.0408,0.0064,0.008,0.25654435,0.02150329,0.23512273
-0.06692067,0.0037864558,0.0064,0.0048,0.0064,0.3944,0.0384,0.0056,0.0072,0.2347753,0.019418702,0.21635787,0.057050336,0.0028909482,-0.0016,0.0016,0.0048,0.3952,0.02,0.0016,0.0048,-0.007654935,0.0,-0.0017413124,0.0038708297,0.0064,0.20917448,0.0056,0.0064,0.3944,0.0384,0.008799999999999999,0.008799999999999999,0.22806825,0.021173421,0.20783709
-0.06687451,0.003851246,0.0072,0.004,0.0056,0.3072,0.024,0.0048,0.0072,0.19039375,0.019905087,0.17097776,0.05700535,0.0029359348,-0.0008,0.0016,0.0048,0.37520000000000003,0.0192,0.0024,0.0056,-0.0015135407,0.0,0.0017331541,0.0039203474,0.0072,0.18803352,0.004,0.0064,0.3072,0.041600000000000005,0.008799999999999999,0.008,0.18675488,0.022521082,0.16469
-0.06684233,0.0037081204,0.0056,0.004,0.0056,0.348,0.0576,0.004,0.0072,0.2502454,0.017191917,0.23293743,0.05704616,0.0028951243,-0.0016,0.0024,0.0048,0.3896,0.0192,0.0024,0.0048,0.019480318,0.0,0.024930127,0.0037783012,0.0072,0.31089503,0.008799999999999999,0.0048,0.3496,0.056,0.0096,0.0072,0.2442079,0.026683953,0.21749398
-0.06687429,0.0038510226,0.0072,0.004,0.0056,0.0112,0.0552,0.004,0.0056,0.28508615,0.019570231,0.266114,0.056973808,0.00273557,-0.0016,0.0008,0.0048,0.2424,0.020800000000000003,0.0016,0.0072,0.01495523,0.0,0.020520993,0.0039503584,0.0072,0.22473145,0.004,0.0056,0.328,0.0552,0.008,0.008,0.2812501,0.022213178,0.25955087
-0.06692221,0.003787998,0.004,0.004,0.0064,0.0688,0.0408,0.004,0.0072,0.1872203,0.01339256,0.1736846,0.057072368,0.0028689168,-0.0032,0.0016,0.004,0.31039999999999995,0.008,0.0024,0.0048,-0.05803696,0.0,-0.048528783,0.003827697,0.004,0.14414881,0.004,0.0072,0.0688,0.0408,0.008,0.008,0.17694153,0.013981723,0.16283
-0.06697037,0.0035033152,0.008,0.0064,0.0048,0.3264,0.0728,0.008,0.0056,0.2310006,0.024493024,0.2062591,0.05716536,0.0025440194,0.0,0.0024,0.0032,0.3808,0.0192,0.0024,0.0064,0.012177713,0.0,0.012177713,0.0035329785,0.008,0.12967567,0.0072,0.0048,0.2016,0.0696,0.008799999999999999,0.0056,0.23063584,0.02610768,0.2041678
-0.06720314,0.0035141893,0.008799999999999999,0.004,0.0056,0.31520000000000004,0.0552,0.0056,0.0056,0.25934938,0.020127665,0.2394896,0.05714078,0.0018728785,0.0008,0.0024,0.0064,0.3776,0.0216,0.0032,0.0064,0.035712935,0.0017569251,0.033741727,0.003533144,0.008799999999999999,0.10362995,0.0048,0.0056,0.31520000000000004,0.0552,0.0056,0.0056,0.26165235,0.021503098,0.24037577
-0.0673862,0.0032534525,0.0424,0.004,0.008,0.4064,0.092,0.0064,0.008799999999999999,0.2322173,0.0208775,0.2065882,0.057309143,0.0019364208,0.036,0.0024,0.004,0.436,0.008,0.0032,0.0056,0.067367986,0.006667286,0.06064269,0.003298781,0.0424,0.16596742,0.0048,0.008,0.4064,0.092,0.008,0.008799999999999999,0.24015602,0.023312718,0.21213976
-0.0675453,0.0030797087,0.0064,0.0056,0.0072,0.3992,0.09040000000000001,0.0072,0.0096,0.3003947,0.017315071,0.28397435,0.057452463,0.0019090548,0.0008,0.004,0.0024,0.39280000000000004,0.008,0.0048,0.004,0.045451567,0.0015611947,0.04382822,0.003105791,0.0064,0.12968966,0.0056,0.008,0.3992,0.09040000000000001,0.0072,0.0096,0.3037501,0.018245041,0.2865229
-0.067717046,0.0031405054,0.0064,0.0048,0.008799999999999999,0.3888,0.0584,0.0064,0.010400000000000001,0.26488516,0.014916766,0.24935238,0.057497915,0.0018636025,0.0008,0.0032,0.004,0.3992,0.02,0.004,0.0064,0.056237057,0.0016316958,0.054729663,0.0032184606,0.0064,0.22054297,0.0048,0.008799999999999999,0.3888,0.0584,0.0064,0.010400000000000001,0.27077174,0.016979836,0.25333223
-0.06786062,0.0028402843,0.0056,0.0048,0.008,0.3992,0.10719999999999999,0.008,0.0248,0.25507295,0.013779812,0.24131535,0.057593692,0.0018837787,-0.0008,0.0024,0.0032,0.3896,0.020800000000000003,0.0032,0.0072,0.034728058,0.0,0.03646736,0.002931168,0.0056,0.24966985,0.008,0.008,0.3992,0.12639999999999998,0.008,0.0248,0.25574493,0.015321457,0.24035107
-0.06788747,0.0031999797,0.0072,0.0048,0.0056,0.36479999999999996,0.09680000000000001,0.0072,0.008,0.22007169,0.018148772,0.202209,0.05758998,0.0016555823,0.0,0.0032,0.0048,0.3992,0.0096,0.0032,0.0048,0.052700683,0.0,0.052700683,0.0032381993,0.0072,0.15379205,0.0056,0.0056,0.36479999999999996,0.09680000000000001,0.0072,0.008,0.2255473,0.019471059,0.2063856
-0.06786528,0.002733998,0.008799999999999999,0.0048,0.008799999999999999,0.4064,0.0864,0.008799999999999999,0.008799999999999999,0.2369382,0.018646289,0.21852073,0.057585113,0.0016604513,0.0024,0.0032,0.004,0.4016,0.008,0.372,0.0072,0.042321496,0.00416968,0.037915267,0.0028305082,0.008799999999999999,0.26188526,0.0064,0.008799999999999999,0.4064,0.0944,0.0096,0.0248,0.23981656,0.021358404,0.21875484
-0.06767911,0.0024368763,0.0072,0.004,0.0096,0.40480000000000005,0.0896,0.0064,0.0272,0.21313527,0.012834102,0.20070906,0.05748307,0.0014146343,0.0016,0.0032,0.0048,0.3832,0.008799999999999999,0.0032,0.0048,0.055081584,0.0022495016,0.05287847,0.0024850639,0.0072,0.19725032,0.0064,0.0096,0.40480000000000005,0.0896,0.0064,0.028,0.21979694,0.014398604,0.20593011
-0.06756727,0.0026578791,0.0096,0.0056,0.0056,0.4072,0.0848,0.008,0.010400000000000001,0.19238202,0.02013401,0.17085804,0.05731587,0.0014658794,0.0032,0.004,0.0024,0.4024,0.008,0.004,0.0032,0.010953441,0.00424017,0.0073588863,0.0026912186,0.0096,0.15756856,0.0072,0.0056,0.4072,0.0848,0.008799999999999999,0.010400000000000001,0.19171752,0.021534944,0.16896817
-0.06726993,0.0022495948,0.004,0.004,0.012,0.3912,0.12240000000000001,0.004,0.028,0.22877815,0.0083633065,0.22067891,0.057201304,0.0013485402,-0.0008,0.0024,0.0048,0.3976,0.0184,0.2288,0.0056,0.046442218,0.0,0.047949612,0.0023424027,0.004,0.28243676,0.004,0.012,0.3256,0.072,0.0048,0.028,0.23265706,0.009587955,0.22345681
-0.06700343,0.0024268888,0.0072,0.0064,0.0072,0.39999999999999997,0.0592,0.0064,0.0072,0.25667965,0.014741283,0.24159063,0.057020415,0.0014134757,0.0008,0.0032,0.004,0.3696,0.008,0.0032,0.0056,0.018267594,0.0012975223,0.0167602,0.0024750433,0.0072,0.19758211,0.0064,0.0072,0.3912,0.0592,0.0072,0.0096,0.2552716,0.016086716,0.23886012
-0.06670542,0.0020179302,0.008,0.0064,0.008799999999999999,0.4008,0.0992,0.008,0.04,0.23587576,0.0148537755,0.22023202,0.056808226,0.001161851,0.0008,0.004,0.0056,0.39280000000000004,0.0064,0.2016,0.0056,0.03258048,0.0009299442,0.031652853,0.0021749653,0.0032,0.50165826,0.0032,0.0136,0.3912,0.08,0.004,0.032,0.22247995,0.0054196897,0.21646994
-0.066495724,0.002141077,0.0064,0.0032,0.0112,0.4032,0.08,0.0056,0.0304,0.13929024,0.009695083,0.12897205,0.05672752,0.0010106489,0.0,0.26080000000000003,0.0072,0.3888,0.008,0.308,0.008,0.012637911,0.0,0.012637911,0.0022782998,0.0064,0.34884056,0.0056,0.0096,0.4032,0.08,0.0064,0.0152,0.1352205,0.011716195,0.12318535
-0.066340394,0.0020966977,0.008799999999999999,0.0056,0.0064,0.4088,0.056799999999999996,0.0096,0.035199999999999995,0.21950358,0.015408222,0.2046365,0.05661041,0.0010118075,-0.0008,0.14959999999999998,0.0064,0.3976,0.010400000000000001,0.384,0.0064,0.00051956996,0.0,0.0016791038,0.0021062277,0.008799999999999999,0.095163584,0.0096,0.0064,0.4088,0.056799999999999996,0.0096,0.0424,0.21855977,0.015999421,0.2030548
-0.06628137,0.0020376742,0.008,0.0048,0.0096,0.40480000000000005,0.1152,0.0056,0.028,0.13940021,0.010169487,0.12841628,0.056544777,0.0010774396,0.004,0.004,0.004,0.3992,0.008,0.1608,0.004,-0.043017756,0.004111711,-0.04765589,0.0020731199,0.008,0.18518458,0.0048,0.0096,0.404,0.0944,0.0056,0.028,0.12909602,0.011509774,0.11663458
-0.06625452,0.0022327192,0.010400000000000001,0.0056,0.0064,0.3856,0.0808,0.008799999999999999,0.0264,0.21900283,0.015489649,0.20480143,0.056495845,0.0011263713,0.0024,0.0032,0.0016,0.4024,0.0072,0.38,0.0064,0.027423132,0.002451487,0.025220018,0.0022986543,0.010400000000000001,0.24009326,0.008799999999999999,0.0064,0.41040000000000004,0.0808,0.008799999999999999,0.0264,0.21924195,0.017065939,0.20332475
-0.06628138,0.0020376816,0.04,0.0032,0.0128,0.4264,0.11359999999999999,0.0032,0.0304,0.18290128,0.008798309,0.17258307,0.05649167,0.0011305474,0.036,0.0032,0.004,0.4296,0.010400000000000001,0.4296,0.008,0.032527246,0.0024061147,0.033802733,0.0021828297,0.041600000000000005,0.36673063,0.0048,0.0112,0.4352,0.11120000000000001,0.0072,0.0288,0.18240233,0.014575759,0.16770975
-0.06636637,0.0019007735,0.008799999999999999,0.0056,0.008799999999999999,0.4008,0.0752,0.0064,0.033600000000000005,0.10851313,0.012032639,0.09597598,0.056563795,0.0011743754,0.004,0.004,0.0048,0.404,0.0184,0.2824,0.0048,0.06864381,0.004016623,0.06516521,0.001971448,0.0064,0.43261102,0.004,0.0112,0.39840000000000003,0.07759999999999999,0.0048,0.0344,0.1272947,0.009116573,0.118521765
-0.066437595,0.002193898,0.0096,0.0056,0.0048,0.37520000000000003,0.0664,0.0072,0.024,0.1442923,0.014233395,0.12909237,0.056633368,0.0012207553,0.004,0.004,0.0024,0.39999999999999997,0.0056,0.0512,0.004,0.0084621385,0.004480429,0.0034761429,0.0021945806,0.0096,-0.024942188,0.0056,0.0048,0.37520000000000003,0.0664,0.0072,0.024,0.14403638,0.014002435,0.12908986
-0.066495515,0.0022518188,0.0072,0.004,0.0096,0.4024,0.1024,0.0048,0.0112,0.13192871,0.010835752,0.121277645,0.05670526,0.00091695786,0.0,0.0008,0.0064,0.3992,0.0096,0.3216,0.0064,-0.020989463,0.0,-0.020989463,0.0022969604,0.0072,0.19858259,0.0048,0.0096,0.4024,0.0688,0.0064,0.0264,0.12519513,0.011816245,0.11358679
-0.06661467,0.0022600256,0.008,0.004,0.010400000000000001,0.4064,0.0784,0.0056,0.010400000000000001,0.19189444,0.011616372,0.18113244,0.056734018,0.0012360588,0.0008,0.0016,0.0072,0.3976,0.008,0.3432,0.008,0.025968157,0.00065629184,0.025272436,0.0023237215,0.008,0.23467973,0.0048,0.010400000000000001,0.4008,0.0728,0.0056,0.010400000000000001,0.19267282,0.01330937,0.18034539
-0.06658027,0.002003733,0.0096,0.0056,0.008,0.4024,0.088,0.0072,0.0256,0.25030223,0.014170364,0.2372103,0.056787353,0.0010667704,0.0008,0.0024,0.008,0.39840000000000003,0.0096,0.3072,0.008,0.02365356,0.00083486363,0.022725932,0.0021287939,0.0072,0.34448054,0.004,0.010400000000000001,0.39999999999999997,0.09040000000000001,0.0048,0.028,0.24358521,0.010569735,0.23388642
-0.0666981,0.0018996559,0.008,0.0048,0.0072,0.3992,0.0888,0.0072,0.0272,0.17834735,0.01233967,0.16569924,0.05685229,0.0012337416,0.0016,0.0032,0.0032,0.3968,0.008,0.004,0.0064,0.019361235,0.0016558096,0.017505981,0.0019473751,0.0056,0.4064675,0.0048,0.0096,0.3968,0.09119999999999999,0.0072,0.0296,0.17147097,0.0090609165,0.16254449
-0.06669677,0.0021202266,0.010400000000000001,0.008799999999999999,0.008799999999999999,0.39840000000000003,0.0552,0.0112,0.035199999999999995,0.16182256,0.02046227,0.14118612,0.056887306,0.0010827705,0.0008,0.0024,0.0056,0.4008,0.0064,0.3144,0.0064,0.034609348,0.00096681714,0.033449814,0.0021258953,0.010400000000000001,0.07304287,0.008799999999999999,0.008799999999999999,0.39840000000000003,0.0736,0.0112,0.035199999999999995,0.16391677,0.021062618,0.14262459
-0.06689226,0.0024266653,0.008,0.0016,0.010400000000000001,0.40559999999999996,0.07759999999999999,0.0048,0.0112,0.14955917,0.011063796,0.13735482,0.05703155,0.0015182942,0.004,0.0024,0.0032,0.4032,0.0064,0.004,0.0032,-0.0005210638,0.0044607297,-0.0051591992,0.0024726621,0.008,0.19318426,0.0048,0.010400000000000001,0.40559999999999996,0.07759999999999999,0.0056,0.0128,0.146677,0.012659816,0.1327407
-0.06697725,0.002511654,0.0072,0.0056,0.0072,0.3968,0.0808,0.0056,0.008,0.15394443,0.012952365,0.13963206,0.057173245,0.00091278553,0.0008,0.0032,0.0024,0.3952,0.0096,0.3944,0.0024,-0.046032898,0.00079683214,-0.046960525,0.0025210164,0.0072,0.08620901,0.0056,0.0072,0.3968,0.0808,0.0056,0.008,0.14940919,0.0134019395,0.13452101
-0.067283675,0.0023742877,0.0096,0.0056,0.0072,0.40480000000000005,0.0584,0.0072,0.0136,0.20879321,0.016065225,0.19303852,0.05731309,0.0012367554,0.004,0.004,0.004,0.3968,0.008799999999999999,0.21839999999999998,0.0048,-0.020470038,0.0045604296,-0.024876267,0.00241204,0.0096,0.17715852,0.0056,0.008,0.3832,0.0584,0.008,0.0136,0.20191775,0.0175097,0.18467271
-0.0673649,0.0025664605,0.010400000000000001,0.008,0.0064,0.408,0.07759999999999999,0.0096,0.0296,0.051372387,0.02382245,0.029071733,0.057542443,0.0013552606,0.0008,0.3336,0.0048,0.39840000000000003,0.0112,0.37679999999999997,0.0048,-0.0047572926,0.0012393072,-0.00638064,0.0026018436,0.010400000000000001,0.16510701,0.008799999999999999,0.0064,0.408,0.07759999999999999,0.010400000000000001,0.0296,0.04989186,0.025174502,0.025702827
-0.067827776,0.0024745949,0.0096,0.0056,0.0064,0.4088,0.0888,0.0072,0.010400000000000001,0.20758529,0.017712709,0.19072112,0.0576955,0.0016660169,0.0016,0.0016,0.0016,0.39280000000000004,0.0072,0.0032,0.0056,0.01553604,0.0028682202,0.012521252,0.0024749627,0.0096,0.017241307,0.0056,0.0064,0.4088,0.0888,0.0072,0.010400000000000001,0.20782226,0.017916812,0.1907767
-0.06815974,0.0026956052,0.008,0.0048,0.0064,0.3832,0.0784,0.0048,0.0128,0.22034776,0.0144189,0.20647918,0.057846703,0.0015148148,0.0032,0.0032,0.0016,0.3992,0.0064,0.372,0.0048,0.015653409,0.004783772,0.01089932,0.0027364849,0.008,0.17306691,0.0048,0.0064,0.3832,0.0784,0.0056,0.0128,0.21975161,0.016013369,0.20409346
-0.068346344,0.002549369,0.0072,0.004,0.0096,0.4064,0.0856,0.0048,0.0136,0.21573344,0.012071367,0.20419478,0.057919756,0.0015577152,0.0032,0.0032,0.004,0.3856,0.02,0.1672,0.004,0.06927896,0.005071327,0.06464083,0.0026006955,0.0072,0.19900215,0.004,0.0096,0.4064,0.0856,0.0056,0.0136,0.22517163,0.013871117,0.21188936
-0.06844331,0.0027572848,0.0112,0.008799999999999999,0.0048,0.4008,0.088,0.0096,0.020800000000000003,0.26527235,0.025731992,0.24152938,0.05812847,0.0015809089,0.0024,0.0024,0.004,0.4024,0.0216,0.0024,0.004,0.01350911,0.0032353327,0.010262415,0.0027741487,0.0112,0.110319264,0.008799999999999999,0.0048,0.3992,0.088,0.0096,0.020800000000000003,0.26514706,0.026939942,0.24015692
-0.068501234,0.0028152093,0.008799999999999999,0.0072,0.0048,0.364,0.07919999999999999,0.008799999999999999,0.0096,0.1712507,0.02153666,0.14917196,0.05808579,0.0016235858,0.0008,0.0024,0.0048,0.3904,0.0184,0.004,0.0048,0.02105368,0.001391679,0.019662239,0.0028366488,0.008799999999999999,0.12302483,0.0072,0.0072,0.364,0.07919999999999999,0.008799999999999999,0.0096,0.17254,0.02272598,0.14931902
-0.06847105,0.0028959736,0.0072,0.0056,0.0064,0.38799999999999996,0.0816,0.0072,0.010400000000000001,0.2146262,0.019184954,0.19620875,0.058033157,0.0017921738,-0.0008,0.0024,0.004,0.384,0.020800000000000003,0.0024,0.0048,0.032464825,0.0,0.03432008,0.002941705,0.008,0.17655775,0.0072,0.0056,0.3888,0.08,0.0096,0.0248,0.21699183,0.023276536,0.19437122
-0.068152405,0.0033539645,0.0064,0.0048,0.0064,0.29919999999999997,0.0592,0.008,0.0064,0.2039719,0.017623007,0.18688582,0.057964507,0.0017448701,-0.0008,0.0032,0.0056,0.3976,0.0096,0.0032,0.0072,0.016933627,0.0,0.018788882,0.0033866502,0.0064,0.1390456,0.0064,0.0064,0.33840000000000003,0.0592,0.008,0.0064,0.20435026,0.018776912,0.18604697
-0.06811358,0.0035370365,0.0072,0.0048,0.0056,0.39359999999999995,0.0408,0.0064,0.0072,0.2435338,0.021293242,0.22234267,0.057765305,0.0022919327,0.0,0.0032,0.004,0.3856,0.02,0.004,0.004,-0.0053942353,0.0,-0.0053942353,0.0035799483,0.0072,0.15498845,0.0064,0.0064,0.39359999999999995,0.0408,0.008799999999999999,0.0072,0.23978199,0.02289766,0.21682215
-0.06784509,0.0040451884,0.0056,0.0032,0.0056,0.364,0.0432,0.0048,0.008799999999999999,0.292137,0.016888633,0.2763823,0.057625,0.0027801003,-0.0024,0.0008,0.0048,0.3744,0.020800000000000003,0.0016,0.0072,0.036409475,0.0,0.044758126,0.004149565,0.0056,0.22476515,0.0048,0.0064,0.364,0.0432,0.0072,0.0096,0.29290354,0.018888762,0.27511588
-0.06753243,0.0039544217,0.004,0.0024,0.0064,0.010400000000000001,0.0432,0.004,0.008,0.22960386,0.012338564,0.21651192,0.0574513,0.0030697528,-0.0032,0.0008,0.0048,0.3376,0.0192,0.0008,0.0056,-0.0066660345,0.0,0.0044654943,0.0040482725,0.004,0.21574546,0.0032,0.0072,0.010400000000000001,0.0432,0.0072,0.008799999999999999,0.22285393,0.013501427,0.20855132
-0.06727791,0.0039217994,0.008,0.0048,0.004,0.18239999999999998,0.0384,0.0056,0.0064,0.16097775,0.023019522,0.1372348,0.057351813,0.0035171025,-0.0008,0.0016,0.004,0.3968,0.0192,0.0024,0.0048,0.023655273,0.0,0.027365785,0.0040683416,0.008,0.26921535,0.0048,0.0048,0.18239999999999998,0.0448,0.008799999999999999,0.0064,0.16147102,0.026425406,0.13432729
-0.0671734,0.0041501336,0.0064,0.0032,0.0056,0.010400000000000001,0.0392,0.0048,0.0064,0.23415342,0.01822304,0.21629071,0.05719875,0.0030903947,-0.0008,0.0024,0.0032,0.3656,0.0192,0.0024,0.0032,0.03536973,0.0,0.038616426,0.004221203,0.0064,0.18375881,0.0048,0.0064,0.010400000000000001,0.0392,0.0072,0.008,0.23667414,0.020336218,0.21669678
-0.06702052,0.003997255,0.0048,0.0032,0.0064,0.384,0.0248,0.004,0.0064,0.1552243,0.015662402,0.13958058,0.05714356,0.0031455848,-0.0032,0.0008,0.0048,0.3496,0.02,0.0016,0.0056,-0.022495553,0.0,-0.0112480745,0.0040818104,0.0048,0.2038973,0.004,0.0064,0.2552,0.0248,0.0048,0.008799999999999999,0.14745376,0.016952563,0.13058448
-0.06694995,0.0038157366,0.0048,0.0024,0.0064,0.188,0.0272,0.004,0.008799999999999999,0.19160445,0.013130955,0.17718117,0.057093706,0.003427349,-0.0008,0.0024,0.0032,0.332,0.0192,0.0024,0.004,0.018604428,0.0,0.021851126,0.0039150827,0.0048,0.22575758,0.004,0.008799999999999999,0.188,0.041600000000000005,0.008,0.008799999999999999,0.19090697,0.015454248,0.17425409
-0.06690446,0.0038811974,0.0048,0.004,0.0056,0.3608,0.04,0.0048,0.0072,0.21951175,0.017074086,0.20209284,0.057108544,0.0031806007,-0.0032,0.0016,0.0048,0.35760000000000003,0.02,0.0016,0.0048,0.020348981,0.0,0.031712413,0.0039756675,0.0048,0.21843438,0.0048,0.0064,0.3608,0.0408,0.0056,0.008,0.21870533,0.018441852,0.19994143
-0.0668876,0.004197184,0.041600000000000005,0.004,0.0048,0.012,0.04,0.0048,0.0072,0.28131452,0.025314208,0.2589029,0.0570886,0.003200546,0.033600000000000005,0.0016,0.004,0.4152,0.0192,0.0024,0.0064,0.084936544,0.010004945,0.074384786,0.004266425,0.041600000000000005,0.18040706,0.0048,0.0056,0.012,0.04,0.0072,0.0072,0.29198912,0.030027863,0.26471907
-0.066864975,0.004285507,0.0064,0.004,0.0056,0.3992,0.024,0.0056,0.0072,0.25247544,0.02063738,0.2330595,0.057033405,0.0031397864,-0.0024,0.0008,0.0048,0.3416,0.0216,0.0016,0.0056,0.07137011,0.0,0.080066614,0.0043633874,0.0064,0.18921922,0.004,0.0056,0.0232,0.0392,0.0056,0.0072,0.2613933,0.022463633,0.24005562
-0.066929534,0.0039062686,0.0064,0.004,0.0056,0.38,0.0408,0.0048,0.0072,0.25684208,0.019156784,0.23698229,0.056971025,0.0028543063,-0.0016,0.0016,0.0048,0.3904,0.02,0.0016,0.0048,0.038145795,0.0,0.04405942,0.0039808853,0.0064,0.19392033,0.004,0.0064,0.312,0.0408,0.0072,0.0072,0.25937888,0.021052953,0.23781325
-0.06690802,0.0037738048,0.0048,0.0032,0.0072,0.3736,0.0592,0.004,0.008799999999999999,0.19765946,0.012546521,0.18379089,0.05697311,0.0029681735,-0.0024,0.0008,0.004,0.2848,0.02,0.0016,0.0072,0.003882818,0.0,0.012115508,0.003903273,0.0056,0.25827992,0.004,0.0072,0.3744,0.0464,0.0072,0.008799999999999999,0.19209497,0.018449988,0.17212966
-0.06682037,0.0035752095,0.0056,0.004,0.0064,0.1424,0.056799999999999996,0.0048,0.0072,0.26006883,0.01726006,0.24331564,0.0569861,0.0029551834,-0.0024,0.0008,0.0048,0.27440000000000003,0.02,0.0016,0.0064,0.05652152,0.0,0.06475421,0.003679074,0.0056,0.23818065,0.004,0.0072,0.1424,0.056799999999999996,0.008799999999999999,0.008799999999999999,0.2660622,0.018917661,0.2477575
-0.06686852,0.0037343092,0.0064,0.0048,0.0056,0.29359999999999997,0.04,0.0064,0.0072,0.24492611,0.02066575,0.2238459,0.057034567,0.0025588572,-0.0016,0.0024,0.004,0.3952,0.020800000000000003,0.0024,0.0064,0.017854176,0.0,0.022724219,0.003800016,0.0064,0.18623255,0.0056,0.0064,0.40480000000000005,0.056799999999999996,0.0072,0.008,0.24399687,0.022166483,0.22167094
-0.066979915,0.003401909,0.0408,0.004,0.008,0.4128,0.0896,0.0056,0.008,0.31460345,0.023051243,0.2957422,0.056996305,0.002133306,0.0344,0.0024,0.0056,0.42800000000000005,0.008799999999999999,0.0032,0.0056,0.058725044,0.004535217,0.05246356,0.0034818598,0.0408,0.2147118,0.0056,0.008,0.4128,0.062400000000000004,0.008,0.0096,0.31989178,0.026012758,0.29768366
-0.06700676,0.0034287535,0.008,0.0064,0.0064,0.148,0.06,0.008,0.0064,0.22079027,0.023747433,0.19715825,0.05705382,0.002539605,0.0,0.0024,0.0032,0.3992,0.02,0.0024,0.0048,0.04654759,0.0,0.04654759,0.0034584757,0.008,0.13119784,0.0064,0.0064,0.148,0.06,0.008,0.0064,0.22498222,0.025181917,0.199915
-0.067100845,0.003411889,0.045599999999999995,0.0064,0.0056,0.4416,0.0976,0.008,0.008,0.28946945,0.030717868,0.2605119,0.057170928,0.0023065433,0.0376,0.0024,0.0032,0.432,0.0192,0.0032,0.004,0.066091605,0.0074121356,0.05936631,0.003458721,0.045599999999999995,0.16474779,0.0064,0.0056,0.4416,0.096,0.0096,0.020800000000000003,0.29638922,0.03332263,0.26483813
-0.06725062,0.0028959736,0.0056,0.0064,0.0064,0.38239999999999996,0.0896,0.008,0.008,0.21994907,0.016277663,0.20330681,0.05731842,0.0021590516,-0.0024,0.0024,0.004,0.38,0.0072,0.0032,0.0048,-0.020640261,0.0,-0.014494732,0.0029262356,0.0056,0.1439405,0.008,0.0064,0.38239999999999996,0.0896,0.0096,0.008799999999999999,0.21471374,0.01692999,0.1973953
-0.067441225,0.0030865818,0.0096,0.008,0.004,0.4072,0.0712,0.008,0.0064,0.25151253,0.027275495,0.22377542,0.05732445,0.0016892068,-0.0008,0.0016,0.0064,0.3744,0.008,0.0024,0.0064,0.081512585,0.0,0.08313593,0.0031009116,0.0096,0.09617356,0.008,0.0056,0.4072,0.0712,0.008799999999999999,0.008,0.25817752,0.02821631,0.2295665
-0.06777519,0.0030876994,0.0072,0.0064,0.0072,0.3728,0.0688,0.008,0.008,0.25213522,0.019357216,0.23194261,0.05744736,0.0017982051,0.0008,0.0048,0.004,0.38720000000000004,0.0184,0.0048,0.004,0.04985992,0.0016822517,0.04823657,0.0032080826,0.0072,0.27481636,0.0072,0.008,0.3728,0.0688,0.008,0.0096,0.25620437,0.021386404,0.23390606
-0.06790145,0.0031030066,0.044,0.0056,0.0056,0.4424,0.0584,0.0072,0.0096,0.25474033,0.023104023,0.23399293,0.05753386,0.0019436106,0.035199999999999995,0.0024,0.0048,0.4256,0.02,0.0032,0.0064,0.081341244,0.0064386576,0.07681906,0.00311949,0.044,0.10284645,0.0072,0.0072,0.4424,0.0584,0.008799999999999999,0.0096,0.26174518,0.024980804,0.23927416
-0.06791565,0.002784364,0.0096,0.008,0.0064,0.376,0.0544,0.0096,0.0096,0.21690613,0.022983216,0.19427265,0.05767486,0.0015707053,0.0008,0.0024,0.0056,0.3968,0.0192,0.0032,0.008,-0.0019122809,0.0014547519,-0.003419675,0.0028145595,0.0096,0.146612,0.0096,0.0064,0.376,0.0544,0.010400000000000001,0.010400000000000001,0.21429975,0.024575444,0.19021511
-0.06787016,0.003182672,0.0048,0.0032,0.008,0.2664,0.1056,0.0056,0.008799999999999999,0.295295,0.012550071,0.28309065,0.057661872,0.0018155985,-0.0016,0.0016,0.0056,0.3944,0.0096,0.0024,0.0056,0.01153779,0.0,0.015132345,0.00319756,0.0048,0.096537255,0.004,0.008,0.2664,0.1056,0.0064,0.008799999999999999,0.29503217,0.013228701,0.2822476
-0.06779538,0.002996944,0.008,0.0056,0.0064,0.4072,0.1024,0.008,0.0248,0.30721918,0.019651208,0.2886908,0.057602506,0.0017590113,0.0008,0.0024,0.0056,0.3992,0.020800000000000003,0.004,0.0064,0.027536973,0.0016430579,0.02568172,0.0030194009,0.008,0.122039005,0.0056,0.0064,0.4072,0.1024,0.008,0.0248,0.3082865,0.021025315,0.28847018
-0.06760942,0.0027000345,0.0096,0.008,0.0064,0.4064,0.07039999999999999,0.008799999999999999,0.012,0.18538602,0.021638412,0.16230875,0.057439473,0.0014582314,0.0008,0.0016,0.0056,0.4008,0.010400000000000001,0.2376,0.0056,0.023656465,0.001342278,0.022265024,0.0027062118,0.0096,0.067579076,0.008,0.0064,0.4064,0.07039999999999999,0.008799999999999999,0.012,0.18656029,0.022324357,0.16272923
-0.06728701,0.0025995225,0.0448,0.0064,0.0064,0.2696,0.0872,0.008799999999999999,0.010400000000000001,0.13685499,0.02020149,0.11488721,0.057269257,0.0013965406,0.0376,0.0032,0.0048,0.4352,0.0064,0.0816,0.0048,0.00660681,0.0066171326,-0.0012780204,0.0026023397,0.0448,0.0465339,0.008,0.0064,0.2696,0.0872,0.008799999999999999,0.010400000000000001,0.13701418,0.020829376,0.114385165
-0.06702518,0.0023376867,0.008,0.0048,0.008799999999999999,0.3368,0.0824,0.0064,0.010400000000000001,0.22395277,0.01439004,0.21063897,0.057067033,0.0013668574,0.0016,0.0032,0.0048,0.396,0.008799999999999999,0.0048,0.0072,0.018319294,0.0020379946,0.016695946,0.0024321193,0.008,0.2795753,0.0064,0.008,0.3368,0.08,0.0072,0.010400000000000001,0.22031246,0.016515221,0.20498782
-0.06689315,0.002094712,0.0064,0.0048,0.012,0.3888,0.0728,0.0056,0.0344,0.18218613,0.010544598,0.17142412,0.05685414,0.0011159368,0.0,0.0024,0.0056,0.3968,0.008799999999999999,0.3888,0.008799999999999999,0.06308039,0.0,0.06308039,0.0021364458,0.0064,0.19798031,0.0056,0.012,0.3888,0.0728,0.0072,0.036,0.19103451,0.011775266,0.17902309
-0.06668657,0.0023319237,0.010400000000000001,0.0072,0.0064,0.41040000000000004,0.09040000000000001,0.0072,0.028,0.24448836,0.015891735,0.23050883,0.056691345,0.0009308718,0.0056,0.4032,0.0032,0.40559999999999996,0.004,0.4032,0.0032,0.04278434,0.0048927553,0.038378112,0.0023349682,0.010400000000000001,0.05107134,0.0072,0.0064,0.41040000000000004,0.09040000000000001,0.0072,0.028,0.24635367,0.016269762,0.23206091
-0.06636791,0.0021242127,0.010400000000000001,0.0064,0.0072,0.4008,0.1272,0.008799999999999999,0.008,0.22627112,0.015854232,0.21162592,0.056634292,0.001103878,0.0024,0.0024,0.0024,0.4024,0.0096,0.36479999999999996,0.008,0.027947001,0.0026159137,0.025975794,0.0021442163,0.010400000000000001,0.13670096,0.0064,0.0072,0.4008,0.11359999999999999,0.008799999999999999,0.008,0.22796872,0.016919263,0.21229082
-0.066292025,0.0019373782,0.0096,0.0048,0.010400000000000001,0.404,0.072,0.0056,0.04,0.1941019,0.010822333,0.18500414,0.05658003,0.0011581406,0.0056,0.0056,0.0016,0.392,0.004,0.376,0.0016,0.04939387,0.0055560097,0.04498764,0.0019407624,0.0096,0.05906275,0.0056,0.010400000000000001,0.404,0.072,0.0056,0.032,0.19667909,0.011336351,0.18717967
-0.06621326,0.0018586107,0.0112,0.0072,0.008,0.4096,0.1064,0.0096,0.0248,0.18051803,0.015147623,0.16554001,0.056490045,0.0010162182,0.0064,0.3656,0.004,0.3992,0.0048,0.3832,0.004,0.056704625,0.005462818,0.051950537,0.0018860414,0.012,0.17076018,0.008,0.0072,0.41040000000000004,0.1056,0.010400000000000001,0.024,0.18752846,0.018364,0.16943178
-0.06625851,0.0020148158,0.0112,0.010400000000000001,0.0032,0.3888,0.0928,0.0112,0.0096,0.17218176,0.019886285,0.15176725,0.056598812,0.0010234043,0.0,0.0432,0.0056,0.38799999999999996,0.0072,0.3696,0.0072,0.0020288303,0.0,0.0020288303,0.0020630795,0.0112,0.2167292,0.0112,0.0032,0.3888,0.0928,0.0112,0.0096,0.16859001,0.021130653,0.1473565
-0.06646089,0.0018843487,0.0064,0.0056,0.010400000000000001,0.4024,0.1104,0.0064,0.0112,0.23587874,0.0095273815,0.22644812,0.05657121,0.0009350516,0.0,0.2368,0.0064,0.39999999999999997,0.008,0.3568,0.0072,-0.02272251,0.0,-0.02272251,0.0019175498,0.0064,0.18635733,0.0056,0.010400000000000001,0.4024,0.07759999999999999,0.0064,0.0112,0.22758462,0.010447621,0.21713568
-0.066353716,0.0017771721,0.0096,0.0064,0.0096,0.4016,0.0648,0.0064,0.028,0.16015597,0.012006413,0.14772974,0.056638703,0.0009835139,0.0032,0.4032,0.0048,0.4032,0.0064,0.4032,0.0064,0.0713659,0.0027745217,0.06858302,0.0017781869,0.0096,-0.033786107,0.0056,0.008799999999999999,0.4016,0.0648,0.0064,0.028,0.15765384,0.011718393,0.14550498
-0.06648952,0.0020239241,0.008,0.004,0.010400000000000001,0.4072,0.0728,0.0072,0.0408,0.18800493,0.011585262,0.17713198,0.05669668,0.0010414906,0.0024,0.0024,0.0048,0.3992,0.0064,0.14880000000000002,0.0064,-0.0075983554,0.002312798,-0.00980147,0.002139484,0.008,0.33017072,0.0056,0.010400000000000001,0.3968,0.0696,0.0072,0.0408,0.17538682,0.013358658,0.16269521
-0.066609345,0.0020328052,0.0112,0.0072,0.0072,0.4072,0.1016,0.008,0.0256,0.22284698,0.017364409,0.2075361,0.05672358,0.0008986369,0.0008,0.196,0.0072,0.3976,0.008,0.3728,0.0072,-0.03832493,0.0006667301,-0.039484464,0.0020429078,0.0112,0.09949138,0.0072,0.0072,0.4072,0.1016,0.008799999999999999,0.0256,0.21793827,0.01804444,0.20145921
-0.066614226,0.0020376854,0.008,0.0064,0.0072,0.4072,0.1032,0.008799999999999999,0.0272,0.18212697,0.013941828,0.1689241,0.056782022,0.0009561479,0.0016,0.020800000000000003,0.0064,0.39280000000000004,0.008799999999999999,0.372,0.0064,0.03507126,0.0014484823,0.03333196,0.0020542599,0.008,0.12711647,0.0064,0.0072,0.4072,0.1032,0.008799999999999999,0.0272,0.18510363,0.014718092,0.17112531
-0.06668478,0.0023301356,0.0072,0.0064,0.0072,0.3656,0.09839999999999999,0.0072,0.008,0.255678,0.014425278,0.24114373,0.05682956,0.0014883764,0.0,0.0024,0.004,0.39999999999999997,0.008,0.2048,0.0048,0.056235828,0.0,0.056235828,0.0023532251,0.0072,0.14020006,0.0072,0.0072,0.3656,0.09839999999999999,0.0072,0.008,0.26102775,0.015264434,0.24589075
-0.06681016,0.0023445673,0.008,0.0056,0.008,0.4072,0.0816,0.0064,0.008,0.1747494,0.013793167,0.16187936,0.056887537,0.001198493,0.0,0.0032,0.0048,0.3968,0.008,0.38480000000000003,0.0048,0.022029579,0.0,0.022029579,0.0023524931,0.008,-0.08211061,0.004,0.008,0.4072,0.0816,0.0064,0.008,0.17235379,0.013125102,0.16001216
-0.06678664,0.0023210458,0.008799999999999999,0.0048,0.0096,0.404,0.1064,0.0056,0.010400000000000001,0.19527423,0.013327178,0.18085094,0.057055905,0.0011460781,0.0032,0.0024,0.0048,0.4032,0.0064,0.3624,0.0064,-0.0026733726,0.0033088252,-0.006036021,0.0024192436,0.008799999999999999,0.28589442,0.0056,0.0096,0.404,0.1064,0.0064,0.010400000000000001,0.18659408,0.015556741,0.17010748
-0.066986784,0.0025211908,0.008799999999999999,0.0048,0.008799999999999999,0.3864,0.1168,0.0064,0.0112,0.25928393,0.014752131,0.24408399,0.057107612,0.0013262779,0.0016,0.0008,0.0032,0.39999999999999997,0.010400000000000001,0.3624,0.0072,0.04435595,0.0012611151,0.042848557,0.0025525137,0.008799999999999999,0.15682168,0.0056,0.008799999999999999,0.3864,0.0928,0.0064,0.0112,0.26302966,0.015998468,0.24658558
-0.0671075,0.0023090616,0.0064,0.0056,0.008,0.3976,0.0576,0.008,0.0248,0.15665968,0.01447833,0.14157069,0.057272736,0.0017409213,-0.0016,0.0016,0.004,0.392,0.010400000000000001,0.0024,0.0048,0.005156368,0.0,0.008403063,0.0023811257,0.004,0.24665849,0.0056,0.010400000000000001,0.3952,0.06,0.0064,0.0272,0.15317719,0.008564647,0.14443976
-0.06745743,0.0025480427,0.0072,0.0048,0.008,0.37520000000000003,0.07759999999999999,0.0064,0.012,0.19266252,0.014167447,0.17846113,0.057401907,0.0012638904,-0.0016,0.0016,0.0064,0.3816,0.0232,0.0016,0.0064,0.011361569,0.0,0.014028497,0.0026106203,0.0072,0.21939377,0.0064,0.008,0.37520000000000003,0.07759999999999999,0.0064,0.012,0.19051704,0.015470699,0.1750662
-0.06773969,0.002497457,0.0072,0.0056,0.0072,0.404,0.0888,0.0072,0.012,0.26633856,0.015487336,0.25080574,0.057571664,0.0015579462,-0.0008,0.0016,0.0064,0.3832,0.008,0.1296,0.0064,0.03141901,0.0,0.032926403,0.0025498716,0.0056,0.20311597,0.0056,0.0096,0.3704,0.09040000000000001,0.0064,0.0136,0.26720127,0.012147711,0.2550617
-0.06787549,0.0026332587,0.0064,0.0064,0.008,0.4064,0.0688,0.0064,0.0264,0.14729176,0.015074838,0.13042763,0.057765998,0.0017114729,0.0008,0.0032,0.004,0.3888,0.0056,0.004,0.0056,0.031424485,0.0012476593,0.030264951,0.002669104,0.008,0.16408058,0.008,0.0064,0.3952,0.06720000000000001,0.008799999999999999,0.0248,0.15044652,0.02152317,0.12715328
-0.06830507,0.0028409362,0.0064,0.004,0.010400000000000001,0.3352,0.0808,0.0064,0.0272,0.24002685,0.0136297345,0.22571449,0.057913262,0.0017961152,0.0016,0.0024,0.0032,0.3568,0.0072,0.004,0.0048,0.019650653,0.0031284168,0.016403958,0.0028882471,0.0072,0.18124814,0.0064,0.0096,0.33599999999999997,0.08,0.0072,0.0264,0.23963726,0.018174175,0.22054358
-0.06838606,0.0027000345,0.008,0.0056,0.0072,0.396,0.0808,0.0064,0.0256,0.21201608,0.015128881,0.19681615,0.05800231,0.0018230192,0.0016,0.0016,0.0056,0.3784,0.0216,0.0032,0.0056,0.010030098,0.0027184114,0.0071312636,0.0028102866,0.008,0.2810369,0.0064,0.0096,0.396,0.0808,0.0064,0.0256,0.2064802,0.018401612,0.187535
-0.06843111,0.0034107752,0.0072,0.004,0.0072,0.36,0.0728,0.0064,0.008799999999999999,0.28674132,0.017272193,0.26998815,0.05812661,0.0021625347,0.0016,0.004,0.0032,0.3944,0.02,0.004,0.004,0.016992293,0.0037453026,0.013049878,0.0034531308,0.0072,0.15678607,0.0056,0.0072,0.36,0.0728,0.0072,0.010400000000000001,0.28587747,0.019103544,0.26704848
-0.06841469,0.0035053007,0.0424,0.0064,0.0048,0.42800000000000005,0.09040000000000001,0.008799999999999999,0.0056,0.30737674,0.034114413,0.27298272,0.058096,0.0018452853,0.033600000000000005,0.0024,0.0048,0.43360000000000004,0.0096,0.0024,0.0056,0.080765426,0.0027120486,0.07960589,0.0035123196,0.0424,0.06323054,0.0072,0.0048,0.364,0.09040000000000001,0.008799999999999999,0.008,0.31186596,0.03498733,0.27670535
-0.0683408,0.0038752072,0.008,0.0048,0.0048,0.38239999999999996,0.041600000000000005,0.008,0.008,0.24264368,0.022886444,0.21989924,0.05796289,0.002790071,0.0,0.0016,0.004,0.3944,0.008,0.0016,0.0048,0.00921452,0.0,0.00921452,0.0038771632,0.008,0.03176554,0.0048,0.0048,0.38239999999999996,0.041600000000000005,0.008,0.008,0.24281392,0.02333752,0.21958378
-0.06824649,0.0040027946,0.0064,0.0056,0.0048,0.39280000000000004,0.0736,0.0056,0.0072,0.25722924,0.022480797,0.23426294,0.0578692,0.0027678087,-0.0024,0.0016,0.004,0.3744,0.02,0.0016,0.0072,0.008867547,0.0,0.017680012,0.004060251,0.0064,0.1684312,0.0056,0.0056,0.39280000000000004,0.0432,0.008,0.008,0.25507572,0.023911305,0.23037396
-0.06791121,0.0040003583,0.008,0.0048,0.0048,0.38480000000000003,0.0248,0.0056,0.0064,0.2062518,0.024137937,0.18306357,0.057730515,0.003254354,-0.0008,0.0008,0.004,0.36,0.0192,0.0016,0.0064,0.042036295,0.0,0.045167036,0.0040834015,0.008,0.20202005,0.0056,0.0056,0.3624,0.0248,0.008799999999999999,0.0064,0.21049185,0.027059233,0.18440162
-0.06755995,0.003981944,0.0408,0.0032,0.0056,0.3072,0.0256,0.0048,0.0072,0.2121939,0.022566017,0.18756336,0.057558674,0.0033102408,0.0328,0.0008,0.004,0.3688,0.02,0.0016,0.0048,0.108300254,0.0053881146,0.10331426,0.0041329893,0.0408,0.2711863,0.0048,0.0072,0.3072,0.0408,0.008799999999999999,0.008799999999999999,0.23344989,0.028697357,0.20304139
-0.06726793,0.0040227734,0.0064,0.004,0.0048,0.0112,0.04,0.0048,0.0064,0.22483982,0.019534048,0.20608954,0.05743739,0.003083663,-0.0016,0.0016,0.0048,0.3624,0.0192,0.0024,0.0048,0.0066633895,0.0,0.0124610625,0.004118018,0.0064,0.21549179,0.0048,0.0056,0.0112,0.04,0.008,0.008,0.2210644,0.021977004,0.19999565
-0.06707887,0.0039446615,0.0064,0.0048,0.0048,0.3992,0.0376,0.0056,0.0064,0.21618302,0.021904781,0.19465901,0.057257894,0.003031252,-0.0024,0.0024,0.004,0.3528,0.0184,0.0024,0.0072,0.007011026,0.0,0.01570753,0.0040560644,0.0064,0.23491457,0.0056,0.0056,0.3992,0.0376,0.008,0.0064,0.21187729,0.023870798,0.18835348
-0.0670365,0.00390229,0.0072,0.0032,0.0064,0.2112,0.0248,0.0048,0.0072,0.1525676,0.018367391,0.13426112,0.05706819,0.003220955,0.0008,0.0032,0.0024,0.35600000000000004,0.0184,0.0032,0.004,0.036931023,0.003220953,0.03380028,0.004005155,0.0072,0.22712895,0.004,0.0072,0.2112,0.0392,0.0072,0.008,0.15696537,0.021786178,0.1352647
-0.06692865,0.0040163323,0.0072,0.004,0.0048,0.2736,0.0248,0.0048,0.0056,0.20625074,0.019393768,0.18594718,0.057004422,0.0030528158,-0.0008,0.0016,0.004,0.3976,0.02,0.0024,0.0048,0.04022964,0.0,0.04324443,0.004159423,0.0072,0.26306158,0.004,0.0056,0.2736,0.0408,0.008799999999999999,0.008799999999999999,0.20961663,0.022825845,0.1857299
-0.0669453,0.0035891905,0.0048,0.004,0.0056,0.1704,0.04,0.0048,0.0064,0.16138443,0.016986255,0.14418744,0.057029236,0.003143955,-0.0032,0.0016,0.004,0.3704,0.020800000000000003,0.0024,0.0064,0.017560586,0.0,0.029619738,0.0036352437,0.0064,0.29496664,0.0072,0.0048,0.1792,0.0384,0.010400000000000001,0.0072,0.15951957,0.025636112,0.13427386
-0.06697281,0.004060492,0.0064,0.004,0.0056,0.0112,0.0248,0.0048,0.0064,0.24403134,0.018726323,0.22639056,0.057021115,0.0032680314,-0.0016,0.0016,0.004,0.35760000000000003,0.020800000000000003,0.0016,0.0056,0.028871536,0.0,0.034669206,0.0041233194,0.0064,0.17479105,0.004,0.0064,0.0112,0.04,0.0048,0.008,0.24533385,0.020729102,0.22576389
-0.06691644,0.0037822314,0.0056,0.0048,0.0056,0.3992,0.0256,0.0048,0.0072,0.2352641,0.017488785,0.21895467,0.057091612,0.0033134874,-0.0024,0.0016,0.004,0.1656,0.02,0.0016,0.0056,0.02794674,0.0,0.0367592,0.0039107725,0.0064,0.25709963,0.0056,0.0056,0.33999999999999997,0.0384,0.0096,0.0072,0.23463751,0.023331834,0.21250336
-0.066937976,0.0038037635,0.0056,0.0032,0.0064,0.0112,0.0576,0.0048,0.0072,0.2562991,0.015975289,0.23965685,0.0570893,0.0031998474,-0.0016,0.0016,0.004,0.10719999999999999,0.0192,0.0016,0.0048,0.0004587099,0.0,0.006256379,0.003904406,0.0056,0.2275441,0.0048,0.0072,0.010400000000000001,0.06,0.0064,0.0096,0.24979606,0.01802679,0.23120245
-0.066920884,0.0036757253,0.0096,0.0048,0.0056,0.328,0.04,0.0048,0.0064,0.23693159,0.023694161,0.21230103,0.05710901,0.0029482283,0.0024,0.0024,0.0032,0.38799999999999996,0.0192,0.0032,0.0048,0.046436183,0.0068734773,0.03947898,0.0037113796,0.0096,0.13872387,0.0048,0.0064,0.328,0.04,0.0064,0.008,0.24107662,0.026610985,0.2134759
-0.066891596,0.0038683303,0.0056,0.004,0.0056,0.0112,0.0424,0.0056,0.0072,0.16881198,0.01764771,0.15117118,0.057061005,0.002880279,-0.0024,0.0016,0.0048,0.3808,0.02,0.0016,0.0048,-0.021107428,0.0,-0.012874737,0.0040018316,0.0056,0.25902575,0.0056,0.0056,0.3064,0.0424,0.008799999999999999,0.0072,0.15777396,0.019282926,0.13840505
-0.06689137,0.0037571602,0.0072,0.0056,0.0048,0.3128,0.0576,0.0072,0.0064,0.24786064,0.023385286,0.22389576,0.05710715,0.002602227,-0.0016,0.0024,0.0048,0.368,0.0192,0.0024,0.0064,0.016408838,0.0,0.021742694,0.0038306944,0.0072,0.1962541,0.0072,0.0048,0.3128,0.0432,0.008799999999999999,0.0072,0.24630234,0.0253326,0.22049125
-0.06691579,0.0035596788,0.0072,0.0048,0.0064,0.1632,0.0584,0.0064,0.008,0.27560648,0.020942263,0.25485912,0.056987025,0.0029542595,0.0,0.0024,0.0032,0.37520000000000003,0.0192,0.0032,0.0056,0.04098846,0.0,0.04098846,0.003638067,0.0072,0.207964,0.0064,0.0064,0.1632,0.0584,0.008799999999999999,0.008799999999999999,0.27813092,0.023706308,0.2545986
-0.06688095,0.0037467368,0.0072,0.0056,0.0056,0.2984,0.07039999999999999,0.0056,0.0064,0.26789406,0.021738194,0.2471467,0.057022974,0.0023385435,-0.0008,0.0024,0.0056,0.3808,0.02,0.0032,0.0056,0.047071636,0.0,0.04962261,0.0038143862,0.0072,0.18861605,0.0056,0.0064,0.0944,0.07039999999999999,0.0096,0.0064,0.27196878,0.023603128,0.2491761
-0.06688649,0.0034194328,0.0056,0.004,0.0072,0.28640000000000004,0.0584,0.0072,0.0096,0.25529623,0.015503962,0.2394306,0.0570515,0.0024259724,-0.0008,0.0024,0.0032,0.36479999999999996,0.0192,0.0024,0.004,0.02370701,0.0,0.026373938,0.0034876983,0.0056,0.19817859,0.0048,0.008799999999999999,0.28640000000000004,0.0584,0.0072,0.0096,0.25496683,0.017105695,0.2376082
-0.06699367,0.003526613,0.008,0.0048,0.0064,0.2016,0.0592,0.0056,0.008799999999999999,0.2259509,0.020399023,0.20575827,0.057127327,0.002350144,0.0,0.0016,0.0056,0.39359999999999995,0.008,0.0016,0.0064,-0.042669766,0.0,-0.042669766,0.0035364015,0.008799999999999999,0.074433334,0.0056,0.0056,0.20240000000000002,0.0584,0.0064,0.008,0.22215214,0.025023025,0.19711396
-0.067169406,0.0034804493,0.0096,0.0072,0.0048,0.116,0.0368,0.008799999999999999,0.0064,0.23226818,0.029228244,0.20264493,0.05715539,0.0024380349,0.0,0.0016,0.0048,0.3968,0.020800000000000003,0.0024,0.0064,0.07542639,0.0,0.07542639,0.0035289037,0.0096,0.165905,0.008,0.0048,0.116,0.0392,0.010400000000000001,0.008,0.24153526,0.03147547,0.2094847
-0.067424364,0.0034025647,0.0056,0.0048,0.0064,0.24639999999999998,0.056,0.0064,0.0072,0.21656817,0.017715786,0.19826166,0.05729407,0.0020674467,-0.0016,0.0024,0.004,0.3776,0.02,0.0032,0.0048,-0.012351736,0.0,-0.008757181,0.003431424,0.0056,0.12978534,0.0056,0.0072,0.24639999999999998,0.056,0.0064,0.008799999999999999,0.2131482,0.018524375,0.1939752
-0.067639604,0.0033959076,0.0056,0.004,0.0064,0.3416,0.0896,0.0072,0.0072,0.29012665,0.016559698,0.27459386,0.057426024,0.0021674,-0.0016,0.0024,0.0048,0.3728,0.008,0.0024,0.0056,0.028407685,0.0,0.03269796,0.0034594503,0.0056,0.19196023,0.0064,0.0064,0.3008,0.0896,0.008,0.0096,0.29021734,0.01791123,0.2733771
-0.067809574,0.0032330304,0.0072,0.0056,0.0056,0.15839999999999999,0.0864,0.0072,0.0096,0.2530663,0.019777618,0.23420507,0.057462897,0.0018986203,0.0,0.0024,0.004,0.3952,0.020800000000000003,0.0032,0.0064,0.04122085,0.0,0.04122085,0.0032566155,0.0072,0.12042363,0.0064,0.0056,0.3552,0.0864,0.0072,0.0096,0.25618553,0.021032462,0.23608182
-0.06792986,0.0029095225,0.008,0.0048,0.008,0.40559999999999996,0.0696,0.0064,0.0256,0.26772898,0.017223712,0.25008819,0.057535484,0.001826033,0.0016,0.0024,0.004,0.3832,0.0096,0.0032,0.0048,0.0515981,0.0029563457,0.04846736,0.0029848819,0.0072,0.22519006,0.0056,0.008799999999999999,0.35919999999999996,0.07039999999999999,0.0064,0.0264,0.27249068,0.016664442,0.25547537
-0.06783355,0.0030351095,0.0064,0.004,0.008,0.4064,0.09119999999999999,0.0064,0.010400000000000001,0.21114172,0.014184583,0.19571987,0.057602506,0.0018749647,0.0008,0.0024,0.0048,0.396,0.0064,0.0032,0.0048,-0.03658525,0.0015271045,-0.038208596,0.0030572861,0.0064,0.12051931,0.0048,0.008799999999999999,0.4064,0.09119999999999999,0.0064,0.010400000000000001,0.2052116,0.0152577385,0.18863302
-0.0678493,0.0028289668,0.0072,0.0048,0.008,0.35760000000000003,0.112,0.0064,0.0256,0.23071896,0.016695756,0.21507522,0.05755844,0.001571171,-0.0008,0.0016,0.0056,0.3992,0.008799999999999999,0.31679999999999997,0.0072,0.007830113,0.0,0.009221554,0.002877743,0.0072,0.18437771,0.0064,0.008,0.35760000000000003,0.1008,0.008,0.0256,0.22824392,0.018133635,0.21127099
-0.06778452,0.0026532337,0.0056,0.0024,0.008,0.38480000000000003,0.09680000000000001,0.0064,0.010400000000000001,0.21519995,0.010584347,0.2047708,0.05738498,0.0013967715,0.0,0.0024,0.0048,0.39999999999999997,0.0072,0.0032,0.0064,0.062901005,0.0,0.062901005,0.0027169816,0.0056,0.21704866,0.0048,0.008,0.332,0.0808,0.0064,0.010400000000000001,0.22369641,0.011867239,0.21201372
-0.06753198,0.0021787994,0.0072,0.0048,0.0096,0.38720000000000004,0.10719999999999999,0.0056,0.012,0.25644928,0.011509962,0.24535444,0.05733651,0.0010973811,0.0024,0.0048,0.0032,0.3968,0.008799999999999999,0.0048,0.0048,0.053916164,0.0027123764,0.051133282,0.0022394399,0.008799999999999999,0.23324469,0.0072,0.0096,0.3888,0.0848,0.008,0.010400000000000001,0.261967,0.017397145,0.24560034
-0.06723464,0.001992412,0.008,0.0056,0.008799999999999999,0.3736,0.09040000000000001,0.0064,0.0368,0.18788823,0.012046758,0.17668243,0.05712524,0.0013086498,0.0024,0.0024,0.0032,0.39999999999999997,0.0152,0.228,0.0056,0.045047723,0.0025345087,0.04249675,0.002062437,0.0064,0.42204854,0.0048,0.0112,0.38480000000000003,0.0848,0.0048,0.035199999999999995,0.18985428,0.010752987,0.17984937
-0.06687717,0.002189681,0.010400000000000001,0.0072,0.0056,0.3904,0.0856,0.0096,0.0072,0.14822972,0.018147651,0.13003416,0.057017636,0.001184348,0.0008,0.0024,0.0048,0.3976,0.008799999999999999,0.15839999999999999,0.0056,0.026379563,0.00083648786,0.02556789,0.0021898213,0.010400000000000001,0.011331832,0.0072,0.0056,0.3904,0.0856,0.0096,0.0072,0.14851913,0.018239489,0.13021436
-0.06663774,0.0019502491,0.008799999999999999,0.004,0.008799999999999999,0.3896,0.092,0.0064,0.035199999999999995,0.19432239,0.011911176,0.18211803,0.056807995,0.0010461286,0.0008,0.0008,0.0056,0.4008,0.0096,0.38720000000000004,0.008,0.0035329834,0.000582315,0.0030691698,0.0019642913,0.008799999999999999,0.11964374,0.004,0.010400000000000001,0.3896,0.092,0.0064,0.0288,0.1933549,0.0128673725,0.18018597
-0.066420056,0.0020654127,0.0056,0.0032,0.010400000000000001,0.3992,0.116,0.0048,0.010400000000000001,0.080874234,0.008910462,0.07000126,0.05677947,0.00072679296,0.0,0.32080000000000003,0.0024,0.39999999999999997,0.0064,0.32080000000000003,0.0024,-0.07885188,0.0,-0.07885188,0.0020998856,0.0056,0.18144803,0.0032,0.008799999999999999,0.3992,0.116,0.0056,0.010400000000000001,0.06531741,0.00932654,0.05395338
-0.06637479,0.0016873032,0.012,0.008799999999999999,0.0056,0.4096,0.07039999999999999,0.0096,0.0304,0.14977911,0.016322728,0.13402443,0.056515556,0.0009907074,0.0008,0.0016,0.0072,0.3976,0.008799999999999999,0.3544,0.008,0.037686966,0.0004109405,0.036991246,0.001696775,0.012,0.1057109,0.0096,0.0056,0.4096,0.07039999999999999,0.0096,0.0304,0.15291953,0.017102236,0.13634741
-0.06629047,0.00060444325,0.6416000000000001,1.0224,0.0008,1.04,0.004,1.0352000000000001,0.004,0.006871447,-0.0054083914,0.012608219,0.056496546,0.0007778108,0.5232,0.8912,0.0008,0.912,0.0016,0.8912,0.0016,0.04823098,0.024930742,0.04533214,0.0007802188,0.5232,1.6493824,0.8912,0.0008,0.9192,0.0016,0.8912,0.0016,0.047542684,0.025585815,0.044025667
-0.06632154,0.0017449968,0.0048,0.004,0.0112,0.392,0.0864,0.0048,0.0128,0.17396402,0.0060320273,0.16797283,0.056563098,0.0009431653,0.0,0.2696,0.0048,0.3976,0.016800000000000002,0.3856,0.008799999999999999,-0.0037679542,0.0,-0.0037679542,0.0018096351,0.0072,0.26808843,0.0072,0.008799999999999999,0.3944,0.08399999999999999,0.0072,0.0224,0.16675177,0.012177801,0.15489988
-0.06638056,0.0020259134,0.0064,0.0032,0.010400000000000001,0.4032,0.0768,0.0032,0.010400000000000001,0.15798603,0.0074423924,0.1505525,0.05655475,0.00095151365,0.0032,0.14,0.0048,0.4032,0.012,0.39280000000000004,0.0048,0.06476016,0.0028784275,0.061977286,0.002083789,0.0064,0.23623602,0.0032,0.0096,0.4032,0.0768,0.0064,0.010400000000000001,0.16875489,0.00855591,0.16036086
-0.06629713,0.0020534322,0.010400000000000001,0.0064,0.0064,0.4072,0.096,0.008,0.024,0.22533391,0.0165983,0.20913544,0.05669946,0.0012706183,0.0024,0.0032,0.0032,0.39359999999999995,0.008,0.004,0.0032,0.006784633,0.0025363676,0.004465565,0.0020534378,0.010400000000000001,-0.0023711254,0.0064,0.0064,0.4072,0.096,0.008,0.024,0.2253172,0.016576683,0.2091413
-0.066537224,0.0024044774,0.045599999999999995,0.0048,0.008799999999999999,0.43679999999999997,0.0888,0.0072,0.010400000000000001,0.1825108,0.012349028,0.16764371,0.05669668,0.001157444,0.0392,0.004,0.004,0.4304,0.0072,0.18080000000000002,0.0072,0.03982658,0.0074345656,0.03646393,0.0024484075,0.045599999999999995,0.18971722,0.0048,0.0096,0.43679999999999997,0.0888,0.008,0.010400000000000001,0.18674669,0.014772722,0.17030953
-0.066643514,0.0022888668,0.0096,0.004,0.008799999999999999,0.404,0.1016,0.0064,0.031200000000000002,0.24824947,0.014041666,0.23493566,0.056736335,0.0010018349,0.0032,0.21680000000000002,0.0024,0.3976,0.0184,0.36160000000000003,0.0072,0.0455667,0.0033116192,0.041856192,0.0023274564,0.0096,0.18235195,0.0048,0.008799999999999999,0.404,0.088,0.0072,0.0288,0.25239667,0.015442252,0.2377686
-0.06662577,0.0023820698,0.008,0.0064,0.008799999999999999,0.392,0.1048,0.0072,0.0272,0.2513616,0.014722925,0.23693833,0.056829095,0.0011409819,0.0008,0.0024,0.0064,0.3952,0.010400000000000001,0.3712,0.0064,0.021684028,0.0010250285,0.020640448,0.0024047245,0.008,0.13737383,0.0064,0.008799999999999999,0.392,0.0808,0.0072,0.0272,0.251963,0.015829127,0.23635764
-0.066616,0.0005971268,0.5424,0.8552,0.0008,0.9416,0.0016,0.9296,0.0008,0.05408999,0.024187718,0.047433008,0.05686551,0.00052480027,-0.08,0.32,0.0008,0.32,0.0016,0.32,0.0008,0.021967225,0.0,0.02045983,0.0006352377,1.2311999999999999,0.6992089,1.548,0.0008,1.6312,0.0016,1.6312,0.0008,0.05553624,0.06240254,0.013821413
-0.06662953,0.00049971044,-0.1512,0.2488,0.0008,0.2488,0.0016,0.2488,0.0008,0.004988402,0.0,-0.00044806302,0.056957573,0.00054869056,-0.232,0.1504,0.0008,0.164,0.0024,0.1504,0.0008,-0.025510825,0.0,-0.019713156,0.000672455,0.6192000000000001,0.9543728,0.9344,0.0008,1.0191999999999999,0.0016,0.9935999999999999,0.0008,-0.017931692,-0.012942602,-0.021697268
-0.06672052,0.0025877766,0.0064,0.0056,0.0072,0.3712,0.0688,0.0072,0.010400000000000001,0.19195685,0.014489081,0.17808829,0.05696036,0.0012416244,-0.0016,0.0024,0.0064,0.39359999999999995,0.0216,0.0032,0.008799999999999999,0.013560921,0.0,0.0155321285,0.0026710753,0.0064,0.25039524,0.0064,0.0072,0.4016,0.0688,0.008,0.010400000000000001,0.18933077,0.015808936,0.17408465
-0.066853866,0.0027211197,0.008799999999999999,0.0064,0.008,0.3856,0.0664,0.0072,0.0216,0.17268606,0.017949868,0.15304816,0.05705706,0.00137683,0.0016,0.0024,0.0048,0.4008,0.0232,0.0032,0.0056,-0.017915376,0.0022898465,-0.020234443,0.002757948,0.008799999999999999,0.16360469,0.0064,0.008,0.3856,0.0664,0.008,0.0216,0.16746213,0.019440398,0.14636785
-0.06701541,0.002549816,0.0424,0.0064,0.0072,0.3864,0.07440000000000001,0.0072,0.0112,0.24680287,0.017867725,0.23138106,0.057225887,0.0014399104,0.0368,0.004,0.004,0.43119999999999997,0.0216,0.0048,0.004,0.033106238,0.0061720237,0.024873547,0.0026260698,0.0432,0.24157353,0.0072,0.0064,0.3256,0.0736,0.008,0.010400000000000001,0.24755642,0.02305835,0.22608244
-0.067263044,0.0026865005,0.008799999999999999,0.0056,0.0072,0.372,0.08320000000000001,0.0096,0.0072,0.17801234,0.020453747,0.15748686,0.05732607,0.0016875863,0.0016,0.0048,0.0032,0.3656,0.0064,0.0048,0.0032,0.012581855,0.002563499,0.00968302,0.0026872684,0.008799999999999999,0.023907185,0.0056,0.0072,0.372,0.08320000000000001,0.0096,0.0072,0.17826223,0.020658825,0.15750147
-0.06760234,0.0028038956,0.008799999999999999,0.0048,0.008,0.404,0.072,0.0064,0.010400000000000001,0.27238864,0.016419578,0.25574633,0.05746406,0.0014336444,0.0008,0.0008,0.0064,0.3952,0.0224,0.0008,0.0072,0.05658123,0.0010857843,0.055421695,0.0028308977,0.008799999999999999,0.13822787,0.0056,0.008799999999999999,0.404,0.072,0.0064,0.010400000000000001,0.27758673,0.017908651,0.2593617
-0.06792807,0.0029077344,0.0056,0.0048,0.008,0.392,0.0928,0.0056,0.0216,0.22399916,0.014584806,0.20946494,0.05770501,0.0016565062,-0.0024,0.0016,0.0056,0.38,0.0216,0.3608,0.0072,-0.0059764236,0.0,-0.00075852126,0.0029498984,0.0056,0.1692783,0.0056,0.008799999999999999,0.392,0.0928,0.008,0.0216,0.2197906,0.015431252,0.20438969
-0.06813289,0.003001608,0.0096,0.0056,0.0056,0.3728,0.0856,0.008,0.008799999999999999,0.22917452,0.021041248,0.20853812,0.057772025,0.0018213987,0.0048,0.0056,0.0008,0.40480000000000005,0.0048,0.0056,0.0016,0.06308233,0.009420998,0.053574152,0.003008135,0.0096,0.065886244,0.0056,0.0072,0.3728,0.0856,0.008,0.008799999999999999,0.23283052,0.021938393,0.21127698
-0.06831018,0.0029569976,0.0064,0.0072,0.008,0.3952,0.0608,0.0072,0.010400000000000001,0.21634877,0.01655528,0.19948462,0.05801275,0.0019285344,0.0,0.0024,0.004,0.3808,0.0192,0.0032,0.004,0.03257996,0.0,0.03257996,0.003005379,0.0064,0.179676,0.0072,0.008,0.3952,0.0608,0.008799999999999999,0.0248,0.21868828,0.017968416,0.20031351
-0.06845064,0.003097456,0.0056,0.004,0.0096,0.3776,0.06,0.0056,0.012,0.2373705,0.013250109,0.22361289,0.058072343,0.0018689409,0.0,0.0024,0.0048,0.3976,0.02,0.0032,0.0056,0.025920853,0.0,0.025920853,0.0031537947,0.0056,0.18929985,0.0056,0.0112,0.3776,0.06,0.008,0.0128,0.23800774,0.0149515215,0.22242306
-0.068522096,0.003723655,0.0056,0.0048,0.0056,0.3704,0.041600000000000005,0.0072,0.0072,0.29307622,0.018853948,0.27388215,0.05808069,0.0024403613,-0.0024,0.0016,0.0064,0.3776,0.0216,0.0016,0.0064,0.06291032,0.0,0.06917181,0.0037403684,0.0056,0.094569705,0.0056,0.0064,0.3704,0.041600000000000005,0.0072,0.0072,0.29770717,0.019692974,0.2776572
-0.06838097,0.0035825297,0.0072,0.0056,0.0048,0.16799999999999998,0.056,0.0072,0.0072,0.24403392,0.022923078,0.2215114,0.05809275,0.0025442578,-0.0008,0.0024,0.004,0.3976,0.02,0.0024,0.004,0.056533374,0.0,0.059316255,0.0036481828,0.0072,0.19000225,0.0064,0.0056,0.3792,0.056,0.010400000000000001,0.008,0.25031918,0.02482043,0.22581498
-0.068203,0.0038483553,0.0016,0.0032,0.0064,0.0552,0.0392,0.004,0.0072,0.19976136,0.0068091266,0.19288258,0.05796405,0.0027889125,-0.0048,0.0024,0.004,0.38799999999999996,0.0192,0.0024,0.004,0.014491603,0.0,0.025739085,0.0041352487,0.0016,0.37468645,0.0048,0.0064,0.0552,0.0408,0.008,0.0096,0.19120602,0.0071898717,0.18387085
-0.068063214,0.0037085675,0.0056,0.004,0.0056,0.3352,0.04,0.0064,0.008,0.33934367,0.018637389,0.32125905,0.057791274,0.0030776411,-0.0016,0.0024,0.004,0.3552,0.0192,0.0024,0.004,0.07218428,0.0,0.07844577,0.0038700982,0.0064,0.28993708,0.008,0.0056,0.33599999999999997,0.0408,0.0096,0.008799999999999999,0.34581697,0.024805736,0.32160425
-0.0676831,0.0043269917,0.0064,0.004,0.004,0.3976,0.0376,0.0048,0.0056,0.24220286,0.021191172,0.22112268,0.057662103,0.002974905,-0.0016,0.0024,0.004,0.38,0.0184,0.0024,0.0056,0.04336817,0.0,0.04893394,0.0044999514,0.0064,0.27815375,0.004,0.0056,0.0112,0.0392,0.0096,0.0072,0.24480163,0.024014166,0.22087023
-0.06739085,0.003923796,0.0056,0.004,0.0056,0.2248,0.04,0.0056,0.0072,0.20707406,0.020698704,0.1865486,0.05743553,0.0030855238,-0.0016,0.0032,0.0032,0.3744,0.0184,0.0032,0.0048,-0.014203638,0.0,-0.008405965,0.0040789545,0.0056,0.2767033,0.0056,0.0064,0.012,0.0264,0.008,0.008,0.195317,0.022454051,0.1729748
-0.0672311,0.0040968843,0.0056,0.0032,0.0048,0.2952,0.024,0.0048,0.0072,0.18245661,0.016695756,0.16603623,0.057225425,0.003179675,-0.0016,0.0016,0.0048,0.09119999999999999,0.0192,0.0024,0.0048,-0.009798862,0.0,-0.0033054724,0.0041862996,0.0056,0.2070529,0.0032,0.0056,0.2952,0.0248,0.008799999999999999,0.008,0.17654508,0.018721785,0.1579487
-0.0670902,0.0039559864,0.0048,0.0024,0.0064,0.0096,0.0248,0.0032,0.008,0.20959179,0.01363961,0.19583417,0.057099964,0.0030732267,-0.0024,0.0016,0.0056,0.2952,0.02,0.0016,0.0056,0.06226462,0.0,0.071308985,0.0041392376,0.0048,0.29867116,0.0032,0.0072,0.0096,0.0432,0.008799999999999999,0.008799999999999999,0.2186342,0.016073199,0.20258552
-0.06697791,0.0036218017,0.0056,0.0048,0.004,0.3032,0.04,0.0064,0.0064,0.16265061,0.019361395,0.14390033,0.057056595,0.0032325517,-0.0024,0.0024,0.0032,0.3216,0.0184,0.0024,0.0056,-0.01223135,0.0,-0.0037667528,0.00376526,0.0056,0.27692962,0.008799999999999999,0.0064,0.0128,0.04,0.010400000000000001,0.008799999999999999,0.15310945,0.02081579,0.1328227
-0.06696881,0.0041674487,0.0072,0.0032,0.0048,0.3072,0.0392,0.004,0.0064,0.30505368,0.018978626,0.28619245,0.05710182,0.002955418,-0.0008,0.0016,0.0048,0.32239999999999996,0.020800000000000003,0.0016,0.0072,0.026203193,0.0,0.029565841,0.0041998145,0.0072,0.124228805,0.0032,0.0056,0.3072,0.0408,0.0048,0.0072,0.30594963,0.020906951,0.28522226
-0.066960156,0.0039368942,0.041600000000000005,0.004,0.0056,0.0768,0.0392,0.0048,0.008,0.2098001,0.022873882,0.1876104,0.05707515,0.003213996,0.0344,0.0024,0.0032,0.3808,0.02,0.0024,0.0048,0.035305627,0.0079860985,0.024521962,0.0040373295,0.041600000000000005,0.22351955,0.0048,0.0072,0.0768,0.0424,0.008,0.008,0.21240692,0.02796804,0.18447208
-0.06689181,0.0038685463,0.0064,0.0032,0.0056,0.3256,0.0248,0.004,0.0072,0.20347613,0.015193701,0.1880543,0.057099964,0.0030732267,-0.0016,0.0008,0.0048,0.3864,0.02,0.0008,0.0064,0.036059156,0.0,0.04197278,0.0039651915,0.0072,0.22123802,0.004,0.0056,0.3264,0.041600000000000005,0.0096,0.008799999999999999,0.20642945,0.021969948,0.18410905
-0.06703627,0.003902059,0.0064,0.004,0.0056,0.396,0.0384,0.0048,0.0064,0.2450318,0.018235505,0.22672531,0.057054512,0.0028867722,-0.0024,0.0008,0.0048,0.33599999999999997,0.0216,0.0008,0.0064,0.046840996,0.0,0.05518964,0.004036099,0.0064,0.25844035,0.004,0.0056,0.1536,0.0384,0.0064,0.008799999999999999,0.24886553,0.021042846,0.22761086
-0.06699833,0.0038641207,0.041600000000000005,0.0032,0.0072,0.1672,0.0408,0.0048,0.008,0.19361481,0.018535007,0.17430979,0.057065405,0.0028758794,0.035199999999999995,0.0016,0.004,0.4296,0.0192,0.0024,0.0048,0.008295082,0.0076864734,0.0031931326,0.004062052,0.041600000000000005,0.31345758,0.0032,0.008,0.2152,0.0432,0.008,0.0096,0.18673834,0.02441462,0.16247454
-0.06698479,0.0038505755,0.0056,0.0024,0.0064,0.0096,0.0432,0.004,0.008799999999999999,0.2695471,0.01375116,0.25578952,0.057025522,0.0029157624,-0.0008,0.0024,0.0048,0.39280000000000004,0.0184,0.0024,0.0048,0.06823672,0.0,0.071367465,0.003964734,0.0064,0.24055238,0.0048,0.008,0.4024,0.0424,0.008799999999999999,0.0096,0.27804258,0.020193517,0.2580893
-0.06678996,0.0038776472,0.0072,0.0056,0.0048,0.3008,0.0544,0.0064,0.0064,0.23459855,0.024913464,0.20841473,0.057119675,0.0030535161,-0.0016,0.0024,0.0032,0.3632,0.0184,0.0032,0.0056,-0.029162668,0.0,-0.023480952,0.0038968704,0.0072,0.09936826,0.0056,0.0048,0.3008,0.0424,0.0072,0.0064,0.23054822,0.025871929,0.20325118
-0.06680129,0.0039999224,0.0064,0.0024,0.0056,0.3888,0.041600000000000005,0.0056,0.008,0.21214165,0.01702132,0.19472274,0.057077006,0.0027483255,-0.0008,0.0016,0.0048,0.396,0.02,0.0024,0.0056,0.014897905,0.0,0.01779674,0.004036909,0.0064,0.13547057,0.0032,0.0056,0.3776,0.041600000000000005,0.0056,0.008,0.21221004,0.018769907,0.19302452
-0.06678619,0.00354103,0.0056,0.0024,0.0072,0.3992,0.056,0.0056,0.0096,0.22666863,0.014801864,0.21113583,0.05694018,0.0028851517,0.0,0.0024,0.0032,0.3504,0.0192,0.0032,0.0032,0.045742996,0.0,0.045742996,0.003629832,0.0056,0.22165282,0.0056,0.008,0.35600000000000004,0.056,0.0072,0.010400000000000001,0.23117949,0.017146273,0.21347758
-0.0668521,0.0037178881,0.0064,0.004,0.0048,0.17200000000000001,0.024,0.0056,0.008799999999999999,0.18035325,0.019092053,0.16038252,0.05696036,0.002633065,-0.0024,0.0008,0.0048,0.38480000000000003,0.020800000000000003,0.0016,0.0056,-0.000121578574,0.0,0.0077632517,0.0037577525,0.0064,0.14579,0.0048,0.0064,0.17200000000000001,0.0392,0.0064,0.008799999999999999,0.1784223,0.020383056,0.15696208
-0.06700232,0.0035352632,0.0072,0.004,0.0072,0.1952,0.0432,0.0064,0.008799999999999999,0.25617954,0.017837852,0.23931538,0.057016246,0.0024612248,0.0,0.0016,0.0056,0.3672,0.008799999999999999,0.0024,0.0056,0.026029319,0.0,0.026029319,0.0035868213,0.0072,0.1697578,0.0064,0.008,0.1952,0.0432,0.0072,0.0096,0.25689465,0.020187527,0.2374128
-0.06718472,0.003495764,0.008,0.0048,0.0056,0.3912,0.0552,0.0064,0.008799999999999999,0.21357335,0.022420447,0.19105083,0.05707677,0.0021687932,0.0,0.0024,0.0056,0.3952,0.0192,0.0024,0.0056,0.11096877,0.0,0.11096877,0.0035220492,0.008,0.12224818,0.0056,0.0064,0.0112,0.0552,0.008799999999999999,0.008799999999999999,0.22551142,0.02386563,0.20162986
-0.06734669,0.0033248924,0.008,0.0032,0.0064,0.3176,0.0872,0.0056,0.0072,0.2551677,0.016828556,0.23697212,0.05719528,0.0021662377,0.0016,0.0024,0.0032,0.3904,0.0184,0.0024,0.0048,0.050261453,0.0034048483,0.046898805,0.0033689225,0.0096,0.16185229,0.0064,0.0048,0.3192,0.0856,0.008799999999999999,0.020800000000000003,0.25993222,0.02532637,0.23325051
-0.06750159,0.0031469427,0.04,0.0056,0.008,0.3904,0.061599999999999995,0.0056,0.010400000000000001,0.24053945,0.016553655,0.22500664,0.057400744,0.0021926798,0.033600000000000005,0.0016,0.0032,0.41759999999999997,0.008799999999999999,0.0024,0.0032,0.06928373,0.004895605,0.063602015,0.0031980288,0.04,0.17898008,0.0056,0.008799999999999999,0.3904,0.061599999999999995,0.0072,0.0128,0.24903132,0.018817969,0.23104244
-0.067652255,0.0029647648,0.0072,0.0064,0.0072,0.3584,0.0928,0.008,0.0096,0.20153819,0.019360285,0.18145652,0.057477277,0.002000194,0.0,0.0032,0.0032,0.3864,0.0064,0.0032,0.004,-0.032527253,0.0,-0.032527253,0.00296604,0.0072,-0.029325081,0.0064,0.0072,0.3584,0.0928,0.008,0.0096,0.20240524,0.019062124,0.18264842
-0.067813136,0.0030146986,0.008,0.0048,0.008799999999999999,0.39999999999999997,0.1016,0.008,0.0256,0.19538695,0.018941175,0.17652571,0.05756308,0.0015665293,0.0008,0.0024,0.0048,0.3976,0.008,0.3664,0.0072,-0.024177492,0.0012186691,-0.025452979,0.0030597197,0.008,0.17175722,0.0056,0.008799999999999999,0.39999999999999997,0.06,0.008,0.0256,0.18837975,0.020666078,0.16779442
-0.067986876,0.0024117976,0.0096,0.008,0.0072,0.4016,0.0824,0.008799999999999999,0.0264,0.26233777,0.019621901,0.2429218,0.05752366,0.0014899969,0.0024,0.0032,0.0048,0.39999999999999997,0.0192,0.39840000000000003,0.0064,0.034954824,0.0033104569,0.031940036,0.0024213183,0.0096,0.08870839,0.008,0.0072,0.4016,0.0824,0.008799999999999999,0.0264,0.264403,0.020553509,0.24408747
-0.067973346,0.0023982674,0.008,0.0056,0.008799999999999999,0.3912,0.124,0.0064,0.0264,0.26805854,0.01477395,0.25208196,0.057446662,0.0013350882,0.0016,0.0032,0.0032,0.396,0.010400000000000001,0.1848,0.0056,0.103141636,0.0020904094,0.101054475,0.0024820308,0.008799999999999999,0.26053616,0.0072,0.008,0.392,0.12319999999999999,0.008799999999999999,0.0256,0.28558126,0.019031651,0.2654081
-0.06780403,0.002228953,0.0448,0.0064,0.0096,0.432,0.1176,0.008,0.0096,0.25934014,0.017978013,0.2460263,0.057467766,0.0013139844,0.04,0.004,0.0024,0.44,0.008,0.3016,0.0024,0.058209382,0.005635366,0.056586035,0.0022621898,0.0448,0.17163046,0.0064,0.008799999999999999,0.432,0.1176,0.008799999999999999,0.0096,0.26547134,0.019448513,0.25130355
-0.067580365,0.0021162368,0.0072,0.0048,0.008799999999999999,0.3672,0.0896,0.0064,0.0376,0.20420586,0.011501618,0.19277816,0.05743136,0.0010025315,-0.0008,0.2736,0.0048,0.3864,0.010400000000000001,0.36,0.0072,0.00921645,0.0,0.010375984,0.0021580518,0.0072,0.19717619,0.0064,0.008799999999999999,0.392,0.0896,0.0064,0.0376,0.2020546,0.0124103,0.18991701
-0.06734581,0.0019926317,0.008,0.0048,0.0072,0.4008,0.07440000000000001,0.008,0.0096,0.2409767,0.012492772,0.22866143,0.05720386,0.0013459846,0.0008,0.0024,0.004,0.3792,0.0072,0.0024,0.0056,0.05449526,0.0012300313,0.053335726,0.0020360756,0.010400000000000001,0.20694648,0.010400000000000001,0.0048,0.4032,0.08,0.010400000000000001,0.0072,0.24703225,0.019702189,0.22807625
-0.06703383,0.00212444,0.0072,0.004,0.0072,0.4016,0.0928,0.0056,0.0248,0.19759771,0.010687873,0.18661381,0.057007432,0.0010785982,0.0024,0.004,0.0032,0.4024,0.0048,0.2632,0.0048,0.021393158,0.0026560277,0.019305997,0.0021297976,0.008799999999999999,0.0709447,0.0056,0.0056,0.38,0.0768,0.0072,0.0232,0.19861712,0.0152925365,0.18297869
-0.06676689,0.0019684471,0.010400000000000001,0.0072,0.0056,0.4008,0.088,0.0096,0.008799999999999999,0.19632496,0.0174906,0.17835133,0.05686899,0.0009851344,0.0016,0.0032,0.0056,0.3992,0.010400000000000001,0.39840000000000003,0.0056,0.017849855,0.0012745485,0.016690321,0.001989609,0.010400000000000001,0.14598072,0.008,0.0056,0.4008,0.088,0.0096,0.008799999999999999,0.19683328,0.018374726,0.17805567
-0.06652924,0.0021745935,0.0064,0.0048,0.0072,0.3944,0.092,0.0064,0.0096,0.25662595,0.0111836195,0.2450873,0.056699462,0.001386568,0.0,0.0032,0.0048,0.3952,0.0072,0.004,0.0048,0.038667157,0.0,0.038667157,0.0022014764,0.0064,0.15643615,0.0056,0.008,0.3944,0.092,0.0064,0.0096,0.2595165,0.012070709,0.24705294
-0.06645712,0.001991529,0.0072,0.004,0.0064,0.38720000000000004,0.0888,0.0064,0.010400000000000001,0.19244523,0.009935476,0.18345842,0.05660925,0.0011289194,0.0008,0.0016,0.004,0.39999999999999997,0.008799999999999999,0.3416,0.0056,0.009040937,0.00078105927,0.00811331,0.0020016758,0.0072,0.10073217,0.004,0.0064,0.38720000000000004,0.0888,0.0064,0.010400000000000001,0.19237886,0.010603675,0.18262137
-0.06633862,0.0020949244,0.041600000000000005,0.0032,0.010400000000000001,0.43119999999999997,0.0648,0.0032,0.0392,0.20131046,0.0067525506,0.19409879,0.056568664,0.0011695065,0.0368,0.0368,0.0048,0.432,0.008799999999999999,0.31039999999999995,0.0064,0.006668076,0.0025458988,0.002493756,0.002147832,0.041600000000000005,0.22241738,0.0032,0.010400000000000001,0.43119999999999997,0.0648,0.0064,0.0392,0.19782251,0.008260861,0.18876779
-0.06636702,0.002123326,0.008799999999999999,0.004,0.0096,0.40480000000000005,0.0856,0.0064,0.0384,0.2845204,0.012594592,0.27231604,0.056547098,0.0011910722,0.0024,0.0032,0.0056,0.3992,0.0216,0.1168,0.0064,0.005912354,0.0026455894,0.003129473,0.0021569554,0.008799999999999999,0.17681524,0.0064,0.0096,0.40480000000000005,0.0856,0.008,0.0296,0.28112432,0.014070506,0.26721346
-0.06626073,0.0023498796,0.008799999999999999,0.0064,0.008799999999999999,0.3248,0.0928,0.008,0.012,0.19747958,0.017971363,0.17773075,0.05664102,0.0012131035,0.0016,0.0048,0.0032,0.392,0.0072,0.1392,0.0032,-0.051078454,0.002078347,-0.053281568,0.0023504903,0.008799999999999999,0.022792825,0.0064,0.008799999999999999,0.3248,0.0928,0.008,0.012,0.19626416,0.018154541,0.17630377
-0.066362806,0.0024519525,0.008799999999999999,0.0056,0.008799999999999999,0.3496,0.07440000000000001,0.0072,0.0096,0.16053426,0.015987597,0.14433576,0.056608323,0.0013617538,0.0024,0.0032,0.0048,0.4008,0.0072,0.0048,0.0048,0.011128059,0.003389541,0.007649457,0.0024602774,0.008799999999999999,0.08228679,0.0056,0.008799999999999999,0.3496,0.07440000000000001,0.0072,0.012,0.1609057,0.01676442,0.14391384
-0.066412516,0.0023907162,0.044,0.0056,0.008,0.4328,0.09040000000000001,0.008,0.0112,0.20802689,0.019653343,0.18461674,0.056682535,0.0014034957,0.0368,0.1216,0.0048,0.4328,0.0064,0.25279999999999997,0.0064,0.039998777,0.0040331334,0.039534964,0.0023941407,0.044,0.053492885,0.0064,0.008,0.4328,0.09040000000000001,0.008,0.0112,0.20986797,0.020268254,0.18603252
-0.066490404,0.0025795512,0.0064,0.0048,0.008799999999999999,0.404,0.0808,0.0064,0.0096,0.22450581,0.013091929,0.2123015,0.056783874,0.0015340634,0.0008,0.0032,0.004,0.3912,0.0072,0.004,0.0064,0.036583386,0.0011862032,0.035423853,0.0026787927,0.0064,0.27305016,0.0056,0.008799999999999999,0.3968,0.0808,0.0064,0.0248,0.22605395,0.014853286,0.21233182
-0.066541664,0.0027417615,0.0072,0.004,0.0072,0.3464,0.0736,0.0056,0.024,0.20337239,0.014690496,0.18894905,0.05679176,0.0014102235,0.0008,0.0032,0.0056,0.392,0.008799999999999999,0.2016,0.0064,-0.0055097044,0.0012942702,-0.0067851916,0.0027839104,0.0072,0.17423221,0.0056,0.0072,0.3464,0.092,0.0064,0.024,0.1993382,0.016125547,0.1834649
-0.06670631,0.0026845075,0.0072,0.004,0.008,0.39359999999999995,0.0944,0.0072,0.010400000000000001,0.25762048,0.01417521,0.24341908,0.056805205,0.001396779,0.004,0.0048,0.0016,0.4024,0.0064,0.224,0.0032,0.04818424,0.006172221,0.04134299,0.0027251942,0.0072,0.17301545,0.0064,0.008,0.39359999999999995,0.0944,0.0072,0.010400000000000001,0.26206934,0.015708523,0.24612367
-0.06658294,0.0027830377,0.010400000000000001,0.0056,0.0064,0.3808,0.0576,0.0072,0.0096,0.20559569,0.02097956,0.1852921,0.0569752,0.0018065497,0.0032,0.0024,0.0024,0.3808,0.017599999999999998,0.0032,0.0032,0.036056474,0.004559271,0.031302385,0.00279907,0.010400000000000001,0.107081346,0.0064,0.0072,0.3808,0.0576,0.008,0.0096,0.20827168,0.022117749,0.1867708
-0.06674337,0.0024996698,0.0096,0.008,0.0048,0.408,0.056799999999999996,0.008799999999999999,0.008,0.20664266,0.020898264,0.18611717,0.056837216,0.0017126277,0.0008,0.0024,0.0048,0.3952,0.0096,0.0032,0.0072,0.04979723,0.0011328608,0.04875365,0.0025376051,0.0096,0.17312853,0.008799999999999999,0.0048,0.4024,0.056799999999999996,0.010400000000000001,0.012,0.2121318,0.022528183,0.19001555
-0.06683856,0.0024839193,0.0096,0.0072,0.008,0.3976,0.0736,0.008799999999999999,0.0272,0.19926739,0.020598289,0.1791857,0.05694992,0.0017158762,0.0024,0.0032,0.004,0.3968,0.0216,0.004,0.004,0.073337965,0.0039880946,0.069279596,0.0025226567,0.0096,0.17547256,0.008799999999999999,0.008,0.3976,0.0736,0.008799999999999999,0.0264,0.2090103,0.02241909,0.18711156
-0.06701053,0.0025449358,0.008,0.0048,0.008,0.4024,0.09119999999999999,0.0064,0.016,0.24258876,0.01535305,0.22816545,0.057054743,0.0014951006,0.0016,0.0016,0.0056,0.3976,0.02,0.004,0.0072,0.06869938,0.002062574,0.0659165,0.0026351034,0.008,0.26235414,0.0064,0.0112,0.4024,0.07919999999999999,0.0064,0.016,0.25210539,0.01756254,0.23498788
-0.06718516,0.0026086196,0.010400000000000001,0.0056,0.0064,0.22240000000000001,0.0576,0.008,0.0216,0.23487961,0.019266874,0.2164622,0.057238415,0.0017752424,0.0024,0.0024,0.0056,0.4016,0.0216,0.0024,0.0064,0.01338768,0.0035864264,0.010372892,0.0026367025,0.010400000000000001,0.14608026,0.0056,0.0072,0.3336,0.0576,0.008799999999999999,0.0216,0.23432669,0.021290107,0.21384373
-0.06751712,0.0026077293,0.0072,0.0064,0.008,0.3864,0.07039999999999999,0.008,0.0096,0.2106871,0.016479809,0.19382294,0.057424173,0.0017054379,0.0008,0.0032,0.004,0.39999999999999997,0.008799999999999999,0.004,0.0048,0.030953929,0.0014735311,0.029098675,0.0026152385,0.0072,0.07579945,0.008,0.008,0.39840000000000003,0.07039999999999999,0.008,0.0096,0.21242619,0.017146997,0.19484651
-0.0677601,0.002850715,0.0096,0.0056,0.0064,0.3248,0.0664,0.008,0.0224,0.23316494,0.019341484,0.21541317,0.057549402,0.0016961619,0.0032,0.004,0.004,0.4032,0.0056,0.0056,0.0056,0.05901502,0.005625114,0.05321735,0.002881587,0.0096,0.14651075,0.0064,0.0064,0.3896,0.0928,0.008799999999999999,0.0224,0.23928234,0.021056164,0.21975717
-0.06796913,0.0028378442,0.0064,0.0056,0.0048,0.3896,0.07440000000000001,0.0072,0.024,0.14096574,0.017044388,0.123324946,0.057849023,0.0018603541,-0.0008,0.0032,0.0048,0.3944,0.0056,0.0032,0.0048,-0.044528633,0.0,-0.04232552,0.0028477241,0.0064,0.08332309,0.0064,0.0064,0.3896,0.07440000000000001,0.008,0.024,0.13677074,0.017586976,0.118544534
-0.06827933,0.003148049,0.0072,0.0072,0.0056,0.4064,0.0576,0.008,0.0064,0.23859166,0.021675535,0.21662386,0.057934593,0.002006691,0.0,0.0032,0.0032,0.3976,0.020800000000000003,0.0032,0.004,-0.0005197227,0.0,-0.0005197227,0.0031713035,0.0072,0.12117519,0.008,0.0056,0.4064,0.0576,0.008799999999999999,0.0112,0.2367793,0.022634452,0.21365505
-0.06838385,0.0034744628,0.0048,0.004,0.0072,0.035199999999999995,0.0592,0.0064,0.008,0.25618127,0.013191335,0.24275652,0.05806794,0.0021052528,-0.0008,0.0032,0.0032,0.3832,0.02,0.0032,0.0032,0.044991516,0.0,0.046962723,0.0035255246,0.0048,0.17040303,0.0048,0.0072,0.23920000000000002,0.0592,0.0072,0.010400000000000001,0.2601005,0.014159156,0.2456904
-0.06844953,0.0037620366,0.0072,0.0048,0.0048,0.36160000000000003,0.056799999999999996,0.0056,0.008,0.23942219,0.021432098,0.21723247,0.058119424,0.002633538,-0.0008,0.0024,0.0048,0.3944,0.020800000000000003,0.0024,0.0048,0.05913757,0.0,0.061572596,0.0038198945,0.0072,0.17426951,0.0056,0.0048,0.0824,0.056799999999999996,0.008799999999999999,0.008799999999999999,0.24604954,0.023387548,0.22200449
-0.06853629,0.003959745,0.0072,0.0048,0.004,0.39840000000000003,0.04,0.0064,0.0064,0.22217014,0.0229896,0.19876,0.058094144,0.0028907247,-0.0008,0.0024,0.0032,0.39840000000000003,0.020800000000000003,0.0024,0.004,0.040297627,0.0,0.04331242,0.004040457,0.0072,0.20021345,0.0048,0.0056,0.39840000000000003,0.04,0.008799999999999999,0.0064,0.22574644,0.025029453,0.20033644
-0.068278894,0.004035197,0.0056,0.0032,0.0064,0.068,0.0408,0.0048,0.0072,0.25135607,0.016374893,0.23626709,0.057989787,0.0031110346,-0.0008,0.0032,0.0032,0.1728,0.0184,0.0032,0.0048,0.050267756,0.0,0.053398497,0.0041360767,0.0056,0.22131379,0.0048,0.0072,0.068,0.0408,0.008799999999999999,0.008799999999999999,0.25625983,0.018515985,0.23884085
-0.068128444,0.003995698,0.008,0.0048,0.0048,0.3432,0.0552,0.0056,0.0064,0.27820125,0.024313238,0.25279403,0.057885896,0.0030989721,-0.0008,0.0016,0.0048,0.3416,0.0192,0.0016,0.0048,0.01663711,0.0,0.01976785,0.004094894,0.008,0.22055729,0.0056,0.0064,0.3432,0.0552,0.008799999999999999,0.008,0.27510178,0.02771356,0.24622586
-0.067811355,0.004011452,0.0064,0.004,0.0056,0.3944,0.0576,0.0048,0.0064,0.23953758,0.01944349,0.21956687,0.05763845,0.0032304637,-0.0016,0.0016,0.0048,0.3568,0.0192,0.0016,0.0056,-0.0030164607,0.0,0.003360983,0.0041409163,0.0064,0.25071454,0.0048,0.0064,0.3944,0.0424,0.0096,0.008,0.23130016,0.022313021,0.20835786
-0.06758857,0.004121512,0.0048,0.004,0.0048,0.3032,0.041600000000000005,0.0048,0.0064,0.24119817,0.017961208,0.22366828,0.057467535,0.0031694733,-0.0024,0.0024,0.004,0.30400000000000005,0.0192,0.0024,0.0056,0.044467732,0.0,0.052120663,0.004292167,0.0048,0.28293395,0.0048,0.0064,0.3032,0.041600000000000005,0.008799999999999999,0.008,0.24402247,0.019610304,0.2247294
-0.0673336,0.0038665459,0.0072,0.0032,0.0064,0.0112,0.04,0.0048,0.0064,0.2079606,0.018378526,0.18854462,0.05732329,0.0034296736,-0.0008,0.0016,0.004,0.3608,0.02,0.0016,0.0056,0.011538163,0.0,0.015248679,0.003992431,0.0072,0.25178558,0.004,0.0064,0.0112,0.0408,0.008,0.008,0.20427796,0.021935841,0.18142988
-0.067267045,0.0039109364,0.0056,0.0032,0.0072,0.3488,0.0256,0.004,0.008,0.24547748,0.014728431,0.23061037,0.057243977,0.003161123,-0.0016,0.0008,0.004,0.24559999999999998,0.020800000000000003,0.0016,0.0072,0.035771564,0.0,0.04203305,0.0040557142,0.0056,0.26799834,0.0032,0.008,0.3488,0.044,0.008,0.008799999999999999,0.24618702,0.017667199,0.2283196
-0.067064226,0.004040964,0.0056,0.0048,0.004,0.39999999999999997,0.024,0.0064,0.0056,0.21873155,0.020520348,0.19876082,0.057237484,0.0032835696,-0.0032,0.0016,0.004,0.3888,0.02,0.0016,0.0048,0.00017361343,0.0,0.012116816,0.0041544735,0.0056,0.23429714,0.0048,0.0048,0.39999999999999997,0.024,0.008799999999999999,0.0064,0.21279564,0.022092424,0.19108237
-0.06691091,0.0037766956,0.0056,0.0048,0.0056,0.2672,0.0392,0.0056,0.0064,0.18329927,0.019558068,0.1628848,0.05717255,0.003232548,-0.0016,0.0032,0.0032,0.396,0.017599999999999998,0.0032,0.0048,-0.030556642,0.0,-0.024527065,0.0038855982,0.0056,0.23731466,0.0056,0.0064,0.2672,0.0392,0.008799999999999999,0.0072,0.17097826,0.021249194,0.14881882
-0.06688005,0.0038567819,0.0032,0.004,0.0056,0.0112,0.0248,0.0048,0.0064,0.20452513,0.013208162,0.1916551,0.057151213,0.0030219778,-0.0048,0.0016,0.004,0.3432,0.0192,0.0024,0.0064,-0.062555976,0.0,-0.049801104,0.003920312,0.0032,0.18027438,0.004,0.0064,0.0272,0.04,0.008799999999999999,0.0072,0.18999444,0.013789309,0.17643897
-0.06699434,0.004082024,0.004,0.004,0.0048,0.28719999999999996,0.0232,0.0056,0.0064,0.18828988,0.015972182,0.17220235,0.057089295,0.003083896,-0.004,0.0024,0.004,0.29919999999999997,0.0192,0.0024,0.0048,-0.00660979,0.0,0.006261036,0.004153057,0.004,0.18521747,0.004,0.0056,0.28719999999999996,0.04,0.0072,0.0072,0.18385212,0.016702209,0.16699341
-0.06693265,0.003909383,0.0064,0.0056,0.0048,0.33599999999999997,0.0552,0.0056,0.0072,0.24065334,0.022953946,0.21735415,0.05710646,0.0030667298,-0.0016,0.0024,0.0032,0.2544,0.0184,0.0032,0.0048,0.008805715,0.0,0.014255524,0.003980235,0.0064,0.18896627,0.0056,0.0056,0.33599999999999997,0.0552,0.008,0.0072,0.23802353,0.024540136,0.21291743
-0.066974364,0.0037292019,0.0064,0.0048,0.0048,0.36160000000000003,0.04,0.0056,0.0056,0.1937211,0.021845344,0.17186424,0.057131965,0.002925273,-0.0016,0.0024,0.0048,0.2592,0.0192,0.0032,0.0064,0.05461531,0.0,0.059949167,0.003778152,0.0064,0.16114677,0.0056,0.0056,0.36160000000000003,0.04,0.008,0.008,0.19997427,0.023382306,0.17659594
-0.06697635,0.0042859353,0.0064,0.0032,0.0048,0.0112,0.04,0.004,0.0064,0.22083822,0.018976592,0.20120032,0.057118982,0.0028223023,-0.0024,0.0008,0.0048,0.3704,0.020800000000000003,0.0016,0.0064,-0.011483297,0.0,-0.0035984665,0.004330431,0.0064,0.14347704,0.004,0.0048,0.0112,0.04,0.0056,0.0064,0.21692708,0.02043492,0.19589935
-0.06692111,0.003897842,0.0064,0.0032,0.0064,0.36,0.041600000000000005,0.0048,0.008799999999999999,0.2679437,0.017425139,0.2513014,0.05704129,0.0026680864,0.0,0.0024,0.004,0.39359999999999995,0.02,0.0032,0.0048,0.04330738,0.0,0.04330738,0.003981692,0.0064,0.20558763,0.0032,0.0072,0.36,0.041600000000000005,0.008799999999999999,0.008799999999999999,0.27114198,0.019947942,0.25179663
-0.06682769,0.0038044266,0.008,0.0048,0.0048,0.164,0.024,0.0056,0.0064,0.25147185,0.02406478,0.22761793,0.057081643,0.0027436875,-0.0008,0.0016,0.0032,0.3488,0.020800000000000003,0.0024,0.004,0.0139704645,0.0,0.016985252,0.0038606594,0.008,0.17088604,0.0056,0.0048,0.164,0.0248,0.008,0.0072,0.2501848,0.02593496,0.2243318
-0.06686497,0.0037307553,0.0072,0.0032,0.0064,0.0096,0.0448,0.0048,0.008799999999999999,0.24214797,0.01748927,0.22428527,0.056970328,0.002623096,0.0008,0.0024,0.004,0.3776,0.0192,0.0024,0.0048,-0.016756997,0.0025071427,-0.01896011,0.0037872805,0.0072,0.17298724,0.0048,0.008,0.3688,0.0448,0.008,0.008799999999999999,0.23564959,0.019994458,0.21553871
-0.06693309,0.0034660324,0.008,0.0048,0.0056,0.3736,0.0696,0.0056,0.0072,0.24641746,0.021235533,0.22666866,0.05698123,0.002612196,0.0008,0.0024,0.0032,0.3976,0.0192,0.0024,0.0056,-0.024468623,0.002032429,-0.02643983,0.0035248045,0.008,0.18286826,0.0056,0.0056,0.3736,0.0696,0.0096,0.008,0.2378591,0.023565304,0.21565618
-0.066943295,0.0035871863,0.0056,0.004,0.0064,0.35919999999999996,0.072,0.0056,0.0064,0.23232701,0.016678225,0.21535191,0.05702668,0.0023348369,-0.0016,0.0024,0.0048,0.3568,0.0072,0.0024,0.0048,0.0038258284,0.0,0.008579917,0.0035957266,0.0056,0.06893522,0.0048,0.0064,0.35919999999999996,0.072,0.0056,0.0064,0.23203877,0.017189328,0.21456885
-0.06710439,0.003304489,0.0056,0.004,0.008,0.3024,0.056,0.0056,0.008,0.26061803,0.014144599,0.24674948,0.05700442,0.0021251924,0.0,0.0032,0.0032,0.39999999999999997,0.0072,0.0032,0.0032,0.06875883,0.0,0.06875883,0.0033423787,0.0056,0.15071602,0.0056,0.008,0.3024,0.056,0.008,0.0112,0.2679875,0.0153996125,0.25291818
-0.0672646,0.0031318553,0.0072,0.004,0.0072,0.38480000000000003,0.09119999999999999,0.0048,0.0096,0.2459731,0.015649501,0.22888705,0.05712176,0.0020078495,0.0008,0.0024,0.004,0.3968,0.020800000000000003,0.0024,0.0064,0.076646045,0.0018918961,0.0750227,0.00315537,0.0072,0.12216004,0.0048,0.0072,0.3608,0.09119999999999999,0.0064,0.010400000000000001,0.25347987,0.017169716,0.23493862
-0.06744323,0.0027557388,0.008,0.0056,0.010400000000000001,0.408,0.1056,0.0072,0.0136,0.26655492,0.016573496,0.25179878,0.057316102,0.0020454153,0.0016,0.0016,0.004,0.3888,0.008799999999999999,0.0024,0.0056,0.050784603,0.0031632036,0.047306,0.0028077685,0.008,0.1928113,0.0056,0.010400000000000001,0.408,0.09119999999999999,0.008,0.0136,0.27134678,0.018897088,0.25413114
-0.067678444,0.0027690567,0.008,0.0056,0.008799999999999999,0.3904,0.0888,0.0064,0.008799999999999999,0.30073214,0.016928568,0.2832023,0.057379648,0.0015180558,0.0024,0.004,0.0048,0.4016,0.008,0.004,0.0056,0.012051739,0.003858447,0.00799337,0.0027921698,0.008,0.1287581,0.0056,0.008799999999999999,0.3904,0.0888,0.0072,0.008799999999999999,0.2997902,0.018216554,0.28079745
-0.067739464,0.0024972335,0.0096,0.0064,0.008,0.404,0.1088,0.008,0.0264,0.25163585,0.018982872,0.23377314,0.057446897,0.0016827136,0.0016,0.0016,0.0048,0.39999999999999997,0.0096,0.0024,0.0072,0.06006147,0.00208994,0.05832217,0.002551449,0.0096,0.20651686,0.0072,0.008,0.404,0.1088,0.008,0.0264,0.25860456,0.021198338,0.2387438
-0.06792652,0.0025733374,0.0072,0.0056,0.0056,0.38480000000000003,0.0864,0.0072,0.010400000000000001,0.25235096,0.016946923,0.23581964,0.057516467,0.0012652837,-0.0008,0.0024,0.0048,0.3968,0.008,0.33999999999999997,0.0056,0.002203524,0.0,0.0037109181,0.0025755093,0.0072,0.041071314,0.0072,0.0056,0.38480000000000003,0.0864,0.008,0.010400000000000001,0.25222862,0.01720976,0.2354018
-0.06797934,0.0022933148,0.008,0.0056,0.0072,0.40559999999999996,0.0928,0.0072,0.012,0.2408287,0.014168236,0.22707109,0.057489336,0.0014083683,0.0024,0.0048,0.0024,0.39359999999999995,0.0064,0.0048,0.0048,0.078904435,0.0030655712,0.07588965,0.0023431613,0.008,0.20663516,0.0064,0.0072,0.40559999999999996,0.08399999999999999,0.0072,0.012,0.25189415,0.015780965,0.23650223
-0.067857295,0.0022822171,0.0072,0.0064,0.0064,0.392,0.12,0.008799999999999999,0.012,0.21641423,0.016323917,0.2001048,0.057540584,0.0012411661,0.0,0.0024,0.0032,0.39359999999999995,0.0072,0.312,0.004,0.004059747,0.0,0.004059747,0.0022836765,0.0072,0.035753608,0.0064,0.0064,0.392,0.12,0.008799999999999999,0.012,0.21642104,0.016526265,0.1999231
-0.0676303,0.0023880675,0.0072,0.0064,0.008,0.40559999999999996,0.12240000000000001,0.0064,0.012,0.14602211,0.014946632,0.13060027,0.057478897,0.0011868998,0.0,0.0024,0.0064,0.3904,0.0072,0.0032,0.0064,-0.032929532,0.0,-0.032929532,0.0023923605,0.0064,0.059942983,0.0056,0.008799999999999999,0.40480000000000005,0.12319999999999999,0.0056,0.0128,0.14378715,0.012986752,0.13055779
-0.067290336,0.0026028454,0.0072,0.0048,0.0064,0.112,0.0608,0.0064,0.0096,0.16863483,0.0128855035,0.15565386,0.057318885,0.0013469122,0.0,0.0016,0.0048,0.3976,0.02,0.052000000000000005,0.0056,0.03733412,0.0,0.03733412,0.002657308,0.0072,0.2028088,0.0048,0.008799999999999999,0.3128,0.0608,0.0064,0.0112,0.1726985,0.014315708,0.15839541
-0.06712015,0.0018779188,0.0056,0.0032,0.0112,0.39840000000000003,0.1016,0.004,0.0112,0.20520343,0.007708952,0.19821367,0.057111327,0.0012066104,0.0032,0.0048,0.0032,0.4016,0.0064,0.0048,0.004,0.01408761,0.0038988143,0.010724962,0.0020489795,0.004,0.62967676,0.0032,0.0128,0.4024,0.08,0.0048,0.0128,0.17414504,0.006470491,0.16827524
-0.0668896,0.002313055,0.0432,0.0048,0.008799999999999999,0.4168,0.10719999999999999,0.0072,0.0288,0.23177554,0.0141785145,0.21923836,0.05695688,0.0011291504,0.035199999999999995,0.3728,0.0056,0.43119999999999997,0.0064,0.3944,0.0056,0.0728721,0.0016779155,0.07217638,0.0023218172,0.0432,0.08690485,0.0048,0.008799999999999999,0.4168,0.10719999999999999,0.0072,0.0288,0.23722582,0.014858188,0.22422269
-0.066673025,0.0023183785,0.0096,0.0072,0.0064,0.38799999999999996,0.0872,0.008799999999999999,0.0232,0.17618781,0.020165123,0.15544048,0.056795243,0.001290787,0.0008,0.0032,0.0056,0.39999999999999997,0.0072,0.39359999999999995,0.0072,0.013558947,0.0010588802,0.012283459,0.0023284752,0.0096,-0.093159944,0.0072,0.0064,0.38799999999999996,0.0872,0.008799999999999999,0.0072,0.1741625,0.019197676,0.15432489
-0.06643892,0.0023061708,0.008799999999999999,0.0064,0.010400000000000001,0.38480000000000003,0.092,0.0072,0.033600000000000005,0.215071,0.0143840015,0.20109148,0.056697838,0.0011562854,0.0016,0.0024,0.0064,0.39840000000000003,0.008799999999999999,0.3968,0.0072,0.05403208,0.0017328039,0.05229278,0.0023517108,0.0096,0.19711658,0.008,0.0096,0.376,0.09119999999999999,0.008,0.0256,0.221488,0.018380404,0.20368618
-0.0662776,0.002699595,0.0064,0.0048,0.0064,0.33599999999999997,0.08320000000000001,0.0064,0.010400000000000001,0.15255037,0.013275627,0.13834897,0.056710362,0.0013756678,0.0016,0.0032,0.0024,0.3952,0.0064,0.0048,0.0056,-0.031311437,0.0021715686,-0.033862412,0.00275788,0.0064,0.2059557,0.0056,0.0064,0.33599999999999997,0.08320000000000001,0.008,0.012,0.14292309,0.01462915,0.12724338
-0.066204816,0.00251586,0.008,0.0056,0.0064,0.39280000000000004,0.0864,0.0064,0.0304,0.15842748,0.016060844,0.14200711,0.056697372,0.0013886578,0.0024,0.004,0.0032,0.4016,0.0072,0.07039999999999999,0.0048,-0.013682388,0.0030064397,-0.017392896,0.0025811745,0.008,0.22544026,0.0064,0.0064,0.39280000000000004,0.07600000000000001,0.0072,0.0288,0.1513601,0.017644033,0.13310021
-0.06627982,0.0027018152,0.0072,0.004,0.008799999999999999,0.3416,0.08,0.004,0.0112,0.21923201,0.012333903,0.20736054,0.056648213,0.0014378168,0.0024,0.0032,0.004,0.3952,0.0072,0.004,0.004,0.020401277,0.0031539164,0.017618395,0.0028018765,0.0072,0.26805556,0.004,0.0096,0.3416,0.08,0.0056,0.0256,0.21680614,0.014399441,0.2030553
-0.066324204,0.0026352517,0.0072,0.0056,0.008799999999999999,0.3904,0.08,0.0064,0.0248,0.1552194,0.015507065,0.14024135,0.056631744,0.001686193,0.0008,0.0024,0.0048,0.39999999999999997,0.012,0.0032,0.0056,0.06290335,0.0013383329,0.061395958,0.002667064,0.008,0.15460692,0.0072,0.008,0.3696,0.07919999999999999,0.0072,0.024,0.16305456,0.019504732,0.14426962
-0.06645002,0.0027610697,0.0464,0.0064,0.0064,0.4416,0.0696,0.008799999999999999,0.0232,0.22284545,0.022011105,0.20121048,0.056699924,0.001386106,0.0392,0.004,0.004,0.4296,0.0056,0.0064,0.004,0.064411156,0.007623434,0.06383139,0.0027703503,0.0464,0.08187611,0.008799999999999999,0.0064,0.4416,0.0696,0.008799999999999999,0.0264,0.22736678,0.023097465,0.20518787
-0.06651015,0.002599299,0.008,0.0064,0.0072,0.3736,0.056,0.0072,0.0248,0.24741057,0.017117098,0.22954789,0.056773905,0.0015440322,0.0008,0.0032,0.004,0.3904,0.020800000000000003,0.0032,0.0056,0.029912174,0.0013121255,0.02875264,0.0026275795,0.0072,0.14685911,0.0056,0.008799999999999999,0.3728,0.07440000000000001,0.008799999999999999,0.0256,0.24912445,0.015750224,0.23265487
-0.06653922,0.0025174208,0.0096,0.008,0.0064,0.3968,0.0888,0.008799999999999999,0.0224,0.2414796,0.021776967,0.22039938,0.056832343,0.001601547,0.0008,0.0016,0.0048,0.4008,0.0072,0.0024,0.0064,0.056815706,0.0010217801,0.05554022,0.0026060652,0.0096,0.26156923,0.008799999999999999,0.0064,0.3968,0.0888,0.0096,0.0224,0.2479581,0.023547307,0.2250462
-0.06653323,0.0026223771,0.0064,0.0048,0.008,0.3896,0.0688,0.0064,0.0256,0.22367346,0.013212644,0.21080345,0.056884293,0.001317691,0.0016,0.0048,0.004,0.39840000000000003,0.0216,0.1736,0.0048,-0.015541777,0.0024034753,-0.018208705,0.0026512283,0.0064,0.14766178,0.0064,0.0096,0.3896,0.0688,0.0072,0.0304,0.21895282,0.014278596,0.20484102
-0.06651149,0.0024896897,0.0096,0.0072,0.004,0.3904,0.041600000000000005,0.008799999999999999,0.0216,0.18806538,0.021333251,0.16720706,0.056851126,0.0013508573,0.0016,0.0032,0.004,0.39999999999999997,0.020800000000000003,0.0048,0.0048,0.036351852,0.002237901,0.033800878,0.0026063647,0.0096,0.3003442,0.008799999999999999,0.004,0.3904,0.041600000000000005,0.0096,0.0216,0.19040124,0.023424521,0.16807532
-0.06664285,0.002399154,0.0064,0.004,0.010400000000000001,0.3912,0.0872,0.0048,0.028,0.15522243,0.010761153,0.14279619,0.05688545,0.0012005791,-0.0008,0.0016,0.0064,0.3976,0.0264,0.0016,0.010400000000000001,-0.010496594,0.0,-0.009221107,0.002509734,0.0064,0.29795218,0.0048,0.0112,0.3912,0.0768,0.0056,0.028,0.14530188,0.012561945,0.13100635
-0.06677731,0.002422668,0.008,0.0064,0.0056,0.4072,0.0608,0.008799999999999999,0.0264,0.22566366,0.017791655,0.20879948,0.056890093,0.0016597509,-0.0008,0.0024,0.004,0.3992,0.010400000000000001,0.0024,0.004,0.07414491,0.0,0.0756523,0.0024529533,0.008,0.15730141,0.008799999999999999,0.0056,0.4072,0.0608,0.008799999999999999,0.0264,0.23449259,0.018827878,0.21665591
-0.066896476,0.0026527792,0.0112,0.0072,0.004,0.37679999999999997,0.08,0.0096,0.024,0.16836616,0.022937506,0.14517793,0.056969635,0.0012323484,0.0008,0.0232,0.0056,0.39999999999999997,0.020800000000000003,0.0232,0.0056,0.051941864,0.001116395,0.050898284,0.0026702234,0.0112,0.11436744,0.0096,0.004,0.37679999999999997,0.08,0.010400000000000001,0.010400000000000001,0.17319374,0.024108142,0.14893965
-0.067120366,0.0024328753,0.010400000000000001,0.0056,0.0056,0.40559999999999996,0.0576,0.008799999999999999,0.0096,0.22366898,0.019866843,0.20502965,0.057139855,0.0014099889,0.0008,0.0016,0.0064,0.38480000000000003,0.0224,0.0016,0.0064,0.007647522,0.0011780821,0.0067198947,0.0024457332,0.010400000000000001,0.10258471,0.0072,0.0056,0.40559999999999996,0.0576,0.008799999999999999,0.0216,0.22327626,0.021033881,0.20349997
-0.06732163,0.0025231913,0.0064,0.0064,0.008799999999999999,0.4064,0.07440000000000001,0.0072,0.0224,0.23204806,0.0151928365,0.21695906,0.057323754,0.0016899034,-0.0016,0.0016,0.0056,0.3472,0.008,0.0016,0.008,0.024406679,0.0,0.02718956,0.0025298165,0.0048,0.3060734,0.0064,0.012,0.27599999999999997,0.07600000000000001,0.008,0.024,0.22861755,0.012279769,0.2165438
-0.06754197,0.0027435347,0.0072,0.004,0.010400000000000001,0.38720000000000004,0.07440000000000001,0.0072,0.0112,0.16342637,0.013707899,0.14867024,0.057498146,0.001979325,0.0016,0.0024,0.0032,0.39280000000000004,0.008,0.0032,0.0032,0.03171409,0.002799116,0.029047161,0.002832379,0.0072,0.2511283,0.0056,0.010400000000000001,0.38720000000000004,0.07600000000000001,0.008,0.0112,0.16618097,0.01617748,0.14897749
-0.06778429,0.00298585,0.0064,0.004,0.008,0.3512,0.0728,0.0056,0.0096,0.17186332,0.013901424,0.15799478,0.05774327,0.0019661076,0.0008,0.0024,0.004,0.4008,0.02,0.0032,0.0048,0.0025535077,0.0017342009,0.0006982535,0.0030208768,0.0072,0.15243754,0.0064,0.008,0.352,0.072,0.0072,0.008799999999999999,0.17025812,0.018498026,0.15186402
-0.06825116,0.003674619,0.008799999999999999,0.0048,0.0048,0.3424,0.0424,0.0056,0.0056,0.24653727,0.022780027,0.22468045,0.05776391,0.002293326,0.0016,0.0024,0.004,0.3792,0.02,0.0032,0.0048,0.077398755,0.0041228384,0.07392015,0.0037006394,0.008799999999999999,0.11865556,0.0056,0.0048,0.3424,0.0424,0.008799999999999999,0.0072,0.25396606,0.02454919,0.23046477
-0.06840714,0.003941547,0.008,0.0048,0.004,0.31520000000000004,0.024,0.0064,0.0064,0.2573353,0.024881229,0.23203906,0.05797541,0.0028935038,0.0,0.0024,0.004,0.3952,0.02,0.0024,0.0048,0.056294426,0.0,0.056294426,0.004141145,0.008,0.3117401,0.0064,0.0056,0.31520000000000004,0.04,0.0096,0.0096,0.26219842,0.028360166,0.23317796
-0.06849524,0.004029643,0.008,0.0048,0.0056,0.40480000000000005,0.0256,0.0048,0.0064,0.23287445,0.022877518,0.21001908,0.058027588,0.0031891875,0.0,0.0016,0.004,0.39359999999999995,0.02,0.0024,0.0048,0.09241717,0.0,0.09241717,0.004099608,0.008,0.18501341,0.0048,0.0056,0.40480000000000005,0.056,0.0072,0.008,0.2459012,0.025922196,0.22006561
-0.06844153,0.003975939,0.0064,0.004,0.0056,0.010400000000000001,0.0392,0.0048,0.0064,0.19836354,0.019381288,0.17894757,0.058086496,0.0031302795,0.0,0.0032,0.0032,0.36,0.0184,0.0032,0.004,0.041740917,0.0,0.041740917,0.00405785,0.0064,0.20126687,0.0048,0.0064,0.3056,0.0552,0.008,0.008799999999999999,0.20270385,0.021840498,0.18082863
-0.068262026,0.004018329,0.004,0.0032,0.0064,0.3512,0.0424,0.004,0.0072,0.19487831,0.013767585,0.18056595,0.058078144,0.0030226782,-0.004,0.0008,0.0064,0.364,0.02,0.0016,0.0072,0.0128728375,0.0,0.026787259,0.004184476,0.004,0.28274053,0.004,0.0072,0.3512,0.0424,0.008,0.008799999999999999,0.19073193,0.015237615,0.17491746
-0.06817838,0.0041565783,0.0056,0.0032,0.0056,0.1328,0.0408,0.0048,0.0072,0.26550627,0.018444996,0.24686694,0.057889838,0.0033269376,-0.0024,0.0016,0.0048,0.33599999999999997,0.0216,0.0016,0.0056,0.0061446354,0.0,0.015884735,0.0042770244,0.0056,0.23788382,0.0048,0.0056,0.0128,0.0408,0.008799999999999999,0.008799999999999999,0.25947726,0.020517083,0.23876704
-0.06800285,0.0040920004,0.0064,0.0056,0.0048,0.012,0.0392,0.0056,0.0056,0.17279917,0.02263968,0.14983287,0.05772982,0.003255047,-0.0016,0.0024,0.0032,0.3176,0.0184,0.0024,0.0048,-0.008117072,0.0,-0.0015077218,0.0041733566,0.0064,0.19777666,0.0056,0.0048,0.012,0.0408,0.008,0.0072,0.16783568,0.024239209,0.14310704
-0.06774523,0.004278172,0.0072,0.0032,0.0056,0.3888,0.0408,0.004,0.0056,0.2790369,0.018310945,0.2611742,0.057562385,0.0033065304,0.0,0.0024,0.004,0.364,0.02,0.0024,0.0056,-0.0020872243,0.0,-0.0020872243,0.004418175,0.0072,0.25241578,0.004,0.0056,0.38,0.0408,0.0064,0.008799999999999999,0.2696735,0.022353785,0.24762757
-0.06743968,0.003861677,0.0064,0.0048,0.0048,0.3896,0.0408,0.0048,0.0072,0.2641189,0.02046426,0.24448104,0.057401672,0.0034672432,-0.0016,0.0016,0.004,0.14,0.02,0.0024,0.0048,0.076704785,0.0,0.08354604,0.00396889,0.0064,0.23296326,0.0048,0.0064,0.3896,0.0552,0.008799999999999999,0.0096,0.27469236,0.023209848,0.25247973
-0.06733139,0.0039752796,0.004,0.004,0.0056,0.3968,0.0248,0.0048,0.0064,0.2682133,0.014994666,0.25390095,0.057354826,0.0030502733,-0.0032,0.0024,0.004,0.2576,0.0192,0.0024,0.0056,0.007828921,0.0,0.01838068,0.004064545,0.004,0.20996542,0.004,0.0064,0.3968,0.0256,0.0064,0.008,0.26395458,0.016055726,0.24853066
-0.06699633,0.00375117,0.0064,0.0048,0.004,0.3496,0.024,0.0056,0.0064,0.17790666,0.022021055,0.15604982,0.057185538,0.0031036083,-0.0032,0.0008,0.0056,0.3712,0.020800000000000003,0.0008,0.0064,0.05988752,0.0,0.07171477,0.0038577404,0.0064,0.23559824,0.0056,0.0048,0.3496,0.056,0.0096,0.008799999999999999,0.18697119,0.024149887,0.16293032
-0.06701563,0.004103318,0.0064,0.004,0.0064,0.09680000000000001,0.0408,0.0056,0.008,0.2816981,0.019623678,0.26250404,0.057107154,0.0029500835,-0.0016,0.0016,0.0056,0.3976,0.0192,0.0016,0.0064,0.0045769364,0.0,0.010142699,0.004246866,0.0064,0.26074144,0.0048,0.0072,0.033600000000000005,0.041600000000000005,0.008799999999999999,0.012,0.2733564,0.022384135,0.25140333
-0.06692333,0.004121963,0.0048,0.0032,0.0064,0.2576,0.0408,0.004,0.0072,0.21846236,0.015412103,0.20281863,0.0570668,0.003106393,-0.0016,0.0024,0.0032,0.39840000000000003,0.0192,0.0024,0.0048,0.029512279,0.0,0.035541855,0.0041592144,0.0048,0.13393937,0.0032,0.0064,0.0112,0.0408,0.0056,0.0072,0.22044675,0.016508788,0.20368887
-0.06693642,0.004467899,0.008,0.004,0.004,0.041600000000000005,0.0392,0.0056,0.0056,0.25757012,0.024819199,0.23293956,0.057080016,0.0030931756,0.0,0.0024,0.004,0.384,0.0192,0.0024,0.0048,0.08001167,0.0,0.08001167,0.0045344643,0.008,0.17155682,0.0048,0.0048,0.041600000000000005,0.04,0.0064,0.0056,0.26744837,0.027458977,0.2401903
-0.06702562,0.0036695078,0.0016,0.004,0.0056,0.1872,0.04,0.0048,0.0064,0.16181643,0.007006172,0.15504858,0.057011608,0.0029296763,-0.0064,0.0016,0.004,0.35359999999999997,0.0192,0.0016,0.0048,0.014433794,0.0,0.029855594,0.003764986,0.0024,0.22568752,0.0056,0.0056,0.012,0.0392,0.008799999999999999,0.0072,0.1609428,0.010788922,0.15017262
-0.06697481,0.0036187023,0.0032,0.0032,0.0064,0.2704,0.041600000000000005,0.004,0.0096,0.2909161,0.010369714,0.28037596,0.057099037,0.002726294,-0.0024,0.0024,0.004,0.3344,0.0192,0.0032,0.004,0.019941598,0.0,0.027594522,0.003783054,0.0056,0.29584607,0.008,0.0056,0.3608,0.04,0.010400000000000001,0.0072,0.2840914,0.022274755,0.26176342
-0.06691845,0.0037842356,0.0072,0.004,0.0056,0.38720000000000004,0.0576,0.0048,0.008,0.2825926,0.019301973,0.26461896,0.057038043,0.0025553815,-0.0008,0.0008,0.0056,0.3912,0.020800000000000003,0.0016,0.0064,0.07055862,0.0,0.07299364,0.003897323,0.0072,0.24148753,0.0048,0.0064,0.38720000000000004,0.0576,0.008,0.008799999999999999,0.2912666,0.022578113,0.26996005
-0.06685498,0.0038317218,0.0056,0.004,0.0056,0.0856,0.0584,0.0056,0.0072,0.25796005,0.018722802,0.23898786,0.057061233,0.0027640983,-0.0024,0.0016,0.004,0.39359999999999995,0.02,0.0024,0.0048,-0.0049261004,0.0,0.0029587299,0.0038910585,0.0056,0.17486233,0.0056,0.0064,0.0856,0.0584,0.008,0.0072,0.25316927,0.019806333,0.23319536
-0.066820584,0.003908269,0.008,0.0024,0.0064,0.010400000000000001,0.056799999999999996,0.0056,0.0072,0.28263947,0.019333862,0.2630016,0.05695688,0.002520591,0.0016,0.0024,0.0032,0.4016,0.0184,0.0032,0.004,0.07600284,0.0045773685,0.07148066,0.0039466936,0.008,0.13965446,0.004,0.0064,0.010400000000000001,0.056799999999999996,0.0064,0.0072,0.29046738,0.02136305,0.2686803
-0.066837005,0.003369946,0.0064,0.0032,0.008,0.008799999999999999,0.0608,0.0048,0.0096,0.21263191,0.015309997,0.19632247,0.056996766,0.0024807043,0.0008,0.0024,0.0032,0.4008,0.017599999999999998,0.0032,0.0048,-0.01049678,0.0020168908,-0.012467988,0.0034274952,0.008,0.18350846,0.0056,0.0064,0.408,0.0592,0.0096,0.008799999999999999,0.20714626,0.024002612,0.18134747
-0.06693109,0.0033530854,0.0056,0.004,0.008,0.0192,0.0576,0.0056,0.008799999999999999,0.22994192,0.015039515,0.21529675,0.056940645,0.002304919,-0.0008,0.0016,0.004,0.3976,0.0192,0.0032,0.0056,0.048407614,0.0,0.050842635,0.0033831024,0.0056,0.13330947,0.0048,0.008,0.1896,0.0576,0.0072,0.0096,0.23433584,0.016218338,0.21852598
-0.066880725,0.0033027194,0.0056,0.0032,0.008,0.33280000000000004,0.0712,0.004,0.008799999999999999,0.26861328,0.013577469,0.2545228,0.05697473,0.0021548793,0.0008,0.004,0.0032,0.39840000000000003,0.0184,0.004,0.004,0.033396512,0.0019229725,0.031425305,0.0033655893,0.0056,0.19359085,0.004,0.008799999999999999,0.33280000000000004,0.0712,0.0072,0.010400000000000001,0.27002046,0.015378099,0.25420785
-0.06702273,0.0034447275,0.0072,0.0048,0.0056,0.14,0.056,0.0064,0.008,0.25407156,0.020351496,0.23310229,0.057077,0.0021685623,0.0,0.0024,0.004,0.36160000000000003,0.0072,0.0032,0.0048,0.017105676,0.0,0.017105676,0.0034503762,0.0072,0.057229258,0.0056,0.0056,0.14,0.056,0.0072,0.008,0.25463402,0.020956988,0.23303586
-0.067051806,0.0032519028,0.0048,0.0056,0.0064,0.32,0.0824,0.0072,0.0072,0.2564616,0.015295375,0.2411507,0.05717997,0.0019496419,-0.0024,0.0024,0.004,0.2912,0.008,0.0024,0.0056,0.021627337,0.0,0.02684524,0.003268232,0.0048,0.10000483,0.0056,0.0064,0.3056,0.0784,0.0072,0.008799999999999999,0.25733948,0.0156691,0.24166518
-0.06725528,0.0030115843,0.0072,0.0032,0.008799999999999999,0.4016,0.0856,0.0064,0.008799999999999999,0.18872248,0.013679493,0.17352255,0.057309143,0.002284281,0.0024,0.0016,0.0032,0.3896,0.0056,0.004,0.004,-0.04649824,0.0037221014,-0.05102042,0.0030278137,0.0072,0.103584304,0.004,0.008799999999999999,0.392,0.0856,0.0064,0.008799999999999999,0.18290302,0.014856672,0.16639379
-0.06743524,0.0028586984,0.044,0.0056,0.0072,0.40480000000000005,0.0408,0.008,0.008,0.16592628,0.021760445,0.1400753,0.057383582,0.0023257956,0.0376,0.0032,0.0024,0.4296,0.0072,0.0032,0.0024,0.032528147,0.00785318,0.021744482,0.0028806056,0.044,0.12340796,0.0064,0.008,0.40480000000000005,0.0408,0.008,0.008799999999999999,0.16866845,0.023681583,0.14037347
-0.06777342,0.0027530827,0.0048,0.004,0.008,0.3968,0.072,0.0056,0.010400000000000001,0.24037716,0.011525806,0.2282838,0.057419762,0.0015938953,0.0,0.0032,0.0024,0.39359999999999995,0.0056,0.004,0.0048,0.045279816,0.0,0.045279816,0.0027605165,0.0048,0.0734053,0.0048,0.008,0.3728,0.072,0.0064,0.010400000000000001,0.24305063,0.011958029,0.23053059
-0.06790433,0.0026621,0.0096,0.0072,0.0056,0.37679999999999997,0.0784,0.0096,0.0064,0.22395048,0.023402143,0.19931993,0.0575218,0.001839716,0.0016,0.0032,0.0024,0.39359999999999995,0.0056,0.0032,0.0048,0.02858197,0.0029837117,0.025567181,0.0026724888,0.0056,0.30249244,0.0056,0.010400000000000001,0.38480000000000003,0.0824,0.0064,0.0288,0.22229701,0.0127881095,0.20937072
-0.06787971,0.0027484223,0.008799999999999999,0.0072,0.0064,0.3888,0.0872,0.0072,0.0072,0.25652194,0.020025395,0.23621833,0.05762175,0.0016238131,-0.0008,0.0008,0.0064,0.38480000000000003,0.008799999999999999,0.0008,0.0064,0.00788714,0.0,0.009510487,0.0027508475,0.008799999999999999,-0.041994937,0.0072,0.0064,0.3888,0.053599999999999995,0.0072,0.0072,0.25596464,0.019593742,0.2360976
-0.06783998,0.0027086958,0.0056,0.0056,0.008,0.3912,0.07440000000000001,0.0064,0.008799999999999999,0.22849861,0.013857238,0.21585049,0.057549402,0.0014642552,-0.0024,0.0,0.0064,0.3896,0.008,0.0016,0.0072,0.001965955,0.0,0.0054445565,0.0027096742,0.0056,0.026875293,0.0056,0.008,0.3912,0.07440000000000001,0.0064,0.008799999999999999,0.22846891,0.014021725,0.21565711
-0.067693755,0.0025624707,0.008,0.0072,0.0048,0.3272,0.0816,0.0096,0.008799999999999999,0.21679983,0.01974444,0.1968291,0.057532005,0.0012497455,-0.0016,0.0032,0.0056,0.3976,0.008,0.004,0.0056,-0.0020293146,0.0,0.0001737997,0.0025996468,0.008,0.16931993,0.0096,0.0048,0.3272,0.0816,0.0096,0.008799999999999999,0.21335754,0.020571543,0.19257818
-0.067541525,0.0025211908,0.0064,0.0064,0.0072,0.40559999999999996,0.0944,0.0064,0.0096,0.24840882,0.015065886,0.2346512,0.057382196,0.0013995543,0.0,0.0032,0.004,0.38799999999999996,0.0064,0.004,0.004,0.01930242,0.0,0.01930242,0.002546197,0.0072,0.14026557,0.0072,0.0064,0.4064,0.0936,0.0096,0.008799999999999999,0.24866778,0.018332377,0.23173314
-0.06732495,0.0025265105,0.0096,0.0064,0.0064,0.37679999999999997,0.07600000000000001,0.008799999999999999,0.0272,0.19226618,0.019334253,0.17207357,0.0571591,0.0012747906,0.0008,0.0024,0.0064,0.39280000000000004,0.010400000000000001,0.0024,0.0064,0.05038061,0.0011588372,0.04933703,0.002537068,0.0096,0.091259435,0.0064,0.0064,0.37679999999999997,0.07600000000000001,0.008799999999999999,0.0272,0.19605745,0.020235782,0.17496611
-0.067022294,0.0023348033,0.0096,0.004,0.0112,0.4088,0.0872,0.0056,0.031200000000000002,0.25174695,0.013816237,0.23876597,0.05710205,0.0016796999,0.004,0.0024,0.004,0.38239999999999996,0.0072,0.0032,0.004,0.044814885,0.0048039444,0.040640563,0.0024199078,0.0096,0.26599485,0.0056,0.012,0.4088,0.0872,0.0064,0.028,0.25467384,0.016403755,0.23913181
-0.06682147,0.0026887245,0.008,0.004,0.010400000000000001,0.39359999999999995,0.092,0.0048,0.0248,0.24025592,0.014017209,0.2264983,0.056963373,0.0015864708,0.0016,0.0024,0.004,0.392,0.024,0.0024,0.004,0.031592958,0.0023612678,0.02927389,0.0027066492,0.008,0.11515043,0.004,0.010400000000000001,0.39359999999999995,0.092,0.0048,0.0248,0.24229474,0.015081043,0.22742921
-0.06648042,0.0026805177,0.0064,0.0064,0.0096,0.3064,0.07759999999999999,0.0064,0.0232,0.23876466,0.015452929,0.22511801,0.056846023,0.0015878677,-0.0016,0.0024,0.0056,0.396,0.0072,0.056799999999999996,0.0072,-0.004693523,0.0,-0.0021425486,0.0026877052,0.0064,0.073148794,0.0064,0.0096,0.3064,0.07759999999999999,0.0072,0.0232,0.23778315,0.015916266,0.22367302
-0.06639211,0.002592206,0.008,0.0048,0.0096,0.396,0.0576,0.0064,0.0288,0.20603901,0.013495836,0.19217046,0.056616668,0.0014693625,0.0008,0.0024,0.0056,0.3992,0.0272,0.0048,0.0056,0.01588714,0.0008895956,0.015307372,0.0025994459,0.008,0.07465263,0.0048,0.0096,0.396,0.0576,0.0064,0.0288,0.20665008,0.01420822,0.19208504
-0.06625364,0.002453737,0.008,0.0048,0.008,0.39359999999999995,0.0856,0.0064,0.0096,0.17995936,0.015106756,0.1640937,0.056594405,0.0013756715,-0.0008,0.0,0.0056,0.396,0.010400000000000001,0.0008,0.008,-0.008811824,0.0,-0.00765229,0.0024943072,0.008,0.18060705,0.0048,0.008,0.39359999999999995,0.0856,0.0072,0.010400000000000001,0.17544943,0.016478155,0.15809228
-0.06634239,0.0023205914,0.008799999999999999,0.0064,0.0064,0.40480000000000005,0.0872,0.0072,0.0072,0.23231764,0.018203907,0.21567537,0.056574695,0.001395382,0.0008,0.0032,0.0056,0.4008,0.0072,0.004,0.0064,0.052583538,0.0010475218,0.05130805,0.0023996236,0.0048,0.50620013,0.004,0.0112,0.3888,0.09040000000000001,0.0056,0.031200000000000002,0.22867894,0.010281465,0.21939656
-0.066394545,0.0028165393,0.044,0.0064,0.0056,0.38,0.0664,0.0072,0.0072,0.18478677,0.018554002,0.16659118,0.056640092,0.0014459379,0.035199999999999995,0.0016,0.0064,0.43360000000000004,0.0072,0.0024,0.0064,0.022088094,0.0049488544,0.015362797,0.0028451337,0.044,0.1418952,0.0072,0.0056,0.38,0.0664,0.0072,0.0072,0.18605329,0.020382026,0.16567928
-0.06630689,0.0027288832,0.0432,0.0056,0.010400000000000001,0.43360000000000004,0.0608,0.008,0.024,0.20924239,0.01721716,0.19404241,0.056665137,0.0015368462,0.036,0.0016,0.0048,0.4344,0.0224,0.0032,0.0064,0.032756813,0.005035855,0.027422957,0.0027731056,0.0432,0.17882642,0.0056,0.010400000000000001,0.43360000000000004,0.0608,0.008,0.024,0.21173224,0.019576767,0.19415526
-0.06646334,0.002552487,0.008799999999999999,0.004,0.008,0.3696,0.092,0.0072,0.0256,0.24825315,0.015096366,0.23294227,0.05673935,0.0014626347,0.0016,0.0024,0.0048,0.396,0.008799999999999999,0.0024,0.0056,-0.0036542267,0.0019976422,-0.005625434,0.0025866574,0.008799999999999999,0.16272324,0.0064,0.008,0.3696,0.092,0.0072,0.0256,0.24438164,0.016639335,0.22752601
-0.0664063,0.0022735558,0.012,0.008,0.0072,0.41119999999999995,0.108,0.010400000000000001,0.0224,0.17551808,0.023119416,0.15210794,0.05673262,0.0013534091,0.004,0.004,0.0032,0.3968,0.02,0.28719999999999996,0.0048,0.041280933,0.0054915585,0.035947077,0.0023372064,0.0128,0.23391493,0.010400000000000001,0.0064,0.3976,0.10719999999999999,0.0112,0.0232,0.1803065,0.027597437,0.15225728
-0.0665177,0.0026068501,0.008799999999999999,0.0072,0.0064,0.38239999999999996,0.068,0.008,0.0232,0.20370999,0.01891191,0.18462685,0.056775294,0.0014266893,0.0008,0.0024,0.0056,0.4008,0.008,0.0032,0.0056,0.030842185,0.0011947826,0.029682651,0.0026112315,0.008799999999999999,0.057936918,0.0072,0.0064,0.38239999999999996,0.068,0.008799999999999999,0.0232,0.20515408,0.01942634,0.1855524
-0.066644624,0.0024009272,0.0072,0.0072,0.008,0.3952,0.0728,0.0072,0.0216,0.14578946,0.016060922,0.12959099,0.05677344,0.0014285445,-0.0008,0.0016,0.004,0.38239999999999996,0.020800000000000003,0.0024,0.0072,0.02121798,0.0,0.022377513,0.0024315938,0.0072,0.15898651,0.0072,0.008799999999999999,0.3888,0.0728,0.008,0.024,0.14730997,0.017159542,0.12997572
-0.06666881,0.0024251118,0.0072,0.0056,0.0056,0.3712,0.064,0.0056,0.0256,0.26855123,0.014281515,0.2545717,0.05678851,0.0016453788,0.0016,0.004,0.0048,0.376,0.017599999999999998,0.004,0.0048,0.040178128,0.0024790838,0.038090967,0.0024531588,0.0072,0.151359,0.0056,0.008,0.3712,0.064,0.0056,0.0256,0.271539,0.015651725,0.25632063
-0.066769995,0.002748195,0.008799999999999999,0.004,0.008799999999999999,0.3544,0.0936,0.0056,0.010400000000000001,0.26799804,0.014475472,0.25379664,0.05687455,0.0015593395,0.0016,0.0024,0.0064,0.39359999999999995,0.0112,0.0024,0.0064,0.044176154,0.0021910518,0.042204946,0.0027771243,0.008799999999999999,0.14446586,0.0048,0.008799999999999999,0.3368,0.064,0.0064,0.0248,0.2715661,0.016209796,0.25577652
-0.06678131,0.002648566,0.0464,0.0072,0.0048,0.432,0.072,0.008,0.0064,0.20048687,0.023030374,0.1745249,0.057062164,0.0016036332,0.0376,0.0016,0.0056,0.436,0.0248,0.0032,0.0056,0.051074766,0.0026679859,0.048987605,0.0027071314,0.0464,0.2083854,0.0072,0.0048,0.432,0.072,0.008799999999999999,0.0064,0.20671596,0.02524617,0.17891678
-0.066975914,0.002621267,0.008799999999999999,0.0064,0.0064,0.4064,0.0808,0.008,0.0072,0.2398157,0.020512823,0.22062162,0.057062395,0.0017193556,0.0,0.0024,0.0048,0.39999999999999997,0.0232,0.0024,0.0056,0.05298917,0.0,0.05298917,0.002641698,0.008799999999999999,0.12445138,0.008,0.0064,0.4064,0.0808,0.008799999999999999,0.0072,0.2445385,0.021679914,0.22426945
-0.0672535,0.003120754,0.0064,0.0056,0.0072,0.39999999999999997,0.056799999999999996,0.0064,0.008,0.18194771,0.015535396,0.16586019,0.057250235,0.0016474687,-0.0008,0.0016,0.0056,0.3912,0.024,0.0024,0.0064,0.0061492175,0.0,0.007772565,0.0031428451,0.0064,0.11863627,0.0056,0.0072,0.3704,0.056799999999999996,0.0072,0.008,0.1813966,0.016601853,0.16415957
-0.06756328,0.00287579,0.0056,0.0056,0.0048,0.38,0.0856,0.0096,0.0064,0.24586928,0.017245874,0.22822846,0.057393555,0.0019679628,-0.0032,0.0024,0.0048,0.3968,0.020800000000000003,0.0024,0.0048,0.041281864,0.0,0.0476593,0.0029124375,0.0056,0.15880527,0.008799999999999999,0.0056,0.38,0.0736,0.0096,0.008,0.24930373,0.017850429,0.23109645
-0.06774635,0.0032807551,0.008,0.0064,0.0048,0.3816,0.056799999999999996,0.0096,0.0056,0.16293943,0.025263064,0.13664466,0.057615723,0.002325561,-0.0016,0.0016,0.0048,0.3232,0.0072,0.0024,0.0048,0.00927601,0.0,0.013566285,0.0033327248,0.008,0.17683025,0.0096,0.0048,0.3816,0.056799999999999996,0.010400000000000001,0.0056,0.16203034,0.026491933,0.13453421
-0.068019055,0.0036644116,0.0016,0.0032,0.0064,0.3664,0.041600000000000005,0.0048,0.008,0.22756042,0.0067740753,0.22112542,0.057877775,0.00299114,-0.0056,0.0016,0.004,0.19119999999999998,0.0192,0.0024,0.0072,0.0048733205,0.0,0.020758945,0.003836419,0.0008,0.30058464,0.004,0.008799999999999999,0.36160000000000003,0.0424,0.008,0.0112,0.2188003,0.0033065514,0.21570167
-0.06823784,0.0038831942,0.0048,0.0032,0.0064,0.2944,0.044,0.0048,0.0072,0.22444893,0.01508899,0.20947088,0.05797819,0.003006678,-0.0024,0.0016,0.004,0.3656,0.02,0.0016,0.0048,0.014208108,0.0,0.02336844,0.0039436026,0.0048,0.1752558,0.004,0.0072,0.19999999999999998,0.044,0.0056,0.008799999999999999,0.22348815,0.016325256,0.2071019
-0.06844531,0.0039797164,0.0048,0.0032,0.0056,0.0824,0.0424,0.0048,0.008799999999999999,0.2610005,0.016111907,0.24502394,0.058081854,0.0031349212,-0.0016,0.0024,0.004,0.3944,0.02,0.0024,0.0048,-0.04974184,0.0,-0.043596305,0.0041803923,0.0072,0.311105,0.008,0.0056,0.3856,0.04,0.0112,0.0072,0.23324491,0.030089702,0.20318507
-0.06850368,0.003927134,0.0056,0.0032,0.0064,0.1712,0.0248,0.004,0.0072,0.2752685,0.01717174,0.25707293,0.058105506,0.0034591295,-0.0016,0.0016,0.0048,0.15839999999999999,0.0216,0.0024,0.017599999999999998,0.002324529,0.0,0.008586027,0.0042863204,0.0048,0.4727537,0.0072,0.008799999999999999,0.1704,0.044,0.008,0.0112,0.24613488,0.018173262,0.22665463
-0.068468384,0.004002791,0.0032,0.0024,0.0072,0.3728,0.041600000000000005,0.0032,0.008799999999999999,0.29006535,0.010574691,0.27974716,0.058078606,0.0031381696,-0.0032,0.0016,0.0048,0.3816,0.02,0.0016,0.0056,0.011251837,0.0,0.022731237,0.004138471,0.0032,0.25677198,0.0032,0.008799999999999999,0.13440000000000002,0.0432,0.008,0.010400000000000001,0.28341305,0.011884599,0.27166626
-0.068372756,0.0041290596,0.0408,0.004,0.0056,0.4016,0.0232,0.0056,0.0064,0.26638967,0.027517095,0.2348803,0.05790236,0.00308251,0.032,0.0016,0.0056,0.4272,0.02,0.0016,0.0064,0.09090941,0.00665115,0.087082945,0.0042759934,0.0408,0.26291093,0.0048,0.0056,0.012,0.028,0.010400000000000001,0.008,0.28086254,0.034008503,0.24392664
-0.06811669,0.0038729906,0.0048,0.004,0.0056,0.392,0.0552,0.0048,0.0064,0.24353418,0.015360605,0.22855611,0.057808205,0.0030607097,-0.0016,0.0032,0.0032,0.3944,0.0192,0.0032,0.0032,0.03513436,0.0,0.041627757,0.004092208,0.0048,0.32880005,0.0048,0.0064,0.392,0.0424,0.008,0.008799999999999999,0.2418333,0.017622087,0.22454993
-0.06784286,0.0041539073,0.0056,0.0032,0.0056,0.228,0.0256,0.0048,0.0072,0.25240648,0.017316826,0.23587516,0.057652596,0.0033322722,-0.0008,0.0032,0.0032,0.29760000000000003,0.0184,0.0032,0.0072,0.02498801,0.0,0.028698526,0.0044086864,0.0056,0.34163034,0.0048,0.0072,0.228,0.0272,0.008,0.008,0.2461914,0.020673411,0.22614801
-0.06759434,0.004016336,0.0056,0.0032,0.0064,0.3072,0.056799999999999996,0.004,0.008,0.29678953,0.017019507,0.27903777,0.05753015,0.0029909033,-0.0016,0.0016,0.0048,0.24400000000000002,0.0184,0.0024,0.0072,-0.016523562,0.0,-0.010725886,0.0041437577,0.0056,0.24863328,0.0032,0.0072,0.3072,0.0432,0.0072,0.0096,0.28359705,0.01945105,0.26348072
-0.06736179,0.0038947314,0.008799999999999999,0.0048,0.0048,0.4024,0.0376,0.0056,0.008,0.19082505,0.02420267,0.16552882,0.057285953,0.0031191465,0.0,0.0008,0.0048,0.22719999999999999,0.02,0.0016,0.0072,0.057163164,0.0,0.057163164,0.0040603806,0.008799999999999999,0.28662506,0.0072,0.0056,0.012,0.0432,0.0096,0.008799999999999999,0.19920103,0.02917832,0.16923274
-0.06727103,0.004025873,0.0072,0.004,0.0056,0.268,0.0232,0.0048,0.0072,0.30471388,0.020367205,0.28518695,0.057153765,0.0029034745,-0.0008,0.0016,0.0048,0.392,0.020800000000000003,0.0016,0.0056,0.04440996,0.0,0.04719284,0.004160098,0.0072,0.25471506,0.0048,0.0064,0.268,0.056799999999999996,0.008799999999999999,0.008,0.3060723,0.023752488,0.2830266
-0.06710262,0.0039684065,0.0064,0.004,0.0064,0.0112,0.04,0.0048,0.0064,0.22145551,0.01810059,0.20314902,0.057074685,0.0028665997,-0.0008,0.0024,0.0032,0.3184,0.02,0.0032,0.0056,0.059542194,0.0,0.06244103,0.0040952493,0.0064,0.24953745,0.0048,0.0064,0.0112,0.04,0.008799999999999999,0.008799999999999999,0.22930063,0.021027055,0.2080676
-0.06707688,0.0040536113,0.0064,0.0032,0.0056,0.2888,0.0408,0.0048,0.0072,0.29246053,0.018005602,0.27493066,0.056960125,0.002749253,-0.0016,0.0016,0.0048,0.3912,0.0192,0.0016,0.0064,0.08180297,0.0,0.08713683,0.0041276044,0.0064,0.18963258,0.004,0.0056,0.2888,0.0408,0.0056,0.008,0.30263743,0.020080097,0.2831487
-0.067008756,0.003874544,0.0056,0.0048,0.0056,0.256,0.0392,0.0056,0.0072,0.29728886,0.01913352,0.27831668,0.05706402,0.0028772652,-0.0024,0.0008,0.0048,0.372,0.02,0.0016,0.0048,-0.017917424,0.0,-0.010032594,0.0039790743,0.0056,0.22972077,0.0056,0.0056,0.25279999999999997,0.0392,0.0064,0.008,0.28539917,0.020814374,0.2646811
-0.06693331,0.00391005,0.0072,0.0048,0.0048,0.232,0.04,0.0056,0.0064,0.25024712,0.022209466,0.2281684,0.057054512,0.0028867722,-0.0008,0.0016,0.0048,0.396,0.0192,0.0024,0.0048,0.010431632,0.0,0.013678327,0.0039693676,0.0072,0.17309655,0.0048,0.0056,0.232,0.04,0.008799999999999999,0.0064,0.24830414,0.024215456,0.22423872
-0.0669606,0.0037154444,0.0064,0.0048,0.0056,0.012,0.04,0.0056,0.008,0.2382069,0.02029292,0.21812525,0.057098806,0.002726525,-0.0016,0.0016,0.004,0.30400000000000005,0.0192,0.0016,0.0064,0.02614393,0.0,0.03159374,0.00381623,0.008,0.2303381,0.0072,0.0064,0.0136,0.0384,0.010400000000000001,0.0072,0.2378845,0.030013211,0.20843074
-0.06697681,0.0039535463,0.0056,0.0032,0.0048,0.010400000000000001,0.0392,0.0056,0.008,0.23361064,0.018133242,0.21619172,0.057006735,0.002934549,-0.0016,0.0024,0.0032,0.3712,0.02,0.0024,0.0056,0.0430196,0.0,0.04846941,0.0040011676,0.0056,0.1544386,0.0048,0.0056,0.010400000000000001,0.0392,0.0064,0.008,0.23744771,0.019418474,0.21870218
-0.066941746,0.003696587,0.0064,0.004,0.0056,0.2488,0.0264,0.0048,0.0064,0.18645431,0.017146453,0.16936827,0.056936707,0.0028886236,-0.0016,0.0016,0.0048,0.38480000000000003,0.02,0.0016,0.0056,0.08127442,0.0,0.0875359,0.003808728,0.0064,0.24326426,0.004,0.0064,0.2488,0.0408,0.008799999999999999,0.008,0.20054126,0.019833874,0.18069044
-0.06697348,0.0037283152,0.0064,0.004,0.0056,0.3448,0.0392,0.0072,0.0072,0.22545351,0.019397382,0.20703606,0.05695595,0.0026374757,-0.0008,0.0024,0.0032,0.39280000000000004,0.0192,0.0032,0.0048,0.01014594,0.0,0.012812868,0.003768711,0.0064,0.14654599,0.0048,0.0056,0.3448,0.04,0.0072,0.0072,0.2245185,0.020763578,0.2045545
-0.06692555,0.0039022863,0.0072,0.0056,0.0032,0.29279999999999995,0.0376,0.0056,0.0064,0.2221253,0.024802357,0.19860421,0.056928817,0.0028965138,-0.0024,0.0016,0.004,0.38480000000000003,0.02,0.0016,0.0056,0.039769776,0.0,0.04777056,0.0039853347,0.0072,0.2045053,0.0056,0.004,0.29279999999999995,0.0376,0.0096,0.0064,0.22557311,0.0264477,0.20021091
-0.06686341,0.0036182515,0.0072,0.0032,0.0064,0.116,0.0408,0.004,0.008,0.2656086,0.01680956,0.24852252,0.056894492,0.003046792,0.0,0.0016,0.004,0.39359999999999995,0.020800000000000003,0.0024,0.0048,0.03038083,0.0,0.03038083,0.0036907084,0.0072,0.19847797,0.0064,0.008,0.40559999999999996,0.0408,0.0072,0.008799999999999999,0.26638454,0.019668631,0.24636444
-0.06686009,0.0037258752,0.0032,0.0032,0.0072,0.010400000000000001,0.0432,0.0048,0.008799999999999999,0.14562486,0.010465566,0.1351957,0.05692186,0.0025556125,-0.004,0.0016,0.0056,0.35919999999999996,0.02,0.0016,0.0056,-0.047888935,0.0,-0.036641456,0.0038142507,0.0032,0.21568464,0.0032,0.0072,0.010400000000000001,0.0432,0.0064,0.0096,0.13200173,0.01131895,0.12064788
-0.06693597,0.0035798624,0.0048,0.004,0.0056,0.2536,0.0432,0.0064,0.008,0.12986445,0.014156576,0.11533021,0.05698123,0.0023802891,-0.0016,0.0024,0.004,0.3952,0.008,0.0032,0.0056,-0.011133984,0.0,-0.006147988,0.0036367956,0.0048,0.17717639,0.0048,0.0072,0.2536,0.0432,0.008,0.008,0.1258691,0.01538941,0.11021353
-0.06716075,0.0034717955,0.008799999999999999,0.0064,0.0048,0.38,0.0392,0.008799999999999999,0.0056,0.28890282,0.027094886,0.26338464,0.057003956,0.0021256544,-0.0008,0.0016,0.0048,0.3992,0.0192,0.0024,0.0056,0.018548667,0.0,0.020867735,0.0034932268,0.008799999999999999,0.11082751,0.0072,0.0048,0.38,0.0392,0.010400000000000001,0.0056,0.28918183,0.028129697,0.26273015
-0.067263044,0.0034631416,0.0056,0.004,0.0056,0.328,0.0576,0.0064,0.0072,0.16813782,0.016697496,0.15127364,0.05721105,0.002266422,-0.0016,0.0024,0.0048,0.3952,0.0072,0.0024,0.0048,0.028230943,0.0,0.03228931,0.0034677777,0.0056,0.051716372,0.0048,0.0056,0.328,0.0576,0.0064,0.008799999999999999,0.16937236,0.017081697,0.1521172
-0.06747363,0.0031189844,0.008,0.0064,0.0064,0.3296,0.07039999999999999,0.008,0.008799999999999999,0.23498824,0.022646792,0.21202192,0.057312854,0.0021646172,-0.0016,0.0008,0.0056,0.39359999999999995,0.010400000000000001,0.0016,0.0072,0.015536971,0.0,0.019479387,0.0031656022,0.008,0.17182909,0.008,0.0064,0.4032,0.07039999999999999,0.008799999999999999,0.010400000000000001,0.23418431,0.024150787,0.20965287
-0.06758813,0.003233485,0.008,0.0064,0.0056,0.368,0.056799999999999996,0.008,0.010400000000000001,0.26028663,0.020796191,0.2383188,0.05737709,0.0018684752,-0.0008,0.0024,0.0048,0.3808,0.02,0.0024,0.0064,0.031832166,0.0,0.033803374,0.003242763,0.008,0.075664446,0.0064,0.0056,0.368,0.056799999999999996,0.008,0.010400000000000001,0.26194817,0.021561844,0.23923683
-0.067754336,0.0027340017,0.0064,0.0064,0.008,0.3832,0.0712,0.0072,0.0256,0.24470685,0.016435511,0.2296179,0.057494204,0.0017513596,-0.0008,0.0032,0.004,0.3976,0.020800000000000003,0.0032,0.0056,0.045105383,0.0,0.04707659,0.0028241312,0.008,0.25331894,0.008799999999999999,0.0064,0.396,0.0696,0.010400000000000001,0.024,0.24820152,0.023588566,0.22537324
-0.06794694,0.0027047098,0.041600000000000005,0.0048,0.0096,0.4416,0.0976,0.0072,0.0264,0.22872834,0.019045308,0.20587295,0.057505336,0.0017402284,0.0368,0.004,0.0032,0.432,0.0184,0.0048,0.004,0.030959517,0.0079275,0.0235385,0.0027663442,0.041600000000000005,0.21148704,0.0064,0.0096,0.4416,0.0976,0.008,0.0264,0.23013106,0.021624949,0.20483972
-0.068022154,0.002668973,0.008799999999999999,0.0072,0.008,0.3944,0.0552,0.0096,0.024,0.19792825,0.020593766,0.1782904,0.05750325,0.0015104078,0.0016,0.0024,0.0032,0.38799999999999996,0.020800000000000003,0.0048,0.0048,0.050496414,0.0026729554,0.04794544,0.002691938,0.008799999999999999,0.13071442,0.0072,0.008,0.3944,0.0552,0.0096,0.024,0.20282157,0.021737289,0.1820968
-0.067856185,0.002503004,0.0064,0.0048,0.0112,0.4016,0.1144,0.0064,0.0376,0.26661766,0.011702899,0.2546352,0.057599254,0.0015303567,0.0024,0.0032,0.0032,0.4008,0.008799999999999999,0.2376,0.004,0.038791306,0.0038953498,0.034732938,0.0026384932,0.008,0.32185903,0.008,0.008799999999999999,0.4032,0.1016,0.008799999999999999,0.035199999999999995,0.26519746,0.018967934,0.24600337
-0.067658916,0.0025276318,0.008799999999999999,0.0072,0.0072,0.39999999999999997,0.11359999999999999,0.008,0.024,0.24081878,0.019149978,0.22051519,0.057431825,0.0015818328,0.0016,0.0032,0.0048,0.3992,0.0064,0.0032,0.0056,0.06324842,0.002699852,0.060117677,0.0025626663,0.0096,0.16554396,0.008799999999999999,0.0096,0.4008,0.1128,0.008799999999999999,0.0232,0.24794914,0.023248155,0.22371429
-0.06732495,0.0027484111,0.0072,0.0056,0.008,0.3968,0.09119999999999999,0.0064,0.008799999999999999,0.17995095,0.015416015,0.16441816,0.05741118,0.0014865249,0.0,0.0024,0.0064,0.39840000000000003,0.0096,0.0032,0.0072,0.0030179545,0.0,0.0030179545,0.002830051,0.008,0.24077882,0.0064,0.0072,0.3728,0.09040000000000001,0.008799999999999999,0.008,0.17547949,0.020079175,0.15485886
-0.06707599,0.0026103966,0.0064,0.0072,0.0064,0.38239999999999996,0.0896,0.0072,0.010400000000000001,0.24941368,0.016334292,0.23354805,0.05720919,0.0014566071,-0.0008,0.0032,0.0048,0.3808,0.020800000000000003,0.0032,0.0048,-0.012232207,0.0,-0.010840766,0.0026166725,0.0064,0.06927303,0.0072,0.0064,0.38239999999999996,0.0896,0.0072,0.0232,0.24796881,0.016772632,0.23160347
-0.066899136,0.002655439,0.008799999999999999,0.0048,0.0072,0.3776,0.0896,0.008,0.0256,0.21096668,0.018336881,0.19188353,0.056920234,0.0013977028,0.0,0.0016,0.0072,0.3992,0.0096,0.0024,0.008799999999999999,0.005972512,0.0,0.005972512,0.0026967255,0.008799999999999999,0.1752086,0.008,0.0072,0.3776,0.0896,0.008799999999999999,0.0256,0.2087779,0.020048954,0.18778378
-0.06663375,0.0025010072,0.0064,0.0056,0.008,0.40480000000000005,0.0864,0.0064,0.024,0.21985073,0.014904417,0.20442887,0.056846954,0.001470983,-0.0008,0.0032,0.0048,0.3992,0.0072,0.004,0.0064,0.008984357,0.0,0.010491751,0.0025593503,0.008,0.21393038,0.008,0.0064,0.3816,0.0848,0.0096,0.0224,0.21674642,0.020852376,0.19485722
-0.06648041,0.0029024072,0.0056,0.0032,0.008,0.3544,0.0752,0.0048,0.0296,0.22200215,0.0111081265,0.21090728,0.056736566,0.0016973242,-0.0008,0.0016,0.0064,0.3976,0.008799999999999999,0.0016,0.0064,0.040987715,0.0,0.04249511,0.0029518106,0.0056,0.18321326,0.0048,0.008799999999999999,0.3544,0.0752,0.0064,0.0296,0.22575411,0.012537599,0.21330279
-0.06633995,0.002872888,0.0072,0.0056,0.0072,0.3944,0.07759999999999999,0.0072,0.0232,0.25078696,0.015648745,0.23469944,0.056660734,0.0014252961,0.0,0.0024,0.0056,0.39999999999999997,0.0064,0.0024,0.0064,0.044638366,0.0,0.044638366,0.0029156748,0.0072,0.17152728,0.0056,0.0072,0.3728,0.064,0.0072,0.0232,0.2547259,0.016955495,0.23740989
-0.06626718,0.0028001182,0.0096,0.0072,0.0048,0.3968,0.0856,0.008,0.0072,0.21907128,0.023061335,0.19610496,0.05664589,0.0016720481,0.0008,0.0024,0.004,0.3968,0.0216,0.0032,0.0056,-0.0142618995,0.001324188,-0.01565334,0.0028466352,0.0096,0.18102928,0.0072,0.0048,0.3968,0.0856,0.0096,0.024,0.21292368,0.024793848,0.188245
-0.06627051,0.002692502,0.0096,0.0064,0.0064,0.3992,0.0936,0.0072,0.0064,0.24142973,0.021548025,0.22201374,0.056645423,0.0015565604,0.0,0.0016,0.0056,0.3776,0.010400000000000001,0.0016,0.0064,0.04139804,0.0,0.04139804,0.002707133,0.0096,0.10401433,0.0072,0.0064,0.3992,0.0936,0.008799999999999999,0.0064,0.24442312,0.022600418,0.22390816
-0.06640785,0.002607949,0.008,0.0048,0.008,0.2888,0.0816,0.0056,0.012,0.19320999,0.014429908,0.17934142,0.056613885,0.0013561919,0.0016,0.0024,0.004,0.39280000000000004,0.0224,0.136,0.0064,0.087314315,0.0023645237,0.084531434,0.0026429275,0.008,0.16287452,0.0056,0.008,0.3728,0.0816,0.0072,0.0256,0.20481136,0.015836392,0.18965977
-0.066493064,0.0024712645,0.008799999999999999,0.0056,0.008,0.3312,0.1008,0.008799999999999999,0.024,0.23448758,0.017309494,0.21795626,0.0566176,0.0013524778,0.0024,0.0032,0.0048,0.4024,0.0072,0.1512,0.0064,0.04324752,0.00359362,0.03942106,0.002490495,0.008799999999999999,0.12435073,0.0064,0.008,0.3312,0.1008,0.008799999999999999,0.024,0.23804095,0.018575238,0.22024226
-0.066504166,0.0024823658,0.0424,0.0056,0.008799999999999999,0.424,0.056799999999999996,0.0072,0.010400000000000001,0.21175128,0.01751037,0.19943601,0.056684386,0.001633551,0.036,0.0016,0.004,0.432,0.0064,0.0016,0.0048,0.069339715,0.007764224,0.06342609,0.002508057,0.0432,0.14325486,0.0064,0.008,0.4432,0.056,0.008,0.0096,0.21948156,0.022035196,0.2026042
-0.066513926,0.002492126,0.008799999999999999,0.0048,0.008,0.39999999999999997,0.0648,0.0056,0.0232,0.19843341,0.0136557855,0.1851196,0.056835357,0.0014825799,0.0016,0.0024,0.0048,0.3896,0.010400000000000001,0.0024,0.0072,-0.01292897,0.0018056259,-0.015016131,0.0025304966,0.008799999999999999,0.1743657,0.0056,0.008,0.39999999999999997,0.07919999999999999,0.0072,0.0232,0.19318156,0.015453197,0.17799765
-0.06658294,0.0024501942,0.0056,0.0056,0.008799999999999999,0.3968,0.0728,0.0072,0.012,0.18595779,0.011382032,0.17519575,0.05677344,0.0015444979,-0.0016,0.0008,0.0056,0.376,0.008,0.0008,0.008,-0.011944689,0.0,-0.009161808,0.0025266542,0.0056,0.24663825,0.0072,0.012,0.3968,0.0728,0.0072,0.0272,0.17741421,0.012771267,0.16533592
-0.06652702,0.0025052167,0.0064,0.0064,0.008799999999999999,0.36479999999999996,0.0752,0.0096,0.0248,0.17995895,0.014827158,0.16531375,0.05686458,0.0013374053,0.0008,0.004,0.0032,0.39999999999999997,0.0216,0.024,0.004,-0.0017986,0.0012214519,-0.003305994,0.002559786,0.0064,0.20685306,0.0064,0.008799999999999999,0.36479999999999996,0.0752,0.0096,0.0248,0.17575322,0.015994057,0.15991989
-0.06670099,0.0025682412,0.0096,0.0048,0.008,0.40559999999999996,0.0936,0.0056,0.0096,0.24575622,0.015507989,0.23066722,0.056847185,0.0018186122,0.0024,0.0008,0.0048,0.4016,0.008,0.39840000000000003,0.0056,0.035248972,0.0029048622,0.032350138,0.0026250423,0.0096,0.20840678,0.0056,0.008,0.40559999999999996,0.0936,0.008,0.0248,0.24773155,0.018008342,0.23013812
-0.066763125,0.002630379,0.041600000000000005,0.0056,0.0072,0.43360000000000004,0.07440000000000001,0.0072,0.0096,0.17575622,0.018286642,0.15245704,0.056982156,0.0015676878,0.035199999999999995,0.0032,0.0032,0.4304,0.0224,0.004,0.004,0.041392937,0.004971996,0.02504351,0.0026465592,0.041600000000000005,0.110633284,0.0064,0.008,0.43360000000000004,0.07440000000000001,0.008,0.024,0.1792518,0.019506767,0.153253
-0.066982575,0.0026279278,0.008,0.0064,0.0072,0.40559999999999996,0.072,0.0072,0.008,0.20853323,0.016959623,0.19166906,0.057055205,0.0018424988,0.0016,0.0032,0.0032,0.39280000000000004,0.0072,0.0032,0.004,0.03588692,0.0034530908,0.032640226,0.0026492071,0.008,0.12683223,0.0072,0.008,0.40559999999999996,0.0552,0.008,0.0096,0.21139762,0.018200647,0.19340755
-0.06712592,0.0029931664,0.0056,0.004,0.008,0.3952,0.056,0.0048,0.0096,0.1792382,0.013074838,0.16570249,0.05722519,0.002020374,-0.0008,0.0024,0.0032,0.3888,0.0072,0.0024,0.0048,0.0060322583,0.0,0.008119419,0.0030063346,0.0056,0.09363038,0.0048,0.008,0.3952,0.0592,0.0048,0.0096,0.17901711,0.01368936,0.16492274
-0.067393295,0.0031495988,0.008,0.0064,0.0056,0.3968,0.0896,0.0072,0.0064,0.23853165,0.022065375,0.21600911,0.057371758,0.002105713,0.0,0.0032,0.0048,0.39280000000000004,0.020800000000000003,0.0032,0.0056,0.053801626,0.0,0.053801626,0.0031708407,0.008,0.115815505,0.0072,0.0056,0.3968,0.0576,0.0096,0.0072,0.24315085,0.023265515,0.21935886
-0.067475624,0.0033428743,-0.0008,0.0056,0.0056,0.1512,0.0712,0.0064,0.0072,0.05253309,0.0,0.05619438,0.05765515,0.0022861362,-0.008,0.0032,0.0032,0.3904,0.0056,0.0032,0.004,0.006260477,0.0,0.017160095,0.0033705293,-0.0008,0.12818886,0.0064,0.0056,0.1512,0.07600000000000001,0.008,0.0072,0.05290238,0.0,0.056607753
-0.06793074,0.0039089434,0.0056,0.004,0.0056,0.3568,0.061599999999999995,0.0056,0.0064,0.20648427,0.01793199,0.18873249,0.057699207,0.002473984,-0.0024,0.0016,0.004,0.3704,0.02,0.0024,0.0056,-0.006606251,0.0,0.0006988123,0.003977386,0.0056,0.18578194,0.0056,0.0056,0.3424,0.061599999999999995,0.008799999999999999,0.0072,0.20171084,0.019151663,0.18252966
-0.068228304,0.0038736574,0.0072,0.004,0.0064,0.4016,0.056799999999999996,0.0056,0.0064,0.26178896,0.019441094,0.24204014,0.057875223,0.0025298763,-0.0016,0.0008,0.0056,0.39280000000000004,0.0216,0.0008,0.0064,0.017919142,0.0,0.023368955,0.003931963,0.0072,0.17242652,0.0048,0.0064,0.4016,0.045599999999999995,0.0064,0.0072,0.2609814,0.021726409,0.23903862
-0.06844554,0.0038690008,0.0072,0.0048,0.0048,0.33039999999999997,0.0384,0.0064,0.0064,0.26705852,0.023948044,0.24431407,0.057972863,0.0027800985,-0.0008,0.0024,0.0032,0.3968,0.02,0.0024,0.0048,0.097280346,0.0,0.10017919,0.004006543,0.0048,0.26278767,0.004,0.008,0.328,0.0424,0.0072,0.0112,0.2831611,0.014824908,0.26936448
-0.06858421,0.004007671,0.004,0.0032,0.0072,0.3,0.0432,0.004,0.008,0.3294478,0.013159543,0.3169106,0.058044747,0.002940122,-0.0032,0.0016,0.0056,0.3008,0.0192,0.0016,0.0056,0.05009719,0.0,0.06088087,0.004151907,0.0048,0.2643615,0.0056,0.0072,0.012,0.0264,0.0072,0.010400000000000001,0.33109266,0.018756388,0.3130613
-0.06842157,0.004177876,0.008,0.0048,0.0048,0.0112,0.0232,0.0048,0.0064,0.23132853,0.023139413,0.20658702,0.058078144,0.0030226782,0.0,0.0024,0.0048,0.39280000000000004,0.020800000000000003,0.0024,0.0056,0.03455613,0.0,0.03455613,0.0042190026,0.008,0.13974164,0.0048,0.0056,0.0112,0.0408,0.0056,0.0064,0.23388676,0.025444366,0.20696382
-0.06837186,0.004017219,0.0064,0.0056,0.0048,0.37679999999999997,0.056,0.0064,0.0056,0.25428814,0.02315091,0.23087801,0.05801391,0.00297096,-0.0024,0.0024,0.0048,0.2544,0.0192,0.0024,0.0064,0.036697518,0.0,0.045162126,0.004169273,0.0064,0.27090245,0.008,0.0056,0.37679999999999997,0.056,0.010400000000000001,0.0072,0.25483447,0.025470827,0.2292683
-0.06818636,0.0040536113,0.004,0.0032,0.0056,0.1792,0.044,0.0048,0.0072,0.24164157,0.014387779,0.22721827,0.057841137,0.0027958713,-0.004,0.0008,0.0056,0.3736,0.020800000000000003,0.0016,0.0056,0.02748043,0.0,0.04023531,0.0041150977,0.004,0.17308402,0.004,0.0072,0.1792,0.044,0.008,0.008799999999999999,0.24276376,0.0153422225,0.22745761
-0.06795781,0.003825061,0.0056,0.0032,0.0064,0.31520000000000004,0.0576,0.004,0.008799999999999999,0.26838917,0.015125856,0.25296736,0.05770802,0.003160894,-0.0016,0.0016,0.004,0.3728,0.020800000000000003,0.0016,0.0048,0.04939726,0.0,0.055774704,0.0039166003,0.0056,0.21662737,0.004,0.008799999999999999,0.31520000000000004,0.0592,0.0072,0.0096,0.2727337,0.017210271,0.2552797
-0.06771283,0.004023876,0.008799999999999999,0.004,0.0048,0.4088,0.0392,0.0048,0.0056,0.218563,0.022516724,0.19537477,0.057505798,0.0030152556,0.0,0.0008,0.0048,0.3896,0.020800000000000003,0.0016,0.0048,0.02249727,0.0,0.02249727,0.004105015,0.008799999999999999,0.19915466,0.0048,0.0056,0.4088,0.0544,0.0072,0.0064,0.2186938,0.025972528,0.19206405
-0.067490496,0.0040234365,0.0056,0.0048,0.004,0.37520000000000003,0.041600000000000005,0.0064,0.0064,0.19172326,0.020619575,0.16953357,0.057382658,0.0030224416,-0.0032,0.0016,0.0056,0.2488,0.02,0.0016,0.0056,0.050032414,0.0,0.06081608,0.0042230897,0.0056,0.3087195,0.0064,0.0056,0.37520000000000003,0.041600000000000005,0.0096,0.008,0.19786103,0.022338593,0.17386666
-0.0672382,0.0037711412,0.004,0.0048,0.0048,0.3256,0.041600000000000005,0.0056,0.0064,0.23560053,0.016636726,0.21873635,0.05732584,0.002847353,-0.0048,0.0008,0.0048,0.3888,0.020800000000000003,0.0016,0.0056,-0.0056819767,0.0,0.00823243,0.0038594278,0.0024,0.32271907,0.0048,0.008,0.324,0.0432,0.008,0.010400000000000001,0.221636,0.009784426,0.21190466
-0.06714722,0.0037911087,0.0048,0.0024,0.0072,0.1448,0.0248,0.004,0.008799999999999999,0.24136822,0.012872238,0.22849819,0.05717533,0.0027659535,-0.0008,0.0024,0.0032,0.3808,0.0192,0.0032,0.0056,-0.0026071072,0.0,0.00029172748,0.003851398,0.0048,0.17717122,0.004,0.0072,0.1448,0.041600000000000005,0.0048,0.0096,0.23713039,0.014369488,0.22258168
-0.06701076,0.004098445,0.008,0.004,0.0048,0.4064,0.041600000000000005,0.0048,0.0064,0.276051,0.022345118,0.25363946,0.057115037,0.0030581541,0.0,0.0016,0.0048,0.3688,0.0192,0.0024,0.0056,0.03704653,0.0,0.03704653,0.0041455454,0.008,0.15088576,0.0048,0.0056,0.4064,0.0424,0.0072,0.008,0.27848327,0.024840554,0.25365955
-0.066941746,0.0038075335,0.0064,0.004,0.0056,0.1976,0.0264,0.004,0.0072,0.2094205,0.0170355,0.19233446,0.05709764,0.0033074599,-0.0008,0.0016,0.004,0.348,0.02,0.0024,0.0048,-0.00324215,0.0,0.00012049824,0.0039337296,0.0064,0.2539822,0.004,0.0064,0.1976,0.0264,0.008799999999999999,0.008,0.2018876,0.019815926,0.18208659
-0.067019634,0.003996372,0.0072,0.0048,0.0048,0.2064,0.0384,0.0056,0.0064,0.18518151,0.023763005,0.16088378,0.056966156,0.0028591752,0.0,0.0032,0.004,0.3632,0.0184,0.0032,0.0056,0.024288006,0.0,0.024288006,0.004120536,0.0056,0.24611558,0.0048,0.0072,0.1096,0.04,0.008799999999999999,0.010400000000000001,0.18551877,0.018612096,0.16634436
-0.06705979,0.0037036836,0.0056,0.0048,0.0048,0.236,0.0384,0.0056,0.0064,0.22029087,0.020378359,0.20020919,0.057029232,0.0030280054,-0.0024,0.0024,0.004,0.396,0.0192,0.0024,0.0056,0.0099123195,0.0,0.017681196,0.0038515055,0.0064,0.27795076,0.0064,0.0056,0.40480000000000005,0.0384,0.0096,0.008,0.21455583,0.025859319,0.18834972
-0.06697458,0.003951315,0.0064,0.004,0.0048,0.2376,0.0264,0.0056,0.0056,0.164257,0.019960944,0.14284396,0.056965224,0.0030920133,-0.0008,0.0024,0.004,0.2264,0.0184,0.0032,0.0048,0.010030359,0.0,0.0131611,0.0040500658,0.0064,0.22127907,0.0048,0.0056,0.2376,0.0264,0.008799999999999999,0.0072,0.16245347,0.021900266,0.1393739
-0.06702806,0.0042266957,0.0064,0.0032,0.0056,0.010400000000000001,0.0392,0.004,0.0064,0.27293497,0.01828077,0.25440657,0.05699584,0.0029454455,-0.0008,0.0016,0.0048,0.3296,0.0192,0.0024,0.0072,-0.013163745,0.0,-0.010380864,0.004337522,0.0064,0.22653975,0.004,0.0056,0.010400000000000001,0.0408,0.0064,0.008799999999999999,0.26300466,0.021022713,0.24166813
-0.06698102,0.003957752,0.0064,0.004,0.0048,0.012,0.04,0.0048,0.0072,0.22378373,0.018902954,0.20447871,0.05693392,0.003123317,-0.0016,0.0016,0.004,0.38480000000000003,0.02,0.0024,0.0056,0.048464157,0.0,0.05472564,0.0039989217,0.0064,0.14361738,0.0048,0.0056,0.39280000000000004,0.0448,0.008,0.008,0.22841622,0.020591754,0.20740144
-0.06694995,0.003926687,0.0024,0.0024,0.0072,0.0656,0.044,0.0032,0.008,0.24397217,0.008451603,0.23565102,0.05693879,0.0030024946,-0.0032,0.0024,0.004,0.396,0.0192,0.0024,0.0064,-0.04168824,0.0,-0.03102053,0.0041248673,0.0024,0.31123933,0.0056,0.008,0.29279999999999995,0.044,0.008,0.008799999999999999,0.21948391,0.009348098,0.21007116
-0.06687806,0.0040766895,0.0064,0.0032,0.0056,0.010400000000000001,0.041600000000000005,0.0048,0.008,0.21169111,0.017968334,0.19316271,0.05695247,0.002872862,-0.0008,0.0016,0.0048,0.3952,0.020800000000000003,0.0024,0.0056,-0.016928151,0.0,-0.013913363,0.0041141324,0.0064,0.13501763,0.0032,0.0056,0.010400000000000001,0.041600000000000005,0.0064,0.008,0.20748582,0.019649822,0.18715943
-0.066864744,0.0037305318,0.0072,0.0048,0.0056,0.096,0.056799999999999996,0.0064,0.0064,0.23421308,0.021703303,0.21280004,0.05687038,0.0029549524,-0.0008,0.0024,0.004,0.3688,0.02,0.0024,0.0064,0.05518923,0.0,0.058204018,0.0037843382,0.0072,0.16883154,0.0056,0.0056,0.4008,0.056799999999999996,0.008799999999999999,0.0064,0.24015647,0.023681246,0.2168267
-0.0669646,0.003941335,0.0056,0.0032,0.0064,0.0096,0.0696,0.004,0.008,0.22389379,0.015163105,0.20802817,0.05696569,0.0027436875,-0.0008,0.0024,0.0032,0.3632,0.008,0.0024,0.0048,-0.0034225434,0.0,-0.00063966215,0.0039534033,0.0056,0.07815567,0.0032,0.0072,0.0096,0.0696,0.0064,0.008,0.22294311,0.015864918,0.20645599
-0.067016296,0.0033273436,0.0072,0.004,0.008,0.0824,0.056799999999999996,0.0056,0.008799999999999999,0.2825269,0.017187003,0.2662175,0.05701068,0.0022348836,0.0008,0.0024,0.0048,0.3992,0.020800000000000003,0.0032,0.0048,0.12250231,0.0020029768,0.120531105,0.003364048,0.0072,0.14785555,0.004,0.008,0.2064,0.056799999999999996,0.0072,0.008799999999999999,0.29749107,0.019006025,0.279361
-0.06707422,0.0033852644,0.0064,0.004,0.008,0.3992,0.0408,0.0072,0.008799999999999999,0.23410515,0.01709674,0.21668623,0.057110634,0.0021349303,0.0,0.0024,0.004,0.3976,0.0184,0.004,0.0056,0.0924106,0.0,0.0924106,0.0034083042,0.0064,0.11634039,0.004,0.008,0.3992,0.0408,0.0072,0.008799999999999999,0.24324945,0.018169597,0.2249523
-0.067336045,0.003203299,0.008,0.0048,0.0056,0.4008,0.0872,0.008,0.008,0.25728086,0.020383384,0.2367554,0.05717116,0.0019584522,0.0008,0.0032,0.0032,0.4008,0.0216,0.0032,0.0048,0.09363171,0.0018424988,0.0916605,0.003210787,0.008,0.06830784,0.0064,0.0064,0.4008,0.0872,0.008,0.008,0.2630717,0.021134408,0.24185011
-0.067529544,0.0028420538,0.0032,0.004,0.0096,0.31039999999999995,0.0608,0.0072,0.0128,0.21246395,0.009038299,0.20336619,0.05731865,0.0018109605,-0.0016,0.004,0.004,0.3904,0.0056,0.004,0.004,0.048874967,0.0,0.05235357,0.0028920586,0.0032,0.18622755,0.0072,0.0096,0.31039999999999995,0.0608,0.0072,0.0128,0.21783973,0.009600639,0.2081049
-0.0677166,0.0029181615,0.0048,0.004,0.008799999999999999,0.3696,0.0848,0.0064,0.0128,0.1783413,0.011628695,0.16724643,0.057459418,0.0016701929,0.0008,0.004,0.0024,0.3944,0.0056,0.29919999999999997,0.004,0.04939659,0.0015542395,0.047889195,0.0029625054,0.0048,0.17323929,0.0048,0.008799999999999999,0.3696,0.0848,0.0064,0.0128,0.18418649,0.012702322,0.17205848
-0.067959145,0.0029388107,0.0448,0.0072,0.0056,0.43920000000000003,0.09040000000000001,0.008,0.008799999999999999,0.2686139,0.024334434,0.24365054,0.057541978,0.001587633,0.036,0.0032,0.004,0.4352,0.008799999999999999,0.0032,0.0056,0.06736802,0.0043064766,0.06806374,0.0029453484,0.044,0.06666029,0.0064,0.0064,0.4384,0.09119999999999999,0.0072,0.0232,0.27250478,0.022283144,0.25005284
-0.067917205,0.0028968714,0.008799999999999999,0.0048,0.0064,0.3904,0.0752,0.0072,0.0072,0.26722616,0.01844081,0.24869777,0.057657927,0.0017035902,0.0016,0.0016,0.004,0.3952,0.0112,0.0024,0.0056,0.021455139,0.0028274134,0.018904164,0.0029136406,0.008799999999999999,0.10733986,0.0056,0.0064,0.3904,0.0752,0.0072,0.0288,0.26798677,0.019584533,0.24852152
-0.0677743,0.0027539693,0.0056,0.0056,0.0096,0.40480000000000005,0.10719999999999999,0.0056,0.0112,0.2653394,0.0138412975,0.2513599,0.057683203,0.0017942674,-0.0008,0.0016,0.0056,0.3976,0.0072,0.0032,0.0056,0.004470147,0.0,0.006209448,0.0027688704,0.0056,0.10379293,0.0056,0.0096,0.40480000000000005,0.088,0.0072,0.024,0.26437458,0.014587553,0.24959332
-0.06769242,0.0031158775,0.008799999999999999,0.0064,0.0064,0.048,0.08320000000000001,0.008799999999999999,0.0072,0.23499244,0.022736043,0.21002904,0.05757213,0.0017893873,0.0016,0.0032,0.004,0.4008,0.020800000000000003,0.004,0.0048,0.007646255,0.0029990077,0.0047474205,0.003157972,0.008799999999999999,0.16345797,0.0072,0.0072,0.2336,0.08320000000000001,0.0096,0.0248,0.2331044,0.024466166,0.20654906
-0.067418374,0.002841834,0.044,0.0072,0.0056,0.4072,0.0544,0.008799999999999999,0.020800000000000003,0.26233548,0.02693487,0.23670636,0.05739912,0.0014985837,0.0344,0.0032,0.0064,0.4344,0.020800000000000003,0.036,0.008799999999999999,0.05751556,0.006694313,0.049746685,0.0029236735,0.044,0.23716465,0.008799999999999999,0.0064,0.4072,0.08,0.0096,0.020800000000000003,0.26850533,0.030671123,0.23896234
-0.06724241,0.002887763,0.008799999999999999,0.0064,0.0072,0.3376,0.10400000000000001,0.008,0.024,0.19027004,0.022112861,0.16841316,0.057255805,0.0017578527,0.0,0.0016,0.0056,0.39840000000000003,0.0216,0.0024,0.0056,0.01762417,0.0,0.01762417,0.0029277727,0.008799999999999999,0.16550973,0.008,0.0072,0.3376,0.1024,0.008799999999999999,0.024,0.19057356,0.023754692,0.16718142
-0.066986345,0.002964545,0.008799999999999999,0.0056,0.0072,0.39840000000000003,0.07440000000000001,0.0064,0.010400000000000001,0.1893917,0.019518077,0.16908813,0.057066567,0.0017151833,0.0024,0.0048,0.004,0.39999999999999997,0.0048,0.0048,0.0048,0.041628234,0.004565783,0.037917726,0.0029821699,0.008799999999999999,0.10877379,0.0056,0.008,0.39840000000000003,0.07440000000000001,0.008,0.0248,0.19279154,0.02068306,0.17156316
-0.06671785,0.0029179454,0.0056,0.0032,0.0096,0.4024,0.0608,0.0048,0.0112,0.21679433,0.010218363,0.20769654,0.05690006,0.0017657354,0.0024,0.0048,0.0032,0.3944,0.017599999999999998,0.0048,0.0048,0.036405973,0.0047174394,0.031999744,0.0030359232,0.0056,0.27969626,0.0048,0.0096,0.4024,0.0608,0.0056,0.0112,0.2184199,0.01262526,0.20689078
-0.06652702,0.0030599572,0.008,0.0056,0.0056,0.3736,0.0688,0.0072,0.008799999999999999,0.23210478,0.020281378,0.21102455,0.056803122,0.001862675,-0.0008,0.0016,0.004,0.3976,0.008,0.0016,0.0056,0.029567815,0.0,0.031539023,0.0030805133,0.008,0.115588956,0.0072,0.0056,0.3736,0.0688,0.008,0.008799999999999999,0.23396605,0.021197703,0.21198343
-0.0664052,0.002716247,0.0064,0.0064,0.008799999999999999,0.256,0.092,0.0064,0.0096,0.2635642,0.014518309,0.24914092,0.056714766,0.0017191246,0.0008,0.0024,0.0048,0.392,0.0064,0.0024,0.0048,0.0022607371,0.0016031712,0.0006373897,0.0027732905,0.0064,0.20317358,0.0064,0.0096,0.384,0.092,0.0064,0.0232,0.25859913,0.016269442,0.242437
-0.06635216,0.0029960498,0.0096,0.0064,0.0056,0.352,0.07440000000000001,0.008799999999999999,0.0056,0.2589507,0.023082584,0.23509681,0.056632902,0.0015690811,0.0016,0.0032,0.004,0.39999999999999997,0.0216,0.0032,0.0048,-0.02365464,0.0023264885,-0.025973707,0.0030417866,0.0096,0.17363165,0.008,0.0056,0.236,0.07440000000000001,0.008799999999999999,0.0056,0.25097048,0.024686323,0.22551213
-0.066284254,0.0027062483,0.0096,0.0056,0.0072,0.3992,0.07440000000000001,0.008,0.008799999999999999,0.20014277,0.019272119,0.18105963,0.05659742,0.0014886111,0.0016,0.0024,0.0048,0.3952,0.02,0.0784,0.008,0.022206943,0.0025134087,0.02035169,0.0027146274,0.0096,0.07859031,0.0064,0.0072,0.3992,0.07440000000000001,0.008,0.008799999999999999,0.20126845,0.020196315,0.18151595
-0.06635171,0.002551809,0.0432,0.004,0.0096,0.424,0.08399999999999999,0.0056,0.0136,0.16364193,0.011427373,0.14988433,0.056622468,0.001695469,0.0384,0.0032,0.0048,0.4376,0.020800000000000003,0.0048,0.0048,0.011303723,0.009143554,0.0013317317,0.0026074809,0.0432,0.20701295,0.0056,0.0096,0.424,0.08399999999999999,0.0064,0.0264,0.1624714,0.014605475,0.14552794
-0.06635992,0.002670966,0.0056,0.0048,0.008,0.392,0.0752,0.0072,0.0256,0.16269925,0.013038404,0.14938545,0.056730308,0.0013557225,0.0008,0.0048,0.0024,0.396,0.020800000000000003,0.0048,0.0048,-0.0012810379,0.0011238158,-0.0025565252,0.0027050558,0.0056,0.15892571,0.0056,0.008,0.392,0.061599999999999995,0.0072,0.0256,0.16044617,0.013862152,0.14629085
-0.06642806,0.0025172047,0.0072,0.0056,0.0064,0.40559999999999996,0.0808,0.0056,0.008,0.15078884,0.014777519,0.1358108,0.056750715,0.0014512688,0.0,0.0024,0.0072,0.396,0.0096,0.0024,0.0072,0.0074162856,0.0,0.0074162856,0.0025710932,0.0072,0.20509994,0.0056,0.008,0.40559999999999996,0.0808,0.008799999999999999,0.02,0.14913885,0.016325014,0.1325855
-0.06643559,0.002524741,0.008,0.004,0.0096,0.4016,0.0864,0.0064,0.0256,0.17385107,0.014152538,0.15842924,0.05681472,0.0013872646,0.0032,0.004,0.0032,0.3952,0.0184,0.004,0.0056,-0.016467541,0.0041576177,-0.02156949,0.0025895217,0.008,0.2241492,0.0064,0.0096,0.38480000000000003,0.0584,0.0072,0.0256,0.16584158,0.015954206,0.14843434
-0.066478424,0.0023456775,0.010400000000000001,0.0072,0.0096,0.3408,0.0728,0.0072,0.0248,0.14717726,0.01795661,0.12820508,0.05685832,0.0015755706,0.0016,0.0008,0.0056,0.4008,0.024,0.0024,0.0072,-0.020296909,0.0015277937,-0.021456443,0.002433523,0.010400000000000001,0.26950818,0.0072,0.017599999999999998,0.3816,0.07600000000000001,0.008,0.028,0.13646026,0.020539118,0.11486946
-0.06662421,0.0023805127,0.0112,0.008,0.0048,0.4064,0.0784,0.008799999999999999,0.020800000000000003,0.1627644,0.02134474,0.14035283,0.056819126,0.0013828576,0.0024,0.0032,0.0064,0.3992,0.0072,0.2096,0.0064,-0.015598878,0.0032209456,-0.01872962,0.0024480792,0.0112,0.2354897,0.008799999999999999,0.0056,0.4064,0.0768,0.0096,0.020800000000000003,0.15463261,0.023676496,0.12967426
-0.066712745,0.0025799982,0.0096,0.0064,0.0048,0.3808,0.10400000000000001,0.008799999999999999,0.024,0.20087317,0.019865118,0.18023676,0.05678643,0.0014155544,0.0016,0.0032,0.0056,0.3968,0.0096,0.0032,0.0072,0.05808702,0.002251342,0.055767953,0.002625731,0.0096,0.18691176,0.008799999999999999,0.0048,0.3808,0.10400000000000001,0.0096,0.0248,0.20816857,0.021662962,0.18569377
-0.06677821,0.0026454665,0.010400000000000001,0.0072,0.0064,0.40480000000000005,0.1008,0.0096,0.0232,0.24775983,0.022852402,0.22545919,0.056917917,0.0016319267,0.0024,0.0032,0.0032,0.39999999999999997,0.02,0.0032,0.0048,0.06626585,0.003620293,0.06243939,0.0026873124,0.010400000000000001,0.17670453,0.008,0.0064,0.40480000000000005,0.0736,0.010400000000000001,0.0232,0.2555504,0.024697142,0.23127338
-0.0668359,0.0027031563,0.0432,0.0048,0.0072,0.3608,0.07039999999999999,0.0072,0.010400000000000001,0.19716302,0.017381068,0.17930032,0.05701694,0.0016488582,0.0368,0.0024,0.0056,0.4328,0.008799999999999999,0.0032,0.0056,-0.010782361,0.0069711655,-0.018319331,0.0027288203,0.0432,0.1372556,0.0048,0.008799999999999999,0.436,0.07039999999999999,0.0072,0.010400000000000001,0.19383344,0.019389257,0.1738224
-0.06698435,0.0029625483,0.0064,0.0056,0.0064,0.40480000000000005,0.0584,0.0072,0.010400000000000001,0.18212502,0.017265383,0.16448422,0.057154227,0.0019753836,-0.0016,0.0024,0.0048,0.3896,0.02,0.0032,0.0056,0.042557053,0.0,0.04649947,0.00297194,0.0064,0.07952106,0.0056,0.0064,0.40480000000000005,0.0584,0.008,0.010400000000000001,0.18493009,0.017821405,0.16675554
-0.06725772,0.003124971,0.0064,0.0032,0.008799999999999999,0.376,0.0424,0.0048,0.008799999999999999,0.24846253,0.01423775,0.23359542,0.057253715,0.0019918494,0.0008,0.0032,0.0048,0.39359999999999995,0.0072,0.0032,0.0048,0.021859877,0.001875896,0.020120576,0.0031466233,0.0064,0.117379665,0.004,0.008799999999999999,0.376,0.0424,0.0072,0.0096,0.24931285,0.015462735,0.2333531
-0.06748805,0.0031334087,0.0064,0.0064,0.0064,0.39280000000000004,0.088,0.008,0.008799999999999999,0.19576927,0.017744653,0.17812847,0.057385437,0.0020920336,0.0,0.0032,0.0048,0.39359999999999995,0.0216,0.004,0.0048,0.025339112,0.0,0.025339112,0.0032107758,0.0064,0.2199702,0.0064,0.008799999999999999,0.352,0.07759999999999999,0.008799999999999999,0.008799999999999999,0.196581,0.019552078,0.17696166
-0.067984216,0.003407672,0.0072,0.0048,0.0072,0.3992,0.0872,0.0072,0.0096,0.30683175,0.020018011,0.286861,0.05761526,0.0023260228,0.0008,0.0032,0.0048,0.3336,0.0192,0.0032,0.0048,0.0031281337,0.002094116,0.0010409728,0.0035046227,0.0072,0.23576349,0.0072,0.0072,0.3992,0.0784,0.008799999999999999,0.0096,0.2990743,0.022539467,0.27627042
-0.0682303,0.003875658,0.0072,0.0056,0.004,0.348,0.056799999999999996,0.0072,0.0048,0.32097954,0.025117438,0.29723656,0.057749536,0.0026555639,-0.0016,0.0016,0.004,0.3856,0.0192,0.0024,0.0064,0.07322153,0.0,0.078323476,0.0039171167,0.0072,0.14562112,0.0064,0.004,0.3064,0.056799999999999996,0.010400000000000001,0.0072,0.3282072,0.026519315,0.3030498
-0.06830751,0.003841918,0.0032,0.0032,0.008,0.09999999999999999,0.0256,0.0032,0.0096,0.28779384,0.010707837,0.27692088,0.057942014,0.0030428544,-0.0032,0.0016,0.004,0.392,0.02,0.0024,0.0072,0.03693352,0.0,0.04806506,0.0040212832,0.0032,0.29979852,0.0072,0.008,0.1952,0.044,0.0072,0.0096,0.2858646,0.011907099,0.2738329
-0.06840182,0.0039362274,0.0056,0.0048,0.0056,0.3528,0.0408,0.0048,0.0072,0.3022767,0.019343406,0.2833045,0.05813774,0.0028471276,-0.0032,0.0016,0.0056,0.3496,0.0216,0.0016,0.0056,0.03925579,0.0,0.05038733,0.004008919,0.0056,0.19072221,0.0048,0.0064,0.3528,0.0408,0.0096,0.008,0.30423734,0.020770453,0.2837188
-0.068453744,0.004099101,0.0064,0.0048,0.0056,0.0272,0.0408,0.0064,0.0072,0.3506493,0.022474587,0.32857057,0.058110375,0.0025266334,-0.0024,0.0016,0.0048,0.38239999999999996,0.020800000000000003,0.0016,0.0064,-0.00074689835,0.0,0.0069060363,0.004153718,0.0064,0.16234462,0.0048,0.0064,0.0272,0.06,0.0064,0.0072,0.34591788,0.023890581,0.32219905
-0.06837342,0.003907826,0.041600000000000005,0.0032,0.0064,0.3312,0.0384,0.004,0.008799999999999999,0.19099692,0.019476317,0.16780865,0.05806237,0.003038451,0.0344,0.0016,0.004,0.4328,0.02,0.0024,0.0048,0.058098696,0.008206466,0.04731503,0.004021946,0.041600000000000005,0.2387867,0.004,0.0072,0.088,0.041600000000000005,0.008799999999999999,0.010400000000000001,0.19931923,0.024974093,0.16976793
-0.06830596,0.004062265,0.008,0.004,0.0064,0.38720000000000004,0.0248,0.0048,0.008,0.21684676,0.021095727,0.19543374,0.057854123,0.0030147918,0.0008,0.0016,0.004,0.3952,0.02,0.0024,0.0048,0.11386624,0.0026669316,0.11143121,0.00419417,0.008,0.2514586,0.004,0.0072,0.38720000000000004,0.0256,0.008,0.008,0.23835891,0.025538938,0.21297424
-0.06808562,0.0039528683,0.0048,0.004,0.0056,0.3456,0.04,0.0048,0.0072,0.27992103,0.017726,0.26283497,0.05777597,0.0027450845,-0.0032,0.0016,0.0048,0.39359999999999995,0.02,0.0024,0.0072,0.012001529,0.0,0.022669248,0.0040788185,0.0048,0.24915598,0.0048,0.0072,0.3456,0.0592,0.008,0.008799999999999999,0.2742367,0.019209962,0.2556482
-0.06787704,0.00396619,0.0064,0.0048,0.0048,0.3888,0.04,0.0056,0.0056,0.26328403,0.021189399,0.24286953,0.057673004,0.0030799583,-0.0024,0.0016,0.0048,0.38239999999999996,0.02,0.0016,0.0056,-0.015131041,0.0,-0.0059707165,0.0040885536,0.0056,0.24527456,0.0048,0.0056,0.38799999999999996,0.0584,0.008,0.0072,0.25172997,0.01929624,0.23313123
-0.06746986,0.0038918518,0.0048,0.0032,0.0056,0.2648,0.0408,0.0048,0.0072,0.26411498,0.015695665,0.24836032,0.057509277,0.0031277314,-0.0024,0.0016,0.0048,0.0032,0.02,0.0016,0.0056,0.024409473,0.0,0.033105984,0.0040001776,0.0048,0.2332524,0.0048,0.0064,0.2648,0.0408,0.008799999999999999,0.0096,0.26260477,0.017490994,0.24534702
-0.067270145,0.003914036,0.0048,0.0032,0.0072,0.2616,0.0728,0.004,0.008,0.26621598,0.014497392,0.25201458,0.057355754,0.002817437,-0.0016,0.0024,0.004,0.1896,0.02,0.0024,0.0056,-0.0198839,0.0,-0.014550045,0.00409213,0.0056,0.29610977,0.0048,0.0072,0.2624,0.0448,0.0072,0.010400000000000001,0.24882782,0.020658238,0.22824362
-0.06718205,0.004047837,0.0072,0.0048,0.0048,0.3432,0.0384,0.0064,0.0056,0.24185951,0.025002837,0.21589758,0.057233308,0.0031717923,-0.0024,0.0008,0.0048,0.3744,0.02,0.0016,0.008799999999999999,-0.016521513,0.0,-0.0067814253,0.0042221304,0.0072,0.28833333,0.0072,0.0056,0.3432,0.0384,0.0096,0.0072,0.22717737,0.028164264,0.19773704
-0.06702962,0.003784459,0.0064,0.0048,0.0056,0.3944,0.0392,0.0056,0.0072,0.24337205,0.020179346,0.22317943,0.05707167,0.0032174755,-0.0016,0.0016,0.004,0.37679999999999997,0.020800000000000003,0.0016,0.0064,0.04301755,0.0,0.04916308,0.00398438,0.0056,0.3181269,0.0048,0.008,0.30960000000000004,0.062400000000000004,0.008799999999999999,0.008799999999999999,0.24461573,0.019207684,0.22503656
-0.06705846,0.003924247,0.0048,0.004,0.0048,0.0112,0.0392,0.0048,0.0064,0.20564279,0.017110474,0.18833482,0.057068422,0.003220724,-0.0032,0.0016,0.004,0.1368,0.0192,0.0024,0.0056,-0.03269781,0.0,-0.021102473,0.0039809896,0.0048,0.16904037,0.0048,0.0056,0.0112,0.0392,0.0064,0.0064,0.19721074,0.018127877,0.17890099
-0.066938184,0.0039149188,0.0072,0.004,0.0064,0.010400000000000001,0.0408,0.0048,0.008,0.2248286,0.019257706,0.20618927,0.057047784,0.0033573154,0.0,0.0024,0.0048,0.2432,0.0192,0.0024,0.0048,0.093515456,0.0,0.093515456,0.004081515,0.0072,0.28669843,0.0064,0.0072,0.010400000000000001,0.0408,0.0072,0.0096,0.24209668,0.023606129,0.21880776
-0.06700076,0.004199393,0.0072,0.004,0.0048,0.0112,0.0376,0.0048,0.0064,0.25190318,0.020264696,0.2324872,0.056990504,0.0030667335,-0.0016,0.0008,0.0056,0.3728,0.02,0.0008,0.0072,0.0303777,0.0,0.03617537,0.00433994,0.0072,0.25518954,0.0048,0.0064,0.3912,0.0408,0.008799999999999999,0.008,0.2514136,0.023882782,0.22811885
-0.06693598,0.0036908202,0.041600000000000005,0.004,0.0064,0.3664,0.07039999999999999,0.0056,0.008,0.26223525,0.025721755,0.23571858,0.057003956,0.00328519,0.0328,0.0008,0.0064,0.408,0.0216,0.0008,0.008,0.023650616,0.0049408786,0.017505087,0.003880386,0.0408,0.31386718,0.0048,0.008,0.41600000000000004,0.0728,0.008799999999999999,0.0096,0.25672603,0.029257622,0.2263238
-0.06695328,0.0004906133,-0.2432,0.1504,0.0008,0.1528,0.004,0.1504,0.0008,-0.011928,0.0,-0.007157184,0.056986332,0.0006358847,0.8096000000000001,1.2072,0.0016,1.2072,0.0016,1.2072,0.0016,0.015069358,0.0076269507,0.014280908,0.0006595464,0.8096000000000001,1.8394684,1.2072,0.0016,1.208,0.0016,1.2072,0.0016,0.01769504,0.008706433,0.02186982
-0.066872515,0.0039601997,0.0064,0.0032,0.0056,0.041600000000000005,0.0248,0.004,0.008,0.19466577,0.018478733,0.17713591,0.056936704,0.0028886274,-0.0016,0.0016,0.0048,0.39840000000000003,0.02,0.0024,0.0048,0.046261154,0.0,0.05263859,0.0040650754,0.0064,0.2276444,0.004,0.0064,0.396,0.0424,0.008799999999999999,0.008,0.2000839,0.020862129,0.18018007
-0.066932864,0.0039096028,0.008,0.004,0.0048,0.3216,0.0432,0.0056,0.008,0.28241816,0.023008477,0.25967374,0.05695804,0.0028672926,0.0008,0.0032,0.0032,0.3312,0.0184,0.0032,0.0048,0.052175634,0.0026353858,0.04962466,0.003965618,0.008,0.16827725,0.0048,0.0064,0.3216,0.0432,0.008,0.008,0.28716752,0.02538834,0.262278
-0.066880725,0.0037465133,0.004,0.0048,0.0048,0.088,0.068,0.0056,0.0072,0.21513613,0.014516525,0.20049092,0.056932297,0.0030089878,-0.004,0.0016,0.004,0.3864,0.0192,0.0024,0.0056,-0.031600557,0.0,-0.019541405,0.003809508,0.004,0.18210967,0.0056,0.0056,0.028,0.068,0.008799999999999999,0.008,0.20585558,0.0151532125,0.19063357
-0.06689181,0.0038685463,0.0072,0.0048,0.0048,0.012,0.06,0.008,0.0072,0.29456478,0.022945452,0.27193126,0.056957807,0.0027515702,-0.0016,0.0016,0.004,0.39840000000000003,0.02,0.0024,0.0064,-0.002381608,0.0,0.0031841546,0.003907231,0.0072,0.14083456,0.0056,0.0048,0.3784,0.0736,0.008,0.0072,0.29131404,0.024290074,0.26730955
-0.06683812,0.0038148612,0.0056,0.004,0.0064,0.0424,0.0728,0.0056,0.0072,0.18917638,0.017384347,0.17086989,0.056967083,0.0026263408,-0.0008,0.0024,0.0032,0.3912,0.0184,0.0032,0.004,0.009677917,0.0,0.012460798,0.0038527756,0.0064,0.14040671,0.0056,0.0056,0.0432,0.0752,0.0072,0.008,0.18866909,0.022324461,0.16542833
-0.06694818,0.0034811273,0.0056,0.004,0.008,0.0096,0.0576,0.0064,0.008799999999999999,0.25474587,0.015048206,0.24010068,0.056923486,0.0019742176,-0.0016,0.0016,0.0056,0.39280000000000004,0.0216,0.0024,0.0072,0.07890034,0.0,0.08214703,0.0035295715,0.0056,0.16587223,0.0048,0.008,0.2328,0.0576,0.0064,0.008799999999999999,0.26427683,0.016472502,0.2482053
-0.06714655,0.003235694,0.0072,0.0056,0.0056,0.0112,0.056799999999999996,0.008,0.0064,0.25428754,0.020467281,0.23365113,0.057092544,0.0019211136,-0.0008,0.0024,0.0048,0.3992,0.0064,0.0032,0.0048,0.035942905,0.0,0.037682205,0.0032620362,0.0072,0.12717113,0.008,0.0064,0.35919999999999996,0.056799999999999996,0.008799999999999999,0.0064,0.25679266,0.021318374,0.23536699
-0.06729544,0.0032736398,0.0048,0.004,0.008,0.3712,0.0872,0.0056,0.010400000000000001,0.25567386,0.013095878,0.24269289,0.057179503,0.002066061,-0.0008,0.0024,0.0048,0.376,0.008,0.0032,0.0056,0.08470829,0.0,0.087027356,0.0033209675,0.0048,0.16902785,0.0048,0.008,0.3712,0.0872,0.0072,0.0112,0.26628014,0.01435091,0.25206023
-0.06754197,0.0031873249,0.0432,0.0056,0.0056,0.41119999999999995,0.062400000000000004,0.008,0.0096,0.32141697,0.025219884,0.30521852,0.05731842,0.0020430982,0.0368,0.0032,0.0032,0.4152,0.0056,0.004,0.0048,0.07432556,0.010727987,0.062150456,0.003192855,0.0432,0.058866613,0.0056,0.0056,0.41119999999999995,0.062400000000000004,0.008,0.0096,0.325233,0.026291432,0.3079029
-0.06765846,0.0029709712,0.008,0.0064,0.0064,0.3288,0.07039999999999999,0.008,0.0072,0.2593338,0.021277633,0.23769882,0.057554733,0.0020386912,0.0008,0.0024,0.0032,0.3736,0.0072,0.004,0.0048,0.076237805,0.001690831,0.07507827,0.0029998634,0.008799999999999999,0.13890044,0.0072,0.0056,0.3296,0.0696,0.010400000000000001,0.0064,0.26739153,0.025562719,0.24136567
-0.06778229,0.0030947998,0.0424,0.0064,0.0072,0.42800000000000005,0.1056,0.0064,0.0224,0.23038897,0.021899424,0.20786645,0.05765213,0.0021732002,0.036,0.004,0.004,0.4016,0.0056,0.004,0.0048,-0.003650166,0.007814184,-0.011534996,0.0031013847,0.0424,0.06517597,0.0064,0.0072,0.42800000000000005,0.1056,0.008799999999999999,0.0224,0.22966209,0.022995751,0.20602435
-0.06797024,0.0031717978,0.041600000000000005,0.004,0.008,0.4064,0.0936,0.0064,0.010400000000000001,0.31565493,0.020811532,0.2963499,0.057603665,0.0019897595,0.035199999999999995,0.0016,0.0064,0.43360000000000004,0.0216,0.0024,0.0072,0.09125457,0.006034188,0.087660015,0.0033099179,0.041600000000000005,0.2899056,0.0064,0.008,0.4064,0.0936,0.008,0.010400000000000001,0.32856908,0.025091412,0.3055617
-0.067961365,0.0031629242,0.0048,0.0064,0.0064,0.37520000000000003,0.0608,0.0072,0.008,0.22079684,0.013984881,0.20681733,0.057633813,0.002075564,-0.0016,0.0024,0.0024,0.38799999999999996,0.0192,0.0032,0.0048,0.06643943,0.0,0.070149936,0.0031950884,0.0048,0.14201182,0.0064,0.0064,0.37520000000000003,0.0608,0.008,0.008799999999999999,0.22797763,0.014687647,0.21325265
-0.0678584,0.0031709075,0.0072,0.0048,0.0072,0.3744,0.1216,0.0072,0.008,0.2957893,0.017221425,0.27781567,0.05760807,0.0019853525,0.0016,0.0024,0.0032,0.284,0.0048,0.21839999999999998,0.0032,0.03345082,0.003390938,0.029972218,0.0031735755,0.0072,0.041005734,0.0048,0.0072,0.3744,0.1216,0.0072,0.008,0.29691195,0.017616209,0.27854937
-0.067602545,0.0030260049,0.008,0.0056,0.0056,0.4072,0.1056,0.0096,0.008,0.22372112,0.020163722,0.20308469,0.05752551,0.0021838658,0.0016,0.004,0.0024,0.396,0.0056,0.004,0.004,0.04238057,0.003324151,0.03924983,0.0030437957,0.008799999999999999,0.108171955,0.008,0.0056,0.408,0.0872,0.010400000000000001,0.008,0.22698896,0.024383318,0.20220564
-0.0673893,0.0031456053,0.0072,0.0056,0.0064,0.4032,0.088,0.0064,0.008799999999999999,0.2991103,0.019767415,0.27958336,0.05738915,0.0019723661,-0.0016,0.0016,0.0056,0.3792,0.0224,0.0016,0.0056,0.070904285,0.0,0.07438289,0.0031649088,0.0072,0.110502414,0.0056,0.0064,0.4032,0.088,0.0096,0.0224,0.30510512,0.020632604,0.28471267
-0.06703826,0.0033493042,0.0064,0.0048,0.0072,0.3672,0.053599999999999995,0.0072,0.008,0.2151216,0.016587194,0.19825742,0.057221018,0.0016766861,-0.0024,0.0008,0.0072,0.3856,0.020800000000000003,0.0016,0.0072,0.018668681,0.0,0.023538724,0.0033732476,0.0064,0.1192177,0.0056,0.0072,0.3912,0.061599999999999995,0.0072,0.008,0.21581502,0.017485578,0.19803621
-0.066764005,0.003075052,0.008,0.0064,0.0048,0.33280000000000004,0.056799999999999996,0.008,0.0072,0.20414843,0.02165272,0.18295729,0.05702135,0.0018763542,0.0008,0.004,0.0024,0.4008,0.0072,0.236,0.004,0.02243264,0.0014125407,0.020809293,0.0030751242,0.008,0.006861579,0.0064,0.0048,0.33280000000000004,0.056799999999999996,0.008,0.0072,0.20429754,0.021718105,0.18303846
-0.06655077,0.002750866,0.008,0.0064,0.008799999999999999,0.404,0.0752,0.008,0.0232,0.25791207,0.018743731,0.23871799,0.056884293,0.0015495978,-0.0016,0.0008,0.0064,0.39359999999999995,0.008799999999999999,0.3072,0.0072,0.02167926,0.0,0.023998328,0.0027970194,0.008,0.18191476,0.0064,0.008799999999999999,0.39359999999999995,0.07440000000000001,0.008799999999999999,0.0232,0.25757837,0.020042151,0.23708573
-0.06647687,0.0027879104,0.0408,0.0032,0.010400000000000001,0.3624,0.09839999999999999,0.0048,0.0136,0.2677178,0.0120410025,0.25529158,0.056763697,0.0016701929,0.0376,0.0032,0.0024,0.4328,0.0064,0.0048,0.004,0.033047162,0.0060282014,0.02817712,0.0028851079,0.0408,0.2603087,0.0032,0.0112,0.3184,0.0808,0.0056,0.0136,0.26720417,0.014279646,0.25286874
