ch0_ped,ch0_peak_max,ch0_peak_max_t,ch0_half_max_left,ch0_half_max_right,ch0_ninth_max_left,ch0_ninth_max_right,ch0_e_max_left,ch0_e_max_right,ch0_integ,ch0_integ_left,ch0_integ_right,ch1_ped,ch1_peak_max,ch1_peak_max_t,ch1_half_max_left,ch1_half_max_right,ch1_ninth_max_left,ch1_ninth_max_right,ch1_e_max_left,ch1_e_max_right,ch1_integ,ch1_integ_left,ch1_integ_right,proj_max,proj_max_t,proj_theta,proj_half_max_left,proj_half_max_right,proj_ninth_max_left,proj_ninth_max_right,proj_e_max_left,proj_e_max_right,proj_integ,proj_integ_left,proj_integ_right
0.0061748466,0.008465812,0.0816,0.0688,0.4632,0.0824,,0.0752,0.6952,6.1091557,0.6499371,5.737589,0.0014715112,0.002580197,0.0392,0.0304,0.0504,0.4296,0.1152,0.0328,0.0608,0.5322268,0.08132375,0.45674103,0.008604136,0.0856,0.1795536,0.0736,0.396,0.0864,,0.07919999999999999,0.6912,6.1059923,0.7128652,5.681617
0.0061748466,0.008132966,0.0752,0.0656,0.5104,0.07759999999999999,,0.072,0.7864,6.1864867,0.5852061,5.865513,0.0016057853,0.0023299693,0.0216,0.0152,0.07440000000000001,0.3992,0.12639999999999998,0.016800000000000002,0.08320000000000001,0.52602327,0.038095124,0.49100527,0.008273474,0.0784,0.1845596,0.0688,0.472,0.0808,,0.0752,0.7832,6.177954,0.6378082,5.812467
0.0063625714,0.00805619,0.0768,0.064,0.4512,0.0784,,0.0728,0.7784,5.9450626,0.57579505,5.627861,0.0017806432,0.002271065,0.0264,0.02,0.0608,0.4264,0.1288,0.0224,0.0816,0.44845027,0.046652496,0.40264866,0.008256413,0.0768,0.22067733,0.0648,0.4512,0.0784,,0.0728,0.7232000000000001,5.8990526,0.59699106,5.555152
0.0064362413,0.008315366,0.0856,0.0768,0.4584,0.09040000000000001,,0.0824,0.74,6.0220604,0.7062353,5.602565,0.0019130622,0.0023705529,0.0192,0.0136,0.061599999999999995,0.4128,0.1328,0.0136,0.0768,0.47297433,0.033818528,0.44247857,0.00842058,0.0856,0.1582464,0.0768,0.43119999999999997,0.09040000000000001,,0.0824,0.7056,6.021351,0.7268394,5.5787916
0.0063774385,0.008374168,0.0824,0.07039999999999999,0.4432,0.0848,,0.07759999999999999,0.7376,6.0621686,0.66216636,5.6854987,0.0019800835,0.0024194852,0.0304,0.0232,0.0472,0.4296,0.1312,0.0248,0.0712,0.47326392,0.059705377,0.41691053,0.00857387,0.0824,0.21625423,0.0712,0.424,0.0848,,0.07759999999999999,0.7,6.0225186,0.684666,5.618769
0.0063610184,0.00827964,0.07600000000000001,0.062400000000000004,0.424,0.07759999999999999,,0.0712,0.7535999999999999,6.018344,0.5934045,5.683834,0.0020941815,0.0023053873,0.020800000000000003,0.012,0.0584,0.4072,0.1296,0.0144,0.08,0.41621512,0.033502676,0.38444388,0.008434659,0.0864,0.19201732,0.0752,0.4136,0.088,,0.0816,0.692,5.9871645,0.7188665,5.556366
0.006548078,0.008203529,0.07759999999999999,0.068,0.4416,0.0808,,0.0736,0.7120000000000001,5.8758297,0.6152292,5.514693,0.0022551254,0.0022603967,0.0424,0.0344,0.035199999999999995,0.42800000000000005,0.1064,0.0368,0.056799999999999996,0.3922121,0.08721808,0.3072182,0.008293282,0.0808,0.14725463,0.0728,0.4384,0.08399999999999999,,0.07759999999999999,0.7088,5.869786,0.66452813,5.4671545
0.0065931226,0.008047536,0.0688,0.0608,0.4696,0.0736,,0.06720000000000001,0.7528,5.8830976,0.5421967,5.5665617,0.0023464968,0.0024009324,0.0256,0.020800000000000003,0.048,0.4088,0.116,0.024,0.0712,0.36287585,0.050160535,0.31405944,0.008202961,0.0728,0.19497497,0.0664,0.436,0.07759999999999999,,0.0712,0.7152000000000001,5.8419323,0.60020286,5.475893
0.006813244,0.008271208,0.0712,0.06319999999999999,0.3816,0.07440000000000001,,0.0664,0.6808,5.7366467,0.5641674,5.3953686,0.002519499,0.0023438837,0.033600000000000005,0.0272,0.0328,0.412,0.07600000000000001,0.0272,0.048,0.3279743,0.06620805,0.26106912,0.008411929,0.0712,0.18316972,0.064,0.3816,0.0728,,0.0664,0.6472,5.700419,0.58155376,5.337605
0.0067133904,0.008149165,0.0576,0.0512,0.43360000000000004,0.0592,,0.053599999999999995,0.7168,5.721446,0.44173023,5.4708138,0.0025679679,0.0024113683,0.0192,0.0144,0.0448,0.4088,0.088,0.0152,0.06720000000000001,0.37105072,0.032710932,0.33985922,0.0083278045,0.0576,0.20750019,0.0512,0.4184,0.0592,,0.053599999999999995,0.6776,5.675157,0.45796567,5.40477
0.0066716736,0.00830183,0.056,0.0504,0.38480000000000003,0.06,,0.0528,0.6776,5.575882,0.4535374,5.298511,0.0026155086,0.0022478742,0.0264,0.020800000000000003,0.0328,0.41759999999999997,0.0848,0.0256,0.052000000000000005,0.31452358,0.050989144,0.26524338,0.00846776,0.056,0.19829193,0.0504,0.324,0.06,,0.0528,0.5912000000000001,5.528579,0.4671273,5.234783
0.0068944576,0.008411891,0.056,0.052000000000000005,0.31679999999999997,0.0584,,0.053599999999999995,0.5736,5.3111596,0.4655687,5.0106,0.0027880475,0.0021912886,0.0152,0.0072,0.0368,0.4096,0.08,0.012,0.0576,0.2675623,0.02157453,0.24576303,0.008506277,0.056,0.14910817,0.052000000000000005,0.31679999999999997,0.0584,,0.053599999999999995,0.5736,5.291975,0.47673014,4.9779897
0.0069803325,0.008215068,0.0504,0.0488,0.2576,0.0552,,0.0512,0.5559999999999999,5.073118,0.43100947,4.7847633,0.0028803463,0.0022149433,0.0192,0.0144,0.032,0.3424,0.06319999999999999,0.02,0.041600000000000005,0.21631116,0.03553371,0.18036558,0.008376225,0.0528,0.19647802,0.0512,0.1888,0.0576,,0.053599999999999995,0.4688,5.0177402,0.4663977,4.697446
0.007010067,0.007963437,0.0432,0.04,0.2032,0.0464,1.5048,0.0432,0.5519999999999999,4.719304,0.35291642,4.482096,0.0030225052,0.0020727844,0.0192,0.012,0.0256,0.4184,0.0584,0.0184,0.0432,0.18900417,0.032353804,0.15642124,0.008102187,0.045599999999999995,0.18533249,0.0424,0.1864,0.0488,1.5024,0.045599999999999995,0.5152,4.6733146,0.38512966,4.4081707
0.007132554,0.008062847,0.0384,0.035199999999999995,0.1648,0.041600000000000005,1.4552,0.0376,0.41040000000000004,4.4533606,0.310906,4.2363453,0.0031389226,0.0021882737,0.0192,0.016,0.0144,0.3992,0.0544,0.016800000000000002,0.0288,0.19074328,0.034081973,0.15688491,0.008160804,0.0384,0.15509675,0.035199999999999995,0.14320000000000002,0.041600000000000005,1.4552,0.0384,0.41040000000000004,4.42937,0.3183844,4.204069
0.007134329,0.008282969,0.0432,0.041600000000000005,0.144,0.048,1.508,0.0448,0.41119999999999995,4.425956,0.3764952,4.1540217,0.003222641,0.0019886019,0.0128,0.008799999999999999,0.031200000000000002,0.4072,0.064,0.012,0.0408,0.1430284,0.02010633,0.12354821,0.008366166,0.0432,0.14114526,0.041600000000000005,0.1384,0.048,1.508,0.0448,0.33999999999999997,4.4020634,0.38397545,4.1215773
0.0072073326,0.008431861,0.0384,0.0384,0.12480000000000001,0.0448,1.3056,0.041600000000000005,0.3688,4.3423567,0.3407121,4.0909476,0.003262993,0.002180157,0.0112,0.0112,0.0256,0.3832,0.0592,0.0136,0.031200000000000002,0.106387004,0.020318294,0.08644301,0.008493407,0.0384,0.120457515,0.0392,0.12480000000000001,0.0448,1.3056,0.041600000000000005,0.3352,4.323675,0.34736276,4.0647383
0.007230854,0.008186443,0.044,0.0424,0.15760000000000002,0.0488,1.5488000000000002,0.0448,0.3712,4.438327,0.3801349,4.1638403,0.0032527887,0.0021903613,0.0184,0.0152,0.020800000000000003,0.3968,0.056799999999999996,0.017599999999999998,0.033600000000000005,0.16448015,0.032289565,0.13212913,0.0082663745,0.0464,0.13917719,0.0448,0.1544,0.0512,1.5464,0.0472,0.3512,4.418228,0.41194957,4.1162615
0.0072277472,0.00818955,0.0408,0.041600000000000005,0.11359999999999999,0.048,1.5256,0.0448,0.4064,4.4351096,0.36152712,4.1717186,0.0033536681,0.0020894818,0.008799999999999999,0.0056,0.028,0.3912,0.056,0.0112,0.04,0.12395447,0.014751604,0.10922838,0.008271555,0.0408,0.14092983,0.0424,0.11359999999999999,0.048,1.5256,0.0448,0.4024,4.4085507,0.36903483,4.1366787
0.007013395,0.008292954,0.0712,0.033600000000000005,0.1672,0.04,,0.036,0.4632,4.626052,0.3174673,4.5007915,0.0032400342,0.0022031157,0.0544,0.012,0.017599999999999998,0.4456,0.06,0.02,0.0328,0.18888782,0.035829604,0.15572512,0.008408876,0.0712,0.16623752,0.033600000000000005,0.1456,0.04,,0.036,0.4376,4.5935345,0.32475656,4.459064
0.0071691666,0.008359079,0.0552,0.053599999999999995,0.1792,0.06,,0.056,0.4512,4.792031,0.4964498,4.440546,0.003213133,0.0021140636,0.0184,0.0136,0.0256,0.41040000000000004,0.0656,0.0192,0.04,0.17949565,0.032621883,0.1459851,0.0084134005,0.048,0.11369817,0.0464,0.17679999999999998,0.0528,,0.0488,0.4584,4.781455,0.43101758,4.475365
0.007044905,0.008594289,0.0736,0.0344,0.2248,0.0424,1.4856,0.0368,0.5048,4.899761,0.3208079,4.7854843,0.0030498705,0.0021613725,0.0544,0.0136,0.033600000000000005,0.41040000000000004,0.061599999999999995,0.0152,0.041600000000000005,0.21115094,0.03519418,0.17659682,0.008760338,0.0736,0.19501145,0.0344,0.1784,0.0424,1.4856,0.0368,0.4688,4.8478045,0.32950917,4.7208643
0.007016945,0.008289404,0.0528,0.052000000000000005,0.3056,0.0592,,0.0544,0.5784,5.1852326,0.45734337,4.883564,0.002875708,0.0022195815,0.028,0.024,0.02,0.4272,0.0656,0.031200000000000002,0.0448,0.2164272,0.057857305,0.15995787,0.008408116,0.0552,0.16823871,0.0544,0.2776,0.061599999999999995,,0.056799999999999996,0.5504,5.1482635,0.49296242,4.8167057
0.0067979335,0.008397467,0.0464,0.041600000000000005,0.2712,0.0504,,0.045599999999999995,0.5216000000000001,5.192055,0.37322,4.960839,0.0026528458,0.0020945834,0.016,0.0112,0.0432,0.41600000000000004,0.0768,0.0128,0.056799999999999996,0.24025516,0.02623795,0.21370184,0.008513182,0.0464,0.16506577,0.041600000000000005,0.26880000000000004,0.0504,1.488,0.045599999999999995,0.5216000000000001,5.16096,0.38355553,4.9173775
0.0065085795,0.008464924,0.0528,0.0488,0.364,0.056799999999999996,,0.052000000000000005,0.6344,5.467319,0.43708545,5.197381,0.002300579,0.0020989897,0.020800000000000003,0.016,0.041600000000000005,0.4064,0.0816,0.016800000000000002,0.0528,0.33620667,0.035557356,0.30223233,0.008545585,0.0528,0.13750505,0.0488,0.272,0.056799999999999996,,0.052000000000000005,0.6344,5.4617977,0.4471489,5.1807547
0.006307985,0.008443622,0.056,0.0528,0.35919999999999996,0.0608,,0.056,0.6432,5.5974607,0.46679124,5.303891,0.0019501675,0.0023334476,0.017599999999999998,0.0144,0.0584,0.412,0.092,0.016,0.0648,0.38925573,0.032899246,0.35736853,0.008600982,0.056,0.1915814,0.0528,0.2968,0.0608,,0.056,0.6232,5.56917,0.48144886,5.2587605
0.006287349,0.008686155,0.06319999999999999,0.0576,0.3552,0.068,,0.061599999999999995,0.6584,5.807098,0.531544,5.481242,0.0016215551,0.0023141997,0.02,0.0144,0.044,0.3832,0.09999999999999999,0.016800000000000002,0.07039999999999999,0.4503055,0.03721527,0.416679,0.008778596,0.06319999999999999,0.1452507,0.0576,0.3496,0.068,,0.061599999999999995,0.6447999999999999,5.811124,0.5458127,5.4698524
0.00604304,0.008708566,0.07440000000000001,0.0656,0.3912,0.07600000000000001,,0.07039999999999999,0.6856000000000001,5.951941,0.6293835,5.5781555,0.001345354,0.0023584939,0.020800000000000003,0.0128,0.0528,0.41600000000000004,0.14320000000000002,0.0136,0.07440000000000001,0.45558125,0.031404838,0.4264769,0.008790713,0.07440000000000001,0.13681571,0.0656,0.38,0.07600000000000001,,0.07039999999999999,0.6856000000000001,5.9584584,0.64451396,5.56835
0.00596227,0.008567439,0.061599999999999995,0.0544,0.3976,0.064,,0.0592,0.6736,5.9093366,0.50835913,5.610885,0.0010948945,0.0023770463,0.0264,0.02,0.0448,0.42319999999999997,0.13040000000000002,0.020800000000000003,0.061599999999999995,0.49280235,0.048062716,0.44839215,0.008753927,0.061599999999999995,0.20678166,0.0544,0.3776,0.064,,0.0592,0.6616000000000001,5.8846264,0.524657,5.5671554
0.0058382293,0.00869148,0.0696,0.064,0.41759999999999997,0.0736,,0.068,0.6792,5.949112,0.5931755,5.5925236,0.000807098,0.0024329359,0.028,0.024,0.045599999999999995,0.41759999999999997,0.15200000000000002,0.0248,0.0656,0.560693,0.0583675,0.5054992,0.008784269,0.0696,0.1454764,0.064,0.3232,0.0736,,0.068,0.6792,5.9675517,0.6095925,5.5936346
0.005825359,0.008704351,0.061599999999999995,0.052000000000000005,0.4648,0.0656,,0.0592,0.748,6.1110973,0.50270283,5.8226314,0.0006322401,0.002375887,0.0408,0.033600000000000005,0.048,0.40480000000000005,0.176,0.0368,0.061599999999999995,0.58168066,0.09299353,0.49691868,0.008911888,0.061599999999999995,0.2162342,0.053599999999999995,0.4032,0.0656,,0.0592,0.6888,6.093585,0.5215149,5.784073
0.0057974,0.008621361,0.06,0.0528,0.4272,0.0648,,0.056,0.7304,6.071932,0.48029032,5.796225,0.00040450747,0.0026036196,0.0328,0.0256,0.0504,0.3464,0.1328,0.028,0.07919999999999999,0.6403531,0.07242617,0.573216,0.008882941,0.06,0.24328205,0.0528,0.3896,0.06319999999999999,,0.056,0.632,6.0473833,0.50000197,5.7481766
0.00566759,0.008751171,0.0736,0.06319999999999999,0.44,0.0768,,0.0712,0.724,6.1934767,0.61716104,5.835446,0.00015636704,0.0025038994,0.0288,0.0224,0.0544,0.4144,0.25279999999999997,0.0256,0.08,0.70041704,0.060572237,0.6471943,0.008936023,0.0736,0.20375405,0.0648,0.4328,0.0768,,0.0712,0.664,6.2070847,0.63979155,5.824809
0.0056025744,0.008816186,0.0872,0.08,0.4296,0.092,,0.0864,0.7288,6.3264484,0.77534753,5.8697844,3.0441544e-05,0.0025138715,0.0264,0.0232,0.07039999999999999,0.4192,0.17200000000000001,0.0248,0.0856,0.7382758,0.058839437,0.6837777,0.0089379465,0.0872,0.16525084,0.08,0.4296,0.092,,0.0864,0.7288,6.3617096,0.7995981,5.88008
0.005491848,0.008815965,0.0664,0.0552,0.49920000000000003,0.068,,0.0608,0.7552,6.4585323,0.5278018,6.180273,-0.00012864663,0.0026729596,0.0408,0.0344,0.056,0.424,0.2128,0.036,0.072,0.7706269,0.09446174,0.685517,0.009061053,0.0664,0.23311543,0.0552,0.4704,0.068,,0.0608,0.704,6.46186,0.5515706,6.156145
0.0055138157,0.008793997,0.0736,0.062400000000000004,0.496,0.0768,,0.0696,0.7999999999999999,6.5273757,0.6140003,6.193199,-0.00020842263,0.0026367821,0.0392,0.0344,0.0664,0.436,0.27440000000000003,0.035199999999999995,0.0896,0.83243006,0.09522796,0.7499871,0.00900567,0.0736,0.21724243,0.064,0.4792,0.0768,,0.0696,0.7847999999999999,6.5533733,0.64023316,6.191537
0.0055703996,0.008737413,0.0728,0.06,0.5024000000000001,0.07440000000000001,,0.068,0.7304,6.4473257,0.5796427,6.1362267,-0.00021653937,0.0028768058,0.0328,0.024,0.0664,0.41759999999999997,0.1872,0.024,0.07919999999999999,0.8161386,0.07237932,0.7523642,0.009005528,0.0728,0.24462658,0.0608,0.3992,0.07440000000000001,,0.068,0.7136,6.453039,0.60739475,6.1106777
0.0055486537,0.009092005,0.09680000000000001,0.08399999999999999,0.4648,0.0976,,0.0896,0.768,6.5584965,0.8273103,6.1005015,-0.00022511992,0.0028853863,0.0504,0.041600000000000005,0.0496,0.4352,0.3056,0.0464,0.0768,0.8683756,0.12577382,0.75578475,0.009276681,0.09680000000000001,0.19986945,0.0848,0.44480000000000003,0.09839999999999999,,0.09040000000000001,0.6888,6.6003423,0.8586787,6.1091275
0.0056118947,0.008917815,0.112,0.0992,0.4608,0.1144,,0.1048,0.7295999999999999,6.613915,0.98676664,6.046857,-0.0001279509,0.0027882173,0.024,0.0184,0.0816,0.4208,0.3352,0.0216,0.12,0.82564676,0.050020006,0.78193223,0.009001213,0.07039999999999999,0.26119193,0.0584,0.4744,0.0728,,0.0656,0.7712,6.6027985,0.57677865,6.2899294
0.005692665,0.008726096,0.08,0.0688,0.5504,0.0824,,0.0752,0.7824,6.5781894,0.6466076,6.228813,-7.5771844e-05,0.0027360385,0.031200000000000002,0.024,0.0664,0.3296,0.22719999999999999,0.0256,0.09839999999999999,0.8144573,0.07110778,0.7518424,0.008935766,0.08,0.21705559,0.0688,0.4696,0.0824,,0.07600000000000001,0.7071999999999999,6.599235,0.6765234,6.217678
0.0055133724,0.0086834915,0.0864,0.0752,0.496,0.0896,,0.08,0.852,6.679929,0.71347934,6.3003745,-3.1477615e-05,0.0028076975,0.0392,0.032,0.0728,0.42,0.2832,0.036,0.0848,0.8092973,0.09571798,0.72523105,0.008909945,0.0864,0.22593933,0.0752,0.496,0.0896,,0.0808,0.7952,6.691453,0.74543047,6.276217
0.005701319,0.00882839,0.09999999999999999,0.0864,0.4904,0.1024,,0.092,0.7512,6.599325,0.8443732,6.126241,4.8066475e-05,0.0028441069,0.0408,0.032,0.0648,0.3952,0.2888,0.0344,0.0896,0.7799031,0.096349,0.6934018,0.008966664,0.09999999999999999,0.17584378,0.0872,0.4904,0.1024,,0.0936,0.7512,6.6339946,0.8751878,6.128346
0.0058386726,0.008691037,0.0864,0.0728,0.5408,0.0896,,0.07919999999999999,0.8336,6.6230135,0.70863587,6.2396865,0.00017515148,0.0027170219,0.032,0.0256,0.072,0.4088,0.2288,0.0264,0.0856,0.78651255,0.07354697,0.71914357,0.008922991,0.0864,0.2285108,0.07440000000000001,0.4728,0.0896,,0.0808,0.752,6.629013,0.74042743,6.210183
0.005823806,0.008816852,0.07039999999999999,0.0576,0.5167999999999999,0.0728,,0.0664,0.8208000000000001,6.6960726,0.55487365,6.4171476,0.00030919374,0.0026989332,0.0304,0.0232,0.0728,0.3456,0.1784,0.0256,0.096,0.72447735,0.06928081,0.66116667,0.009067952,0.07039999999999999,0.23587969,0.0584,0.48400000000000004,0.0728,,0.0664,0.7647999999999999,6.679961,0.5824671,6.3688183
0.0058395606,0.008801097,0.068,0.0544,0.49679999999999996,0.0688,,0.061599999999999995,0.8368,6.604595,0.53584886,6.329776,0.00038618685,0.0027378937,0.020800000000000003,0.0136,0.0688,0.38799999999999996,0.16640000000000002,0.016,0.0936,0.7230859,0.039298028,0.6891115,0.009061833,0.068,0.24046634,0.056,0.48319999999999996,0.0688,,0.061599999999999995,0.7472,6.586768,0.5623786,6.2811127
0.005898363,0.008964192,0.0728,0.064,0.4768,0.0768,,0.07039999999999999,0.7687999999999999,6.580465,0.6113745,6.242072,0.00054272404,0.00269731,0.041600000000000005,0.0368,0.045599999999999995,0.4416,0.124,0.0392,0.0688,0.68835783,0.10419858,0.5913048,0.009115457,0.0728,0.18243048,0.064,0.4504,0.0768,,0.07039999999999999,0.7256,6.5961485,0.63513625,6.231333
0.0059478465,0.008803761,0.0872,0.07440000000000001,0.49279999999999996,0.0896,,0.0816,0.804,6.524269,0.724732,6.1314,0.0007342792,0.0027376618,0.0496,0.044,0.0368,0.4208,0.156,0.0464,0.0512,0.6861547,0.12358556,0.57460743,0.009011971,0.0872,0.21537556,0.0752,0.47759999999999997,0.0896,,0.0816,0.7552,6.520174,0.7538943,6.094701
0.00590968,0.008509081,0.0888,0.0768,0.5456,0.09040000000000001,,0.08399999999999999,0.8128,6.470903,0.7199483,6.083138,0.0009244429,0.0024315445,0.044,0.0368,0.0464,0.4424,0.1904,0.0408,0.07759999999999999,0.628062,0.09906484,0.533444,0.008661895,0.0888,0.18811862,0.07919999999999999,0.4856,0.09040000000000001,,0.08399999999999999,0.8008000000000001,6.4741964,0.7461635,6.0561485
0.006122257,0.0085184015,0.0824,0.07039999999999999,0.5016,0.0856,,0.0784,0.7304,6.3161297,0.67169684,5.9332466,0.001148465,0.0026713363,0.04,0.032,0.0512,0.4264,0.1688,0.0344,0.0608,0.58991337,0.09356287,0.5016728,0.008719032,0.0824,0.21493883,0.072,0.43679999999999997,0.0856,,0.0784,0.7223999999999999,6.2966137,0.69835633,5.8822775
0.006118041,0.008744514,0.0824,0.072,0.4712,0.0856,,0.0768,0.7183999999999999,6.3493586,0.6923237,5.963813,0.0013288885,0.0026068664,0.0256,0.0184,0.056,0.404,0.1384,0.0216,0.09040000000000001,0.5742598,0.05141656,0.5256753,0.008883151,0.0896,0.17690443,0.0808,0.4376,0.0928,,0.0856,0.6768000000000001,6.3513255,0.7918255,5.889246
0.006160423,0.008702132,0.0896,0.07919999999999999,0.4064,0.0928,,0.0864,0.6936,6.1793303,0.7638367,5.7318754,0.0014868171,0.0024489376,0.0376,0.032,0.036,0.43679999999999997,0.12,0.0344,0.056,0.48538142,0.08332882,0.40467778,0.00879714,0.0896,0.14710063,0.08,0.38239999999999996,0.0928,,0.0864,0.6824,6.1837373,0.7839432,5.7136507
0.0062642707,0.008487336,0.09040000000000001,0.08,0.424,0.0944,,0.0864,0.6992,6.1670156,0.7601384,5.7184505,0.0016354694,0.002416239,0.0376,0.0328,0.044,0.2952,0.136,0.033600000000000005,0.064,0.48972982,0.08225578,0.41111338,0.008579871,0.09040000000000001,0.14700006,0.08,0.424,0.0944,,0.0864,0.6992,6.1722355,0.78077364,5.700706
0.006171074,0.0084695835,0.09119999999999999,0.07919999999999999,0.45999999999999996,0.0936,,0.0872,0.7824,6.1563644,0.762275,5.707134,0.0017449296,0.0024227318,0.0216,0.017599999999999998,0.0648,0.3976,0.136,0.017599999999999998,0.0808,0.4736122,0.039904002,0.43523157,0.008563265,0.09119999999999999,0.14805381,0.0808,0.45999999999999996,0.0936,,0.0872,0.7232000000000001,6.158878,0.7828755,5.6866302
0.006343488,0.0085190665,0.068,0.06,0.456,0.072,,0.0648,0.7608,6.0935116,0.5571433,5.76577,0.0018819866,0.0025175822,0.036,0.0288,0.0432,0.4272,0.136,0.035199999999999995,0.053599999999999995,0.44758055,0.07943277,0.36826837,0.008666167,0.0696,0.184512,0.06319999999999999,0.396,0.0736,,0.06720000000000001,0.696,6.072196,0.5939618,5.709014
0.006310869,0.008551686,0.064,0.053599999999999995,0.4512,0.0664,,0.06,0.7592,6.1307354,0.5085035,5.850258,0.0019756772,0.0024238916,0.0296,0.0224,0.048,0.4224,0.10400000000000001,0.0288,0.0648,0.49013522,0.062318955,0.42949158,0.008748265,0.064,0.2123921,0.053599999999999995,0.44079999999999997,0.0664,,0.06,0.7144,6.0962944,0.5281274,5.792128
0.006485281,0.008488223,0.0656,0.0592,0.4528,0.0696,,0.06319999999999999,0.6568,6.02023,0.535159,5.708132,0.0021707113,0.0023448109,0.0248,0.020800000000000003,0.056,0.39840000000000003,0.09839999999999999,0.0216,0.0592,0.3904728,0.050310105,0.34026498,0.008669793,0.0656,0.20501864,0.0592,0.3832,0.0696,,0.06319999999999999,0.6295999999999999,5.973644,0.55341697,5.6383615
0.0066208597,0.008352644,0.06720000000000001,0.0592,0.4456,0.072,,0.0648,0.6552,5.9082274,0.54562855,5.585478,0.002311247,0.0023202288,0.0272,0.0224,0.0448,0.3944,0.1008,0.0272,0.0608,0.35533887,0.054769456,0.302696,0.008487779,0.06720000000000001,0.1786818,0.06,0.39999999999999997,0.072,,0.0656,0.6552,5.877317,0.5623074,5.535244
0.006529438,0.008444065,0.0696,0.06319999999999999,0.436,0.0736,,0.0664,0.6936,5.917104,0.57642114,5.572276,0.0023576282,0.0022738476,0.0224,0.017599999999999998,0.0384,0.4072,0.09839999999999999,0.017599999999999998,0.068,0.37574685,0.04256419,0.3344674,0.008550704,0.0848,0.15809739,0.0784,0.3992,0.0888,,0.0816,0.6784,5.902467,0.748801,5.4291363
0.0066843224,0.008511078,0.056799999999999996,0.0496,0.4168,0.0584,,0.0528,0.6704,5.722721,0.4536185,5.45234,0.0024564206,0.0022910086,0.028,0.0192,0.035199999999999995,0.40480000000000005,0.0888,0.0256,0.0528,0.34304798,0.051196933,0.2926082,0.008659295,0.056799999999999996,0.18528672,0.0496,0.3736,0.0584,,0.0528,0.6176,5.6879673,0.46740445,5.4011297
0.006606658,0.008366846,0.0528,0.0496,0.29919999999999997,0.0576,,0.0528,0.6456000000000001,5.4522295,0.4423728,5.17386,0.0025635615,0.0021838676,0.017599999999999998,0.012,0.041600000000000005,0.41040000000000004,0.0728,0.0144,0.0544,0.31290013,0.03111588,0.2837958,0.008519229,0.0528,0.18942246,0.0496,0.2856,0.0576,,0.0528,0.6024,5.413623,0.45472223,5.120735
0.0067315865,0.008130969,0.0448,0.0392,0.2768,0.0464,,0.041600000000000005,0.5888,5.0902596,0.3440529,4.87391,0.0026618901,0.0022014927,0.0192,0.010400000000000001,0.0384,0.4096,0.0848,0.0144,0.0488,0.26164868,0.028253682,0.23370388,0.008291118,0.0448,0.19686706,0.0392,0.24159999999999998,0.0464,,0.041600000000000005,0.5888,5.0431147,0.35394606,4.8146143
0.0068736,0.008099903,0.0472,0.0448,0.18239999999999998,0.0512,1.4112,0.0472,0.48879999999999996,4.6510153,0.38924643,4.379857,0.002727056,0.0019044199,0.0192,0.0152,0.0248,0.408,0.068,0.020800000000000003,0.0424,0.2249495,0.03364691,0.19109106,0.008189591,0.0472,0.1481308,0.0448,0.15760000000000002,0.0512,1.4112,0.0472,0.4632,4.6332808,0.3980245,4.3517776
0.0068518543,0.007788804,0.0488,0.0464,0.216,0.0528,,0.0496,0.5184,4.6132927,0.40488663,4.3314834,0.0028397627,0.0019076664,0.017599999999999998,0.0128,0.0256,0.4136,0.0576,0.016800000000000002,0.0384,0.20778836,0.029561635,0.17856808,0.007992227,0.0376,0.22610354,0.035199999999999995,0.1856,0.041600000000000005,,0.0384,0.4856,4.5424542,0.30686194,4.3290377
0.0069006714,0.007850936,0.032,0.0328,0.1832,0.0392,1.4856,0.035199999999999995,0.364,4.413586,0.26255733,4.2297444,0.0029341488,0.0020451874,0.016800000000000002,0.0128,0.0248,0.38720000000000004,0.045599999999999995,0.020800000000000003,0.032,0.18500361,0.030889768,0.15485571,0.008008616,0.0376,0.19876522,0.0384,0.148,0.0448,1.48,0.041600000000000005,0.3584,4.363218,0.3234312,4.1308875
0.0070983814,0.008540813,0.0464,0.044,0.14079999999999998,0.0504,1.3536000000000001,0.0464,0.3192,4.3740325,0.41126823,4.0693684,0.0030505662,0.0020447234,0.0152,0.0112,0.020800000000000003,0.3736,0.0584,0.0144,0.0376,0.15740655,0.02377579,0.1325925,0.008599289,0.0464,0.1166861,0.044,0.1184,0.0504,1.3528,0.0464,0.3192,4.362614,0.4181206,4.0500183
0.0071840333,0.008677057,0.0424,0.0424,0.1424,0.048,1.428,0.044,0.3312,4.52104,0.38632524,4.2393417,0.0031507497,0.0021764466,0.0152,0.012,0.028,0.396,0.056,0.0144,0.028,0.17526372,0.02766998,0.14917418,0.008750697,0.0424,0.1298244,0.0424,0.1368,0.048,1.428,0.044,0.3312,4.5056834,0.39365432,4.2159233
0.0070295935,0.0086096,0.035199999999999995,0.035199999999999995,0.1352,0.0424,1.2984,0.0384,0.2824,4.3665986,0.3231263,4.1260624,0.0032098861,0.0021173102,0.0136,0.016,0.0256,0.4008,0.0528,0.016800000000000002,0.028,0.1280125,0.025558462,0.101922944,0.008745814,0.035199999999999995,0.17672174,0.036,0.12,0.0424,1.2984,0.0384,0.2824,4.3210955,0.3304356,4.0717893
0.0071815928,0.008901395,0.0384,0.0392,0.12,0.045599999999999995,1.4552,0.041600000000000005,0.3992,4.6304893,0.36757672,4.3572235,0.0032493102,0.0023097934,0.012,0.010400000000000001,0.028,0.39999999999999997,0.0584,0.0144,0.0464,0.20199093,0.024095135,0.17880026,0.009067955,0.0384,0.19196133,0.0392,0.11359999999999999,0.045599999999999995,1.4288,0.041600000000000005,0.3584,4.583974,0.37726527,4.299799
0.0073315953,0.008418547,0.04,0.0384,0.1728,0.045599999999999995,,0.0408,0.4552,4.7030497,0.34969848,4.4543037,0.0033520448,0.002091105,0.0152,0.012,0.0304,0.4136,0.0552,0.017599999999999998,0.041600000000000005,0.11519991,0.026976112,0.08597964,0.0085743815,0.04,0.19094345,0.0384,0.15200000000000002,0.045599999999999995,1.3488,0.0408,0.3976,4.639438,0.35830057,4.379566
0.00711924,0.0088527985,0.0432,0.0408,0.1648,0.048,,0.0432,0.43679999999999997,4.967718,0.3919552,4.696227,0.0032919813,0.0020352153,0.0192,0.016,0.0264,0.41600000000000004,0.0544,0.020800000000000003,0.0432,0.13694076,0.03539456,0.10169091,0.008936951,0.0432,0.13733943,0.0408,0.1512,0.048,,0.0432,0.3808,4.939689,0.39985013,4.6592927
0.007200898,0.009214934,0.0448,0.0408,0.1832,0.0472,1.5224,0.0432,0.4616,5.178187,0.40009522,4.9045877,0.003233309,0.002209841,0.0192,0.0136,0.035199999999999995,0.408,0.0648,0.0184,0.0464,0.17375591,0.03390386,0.14036131,0.009338499,0.0448,0.16285636,0.0408,0.1728,0.0472,1.5224,0.0432,0.43920000000000003,5.137842,0.409207,4.8533874
0.007177155,0.008572986,0.056,0.053599999999999995,0.2576,0.0608,,0.056,0.508,5.300064,0.49759275,4.9695487,0.0031764917,0.0021507046,0.0192,0.0152,0.0328,0.41119999999999995,0.0648,0.016800000000000002,0.0368,0.19955555,0.03515152,0.16523333,0.008606543,0.056,0.088334106,0.053599999999999995,0.2576,0.0608,,0.056,0.508,5.2970037,0.5052311,4.958223
0.006965021,0.008563224,0.06,0.0552,0.29919999999999997,0.064,,0.0584,0.6088,5.4478474,0.51775765,5.116223,0.0029580353,0.0022532076,0.0248,0.0192,0.0384,0.4248,0.0816,0.0224,0.0432,0.25498137,0.04770233,0.20593303,0.00868371,0.06,0.16677637,0.0552,0.28080000000000005,0.064,,0.0584,0.5504,5.414587,0.530504,5.0673327
0.0067697526,0.008536596,0.048,0.0432,0.3704,0.052000000000000005,,0.0464,0.6384,5.6127157,0.38615835,5.3820543,0.0026479757,0.002215407,0.012,0.008799999999999999,0.0488,0.39280000000000004,0.0816,0.012,0.07600000000000001,0.32982937,0.01885287,0.31081298,0.008691881,0.048,0.18930888,0.0432,0.35359999999999997,0.052000000000000005,,0.0464,0.6328,5.5745096,0.3982508,5.329618
0.0067140562,0.00881419,0.056799999999999996,0.0512,0.316,0.06,,0.0544,0.6176,5.647166,0.48556864,5.338396,0.0023671365,0.0023802926,0.0184,0.012,0.041600000000000005,0.39999999999999997,0.0864,0.0144,0.056,0.2924341,0.03236771,0.2579959,0.008973723,0.056799999999999996,0.1888431,0.0512,0.308,0.06,1.5168,0.0544,0.5968,5.6016674,0.5001723,5.2739863
0.006438017,0.008757384,0.07039999999999999,0.062400000000000004,0.33599999999999997,0.0728,,0.0664,0.6824,5.876496,0.60145336,5.508258,0.0019464568,0.002453112,0.0264,0.02,0.04,0.4096,0.088,0.0216,0.06319999999999999,0.40815628,0.051384553,0.35760057,0.008870093,0.07039999999999999,0.15958472,0.06319999999999999,0.33599999999999997,0.0728,,0.0664,0.66,5.866685,0.6179439,5.479596
0.0061841668,0.008678388,0.0584,0.0528,0.42800000000000005,0.06319999999999999,,0.056,0.7376,6.080974,0.485739,5.8001633,0.0016459052,0.002405803,0.0296,0.0232,0.04,0.4032,0.11359999999999999,0.0256,0.062400000000000004,0.4661333,0.06234542,0.40641725,0.008845271,0.0584,0.19455807,0.0528,0.3792,0.06319999999999999,,0.056,0.7328,6.056365,0.50187534,5.7568197
0.0060195187,0.008953985,0.07039999999999999,0.0648,0.41600000000000004,0.0752,,0.0688,0.7288,6.251613,0.61997473,5.8828206,0.0013379328,0.0024818685,0.033600000000000005,0.028,0.041600000000000005,0.42,0.1184,0.032,0.0488,0.49268663,0.07791704,0.42033166,0.009068766,0.07039999999999999,0.15927042,0.0648,0.4088,0.0752,,0.0688,0.7128,6.2506275,0.6380495,5.861989
0.006092523,0.008659083,0.0664,0.0608,0.39359999999999995,0.07039999999999999,,0.0648,0.716,6.0925684,0.5621556,5.7570605,0.0010853863,0.002502508,0.028,0.0216,0.0576,0.42319999999999997,0.1424,0.0264,0.064,0.5420247,0.059874903,0.48567122,0.008845576,0.0664,0.20570655,0.0608,0.3816,0.07039999999999999,,0.0648,0.7056,6.074831,0.581835,5.716365
0.005929429,0.008711229,0.056799999999999996,0.048,0.452,0.0592,,0.0528,0.7168,6.1617446,0.44752568,5.9129977,0.0007957345,0.0026762062,0.0464,0.0368,0.036,0.4072,0.14,0.0424,0.048,0.5771005,0.105012104,0.47830814,0.008908534,0.056799999999999996,0.21085624,0.048,0.3992,0.0592,,0.0528,0.7168,6.1460595,0.4651269,5.8770247
0.005844442,0.008796216,0.0712,0.0608,0.4472,0.0728,,0.0664,0.7328,6.319014,0.5878158,5.9910507,0.00059513503,0.0026448988,0.0344,0.0256,0.0552,0.4328,0.1928,0.0288,0.072,0.6251632,0.07291502,0.5575623,0.008962278,0.0712,0.19280328,0.0608,0.4208,0.0728,,0.0664,0.7320000000000001,6.3217173,0.60932,5.9691696
0.0057760985,0.008753611,0.0664,0.0592,0.5,0.0688,,0.06319999999999999,0.7416,6.386692,0.5485884,6.0820274,0.00039012925,0.0025020442,0.0264,0.0184,0.0688,0.4168,0.13199999999999998,0.020800000000000003,0.0864,0.6477741,0.054738622,0.5971024,0.008915327,0.0808,0.19075748,0.0736,0.448,0.08320000000000001,,0.0784,0.7272,6.393663,0.72391456,5.9627414
0.00558793,0.008830831,0.12639999999999998,0.0824,0.4344,0.0944,,0.0888,0.792,6.370383,0.817008,6.0340986,0.00013503159,0.0026411884,0.0824,0.0424,0.0488,0.48240000000000005,0.2096,0.0432,0.08,0.75375557,0.11840403,0.6591376,0.008995547,0.12639999999999998,0.1916611,0.0824,0.4344,0.0944,,0.0888,0.72,6.3973184,0.84476435,6.031188
0.005685564,0.008955094,0.09119999999999999,0.07600000000000001,0.468,0.09119999999999999,,0.08399999999999999,0.7672,6.4287424,0.75993,6.004364,-8.055014e-06,0.002552368,0.0224,0.0144,0.08320000000000001,0.39280000000000004,0.23920000000000002,0.016800000000000002,0.1032,0.797876,0.040158864,0.76239413,0.009062764,0.09119999999999999,0.15429899,0.07759999999999999,0.4672,0.09119999999999999,,0.08399999999999999,0.7344,6.474989,0.78528404,6.0246096
0.005618329,0.008578535,0.0864,0.0728,0.492,0.0888,,0.0824,0.7744000000000001,6.480833,0.70458484,6.106271,-0.00014557583,0.0026898887,0.024,0.016800000000000002,0.0808,0.3816,0.2472,0.02,0.1056,0.8141674,0.050084937,0.77207625,0.00878174,0.0864,0.21554236,0.07600000000000001,0.45439999999999997,0.0888,,0.0824,0.7744000000000001,6.505002,0.73521185,6.0977902
0.005555976,0.008640888,0.1016,0.0888,0.47759999999999997,0.1048,,0.0976,0.8128,6.538137,0.84764785,6.0750384,-0.00020633546,0.0026346948,0.031200000000000002,0.0256,0.0784,0.4168,0.272,0.028,0.0992,0.84037286,0.06901065,0.7822802,0.00878616,0.112,0.18209791,0.0992,0.4672,0.1152,,0.108,0.7575999999999999,6.582221,0.98702085,6.0160313
0.005554201,0.008531715,0.0992,0.0848,0.5,0.1008,,0.0944,0.824,6.5688705,0.81306934,6.1323986,-0.00022604754,0.0026544072,0.041600000000000005,0.035199999999999995,0.0664,0.43119999999999997,0.27440000000000003,0.0376,0.1016,0.88542074,0.09674972,0.8047172,0.008682449,0.0992,0.18660781,0.0856,0.5,0.1008,,0.0944,0.824,6.6190987,0.84455186,6.1510954
0.005563965,0.008743848,0.1424,0.0928,0.5095999999999999,0.108,,0.0992,0.7504000000000001,6.4825516,0.88960457,6.1447134,-0.0002309176,0.0027752307,0.072,0.0296,0.0656,0.4488,0.3024,0.031200000000000002,0.09680000000000001,0.8571861,0.0829137,0.7943394,0.008913668,0.1424,0.19551218,0.0928,0.4864,0.108,,0.1008,0.7504000000000001,6.525573,0.92413414,6.149659
0.005610563,0.008475353,0.1536,0.1032,0.5256,0.1192,,0.1096,0.7647999999999999,6.319125,0.9708967,5.9344673,-0.0001446482,0.0025730077,0.056,0.012,0.0936,0.4344,0.25120000000000003,0.016,0.1312,0.8421122,0.03412511,0.8259946,0.00863359,0.1536,0.1917518,0.1032,0.47759999999999997,0.1192,,0.1096,0.7464,6.363796,1.0068334,5.9404445
0.005539556,0.008324463,0.1032,0.09040000000000001,0.5376000000000001,0.1056,,0.09680000000000001,0.7776,6.5311475,0.83065677,6.0954533,-7.948236e-05,0.0026237953,0.0272,0.0216,0.0928,0.41600000000000004,0.25839999999999996,0.0224,0.1152,0.83138645,0.053263463,0.78604865,0.008519417,0.1056,0.21434228,0.0928,0.5048,0.108,,0.0992,0.7752,6.558532,0.8892287,6.0691805
0.005541997,0.008211073,0.112,0.0976,0.5504,0.1152,,0.1048,0.7816,6.42092,0.8947016,5.9422884,-4.3304877e-05,0.0024716645,0.0232,0.016800000000000002,0.0848,0.41600000000000004,0.2504,0.0184,0.11359999999999999,0.8023981,0.043037754,0.76645255,0.008400935,0.112,0.2130054,0.09839999999999999,0.49360000000000004,0.1152,,0.1048,0.7816,6.4454327,0.9301304,5.9283485
0.0056593805,0.0080936905,0.092,0.07919999999999999,0.5631999999999999,0.096,,0.09040000000000001,0.8376,6.355294,0.7135373,5.98162,0.00011787046,0.0026583495,0.035199999999999995,0.0304,0.0656,0.432,0.2552,0.032,0.0856,0.76314783,0.08218134,0.68963337,0.008253199,0.092,0.19692387,0.08,0.5536,0.096,,0.09040000000000001,0.8368,6.3817782,0.7436794,5.9756923
0.005660712,0.008203307,0.0752,0.062400000000000004,0.5224,0.0768,,0.0688,0.8504,6.45892,0.5511,6.1925325,0.00016425186,0.0026119682,0.033600000000000005,0.0272,0.064,0.4144,0.1984,0.028,0.1128,0.7861067,0.07306136,0.72128856,0.008424147,0.0752,0.22947957,0.062400000000000004,0.5176000000000001,0.0768,,0.0696,0.8456,6.4684153,0.57912993,6.170423
0.0056731375,0.008745624,0.0944,0.0816,0.5312,0.096,,0.0888,0.7728,6.5693145,0.7680372,6.156254,0.00022362005,0.0027845069,0.044,0.036,0.06,0.4424,0.1896,0.04,0.08399999999999999,0.7735837,0.10537504,0.6785018,0.008874856,0.0944,0.17086317,0.0816,0.4632,0.096,,0.0888,0.7696000000000001,6.605189,0.79647547,6.1618853
0.0059101237,0.008841483,0.0872,0.07759999999999999,0.452,0.09119999999999999,,0.08320000000000001,0.816,6.5972733,0.74326706,6.1857653,0.00038989735,0.0026182297,0.0384,0.032,0.062400000000000004,0.3992,0.2784,0.0368,0.08320000000000001,0.7322463,0.094251625,0.64702034,0.0089806095,0.1048,0.17624977,0.0952,0.4344,0.1088,,0.1008,0.7632,6.6234603,0.9598539,6.0556984
0.0057794265,0.008750283,0.092,0.0784,0.48960000000000004,0.0944,,0.0864,0.792,6.701398,0.7797258,6.2835665,0.0005457388,0.0026942953,0.04,0.032,0.0576,0.4168,0.1736,0.035199999999999995,0.068,0.73734826,0.0932034,0.65571696,0.008883859,0.092,0.17362939,0.0808,0.48960000000000004,0.0936,,0.0864,0.792,6.7280207,0.80686677,6.2817154
0.0059065735,0.008734085,0.0848,0.0712,0.5095999999999999,0.08399999999999999,,0.0768,0.7864,6.5512285,0.68228114,6.1873183,0.0007189734,0.0025210606,0.0232,0.016,0.07600000000000001,0.3992,0.2408,0.016800000000000002,0.07600000000000001,0.69102466,0.040411875,0.6550791,0.008899788,0.0848,0.19327141,0.0712,0.4688,0.08399999999999999,,0.07759999999999999,0.7856000000000001,6.561978,0.7084556,6.169053
0.0061479975,0.008714558,0.0856,0.072,0.504,0.0872,,0.07919999999999999,0.7152000000000001,6.388135,0.68925864,6.000592,0.0009824197,0.0028373816,0.0288,0.02,0.0584,0.39280000000000004,0.156,0.0216,0.0768,0.6313087,0.05703984,0.5770424,0.00885342,0.0864,0.17734513,0.0728,0.47759999999999997,0.088,,0.0808,0.7144,6.399314,0.7232284,5.977252
0.006103618,0.008758937,0.0664,0.0544,0.5,0.07039999999999999,,0.062400000000000004,0.724,6.425747,0.521959,6.1494846,0.0011598284,0.0025440194,0.020800000000000003,0.0144,0.07039999999999999,0.4144,0.156,0.017599999999999998,0.07600000000000001,0.5714189,0.041446414,0.53199464,0.008906834,0.0664,0.18248887,0.056,0.4416,0.07039999999999999,,0.06319999999999999,0.724,6.4227467,0.5425841,6.123085
0.006211016,0.008873437,0.0752,0.06720000000000001,0.4416,0.07919999999999999,,0.0728,0.748,6.33255,0.655476,5.945118,0.0014142302,0.002405571,0.0184,0.0128,0.061599999999999995,0.4016,0.15839999999999999,0.0152,0.0928,0.5223127,0.034804367,0.49019358,0.009036673,0.0752,0.19035995,0.06720000000000001,0.436,0.07919999999999999,,0.0728,0.7008,6.316988,0.6768992,5.904852
0.0062640496,0.0085985055,0.0608,0.0528,0.4496,0.0648,,0.0592,0.7408,6.2234316,0.5001556,5.9361863,0.0015260093,0.0025256989,0.0256,0.0216,0.0464,0.4168,0.1632,0.0232,0.0664,0.5154715,0.058675252,0.45877025,0.008815949,0.06319999999999999,0.22256139,0.056799999999999996,0.4328,0.06720000000000001,,0.062400000000000004,0.6848,6.183712,0.5458603,5.8549547
0.0067695305,0.008203973,0.0368,0.06319999999999999,0.404,0.0768,,0.07039999999999999,0.6176,5.4435754,0.34221208,5.2052584,0.0018402433,0.0023274184,-0.016,0.016800000000000002,0.061599999999999995,0.26080000000000003,0.1032,0.016800000000000002,0.07039999999999999,0.17926423,0.0,0.2220511,0.00834282,0.0368,0.1826971,0.064,0.3896,0.0768,1.4912,0.07039999999999999,0.5848,5.3855486,0.3504273,5.136177
0.0063816546,0.008702798,0.0736,0.064,0.41759999999999997,0.0768,,0.07039999999999999,0.7168,6.088408,0.61259973,5.7280474,0.0018142698,0.0024693452,0.04,0.0328,0.032,0.3808,0.112,0.036,0.0504,0.46149495,0.08972481,0.37603724,0.0088383015,0.0736,0.1753329,0.0648,0.41759999999999997,0.0768,,0.07039999999999999,0.6112,6.075565,0.6321565,5.69314
0.006355027,0.008618476,0.064,0.056799999999999996,0.4304,0.06720000000000001,,0.061599999999999995,0.7120000000000001,6.042808,0.5317094,5.73193,0.0019167727,0.0023668425,0.028,0.020800000000000003,0.041600000000000005,0.42800000000000005,0.1168,0.0216,0.0544,0.4496677,0.056633994,0.3970248,0.008778996,0.064,0.19152325,0.056799999999999996,0.4304,0.06720000000000001,,0.061599999999999995,0.6736,6.017914,0.54926777,5.6865206
0.0064597623,0.008735638,0.0696,0.0656,0.33280000000000004,0.07440000000000001,,0.068,0.6224,5.866955,0.5999019,5.4986057,0.002033422,0.0023661465,0.0344,0.0288,0.035199999999999995,0.4304,0.09839999999999999,0.031200000000000002,0.0448,0.43024534,0.0765824,0.35568726,0.008803461,0.0696,0.12420888,0.0656,0.33280000000000004,0.07440000000000001,,0.0688,0.6224,5.8750587,0.61434776,5.4911165
0.0064160484,0.008557456,0.0504,0.045599999999999995,0.42160000000000003,0.0552,,0.0488,0.6664,5.834392,0.40575963,5.5939665,0.0021605073,0.002355015,0.0248,0.0192,0.0384,0.4224,0.1048,0.0216,0.0544,0.36194843,0.04993071,0.31290013,0.00871684,0.0504,0.19152373,0.045599999999999995,0.37679999999999997,0.0552,,0.0488,0.6664,5.796611,0.4197623,5.5392375
0.006592901,0.008269655,0.056,0.053599999999999995,0.4072,0.06319999999999999,,0.056799999999999996,0.6376000000000001,5.737034,0.47524992,5.442688,0.0023110148,0.002320461,0.0248,0.0248,0.0464,0.35760000000000003,0.0768,0.0248,0.0488,0.31910372,0.054193404,0.26518533,0.0084508695,0.06,0.20746304,0.0576,0.3712,0.06720000000000001,,0.06,0.6335999999999999,5.679741,0.5326959,5.335823
0.006585356,0.008499096,0.052000000000000005,0.0472,0.3728,0.0544,,0.0496,0.636,5.5827045,0.42218775,5.3249717,0.0023587877,0.0021567345,0.031200000000000002,0.0256,0.04,0.4224,0.08,0.0256,0.044,0.33591688,0.05964646,0.27770823,0.008623757,0.052000000000000005,0.17023838,0.0472,0.3728,0.0544,,0.0496,0.6008,5.558914,0.43390235,5.28756
0.006800374,0.008505975,0.07759999999999999,0.0392,0.19360000000000002,0.0464,,0.041600000000000005,0.4416,4.8384075,0.36741716,4.6851873,0.0026822977,0.0020651314,0.052000000000000005,0.010400000000000001,0.033600000000000005,0.44079999999999997,0.0696,0.016800000000000002,0.0408,0.22442788,0.028483968,0.19810644,0.008634693,0.07759999999999999,0.17288272,0.0392,0.1856,0.0464,1.3712000000000002,0.041600000000000005,0.4416,4.804888,0.37603375,4.6404476
0.0068039247,0.008169578,0.0472,0.0424,0.232,0.0496,,0.045599999999999995,0.5519999999999999,4.851388,0.38503623,4.5932107,0.0027778435,0.0019695857,0.0152,0.0096,0.0288,0.4144,0.0736,0.0096,0.0464,0.21248454,0.01817385,0.19370008,0.008286954,0.048,0.1685079,0.0432,0.2128,0.0504,,0.0464,0.5192,4.8183093,0.40115502,4.544574
0.0068272236,0.008368177,0.035199999999999995,0.031200000000000002,0.1776,0.0384,,0.0344,0.44,4.721967,0.2833242,4.532134,0.0028506622,0.0020127206,0.0184,0.0112,0.031200000000000002,0.41759999999999997,0.0608,0.016800000000000002,0.0368,0.17572738,0.030059082,0.14557949,0.008510318,0.035199999999999995,0.18302348,0.031200000000000002,0.1608,0.0384,1.564,0.0344,0.4008,4.675083,0.29046834,4.4764338
0.0069406126,0.008476685,0.048,0.0448,0.1416,0.0512,1.4832,0.0472,0.41040000000000004,4.6598916,0.42516786,4.3563366,0.002909567,0.002301676,0.0184,0.016,0.0184,0.41759999999999997,0.056,0.016800000000000002,0.0296,0.17410354,0.033110503,0.13920155,0.008553285,0.0512,0.13393253,0.048,0.1384,0.0552,1.48,0.0504,0.4072,4.641408,0.4669289,4.3026676
0.0069825514,0.009100435,0.0344,0.032,0.15519999999999998,0.0392,1.5488000000000002,0.036,0.3336,4.7687874,0.3173162,4.5404553,0.0030359558,0.0022912407,0.02,0.0152,0.0248,0.4024,0.0544,0.017599999999999998,0.0328,0.1861053,0.039540134,0.14784065,0.009259971,0.0344,0.1858937,0.032,0.1336,0.0392,,0.036,0.28719999999999996,4.7210245,0.3251297,4.4836392
0.0069441632,0.009360721,0.07919999999999999,0.0432,0.1296,0.0504,1.3376,0.045599999999999995,0.3392,4.6970587,0.46294686,4.4420996,0.0030728292,0.0023703207,0.0528,0.0144,0.016800000000000002,0.452,0.0544,0.0192,0.0256,0.1541599,0.04234295,0.11183688,0.009454277,0.07919999999999999,0.14079694,0.0432,0.1184,0.0504,1.3376,0.045599999999999995,0.3192,4.6722126,0.47177,4.406238
0.007105926,0.00065592723,0.952,1.3224,0.0008,1.3504,0.0016,1.3384,0.0008,0.026405664,0.02233164,0.013726498,0.0031043685,0.0005994793,-0.3688,0.0,0.0008,0.0264,0.0008,0.0224,0.0008,0.0068991072,0.0,0.005855527,0.00065622333,0.952,0.030043108,1.3224,0.0008,1.3504,0.0016,1.3384,0.0008,0.026600987,0.022552485,0.013548584
0.007124787,0.009180097,0.0328,0.0328,0.148,0.0392,1.4104,0.0344,0.3776,4.887336,0.3084835,4.6642184,0.0031908697,0.0022522802,0.0144,0.010400000000000001,0.0232,0.40559999999999996,0.061599999999999995,0.016800000000000002,0.0392,0.120707504,0.027554257,0.090907454,0.009292444,0.0328,0.15565765,0.0328,0.1472,0.0392,1.2624,0.0344,0.376,4.84696,0.31563646,4.6151433
0.007144536,0.009382245,0.0368,0.033600000000000005,0.176,0.0408,,0.036,0.4792,5.275156,0.33206254,5.051595,0.0032685585,0.0021745914,0.0136,0.0128,0.041600000000000005,0.3944,0.0712,0.0128,0.041600000000000005,0.2277905,0.022705777,0.2069189,0.009516826,0.0368,0.16837385,0.033600000000000005,0.16799999999999998,0.0408,,0.036,0.4424,5.238731,0.3404185,5.0058565
0.0071591814,0.009700445,0.044,0.04,0.148,0.048,,0.0432,0.48240000000000005,5.403523,0.42379647,5.109066,0.0032578907,0.0024171663,0.0136,0.008,0.0368,0.3552,0.072,0.0136,0.0432,0.19671513,0.023003083,0.17456803,0.0098729255,0.0448,0.18719618,0.0408,0.1376,0.0488,,0.044,0.408,5.3457327,0.44384277,5.0317445
0.00727834,0.00935939,0.0368,0.035199999999999995,0.20240000000000002,0.041600000000000005,1.4591999999999998,0.0368,0.5344,5.4523964,0.34033087,5.2198477,0.0033065912,0.0024844192,0.0184,0.0144,0.031200000000000002,0.41600000000000004,0.053599999999999995,0.0192,0.045599999999999995,0.18778668,0.037197642,0.14952202,0.009469646,0.0368,0.15274659,0.035199999999999995,0.20240000000000002,0.041600000000000005,1.4591999999999998,0.0376,0.44480000000000003,5.417485,0.3488875,5.1751013
0.0071518584,0.009042077,0.0512,0.0472,0.2896,0.0552,,0.0496,0.5432,5.666638,0.45864677,5.3709607,0.0031945803,0.0022485696,0.0184,0.0128,0.0424,0.4088,0.0664,0.0144,0.0528,0.22692075,0.03258478,0.19317828,0.009155535,0.0512,0.15759432,0.0472,0.26399999999999996,0.0552,,0.0496,0.5432,5.6320286,0.47019824,5.3223634
0.006987655,0.008873435,0.0592,0.0528,0.2984,0.061599999999999995,,0.056,0.6376000000000001,5.6943746,0.49908748,5.387491,0.0030155482,0.0021956947,0.0184,0.012,0.0504,0.4016,0.09680000000000001,0.0152,0.064,0.27712852,0.029049585,0.24756037,0.00899932,0.0592,0.16745791,0.0528,0.2736,0.061599999999999995,,0.056,0.6095999999999999,5.6609106,0.51221097,5.3382006
0.0069093253,0.008840817,0.064,0.0576,0.296,0.0664,,0.0608,0.6,5.6491632,0.5558208,5.2924643,0.002752102,0.0023431876,0.028,0.0232,0.041600000000000005,0.408,0.088,0.0232,0.045599999999999995,0.2868685,0.05742943,0.23074701,0.00901497,0.064,0.19687963,0.0576,0.26,0.0664,,0.0608,0.5512,5.5961456,0.572157,5.2194138
0.006723376,0.009026766,0.0648,0.0584,0.3256,0.06720000000000001,,0.062400000000000004,0.624,5.942178,0.5745089,5.583814,0.0024320702,0.0024313126,0.0248,0.017599999999999998,0.0496,0.376,0.0872,0.0216,0.0544,0.373254,0.048121605,0.3267567,0.009170918,0.0648,0.17753705,0.0584,0.312,0.06720000000000001,,0.062400000000000004,0.6080000000000001,5.9146957,0.5905726,5.537985
0.006449777,0.008856572,0.0592,0.052000000000000005,0.39840000000000003,0.0608,,0.0552,0.7071999999999999,6.0710444,0.48874176,5.790012,0.0020804992,0.0023190696,0.024,0.016800000000000002,0.0504,0.4224,0.09999999999999999,0.0192,0.061599999999999995,0.43134677,0.04498994,0.38867593,0.009004117,0.0592,0.18128085,0.052000000000000005,0.3744,0.0608,,0.0552,0.644,6.049329,0.504774,5.749655
0.006312423,0.008882977,0.0648,0.0576,0.4296,0.06720000000000001,,0.06,0.6768000000000001,6.1391115,0.5372329,5.8242397,0.0016799956,0.0024876662,0.020800000000000003,0.0136,0.0488,0.42,0.1288,0.0184,0.07759999999999999,0.4705975,0.03928551,0.43198493,0.009018925,0.0648,0.17384827,0.0576,0.384,0.06720000000000001,,0.06,0.6768000000000001,6.1279736,0.5556455,5.792015
0.006163974,0.008920478,0.07440000000000001,0.06720000000000001,0.4496,0.0768,,0.0712,0.728,6.3121357,0.6403264,5.939127,0.0014109836,0.002756678,0.0296,0.0232,0.0424,0.4008,0.16,0.0248,0.072,0.5231242,0.06419626,0.46143696,0.009062328,0.07440000000000001,0.1771652,0.06720000000000001,0.4032,0.0768,,0.0712,0.7024,6.3055286,0.6611609,5.9087467
0.0060918573,0.008992595,0.07919999999999999,0.07039999999999999,0.4064,0.0816,,0.07600000000000001,0.7095999999999999,6.23841,0.69377714,5.8260145,0.0011090409,0.0024788533,0.02,0.0128,0.0592,0.3912,0.17679999999999998,0.016,0.0752,0.567998,0.037737057,0.5344874,0.009058102,0.07919999999999999,0.12033874,0.07039999999999999,0.39280000000000004,0.0816,,0.07600000000000001,0.6568,6.2614813,0.7107177,5.831607
0.005882165,0.008536596,0.0752,0.068,0.452,0.0808,,0.07440000000000001,0.7496,6.316906,0.64456034,5.947115,0.00085116026,0.0026207806,0.028,0.0232,0.0552,0.424,0.1712,0.0288,0.062400000000000004,0.5996535,0.06447825,0.53982145,0.008641949,0.0752,0.1563057,0.068,0.452,0.0808,,0.07440000000000001,0.7496,6.3332453,0.66479975,5.9416265
0.0057603433,0.00854747,0.0824,0.072,0.48240000000000005,0.0856,,0.07759999999999999,0.7632,6.3514667,0.67846316,5.9734654,0.00058284396,0.0027731434,0.028,0.0232,0.0432,0.4192,0.1688,0.024,0.0728,0.6499193,0.059027277,0.59797204,0.008720702,0.08399999999999999,0.19965206,0.0736,0.45999999999999996,0.0872,,0.08,0.7248,6.354196,0.7215362,5.936289
0.0057705506,0.008537263,0.0848,0.0712,0.4944,0.0856,,0.07759999999999999,0.7056,6.3737674,0.6691843,6.0160694,0.00039036112,0.002617766,0.031200000000000002,0.0232,0.06319999999999999,0.4248,0.2136,0.0248,0.0992,0.69838786,0.06348036,0.63959944,0.008726215,0.0848,0.20848003,0.0712,0.4792,0.0848,,0.07759999999999999,0.7056,6.3803015,0.69667023,5.991518
0.0057117483,0.008707013,0.09839999999999999,0.08320000000000001,0.4808,0.09839999999999999,,0.0888,0.7223999999999999,6.463358,0.80113596,6.0335436,0.00023405587,0.0026581176,0.048,0.0384,0.0592,0.4224,0.2048,0.0424,0.072,0.735377,0.111018494,0.6368165,0.0088350335,0.09839999999999999,0.17044227,0.08399999999999999,0.44480000000000003,0.09839999999999999,,0.09119999999999999,0.7223999999999999,6.4944363,0.82934785,6.0345035
0.0055852667,0.008500649,0.0824,0.072,0.5064000000000001,0.088,,0.08,0.8056,6.4453845,0.6654305,6.087576,6.9170004e-05,0.0025910963,0.045599999999999995,0.0432,0.0544,0.4096,0.2424,0.0448,0.0768,0.74192834,0.1127905,0.63722235,0.008655195,0.0712,0.24832533,0.062400000000000004,0.4608,0.0768,,0.0688,0.7183999999999999,6.4300265,0.57947725,6.1135774
0.0055515384,0.008201532,0.0872,0.0736,0.5224,0.09040000000000001,,0.0824,0.8616,6.409992,0.67584234,6.062723,-0.000101281614,0.0025296411,0.04,0.033600000000000005,0.062400000000000004,0.41119999999999995,0.27599999999999997,0.0344,0.092,0.8157328,0.09355126,0.73259413,0.008379531,0.0872,0.20648357,0.0752,0.5112,0.09040000000000001,,0.0824,0.7896000000000001,6.4410715,0.7055355,6.061859
0.0055380026,0.008326016,0.108,0.0936,0.5167999999999999,0.1088,,0.1016,0.784,6.391852,0.8603987,5.930417,-0.00020332068,0.00263168,0.033600000000000005,0.0248,0.08320000000000001,0.42319999999999997,0.3688,0.0288,0.1048,0.8356768,0.07203401,0.7749172,0.0084761195,0.108,0.18847544,0.0952,0.43360000000000004,0.1088,,0.1016,0.784,6.4352326,0.8934561,5.9400396
0.005583048,0.008059074,0.0928,0.07919999999999999,0.5512,0.0944,,0.0864,0.8512,6.4093266,0.6965353,6.0668283,-0.00019172534,0.0026200847,0.0488,0.041600000000000005,0.064,0.4488,0.3528,0.0424,0.09040000000000001,0.8392714,0.11205235,0.7397832,0.00823487,0.0928,0.2069983,0.07919999999999999,0.52,0.0944,,0.0864,0.8488,6.444991,0.7276631,6.069268
0.0054416996,0.008200422,0.14079999999999998,0.12639999999999998,0.5288,0.1416,,0.1336,0.8168,6.5094566,1.1629076,5.878715,-0.00022187323,0.0027661861,0.0496,0.0408,0.056,0.436,0.26880000000000004,0.0464,0.0952,0.8667522,0.11677349,0.7669163,0.008322241,0.1008,0.23706838,0.0872,0.5272,0.1016,,0.0936,0.7928,6.530952,0.80705404,6.1092935
0.005589039,0.008164031,0.0864,0.072,0.5728000000000001,0.0888,,0.0816,0.86,6.4522076,0.63829446,6.1272397,-0.00015415638,0.0024665627,0.028,0.02,0.0712,0.3632,0.2256,0.028,0.1296,0.85480905,0.05734132,0.80425334,0.00833007,0.0864,0.19999494,0.0728,0.5536,0.0888,,0.0816,0.808,6.4934196,0.6681506,6.1364822
0.005567959,0.0080741625,0.1104,0.09680000000000001,0.5272,0.11359999999999999,,0.1064,0.8632,6.4614716,0.8719231,5.996598,-7.41485e-05,0.0027344148,0.0392,0.0328,0.07440000000000001,0.37520000000000003,0.2776,0.033600000000000005,0.1104,0.82042885,0.09108354,0.7400731,0.008249303,0.1104,0.20642982,0.09839999999999999,0.5055999999999999,0.11359999999999999,,0.1064,0.8032,6.492449,0.90796316,5.988437
0.0056007993,0.00049682707,-0.1976,0.1776,0.0008,0.1952,0.0024,0.1776,0.0008,0.033561744,0.0,0.04021865,-1.4316499e-05,0.0007033738,0.6928,1.0608,0.0008,1.088,0.0008,1.0608,0.0008,0.032408997,0.023904506,0.014360144,0.0007409616,-0.112,-1.1906621,0.2248,0.0008,0.28719999999999996,0.0016,0.2376,0.0008,-0.017642554,0.0,-0.010339615
0.005541109,0.008211961,0.09119999999999999,0.07759999999999999,0.5896,0.0952,,0.0864,0.7976,6.455537,0.6957383,6.102609,0.00010511559,0.0024391974,0.0256,0.0216,0.0872,0.40559999999999996,0.24639999999999998,0.0232,0.1192,0.79346967,0.054399803,0.7446533,0.008394999,0.09119999999999999,0.20920303,0.0808,0.5640000000000001,0.0952,,0.0896,0.7976,6.479573,0.72632587,6.0930414
0.0096559655,0.0012124451,-0.39840000000000003,0.0016,0.0032,0.0016,0.0952,0.0016,0.0304,-2.3132753,0.0,-1.1222434,0.0004757029,0.00044526142,-0.3552,0.0432,0.0008,0.044,0.0032,0.044,0.0024,-0.22819641,0.0,-0.12998381,0.0036875368,1.5544,-3.0420632,1.276,,1.7296,,1.4896,,2.3245015,4.3360066,0.18086171
0.0057787606,0.008529052,0.09999999999999999,0.0848,0.4904,0.1016,,0.0928,0.78,6.464135,0.8047369,6.0355415,0.00030362795,0.002704499,0.0296,0.0216,0.07600000000000001,0.4024,0.19679999999999997,0.0256,0.0936,0.7230859,0.058439158,0.67160255,0.008682106,0.0848,0.24723643,0.0712,0.49360000000000004,0.0864,,0.07759999999999999,0.7736,6.444534,0.6809483,6.0794296
0.005695772,0.008722989,0.13040000000000002,0.08,0.5279999999999999,0.0976,,0.088,0.8104,6.378149,0.789441,6.0883517,0.00042630674,0.0025818204,0.07759999999999999,0.0344,0.061599999999999995,0.448,0.1424,0.0368,0.07919999999999999,0.6867345,0.091580294,0.6083499,0.00883818,0.13040000000000002,0.16162793,0.0816,0.4864,0.0976,,0.088,0.7736,6.405533,0.814687,6.0880337
0.005810714,0.008497098,0.07440000000000001,0.064,0.5464,0.07600000000000001,,0.07039999999999999,0.8184,6.4715686,0.5880821,6.1623554,0.0005520003,0.0025720801,0.0248,0.0192,0.0824,0.3664,0.2032,0.0232,0.116,0.7222163,0.048311092,0.67919755,0.0087547405,0.0856,0.2432047,0.0752,0.47759999999999997,0.0872,,0.0816,0.7312,6.455038,0.7332029,6.035315
0.0059229936,0.008495768,0.0768,0.06319999999999999,0.5416000000000001,0.0784,,0.0712,0.792,6.4184246,0.5958048,6.1125393,0.00074564264,0.0026103447,0.0224,0.016,0.06319999999999999,0.412,0.21680000000000002,0.0192,0.0976,0.6361208,0.041550305,0.59716046,0.008684082,0.0976,0.20863293,0.08399999999999999,0.48240000000000005,0.0992,,0.092,0.7712,6.410996,0.8359162,5.934806
0.005970258,0.008337555,0.0864,0.072,0.5136000000000001,0.088,,0.08,0.7768,6.3095284,0.6802232,5.9417343,0.0009383574,0.0025335834,0.0576,0.0496,0.0392,0.4536,0.19679999999999997,0.0512,0.0512,0.6049872,0.12954322,0.4824244,0.0085634235,0.0864,0.23018564,0.0736,0.4584,0.088,,0.08,0.7016,6.2811413,0.70701313,5.880666
0.006127583,0.008734972,0.1008,0.0888,0.4672,0.1032,,0.096,0.6904,6.392018,0.88525546,5.8737774,0.0011897444,0.0026300568,0.0264,0.0192,0.0552,0.41119999999999995,0.1856,0.020800000000000003,0.0784,0.610785,0.05304941,0.56196856,0.008864393,0.06319999999999999,0.23340851,0.053599999999999995,0.4656,0.0656,,0.0584,0.728,6.359962,0.51453435,6.0758247
0.006161311,0.008923141,0.0752,0.068,0.4248,0.0784,,0.0712,0.704,6.2037387,0.6529365,5.8201895,0.0013240185,0.002495783,0.024,0.017599999999999998,0.0512,0.4064,0.13199999999999998,0.02,0.0648,0.51112306,0.04692869,0.4675246,0.009006197,0.0752,0.13591304,0.068,0.3392,0.0784,,0.0712,0.704,6.2157826,0.67031306,5.813697
0.0062374217,0.00884703,0.068,0.06,0.42,0.0712,,0.0656,0.7095999999999999,6.1677356,0.57558954,5.8297873,0.0015466491,0.0023891055,0.0224,0.016800000000000002,0.045599999999999995,0.3952,0.14,0.02,0.0864,0.4816709,0.0431245,0.4383043,0.008916843,0.068,0.12521616,0.061599999999999995,0.42,0.0712,,0.0656,0.7095999999999999,6.1796026,0.590406,5.8252277
0.006274257,0.008366401,0.0496,0.0424,0.464,0.0528,,0.0472,0.7959999999999999,6.0627785,0.37137738,5.8665104,0.0016621387,0.0025055227,0.0264,0.020800000000000003,0.0472,0.4168,0.136,0.0216,0.06319999999999999,0.48549744,0.05450556,0.43413007,0.008669833,0.0496,0.26534736,0.0424,0.432,0.0528,,0.0472,0.7016,5.977909,0.38814005,5.759714
0.0063348343,0.00852772,0.056799999999999996,0.0504,0.396,0.0608,,0.0544,0.7048,5.9850593,0.45657533,5.723665,0.0017785562,0.0026210125,0.0272,0.020800000000000003,0.035199999999999995,0.41759999999999997,0.1064,0.0232,0.0608,0.43749255,0.055719826,0.38438588,0.008694226,0.056799999999999996,0.19602416,0.0512,0.396,0.06,,0.0544,0.6568,5.9556494,0.47352982,5.6742597
0.0064624255,0.008511078,0.0688,0.061599999999999995,0.4032,0.07039999999999999,,0.0648,0.6407999999999999,5.8545284,0.5750716,5.507592,0.0019223385,0.0023612767,0.033600000000000005,0.0256,0.0424,0.42879999999999996,0.1272,0.0296,0.048,0.41325825,0.06624283,0.35075933,0.008630979,0.0768,0.16687849,0.0696,0.3952,0.0784,,0.0728,0.6264000000000001,5.8418417,0.6742064,5.418502
0.006489496,0.008262111,0.053599999999999995,0.0504,0.3856,0.0592,,0.0528,0.6656000000000001,5.590583,0.43884072,5.322864,0.0020524384,0.0022311767,0.0192,0.0136,0.044,0.4096,0.10400000000000001,0.0184,0.056799999999999996,0.323684,0.035691407,0.2898256,0.008383165,0.0584,0.17014752,0.0552,0.3192,0.064,,0.0576,0.6088,5.564662,0.5008903,5.248226
0.0064313593,0.008431196,0.045599999999999995,0.041600000000000005,0.3512,0.0496,,0.045599999999999995,0.7120000000000001,5.6354055,0.36474797,5.418834,0.0020900073,0.0021936079,0.016,0.010400000000000001,0.0488,0.392,0.0976,0.0128,0.0552,0.36786234,0.026247228,0.34339616,0.008584263,0.045599999999999995,0.18912534,0.041600000000000005,0.33280000000000004,0.0496,,0.045599999999999995,0.6184,5.6040792,0.37649724,5.373952
0.0065340977,0.008439406,0.0424,0.0392,0.352,0.0472,,0.041600000000000005,0.6335999999999999,5.4340897,0.33511958,5.2292786,0.0022451535,0.0022703686,0.0216,0.016,0.036,0.41600000000000004,0.0784,0.017599999999999998,0.052000000000000005,0.33035082,0.038457114,0.2930138,0.008585051,0.0424,0.18446173,0.0392,0.3192,0.0472,,0.041600000000000005,0.6016,5.4024935,0.34510326,5.1858225
0.0065451926,0.008539259,0.0648,0.06,0.3024,0.068,,0.062400000000000004,0.576,5.3535414,0.57041335,4.9790897,0.0023539176,0.002277558,0.020800000000000003,0.0136,0.033600000000000005,0.392,0.072,0.016,0.0424,0.3047835,0.034866277,0.27220052,0.008645304,0.0648,0.15678766,0.06,0.228,0.068,,0.062400000000000004,0.576,5.335465,0.58269924,4.9471936
0.006626407,0.00879089,0.0576,0.053599999999999995,0.2424,0.0608,,0.056,0.5648,5.3579783,0.51567155,5.012485,0.0024387955,0.0023086336,0.020800000000000003,0.0136,0.0296,0.4184,0.0696,0.0184,0.044,0.300957,0.037413545,0.2625764,0.008898703,0.0576,0.1558216,0.053599999999999995,0.20879999999999999,0.0608,,0.056,0.4768,5.3397694,0.52739227,4.980323
0.0068274457,0.008811748,0.0392,0.0344,0.2248,0.0424,1.4640000000000002,0.0368,0.5112,5.1475096,0.3303688,4.9211745,0.00256704,0.0021803891,0.02,0.0136,0.0264,0.3608,0.0752,0.0144,0.041600000000000005,0.25347412,0.035377406,0.21822426,0.008955941,0.0392,0.17968713,0.0344,0.1944,0.0424,1.4640000000000002,0.0368,0.47840000000000005,5.109934,0.33931562,4.873048
0.0067957146,0.008732531,0.036,0.033600000000000005,0.19679999999999997,0.0408,,0.0368,0.48879999999999996,5.051927,0.31407952,4.8403482,0.0026906466,0.0021727362,0.017599999999999998,0.0128,0.0328,0.41600000000000004,0.0592,0.016800000000000002,0.035199999999999995,0.2165428,0.032146476,0.1833801,0.008898175,0.036,0.19325379,0.033600000000000005,0.1648,0.0408,1.5568,0.0368,0.48879999999999996,4.9994707,0.32235616,4.7775784
0.0068957894,0.009076249,0.0424,0.0384,0.15760000000000002,0.045599999999999995,1.4367999999999999,0.041600000000000005,0.4016,4.99895,0.37919056,4.738776,0.0027875837,0.0021917524,0.016,0.0144,0.0344,0.4152,0.0712,0.0144,0.045599999999999995,0.21561511,0.028297279,0.18593103,0.009180573,0.0424,0.1508979,0.0392,0.14959999999999998,0.045599999999999995,1.4367999999999999,0.041600000000000005,0.38799999999999996,4.974557,0.3879688,4.7042313
0.0068882457,0.009083793,0.0424,0.0408,0.1448,0.048,,0.044,0.4248,5.0301256,0.40832606,4.7392187,0.0028961163,0.0021991732,0.010400000000000001,0.0056,0.036,0.4096,0.0664,0.010400000000000001,0.0448,0.17317595,0.017573671,0.15555103,0.0091891475,0.0424,0.15157291,0.0408,0.1368,0.048,,0.044,0.4248,4.998603,0.41746193,4.697217
0.006948157,0.009356727,0.032,0.032,0.14,0.0392,1.4191999999999998,0.0344,0.3632,4.7928076,0.31879488,4.555378,0.002944121,0.0023830754,0.0136,0.010400000000000001,0.0272,0.39840000000000003,0.0496,0.0152,0.0392,0.16975556,0.027757403,0.14169481,0.009528917,0.032,0.19039409,0.032,0.12639999999999998,0.0392,1.4191999999999998,0.0344,0.2536,4.7383256,0.32650936,4.491779
0.006926855,0.009599926,0.0464,0.0432,0.1152,0.0496,1.244,0.0464,0.284,4.7524223,0.46082532,4.411367,0.0030238966,0.0024192533,0.020800000000000003,0.0144,0.017599999999999998,0.41600000000000004,0.0464,0.0216,0.0232,0.13554966,0.03924608,0.09589358,0.009682224,0.0464,0.1304762,0.0432,0.1152,0.0496,1.244,0.0464,0.2592,4.729663,0.46851134,4.379694
0.007041132,0.009263752,0.0392,0.0376,0.12079999999999999,0.0448,1.4768,0.0408,0.21680000000000002,4.5789547,0.38680002,4.2879367,0.003086048,0.0022411484,0.0128,0.0136,0.028,0.41119999999999995,0.0496,0.0136,0.0384,0.15236257,0.023799215,0.12754852,0.00941155,0.0392,0.17745566,0.0384,0.108,0.0448,1.336,0.0408,0.21680000000000002,4.533942,0.3949121,4.233474
0.0070313686,0.0093844645,0.032,0.0328,0.12639999999999998,0.0392,1.4912,0.035199999999999995,0.31679999999999997,4.7439346,0.31391317,4.513051,0.003132893,0.002310257,0.0144,0.0136,0.0232,0.396,0.0544,0.016,0.0264,0.11398215,0.029409511,0.08337043,0.009503364,0.032,0.15835065,0.0328,0.1176,0.0392,1.4712,0.035199999999999995,0.2904,4.7025557,0.32064492,4.463425
0.0071356604,0.009502069,0.033600000000000005,0.033600000000000005,0.1392,0.0408,1.4576,0.0368,0.3992,5.123045,0.32819086,4.889055,0.0032193942,0.0022237557,0.0144,0.0112,0.0248,0.4144,0.062400000000000004,0.0184,0.0344,0.15079744,0.028432257,0.12192502,0.009643236,0.033600000000000005,0.17131776,0.0344,0.1392,0.0408,1.4576,0.0368,0.392,5.073757,0.3357508,4.8305798
0.007033144,0.009715534,0.056799999999999996,0.052000000000000005,0.14639999999999997,0.06,1.4744,0.0544,0.4248,5.381333,0.56498593,4.9866896,0.0031428651,0.0021843314,0.016800000000000002,0.0096,0.041600000000000005,0.41040000000000004,0.0576,0.016800000000000002,0.0472,0.19926576,0.028709846,0.17213264,0.009828914,0.056799999999999996,0.15203725,0.052000000000000005,0.1392,0.06,1.4744,0.0544,0.4152,5.3494363,0.57574016,4.942557
0.007066428,0.009571301,0.0368,0.0328,0.19119999999999998,0.0392,1.5232,0.035199999999999995,0.49119999999999997,5.3986416,0.33010805,5.1769667,0.0031639687,0.0022791813,0.0216,0.0136,0.032,0.4064,0.0656,0.0192,0.041600000000000005,0.1652334,0.03869506,0.12546137,0.009720999,0.044,0.17572182,0.04,0.1568,0.0464,1.516,0.0424,0.43119999999999997,5.344392,0.42314804,5.04772
0.007073751,0.009563979,0.0488,0.0464,0.19999999999999998,0.053599999999999995,,0.048,0.4856,5.640009,0.46934772,5.320367,0.0031537646,0.0024053387,0.024,0.02,0.0296,0.4208,0.064,0.0232,0.0376,0.1997877,0.05047686,0.1496958,0.009660439,0.0488,0.14143334,0.0464,0.19999999999999998,0.053599999999999995,,0.048,0.4856,5.6118565,0.47952515,5.2805314
0.0071110297,0.009193854,0.061599999999999995,0.056,0.26,0.0648,,0.0592,0.5664,5.719005,0.5636938,5.342557,0.0031326613,0.0023104886,0.0224,0.016,0.0376,0.3912,0.0864,0.0184,0.044,0.23022519,0.04219871,0.18581502,0.009265617,0.061599999999999995,0.12453941,0.056,0.26,0.0648,,0.0592,0.536,5.7033095,0.5753059,5.3132706
0.0070295935,0.008942446,0.0528,0.048,0.32,0.056799999999999996,,0.0512,0.6024,5.887924,0.4557319,5.6045623,0.0030299264,0.00229727,0.02,0.0136,0.0408,0.4136,0.09040000000000001,0.016,0.0408,0.2801433,0.035980362,0.24408178,0.009128466,0.0544,0.20222594,0.0496,0.288,0.0584,,0.0528,0.6008,5.8242064,0.4875392,5.511172
0.0068312176,0.008918924,0.0528,0.048,0.3424,0.0576,,0.0512,0.636,5.822021,0.45872843,5.533555,0.002744217,0.002467026,0.035199999999999995,0.0296,0.0256,0.39999999999999997,0.064,0.0328,0.04,0.2854773,0.07758958,0.20987564,0.009050799,0.0528,0.17091516,0.048,0.3296,0.0576,,0.0512,0.5904,5.7857466,0.4721651,5.481683
0.006757548,0.008992594,0.0544,0.048,0.3632,0.056799999999999996,,0.052000000000000005,0.6295999999999999,5.84299,0.44873506,5.567505,0.0025011785,0.0023622042,0.02,0.0144,0.033600000000000005,0.4168,0.0992,0.0152,0.061599999999999995,0.32571304,0.0358644,0.28930363,0.009145704,0.0544,0.18323855,0.048,0.3272,0.056799999999999996,,0.052000000000000005,0.6048,5.8045206,0.463287,5.511526
0.0065163462,0.008790003,0.068,0.06,0.432,0.0696,,0.064,0.7264,6.162355,0.5781757,5.8122015,0.002081659,0.0025498166,0.0344,0.0256,0.0408,0.4328,0.1064,0.028,0.0464,0.4295493,0.07404441,0.358006,0.008983419,0.068,0.20788498,0.06,0.4088,0.0696,,0.064,0.7,6.118332,0.59815836,5.744487
0.006484393,0.008821956,0.0752,0.0656,0.4032,0.0784,,0.0712,0.7080000000000001,6.22604,0.62722665,5.8614626,0.0017852815,0.0026142872,0.0384,0.032,0.0408,0.4264,0.1384,0.033600000000000005,0.053599999999999995,0.49691874,0.09127951,0.40902603,0.008981744,0.0752,0.1889091,0.0664,0.4032,0.0784,,0.0712,0.6904,6.2085915,0.6495645,5.8179255
0.0062991097,0.008563446,0.06720000000000001,0.053599999999999995,0.5104,0.068,,0.061599999999999995,0.828,6.39762,0.5185127,6.1260185,0.0014889042,0.0026787573,0.0296,0.02,0.064,0.41040000000000004,0.148,0.024,0.07039999999999999,0.5779704,0.05922602,0.52266055,0.008764622,0.06720000000000001,0.21466993,0.0552,0.47759999999999997,0.068,,0.061599999999999995,0.7984,6.3738966,0.540515,6.0755777
0.0060723303,0.008568328,0.07440000000000001,0.062400000000000004,0.48800000000000004,0.0752,,0.07039999999999999,0.788,6.335601,0.5880494,6.017068,0.0011762938,0.0026435074,0.0224,0.0152,0.062400000000000004,0.4152,0.1736,0.017599999999999998,0.0872,0.5615047,0.04108742,0.5232401,0.008695886,0.07440000000000001,0.17149162,0.06319999999999999,0.464,0.07600000000000001,,0.07039999999999999,0.7624,6.3384886,0.60952485,5.9960546
0.006064786,0.008353975,0.07440000000000001,0.061599999999999995,0.536,0.0752,,0.068,0.82,6.3212886,0.5673381,6.019841,0.0008998608,0.0026880335,0.035199999999999995,0.0248,0.0544,0.41119999999999995,0.1592,0.0272,0.072,0.6323523,0.07397925,0.563128,0.008562104,0.07600000000000001,0.22094011,0.06319999999999999,0.5072,0.0768,,0.0696,0.7584,6.3062077,0.6092554,5.964444
0.005918778,0.008278087,0.09680000000000001,0.0864,0.5,0.09999999999999999,,0.0936,0.8016,6.254164,0.78840554,5.809705,0.00061716617,0.002622868,0.0304,0.0248,0.033600000000000005,0.4224,0.176,0.0264,0.07919999999999999,0.6712547,0.065926515,0.6111908,0.008449885,0.09680000000000001,0.20199364,0.0864,0.4808,0.09999999999999999,,0.0936,0.7248,6.2616777,0.81704134,5.7853117
0.005769442,0.008094577,0.1016,0.0896,0.5095999999999999,0.1048,,0.0976,0.816,6.2542195,0.81543404,5.813754,0.0003829401,0.002625187,0.028,0.0216,0.0656,0.42160000000000003,0.1872,0.0256,0.09839999999999999,0.688068,0.05767526,0.6370485,0.008156339,0.1016,0.123140365,0.09119999999999999,0.5095999999999999,0.1048,,0.0976,0.808,6.291376,0.8374067,5.828809
0.005692665,0.008282302,0.1016,0.0872,0.5064000000000001,0.1048,,0.0976,0.8104,6.365723,0.81042856,5.9321365,0.0002389259,0.002537294,0.0304,0.0232,0.06720000000000001,0.4304,0.19920000000000002,0.0256,0.092,0.7208248,0.06464593,0.66412354,0.00841592,0.1016,0.17843188,0.0896,0.4672,0.1048,,0.0976,0.748,6.392593,0.8397923,5.9280224
0.0056771324,0.007964989,0.0816,0.068,0.5448,0.0848,,0.0768,0.8728,6.372269,0.5938605,6.077146,5.0385544e-05,0.0024939275,0.0448,0.036,0.053599999999999995,0.4424,0.2536,0.04,0.0864,0.7758447,0.103830315,0.6818065,0.008191768,0.0816,0.23584917,0.0688,0.516,0.0848,,0.0768,0.8423999999999999,6.3771515,0.62469554,6.047145
0.0055555324,0.008308487,0.1128,0.096,0.5296,0.11359999999999999,,0.10719999999999999,0.7928,6.4322925,0.884362,5.971191,-0.00011357267,0.0026578857,0.0408,0.032,0.068,0.4352,0.3176,0.0344,0.09680000000000001,0.8392134,0.0918377,0.75990117,0.008422706,0.1128,0.16487342,0.0976,0.5152,0.11359999999999999,,0.10719999999999999,0.7704,6.482803,0.91652143,5.9889402
0.005544882,0.008097241,0.0928,0.07759999999999999,0.5488000000000001,0.0952,,0.0864,0.8416,6.429851,0.68698317,6.0869093,-0.00023068569,0.0026590454,0.036,0.0288,0.0648,0.4352,0.2704,0.0304,0.1016,0.85793984,0.07733402,0.790223,0.008331864,0.0928,0.23787756,0.08,0.5296,0.0952,,0.0864,0.8184,6.4509544,0.7213859,6.070154
0.0056307553,0.008233264,0.0824,0.0664,0.5743999999999999,0.0848,,0.07440000000000001,0.8104,6.560494,0.58751917,6.2917767,-0.0002211775,0.0027654904,0.0496,0.041600000000000005,0.056799999999999996,0.4416,0.3448,0.044,0.10400000000000001,0.88269585,0.11788991,0.7797292,0.008461917,0.108,0.23299766,0.0928,0.5184,0.1104,,0.1024,0.7847999999999999,6.5870304,0.8755838,6.1203866
0.0055353404,0.00821773,0.0944,0.0808,0.5904,0.09680000000000001,,0.0888,0.8351999999999999,6.556499,0.7125137,6.207899,-0.00020169732,0.0026300568,0.04,0.035199999999999995,0.0728,0.3456,0.29200000000000004,0.0392,0.1144,0.8357347,0.09289033,0.75375557,0.008392219,0.0944,0.20427576,0.0808,0.54,0.0976,,0.0896,0.8351999999999999,6.5897126,0.745272,6.205715
0.0056687,0.008306267,0.1352,0.116,0.5296,0.136,,0.1272,0.78,6.590061,1.0886655,6.002145,-0.00013282096,0.002677134,0.0384,0.031200000000000002,0.08,0.3856,0.2656,0.033600000000000005,0.1024,0.8836815,0.08722299,0.80726814,0.008388227,0.1352,0.13990602,0.12,0.516,0.136,,0.1288,0.7624,6.6488996,1.1222342,6.027291
0.0055169226,0.008236147,0.0992,0.0824,0.6008,0.09999999999999999,,0.088,0.8048,6.6090336,0.73248357,6.2667575,-9.75711e-05,0.0026418841,0.0576,0.0496,0.0552,0.43679999999999997,0.3112,0.0512,0.0896,0.85492504,0.13490584,0.73769605,0.008437049,0.0992,0.2186637,0.0824,0.5631999999999999,0.1008,,0.09040000000000001,0.8048,6.637115,0.7666114,6.2574615
0.005574172,0.008178899,0.10719999999999999,0.0928,0.5512,0.1104,,0.09839999999999999,0.8968,6.5668726,0.8211531,6.169012,-1.5476036e-05,0.002559789,0.0248,0.0192,0.0976,0.41119999999999995,0.24480000000000002,0.02,0.12,0.8128339,0.048857693,0.77155447,0.008307365,0.0816,0.24066171,0.06720000000000001,0.49920000000000003,0.0848,,0.07600000000000001,0.8856,6.5713544,0.60712457,6.28487
0.0056999875,0.00827498,0.092,0.0768,0.5512,0.0944,,0.0848,0.8336,6.407052,0.67280924,6.0729856,0.00014268453,0.002517582,0.0392,0.031200000000000002,0.0688,0.4304,0.2288,0.032,0.11120000000000001,0.75729215,0.0845171,0.680647,0.008385677,0.092,0.16266482,0.0768,0.5144,0.0944,,0.0848,0.812,6.445116,0.69894725,6.0834804
0.005737932,0.008237036,0.1168,0.1024,0.5144,0.1184,,0.1104,0.8136,6.4463825,0.93588704,5.939681,0.0002257072,0.0025505128,0.0424,0.035199999999999995,0.0592,0.3472,0.2576,0.0368,0.092,0.7469723,0.09239034,0.6611668,0.008335134,0.1168,0.15357284,0.1024,0.5144,0.1184,,0.1104,0.8136,6.4847784,0.96462935,5.9479275
0.00615887,0.007483252,0.0304,0.0576,0.48400000000000004,0.0728,,0.0656,0.744,5.5014906,0.24908197,5.343389,0.00045274416,0.002323476,-0.0152,0.02,0.0824,0.0256,0.1704,0.02,0.0928,0.41470757,0.0,0.453552,0.00757571,0.0368,0.23225336,0.0664,0.4664,0.07919999999999999,1.5568,0.072,0.7288,5.44923,0.31743714,5.2374268
0.0055846013,0.008390366,0.0872,0.0752,0.5272,0.0896,,0.0824,0.8064,6.3792033,0.69997567,6.005418,0.0003588218,0.0024173982,0.0224,0.0144,0.0784,0.4088,0.236,0.016,0.1104,0.69073486,0.039510448,0.658036,0.0085651865,0.0872,0.20238756,0.0752,0.5104,0.0888,,0.0824,0.7968000000000001,6.387844,0.7263007,5.9850483
0.005650504,0.008102566,0.0728,0.061599999999999995,0.48240000000000005,0.0752,,0.0696,0.76,6.188206,0.54960877,5.9025145,0.00046781808,0.002308402,0.020800000000000003,0.012,0.0608,0.4144,0.2104,0.0184,0.1096,0.6574562,0.03601608,0.625685,0.008364413,0.0728,0.2508769,0.06319999999999999,0.4696,0.0752,,0.0696,0.7320000000000001,6.157701,0.5740745,5.842293
0.0059598284,0.0081260875,0.088,0.07759999999999999,0.4848,0.092,,0.0856,0.8016,6.1021104,0.7049244,5.707245,0.0007382216,0.0026177657,0.0256,0.0224,0.0552,0.4208,0.2096,0.0224,0.0752,0.60782814,0.052229155,0.56005526,0.008299992,0.088,0.20506547,0.0784,0.4688,0.092,,0.0856,0.7759999999999999,6.098029,0.73027945,5.6742725
0.006071665,0.008125199,0.0808,0.07039999999999999,0.4976,0.08320000000000001,,0.07919999999999999,0.792,6.093012,0.6395773,5.7380877,0.0009501846,0.0024058027,0.0272,0.02,0.064,0.4224,0.148,0.024,0.0928,0.5900872,0.053852506,0.5427782,0.008220222,0.0808,0.15219691,0.0712,0.4976,0.08320000000000001,,0.07919999999999999,0.7368,6.1120424,0.65960044,5.736328
0.006025732,0.008393029,0.06720000000000001,0.0576,0.524,0.0696,,0.062400000000000004,0.7128,6.2203255,0.52916116,5.9366302,0.001143595,0.0025602528,0.0216,0.0152,0.0664,0.4136,0.19999999999999998,0.017599999999999998,0.07919999999999999,0.5969285,0.043269206,0.5575043,0.008573241,0.06720000000000001,0.20539892,0.0608,0.4224,0.0696,,0.062400000000000004,0.7128,6.211321,0.55045503,5.903743
0.006198146,0.00855346,0.0728,0.068,0.4128,0.07759999999999999,,0.0712,0.696,6.108878,0.63180196,5.7244415,0.0013734148,0.0024463865,0.0152,0.0112,0.0544,0.4032,0.12480000000000001,0.0128,0.0736,0.49610692,0.028160699,0.4697855,0.008699415,0.052000000000000005,0.24362908,0.048,0.4304,0.056799999999999996,,0.0504,0.6832,6.04815,0.43567052,5.7863436
0.0062136785,0.008537928,0.0656,0.0584,0.4512,0.068,,0.062400000000000004,0.7376,6.1256313,0.54522604,5.815087,0.0015519828,0.0026156788,0.0296,0.020800000000000003,0.036,0.41759999999999997,0.1296,0.0272,0.0688,0.47430804,0.06141431,0.41540372,0.008625252,0.0656,0.14241734,0.0584,0.412,0.068,,0.062400000000000004,0.7376,6.1309357,0.56108105,5.803012
0.0063479263,0.008514629,0.068,0.0608,0.4656,0.0712,,0.0648,0.7256,6.0223937,0.5604273,5.6958723,0.0016744299,0.0023772782,0.02,0.0136,0.0504,0.41600000000000004,0.14959999999999998,0.016800000000000002,0.0728,0.45332032,0.037168894,0.41807044,0.008679085,0.068,0.19498134,0.0608,0.376,0.07039999999999999,,0.0648,0.7192000000000001,5.996107,0.5794329,5.6470613
0.006438682,0.008534822,0.07440000000000001,0.0688,0.4192,0.0784,,0.0728,0.66,5.8563595,0.6549419,5.4457393,0.0018379242,0.0025616447,0.016800000000000002,0.012,0.052000000000000005,0.41600000000000004,0.1088,0.012,0.06,0.39830044,0.028980488,0.36884823,0.00865387,0.0552,0.23106696,0.0496,0.3864,0.0592,,0.0544,0.6696,5.79193,0.47291943,5.49693
0.0064985943,0.008696806,0.056,0.0504,0.2944,0.0592,,0.053599999999999995,0.6088,5.5572424,0.46532008,5.2721047,0.001945761,0.0022219005,0.0368,0.031200000000000002,0.0328,0.43679999999999997,0.0896,0.032,0.0376,0.34594736,0.07634979,0.2703457,0.008792586,0.056,0.14773731,0.0504,0.2944,0.0592,,0.053599999999999995,0.6072,5.5476284,0.4777009,5.2483926
0.0064466707,0.008526833,0.0528,0.0496,0.328,0.0584,,0.0528,0.6672,5.6526575,0.4412824,5.387047,0.002069136,0.0022144793,0.0272,0.020800000000000003,0.041600000000000005,0.408,0.096,0.028,0.0504,0.37597886,0.054536626,0.3254231,0.008682117,0.0528,0.18941556,0.0496,0.3,0.0584,,0.0528,0.6672,5.622348,0.45444632,5.341358
0.0065560658,0.008639335,0.0552,0.0512,0.29200000000000004,0.0592,,0.0544,0.6055999999999999,5.5477557,0.471519,5.2523003,0.0021799875,0.0023355347,0.0192,0.0136,0.0488,0.3976,0.0848,0.0152,0.0544,0.35000515,0.033325948,0.3184658,0.0087533025,0.0552,0.16154464,0.0512,0.29200000000000004,0.0592,,0.0544,0.592,5.5318203,0.4838212,5.222419
0.0065542907,0.008752058,0.06319999999999999,0.0576,0.3264,0.06720000000000001,,0.061599999999999995,0.612,5.6635857,0.5681488,5.295348,0.0022592999,0.002604083,0.0216,0.0152,0.0296,0.39840000000000003,0.0824,0.017599999999999998,0.0496,0.38363144,0.040278282,0.3455987,0.008852326,0.0648,0.15065344,0.0592,0.312,0.0688,,0.06319999999999999,0.5816,5.657013,0.59938234,5.2610016
0.006720269,0.009140821,0.0552,0.0528,0.212,0.061599999999999995,,0.056799999999999996,0.49679999999999996,5.5283403,0.51976824,5.1728616,0.0023893996,0.0022420762,0.0152,0.012,0.0424,0.41119999999999995,0.0888,0.0136,0.061599999999999995,0.27585277,0.028685026,0.24616869,0.009219056,0.0552,0.13037089,0.0528,0.212,0.061599999999999995,,0.056799999999999996,0.49679999999999996,5.517287,0.5305549,5.14966
0.0066812155,0.009401772,0.056799999999999996,0.0528,0.1672,0.0608,1.5112,0.0552,0.45680000000000004,5.3320723,0.5403789,4.9598403,0.0024380998,0.0023093293,0.0184,0.0152,0.031200000000000002,0.39840000000000003,0.07600000000000001,0.0152,0.0488,0.28014332,0.03363439,0.24686468,0.009486592,0.056799999999999996,0.133824,0.0528,0.1656,0.0608,1.5112,0.0552,0.4152,5.3217754,0.55103445,4.937602
0.006647044,0.009546892,0.045599999999999995,0.0424,0.18239999999999998,0.0504,,0.045599999999999995,0.456,5.456334,0.43932658,5.1574388,0.002539443,0.002207986,0.016,0.0152,0.036,0.368,0.06,0.0184,0.0464,0.2734761,0.031172927,0.24425583,0.009632365,0.045599999999999995,0.13331708,0.0424,0.1736,0.0504,,0.045599999999999995,0.4528,5.4442677,0.44850433,5.135294
0.006720935,0.009694898,0.0544,0.0512,0.14079999999999998,0.0576,,0.0528,0.4008,5.210417,0.54786074,4.8183255,0.0026553967,0.0023239395,0.0216,0.016,0.0288,0.40480000000000005,0.06319999999999999,0.020800000000000003,0.0392,0.23834205,0.043382134,0.19601904,0.00973964,0.0544,0.09588939,0.0512,0.14079999999999998,0.0576,,0.0528,0.36160000000000003,5.209301,0.5557114,4.8087525
0.006855183,0.009338753,0.0296,0.0296,0.1528,0.035199999999999995,1.4824,0.031200000000000002,0.3472,4.8815103,0.28340274,4.6759224,0.0027340131,0.0023612764,0.016,0.0136,0.0264,0.4152,0.056799999999999996,0.016800000000000002,0.0272,0.17381398,0.032847293,0.14157891,0.009486116,0.031200000000000002,0.1764931,0.031200000000000002,0.128,0.0368,1.4808000000000001,0.0328,0.3424,4.8361964,0.30964765,4.607401
0.0068037026,0.009279285,0.0368,0.033600000000000005,0.14,0.0392,1.484,0.036,0.3456,4.8311396,0.34219342,4.582283,0.0028184273,0.002160909,0.0136,0.010400000000000001,0.0328,0.4136,0.0528,0.012,0.0376,0.17172682,0.021545542,0.15004352,0.009433201,0.0368,0.1808915,0.033600000000000005,0.1368,0.0392,1.3648,0.036,0.3312,4.7832084,0.34986204,4.525144
0.006967906,0.009115081,0.0328,0.0328,0.14639999999999997,0.0392,,0.036,0.3528,4.7299557,0.31735656,4.495965,0.00292093,0.002290313,0.012,0.008799999999999999,0.028,0.39999999999999997,0.048,0.0128,0.036,0.13868023,0.021715764,0.118272424,0.009234234,0.0328,0.16081806,0.0328,0.136,0.0392,1.5095999999999998,0.036,0.3528,4.6911297,0.32423162,4.4492407
0.0070708664,0.009566863,0.0384,0.036,0.13040000000000002,0.0432,1.44,0.0392,0.308,4.846118,0.3775514,4.569524,0.0030266796,0.0021845633,0.016800000000000002,0.0136,0.0264,0.41040000000000004,0.053599999999999995,0.0136,0.0344,0.1609433,0.029526386,0.13102731,0.009664868,0.0448,0.14253154,0.0424,0.116,0.0496,1.4336,0.045599999999999995,0.3016,4.8198385,0.45987538,4.4753737
0.0069845486,0.009653181,0.0424,0.0392,0.12639999999999998,0.0464,,0.041600000000000005,0.308,4.9533496,0.41420588,4.6537886,0.003090686,0.0022365104,0.0184,0.0112,0.0256,0.4136,0.053599999999999995,0.017599999999999998,0.0328,0.13775262,0.031843603,0.10563351,0.009741513,0.0424,0.13476895,0.0392,0.124,0.0464,1.5392000000000001,0.041600000000000005,0.308,4.926944,0.421282,4.6193175
0.006917092,0.009387792,0.0544,0.0512,0.12560000000000002,0.0584,,0.053599999999999995,0.3456,5.022581,0.5398477,4.633707,0.0030603064,0.0021509368,0.0144,0.008799999999999999,0.0288,0.41040000000000004,0.0648,0.008799999999999999,0.0384,0.17155269,0.021091929,0.1510289,0.0094399955,0.0544,0.10521544,0.0512,0.116,0.0584,,0.053599999999999995,0.3456,5.0128226,0.54740083,4.615931
0.0071028196,0.009423962,0.036,0.0328,0.1784,0.0392,1.4768,0.035199999999999995,0.408,5.182513,0.32256046,4.963168,0.0030946282,0.0023485217,0.017599999999999998,0.0112,0.033600000000000005,0.41600000000000004,0.06720000000000001,0.0136,0.0392,0.19972992,0.030100133,0.1708575,0.009567801,0.0448,0.17361708,0.041600000000000005,0.15760000000000002,0.048,1.4440000000000002,0.044,0.3992,5.139105,0.43116087,4.835133
0.007095275,0.009875299,0.0464,0.041600000000000005,0.15839999999999999,0.0488,1.524,0.044,0.4088,5.3437223,0.43863073,5.040167,0.0031345165,0.0023086334,0.0248,0.017599999999999998,0.024,0.4064,0.06,0.024,0.036,0.15902984,0.04895671,0.10812628,0.0099559985,0.0464,0.12740876,0.041600000000000005,0.14320000000000002,0.0488,1.4952,0.044,0.4088,5.3206153,0.44722736,5.0069385
0.007114358,0.009523371,0.056,0.0504,0.1632,0.0584,,0.053599999999999995,0.48960000000000004,5.4262676,0.537381,5.0530376,0.0031447203,0.002182476,0.0152,0.008,0.035199999999999995,0.38480000000000003,0.0768,0.0112,0.041600000000000005,0.20344016,0.023030445,0.1805973,0.00959123,0.056,0.119024195,0.0504,0.1632,0.0584,1.3736000000000002,0.053599999999999995,0.4688,5.412034,0.54641885,5.0288596
0.0069827726,0.009544008,0.0504,0.045599999999999995,0.22719999999999999,0.053599999999999995,,0.048,0.5279999999999999,5.6942644,0.47334903,5.380502,0.003073989,0.002369161,0.0296,0.024,0.028,0.42319999999999997,0.062400000000000004,0.0264,0.0392,0.24987924,0.063424684,0.18900366,0.009670258,0.0512,0.16176409,0.0464,0.1888,0.0544,,0.0488,0.5048,5.6601696,0.4945105,5.326715
0.006979001,0.0091039855,0.056,0.048,0.28640000000000004,0.0576,,0.052000000000000005,0.5968,5.82546,0.47562715,5.5317793,0.0030695824,0.0024895212,0.0296,0.02,0.0344,0.4256,0.0808,0.0224,0.0472,0.2651275,0.05651457,0.20726673,0.009236994,0.056,0.16990738,0.048,0.28640000000000004,0.0576,,0.052000000000000005,0.5656,5.7864065,0.48850074,5.4769363
0.0068522976,0.008897845,0.056,0.0488,0.3368,0.0576,,0.0512,0.6176,5.8256273,0.46164104,5.541155,0.0028782592,0.0022170304,0.024,0.016,0.04,0.41600000000000004,0.0768,0.0184,0.06,0.2676205,0.041580923,0.22529748,0.009008144,0.056,0.15664938,0.0488,0.3368,0.0576,,0.0512,0.5728000000000001,5.7960467,0.47430265,5.496552
0.0069758943,0.008996144,0.053599999999999995,0.048,0.38480000000000003,0.0576,,0.0512,0.6856000000000001,5.954382,0.4480796,5.682448,0.0027038653,0.0023914243,0.0288,0.0224,0.041600000000000005,0.4256,0.092,0.0264,0.0592,0.33568498,0.06058151,0.27492532,0.009154563,0.053599999999999995,0.18630634,0.048,0.36,0.0576,,0.0512,0.5888,5.913522,0.46302384,5.6237407
0.006716941,0.008922253,0.07440000000000001,0.0664,0.42160000000000003,0.07759999999999999,,0.0712,0.596,6.114203,0.65946364,5.71024,0.0024137497,0.0025655865,0.036,0.0288,0.0376,0.3672,0.0976,0.032,0.0408,0.36971727,0.078230314,0.2928401,0.009032362,0.07440000000000001,0.15630384,0.06720000000000001,0.3432,0.07759999999999999,,0.0712,0.596,6.097221,0.6770687,5.67255
0.006617531,0.008799766,0.0688,0.0552,0.4696,0.0696,,0.064,0.7744000000000001,6.304702,0.5515253,5.998817,0.0021447376,0.0026026915,0.035199999999999995,0.0288,0.048,0.36160000000000003,0.1152,0.0296,0.052000000000000005,0.4652629,0.07648568,0.3925601,0.008957775,0.0688,0.18810281,0.0576,0.44,0.0696,,0.064,0.7408,6.2804937,0.5718785,5.9513397
0.0064264773,0.008657975,0.092,0.0824,0.472,0.0952,,0.0872,0.76,6.412378,0.7778753,5.9729114,0.0017720626,0.0025115525,0.0264,0.0192,0.0648,0.42,0.1392,0.020800000000000003,0.06720000000000001,0.56086725,0.053776912,0.5096158,0.008781541,0.092,0.16795407,0.0824,0.45999999999999996,0.0952,,0.0872,0.7192000000000001,6.415906,0.8027677,5.948741
0.006276698,0.008585857,0.0856,0.0712,0.4728,0.0864,,0.07919999999999999,0.7592,6.3430896,0.68336505,5.969415,0.0014821789,0.0025695292,0.0264,0.0184,0.062400000000000004,0.4248,0.1328,0.0216,0.07919999999999999,0.5372127,0.049776517,0.4886282,0.00874144,0.0856,0.18895198,0.072,0.4496,0.0872,,0.07919999999999999,0.7,6.3310976,0.70831716,5.9285517
0.0062385313,0.008513075,0.088,0.07759999999999999,0.5328,0.092,,0.08399999999999999,0.7856000000000001,6.4622483,0.734623,6.0467463,0.0011493926,0.0026704087,0.036,0.0296,0.0496,0.4224,0.184,0.031200000000000002,0.0728,0.638266,0.084106855,0.56092507,0.008689634,0.088,0.2019281,0.08,0.4672,0.092,,0.08399999999999999,0.7528,6.4589567,0.76240075,6.012409
0.0060860883,0.00855457,0.09119999999999999,0.0768,0.4792,0.0944,,0.0864,0.7535999999999999,6.3101935,0.7251432,5.9125543,0.00088478683,0.002587154,0.056,0.0496,0.0464,0.452,0.1816,0.053599999999999995,0.0728,0.65768814,0.13680653,0.5288638,0.008654545,0.09119999999999999,0.15214433,0.07919999999999999,0.448,0.0944,,0.0864,0.7535999999999999,6.336979,0.7499733,5.912933
0.0059099016,0.008286962,0.08399999999999999,0.072,0.5304,0.0864,,0.08,0.8056,6.379426,0.64080065,6.0462475,0.000685115,0.0025549189,0.0448,0.04,0.0608,0.43920000000000003,0.1792,0.0408,0.06720000000000001,0.66087675,0.106318206,0.5620844,0.008519094,0.08399999999999999,0.23397902,0.0728,0.5048,0.0864,,0.08,0.7856000000000001,6.358821,0.6697835,5.9909
0.0058286875,0.00814628,0.096,0.08399999999999999,0.5664,0.09839999999999999,,0.092,0.8560000000000001,6.4413357,0.74966544,6.053459,0.00042445146,0.0025836756,0.033600000000000005,0.0272,0.0736,0.4168,0.25680000000000003,0.0296,0.1056,0.7224482,0.07569954,0.653224,0.008336779,0.096,0.21418618,0.08399999999999999,0.5367999999999999,0.09839999999999999,,0.092,0.7999999999999999,6.447707,0.7817499,6.02374
0.0057146326,0.008260335,0.1064,0.0936,0.5224,0.1104,,0.1024,0.8208000000000001,6.4283543,0.85420513,5.9653664,0.00024518737,0.0025310325,0.033600000000000005,0.0264,0.0584,0.4304,0.2488,0.0296,0.0864,0.7238976,0.071749225,0.6588477,0.008393191,0.1064,0.17816223,0.0944,0.49119999999999997,0.1104,,0.1024,0.7944,6.4548893,0.8847649,5.95844
0.0056092315,0.0081438385,0.096,0.08,0.5584,0.0992,,0.09119999999999999,0.8232,6.522938,0.7321755,6.1569185,2.8446154e-06,0.0025414682,0.0288,0.0216,0.0864,0.4264,0.2856,0.0248,0.0992,0.7892374,0.060069468,0.7360147,0.008376776,0.096,0.23637843,0.0824,0.5384,0.09839999999999999,,0.09119999999999999,0.8232,6.5263767,0.7670247,6.1197033
0.005621436,0.008353531,0.1288,0.1144,0.5216000000000001,0.13199999999999998,,0.12319999999999999,0.7871999999999999,6.596995,1.055343,6.0279408,-0.00015369258,0.0026980056,0.0448,0.04,0.06,0.4192,0.3264,0.0424,0.0952,0.85411334,0.110388644,0.75972724,0.008515786,0.1288,0.19552071,0.1168,0.5167999999999999,0.13199999999999998,,0.124,0.7871999999999999,6.6372356,1.0954537,6.0257916
0.00557861,0.008063512,0.09119999999999999,0.07600000000000001,0.576,0.0928,,0.0856,0.8544,6.559328,0.6692735,6.233473,-0.00017340467,0.0026017642,0.0424,0.036,0.0816,0.4168,0.2304,0.0384,0.1104,0.87110054,0.09673002,0.7859906,0.008259822,0.09119999999999999,0.21845601,0.07759999999999999,0.576,0.0928,,0.0856,0.8544,6.5922213,0.70277035,6.2301083
0.0054953983,0.008146724,0.0856,0.0664,0.6095999999999999,0.0872,,0.0768,0.928,6.643594,0.59177643,6.3966227,-0.00024297675,0.0026713363,0.061599999999999995,0.0528,0.062400000000000004,0.4616,0.30960000000000004,0.056799999999999996,0.1048,0.9255986,0.14991926,0.79364353,0.008356282,0.0856,0.22442576,0.0696,0.592,0.0872,,0.0768,0.8927999999999999,6.6829753,0.62428993,6.400445
0.0055266856,0.008226385,0.12240000000000001,0.1056,0.5712,0.12319999999999999,,0.1144,0.8032,6.5687594,0.93777394,6.106326,-0.00020633546,0.0027506484,0.0368,0.0304,0.07600000000000001,0.42800000000000005,0.2192,0.031200000000000002,0.09119999999999999,0.8646072,0.0798006,0.79480314,0.008357602,0.12240000000000001,0.17743477,0.1056,0.5504,0.124,,0.1144,0.8032,6.6182356,0.97432846,6.116584
0.005477869,0.008053305,0.1096,0.0896,0.6064,0.1104,,0.09839999999999999,0.8728,6.6462007,0.8048514,6.279405,-0.00017641945,0.002604779,0.0552,0.0464,0.07039999999999999,0.4264,0.236,0.0512,0.1216,0.8863484,0.13021761,0.7715544,0.008250512,0.1096,0.21908087,0.0936,0.5808,0.1104,,0.1016,0.8728,6.6799736,0.84255564,6.2715187
0.00564762,0.007994502,0.1336,0.11359999999999999,0.5496,0.1328,,0.12319999999999999,0.816,6.4869347,1.0066743,5.978679,-6.904654e-05,0.0024974062,0.06,0.0504,0.0656,0.4576,0.3368,0.0528,0.09680000000000001,0.820081,0.13605402,0.69914156,0.008105675,0.1336,0.16581242,0.11359999999999999,0.5288,0.1328,,0.12319999999999999,0.78,6.5333204,1.0421653,5.987903
0.005556642,0.0079745315,0.1216,0.0992,0.5512,0.12079999999999999,,0.1104,0.88,6.405388,0.8955928,5.973909,-4.724729e-05,0.0024756067,0.041600000000000005,0.032,0.07039999999999999,0.4128,0.2656,0.0376,0.096,0.8110366,0.088147834,0.73346376,0.008102089,0.1216,0.17768113,0.10400000000000001,0.5512,0.12079999999999999,,0.11120000000000001,0.876,6.447891,0.9303763,5.97902
0.00571552,0.0006040032,1.1376,1.5176,0.0008,1.5368,0.0008,1.5176,0.0008,-0.04071834,-0.04611402,-0.005477422,0.00013387206,0.00055518525,-0.3408,0.0496,0.0008,0.0528,0.0008,0.0528,0.0008,-0.05646936,0.0,-0.036177497,0.00065036095,1.0856000000000001,2.817146,1.4784,0.0008,1.484,0.0008,1.4784,0.0008,0.020592408,0.024350483,-0.0016213289
0.005719736,0.007700489,0.088,0.07039999999999999,0.5831999999999999,0.09040000000000001,,0.0808,0.9087999999999999,6.313134,0.598973,6.0582857,0.00021944572,0.002440821,0.0464,0.04,0.0712,0.42800000000000005,0.224,0.04,0.108,0.7611767,0.09912862,0.67769015,0.007826226,0.088,0.17949529,0.0752,0.5831999999999999,0.09040000000000001,,0.0816,0.9087999999999999,6.347602,0.6253189,6.065485
0.0055981367,0.007822089,0.09040000000000001,0.0808,0.5688,0.0936,,0.0864,0.8168,6.1067696,0.6705421,5.763384,0.0002526084,0.002407658,0.0376,0.031200000000000002,0.064,0.42800000000000005,0.23120000000000002,0.0344,0.0856,0.7026781,0.08034507,0.630671,0.007983248,0.09040000000000001,0.2012728,0.0824,0.5424,0.0936,,0.0872,0.8168,6.123969,0.6971631,5.7509823
0.005763228,0.0075460486,0.0872,0.0752,0.5568,0.09119999999999999,,0.08399999999999999,0.7856000000000001,5.804768,0.6351273,5.46926,0.00038665062,0.0021576623,0.0264,0.0192,0.0688,0.4224,0.1736,0.0232,0.09119999999999999,0.6510788,0.04696858,0.60945153,0.0077092545,0.0872,0.20613211,0.0752,0.48,0.09119999999999999,,0.0848,0.7856000000000001,5.8151407,0.65906733,5.4521327
0.0057255058,0.0074728224,0.07759999999999999,0.0712,0.512,0.0816,,0.07600000000000001,0.7936,5.7421927,0.5642105,5.439636,0.0005060827,0.0022701372,0.0272,0.0224,0.0496,0.384,0.2504,0.0232,0.07039999999999999,0.60127676,0.051790852,0.5510689,0.007613816,0.07759999999999999,0.19274601,0.0712,0.492,0.0816,,0.07600000000000001,0.7936,5.7510357,0.58541507,5.424097
0.005853318,0.007566907,0.08,0.0736,0.4944,0.08399999999999999,,0.0784,0.8463999999999999,5.6881614,0.5836111,5.3731785,0.00068557874,0.0022065947,0.0296,0.0232,0.0544,0.392,0.1288,0.028,0.0864,0.5555911,0.05567042,0.50375986,0.0077162697,0.08,0.19707692,0.0736,0.45999999999999996,0.08399999999999999,,0.0784,0.7335999999999999,5.686843,0.604327,5.3485327
0.005961604,0.0079024155,0.0688,0.062400000000000004,0.4976,0.0736,,0.0664,0.8128,5.8389397,0.5227265,5.552249,0.00095714175,0.0021669387,0.016800000000000002,0.0096,0.0552,0.41600000000000004,0.14320000000000002,0.012,0.0824,0.5517067,0.025909573,0.5271246,0.0080381995,0.0688,0.18406588,0.064,0.4664,0.0736,,0.0664,0.7592,5.8412848,0.5405347,5.5343513
0.005948512,0.008248352,0.0888,0.0784,0.4416,0.09040000000000001,,0.0848,0.6799999999999999,5.945839,0.7310599,5.518799,0.0011252743,0.00246262,0.0264,0.0192,0.0496,0.38,0.14,0.0224,0.0712,0.53900975,0.049379252,0.4940198,0.008389966,0.0888,0.18399207,0.08,0.4008,0.09040000000000001,,0.0848,0.6799999999999999,5.9440956,0.7522903,5.493247
0.0061149346,0.008414775,0.07440000000000001,0.072,0.41600000000000004,0.0816,,0.07600000000000001,0.7264,5.9436197,0.65675855,5.54121,0.0013669214,0.00245288,0.0256,0.0232,0.036,0.4064,0.1064,0.0296,0.0608,0.4316368,0.059707694,0.3741239,0.008496746,0.07440000000000001,0.13901705,0.072,0.41600000000000004,0.0816,,0.07759999999999999,0.7264,5.946092,0.6730992,5.525648
0.006297778,0.008453829,0.0784,0.0712,0.42319999999999997,0.08,,0.07600000000000001,0.7111999999999999,5.9219847,0.6637168,5.5220156,0.001514646,0.0024211088,0.0232,0.0144,0.0576,0.41600000000000004,0.1104,0.020800000000000003,0.07039999999999999,0.47726464,0.04226736,0.43865216,0.008584737,0.0784,0.17485905,0.0712,0.3728,0.08,,0.07600000000000001,0.6744,5.91471,0.6828909,5.4936686
0.0063954126,0.008689039,0.064,0.056,0.41119999999999995,0.0648,,0.06,0.7136,5.9913273,0.52215445,5.6896586,0.0017351895,0.0025484257,0.044,0.033600000000000005,0.02,0.43920000000000003,0.1152,0.0368,0.0424,0.45830634,0.09366608,0.3687902,0.008781786,0.064,0.14546447,0.056,0.3688,0.0648,,0.06,0.692,5.994484,0.5368972,5.676622
0.0064058416,0.008345765,0.0888,0.0464,0.40559999999999996,0.0552,,0.0504,0.7223999999999999,5.6117177,0.4317717,5.4788017,0.0018367649,0.002330897,0.0768,0.0384,0.0328,0.4768,0.08399999999999999,0.0384,0.0408,0.44624698,0.091695085,0.3682103,0.008527501,0.0944,0.2068222,0.052000000000000005,0.37520000000000003,0.0608,,0.056,0.6624,5.5837603,0.5047725,5.393402
0.006475073,0.008720327,0.061599999999999995,0.056799999999999996,0.37520000000000003,0.0656,,0.0608,0.6176,5.726772,0.55119705,5.374178,0.0020250736,0.0022585415,0.0192,0.0144,0.0464,0.4128,0.0992,0.0152,0.056,0.37563092,0.036232207,0.34096083,0.008859261,0.061599999999999995,0.17733327,0.056799999999999996,0.3376,0.0656,,0.0608,0.5840000000000001,5.703225,0.56603104,5.3336606
0.0066585816,0.009202508,0.0496,0.045599999999999995,0.272,0.0544,1.5464,0.0488,0.5728000000000001,5.6826696,0.44118974,5.3964233,0.0021744217,0.002457054,0.02,0.016,0.0376,0.404,0.0736,0.0192,0.0576,0.31823397,0.04090258,0.2768386,0.009348446,0.0496,0.17692731,0.045599999999999995,0.2424,0.0544,1.5464,0.0488,0.5664,5.64997,0.45403284,5.3485584
0.0065913466,0.009047847,0.062400000000000004,0.056799999999999996,0.3176,0.0648,,0.0584,0.5448,5.7663813,0.56704646,5.402359,0.0022286882,0.002518741,0.0216,0.0128,0.0296,0.41600000000000004,0.08,0.0144,0.0504,0.32032073,0.03809,0.2817082,0.009149371,0.062400000000000004,0.14910926,0.056799999999999996,0.29919999999999997,0.0648,,0.0584,0.5448,5.749982,0.57991487,5.3710165
0.006755329,0.009105761,0.0528,0.048,0.2792,0.0552,,0.0496,0.5304,5.618763,0.47150347,5.3106594,0.002400299,0.0022311765,0.02,0.0128,0.04,0.39840000000000003,0.0808,0.0192,0.053599999999999995,0.33145264,0.036879,0.29550707,0.009234311,0.0528,0.16705313,0.048,0.216,0.0552,,0.0496,0.5304,5.5956573,0.48354474,5.2736998
0.00665725,0.009536685,0.0472,0.0424,0.19679999999999997,0.0504,,0.0448,0.5176000000000001,5.5394354,0.43352047,5.252079,0.0024684796,0.0023949032,0.0256,0.020800000000000003,0.028,0.42,0.06319999999999999,0.0224,0.0472,0.2851874,0.054025967,0.23335616,0.009686877,0.0472,0.17632294,0.0432,0.1904,0.0504,,0.0448,0.5032,5.5035734,0.4451977,5.20259
0.0067127245,0.009703108,0.0384,0.04,0.1752,0.048,1.5344,0.0432,0.41600000000000004,5.431815,0.39096996,5.155443,0.0025521982,0.002427138,0.012,0.012,0.0264,0.3696,0.06,0.016,0.04,0.24454537,0.028638188,0.21544103,0.009771212,0.0384,0.11813606,0.0408,0.1752,0.048,1.5344,0.0432,0.41600000000000004,5.4227786,0.3992155,5.137372
0.0068121348,0.009603698,0.0432,0.0424,0.1424,0.048,1.3296,0.044,0.3744,5.1115065,0.4309504,4.798521,0.0026259446,0.0022374382,0.020800000000000003,0.016800000000000002,0.031200000000000002,0.4136,0.056799999999999996,0.0216,0.0328,0.20500538,0.043331344,0.16210258,0.009726659,0.0432,0.1591756,0.0424,0.1424,0.048,1.3296,0.044,0.3744,5.079383,0.44011357,4.755724
0.006789279,0.0094046565,0.0496,0.048,0.1176,0.0544,1.3224,0.0504,0.308,4.821654,0.49987736,4.451974,0.002668847,0.002310489,0.017599999999999998,0.0136,0.028,0.412,0.048,0.017599999999999998,0.033600000000000005,0.18024962,0.034133457,0.14581144,0.009489606,0.0496,0.13390458,0.048,0.1096,0.0544,1.3224,0.0504,0.308,4.802555,0.5085053,4.423011
0.006704071,0.009489864,0.035199999999999995,0.0328,0.1216,0.0392,,0.035199999999999995,0.3264,4.8189907,0.3257997,4.5876637,0.0027217222,0.002257614,0.0184,0.0144,0.0256,0.4144,0.053599999999999995,0.0184,0.0296,0.19393171,0.03360447,0.16146474,0.009599389,0.035199999999999995,0.15120377,0.0328,0.1216,0.0392,1.4656,0.035199999999999995,0.2656,4.79322,0.333028,4.5539827
0.0068372088,0.009578624,0.045599999999999995,0.0432,0.1176,0.0496,1.2488,0.0464,0.2904,4.7439904,0.45866513,4.400716,0.0028267761,0.0022685134,0.0112,0.0072,0.0192,0.4088,0.0544,0.010400000000000001,0.04,0.16488533,0.018888352,0.14586896,0.009672022,0.045599999999999995,0.13908349,0.0432,0.1168,0.0496,1.2488,0.0464,0.2904,4.721039,0.46680924,4.3684278
0.0068824757,0.009644305,0.0472,0.045599999999999995,0.1152,0.052000000000000005,1.3888,0.048,0.23920000000000002,4.763961,0.47825822,4.404821,0.0029067837,0.0021885058,0.016800000000000002,0.012,0.028,0.368,0.0552,0.0152,0.0344,0.1614651,0.03088467,0.13062148,0.009699041,0.0472,0.10629,0.045599999999999995,0.1024,0.052000000000000005,1.3888,0.048,0.23920000000000002,4.754205,0.48498908,4.387411
0.007002966,0.009634763,0.033600000000000005,0.0304,0.14639999999999997,0.0376,1.5432,0.0328,0.324,4.974707,0.32111594,4.7442675,0.0030308543,0.0021803887,0.010400000000000001,0.0048,0.0328,0.3832,0.06,0.010400000000000001,0.0424,0.13728839,0.014314681,0.122794196,0.009748482,0.033600000000000005,0.15289232,0.0304,0.1384,0.0376,1.3039999999999998,0.033600000000000005,0.324,4.9375844,0.3277496,4.699732
0.0070211613,0.009616569,0.044,0.0408,0.13440000000000002,0.0488,1.5344,0.044,0.3352,4.9942346,0.4328299,4.683357,0.0030834968,0.0021277461,0.0192,0.0144,0.0288,0.4088,0.0528,0.016800000000000002,0.0376,0.13653511,0.034948375,0.10093739,0.009740361,0.0448,0.15960087,0.041600000000000005,0.1296,0.0496,1.4143999999999999,0.0448,0.3344,4.9524603,0.45050785,4.624614
0.006934622,0.009370262,0.053599999999999995,0.0496,0.1456,0.056799999999999996,,0.0528,0.4008,5.082549,0.5217409,4.711094,0.0031073831,0.0022198132,0.0112,0.0056,0.032,0.39999999999999997,0.072,0.0096,0.048,0.13670915,0.016119389,0.12070757,0.009424352,0.036,0.18742108,0.032,0.156,0.0392,1.5336,0.035199999999999995,0.4064,5.0190163,0.3311711,4.789178
0.0070897276,0.009215157,0.0424,0.0392,0.19679999999999997,0.0472,1.496,0.0424,0.4328,5.238266,0.39232197,4.9647775,0.003158171,0.0021690256,0.0192,0.0144,0.0304,0.3976,0.0592,0.020800000000000003,0.036,0.16726264,0.035475265,0.13224469,0.009332188,0.0424,0.1585367,0.0392,0.18080000000000002,0.0472,1.496,0.0424,0.4328,5.198981,0.40091947,4.9153576
0.0070375814,0.009600148,0.056,0.0504,0.1816,0.0584,,0.0544,0.49679999999999996,5.6061153,0.53731894,5.24165,0.0031530687,0.0021741278,0.02,0.0144,0.0296,0.3816,0.068,0.017599999999999998,0.04,0.20599148,0.036032546,0.16784279,0.009653612,0.056,0.105294265,0.0504,0.1816,0.0584,,0.0544,0.49679999999999996,5.596717,0.5460728,5.22229
0.007063544,0.009574186,0.0552,0.048,0.2304,0.056,,0.0512,0.496,5.703583,0.5162749,5.3558707,0.0031618814,0.0023972222,0.0224,0.0152,0.032,0.3968,0.07039999999999999,0.016,0.0368,0.19671497,0.03964124,0.15694293,0.009653854,0.0552,0.12856038,0.048,0.2256,0.056,,0.0512,0.496,5.6817346,0.52635264,5.3222637
0.0069361753,0.009479657,0.0824,0.0408,0.2904,0.0488,,0.044,0.5176000000000001,5.693154,0.42232814,5.535385,0.003105528,0.002337622,0.064,0.020800000000000003,0.033600000000000005,0.4472,0.0728,0.0248,0.0392,0.24721272,0.055634473,0.19190294,0.009601688,0.0824,0.15960166,0.0408,0.24639999999999998,0.0488,,0.044,0.5176000000000001,5.6600857,0.4325042,5.4886956
0.0068931268,0.009078912,0.06,0.0512,0.30960000000000004,0.062400000000000004,,0.056,0.5752,5.8543625,0.5108345,5.5414877,0.0030352601,0.0021759828,0.024,0.0184,0.044,0.4096,0.0992,0.02,0.052000000000000005,0.2483143,0.04359619,0.20541152,0.009218165,0.06,0.17403705,0.0528,0.3088,0.062400000000000004,,0.056799999999999996,0.5743999999999999,5.8089232,0.5245705,5.4790096
0.0068753753,0.008985715,0.062400000000000004,0.056,0.3552,0.0664,,0.06,0.636,5.8272905,0.53290987,5.4916716,0.0028548366,0.0023564063,0.0192,0.0136,0.0504,0.384,0.1064,0.0144,0.0528,0.30617493,0.033942826,0.27231652,0.009137886,0.062400000000000004,0.18275188,0.056799999999999996,0.31679999999999997,0.0664,,0.06,0.5855999999999999,5.785894,0.5484826,5.431398
0.0067522223,0.008776024,0.0696,0.06319999999999999,0.3904,0.07440000000000001,,0.0696,0.6624,5.94473,0.6120693,5.5569654,0.0026268722,0.002352464,0.02,0.0152,0.0496,0.39999999999999997,0.0936,0.016800000000000002,0.061599999999999995,0.33452544,0.03782402,0.29591292,0.00885673,0.07039999999999999,0.13510245,0.0656,0.3816,0.0752,,0.07039999999999999,0.6288,5.9356165,0.63573104,5.5244718
0.0066727833,0.0089664105,0.1016,0.0576,0.3864,0.07039999999999999,,0.064,0.6552,5.9331913,0.5803306,5.697758,0.0024385639,0.002424819,0.07039999999999999,0.0272,0.0288,0.46240000000000003,0.09119999999999999,0.0328,0.0528,0.34438127,0.080617316,0.26147455,0.009154273,0.1096,0.20294097,0.0656,0.34400000000000003,0.0784,,0.072,0.5904,5.8808413,0.68653435,5.556078
0.006427809,0.008767592,0.0872,0.0712,0.4424,0.0872,,0.0808,0.748,6.3459196,0.7180158,5.940181,0.0020654253,0.0025660505,0.041600000000000005,0.032,0.0488,0.44079999999999997,0.116,0.036,0.0576,0.45621875,0.08867656,0.37087703,0.0088987965,0.0872,0.1719329,0.0728,0.436,0.0872,,0.0808,0.7120000000000001,6.3304076,0.74080056,5.898613
0.006356802,0.008616702,0.09040000000000001,0.07919999999999999,0.4648,0.0936,,0.0864,0.7295999999999999,6.357791,0.76388377,5.916771,0.0017574525,0.0027580697,0.035199999999999995,0.028,0.0448,0.42800000000000005,0.14320000000000002,0.0304,0.0656,0.5198777,0.080307536,0.4413772,0.0087069925,0.09040000000000001,0.14413881,0.07919999999999999,0.4648,0.0936,,0.0864,0.7288,6.366536,0.78618914,5.9008923
0.0062112384,0.008651316,0.0896,0.0752,0.47759999999999997,0.09119999999999999,,0.08320000000000001,0.7512,6.419699,0.7304083,6.0144043,0.0014587564,0.0025929518,0.031200000000000002,0.0232,0.06319999999999999,0.29279999999999995,0.1448,0.0272,0.07919999999999999,0.57912976,0.06436787,0.51871806,0.00881014,0.0896,0.19016768,0.07759999999999999,0.4472,0.09119999999999999,,0.08320000000000001,0.7152000000000001,6.413438,0.75718725,5.97832
0.0061116065,0.008529052,0.0976,0.08399999999999999,0.5304,0.09839999999999999,,0.092,0.7888,6.477781,0.8022271,6.034431,0.0011818596,0.0025219882,0.0216,0.012,0.07440000000000001,0.42,0.1736,0.016,0.09040000000000001,0.5940876,0.036902197,0.56173664,0.008639253,0.0872,0.22675166,0.0752,0.4768,0.088,,0.0816,0.7624,6.4455204,0.72350985,6.03874
0.006095186,0.008323575,0.1128,0.1016,0.48240000000000005,0.116,,0.1088,0.772,6.3262258,0.9283171,5.7970014,0.0009399807,0.0025319601,0.0248,0.0184,0.06,0.4184,0.21839999999999998,0.0216,0.0992,0.61733633,0.048458822,0.57141876,0.008435963,0.1128,0.16341381,0.1016,0.45680000000000004,0.116,,0.1096,0.7304,6.3423786,0.9567694,5.780986
0.005972477,0.008335335,0.1096,0.0952,0.49839999999999995,0.11120000000000001,,0.1048,0.784,6.4473257,0.8909756,5.959485,0.00067004096,0.0026859464,0.048,0.0376,0.044,0.41119999999999995,0.22240000000000001,0.0424,0.0712,0.6675442,0.11245633,0.560867,0.008495597,0.1096,0.19454439,0.0976,0.49839999999999995,0.11120000000000001,,0.1048,0.7656000000000001,6.454752,0.92338187,5.929511
0.0059447396,0.008252125,0.09119999999999999,0.0752,0.5824,0.0928,,0.0856,0.8815999999999999,6.6131387,0.689333,6.2751894,0.00046457135,0.002659509,0.033600000000000005,0.0248,0.0696,0.43119999999999997,0.26,0.031200000000000002,0.0976,0.7514945,0.07053589,0.68957543,0.008432072,0.0848,0.26343444,0.07039999999999999,0.5704,0.0864,,0.08,0.8512,6.5806823,0.65784127,6.244225
0.005771882,0.0082030855,0.12560000000000002,0.0768,0.5776,0.092,,0.0856,0.8296,6.4985843,0.6839919,6.303093,0.00024681073,0.0026453626,0.064,0.0216,0.0768,0.39840000000000003,0.27599999999999997,0.0248,0.1104,0.7723081,0.063208565,0.7219844,0.008488214,0.1376,0.25992614,0.0888,0.4976,0.10400000000000001,,0.0976,0.8176,6.4787807,0.8417567,6.159864
0.0056269835,0.0081260875,0.08320000000000001,0.0648,0.6344,0.0824,,0.0752,0.9512,6.6862535,0.5728456,6.447603,1.2120891e-05,0.0026481454,0.0432,0.035199999999999995,0.07039999999999999,0.43119999999999997,0.3344,0.036,0.1128,0.8634476,0.093719624,0.78332376,0.008331022,0.08320000000000001,0.22226317,0.0664,0.6335999999999999,0.0824,,0.07600000000000001,0.9144,6.712115,0.60476696,6.439103
0.0056902235,0.008062847,0.0944,0.0784,0.6088,0.09680000000000001,,0.0848,0.9136000000000001,6.637492,0.6785937,6.3290553,-8.806291e-05,0.0027483292,0.0408,0.033600000000000005,0.0728,0.4376,0.352,0.0376,0.0936,0.8767823,0.096334375,0.79294795,0.008292173,0.0944,0.23572929,0.0784,0.5728000000000001,0.09680000000000001,,0.0872,0.8856,6.658702,0.71653026,6.3088036
0.0057090856,0.007822088,0.1096,0.096,0.6104,0.1144,,0.10400000000000001,0.932,6.505407,0.82798326,6.096673,-0.00019288485,0.0026212442,0.0368,0.033600000000000005,0.08399999999999999,0.43119999999999997,0.3976,0.0368,0.1056,0.88849354,0.091936715,0.80349964,0.008028674,0.1176,0.22734168,0.1064,0.568,0.12240000000000001,,0.1152,0.8904,6.538273,0.94508326,6.03574
0.0057301656,0.0005893577,0.3896,0.7544000000000001,0.0008,0.788,0.0016,0.788,0.0008,-0.06313033,-0.014429767,-0.08875942,-0.00024691917,0.000588116,0.3032,0.6952,0.0008,0.7032,0.0008,0.7,0.0008,-0.02156736,-0.0037930743,-0.03327866,0.00071242894,-0.1024,-1.8367997,0.2648,0.0008,0.296,0.0016,0.2752,0.0008,0.037404362,0.0,0.03268341
0.0055861543,0.007834071,0.1032,0.0848,0.5992000000000001,0.10400000000000001,,0.09119999999999999,0.892,6.495755,0.71780217,6.181327,-0.0002244242,0.0026527839,0.0496,0.041600000000000005,0.0784,0.4416,0.3568,0.0432,0.092,0.88130444,0.10927876,0.7864545,0.008047506,0.1032,0.23082435,0.0848,0.5896,0.1048,,0.0952,0.8912,6.5251,0.75450665,6.1703863
0.005579497,0.007840728,0.1336,0.1104,0.5983999999999999,0.1336,,0.12240000000000001,0.8824,6.361397,0.9681241,5.8950806,-0.00012679138,0.0024391974,0.0344,0.0272,0.08320000000000001,0.42800000000000005,0.3568,0.0288,0.1056,0.840083,0.064997494,0.78314984,0.0079444675,0.1336,0.16178076,0.1168,0.5631999999999999,0.1336,,0.12240000000000001,0.8696,6.4136467,1.0025308,5.912311
0.0056225453,0.007575783,0.1048,0.0856,0.5976,0.10719999999999999,,0.0952,0.9104,6.261321,0.71461266,5.9352436,-3.77391e-05,0.0024660984,0.0408,0.033600000000000005,0.0728,0.4184,0.2912,0.0368,0.12240000000000001,0.80274594,0.08286824,0.7313186,0.007754328,0.1048,0.2150077,0.0888,0.5840000000000001,0.10719999999999999,,0.09680000000000001,0.8944,6.2884226,0.74838185,5.924382
0.0056121163,0.007586212,0.1272,0.1088,0.5624,0.1288,,0.1184,0.8672000000000001,6.2263165,0.9034294,5.7961693,1.0729449e-05,0.00241763,0.036,0.028,0.0888,0.4248,0.24960000000000002,0.0304,0.1096,0.7585097,0.0685575,0.6957789,0.0076710195,0.09040000000000001,0.22639853,0.0752,0.5992000000000001,0.092,,0.0848,0.8568,6.23769,0.6123854,5.962122
0.0056600454,0.007316386,0.12319999999999999,0.1088,0.6055999999999999,0.12560000000000002,,0.1152,0.8887999999999999,6.2096753,0.8767565,5.7947283,0.0001382783,0.0024060346,0.0184,0.0128,0.0896,0.4144,0.248,0.0152,0.12480000000000001,0.7168824,0.027857827,0.6928801,0.0074218097,0.124,0.1687507,0.1104,0.6048,0.12639999999999998,,0.12,0.888,6.24187,0.9151232,5.7893496
0.005595696,0.0072697867,0.108,0.092,0.5256,0.1104,,0.1024,0.9376,6.1121507,0.74465716,5.7634397,0.00023011344,0.0023141995,0.0328,0.024,0.0712,0.42879999999999996,0.2576,0.0264,0.10400000000000001,0.7120123,0.06055995,0.6584419,0.007400837,0.108,0.18846713,0.0928,0.5256,0.1104,,0.1024,0.892,6.137318,0.7741666,5.756591
0.0056569395,0.0075413887,0.09680000000000001,0.08320000000000001,0.5808,0.0976,,0.09119999999999999,0.8575999999999999,6.0323787,0.6979338,5.6836677,0.00031058514,0.0023496812,0.0392,0.0344,0.0728,0.436,0.3088,0.0344,0.0728,0.7073163,0.08000048,0.63658464,0.007674294,0.09680000000000001,0.18637805,0.08399999999999999,0.5808,0.0976,,0.09119999999999999,0.8575999999999999,6.0589757,0.7247787,5.6812162
0.0056607113,0.0074266684,0.09839999999999999,0.0896,0.5184,0.1008,,0.0944,0.824,5.698258,0.7233145,5.304391,0.00039430356,0.0022659628,0.0264,0.0184,0.0584,0.4184,0.1776,0.0216,0.0952,0.6124083,0.043817196,0.57275224,0.0075086346,0.09839999999999999,0.14789264,0.0896,0.4512,0.1008,,0.0944,0.824,5.726296,0.74387866,5.310996
0.005792962,0.0071834694,0.088,0.07919999999999999,0.5432,0.09040000000000001,,0.08320000000000001,0.8463999999999999,5.6395664,0.6166583,5.314931,0.0005594213,0.0021008453,0.0224,0.016800000000000002,0.07039999999999999,0.4168,0.1888,0.0192,0.0864,0.5835359,0.034473434,0.55385184,0.007278645,0.088,0.16189249,0.0808,0.5408,0.09040000000000001,,0.08399999999999999,0.8272,5.659881,0.63648015,5.3138666
0.005828022,0.0071484093,0.064,0.0576,0.5880000000000001,0.068,,0.061599999999999995,0.8608,5.550807,0.42808354,5.3320165,0.0007403088,0.0022678182,0.0424,0.033600000000000005,0.041600000000000005,0.4136,0.1784,0.0384,0.061599999999999995,0.5348354,0.08239351,0.45703062,0.0073725292,0.064,0.24720275,0.0576,0.5376000000000001,0.06720000000000001,,0.061599999999999995,0.7376,5.5129366,0.44672412,5.2708354
0.005992226,0.0080936905,0.062400000000000004,0.0528,0.472,0.0664,,0.06,0.7152000000000001,5.794117,0.45634207,5.5457034,0.0009886811,0.0021353993,0.0248,0.0184,0.072,0.4208,0.15760000000000002,0.02,0.0784,0.52886385,0.044282176,0.48700464,0.008183308,0.062400000000000004,0.14813077,0.0552,0.4712,0.0664,,0.06,0.7152000000000001,5.8087187,0.4705365,5.544919
0.0059371954,0.008259669,0.0656,0.0584,0.4488,0.0688,,0.061599999999999995,0.7256,5.8540287,0.50942785,5.5677824,0.0011129832,0.0022430043,0.020800000000000003,0.0144,0.0584,0.41040000000000004,0.1312,0.016,0.0712,0.53118294,0.033156205,0.50358605,0.00838277,0.0656,0.17158738,0.0584,0.4384,0.06720000000000001,,0.061599999999999995,0.6832,5.85876,0.5253332,5.555869
0.005976027,0.008664631,0.0648,0.06,0.39280000000000004,0.0696,,0.0648,0.6584,5.799388,0.5488372,5.465211,0.0013214675,0.0021504732,0.0272,0.0248,0.0464,0.4272,0.15200000000000002,0.0264,0.0608,0.4413771,0.055491164,0.38896614,0.008805848,0.0648,0.17933044,0.06,0.3456,0.0696,,0.0648,0.6207999999999999,5.7851133,0.5646321,5.4327383
0.006243857,0.0086186975,0.056799999999999996,0.0512,0.368,0.06,,0.0552,0.6896,5.806099,0.46048293,5.534053,0.0015431704,0.0023925845,0.0184,0.012,0.052000000000000005,0.41600000000000004,0.1048,0.0136,0.07440000000000001,0.44589943,0.032766376,0.41343242,0.008784151,0.056799999999999996,0.19439538,0.0512,0.3496,0.06,,0.0552,0.664,5.782875,0.47588894,5.4925237
0.0062205573,0.008531049,0.0928,0.0528,0.3504,0.0608,,0.056799999999999996,0.6871999999999999,5.7069674,0.4864504,5.535996,0.0017029544,0.0022328002,0.053599999999999995,0.0112,0.0504,0.4416,0.1064,0.0152,0.07759999999999999,0.39076343,0.02993363,0.36652914,0.008762555,0.0928,0.23037833,0.0528,0.3312,0.0608,,0.056799999999999996,0.64,5.645419,0.5009152,5.4538107
0.0063778823,0.008595621,0.09119999999999999,0.0472,0.33840000000000003,0.0576,,0.052000000000000005,0.5912000000000001,5.502101,0.4571117,5.338563,0.001868768,0.0022988936,0.0688,0.0248,0.031200000000000002,0.4608,0.0856,0.0256,0.044,0.3784142,0.06493811,0.31695887,0.008743847,0.09119999999999999,0.18439178,0.048,0.3336,0.0576,,0.052000000000000005,0.5912000000000001,5.4782104,0.4699883,5.297695
0.006400072,0.009128174,0.064,0.0576,0.3344,0.0664,1.5,0.061599999999999995,0.576,5.764494,0.58136106,5.391485,0.0020113909,0.002388178,0.02,0.0128,0.04,0.4064,0.0936,0.0136,0.06319999999999999,0.3876324,0.033962775,0.35539734,0.00919574,0.064,0.12129777,0.0576,0.29279999999999995,0.0664,1.5,0.061599999999999995,0.5496,5.7690425,0.5935848,5.382864
0.0065068044,0.009132389,0.0592,0.056,0.3,0.064,,0.0584,0.6088,5.665694,0.55453014,5.298344,0.0021456652,0.0024858105,0.0272,0.020800000000000003,0.0256,0.4168,0.0896,0.0264,0.041600000000000005,0.3494254,0.059007786,0.2920285,0.009264366,0.0592,0.1689942,0.056,0.23120000000000002,0.064,,0.0584,0.54,5.6437535,0.56850076,5.260457
0.0065964507,0.009375588,0.06,0.0552,0.2328,0.06319999999999999,,0.0576,0.5232,5.603896,0.5649274,5.226671,0.002283418,0.002464011,0.028,0.0216,0.0248,0.42,0.062400000000000004,0.024,0.0448,0.30536294,0.057831783,0.24935742,0.009500639,0.06,0.16242695,0.0552,0.216,0.06319999999999999,1.5128,0.0576,0.48319999999999996,5.5795174,0.5782258,5.187194
0.0066794404,0.009403547,0.0576,0.0544,0.22719999999999999,0.061599999999999995,,0.056799999999999996,0.5216000000000001,5.632964,0.5636661,5.248861,0.00238337,0.0023640592,0.0248,0.020800000000000003,0.033600000000000005,0.42319999999999997,0.07440000000000001,0.024,0.0464,0.30831978,0.053457785,0.2557929,0.009480379,0.0576,0.12739879,0.0544,0.2208,0.061599999999999995,,0.056799999999999996,0.5216000000000001,5.626487,0.57483125,5.22988
0.0068110246,0.009604808,0.0464,0.0424,0.1872,0.0496,,0.0448,0.44079999999999997,5.4675965,0.44701797,5.1583834,0.0025531258,0.0025421637,0.017599999999999998,0.0096,0.0256,0.404,0.0592,0.0152,0.041600000000000005,0.24790806,0.03204119,0.21752825,0.009759454,0.0464,0.1782567,0.0424,0.1656,0.0496,,0.0448,0.4032,5.4249163,0.45777258,5.1030645
0.0067724152,0.009643417,0.032,0.0304,0.1656,0.036,1.5592000000000001,0.031200000000000002,0.3856,5.271883,0.3014159,5.064298,0.002642178,0.0023371582,0.016800000000000002,0.0136,0.0344,0.39359999999999995,0.0608,0.017599999999999998,0.04,0.21196266,0.033658504,0.17926379,0.009763329,0.032,0.15688908,0.0304,0.1648,0.036,1.4336,0.0328,0.3856,5.2402525,0.3090235,5.024039
0.0068574017,0.009447482,0.0384,0.0376,0.1328,0.0448,1.3392,0.0408,0.35760000000000003,5.0431623,0.3820284,4.7645707,0.0027226496,0.0021407332,0.0128,0.0128,0.0304,0.4064,0.06720000000000001,0.0136,0.044,0.19799039,0.024975449,0.17294444,0.009595155,0.0464,0.1756694,0.0464,0.12480000000000001,0.0528,1.3312000000000002,0.0488,0.324,5.0001493,0.48310018,4.6392937
0.006863171,0.009552661,0.0472,0.0432,0.12480000000000001,0.0496,1.3376,0.045599999999999995,0.3064,4.751923,0.46475202,4.4069843,0.0027669442,0.0023283453,0.010400000000000001,0.0048,0.0272,0.3408,0.0544,0.0096,0.0424,0.17427741,0.01531049,0.15955132,0.00963867,0.0472,0.13369055,0.0432,0.12240000000000001,0.0496,1.3376,0.0464,0.212,4.73275,0.47319698,4.3786173
0.006845197,0.009459687,0.0344,0.033600000000000005,0.1288,0.0392,1.5104,0.035199999999999995,0.3032,4.7816014,0.32865885,4.5445046,0.0028068318,0.002404411,0.0184,0.0152,0.0256,0.3944,0.0528,0.0192,0.032,0.21532544,0.036748897,0.17926392,0.009574267,0.0344,0.15486333,0.033600000000000005,0.12639999999999998,0.0392,1.5104,0.035199999999999995,0.3032,4.7575912,0.33598706,4.5122433
0.006849635,0.0093443,0.0448,0.0432,0.1368,0.0496,1.5176,0.0448,0.38480000000000003,4.878127,0.4376287,4.559372,0.002866664,0.002344579,0.0264,0.020800000000000003,0.016800000000000002,0.3368,0.0472,0.0224,0.02,0.19248247,0.0519773,0.14239055,0.009405259,0.0448,0.11391568,0.0432,0.12480000000000001,0.0496,1.5176,0.0448,0.3488,4.8683896,0.444629,4.5422373
0.0069306274,0.009374257,0.0392,0.0376,0.1472,0.044,1.4928,0.04,0.3496,4.923893,0.3756835,4.6536226,0.002961514,0.0022497291,0.020800000000000003,0.0144,0.02,0.40480000000000005,0.0488,0.0216,0.032,0.15114488,0.04063612,0.11021329,0.009483919,0.0392,0.15221798,0.0376,0.1336,0.044,1.4136,0.04,0.33840000000000003,4.8898773,0.38346586,4.610407
0.0069841044,0.009542677,0.036,0.032,0.1608,0.0392,1.5272,0.0344,0.37679999999999997,5.1425176,0.32701504,4.9197326,0.0030301586,0.0021810844,0.0184,0.012,0.028,0.41759999999999997,0.056799999999999996,0.0144,0.0368,0.17943743,0.03161239,0.14801405,0.009657587,0.036,0.1544157,0.032,0.1376,0.0392,1.5272,0.0344,0.37679999999999997,5.1089272,0.33433184,4.877576
0.007004963,0.009299921,0.0368,0.0328,0.1648,0.04,1.5575999999999999,0.036,0.4344,5.2356033,0.33304644,5.009823,0.0031108619,0.002100381,0.0152,0.010400000000000001,0.0408,0.4136,0.0712,0.0144,0.041600000000000005,0.17688687,0.024137568,0.15195689,0.009485765,0.0368,0.19827321,0.0328,0.1616,0.04,1.5575999999999999,0.036,0.412,5.1678705,0.34061936,4.9327188
0.0070023,0.009524481,0.0464,0.041600000000000005,0.188,0.0496,,0.0432,0.4656,5.437418,0.41606426,5.159603,0.00313498,0.0024241232,0.017599999999999998,0.008799999999999999,0.0264,0.4136,0.0648,0.012,0.0432,0.1855835,0.026081646,0.1606535,0.009641331,0.0464,0.15584683,0.041600000000000005,0.1736,0.0488,,0.0432,0.4528,5.400325,0.42498,5.1121626
0.0070409104,0.009485871,0.0464,0.0424,0.204,0.0504,1.5128,0.0448,0.5448,5.6360154,0.42780438,5.3458853,0.0031488948,0.0022942552,0.0288,0.0232,0.02,0.42800000000000005,0.0656,0.0272,0.0376,0.18604702,0.05847486,0.12691076,0.009639565,0.0544,0.1788108,0.0504,0.196,0.0584,1.5048,0.0528,0.4648,5.5792446,0.5310246,5.206666
0.007043573,0.009705105,0.0528,0.0472,0.2344,0.056,,0.0512,0.5528000000000001,5.762608,0.49741343,5.4298735,0.0031621133,0.00239699,0.031200000000000002,0.0256,0.0216,0.4144,0.064,0.0288,0.032,0.2033823,0.064146385,0.14018767,0.009833732,0.053599999999999995,0.16191863,0.048,0.22240000000000001,0.0576,,0.052000000000000005,0.4704,5.7200193,0.5185994,5.366778
0.0071647293,0.009583948,0.0512,0.0432,0.2784,0.0544,1.4848,0.048,0.5448,5.8627934,0.4623719,5.5616794,0.0032031608,0.0024718961,0.016800000000000002,0.0096,0.036,0.2824,0.07600000000000001,0.0112,0.052000000000000005,0.20320833,0.026747914,0.17398804,0.009707565,0.0512,0.15975755,0.044,0.256,0.0544,1.4848,0.048,0.5112,5.820462,0.4741062,5.504958
0.007056443,0.00935939,0.0528,0.0472,0.32,0.056,,0.0496,0.6024,5.9282537,0.47481814,5.619374,0.0031590986,0.0022840514,0.020800000000000003,0.0152,0.04,0.4024,0.08320000000000001,0.0192,0.0512,0.21735458,0.04060087,0.17653896,0.009513294,0.0544,0.18011999,0.0488,0.2896,0.0576,,0.0512,0.5616000000000001,5.8712864,0.5065061,5.5322957
0.006900006,0.009072033,0.0648,0.056799999999999996,0.33599999999999997,0.068,,0.062400000000000004,0.5864,5.9100027,0.56197697,5.5600715,0.0030545087,0.0023886412,0.020800000000000003,0.0144,0.0432,0.4192,0.0952,0.0216,0.0608,0.2858249,0.037754443,0.24779215,0.009228638,0.0648,0.1844868,0.056799999999999996,0.3064,0.068,,0.062400000000000004,0.5864,5.8621454,0.5779144,5.4931374
0.0068498575,0.008789336,0.0648,0.0528,0.41759999999999997,0.0664,,0.0592,0.6696,6.0146265,0.5371924,5.691656,0.002904233,0.0023070099,0.0296,0.02,0.0448,0.38799999999999996,0.0992,0.020800000000000003,0.06319999999999999,0.3155089,0.056370996,0.25799596,0.008957444,0.07759999999999999,0.19404303,0.06720000000000001,0.3296,0.07919999999999999,,0.072,0.6104,5.9625874,0.6934534,5.520013
0.006738687,0.008900506,0.0712,0.06,0.396,0.0728,,0.0656,0.6952,6.01202,0.59865105,5.6426725,0.0026662962,0.0024289933,0.0256,0.016800000000000002,0.048,0.37520000000000003,0.1016,0.0216,0.0592,0.35504937,0.04642035,0.30913177,0.009046255,0.0712,0.17974964,0.0608,0.368,0.0728,,0.0664,0.5976,5.978634,0.6162743,5.5886607
0.0067255944,0.008913599,0.06720000000000001,0.056799999999999996,0.4184,0.0696,,0.06319999999999999,0.656,6.201021,0.560241,5.8698397,0.0024218664,0.0023255628,0.016,0.012,0.0656,0.41119999999999995,0.13040000000000002,0.012,0.0696,0.39772007,0.025755582,0.37279007,0.009041245,0.06720000000000001,0.16823494,0.056799999999999996,0.4032,0.0696,,0.06319999999999999,0.656,6.1800694,0.5776435,5.828499
0.0065935664,0.008823731,0.0848,0.0736,0.432,0.0872,,0.08,0.6295999999999999,6.237134,0.72007555,5.811758,0.0021602754,0.0024712004,0.0272,0.0224,0.0576,0.4144,0.124,0.0232,0.068,0.41070685,0.056076024,0.35296202,0.008938474,0.08399999999999999,0.16040315,0.0736,0.408,0.0864,,0.07919999999999999,0.6304000000000001,6.222664,0.7326188,5.7781563
0.0063335034,0.008640001,0.08320000000000001,0.07039999999999999,0.4656,0.0864,,0.07759999999999999,0.7056,6.346307,0.6714485,5.974186,0.0018151975,0.0025843713,0.0504,0.0448,0.0448,0.4272,0.1104,0.0448,0.06319999999999999,0.5064848,0.11921685,0.38844416,0.008819981,0.08320000000000001,0.20236483,0.0712,0.4256,0.0856,,0.07759999999999999,0.7056,6.3186007,0.6964556,5.9158297
0.006178619,0.008351091,0.09119999999999999,0.07919999999999999,0.4864,0.092,,0.0848,0.7552,6.3480825,0.73057127,5.945451,0.0015146461,0.002537062,0.0264,0.016800000000000002,0.056799999999999996,0.4208,0.1616,0.0232,0.0656,0.54103893,0.050792262,0.493498,0.0084433695,0.0976,0.21984804,0.0856,0.48,0.09839999999999999,,0.0928,0.7488,6.3132787,0.82288116,5.8363943
0.0060860883,0.008221725,0.07039999999999999,0.0576,0.5688,0.072,,0.0656,0.8008000000000001,6.2194376,0.5161491,5.9601507,0.0012110799,0.002492768,0.053599999999999995,0.048,0.04,0.452,0.1368,0.0496,0.0664,0.57646275,0.1255041,0.45900187,0.0084158275,0.07039999999999999,0.21518877,0.0592,0.4696,0.072,,0.0656,0.756,6.199086,0.5397458,5.912453
0.006036827,0.008160038,0.1096,0.0976,0.516,0.1128,,0.1056,0.8096000000000001,6.2811255,0.88903844,5.806155,0.0009077456,0.002564195,0.035199999999999995,0.031200000000000002,0.053599999999999995,0.4144,0.18080000000000002,0.031200000000000002,0.0856,0.6722403,0.077690676,0.60568297,0.008261173,0.1128,0.15663534,0.1024,0.476,0.116,,0.1088,0.696,6.3090963,0.94842553,5.7871857
0.006035052,0.0082727615,0.0976,0.08399999999999999,0.5656,0.09839999999999999,,0.09119999999999999,0.8096000000000001,6.4640794,0.7536516,6.080198,0.00075561466,0.0029482332,0.0432,0.031200000000000002,0.0432,0.4256,0.14320000000000002,0.035199999999999995,0.0896,0.7069104,0.09809711,0.6176262,0.008397298,0.0976,0.17243683,0.0848,0.5656,0.09839999999999999,,0.09119999999999999,0.8096000000000001,6.4895086,0.78260374,6.0741353
0.0058719576,0.008213958,0.0824,0.07039999999999999,0.596,0.0856,,0.0752,0.8735999999999999,6.6398773,0.60683286,6.3566256,0.00050074887,0.0026233317,0.0488,0.0424,0.0472,0.4296,0.3256,0.0448,0.0728,0.7430299,0.117468305,0.6336858,0.008387163,0.09119999999999999,0.2035818,0.07919999999999999,0.572,0.0944,,0.0856,0.8648,6.6529794,0.7240215,6.28144
0.005794072,0.008069947,0.0864,0.07440000000000001,0.6152,0.0896,,0.0808,0.912,6.5998793,0.6336807,6.3067536,0.00024356403,0.0028805165,0.0376,0.0288,0.062400000000000004,0.35919999999999996,0.2072,0.0328,0.0896,0.7786856,0.086335935,0.6993734,0.00830288,0.0864,0.23743065,0.0752,0.5752,0.0896,,0.0808,0.8648,6.5978746,0.66736555,6.2666903
0.0056868955,0.007844279,0.09119999999999999,0.0712,0.6904,0.09119999999999999,,0.0808,0.896,6.5430193,0.6155453,6.2715282,-0.00014719919,0.0026915122,0.06,0.052000000000000005,0.044,0.39280000000000004,0.2256,0.0544,0.092,0.8935375,0.14551003,0.7610027,0.00806638,0.09119999999999999,0.23520876,0.07600000000000001,0.5968,0.09119999999999999,,0.0816,0.8927999999999999,6.571097,0.6517813,6.258279
0.0056079007,0.0075904275,0.1056,0.0896,0.6192000000000001,0.10719999999999999,,0.09680000000000001,0.9512,6.401559,0.74054193,6.061502,-0.00016389649,0.0025922558,0.04,0.033600000000000005,0.0848,0.4184,0.2712,0.036,0.1032,0.83590865,0.087173834,0.75821984,0.007823774,0.1056,0.24484576,0.0896,0.5728000000000001,0.10719999999999999,,0.09680000000000001,0.8968,6.4132605,0.77953327,6.028311
0.0055834916,0.007503888,0.1216,0.1064,0.6248,0.128,,0.1152,0.9432,6.370272,0.8854096,5.949112,-0.00015995407,0.0024723602,0.033600000000000005,0.031200000000000002,0.0824,0.3968,0.3504,0.033600000000000005,0.1352,0.8780578,0.07566244,0.81474715,0.0076612355,0.1216,0.20302145,0.1088,0.5752,0.1272,,0.1176,0.9432,6.416481,0.92394257,5.9553175
0.005637191,0.007228292,0.1384,0.12240000000000001,0.5976,0.1392,,0.1296,0.9528,6.204404,0.9717919,5.7478514,-9.780301e-05,0.0025261627,0.052000000000000005,0.041600000000000005,0.056,0.4248,0.2664,0.0448,0.1032,0.8232117,0.10970244,0.7333478,0.0073168157,0.1384,0.15571244,0.124,0.5831999999999999,0.14,,0.1296,0.9416,6.2570057,1.0050983,5.7678533
0.005680239,0.007407141,0.1016,0.0824,0.5904,0.1056,,0.0936,0.9152,6.059616,0.6668861,5.7620525,2.8586288e-05,0.00228382,0.0296,0.0224,0.09119999999999999,0.4072,0.28159999999999996,0.024,0.12639999999999998,0.74302995,0.054701287,0.69525707,0.0075754733,0.1016,0.21120362,0.0888,0.544,0.1056,,0.0944,0.852,6.080734,0.6982867,5.7481184
0.005727503,0.00713798,0.0872,0.0736,0.6568,0.09119999999999999,,0.0816,0.9696,6.087187,0.55514437,5.854861,0.00011833428,0.002310025,0.0712,0.064,0.0304,0.3784,0.13199999999999998,0.068,0.06319999999999999,0.74262404,0.15619604,0.6011608,0.007344695,0.0872,0.23781455,0.0736,0.6104,0.09119999999999999,,0.0824,0.9384,6.090811,0.58474183,5.8236666
0.005545991,0.0074304403,0.1184,0.09999999999999999,0.62,0.1216,,0.11120000000000001,0.9048,6.1447697,0.81878364,5.7681,0.00015010554,0.002278254,0.0544,0.0488,0.0504,0.4328,0.228,0.0488,0.0848,0.7189116,0.11074299,0.62255424,0.007552194,0.1184,0.1798062,0.1008,0.596,0.1216,,0.1128,0.9008,6.1742754,0.84850705,5.765854
0.005587042,0.0071674925,0.1128,0.09839999999999999,0.6544,0.1152,,0.10719999999999999,0.8856,6.078256,0.7745182,5.718561,0.00020390796,0.0022244514,0.020800000000000003,0.0152,0.07600000000000001,0.4192,0.3088,0.016800000000000002,0.12639999999999998,0.732826,0.032557882,0.7048812,0.0073537696,0.11359999999999999,0.22555962,0.09999999999999999,0.632,0.116,,0.1104,0.8848,6.0881863,0.81494755,5.6861353
0.005735047,0.007241384,0.0824,0.07039999999999999,0.6176,0.0848,,0.0784,0.8648,5.893915,0.56623703,5.616211,0.00031359997,0.002230713,0.0288,0.0224,0.0712,0.42,0.2136,0.024,0.0896,0.6600652,0.051665153,0.6148433,0.007402287,0.0824,0.20888299,0.0752,0.5032,0.0848,,0.07759999999999999,0.8648,5.9026756,0.5900568,5.598379
0.005747695,0.007117788,0.0992,0.0928,0.5088,0.1032,,0.0976,0.7928,5.485015,0.7267231,5.0788326,0.00038989735,0.002038462,0.0256,0.02,0.0552,0.40559999999999996,0.232,0.0224,0.08399999999999999,0.59089893,0.04296772,0.5520545,0.007243332,0.0992,0.18645468,0.0928,0.4608,0.1032,,0.0976,0.7928,5.4994855,0.7483885,5.069906
0.005910568,0.006954915,0.0688,0.064,0.58,0.0728,,0.068,0.8192,5.5185204,0.46709257,5.2808695,0.00060209224,0.0020581742,0.0224,0.017599999999999998,0.045599999999999995,0.4064,0.148,0.0216,0.09999999999999999,0.5940876,0.03896037,0.5603452,0.007087109,0.0688,0.19344817,0.064,0.5712,0.0728,,0.068,0.8192,5.5297947,0.48534134,5.272345
0.005893482,0.007193898,0.07600000000000001,0.07039999999999999,0.4944,0.0808,,0.0752,0.8256,5.4727545,0.5456222,5.17397,0.000764659,0.0021275145,0.0296,0.0248,0.041600000000000005,0.42319999999999997,0.1336,0.0264,0.068,0.5576203,0.055063516,0.5063689,0.007275718,0.06720000000000001,0.2307059,0.062400000000000004,0.5032,0.072,,0.0664,0.8344,5.455263,0.4893949,5.1809072
0.0058045005,0.007504776,0.0688,0.06319999999999999,0.47840000000000005,0.072,,0.0656,0.8072,5.599292,0.5123835,5.3143764,0.0009070499,0.0022170306,0.0232,0.0184,0.0528,0.4096,0.1192,0.0192,0.0736,0.54532915,0.0413351,0.50810814,0.0076812957,0.0824,0.21479724,0.0768,0.4648,0.0856,,0.07919999999999999,0.7464,5.586855,0.6568065,5.198043
0.0060042082,0.008192657,0.06,0.0528,0.3816,0.062400000000000004,,0.056799999999999996,0.6888,5.6165996,0.46666586,5.3449974,0.0011609879,0.0021949995,0.0224,0.0136,0.0544,0.4032,0.108,0.0152,0.0688,0.45992962,0.03595022,0.4280424,0.0083287135,0.06,0.18099992,0.0528,0.3816,0.062400000000000004,,0.056799999999999996,0.6888,5.607641,0.48051578,5.3204174
0.0061422274,0.008165585,0.0544,0.052000000000000005,0.3736,0.0608,,0.0552,0.6824,5.5312805,0.44209236,5.263784,0.001349992,0.0022379023,0.0224,0.016800000000000002,0.0384,0.41759999999999997,0.1088,0.02,0.061599999999999995,0.41604128,0.041441776,0.37708092,0.0083322385,0.0544,0.20033981,0.052000000000000005,0.3184,0.06,,0.0552,0.6616000000000001,5.503443,0.45504212,5.2206907
0.0061309114,0.00828785,0.1024,0.0608,0.364,0.0696,,0.06319999999999999,0.6816,5.424714,0.5478191,5.204259,0.0015100079,0.00219384,0.0664,0.0248,0.044,0.408,0.0992,0.0264,0.0576,0.40664896,0.059409928,0.35133913,0.008367291,0.1024,0.13790758,0.0608,0.364,0.0696,,0.06319999999999999,0.592,5.4291134,0.5608179,5.193313
0.006241416,0.007955449,0.0512,0.0488,0.37520000000000003,0.056,,0.052000000000000005,0.6936,5.399972,0.40918413,5.151004,0.0016681683,0.002151633,0.0144,0.012,0.053599999999999995,0.4088,0.09839999999999999,0.0136,0.0576,0.38241476,0.025510697,0.35887623,0.008087574,0.06,0.18100516,0.0576,0.3296,0.0648,,0.06,0.6264000000000001,5.380596,0.5078043,5.057597
0.0063042124,0.008447394,0.048,0.0424,0.28080000000000005,0.0504,,0.045599999999999995,0.612,5.306277,0.38169378,5.071843,0.0018066168,0.002361045,0.0216,0.0128,0.0424,0.4088,0.0864,0.016800000000000002,0.045599999999999995,0.38943,0.035803426,0.35545564,0.008633157,0.048,0.20782253,0.0424,0.2472,0.0504,,0.045599999999999995,0.5568,5.27245,0.3932118,5.024112
0.0063934154,0.008912934,0.0528,0.0504,0.2672,0.0584,,0.0528,0.5432,5.506095,0.47841462,5.186785,0.0019492398,0.0023343754,0.017599999999999998,0.012,0.036,0.4144,0.09040000000000001,0.0136,0.0512,0.3601515,0.03199203,0.32884407,0.009023267,0.0528,0.15654083,0.0504,0.2664,0.0584,,0.0528,0.5432,5.494917,0.4896428,5.162989
0.0065365387,0.008991707,0.052000000000000005,0.0488,0.2296,0.0576,,0.052000000000000005,0.5367999999999999,5.3856606,0.47495484,5.0653524,0.0021022984,0.0021813167,0.0192,0.0144,0.041600000000000005,0.408,0.07919999999999999,0.020800000000000003,0.0432,0.33336613,0.036465976,0.29950774,0.009095423,0.052000000000000005,0.15116091,0.0488,0.2296,0.056799999999999996,,0.052000000000000005,0.5367999999999999,5.374448,0.48589596,5.042199
0.006603996,0.00892425,0.0392,0.033600000000000005,0.2544,0.0408,,0.036,0.5336,5.3953123,0.315134,5.202262,0.0022518786,0.002379597,0.0232,0.0144,0.0288,0.404,0.07759999999999999,0.016800000000000002,0.0424,0.30002925,0.042107105,0.2600253,0.009103934,0.0392,0.19900902,0.033600000000000005,0.2064,0.0408,,0.036,0.5072,5.3481402,0.32504287,5.1435184
0.0066752243,0.009074918,0.0408,0.0384,0.212,0.045599999999999995,,0.0408,0.4856,5.3078303,0.37350732,5.0547566,0.002412822,0.002566514,0.0232,0.0216,0.0232,0.412,0.061599999999999995,0.0216,0.035199999999999995,0.24669056,0.05019462,0.19706246,0.009201818,0.0408,0.16626847,0.0392,0.1784,0.045599999999999995,,0.0408,0.4856,5.275459,0.3831492,5.0112715
0.006648818,0.009545118,0.053599999999999995,0.0496,0.1504,0.056799999999999996,,0.052000000000000005,0.4168,5.2977896,0.52335984,4.93399,0.0024932935,0.0022541357,0.012,0.0064,0.0384,0.39999999999999997,0.0736,0.0112,0.0512,0.296493,0.019433804,0.2782883,0.009671501,0.053599999999999995,0.1618403,0.0496,0.1368,0.056799999999999996,,0.052000000000000005,0.4152,5.2763357,0.5348963,4.8992968
0.0068207886,0.009595044,0.041600000000000005,0.04,0.15200000000000002,0.0464,1.3232000000000002,0.041600000000000005,0.352,5.0738397,0.40641132,4.78382,0.0026162043,0.0023631318,0.016800000000000002,0.0144,0.031200000000000002,0.4136,0.0648,0.016,0.0392,0.24419782,0.034435857,0.20964368,0.009738846,0.041600000000000005,0.17206007,0.04,0.14320000000000002,0.0464,1.3232000000000002,0.041600000000000005,0.3504,5.04073,0.4161487,4.7395077
0.006822564,0.00948232,0.0432,0.04,0.1536,0.0472,1.4152,0.0424,0.404,5.097471,0.41485444,4.803014,0.0027349407,0.0023603488,0.0184,0.0144,0.0216,0.4184,0.061599999999999995,0.0144,0.036,0.18923582,0.035155695,0.15433386,0.009607954,0.0432,0.16189295,0.04,0.14639999999999997,0.0472,1.4152,0.0424,0.3944,5.0613184,0.42397493,4.756152
0.0069452724,0.00947056,0.0344,0.032,0.148,0.0384,1.432,0.035199999999999995,0.3512,5.003111,0.32724026,4.769897,0.002816804,0.002394439,0.020800000000000003,0.0184,0.020800000000000003,0.41600000000000004,0.052000000000000005,0.0184,0.032,0.203556,0.04277523,0.15949365,0.009642849,0.0344,0.18931721,0.032,0.1384,0.0384,1.432,0.035199999999999995,0.3512,4.9520264,0.33535787,4.708622
0.0069763386,0.009217598,0.035199999999999995,0.035199999999999995,0.1536,0.0408,,0.036,0.3888,5.003443,0.33367968,4.768565,0.0029070158,0.0021882737,0.0152,0.0128,0.0328,0.4128,0.0584,0.016800000000000002,0.036,0.1816987,0.027894689,0.15410177,0.00937752,0.035199999999999995,0.18494551,0.035199999999999995,0.12560000000000002,0.0408,1.5512000000000001,0.036,0.3776,4.9515285,0.34189966,4.706796
0.006856958,0.009447927,0.0608,0.0576,0.14880000000000002,0.064,,0.0592,0.42879999999999996,5.3180923,0.6056517,4.892494,0.002898667,0.002312576,0.0184,0.0128,0.031200000000000002,0.4032,0.0664,0.0152,0.0432,0.24953173,0.0348686,0.21602115,0.009518026,0.0608,0.12144117,0.0576,0.14880000000000002,0.064,,0.06,0.42879999999999996,5.3091545,0.6157402,4.872967
0.0069421665,0.009362718,0.0384,0.035199999999999995,0.1784,0.0424,,0.0376,0.49360000000000004,5.250414,0.34889117,5.0099883,0.0029777475,0.0022334955,0.020800000000000003,0.0144,0.0232,0.4136,0.064,0.016800000000000002,0.0424,0.15868193,0.038358793,0.11844608,0.009550712,0.0384,0.1987397,0.035199999999999995,0.1656,0.0424,1.5136,0.0376,0.41600000000000004,5.1783953,0.35726082,4.9268827
0.0070398008,0.009486981,0.0648,0.06,0.16640000000000002,0.068,1.5304,0.06319999999999999,0.4328,5.3085513,0.62975985,4.86154,0.0030647125,0.0021465307,0.0288,0.024,0.020800000000000003,0.42160000000000003,0.053599999999999995,0.0272,0.0264,0.18749645,0.058142778,0.12870805,0.009516983,0.0648,0.07942467,0.0608,0.16640000000000002,0.068,1.5304,0.06319999999999999,0.3728,5.306692,0.6372548,4.851495
0.0070147268,0.009401105,0.0464,0.04,0.21839999999999998,0.048,,0.0432,0.4672,5.518743,0.40791,5.254797,0.0031342844,0.0021929122,0.020800000000000003,0.012,0.0384,0.38,0.06720000000000001,0.017599999999999998,0.0472,0.1902796,0.033129297,0.156885,0.0095385015,0.0464,0.16993603,0.04,0.1952,0.048,,0.0432,0.45680000000000004,5.4714284,0.41742608,5.195753
0.0069430536,0.009694676,0.056,0.0496,0.228,0.0584,,0.0528,0.5184,5.708299,0.52951264,5.3541517,0.003127559,0.0023155909,0.0224,0.0136,0.031200000000000002,0.4136,0.0608,0.0184,0.0512,0.23347226,0.04222562,0.19335237,0.009793527,0.056,0.14220124,0.0496,0.2256,0.0584,,0.0528,0.47759999999999997,5.68377,0.54048455,5.3174047
0.0070247115,0.009723967,0.045599999999999995,0.0392,0.23920000000000002,0.048,,0.041600000000000005,0.5512,5.8427687,0.40226674,5.586034,0.0031607219,0.002282428,0.0184,0.0112,0.041600000000000005,0.4184,0.07039999999999999,0.0128,0.0544,0.21776049,0.029768964,0.18680091,0.009892567,0.045599999999999995,0.18488799,0.0392,0.2152,0.048,,0.041600000000000005,0.4864,5.7832212,0.41297537,5.5130205
0.0070764143,0.009450367,0.0424,0.0408,0.3112,0.048,,0.0424,0.5696,5.90096,0.3894772,5.6476645,0.0031941165,0.002364987,0.0096,0.0056,0.0504,0.396,0.0784,0.008,0.056799999999999996,0.20048335,0.016088774,0.18413389,0.00959666,0.0424,0.17483169,0.0408,0.26399999999999996,0.048,,0.0432,0.5519999999999999,5.8458767,0.40030032,5.579199
0.0071258964,0.009400885,0.052000000000000005,0.044,0.3464,0.0544,,0.048,0.5952000000000001,5.974021,0.44829616,5.695429,0.0031885507,0.0024865062,0.02,0.0128,0.041600000000000005,0.41600000000000004,0.09119999999999999,0.0144,0.06,0.26054728,0.033870008,0.22657292,0.009569929,0.052000000000000005,0.18823595,0.0448,0.27599999999999997,0.0544,,0.048,0.5624,5.91725,0.46150815,5.6224027
0.007007182,0.009408651,0.07759999999999999,0.0688,0.30479999999999996,0.0816,,0.07440000000000001,0.54,6.0709333,0.7294632,5.6035075,0.0031335887,0.0023095612,0.0184,0.012,0.0488,0.4136,0.0824,0.0136,0.06,0.3058272,0.031088747,0.27556333,0.009465306,0.07759999999999999,0.109467246,0.0696,0.3024,0.0816,,0.07440000000000001,0.54,6.0680065,0.7428071,5.586138
0.0069648,0.008785343,0.07440000000000001,0.064,0.372,0.0752,,0.0688,0.7064,5.950721,0.6307544,5.56695,0.0030616976,0.0023814524,0.0328,0.024,0.0376,0.3952,0.1064,0.0248,0.0488,0.32206064,0.06389709,0.2568948,0.008886627,0.07759999999999999,0.1511234,0.068,0.33039999999999997,0.0784,,0.072,0.6055999999999999,5.931384,0.6816593,5.503248
0.0068720467,0.0089890435,0.08399999999999999,0.0768,0.3464,0.088,,0.0808,0.6464,6.0732083,0.7586767,5.591248,0.0029070158,0.0024201805,0.0232,0.0184,0.048,0.39999999999999997,0.1008,0.020800000000000003,0.062400000000000004,0.31133467,0.04571905,0.2651852,0.009047719,0.08399999999999999,0.1139479,0.0768,0.3464,0.088,,0.0808,0.6464,6.0692225,0.7738038,5.570242
0.0068489695,0.009012121,0.072,0.06,0.3864,0.0752,,0.068,0.6632,6.093068,0.60983044,5.7231655,0.0027231136,0.002372176,0.017599999999999998,0.0096,0.0584,0.4024,0.12560000000000002,0.012,0.0656,0.33585885,0.028301453,0.3069864,0.009109527,0.072,0.14636877,0.062400000000000004,0.3512,0.0752,,0.068,0.6512,6.0768995,0.6258563,5.688072
0.006753553,0.008885641,0.07039999999999999,0.0584,0.42879999999999996,0.0728,,0.0664,0.6752,6.1751704,0.57823503,5.844322,0.0024541016,0.0025252346,0.0232,0.0152,0.044,0.3624,0.1272,0.0184,0.0712,0.3766744,0.042272214,0.33736613,0.009008324,0.07039999999999999,0.16522676,0.0584,0.3856,0.0728,,0.0664,0.6752,6.1530256,0.5961156,5.800993
0.0063896426,0.008472912,0.0752,0.06319999999999999,0.48879999999999996,0.0768,,0.0696,0.7816,6.245622,0.59241945,5.9259796,0.0020895435,0.0024259787,0.0296,0.0192,0.0592,0.42319999999999997,0.1512,0.024,0.0592,0.4696695,0.05880164,0.4115768,0.008625325,0.07759999999999999,0.18826891,0.0664,0.4424,0.07919999999999999,,0.072,0.7704,6.2231627,0.6390025,5.861355
0.006251401,0.008278308,0.1168,0.0696,0.48,0.08399999999999999,,0.0752,0.7687999999999999,6.092347,0.64068794,5.8763304,0.0017576845,0.0025259305,0.0688,0.024,0.0472,0.44639999999999996,0.1336,0.0288,0.06,0.5026584,0.06915745,0.44015953,0.008453938,0.1168,0.20419207,0.0696,0.4696,0.08399999999999999,,0.0768,0.7687999999999999,6.067707,0.66423285,5.821849
0.0062747,0.007922164,0.07759999999999999,0.064,0.5304,0.0784,,0.0712,0.8104,6.0294943,0.5664128,5.7287135,0.0015072249,0.0023125764,0.0264,0.0192,0.056799999999999996,0.3856,0.1472,0.0224,0.0696,0.53825635,0.04732665,0.49431,0.008063088,0.07759999999999999,0.18723692,0.064,0.4976,0.0784,,0.0712,0.784,6.0243063,0.5878872,5.6991687
0.006208131,0.0077668363,0.0928,0.08399999999999999,0.5256,0.0976,,0.09040000000000001,0.8392000000000001,6.0140724,0.7096779,5.629525,0.0012136307,0.0023742635,0.0272,0.0248,0.06,0.4272,0.1328,0.0256,0.0888,0.5500836,0.05359185,0.50242674,0.007880004,0.0928,0.1696813,0.08399999999999999,0.4904,0.0976,,0.09119999999999999,0.8176,6.0205936,0.73322797,5.6101613
0.0061302455,0.00795567,0.07919999999999999,0.06720000000000001,0.52,0.0824,,0.0752,0.7999999999999999,6.206402,0.5684882,5.9221516,0.0010151186,0.0023408688,0.020800000000000003,0.0152,0.07919999999999999,0.3944,0.15760000000000002,0.016,0.07919999999999999,0.6138577,0.03593259,0.5811588,0.008123989,0.07919999999999999,0.20391518,0.06720000000000001,0.48879999999999996,0.0824,,0.0752,0.7999999999999999,6.2021217,0.59319043,5.8899717
0.005955391,0.0077976794,0.07919999999999999,0.06720000000000001,0.6264000000000001,0.08399999999999999,,0.0768,0.8792,6.3696065,0.56494045,6.108212,0.00075329555,0.0024867384,0.024,0.0184,0.0688,0.4064,0.2384,0.0232,0.1032,0.7074902,0.047932856,0.6652831,0.008000721,0.0888,0.22577009,0.07759999999999999,0.5288,0.0936,,0.0864,0.8416,6.3663354,0.6836532,6.0166464
0.0058317943,0.007921277,0.1416,0.0896,0.5376000000000001,0.108,,0.09839999999999999,0.8944,6.235081,0.7856362,5.999538,0.000537854,0.0025862264,0.0928,0.0496,0.036,0.4376,0.19679999999999997,0.053599999999999995,0.0816,0.6673123,0.13650787,0.5462569,0.008048731,0.15200000000000002,0.17819832,0.1016,0.4656,0.1184,,0.11120000000000001,0.8408,6.2546325,0.91738915,5.920441
0.00579385,0.007959221,0.10400000000000001,0.0848,0.592,0.10400000000000001,,0.0952,0.9168,6.480999,0.74212754,6.138723,0.00030270035,0.0024735196,0.033600000000000005,0.0256,0.0824,0.3672,0.24960000000000002,0.0264,0.112,0.7659887,0.06643485,0.70824385,0.008107957,0.10400000000000001,0.19183803,0.0872,0.592,0.10400000000000001,,0.0952,0.8216,6.508154,0.77447987,6.131058
0.005765003,0.008099016,0.112,0.096,0.5880000000000001,0.11359999999999999,,0.1032,0.9192,6.491539,0.82620215,6.1016665,0.00013943782,0.0025208285,0.0464,0.0384,0.0696,0.4192,0.2696,0.041600000000000005,0.08399999999999999,0.7998471,0.103769094,0.70766413,0.008254232,0.112,0.19423525,0.0976,0.5448,0.11359999999999999,,0.1032,0.7856000000000001,6.523853,0.86099166,6.0966387
0.005860419,0.007781703,0.12639999999999998,0.1088,0.6312,0.1272,,0.1184,0.8848,6.4164267,0.93893504,5.9493337,2.5571497e-05,0.0025187414,0.032,0.0232,0.0824,0.4152,0.23920000000000002,0.0248,0.0952,0.8087176,0.06364454,0.7535237,0.007884407,0.1056,0.2333299,0.09040000000000001,0.6128,0.1064,,0.0976,0.9056,6.4295444,0.78441715,6.03903
0.0057343817,0.007574895,0.1016,0.0784,0.6759999999999999,0.1008,,0.092,0.9855999999999999,6.44727,0.6826435,6.16302,-9.9426354e-05,0.0026437393,0.0384,0.0272,0.07919999999999999,0.4296,0.2736,0.0288,0.10719999999999999,0.84843165,0.07611186,0.78268605,0.0077932985,0.1016,0.23730303,0.08320000000000001,0.6072,0.1008,,0.092,0.8632,6.4660397,0.7190547,6.1399813
0.005674469,0.0076348074,0.1472,0.0952,0.6295999999999999,0.11359999999999999,,0.1024,0.9608,6.242793,0.7885969,6.032546,-0.00015647546,0.002584835,0.0688,0.0256,0.0856,0.45680000000000004,0.29919999999999997,0.028,0.1216,0.87672424,0.066802196,0.83358955,0.007788822,0.1472,0.1991949,0.0976,0.6104,0.11359999999999999,,0.10400000000000001,0.9288,6.292836,0.8248985,6.044917
0.005709529,0.0074887993,0.12639999999999998,0.1064,0.5880000000000001,0.12639999999999998,,0.1168,0.9096000000000001,6.285286,0.8985365,5.871892,-8.643957e-05,0.0026307525,0.0488,0.0376,0.07440000000000001,0.4224,0.3568,0.0432,0.1048,0.840083,0.10307895,0.7530019,0.007680023,0.13040000000000002,0.22361943,0.1144,0.5768,0.1328,,0.12319999999999999,0.9056,6.3150873,0.9745646,5.8352094
0.0056746914,0.007523637,0.1144,0.0952,0.6168,0.1144,,0.1064,0.8944,6.1935863,0.7861935,5.8300085,-8.6207656e-05,0.0023986138,0.044,0.035199999999999995,0.0864,0.4384,0.28080000000000005,0.0368,0.124,0.8273861,0.08832522,0.7493494,0.007624987,0.1144,0.16322626,0.096,0.6168,0.1144,,0.1064,0.8944,6.2457147,0.8159747,5.8513937
0.00572484,0.007140643,0.12079999999999999,0.068,0.6207999999999999,0.0872,,0.07919999999999999,0.9216,5.8852615,0.53081745,5.812812,6.685094e-05,0.0022455552,0.0648,0.020800000000000003,0.0824,0.4552,0.28159999999999996,0.024,0.1056,0.70772207,0.05016681,0.67305195,0.007332369,0.12079999999999999,0.22918382,0.068,0.6144,0.0872,,0.07919999999999999,0.9216,5.8921566,0.55846065,5.7861977
0.0056440695,0.007110465,0.148,0.13440000000000002,0.632,0.1504,,0.1424,0.8912,5.9582653,1.065691,5.4217186,9.0737354e-05,0.0022216686,0.0392,0.0328,0.0664,0.43920000000000003,0.24480000000000002,0.0368,0.0952,0.7337537,0.07581502,0.66568893,0.0071639195,0.0936,0.2146491,0.08,0.62,0.096,,0.0888,0.9456,5.9778233,0.63954985,5.678717
0.005622989,0.0071315453,0.0944,0.0824,0.6335999999999999,0.09839999999999999,,0.09040000000000001,0.916,5.8754425,0.6314969,5.587864,0.00019208071,0.0023522323,0.0376,0.0328,0.06,0.4344,0.23120000000000002,0.0344,0.0824,0.70180845,0.07658054,0.63525116,0.0072305924,0.0944,0.16570891,0.0824,0.6152,0.09839999999999999,,0.09040000000000001,0.916,5.910723,0.65589255,5.5978203
0.0056469534,0.006885684,0.096,0.0856,0.6136,0.0992,,0.09040000000000001,0.9176,5.6919346,0.6364492,5.38494,0.00026165278,0.0021667066,0.0432,0.036,0.056,0.4424,0.1952,0.0424,0.0872,0.6497454,0.08511493,0.57356393,0.00697668,0.096,0.16168636,0.0856,0.5664,0.0992,,0.09040000000000001,0.8728,5.722293,0.65882325,5.3914156
0.0056809043,0.0069626817,0.10719999999999999,0.1024,0.5167999999999999,0.1104,,0.1056,0.7912,5.34583,0.7621388,4.919122,0.00035093696,0.0020774226,0.0392,0.0328,0.04,0.43679999999999997,0.12079999999999999,0.04,0.0712,0.5476483,0.07326915,0.48387393,0.0070229233,0.10719999999999999,0.13107382,0.1024,0.492,0.1104,,0.1056,0.7912,5.371551,0.78028476,4.926271
0.0057670004,0.0063218432,0.062400000000000004,0.062400000000000004,0.5024000000000001,0.07039999999999999,,0.0648,0.7999999999999999,4.8472276,0.40057275,4.6303234,0.0004752391,0.0019531203,0.0256,0.0232,0.0488,0.42,0.1104,0.0256,0.064,0.47749647,0.04487493,0.43621698,0.006445678,0.0728,0.19633536,0.0728,0.444,0.0808,,0.0752,0.7832,4.847251,0.4962001,4.5614
0.0058854935,0.0065361955,0.0872,0.0824,0.448,0.0896,,0.0848,0.7792,4.946193,0.577643,4.6201153,0.0006382697,0.0019060432,0.0432,0.0392,0.0216,0.43920000000000003,0.14639999999999997,0.0408,0.0608,0.50967354,0.07764849,0.4402174,0.0066090203,0.0872,0.1485886,0.0824,0.448,0.0896,,0.0848,0.7792,4.9671445,0.5936064,4.6244216
0.0058397828,0.006581906,0.0544,0.0488,0.49279999999999996,0.0584,,0.052000000000000005,0.8568,4.9737086,0.3316285,4.8102813,0.00080848945,0.001851777,0.0216,0.0152,0.0512,0.42160000000000003,0.16799999999999998,0.020800000000000003,0.0736,0.4652633,0.031909235,0.43604302,0.0067515373,0.0544,0.2246362,0.0488,0.468,0.0576,,0.052000000000000005,0.696,4.952383,0.34481072,4.772864
0.0059238817,0.0070525496,0.061599999999999995,0.056799999999999996,0.4072,0.0648,,0.0608,0.7808,4.9461374,0.42788178,4.695505,0.0009916959,0.0020164312,0.0296,0.0232,0.033600000000000005,0.4248,0.0992,0.0256,0.052000000000000005,0.45563918,0.05014177,0.40844613,0.0071361014,0.061599999999999995,0.15317504,0.056799999999999996,0.4072,0.0648,,0.0608,0.7248,4.9577465,0.43980363,4.694161
0.0060379365,0.007826082,0.053599999999999995,0.0496,0.3696,0.0576,1.5095999999999998,0.052000000000000005,0.6352,5.1749134,0.41417575,4.913186,0.0012064417,0.0021495456,0.0288,0.0232,0.035199999999999995,0.4248,0.0728,0.0248,0.052000000000000005,0.40833032,0.052801505,0.3577746,0.007959973,0.053599999999999995,0.1836729,0.0496,0.3128,0.0576,1.5095999999999998,0.052000000000000005,0.5559999999999999,5.1624475,0.4264396,4.8869095
0.0061053927,0.0077586267,0.0608,0.0592,0.28719999999999996,0.0656,,0.0608,0.632,5.1637087,0.4911333,4.8532743,0.0013764293,0.0020955114,0.017599999999999998,0.0144,0.052000000000000005,0.41119999999999995,0.09999999999999999,0.016,0.064,0.39609736,0.029867766,0.36664516,0.007883889,0.0608,0.17849714,0.0592,0.28719999999999996,0.0656,,0.0608,0.6232,5.151993,0.5037833,4.8269124
0.006154211,0.0077098086,0.064,0.0576,0.308,0.0656,,0.0608,0.624,5.1073456,0.480429,4.8152184,0.0015401557,0.0020477385,0.0216,0.0152,0.04,0.42,0.0992,0.0192,0.06,0.3580645,0.03348969,0.32455394,0.007827458,0.064,0.17359819,0.0576,0.308,0.0656,,0.0608,0.624,5.092428,0.49353278,4.7848635
0.00621967,0.007866246,0.0608,0.056,0.33599999999999997,0.064,,0.0592,0.6152,5.1325865,0.48100597,4.8308067,0.0016908951,0.0022448597,0.0216,0.0144,0.0368,0.4208,0.09119999999999999,0.0184,0.0552,0.35852855,0.03742052,0.32327873,0.007975771,0.0608,0.16591434,0.056,0.33599999999999997,0.064,,0.0592,0.5743999999999999,5.1213174,0.49384502,4.805048
0.006337719,0.007970094,0.045599999999999995,0.044,0.25120000000000003,0.0512,,0.0464,0.5672,4.9390926,0.36342856,4.702551,0.0018052254,0.0021305294,0.017599999999999998,0.0136,0.04,0.4152,0.0824,0.0192,0.0472,0.33435205,0.031217925,0.30362436,0.008098214,0.048,0.17811623,0.0464,0.24400000000000002,0.053599999999999995,,0.0488,0.512,4.920192,0.39741626,4.654572
0.0064486675,0.008413888,0.0552,0.052000000000000005,0.2096,0.0608,1.4184,0.053599999999999995,0.4976,4.9921265,0.47238353,4.6663814,0.0019715028,0.0020802054,0.016,0.0096,0.036,0.38,0.072,0.0144,0.06,0.2962612,0.025718484,0.27086738,0.008492463,0.0552,0.13613784,0.0528,0.2096,0.0608,1.4184,0.0544,0.4976,4.986145,0.48218957,4.649723
0.00641383,0.008448726,0.0448,0.04,0.2176,0.0472,1.544,0.0424,0.56,5.109343,0.36561957,4.8718023,0.0020401473,0.0020115608,0.0136,0.0072,0.0448,0.4128,0.0864,0.008,0.0552,0.27712876,0.017151374,0.2606634,0.008589324,0.0448,0.18118395,0.04,0.2176,0.0472,1.544,0.0424,0.5464,5.0756454,0.37498122,4.827137
0.0065633883,0.008964857,0.0864,0.0472,0.20240000000000002,0.0552,,0.0504,0.5248,5.176578,0.4611701,4.9774256,0.002246545,0.0021530238,0.0584,0.016800000000000002,0.035199999999999995,0.45680000000000004,0.0728,0.0192,0.0488,0.2931298,0.044000138,0.2525461,0.009048219,0.0864,0.13584697,0.0472,0.19920000000000002,0.0552,,0.0504,0.468,5.1685843,0.47134256,4.957526
0.006707843,0.009042298,0.044,0.041600000000000005,0.2048,0.0488,,0.0432,0.49360000000000004,5.2352147,0.39469916,4.9658318,0.0023914867,0.002471896,0.02,0.0136,0.024,0.372,0.056,0.016800000000000002,0.04,0.2610688,0.039534327,0.22152868,0.009121104,0.044,0.13154824,0.041600000000000005,0.2048,0.0488,,0.0432,0.49360000000000004,5.224227,0.4037378,4.9448056
0.006699189,0.009383798,0.045599999999999995,0.044,0.1864,0.0512,,0.0464,0.4808,5.287526,0.43801853,4.9843044,0.0024810028,0.0022664263,0.016,0.0152,0.0296,0.4128,0.0656,0.016,0.04,0.282752,0.030950293,0.25248814,0.009448855,0.045599999999999995,0.117415175,0.044,0.1704,0.0504,1.3784,0.0464,0.4808,5.2842436,0.44642803,4.9720526
0.0068212324,0.009483652,0.052000000000000005,0.0496,0.1544,0.056,1.4727999999999999,0.0528,0.41040000000000004,5.2222886,0.5176932,4.853052,0.0026354524,0.0023438837,0.0128,0.008,0.04,0.35760000000000003,0.0608,0.012,0.0408,0.226863,0.02254414,0.20274468,0.009557318,0.052000000000000005,0.12423999,0.0496,0.14,0.056,1.4727999999999999,0.0528,0.40480000000000005,5.2101493,0.5272085,4.830022
0.006977892,0.0095488895,0.0552,0.052000000000000005,0.1568,0.06,1.496,0.0552,0.4072,5.268221,0.5526957,4.8718023,0.0027980194,0.0024132235,0.0272,0.020800000000000003,0.0224,0.4024,0.0512,0.0288,0.0272,0.18448174,0.05653984,0.12511356,0.00961643,0.0552,0.11858938,0.052000000000000005,0.1568,0.06,1.496,0.0552,0.4072,5.253046,0.5620802,4.845734
0.006961915,0.009675814,0.052000000000000005,0.0472,0.14880000000000002,0.0552,,0.0496,0.4376,5.3513217,0.5026687,4.9965086,0.0029206981,0.0024064982,0.0224,0.016800000000000002,0.024,0.4096,0.0544,0.0192,0.031200000000000002,0.18952581,0.0440753,0.14395612,0.009771331,0.052000000000000005,0.13993748,0.0472,0.14880000000000002,0.0552,,0.0496,0.412,5.325446,0.5128933,4.958478
0.0072805593,0.00048129424,-0.2904,0.1096,0.0008,0.1096,0.0008,0.1096,0.0008,-0.08393302,0.0,-0.05752729,0.002941106,0.0006467883,0.8456,1.2384000000000002,0.0008,1.2456,0.0008,1.2456,0.0008,0.02185707,0.014835647,0.025052093,0.0007421713,1.3319999999999999,3.0511656,1.6423999999999999,0.0008,1.7296,0.0008,1.708,0.0008,0.085563876,0.12388184,0.03662412
0.006940835,0.009585946,0.0464,0.0424,0.2248,0.0504,,0.045599999999999995,0.47759999999999997,5.6560416,0.43760288,5.364802,0.0030371156,0.0022900808,0.0192,0.0136,0.0248,0.392,0.0648,0.016,0.0408,0.23718254,0.03640939,0.2019327,0.00971763,0.0464,0.16481395,0.0424,0.19920000000000002,0.0504,,0.045599999999999995,0.47759999999999997,5.6183105,0.44808137,5.314618
0.0070646536,0.009573076,0.044,0.04,0.2432,0.0472,,0.0432,0.5512,5.6666927,0.40292263,5.4020805,0.0031667515,0.0022763985,0.0144,0.008,0.0432,0.4144,0.0768,0.008799999999999999,0.0552,0.20535342,0.021958802,0.18216272,0.009702696,0.044,0.16364053,0.04,0.2096,0.0472,,0.0432,0.48240000000000005,5.624444,0.41262856,5.3480844
0.007128781,0.009619897,0.0528,0.0488,0.236,0.056799999999999996,,0.0528,0.49839999999999995,5.702807,0.5074335,5.3550944,0.0032184666,0.0022246833,0.016800000000000002,0.0128,0.04,0.41600000000000004,0.08320000000000001,0.016800000000000002,0.053599999999999995,0.1993819,0.03199226,0.16610324,0.009723118,0.0528,0.14584112,0.0488,0.2176,0.056799999999999996,1.46,0.0528,0.4656,5.6712418,0.51843023,5.310032
0.0071070357,0.009419745,0.0488,0.041600000000000005,0.28080000000000005,0.0512,,0.0464,0.536,5.8812113,0.4282635,5.611052,0.0032442084,0.0023148952,0.0192,0.0128,0.041600000000000005,0.4184,0.08320000000000001,0.016,0.052000000000000005,0.24477756,0.033758227,0.21080321,0.009599901,0.0488,0.19403827,0.0424,0.2704,0.0512,,0.0464,0.536,5.818041,0.4404118,5.5327616
0.007094387,0.009210497,0.0664,0.06,0.30400000000000005,0.0688,,0.062400000000000004,0.5624,5.863183,0.61136246,5.465322,0.0032462955,0.002544715,0.016,0.008799999999999999,0.041600000000000005,0.3816,0.08320000000000001,0.0112,0.0592,0.22245662,0.024572857,0.19671495,0.009314075,0.0664,0.14927277,0.06,0.26880000000000004,0.0688,,0.062400000000000004,0.5504,5.831065,0.62461084,5.41728
0.007053115,0.00925177,0.068,0.06,0.3232,0.0712,,0.0648,0.6032,5.956601,0.6097706,5.5703893,0.0032606737,0.0022984298,0.0344,0.028,0.02,0.4208,0.07600000000000001,0.0304,0.033600000000000005,0.23034148,0.07227913,0.15810245,0.0092855245,0.068,0.08529344,0.06,0.3232,0.0712,1.5151999999999999,0.0648,0.6032,5.95457,0.6195939,5.5575724
0.0070888405,0.0005620646,1.5264,1.9207999999999998,0.0008,1.9207999999999998,0.0032,1.9207999999999998,0.0008,0.011038696,0.026063869,0.0030035474,0.0032045522,0.00061524904,0.0608,0.3664,0.0008,0.4528,0.0008,0.4488,0.0008,0.016871147,0.00037753966,0.01594352,0.0006682964,0.10719999999999999,2.5306854,0.49119999999999997,0.0008,0.5032,0.0008,0.49839999999999995,0.0008,0.0006353669,0.002437321,-0.0019402637
0.0070974943,0.00920739,0.062400000000000004,0.0528,0.296,0.0656,1.4712,0.0584,0.5943999999999999,5.809594,0.53721946,5.464877,0.0032224092,0.0024526478,0.0304,0.0232,0.020800000000000003,0.38799999999999996,0.0656,0.0264,0.0488,0.24048728,0.061545327,0.17671287,0.0093145855,0.062400000000000004,0.15185826,0.0528,0.2848,0.0656,1.4871999999999999,0.0584,0.5552,5.7791147,0.5515046,5.4174213
0.0071298904,0.008842148,0.052000000000000005,0.0448,0.3672,0.0576,,0.0512,0.6447999999999999,5.799166,0.42784393,5.538992,0.0031922613,0.0022508886,0.0184,0.017599999999999998,0.0448,0.4184,0.1056,0.0184,0.0696,0.2595036,0.035420995,0.2237899,0.008958512,0.052000000000000005,0.1613525,0.045599999999999995,0.34400000000000003,0.0576,,0.052000000000000005,0.6447999999999999,5.7655306,0.44068733,5.489846
0.0070140604,0.008736081,0.0664,0.0552,0.33840000000000003,0.068,,0.062400000000000004,0.6080000000000001,5.8528647,0.5337088,5.5345535,0.003123385,0.002319765,0.020800000000000003,0.0152,0.0464,0.4064,0.08399999999999999,0.016,0.061599999999999995,0.26141685,0.034456264,0.22709467,0.008931051,0.0664,0.20933436,0.056,0.3312,0.0688,,0.062400000000000004,0.5848,5.7794185,0.55072,5.4388995
0.006918201,0.008499096,0.07919999999999999,0.07039999999999999,0.4144,0.0824,,0.0752,0.6168,5.8573027,0.66944045,5.4416895,0.0029580356,0.0023691608,0.0256,0.0192,0.0472,0.4192,0.11359999999999999,0.0192,0.06,0.30379748,0.047868364,0.25509703,0.008620477,0.0784,0.16801128,0.0696,0.3664,0.0816,,0.07440000000000001,0.6176,5.825629,0.67859334,5.3946557
0.0067482283,0.008447172,0.061599999999999995,0.053599999999999995,0.44079999999999997,0.0648,,0.0592,0.728,5.915772,0.48589572,5.633963,0.0027388833,0.0023564063,0.0216,0.016800000000000002,0.0488,0.408,0.1096,0.0224,0.0688,0.35278812,0.04182372,0.31232035,0.008587253,0.061599999999999995,0.18087119,0.053599999999999995,0.3904,0.0648,,0.0592,0.6632,5.8827314,0.50201494,5.5821795
0.006546302,0.008316253,0.0784,0.0664,0.4552,0.0816,,0.0736,0.6856000000000001,5.8835974,0.6176155,5.523903,0.0024638413,0.0025154948,0.0248,0.0184,0.0392,0.41600000000000004,0.1088,0.0192,0.0608,0.37655884,0.044121925,0.33214867,0.008426073,0.0784,0.1616271,0.06720000000000001,0.4152,0.0816,,0.0736,0.6856000000000001,5.8675127,0.63572717,5.486475
0.006546302,0.008205305,0.0896,0.07600000000000001,0.4168,0.092,,0.08399999999999999,0.7183999999999999,5.8869257,0.69410163,5.491173,0.0021704794,0.0023450428,0.0248,0.0184,0.06,0.4152,0.1176,0.0232,0.0712,0.44618845,0.04498344,0.4034016,0.008284612,0.0784,0.21472506,0.0648,0.42800000000000005,0.0808,,0.0728,0.7295999999999999,5.8468056,0.6062324,5.49894
0.006372335,0.0077135805,0.0728,0.061599999999999995,0.516,0.0768,,0.0696,0.76,5.791732,0.5145439,5.5197973,0.001833982,0.0023336797,0.0288,0.0232,0.0544,0.40480000000000005,0.14,0.0248,0.072,0.43024546,0.056531493,0.37574732,0.007820722,0.0728,0.16571647,0.06319999999999999,0.5016,0.0768,,0.0696,0.76,5.7833605,0.53321123,5.4901514
0.012134331,0.0018406361,-0.3696,0.028,0.0488,0.0304,0.0976,0.0288,0.0592,-3.6239636,0.0,-1.9410971,0.0021080961,0.0015957516,-0.3976,0.0024,0.0128,0.0024,0.0648,0.0024,0.031200000000000002,-0.57495546,0.0,-0.3334244,0.005217067,1.5552,-2.9800203,1.2912000000000001,,1.7184,,1.4712,,3.6692567,6.7588263,0.2684847
0.00608986,0.0076632104,0.0976,0.0848,0.4856,0.09999999999999999,,0.0928,0.7704,5.8803244,0.7134586,5.50787,0.0013147423,0.0022731521,0.0512,0.044,0.031200000000000002,0.448,0.13040000000000002,0.045599999999999995,0.0688,0.51645684,0.10408634,0.4174326,0.007743703,0.0976,0.14430976,0.0848,0.4856,0.09999999999999999,,0.0928,0.7704,5.893472,0.7340182,5.4983926
0.005970923,0.0075602503,0.09999999999999999,0.0888,0.5456,0.1048,,0.0976,0.8256,5.904067,0.7354497,5.512863,0.0010070017,0.0023489855,0.0488,0.0448,0.0304,0.44079999999999997,0.19360000000000002,0.0448,0.061599999999999995,0.5706651,0.1044437,0.47430778,0.007692701,0.09999999999999999,0.18583484,0.0896,0.5008,0.1048,,0.0976,0.7768,5.9078536,0.76079917,5.4882064
0.0059547247,0.0076873973,0.0872,0.072,0.5664,0.088,,0.08,0.8463999999999999,6.15409,0.59739006,5.8705053,0.0008138233,0.0024262108,0.0288,0.02,0.0688,0.4264,0.2128,0.0248,0.0936,0.62684447,0.051398005,0.5808109,0.007855113,0.0872,0.20701496,0.0736,0.5279999999999999,0.088,,0.08,0.8416,6.151534,0.6235477,5.8384223
0.005826025,0.0075942003,0.14079999999999998,0.12560000000000002,0.5479999999999999,0.1424,,0.1352,0.8632,6.1391115,1.0776256,5.5673943,0.0005598852,0.002448242,0.0464,0.0392,0.0448,0.3008,0.1944,0.0424,0.0944,0.6972863,0.100834526,0.6053351,0.0076857256,0.0824,0.2300465,0.0688,0.5528000000000001,0.0848,,0.0768,0.8999999999999999,6.1363783,0.58023804,5.8550873
0.005911233,0.0076199407,0.1152,0.09999999999999999,0.5648,0.1168,,0.1088,0.876,6.153646,0.8407586,5.736924,0.00039824596,0.0022620205,0.032,0.0264,0.061599999999999995,0.3888,0.1928,0.0288,0.12,0.71589684,0.060912687,0.6619785,0.007756739,0.1152,0.18808585,0.1016,0.5648,0.1168,,0.1088,0.8488,6.178978,0.8725914,5.7277603
0.0057394854,0.0076807397,0.09680000000000001,0.0784,0.6024,0.0976,,0.0888,0.8775999999999999,6.229201,0.6652012,5.928198,0.00021596711,0.0024442994,0.044,0.035199999999999995,0.06720000000000001,0.3808,0.2256,0.04,0.08320000000000001,0.7534657,0.092693195,0.67090684,0.007852339,0.09680000000000001,0.20944367,0.08,0.5648,0.09680000000000001,,0.0896,0.8648,6.24973,0.6968487,5.913307
0.005689115,0.007620162,0.1088,0.0928,0.5312,0.1104,,0.1024,0.9351999999999999,6.2567716,0.7839343,5.8827643,7.844628e-05,0.0026977737,0.0264,0.0184,0.0696,0.41119999999999995,0.21439999999999998,0.02,0.1064,0.7621043,0.048558768,0.7198972,0.007751759,0.1088,0.18452445,0.0936,0.5312,0.1104,,0.1024,0.864,6.290385,0.8153285,5.883389
0.005778095,0.0075311814,0.0952,0.07919999999999999,0.6104,0.096,,0.0872,0.8999999999999999,6.2217674,0.6501268,5.926645,-1.33888725e-05,0.002557702,0.024,0.0152,0.0944,0.424,0.236,0.0192,0.09999999999999999,0.7968904,0.042176925,0.7618724,0.007705572,0.0952,0.21315533,0.08,0.5167999999999999,0.096,,0.088,0.8688,6.2495365,0.68194324,5.9199324
0.005714411,0.0074839173,0.09119999999999999,0.0768,0.6304000000000001,0.0944,,0.0856,0.9168,6.1740046,0.62494564,5.888978,-9.710729e-05,0.002525467,0.0472,0.0408,0.062400000000000004,0.4256,0.268,0.0424,0.0936,0.8008907,0.10807096,0.70453334,0.0076776366,0.09119999999999999,0.22511528,0.0768,0.5943999999999999,0.0944,,0.0872,0.9168,6.1969976,0.65760225,5.8759384
0.0056988783,0.00749945,0.12639999999999998,0.07440000000000001,0.6272,0.0928,,0.08399999999999999,0.96,6.0568423,0.6229591,5.9182677,-0.00010220923,0.0025305687,0.08,0.036,0.06319999999999999,0.48,0.232,0.0384,0.0872,0.8127179,0.09999827,0.73386955,0.007720649,0.12639999999999998,0.2399506,0.07600000000000001,0.6064,0.0928,,0.08399999999999999,0.9111999999999999,6.0764585,0.6562069,5.8985624
0.0058142645,0.0070512183,0.1016,0.092,0.612,0.108,,0.1016,0.9848000000000001,5.863682,0.7109974,5.51375,5.163685e-06,0.0023072422,0.0256,0.0224,0.0696,0.38799999999999996,0.2632,0.0264,0.0952,0.7696413,0.051800594,0.72163653,0.007163555,0.1016,0.17732932,0.0928,0.612,0.108,,0.1016,0.8936000000000001,5.9074945,0.739121,5.5287695
0.005832016,0.00681157,0.128,0.1152,0.6104,0.1312,,0.12240000000000001,0.896,5.6678576,0.8781615,5.225839,0.0001385102,0.0022898493,0.0288,0.02,0.06,0.4248,0.2792,0.0232,0.092,0.67392164,0.050199516,0.63125074,0.006946448,0.128,0.1973825,0.116,0.5528000000000001,0.1312,,0.12240000000000001,0.896,5.6899643,0.9084455,5.214553
0.005733938,0.0067986995,0.1064,0.0944,0.5904,0.1088,,0.1008,0.8392000000000001,5.4803543,0.6858805,5.1483965,0.00014013353,0.0021722724,0.0576,0.0512,0.041600000000000005,0.4384,0.1904,0.0528,0.0664,0.66632664,0.11326893,0.5668386,0.006933509,0.1064,0.19751693,0.0944,0.5592,0.1088,,0.1008,0.8168,5.5045557,0.7126062,5.1438513
0.005836454,0.006585235,0.096,0.0856,0.5608,0.09839999999999999,,0.092,0.8192,5.219626,0.60949314,4.915405,0.00028345204,0.0021449076,0.0248,0.02,0.0728,0.40480000000000005,0.1704,0.02,0.07919999999999999,0.5924643,0.03785162,0.56127286,0.0066967965,0.096,0.18278658,0.0864,0.5608,0.09839999999999999,,0.092,0.7999999999999999,5.240364,0.63156116,4.9126525
0.005851543,0.006570146,0.1016,0.0936,0.5192,0.1056,,0.0992,0.8368,5.1668143,0.67275655,4.804679,0.00036369183,0.0019487143,0.044,0.0384,0.056,0.43920000000000003,0.1536,0.0392,0.06720000000000001,0.56220055,0.084104545,0.48578715,0.0066322004,0.1016,0.13690275,0.0944,0.5192,0.1056,,0.0992,0.8223999999999999,5.195197,0.6917081,4.8132505
0.0058546495,0.0005758223,0.0424,0.41040000000000004,0.0008,0.44,0.0008,0.4304,0.0008,-0.058414597,-0.002322161,-0.058414593,0.00039592688,0.0005250374,-0.328,0.06720000000000001,0.0008,0.072,0.0024,0.06720000000000001,0.0008,-0.024582077,0.0,-0.012406962,0.0006740558,0.1592,2.2486465,0.5544,0.0008,0.5592,0.0016,0.5544,0.0008,0.017485416,0.00350866,0.019572757
0.005828466,0.0059275324,0.0464,0.044,0.412,0.052000000000000005,,0.0472,0.7344,4.292319,0.26014176,4.1501937,0.0005102571,0.0016861955,0.0144,0.0144,0.064,0.412,0.13199999999999998,0.0144,0.07440000000000001,0.47291625,0.019799752,0.45494345,0.0061033266,0.0464,0.24059242,0.044,0.412,0.052000000000000005,,0.0472,0.7312,4.2813725,0.27133825,4.126073
0.0058182585,0.0063815336,0.07440000000000001,0.0696,0.3896,0.0784,,0.072,0.6808,4.5382915,0.46178678,4.273901,0.0006561265,0.0018881864,0.0216,0.017599999999999998,0.0472,0.42160000000000003,0.1816,0.0184,0.0824,0.4752934,0.033588015,0.4451455,0.0064919903,0.0752,0.18473148,0.07039999999999999,0.364,0.07919999999999999,,0.0728,0.6799999999999999,4.548378,0.48411462,4.2624683
0.0057876366,0.006301207,0.0576,0.0528,0.48879999999999996,0.0608,,0.056,0.6736,4.612849,0.34284937,4.4256787,0.0007924879,0.0018677786,0.0328,0.024,0.0368,0.4152,0.14079999999999998,0.0304,0.064,0.45071116,0.05153297,0.40467763,0.006510091,0.0576,0.25400499,0.0528,0.384,0.0608,,0.056,0.6736,4.578096,0.3564921,4.374729
0.00597514,0.006890343,0.0576,0.0528,0.41040000000000004,0.062400000000000004,,0.056,0.6968000000000001,4.8422346,0.38548908,4.6166763,0.0009731433,0.0020349836,0.020800000000000003,0.016,0.045599999999999995,0.4152,0.13199999999999998,0.016800000000000002,0.045599999999999995,0.45992953,0.033661295,0.42896992,0.0070423353,0.0576,0.20813785,0.0528,0.3864,0.061599999999999995,,0.056,0.6968000000000001,4.8327656,0.39932305,4.591757
0.0060705557,0.0073496695,0.0736,0.07039999999999999,0.35600000000000004,0.07919999999999999,,0.0736,0.6552,4.9739304,0.56355685,4.621669,0.0012041227,0.0020359112,0.0184,0.016,0.0488,0.4088,0.1048,0.016800000000000002,0.0728,0.4399855,0.030476512,0.4118088,0.0074163578,0.0736,0.13420536,0.07039999999999999,0.3128,0.07919999999999999,,0.0736,0.6552,4.9880757,0.5767712,4.621854
0.006118707,0.007634364,0.06319999999999999,0.0608,0.3776,0.0696,,0.064,0.6832,5.148952,0.49460712,4.840848,0.0013954458,0.002076495,0.02,0.0192,0.036,0.41040000000000004,0.0856,0.0224,0.0528,0.40293851,0.03811391,0.36710888,0.0077582244,0.06319999999999999,0.17892876,0.0608,0.33039999999999997,0.0696,,0.064,0.6328,5.138461,0.50864214,4.8146806
0.006197924,0.0074441982,0.0728,0.0664,0.39840000000000003,0.0752,,0.07039999999999999,0.6784,5.211915,0.5459481,4.8842845,0.0015879285,0.0022318726,0.020800000000000003,0.016,0.0384,0.4168,0.10400000000000001,0.017599999999999998,0.064,0.35493383,0.033910368,0.32107544,0.007538443,0.0728,0.15829109,0.0688,0.3472,0.0752,,0.07039999999999999,0.6616000000000001,5.2027054,0.5600612,4.858516
0.0062749223,0.007810993,0.0544,0.0496,0.3488,0.0576,,0.0528,0.6624,5.2268376,0.41997725,4.9737644,0.001718956,0.0022167987,0.0296,0.0256,0.031200000000000002,0.392,0.0784,0.028,0.0488,0.3908213,0.05709155,0.33667102,0.007957719,0.0544,0.1923285,0.0496,0.328,0.0576,,0.0528,0.66,5.205168,0.4330017,4.9373226
0.006285795,0.007800121,0.0304,0.0304,0.3112,0.0384,,0.033600000000000005,0.6192000000000001,4.9899073,0.23216546,4.8434553,0.0018300395,0.0022216686,0.016,0.0136,0.024,0.3944,0.088,0.016,0.0544,0.35446984,0.033185888,0.32478574,0.007971056,0.032,0.20746805,0.032,0.2888,0.04,1.4544,0.035199999999999995,0.5712,4.9559164,0.2564909,4.7889047
0.006374998,0.0085985055,0.0504,0.0488,0.24400000000000002,0.056799999999999996,,0.052000000000000005,0.5488000000000001,5.1941633,0.43985516,4.9007044,0.0019357891,0.002115919,0.0112,0.008799999999999999,0.0504,0.4072,0.09040000000000001,0.0096,0.0544,0.321539,0.019418962,0.3026386,0.008734647,0.0504,0.17678823,0.0488,0.24,0.056799999999999996,,0.052000000000000005,0.54,5.1697536,0.45144707,4.8623524
0.006461316,0.008955982,0.053599999999999995,0.0488,0.20800000000000002,0.0576,1.5336,0.0528,0.5728000000000001,5.3234735,0.47168338,5.0096006,0.0020529022,0.00246262,0.02,0.0136,0.033600000000000005,0.40480000000000005,0.07759999999999999,0.016,0.0448,0.3167268,0.035823822,0.2811291,0.0090198135,0.053599999999999995,0.119039305,0.0488,0.20800000000000002,0.0576,1.5336,0.0528,0.48800000000000004,5.3234143,0.4815092,4.998777
0.0064919377,0.00892536,0.0608,0.0552,0.20559999999999998,0.06319999999999999,,0.0584,0.5072,5.391818,0.54840666,5.0262427,0.0021572604,0.0023582617,0.0328,0.0288,0.0256,0.4264,0.0656,0.0288,0.033600000000000005,0.33562714,0.06491747,0.27405587,0.00903929,0.0608,0.1589367,0.0552,0.20559999999999998,0.06319999999999999,,0.0584,0.5008,5.376979,0.56037295,4.998284
0.0065638316,0.008964414,0.0864,0.045599999999999995,0.24639999999999998,0.0528,,0.048,0.5264,5.291743,0.44880694,5.1093435,0.0022971006,0.0024503286,0.0544,0.010400000000000001,0.0368,0.3736,0.0768,0.0144,0.0472,0.30240613,0.032580115,0.2730699,0.00907412,0.0864,0.1556563,0.045599999999999995,0.20879999999999999,0.0528,,0.048,0.5264,5.274647,0.45997742,5.0781307
0.006595341,0.0091548,0.036,0.031200000000000002,0.2328,0.0392,,0.0344,0.568,5.4902296,0.30290377,5.2997313,0.0024302148,0.0022012608,0.020800000000000003,0.016800000000000002,0.0392,0.37520000000000003,0.061599999999999995,0.0192,0.0504,0.28744864,0.039375942,0.24848828,0.009318213,0.0528,0.18755475,0.048,0.1952,0.056,,0.0512,0.5136000000000001,5.447545,0.50081766,5.1060348
0.006671452,0.009300587,0.0448,0.041600000000000005,0.20240000000000002,0.0488,,0.044,0.49679999999999996,5.442577,0.4121034,5.166094,0.0025577638,0.0024215723,0.020800000000000003,0.0144,0.0296,0.40480000000000005,0.0592,0.020800000000000003,0.036,0.2764328,0.041509487,0.23642886,0.009438891,0.0448,0.171398,0.041600000000000005,0.18239999999999998,0.0488,,0.044,0.49679999999999996,5.409977,0.4224701,5.1217628
0.006751113,0.009331875,0.0472,0.041600000000000005,0.2352,0.0512,,0.0448,0.5272,5.473365,0.42842636,5.1877837,0.0026762686,0.0023030676,0.012,0.0064,0.0408,0.3976,0.0824,0.008,0.0544,0.24518299,0.017732758,0.22651449,0.0095114,0.0472,0.19459948,0.041600000000000005,0.2032,0.0512,,0.0448,0.4576,5.417468,0.43975446,5.1177697
0.0069108787,0.0092830565,0.048,0.0432,0.2368,0.0512,,0.0464,0.5432,5.6022873,0.4317226,5.3188143,0.002848111,0.0022471785,0.0256,0.02,0.036,0.4168,0.07440000000000001,0.0216,0.0472,0.2584604,0.049994502,0.20790467,0.009475365,0.048,0.20181519,0.0432,0.2368,0.0512,1.5416,0.0464,0.5367999999999999,5.540393,0.4431305,5.242545
0.007034697,0.0092701875,0.0512,0.045599999999999995,0.2616,0.0528,,0.048,0.5392,5.6533237,0.44872618,5.36397,0.0029745006,0.002352696,0.0272,0.02,0.036,0.4192,0.07759999999999999,0.0256,0.036,0.25724256,0.054018084,0.20065725,0.009397401,0.0512,0.1647278,0.045599999999999995,0.2552,0.0528,,0.048,0.5256,5.6189785,0.46045998,5.3149076
0.007004963,0.009188972,0.0488,0.041600000000000005,0.2912,0.0504,,0.044,0.5640000000000001,5.7349825,0.4147411,5.47503,0.003078627,0.002364523,0.02,0.0128,0.0344,0.41600000000000004,0.088,0.0136,0.0464,0.24454555,0.033139497,0.20999144,0.009339279,0.0576,0.17965123,0.0504,0.24960000000000002,0.0592,,0.0528,0.532,5.6863804,0.5258032,5.338607
0.007069091,0.009457691,0.0528,0.044,0.2912,0.0544,,0.048,0.5584,5.8712826,0.4550112,5.5914702,0.0031470393,0.0022961106,0.020800000000000003,0.0136,0.0408,0.39840000000000003,0.0928,0.016,0.056,0.27753454,0.036971994,0.24089323,0.009656272,0.0528,0.20315462,0.044,0.22719999999999999,0.0544,,0.0488,0.5512,5.806535,0.4685324,5.509761
0.007160735,0.009587944,0.062400000000000004,0.0552,0.2704,0.0664,,0.0592,0.5552,5.89863,0.57777566,5.521849,0.0032632246,0.0025277857,0.0304,0.0248,0.0288,0.42879999999999996,0.07919999999999999,0.0264,0.0424,0.23538555,0.068690844,0.16430604,0.00970214,0.062400000000000004,0.15358005,0.0552,0.228,0.0664,,0.06,0.524,5.8652105,0.59232134,5.4703903
0.0072115487,0.009093335,0.062400000000000004,0.0552,0.3176,0.0656,1.4968,0.06,0.5840000000000001,5.824684,0.54962546,5.4751964,0.003279922,0.002395135,0.0256,0.02,0.04,0.396,0.09119999999999999,0.024,0.0488,0.25880796,0.052641943,0.20570126,0.009193228,0.062400000000000004,0.14755103,0.0552,0.296,0.0664,1.4968,0.0608,0.5840000000000001,5.7994423,0.56327707,5.4341135
0.007265026,0.008817961,0.0752,0.0664,0.3528,0.07600000000000001,,0.07039999999999999,0.6048,5.771595,0.65614164,5.3511,0.0033170271,0.0023580298,0.028,0.020800000000000003,0.0384,0.42800000000000005,0.0856,0.0232,0.044,0.28292635,0.05609365,0.22657296,0.008884163,0.0752,0.122154266,0.06720000000000001,0.3408,0.07600000000000001,,0.07039999999999999,0.5784,5.763062,0.67019343,5.326655
0.007131222,0.008951765,0.07440000000000001,0.06319999999999999,0.3472,0.07600000000000001,,0.0696,0.6136,5.830897,0.64012945,5.4309278,0.003307055,0.0022520486,0.0288,0.0232,0.04,0.3944,0.0896,0.0264,0.0552,0.23822643,0.05567994,0.18245284,0.009004873,0.07440000000000001,0.10866167,0.06319999999999999,0.3192,0.07600000000000001,,0.0696,0.612,5.822342,0.6522644,5.4089003
0.007077967,0.008783123,0.06720000000000001,0.0552,0.30479999999999996,0.0688,,0.061599999999999995,0.6519999999999999,5.6790085,0.5384081,5.352598,0.0032479186,0.0024271384,0.0288,0.020800000000000003,0.033600000000000005,0.42319999999999997,0.0784,0.0232,0.0552,0.25637338,0.054562148,0.2011795,0.008843977,0.06720000000000001,0.11737691,0.0552,0.30479999999999996,0.0688,,0.061599999999999995,0.5792,5.669956,0.5510429,5.3294287
0.006999637,0.00841766,0.068,0.0592,0.3136,0.0712,,0.0656,0.6144,5.6637535,0.55673397,5.3136,0.0032254239,0.0023336797,0.024,0.0184,0.041600000000000005,0.4064,0.1008,0.020800000000000003,0.0552,0.2529524,0.0438049,0.20831029,0.008540781,0.0512,0.23465787,0.0432,0.33039999999999997,0.0544,,0.0488,0.6176,5.567346,0.4010182,5.3187695
0.0070189424,0.0082874065,0.0824,0.0728,0.3832,0.0856,,0.0784,0.6136,5.72949,0.68374074,5.300563,0.0032015375,0.0022416124,0.0248,0.0192,0.044,0.42160000000000003,0.0856,0.0224,0.0696,0.26135895,0.044791892,0.21671683,0.008390928,0.0824,0.15724306,0.0728,0.35760000000000003,0.0856,,0.0784,0.6136,5.6997313,0.7004393,5.250948
0.0069914274,0.008093025,0.061599999999999995,0.0504,0.4504,0.06319999999999999,,0.056799999999999996,0.7264,5.7202806,0.44364828,5.4735317,0.003102977,0.002108266,0.0232,0.02,0.0504,0.40480000000000005,0.09119999999999999,0.020800000000000003,0.07039999999999999,0.26860607,0.037717104,0.22918184,0.008258405,0.061599999999999995,0.20046459,0.0504,0.42800000000000005,0.06319999999999999,,0.056799999999999996,0.6759999999999999,5.6592135,0.45956197,5.3922386
0.007037582,0.008268767,0.0864,0.0752,0.4064,0.0872,,0.0808,0.6912,5.708187,0.6886598,5.2830334,0.002970094,0.0021251955,0.0224,0.0144,0.0592,0.412,0.112,0.016800000000000002,0.068,0.3037983,0.033647846,0.2707515,0.008372446,0.0864,0.157537,0.0752,0.3792,0.0872,,0.0808,0.6176,5.6851635,0.705917,5.239587
0.0069073285,0.008177124,0.07919999999999999,0.068,0.372,0.0824,,0.0752,0.6824,5.7525115,0.62813455,5.377838,0.0027757564,0.0022035798,0.036,0.032,0.035199999999999995,0.42319999999999997,0.0952,0.0344,0.0576,0.34855586,0.07110033,0.27851993,0.008258993,0.07919999999999999,0.1409187,0.0696,0.372,0.0824,,0.0752,0.6824,5.744445,0.6439657,5.3517113
0.006628626,0.008012032,0.08320000000000001,0.07039999999999999,0.4376,0.0856,,0.0784,0.6584,5.673627,0.6204522,5.316151,0.0024691753,0.002278254,0.031200000000000002,0.0232,0.048,0.4184,0.1088,0.0264,0.0584,0.36281827,0.05824018,0.301247,0.008106607,0.08320000000000001,0.15289953,0.0728,0.4152,0.0856,,0.0784,0.6584,5.662695,0.6384925,5.283765
0.0063920836,0.00791573,0.0872,0.072,0.456,0.0888,,0.0808,0.7584,5.7651596,0.6487949,5.399807,0.002141491,0.002142124,0.0392,0.033600000000000005,0.0528,0.4272,0.1096,0.035199999999999995,0.0584,0.4004448,0.074120454,0.32704625,0.008008357,0.0872,0.15224104,0.07440000000000001,0.456,0.0888,,0.0808,0.7248,5.7592072,0.6673807,5.372107
0.0063315057,0.007421565,0.0728,0.0592,0.4728,0.07440000000000001,,0.0688,0.72,5.5060396,0.49129888,5.2448673,0.0017799475,0.0021558073,0.0256,0.02,0.0648,0.3904,0.12480000000000001,0.024,0.07759999999999999,0.45361015,0.043823928,0.41453385,0.0075638266,0.0728,0.19425482,0.06319999999999999,0.45680000000000004,0.07440000000000001,,0.0688,0.72,5.490044,0.5101017,5.2075953
0.006298665,0.007343457,0.0864,0.0768,0.47840000000000005,0.09119999999999999,,0.08320000000000001,0.7792,5.5255666,0.61180353,5.1903915,0.0015357494,0.0021680985,0.0192,0.0144,0.061599999999999995,0.41759999999999997,0.16640000000000002,0.016800000000000002,0.0864,0.4627127,0.033017993,0.43210095,0.0074305967,0.0736,0.2314205,0.064,0.4352,0.0784,,0.0712,0.7728,5.4843917,0.5199484,5.1967134
0.006078322,0.0074528516,0.092,0.07600000000000001,0.516,0.092,,0.0848,0.8136,5.7187824,0.63518107,5.387601,0.0012859857,0.0023019086,0.0408,0.0304,0.048,0.43360000000000004,0.148,0.0328,0.0736,0.48410594,0.07298716,0.41430193,0.0075784987,0.092,0.18234831,0.0768,0.4416,0.092,,0.0848,0.7472,5.7117558,0.6567577,5.355219
0.0060042082,0.0075269653,0.1448,0.0936,0.49279999999999996,0.1096,,0.1032,0.7808,5.628582,0.8024237,5.3142653,0.0010176694,0.0022223643,0.0648,0.02,0.0664,0.4424,0.2384,0.0232,0.1064,0.5337919,0.051187202,0.48787433,0.007601632,0.1448,0.14027555,0.09839999999999999,0.49279999999999996,0.1096,,0.1032,0.7808,5.647928,0.82411385,5.309024
0.005816705,0.0074925716,0.0824,0.0688,0.5279999999999999,0.0856,,0.0768,0.8463999999999999,5.836222,0.56348455,5.5519724,0.0007778777,0.0022302493,0.0288,0.0192,0.0688,0.42879999999999996,0.1528,0.0224,0.0944,0.6092776,0.047937956,0.5637079,0.0076480983,0.0824,0.20201302,0.0712,0.508,0.0856,,0.0768,0.816,5.8397875,0.5861583,5.5298862
0.0058171493,0.007381179,0.1024,0.09119999999999999,0.5032,0.1064,,0.0976,0.7704,5.790289,0.73820484,5.400083,0.00058701826,0.0023051552,0.036,0.0272,0.06,0.37679999999999997,0.1608,0.031200000000000002,0.0784,0.5849853,0.06998953,0.52097905,0.0075086206,0.1024,0.18450448,0.09119999999999999,0.5032,0.1064,,0.0976,0.7704,5.799333,0.76323557,5.3811398
0.0057494706,0.007337909,0.0752,0.0648,0.5880000000000001,0.07919999999999999,,0.0712,0.8535999999999999,5.7592793,0.5027043,5.513195,0.00033145677,0.0020969028,0.0328,0.0264,0.0784,0.4296,0.3688,0.0304,0.0976,0.6488757,0.06347804,0.59414566,0.0074496125,0.0752,0.17339036,0.0656,0.5568,0.07919999999999999,,0.0728,0.7984,5.7848673,0.52267075,5.518148
0.0058113793,0.0072760005,0.0936,0.0824,0.5448,0.096,,0.088,0.8208000000000001,5.738588,0.64481694,5.4067407,0.00021643093,0.0022119284,0.0264,0.02,0.07759999999999999,0.3912,0.164,0.0232,0.11120000000000001,0.6544415,0.048295554,0.6106111,0.0074095144,0.0936,0.19012392,0.08399999999999999,0.5448,0.096,,0.088,0.7856000000000001,5.7588596,0.6697901,5.3997507
0.0057408162,0.007235615,0.09999999999999999,0.0848,0.5664,0.1008,,0.0944,0.892,5.805933,0.6857725,5.466875,4.783457e-05,0.0022645714,0.0248,0.0144,0.08320000000000001,0.4224,0.2616,0.02,0.12480000000000001,0.70841783,0.039937854,0.67467535,0.007358094,0.09999999999999999,0.18271191,0.0864,0.5296,0.1016,,0.0944,0.8111999999999999,5.8380084,0.71178025,5.4716425
0.005722177,0.0071433056,0.10400000000000001,0.0944,0.5992000000000001,0.108,,0.1016,0.8432000000000001,5.8083735,0.7381312,5.435809,-7.43804e-05,0.002270833,0.0216,0.0144,0.08,0.37520000000000003,0.3952,0.0232,0.11359999999999999,0.7510307,0.03823775,0.7196073,0.0072684945,0.10400000000000001,0.18586658,0.0952,0.568,0.108,,0.1024,0.8432000000000001,5.847122,0.76655805,5.4455967
0.0056396313,0.0070039546,0.108,0.096,0.5352,0.11120000000000001,,0.1048,0.7999999999999999,5.6710196,0.749377,5.2874713,-0.00012725519,0.0023237078,0.0368,0.031200000000000002,0.072,0.432,0.1896,0.0344,0.08399999999999999,0.7373482,0.07303215,0.67496526,0.0071000475,0.108,0.16471067,0.09839999999999999,0.5352,0.1104,,0.1048,0.7999999999999999,5.715168,0.77591765,5.304926
0.0056489515,0.006883686,0.11359999999999999,0.1056,0.6232,0.116,,0.1104,0.9144,5.678009,0.79286516,5.2790384,-0.00013328478,0.002213784,0.031200000000000002,0.0232,0.0688,0.41119999999999995,0.2136,0.0288,0.12560000000000002,0.71949136,0.058160875,0.6690516,0.006995168,0.07440000000000001,0.2528542,0.0664,0.6064,0.0768,,0.0712,0.8976,5.677456,0.49527937,5.4394484
0.0057794265,0.006753211,0.10400000000000001,0.0952,0.5472,0.108,,0.1008,0.872,5.4936132,0.7059473,5.133252,-4.794301e-05,0.0022443957,0.031200000000000002,0.0264,0.06319999999999999,0.42879999999999996,0.164,0.0272,0.0872,0.6936337,0.05923877,0.6419185,0.006880388,0.10400000000000001,0.19256781,0.096,0.5472,0.108,,0.1008,0.872,5.5248175,0.7330265,5.1353674
0.005920997,0.006722589,0.1128,0.1064,0.5831999999999999,0.1168,,0.11120000000000001,0.9184,5.36924,0.7753602,4.961837,4.0413543e-05,0.002156039,0.0368,0.0304,0.053599999999999995,0.4072,0.2544,0.0328,0.0936,0.6897493,0.07018943,0.6289897,0.0068339,0.1128,0.18073492,0.1064,0.4944,0.1168,,0.11120000000000001,0.844,5.4057693,0.80045164,4.9722996
0.0058182585,0.0063815336,0.0816,0.0784,0.5704,0.088,,0.0824,0.8952,5.170476,0.5325344,4.8967657,0.00012645104,0.0020700016,0.017599999999999998,0.0136,0.0544,0.4072,0.19679999999999997,0.017599999999999998,0.0992,0.61536515,0.028610826,0.59171057,0.0064829774,0.0816,0.17713618,0.0784,0.5704,0.0872,,0.0824,0.8952,5.198004,0.5512724,4.9048758
0.0058435546,0.006467186,0.0712,0.0664,0.5696,0.07600000000000001,,0.0696,0.7864,5.0936995,0.45398003,4.862372,0.0002194457,0.0022089137,0.0224,0.016,0.0512,0.42,0.14959999999999998,0.0216,0.0848,0.58469546,0.037615314,0.551069,0.0066164015,0.0712,0.21278015,0.0664,0.5088,0.07600000000000001,,0.0696,0.7864,5.1022987,0.47254926,4.850331
0.005816039,0.0062728045,0.0656,0.06319999999999999,0.5592,0.0696,,0.0648,0.8456,4.8762407,0.4177339,4.6509047,0.00028994546,0.0020224606,0.0264,0.0224,0.0488,0.424,0.212,0.0232,0.0816,0.5445755,0.04540576,0.50306416,0.0064115766,0.0656,0.20843475,0.06319999999999999,0.5376000000000001,0.0696,,0.0648,0.8320000000000001,4.8833876,0.43374813,4.6401825
0.0057625626,0.006326281,0.061599999999999995,0.0608,0.4016,0.06720000000000001,,0.06319999999999999,0.8016,4.642971,0.40535462,4.409979,0.00040010124,0.002028258,0.0256,0.0192,0.0392,0.4168,0.07600000000000001,0.024,0.07039999999999999,0.46949568,0.044612408,0.42844814,0.006516849,0.061599999999999995,0.24242918,0.0608,0.39999999999999997,0.06720000000000001,,0.062400000000000004,0.7064,4.6199074,0.42027602,4.369428
0.005904133,0.006295659,0.056799999999999996,0.056,0.42,0.061599999999999995,,0.0584,0.7552,4.5835023,0.36688703,4.36915,0.0005086337,0.0020356793,0.010400000000000001,0.0064,0.064,0.4016,0.1648,0.0112,0.0872,0.5143697,0.014404669,0.501151,0.0064889207,0.056799999999999996,0.24467228,0.056,0.3744,0.061599999999999995,,0.0584,0.6759999999999999,4.571591,0.3818427,4.3400564
0.005928319,0.006271473,0.06720000000000001,0.0656,0.4208,0.072,,0.068,0.7464,4.6039734,0.44037488,4.3423567,0.0006651709,0.0019950955,0.0184,0.012,0.0408,0.3976,0.108,0.0152,0.072,0.45761046,0.026638923,0.43268043,0.0064291935,0.0824,0.22195889,0.0808,0.40559999999999996,0.0872,,0.08320000000000001,0.6976,4.5917683,0.5713618,4.234419
0.0059908945,0.0064307945,0.068,0.0688,0.4168,0.07600000000000001,,0.0728,0.6592,4.7326727,0.46240762,4.4584084,0.00088409113,0.0018921287,0.010400000000000001,0.010400000000000001,0.0504,0.4096,0.12480000000000001,0.010400000000000001,0.0752,0.45227647,0.015321396,0.43755037,0.006534278,0.0464,0.25689518,0.0472,0.4384,0.0544,,0.0512,0.6808,4.692277,0.30931565,4.507884
0.00596227,0.00712511,0.0648,0.0608,0.4184,0.0696,,0.064,0.7111999999999999,5.0809956,0.46818253,4.8067307,0.0010494407,0.0019586862,0.0256,0.020800000000000003,0.041600000000000005,0.4184,0.1352,0.020800000000000003,0.0424,0.4027065,0.043661587,0.36189085,0.007257314,0.0648,0.19116624,0.0608,0.3944,0.0688,,0.064,0.7111999999999999,5.064953,0.48195532,4.774908
0.0059596067,0.0076825153,0.0528,0.048,0.3784,0.056,,0.052000000000000005,0.7656000000000001,5.3919845,0.3968742,5.1588817,0.001168177,0.0021878104,0.0184,0.0136,0.0424,0.408,0.1096,0.0136,0.06319999999999999,0.45766854,0.030955413,0.42833233,0.00782607,0.0528,0.19183065,0.048,0.3784,0.056,,0.052000000000000005,0.696,5.380336,0.4101604,5.1324306
0.0060974043,0.0077666147,0.0976,0.056799999999999996,0.4016,0.0664,,0.061599999999999995,0.6656000000000001,5.186231,0.49041936,4.9959545,0.0013931267,0.0021947676,0.0528,0.012,0.0472,0.4472,0.1096,0.016800000000000002,0.0648,0.40293857,0.030640488,0.37742877,0.007869304,0.0976,0.1617272,0.056799999999999996,0.3664,0.0664,,0.061599999999999995,0.6552,5.1834364,0.5038525,4.9775877
0.0062101283,0.0076538906,0.0592,0.0528,0.3888,0.061599999999999995,,0.0552,0.692,5.3540955,0.43435925,5.1036854,0.0015540702,0.002265731,0.0408,0.032,0.0192,0.43360000000000004,0.0768,0.036,0.048,0.39702487,0.078563124,0.3237423,0.007790785,0.0664,0.18773894,0.06,0.3816,0.0688,,0.062400000000000004,0.6752,5.3341174,0.514849,5.023171
0.0062578362,0.007828079,0.053599999999999995,0.0488,0.38799999999999996,0.056799999999999996,,0.0512,0.6544,5.2910213,0.40454605,5.046158,0.0016857932,0.0022499617,0.036,0.0288,0.031200000000000002,0.41040000000000004,0.0784,0.033600000000000005,0.0408,0.38705307,0.06796963,0.32165533,0.007959113,0.053599999999999995,0.18170774,0.0488,0.364,0.056799999999999996,,0.0512,0.6544,5.273857,0.41653624,5.0150256
0.0063308403,0.008309818,0.062400000000000004,0.06,0.2648,0.0664,,0.062400000000000004,0.5768,5.2340493,0.52734286,4.891662,0.001840939,0.0023267227,0.0288,0.024,0.0288,0.42800000000000005,0.0688,0.0304,0.0384,0.3382945,0.056860812,0.2824049,0.008391389,0.062400000000000004,0.139546,0.06,0.2648,0.0664,,0.062400000000000004,0.5616000000000001,5.2302246,0.5389281,4.874974
0.006382542,0.008369064,0.0528,0.0472,0.24480000000000002,0.0552,,0.0504,0.5928,5.439692,0.43053684,5.173305,0.0019478484,0.0023357668,0.0264,0.017599999999999998,0.0304,0.39999999999999997,0.092,0.0256,0.045599999999999995,0.35191876,0.046352632,0.3075086,0.0084867,0.0528,0.16669394,0.0472,0.24480000000000002,0.0552,,0.0504,0.5928,5.422683,0.4417017,5.143654
0.00639164,0.008581864,0.0544,0.0496,0.2848,0.0576,,0.0528,0.5559999999999999,5.400805,0.46385336,5.1023536,0.0020654255,0.0024500967,0.0192,0.012,0.035199999999999995,0.4168,0.09119999999999999,0.016800000000000002,0.0504,0.32414746,0.033408508,0.29005718,0.0086618755,0.0544,0.1360258,0.0496,0.2848,0.0576,,0.0528,0.5559999999999999,5.3948736,0.4746769,5.084005
0.0064717447,0.008834604,0.06319999999999999,0.0584,0.25120000000000003,0.06720000000000001,,0.061599999999999995,0.5631999999999999,5.4589977,0.5672364,5.080996,0.0021693197,0.0021142955,0.016,0.008799999999999999,0.048,0.412,0.1016,0.0144,0.06,0.3393376,0.025240751,0.31545117,0.008899251,0.06319999999999999,0.12060728,0.0584,0.25120000000000003,0.06720000000000001,,0.061599999999999995,0.5416000000000001,5.4601693,0.5781338,5.0705724
0.00653432,0.008882977,0.056,0.0504,0.2408,0.0592,,0.053599999999999995,0.5528000000000001,5.422939,0.4933301,5.099635,0.0022507191,0.00249671,0.028,0.02,0.024,0.4144,0.0848,0.0232,0.0376,0.29811597,0.05503382,0.24257424,0.008983058,0.056,0.14941052,0.0504,0.2344,0.0592,,0.0544,0.5352,5.406898,0.50530547,5.0700393
0.0066652386,0.008863008,0.1056,0.0656,0.23120000000000002,0.07440000000000001,,0.068,0.5648,5.3579235,0.6646577,5.0228596,0.0024510864,0.0021803894,0.0544,0.0144,0.0392,0.37520000000000003,0.0816,0.0144,0.044,0.27782452,0.033008706,0.2457054,0.008941852,0.0824,0.20640078,0.0424,0.2376,0.0504,,0.0448,0.5648,5.301138,0.42738503,5.127914
0.006638833,0.0088894125,0.045599999999999995,0.04,0.296,0.0488,,0.0432,0.5576,5.4795785,0.38043717,5.2384877,0.0024944535,0.0023689293,0.0296,0.0232,0.0248,0.396,0.06319999999999999,0.024,0.035199999999999995,0.27034497,0.055415303,0.21654254,0.008982811,0.0488,0.21370752,0.0432,0.252,0.052000000000000005,,0.0464,0.5512,5.412262,0.4262085,5.1317644
0.006741793,0.008897401,0.06319999999999999,0.0592,0.2984,0.068,,0.062400000000000004,0.5488000000000001,5.4457397,0.5693127,5.064521,0.0025981157,0.0022652668,0.0296,0.024,0.032,0.4272,0.07039999999999999,0.0248,0.0392,0.27098292,0.060276322,0.21080305,0.008952285,0.06319999999999999,0.11078805,0.0592,0.23920000000000002,0.068,,0.062400000000000004,0.5488000000000001,5.442314,0.5799803,5.0495863
0.0067977114,0.00895243,0.045599999999999995,0.041600000000000005,0.3024,0.0496,,0.0448,0.5776,5.6139374,0.3864701,5.366522,0.0027393473,0.002239989,0.02,0.0152,0.0432,0.41119999999999995,0.08399999999999999,0.02,0.0592,0.2698811,0.03605572,0.23381957,0.009126927,0.0488,0.19585799,0.0448,0.29279999999999995,0.0528,,0.048,0.5352,5.559125,0.43298465,5.2723064
0.006823895,0.008815299,0.0656,0.0592,0.29760000000000003,0.068,,0.062400000000000004,0.5992000000000001,5.622369,0.5694128,5.2545753,0.0027987151,0.002180621,0.016800000000000002,0.010400000000000001,0.044,0.40559999999999996,0.0992,0.010400000000000001,0.062400000000000004,0.28831813,0.026196904,0.2614169,0.008903903,0.0656,0.14119267,0.0592,0.2952,0.068,,0.062400000000000004,0.568,5.6069937,0.58228475,5.224551
0.0070315907,0.0088295,0.06319999999999999,0.056799999999999996,0.2824,0.0664,,0.0608,0.6176,5.6512156,0.5403166,5.3041687,0.0029821536,0.0022290894,0.020800000000000003,0.0152,0.044,0.41759999999999997,0.09680000000000001,0.0192,0.0576,0.25301027,0.037780426,0.21381798,0.008961656,0.06319999999999999,0.17194934,0.056799999999999996,0.24639999999999998,0.0664,,0.0608,0.5712,5.611169,0.55458325,5.246681
0.007106148,0.008643994,0.072,0.0656,0.352,0.07600000000000001,,0.07039999999999999,0.6184,5.7069116,0.6325061,5.2938504,0.0031090067,0.0023341433,0.0192,0.0136,0.0496,0.3976,0.0872,0.016800000000000002,0.056,0.24727057,0.035495672,0.21097712,0.008708581,0.072,0.12186599,0.0656,0.352,0.07600000000000001,1.4688,0.07039999999999999,0.5784,5.694646,0.64534605,5.26669
0.007106592,0.008643551,0.08,0.072,0.36160000000000003,0.0824,,0.07600000000000001,0.6232,5.7823563,0.6917192,5.347327,0.003202929,0.0023561744,0.0296,0.024,0.04,0.42160000000000003,0.0824,0.024,0.045599999999999995,0.24419788,0.05482744,0.18726471,0.008780458,0.062400000000000004,0.176822,0.0544,0.33599999999999997,0.0648,,0.0584,0.64,5.7351513,0.52336395,5.411062
0.00714143,0.008608712,0.0544,0.0448,0.3912,0.0576,,0.052000000000000005,0.6904,5.889921,0.42962086,5.6385117,0.0032708773,0.0024041797,0.035199999999999995,0.0296,0.0368,0.4304,0.07759999999999999,0.033600000000000005,0.0544,0.26721507,0.07447646,0.19323677,0.008734422,0.0544,0.16986547,0.045599999999999995,0.384,0.0576,,0.052000000000000005,0.6352,5.8503227,0.44354734,5.5824594
0.007078189,0.008671953,0.07759999999999999,0.0656,0.40480000000000005,0.0784,,0.0728,0.6344,5.9546595,0.6359249,5.576215,0.0032834006,0.00250761,0.031200000000000002,0.024,0.0368,0.41759999999999997,0.0952,0.0272,0.0544,0.30060932,0.06219906,0.23938589,0.008776109,0.07759999999999999,0.15421794,0.0688,0.40480000000000005,0.0784,,0.0728,0.6344,5.9301653,0.6531126,5.5316677
0.007136769,0.008613373,0.06319999999999999,0.052000000000000005,0.4144,0.0664,,0.0592,0.6648,6.0127974,0.48962522,5.7363143,0.0033031125,0.002487898,0.0248,0.017599999999999998,0.0504,0.4224,0.11120000000000001,0.0216,0.0552,0.28060755,0.047904562,0.23329854,0.00875355,0.06319999999999999,0.17920186,0.052000000000000005,0.4032,0.0664,,0.0592,0.6648,5.966527,0.5062559,5.6696897
0.0071562966,0.008704794,0.0856,0.072,0.4224,0.0856,,0.07919999999999999,0.6952,6.035652,0.7095161,5.622924,0.0032991702,0.0023758868,0.0376,0.0296,0.0368,0.42160000000000003,0.09680000000000001,0.031200000000000002,0.045599999999999995,0.2926086,0.07409775,0.22060148,0.008748012,0.0856,0.09944253,0.072,0.38799999999999996,0.0864,,0.07919999999999999,0.6952,6.0348845,0.7227999,5.607399
0.007252156,0.0086089345,0.0936,0.0816,0.392,0.09680000000000001,,0.0896,0.6784,5.950555,0.7906741,5.466709,0.0033107658,0.0022483375,0.032,0.028,0.044,0.4064,0.0944,0.033600000000000005,0.06319999999999999,0.29689848,0.06338015,0.23312408,0.008651475,0.0936,0.099208884,0.0824,0.392,0.09680000000000001,,0.0896,0.636,5.950702,0.8049393,5.450733
0.007040023,0.0083772745,0.0824,0.0696,0.4616,0.0848,,0.0768,0.6864,5.9737425,0.6528338,5.598182,0.003185536,0.0023735675,0.0344,0.0288,0.0488,0.4184,0.0952,0.0304,0.0552,0.32333598,0.069944285,0.2531841,0.008464786,0.0824,0.14391786,0.0696,0.4264,0.0848,,0.0784,0.6864,5.958358,0.67093706,5.5618343
0.0069237486,0.008271651,0.09119999999999999,0.07919999999999999,0.4168,0.0944,,0.0872,0.7223999999999999,5.8961897,0.74204063,5.4543934,0.003073525,0.0022536716,0.031200000000000002,0.0256,0.0392,0.4096,0.112,0.0304,0.06,0.33000335,0.060296256,0.27051923,0.008354679,0.064,0.21590774,0.052000000000000005,0.4304,0.06720000000000001,,0.06,0.7008,5.8299923,0.48891142,5.5494404
0.006935065,0.008482233,0.07919999999999999,0.06720000000000001,0.4272,0.08,,0.072,0.6792,5.907119,0.62161636,5.542542,0.0029733412,0.002237902,0.0392,0.0328,0.0384,0.4256,0.0992,0.0376,0.0512,0.31539318,0.078349754,0.23758839,0.008550505,0.07919999999999999,0.12645409,0.06720000000000001,0.408,0.0808,,0.072,0.6616000000000001,5.899729,0.6373558,5.5170927
0.0068352115,0.008360188,0.0576,0.0472,0.4592,0.0608,,0.052000000000000005,0.7288,6.007527,0.41687158,5.783189,0.0027175476,0.002377742,0.0248,0.0192,0.0544,0.3888,0.1064,0.020800000000000003,0.0736,0.36600706,0.04646093,0.32148093,0.008551342,0.0576,0.21183722,0.0472,0.4208,0.0608,,0.053599999999999995,0.7288,5.950192,0.43443018,5.7047334
0.006620416,0.008353088,0.096,0.0808,0.42,0.096,,0.0872,0.704,6.0735407,0.7606138,5.648164,0.0024070244,0.0023404048,0.041600000000000005,0.0328,0.033600000000000005,0.43360000000000004,0.0992,0.0344,0.061599999999999995,0.42798388,0.08134924,0.34925148,0.008453156,0.096,0.15402119,0.0808,0.42,0.096,,0.088,0.704,6.0673013,0.78124726,5.6185875
0.006531657,0.008109001,0.1088,0.0608,0.4808,0.0736,,0.06720000000000001,0.748,5.8702826,0.54264534,5.707743,0.0021605073,0.0022390615,0.0736,0.0296,0.0512,0.4712,0.10719999999999999,0.0328,0.0752,0.42143258,0.075430036,0.3501212,0.008301049,0.1088,0.21552286,0.0608,0.4504,0.0736,,0.06720000000000001,0.704,5.8245993,0.5631999,5.634451
0.0063880896,0.00814162,0.0736,0.062400000000000004,0.436,0.07919999999999999,,0.07039999999999999,0.704,5.9494452,0.553427,5.6417847,0.001868304,0.002531265,0.035199999999999995,0.0296,0.0432,0.3992,0.1016,0.0328,0.056799999999999996,0.47222087,0.07519817,0.399518,0.008256368,0.0736,0.16691603,0.062400000000000004,0.436,0.07919999999999999,,0.0712,0.704,5.9452143,0.5727128,5.6156683
0.0062205577,0.008087255,0.0936,0.07759999999999999,0.49679999999999996,0.096,,0.0872,0.7744000000000001,6.005529,0.71255136,5.6195393,0.0015176607,0.0023021405,0.0224,0.0144,0.068,0.3784,0.11359999999999999,0.016,0.09119999999999999,0.49425197,0.03326845,0.46422,0.008184599,0.0936,0.1543842,0.0784,0.4192,0.096,,0.0872,0.7456,6.010104,0.73338825,5.6016564
0.006054579,0.0076984917,0.08320000000000001,0.0664,0.48879999999999996,0.0816,,0.07440000000000001,0.8072,5.896356,0.57719296,5.6086664,0.0012335747,0.002470273,0.036,0.0256,0.045599999999999995,0.43360000000000004,0.11359999999999999,0.0296,0.0688,0.56051934,0.0647809,0.50184685,0.0077922945,0.092,0.22974752,0.07759999999999999,0.48,0.09040000000000001,,0.08399999999999999,0.7928,5.869071,0.6835984,5.4989786
0.0059440737,0.0075871,0.2552,0.0736,0.3696,0.0888,,0.0816,0.6008,4.6071353,0.61803806,4.688571,0.0009736072,0.0023823802,0.1984,0.0224,0.0552,0.5976,0.1216,0.0256,0.0552,0.37748653,0.05582093,0.3244958,0.007685013,0.2552,0.15980002,0.07600000000000001,0.3456,0.0888,,0.0816,0.5808,4.6085024,0.6381382,4.661133
0.0059103454,0.00750988,0.1024,0.0896,0.5352,0.1064,,0.09839999999999999,0.7792,5.8402166,0.74680126,5.440026,0.0007368302,0.0023872503,0.0328,0.0272,0.062400000000000004,0.4152,0.2096,0.028,0.096,0.6176842,0.06413479,0.56098294,0.007650411,0.1024,0.19196692,0.0928,0.5352,0.1064,,0.0992,0.7792,5.8507853,0.7730206,5.421398
0.005867298,0.0074419784,0.0976,0.0872,0.5144,0.1024,,0.0952,0.8024,5.928974,0.72152793,5.5474224,0.0005659147,0.002326259,0.0368,0.032,0.0512,0.4152,0.148,0.0376,0.0728,0.63455546,0.07697595,0.56278026,0.007572266,0.09839999999999999,0.1857711,0.0888,0.5136000000000001,0.1032,,0.096,0.8016,5.944166,0.75535566,5.529006
0.0057346034,0.007463725,0.09040000000000001,0.0808,0.5144,0.0944,,0.088,0.8016,5.8119245,0.66144544,5.4644337,0.0003520965,0.0023081698,0.0376,0.0304,0.0424,0.3888,0.1944,0.033600000000000005,0.062400000000000004,0.5967546,0.07404579,0.53182065,0.0075903283,0.09040000000000001,0.18289976,0.0808,0.5144,0.0944,,0.088,0.8016,5.8235226,0.68473387,5.450636
0.0056032403,0.007373191,0.0808,0.07600000000000001,0.5536,0.0856,,0.0808,0.8575999999999999,5.797834,0.59402424,5.483961,0.00012598722,0.0024183257,0.02,0.016800000000000002,0.064,0.412,0.24,0.0192,0.1008,0.6801831,0.038890798,0.64620876,0.007522375,0.0808,0.19948904,0.0768,0.5304,0.0856,,0.0808,0.8184,5.817642,0.6180773,5.4781
0.0057241744,0.007252257,0.0736,0.06720000000000001,0.4616,0.0784,,0.0728,0.8272,5.569446,0.5197571,5.2871933,1.3744242e-05,0.0021827084,0.02,0.0144,0.056,0.41040000000000004,0.176,0.016800000000000002,0.09999999999999999,0.66221035,0.035435382,0.63159865,0.0073807156,0.0736,0.1868442,0.0688,0.4616,0.0784,,0.0728,0.8272,5.5955234,0.5397851,5.292185
0.0056438474,0.00688879,0.10400000000000001,0.09839999999999999,0.5207999999999999,0.1064,,0.1024,0.8552,5.5067606,0.75641334,5.096917,-7.3916584e-05,0.0021544157,0.0152,0.0096,0.08,0.4144,0.3232,0.0112,0.1088,0.68853176,0.023077063,0.66963136,0.0070144697,0.07039999999999999,0.26048267,0.0648,0.4864,0.0728,,0.0688,0.8328,5.4983234,0.5014415,5.2311983
0.005626096,0.0069065415,0.0856,0.08,0.4744,0.0888,,0.08320000000000001,0.8488,5.434533,0.5955436,5.1164436,-0.0001513735,0.002347826,0.0296,0.020800000000000003,0.0552,0.4256,0.18080000000000002,0.024,0.07919999999999999,0.7058089,0.055098318,0.6607029,0.0070080203,0.0856,0.17038484,0.08,0.4704,0.0888,,0.08320000000000001,0.8472000000000001,5.4755163,0.61713004,5.1359825
0.0056460667,0.0068865707,0.1048,0.09839999999999999,0.5408,0.10719999999999999,,0.1024,0.8856,5.420886,0.74592537,5.022914,-0.000105919746,0.0023023724,0.033600000000000005,0.0248,0.0472,0.37679999999999997,0.12240000000000001,0.0272,0.0592,0.6735738,0.06307313,0.6211628,0.0070206374,0.0688,0.26496875,0.062400000000000004,0.5616000000000001,0.0712,,0.0664,0.8351999999999999,5.408096,0.4746022,5.1650095
0.005780536,0.006641153,0.0504,0.0472,0.5392,0.0552,,0.0512,0.8592,5.1688113,0.31998134,5.008269,-4.4464403e-05,0.002240917,0.0232,0.017599999999999998,0.045599999999999995,0.4192,0.2032,0.0216,0.07039999999999999,0.6375702,0.043303285,0.5994215,0.006905691,0.0504,0.2776848,0.0472,0.4656,0.0552,,0.0512,0.8184,5.145585,0.3366346,4.9659224
0.005734603,0.006465189,0.0512,0.048,0.5432,0.056799999999999996,,0.0512,0.7352,4.9262233,0.32889652,4.7488165,-2.1041804e-05,0.002101541,0.0216,0.016,0.04,0.41600000000000004,0.29279999999999995,0.02,0.0816,0.6085239,0.03760928,0.5768686,0.006698811,0.0512,0.26487622,0.048,0.44079999999999997,0.056799999999999996,,0.0512,0.7352,4.913726,0.34453171,4.7190113
0.00577743,0.0064223623,0.07600000000000001,0.0712,0.4168,0.0784,,0.07440000000000001,0.704,4.6983895,0.5070533,4.4061513,7.264861e-05,0.0022397575,0.02,0.0112,0.0504,0.4168,0.1632,0.016800000000000002,0.0736,0.55101097,0.031295843,0.52619696,0.0065792217,0.0768,0.21880122,0.072,0.41600000000000004,0.0784,,0.0752,0.7032,4.7059746,0.5321996,4.389305
0.0059347544,0.006375986,0.0448,0.0424,0.44079999999999997,0.0488,,0.045599999999999995,0.7384,4.550995,0.2834964,4.3862367,0.00020645892,0.0019899937,0.012,0.010400000000000001,0.06720000000000001,0.3992,0.1152,0.0112,0.07039999999999999,0.5132681,0.018022649,0.49633893,0.0065300795,0.0448,0.21767339,0.0432,0.352,0.0488,,0.045599999999999995,0.7384,4.5544477,0.2957896,4.376148
0.005859975,0.006561714,0.092,0.053599999999999995,0.4016,0.0608,,0.056799999999999996,0.7448,4.544505,0.38713583,4.4163594,0.00029296023,0.0021353993,0.056799999999999996,0.016800000000000002,0.041600000000000005,0.4536,0.1288,0.017599999999999998,0.041600000000000005,0.5432421,0.039950155,0.5137899,0.0067435955,0.092,0.2327794,0.053599999999999995,0.33599999999999997,0.0608,,0.056799999999999996,0.664,4.5472517,0.4019674,4.4014316
0.005882386,0.0069830967,0.0896,0.052000000000000005,0.368,0.0592,,0.0544,0.7120000000000001,4.73983,0.39722663,4.5938215,0.00036925764,0.0020591018,0.045599999999999995,0.0048,0.0648,0.4344,0.1656,0.008799999999999999,0.0848,0.48706257,0.017069047,0.476047,0.007138072,0.0896,0.20875867,0.052000000000000005,0.3608,0.0592,,0.0544,0.6936,4.737865,0.41164547,4.5746245
0.005927654,0.006494035,0.062400000000000004,0.06319999999999999,0.4064,0.0688,,0.0648,0.6568,4.5681915,0.4357496,4.2954803,0.0004747753,0.0020695378,0.0288,0.024,0.033600000000000005,0.4224,0.1104,0.0304,0.0608,0.46937972,0.05502317,0.41662085,0.0065936674,0.06319999999999999,0.17406039,0.064,0.36479999999999996,0.0696,,0.0656,0.656,4.5804534,0.45600367,4.2882338
0.0059831277,0.0067714066,0.07440000000000001,0.0712,0.4168,0.07919999999999999,,0.07440000000000001,0.724,4.7657914,0.5145764,4.464899,0.0006556628,0.0022365106,0.0192,0.0136,0.024,0.4192,0.15839999999999999,0.0192,0.0688,0.46056718,0.031529143,0.4322745,0.006839263,0.07440000000000001,0.14098206,0.0712,0.4168,0.07919999999999999,,0.07440000000000001,0.724,4.783224,0.5282047,4.4678183
0.0060188533,0.006957578,0.06,0.056,0.43119999999999997,0.064,,0.06,0.6944,4.894214,0.41741583,4.6444693,0.0008323759,0.0020597978,0.0224,0.0144,0.0256,0.404,0.1152,0.0184,0.07039999999999999,0.44201463,0.03680271,0.40688068,0.0070900354,0.06,0.19360064,0.056,0.4184,0.064,,0.06,0.692,4.8878202,0.43092915,4.6223955
0.005939414,0.0077027082,0.052000000000000005,0.0488,0.3792,0.056,,0.052000000000000005,0.7424,5.3514333,0.4047056,5.111674,0.0010046827,0.0022353511,0.020800000000000003,0.016,0.0368,0.4152,0.1048,0.0192,0.0576,0.44601503,0.036783688,0.41262043,0.007878621,0.052000000000000005,0.2117143,0.0488,0.3376,0.056,,0.052000000000000005,0.7032,5.3256707,0.41794163,5.0706997
0.0061084996,0.008199314,0.0512,0.048,0.328,0.0552,,0.0512,0.6552,5.4307613,0.42334914,5.164263,0.0012145584,0.0022573825,0.0184,0.012,0.0448,0.412,0.1064,0.0144,0.0592,0.4278685,0.03185985,0.39864823,0.0083691785,0.0512,0.20181885,0.048,0.3216,0.0552,,0.0512,0.6407999999999999,5.4063025,0.43581378,5.125248
0.0061266953,0.008292066,0.0512,0.048,0.3704,0.056,,0.0504,0.648,5.5489206,0.41242117,5.3027263,0.0014088963,0.002178998,0.010400000000000001,0.004,0.045599999999999995,0.36479999999999996,0.1288,0.008799999999999999,0.0712,0.4183605,0.014876371,0.40490985,0.008385958,0.0512,0.14978151,0.048,0.3704,0.056,,0.0504,0.648,5.549222,0.42427045,5.290194
0.006181948,0.008014916,0.0528,0.0488,0.4192,0.056,,0.0512,0.6376000000000001,5.4749737,0.4151514,5.223786,0.0015665932,0.0023691615,0.0256,0.0192,0.0384,0.4136,0.1032,0.0216,0.0544,0.3838061,0.048564103,0.33522162,0.008143519,0.0528,0.17795381,0.0488,0.3672,0.056,,0.0512,0.6376000000000001,5.4564524,0.4280025,5.189712
0.006178619,0.008240143,0.052000000000000005,0.0496,0.35600000000000004,0.056799999999999996,,0.0528,0.644,5.427433,0.4337586,5.158272,0.0016660811,0.0021537202,0.0096,0.0048,0.0512,0.3888,0.1144,0.008,0.0784,0.40322846,0.01413334,0.39070553,0.0084612835,0.052000000000000005,0.22912987,0.0496,0.2616,0.056799999999999996,,0.0528,0.6024,5.3771687,0.44689685,5.091998
0.006434244,0.008206414,0.0488,0.0432,0.29279999999999995,0.052000000000000005,1.5456,0.0472,0.5824,5.1410747,0.38531584,4.8943253,0.0018543897,0.0024292255,0.0184,0.010400000000000001,0.0384,0.3904,0.088,0.0152,0.053599999999999995,0.35765868,0.028507162,0.33110532,0.008342663,0.0488,0.1809765,0.0448,0.2648,0.052000000000000005,1.5456,0.0472,0.5608,5.1214876,0.3962818,4.861884
0.0064136074,0.00822705,0.0592,0.0552,0.2848,0.062400000000000004,,0.056799999999999996,0.5608,5.283255,0.48631468,4.974597,0.0019670967,0.002200565,0.0184,0.010400000000000001,0.0448,0.4168,0.0864,0.016800000000000002,0.0448,0.3700654,0.02846588,0.34270036,0.00832488,0.0432,0.2244296,0.0392,0.2352,0.0464,,0.0408,0.5768,5.233116,0.33958873,5.0210533
0.0063006626,0.008229047,0.062400000000000004,0.0576,0.33840000000000003,0.0648,,0.0608,0.5888,5.338229,0.5159392,5.0153694,0.0020086078,0.002159054,0.0232,0.017599999999999998,0.0432,0.3952,0.0896,0.0216,0.0432,0.35736874,0.04092926,0.31840837,0.008304305,0.062400000000000004,0.13473186,0.0576,0.27599999999999997,0.0648,,0.0608,0.5888,5.337855,0.52710927,5.0029526
0.006454881,0.008296726,0.0544,0.0528,0.2952,0.06,,0.0544,0.5743999999999999,5.2282248,0.45966387,4.9317703,0.0021549412,0.0022446276,0.0272,0.0224,0.017599999999999998,0.4192,0.0872,0.028,0.04,0.32066935,0.05556166,0.26512763,0.008383209,0.0544,0.14376278,0.0528,0.2792,0.06,,0.0544,0.5304,5.220231,0.47075936,4.91092
0.0065316567,0.008109001,0.0464,0.044,0.2704,0.0512,1.5352,0.0464,0.5992000000000001,5.197936,0.38023195,4.949966,0.0022676482,0.002015967,0.0152,0.0112,0.0496,0.38799999999999996,0.1024,0.012,0.06,0.2963188,0.02485277,0.2718526,0.008256216,0.0464,0.18912354,0.044,0.2704,0.0512,,0.0464,0.5888,5.160961,0.39063826,4.900344
0.006634839,0.008449613,0.053599999999999995,0.0504,0.25839999999999996,0.0584,,0.0528,0.5528000000000001,5.2019854,0.44907346,4.908416,0.002353454,0.0021620682,0.016800000000000002,0.012,0.0376,0.4128,0.0808,0.0128,0.044,0.32124853,0.027662547,0.2949271,0.008575905,0.053599999999999995,0.17182887,0.0504,0.2248,0.0584,,0.0528,0.4904,5.1803083,0.46066636,4.8732576
0.006624188,0.008349316,0.0448,0.04,0.3,0.0488,,0.044,0.6104,5.393594,0.35572565,5.177133,0.0024909747,0.002140501,0.02,0.0144,0.032,0.41600000000000004,0.0928,0.02,0.0496,0.31794402,0.034959964,0.2838537,0.008473398,0.0448,0.17134494,0.04,0.3,0.0488,,0.044,0.5776,5.368823,0.36603197,5.140586
0.006578921,0.008283634,0.0736,0.07039999999999999,0.3352,0.07759999999999999,,0.072,0.6864,5.4873447,0.63761014,5.072397,0.002534805,0.002212624,0.0264,0.020800000000000003,0.0368,0.4264,0.07600000000000001,0.028,0.0472,0.30258024,0.04994185,0.2526043,0.008334206,0.048,0.19719785,0.0448,0.30960000000000004,0.052000000000000005,,0.0464,0.6248,5.440279,0.39332974,5.1922035
0.0066987453,0.008496655,0.07759999999999999,0.0736,0.33999999999999997,0.0824,,0.07600000000000001,0.6264000000000001,5.563899,0.67705786,5.1234336,0.0026461203,0.002333216,0.033600000000000005,0.0296,0.028,0.42879999999999996,0.07600000000000001,0.0304,0.0384,0.30037737,0.06842693,0.23439986,0.008548689,0.07759999999999999,0.11038996,0.0736,0.3232,0.0824,,0.07600000000000001,0.612,5.563124,0.6893494,5.109066
0.0067706397,0.008535709,0.053599999999999995,0.0464,0.4096,0.056799999999999996,,0.0496,0.6552,5.8651247,0.42044786,5.6208158,0.0027669438,0.0023283458,0.0224,0.0152,0.048,0.3728,0.0872,0.016,0.0656,0.2924346,0.03910414,0.2523147,0.008690443,0.053599999999999995,0.1889874,0.0464,0.38480000000000003,0.056799999999999996,,0.0496,0.6552,5.815634,0.434165,5.5543275
0.0068791476,0.008649098,0.0688,0.0592,0.41119999999999995,0.0712,,0.0648,0.6983999999999999,5.9766827,0.56375307,5.6413965,0.0028798825,0.0023313605,0.035199999999999995,0.031200000000000002,0.04,0.4264,0.0824,0.031200000000000002,0.056799999999999996,0.3261191,0.07162029,0.25272056,0.008744442,0.0688,0.14780591,0.0592,0.352,0.0712,,0.0648,0.6983999999999999,5.959543,0.5790219,5.6060038
0.0068187914,0.008709454,0.061599999999999995,0.052000000000000005,0.3904,0.0648,,0.0584,0.6952,6.0159593,0.50132066,5.719616,0.0029540928,0.0023731038,0.0344,0.0288,0.0376,0.4344,0.1008,0.0296,0.0472,0.3176543,0.07119984,0.24680677,0.00882859,0.061599999999999995,0.16446717,0.052000000000000005,0.3904,0.0648,,0.0584,0.6688,5.986786,0.5160821,5.672971
0.0069934246,0.008645769,0.0648,0.0544,0.4352,0.0664,,0.0592,0.728,6.084913,0.5064804,5.801772,0.0030570596,0.0025020437,0.028,0.0192,0.0368,0.4264,0.1056,0.024,0.0592,0.31324798,0.054408837,0.25805414,0.008767921,0.07600000000000001,0.16711755,0.0656,0.3864,0.07759999999999999,,0.07039999999999999,0.6728000000000001,6.052246,0.6413459,5.6673093
0.0071145804,0.008635562,0.0664,0.056,0.444,0.07039999999999999,,0.06319999999999999,0.7368,6.0805864,0.52503276,5.779916,0.0031887824,0.002370321,0.0216,0.016,0.044,0.42,0.1128,0.02,0.06720000000000001,0.28483984,0.041503694,0.24228492,0.008775096,0.0664,0.17856912,0.0576,0.42319999999999997,0.07039999999999999,,0.06319999999999999,0.6752,6.034491,0.54314333,5.7115183
0.007060437,0.008911602,0.0848,0.0728,0.4144,0.0888,,0.0808,0.6896,6.200078,0.70975196,5.782579,0.003244904,0.0024301528,0.036,0.0304,0.0408,0.42,0.1096,0.032,0.0552,0.335975,0.07932494,0.256199,0.009018827,0.0848,0.15435408,0.07440000000000001,0.40559999999999996,0.0888,,0.0808,0.6864,6.1780186,0.72993565,5.7364435
0.0070808516,0.008780239,0.0872,0.0736,0.41759999999999997,0.0896,,0.0824,0.7552,6.2695312,0.7331521,5.842269,0.0033012573,0.0022578463,0.0256,0.020800000000000003,0.0424,0.41600000000000004,0.108,0.0248,0.0648,0.3025227,0.050335873,0.2524308,0.0088985395,0.0872,0.16324194,0.0752,0.41759999999999997,0.0896,,0.0824,0.6856000000000001,6.235347,0.75382876,5.7830667
0.007106591,0.008865448,0.07600000000000001,0.062400000000000004,0.42,0.0768,,0.07039999999999999,0.66,6.2814035,0.60733974,5.9369087,0.003275052,0.002400005,0.041600000000000005,0.0328,0.0496,0.42319999999999997,0.0944,0.035199999999999995,0.06319999999999999,0.31869802,0.08815895,0.22895001,0.009027777,0.07600000000000001,0.18992199,0.062400000000000004,0.42,0.0768,,0.07039999999999999,0.6136,6.228622,0.6279912,5.8579245
0.0071727172,0.0086883735,0.0768,0.0648,0.4424,0.07919999999999999,,0.072,0.696,6.1676807,0.62039715,5.810759,0.0033232884,0.0025836756,0.033600000000000005,0.0272,0.0376,0.40559999999999996,0.0864,0.0304,0.0664,0.29550752,0.071061395,0.2238483,0.008804318,0.0768,0.16246863,0.0656,0.4272,0.08,,0.072,0.6952,6.1342573,0.63963103,5.753959
0.0070974943,0.008652648,0.0816,0.06720000000000001,0.4456,0.0824,,0.0752,0.7384,6.2224336,0.6453624,5.8627386,0.0032509337,0.0024241232,0.0224,0.0144,0.0512,0.364,0.12480000000000001,0.0184,0.072,0.33667067,0.039582808,0.29597104,0.00874457,0.0816,0.145123,0.0688,0.43920000000000003,0.0824,,0.0752,0.7192000000000001,6.2057114,0.66397285,5.8242927
0.007043351,0.008706791,0.0816,0.07039999999999999,0.4616,0.08399999999999999,,0.07600000000000001,0.6664,6.178942,0.67340744,5.790068,0.0031366036,0.0024225,0.0256,0.0192,0.0488,0.41759999999999997,0.1152,0.024,0.0608,0.32930762,0.052126184,0.27689663,0.008834187,0.0816,0.17003256,0.07039999999999999,0.39999999999999997,0.08399999999999999,,0.07759999999999999,0.6496,6.145561,0.6944422,5.731411
0.0069499332,0.008800209,0.0712,0.06,0.41759999999999997,0.07440000000000001,,0.068,0.7544000000000001,6.1990786,0.5905012,5.8545833,0.0029900384,0.0024531116,0.020800000000000003,0.016800000000000002,0.056,0.40559999999999996,0.116,0.0192,0.0664,0.32014737,0.039662577,0.27956364,0.008973967,0.0712,0.1971059,0.061599999999999995,0.3888,0.0752,,0.068,0.6824,6.1417437,0.6098789,5.772923
0.006796158,0.008843036,0.08399999999999999,0.072,0.4072,0.0856,,0.07759999999999999,0.6968000000000001,6.1794972,0.70773137,5.766658,0.0027428255,0.002352464,0.02,0.0136,0.0648,0.41759999999999997,0.11359999999999999,0.016,0.0752,0.3574844,0.03283802,0.3237419,0.008923137,0.08399999999999999,0.1340909,0.072,0.4072,0.0856,,0.0784,0.66,6.1718173,0.7255492,5.7383304
0.006738243,0.008457158,0.0688,0.0584,0.4592,0.0712,,0.0656,0.752,6.087797,0.53282285,5.7867947,0.002462682,0.0024007005,0.0304,0.024,0.0488,0.39999999999999997,0.1128,0.0264,0.064,0.4228819,0.062238246,0.3625861,0.00858449,0.0688,0.1724505,0.0584,0.424,0.0712,,0.0656,0.6880000000000001,6.0700636,0.55127454,5.747619
0.006546746,0.008315809,0.0824,0.072,0.45680000000000004,0.0848,,0.07759999999999999,0.736,6.1783867,0.66614074,5.794173,0.0021788278,0.002452648,0.028,0.02,0.0504,0.3888,0.12639999999999998,0.024,0.07440000000000001,0.45500126,0.05349166,0.4023584,0.008442464,0.064,0.23781021,0.053599999999999995,0.4752,0.0664,,0.06,0.7192000000000001,6.1116905,0.50115186,5.8259506
0.006315973,0.008435633,0.0856,0.0736,0.4704,0.0888,,0.08,0.7664,6.123468,0.6925873,5.726161,0.001801283,0.002482332,0.0368,0.0272,0.0424,0.4328,0.128,0.032,0.06,0.48526543,0.07511096,0.41047546,0.008557447,0.0856,0.16893086,0.0736,0.44480000000000003,0.0888,,0.08,0.7535999999999999,6.117888,0.7138554,5.6958046
0.006178175,0.008351535,0.1048,0.0936,0.4384,0.1064,,0.09999999999999999,0.7288,6.048189,0.8812518,5.5241795,0.0014787004,0.0024570543,0.04,0.0344,0.0384,0.376,0.1144,0.0344,0.052000000000000005,0.5083982,0.08702309,0.42120114,0.008419243,0.1048,0.12690908,0.0936,0.4384,0.1064,,0.09999999999999999,0.7288,6.063896,0.90059465,5.5180798
0.0060450374,0.0006073313,0.9376,1.3248,0.0008,1.3368,0.0008,1.3368,0.0008,0.005491227,0.0023878217,0.027899953,0.0012069055,0.00052573316,-0.3056,0.07919999999999999,0.0008,0.0944,0.0016,0.07919999999999999,0.0008,-0.0023769045,0.0,-0.0043481113,0.00083729136,0.8423999999999999,3.0675733,0.9048,0.0008,1.24,0.0016,1.1976,0.0008,-0.0056519685,-0.0027360264,-0.027511675
0.005942521,0.007699601,0.062400000000000004,0.056799999999999996,0.5104,0.06720000000000001,,0.0608,0.76,5.8525863,0.45178697,5.6172647,0.0009390531,0.0021850276,0.016,0.012,0.07600000000000001,0.4128,0.1976,0.012,0.09040000000000001,0.54961944,0.025843712,0.52724046,0.007865158,0.062400000000000004,0.20554182,0.056799999999999996,0.4808,0.06720000000000001,,0.0608,0.76,5.841569,0.46965453,5.5858307
0.005857978,0.0078950925,0.08399999999999999,0.07440000000000001,0.48879999999999996,0.0864,,0.08,0.7728,5.8098164,0.6279461,5.4684277,0.0007243072,0.0023997733,0.02,0.012,0.0648,0.408,0.192,0.0144,0.0872,0.5878842,0.030542146,0.56017125,0.008010726,0.08399999999999999,0.1701163,0.0752,0.476,0.0864,,0.08,0.7728,5.8254786,0.6480936,5.461713
0.0057579027,0.0074404255,0.112,0.068,0.5648,0.07919999999999999,,0.0728,0.8351999999999999,5.647443,0.5711271,5.468816,0.00053994113,0.0023522323,0.06319999999999999,0.0224,0.0552,0.4616,0.204,0.024,0.07919999999999999,0.5674184,0.051900074,0.5220806,0.0076225954,0.112,0.21906385,0.07039999999999999,0.48879999999999996,0.07919999999999999,,0.0728,0.7952,5.6357856,0.59247965,5.4289465
0.005792075,0.0074062534,0.07440000000000001,0.0656,0.4856,0.07600000000000001,,0.0688,0.8136,5.5603485,0.517699,5.2866387,0.00029806214,0.0022462509,0.0288,0.02,0.056799999999999996,0.424,0.1896,0.0256,0.088,0.5846375,0.048282098,0.54069114,0.0075668185,0.07440000000000001,0.20637357,0.0656,0.4856,0.07600000000000001,,0.0688,0.7432000000000001,5.562159,0.5365945,5.2670045
0.005660046,0.0073163854,0.09119999999999999,0.0848,0.4752,0.0944,,0.0896,0.8032,5.545204,0.6819576,5.169976,0.00010070937,0.0023276503,0.028,0.0216,0.0504,0.4152,0.22319999999999998,0.024,0.072,0.6721244,0.053407017,0.62342393,0.0074491315,0.09119999999999999,0.1890688,0.0856,0.4752,0.0944,,0.0896,0.7992,5.572709,0.70500976,5.173222
0.005740151,0.0074581774,0.0944,0.0888,0.408,0.09839999999999999,,0.092,0.7472,5.4790235,0.7187459,5.066295,1.46718685e-05,0.0021817808,0.0288,0.0248,0.053599999999999995,0.4256,0.17200000000000001,0.0256,0.0896,0.6283519,0.055701267,0.5795355,0.0075279074,0.0944,0.13621502,0.0888,0.408,0.09839999999999999,,0.092,0.7472,5.513598,0.7378371,5.0815153
0.0055457694,0.007208765,0.056799999999999996,0.052000000000000005,0.5055999999999999,0.0608,,0.0552,0.8592,5.4415226,0.39011186,5.239929,-0.00016111361,0.0022416129,0.02,0.0152,0.0528,0.4144,0.22240000000000001,0.0152,0.08320000000000001,0.6869084,0.034357015,0.6575722,0.0074533615,0.056799999999999996,0.25689667,0.052000000000000005,0.45999999999999996,0.0608,,0.0552,0.7544000000000001,5.4374785,0.40787804,5.216634
0.0055191414,0.0071244445,0.0664,0.062400000000000004,0.4976,0.07039999999999999,,0.0648,0.8264,5.350656,0.4732797,5.0911474,-0.00019659537,0.0023930478,0.031200000000000002,0.0232,0.048,0.4184,0.16640000000000002,0.0272,0.07039999999999999,0.6597173,0.06155762,0.60823405,0.007297839,0.0664,0.21842332,0.062400000000000004,0.4768,0.07039999999999999,,0.0648,0.8184,5.366481,0.49231052,5.0873337
0.005684233,0.0070703016,0.0656,0.061599999999999995,0.496,0.0696,,0.0648,0.8008000000000001,5.2447004,0.46171558,4.9947333,-0.0001645922,0.0022450914,0.0192,0.0136,0.053599999999999995,0.404,0.1784,0.0152,0.0824,0.65333986,0.03289461,0.6258589,0.007238074,0.0656,0.21572776,0.061599999999999995,0.4712,0.0696,,0.0648,0.7080000000000001,5.262985,0.48024446,4.992502
0.00572839,0.006915196,0.07440000000000001,0.0712,0.42879999999999996,0.07919999999999999,,0.07440000000000001,0.7624,4.968605,0.53682464,4.6494064,-8.806291e-05,0.0020526084,0.0216,0.016800000000000002,0.056799999999999996,0.372,0.1544,0.020800000000000003,0.0864,0.5875943,0.038491223,0.5554751,0.0070703034,0.07440000000000001,0.20985053,0.0712,0.4152,0.07919999999999999,,0.07440000000000001,0.6936,4.982008,0.5547408,4.6434107
0.0056804605,0.0069631254,0.056,0.0528,0.4248,0.0608,,0.056,0.7392,4.865201,0.39655194,4.627328,-4.7943005e-05,0.0022443957,0.0256,0.0216,0.0472,0.4136,0.19679999999999997,0.0248,0.06319999999999999,0.58289814,0.04920973,0.5391837,0.007133268,0.056,0.21884869,0.0528,0.372,0.0608,,0.056,0.7056,4.8757067,0.41183773,4.621581
0.0058464394,0.007129992,0.045599999999999995,0.044,0.3728,0.0496,,0.045599999999999995,0.6744,4.9056973,0.32053545,4.716974,8.006963e-05,0.0022323364,0.02,0.0136,0.044,0.4184,0.1688,0.02,0.0608,0.5486919,0.036907993,0.5165728,0.0072936937,0.045599999999999995,0.21226771,0.044,0.3728,0.0488,,0.045599999999999995,0.6416000000000001,4.911189,0.3332351,4.7085266
0.005871514,0.0073268143,0.0432,0.0408,0.33840000000000003,0.0472,,0.044,0.6264000000000001,4.808673,0.31088334,4.6208367,0.00016007754,0.0022682818,0.0216,0.017599999999999998,0.0432,0.41759999999999997,0.116,0.020800000000000003,0.06,0.5268346,0.04199533,0.48891783,0.007545748,0.0432,0.24147703,0.0408,0.26399999999999996,0.0472,,0.044,0.5736,4.795139,0.32383415,4.592733
0.005855093,0.0075651323,0.0464,0.044,0.28719999999999996,0.0504,,0.0464,0.636,4.8931055,0.3591167,4.665772,0.00028693065,0.0023733359,0.012,0.0056,0.0432,0.41040000000000004,0.1024,0.008799999999999999,0.06319999999999999,0.4932661,0.01971441,0.47575712,0.0077489107,0.0464,0.21822481,0.0432,0.25680000000000003,0.0504,,0.045599999999999995,0.596,4.8838477,0.3728701,4.6411953
0.005899251,0.007853819,0.0576,0.0552,0.30400000000000005,0.062400000000000004,,0.0592,0.5192,5.0174217,0.48159796,4.705768,0.00034212446,0.002318142,0.0128,0.0072,0.0496,0.412,0.1024,0.0136,0.0584,0.50938374,0.022827994,0.48920777,0.007989621,0.0368,0.24917561,0.0344,0.252,0.041600000000000005,,0.0384,0.54,4.988081,0.29858398,4.798872
0.006019297,0.007179031,0.056,0.053599999999999995,0.42,0.0608,,0.056799999999999996,0.6704,4.9540157,0.41266394,4.707044,0.00049379165,0.0021664747,0.0264,0.0256,0.0272,0.41759999999999997,0.1152,0.0256,0.056799999999999996,0.5150654,0.052013483,0.46822023,0.0073522874,0.056,0.21752273,0.053599999999999995,0.33599999999999997,0.06,,0.056799999999999996,0.6704,4.9484315,0.4277354,4.684558
0.006058351,0.007139977,0.0608,0.0584,0.404,0.06720000000000001,,0.061599999999999995,0.7168,5.0239124,0.448443,4.7558613,0.0006229638,0.0022692098,0.0256,0.0192,0.028,0.4192,0.11120000000000001,0.0256,0.0544,0.51419574,0.050003782,0.4694377,0.007311302,0.0608,0.21691015,0.0584,0.35359999999999997,0.06720000000000001,,0.061599999999999995,0.6736,5.0168495,0.46431983,4.731023
0.0060528037,0.00747837,0.072,0.0688,0.3888,0.07600000000000001,,0.072,0.668,5.170642,0.5667647,4.8244824,0.0008013003,0.0022068266,0.02,0.0184,0.044,0.4064,0.116,0.0192,0.0592,0.49767238,0.038821224,0.4624225,0.007568299,0.072,0.15431139,0.0696,0.3888,0.07600000000000001,,0.072,0.6024,5.1856947,0.5815926,4.823759
0.0060481434,0.008037772,0.0504,0.0496,0.3184,0.056,,0.052000000000000005,0.6152,5.25868,0.423723,4.985525,0.0010065379,0.002233496,0.008799999999999999,0.0064,0.0512,0.4072,0.1272,0.010400000000000001,0.07039999999999999,0.46236455,0.014132642,0.44937778,0.008206132,0.0504,0.2029131,0.0496,0.31520000000000004,0.056,,0.052000000000000005,0.6152,5.243969,0.4370537,4.955901
0.0061928206,0.00822594,0.0544,0.0512,0.3584,0.0592,,0.0544,0.6352,5.3767285,0.45629287,5.090149,0.0011862657,0.0022856751,0.0216,0.016800000000000002,0.0432,0.35760000000000003,0.09999999999999999,0.0216,0.0544,0.4530304,0.042580903,0.4137222,0.008425277,0.0544,0.21795923,0.0512,0.2712,0.0592,,0.0544,0.62,5.3474817,0.47080693,5.0439124
0.006230765,0.007855151,0.0656,0.062400000000000004,0.4144,0.0696,,0.0648,0.7168,5.5437617,0.52807033,5.2282243,0.001399852,0.0021880423,0.0192,0.016800000000000002,0.036,0.4096,0.108,0.017599999999999998,0.053599999999999995,0.43673903,0.03488809,0.40461987,0.007974822,0.07039999999999999,0.1734577,0.06720000000000001,0.368,0.07440000000000001,,0.0696,0.7080000000000001,5.5359473,0.58980453,5.1718006
0.006264715,0.007932149,0.06720000000000001,0.06319999999999999,0.404,0.072,,0.0656,0.7776,5.508203,0.5399303,5.1515036,0.0015498957,0.0021539521,0.017599999999999998,0.0128,0.056,0.4128,0.1144,0.0136,0.062400000000000004,0.3833425,0.028022714,0.3536584,0.008009489,0.06720000000000001,0.13907985,0.06319999999999999,0.372,0.072,,0.0656,0.7448,5.5081587,0.5528231,5.135775
0.0066077677,0.00059934333,-0.27440000000000003,0.1184,0.0008,0.12480000000000001,0.0008,0.124,0.0008,-0.16703321,0.0,-0.10556777,0.001654022,0.00065838394,-0.38480000000000003,0.0128,0.0008,0.0152,0.0032,0.0128,0.0024,-0.015711498,0.0,-0.0013332649,0.0008568106,1.2048,-2.9617162,1.4,0.0008,1.5999999999999999,0.0072,1.4288,0.0008,0.16714916,0.23200047,0.10902855
0.006346817,0.008182893,0.0448,0.0408,0.3272,0.0488,,0.044,0.632,5.261675,0.3568351,5.0370045,0.0018214588,0.0022302493,0.02,0.0136,0.0368,0.41600000000000004,0.0848,0.0184,0.0592,0.35255682,0.036392003,0.31765482,0.008396613,0.0528,0.22610596,0.0488,0.224,0.056799999999999996,,0.052000000000000005,0.5736,5.206786,0.4490822,4.910125
0.006402957,0.008237701,0.0848,0.045599999999999995,0.3408,0.053599999999999995,,0.048,0.6416000000000001,5.396644,0.41420257,5.255851,0.0019425146,0.0023411007,0.052000000000000005,0.012,0.0496,0.4328,0.096,0.0136,0.0576,0.37052923,0.031348016,0.34188867,0.008423895,0.0848,0.210642,0.045599999999999995,0.332,0.053599999999999995,,0.048,0.62,5.3548346,0.42793754,5.1950903
0.006424481,0.008438074,0.0664,0.06319999999999999,0.2968,0.07039999999999999,,0.0664,0.5896,5.488454,0.569441,5.124321,0.0020297116,0.0022539035,0.012,0.0072,0.052000000000000005,0.41119999999999995,0.10719999999999999,0.0096,0.06,0.37041318,0.01908246,0.35081708,0.00856044,0.0664,0.16928343,0.06319999999999999,0.2968,0.07039999999999999,,0.0664,0.5896,5.4724064,0.5839691,5.0910125
0.00658114,0.0005150223,-0.004,0.396,0.0008,0.396,0.0008,0.396,0.0008,-0.03888797,0.0,-0.03811133,0.0021477523,0.00039656064,-0.3912,0.0056,0.0008,0.008,0.0016,0.0072,0.0016,-0.0057979473,0.0,-0.008464877,0.00064871967,-0.2344,-2.1825557,0.13199999999999998,0.0008,0.1536,0.0016,0.1392,0.0016,0.02708012,0.0,0.027314067
0.0066264067,0.008347097,0.0736,0.0696,0.332,0.07759999999999999,,0.0728,0.6672,5.5919695,0.640675,5.1769114,0.0023056811,0.0023257944,0.0192,0.0144,0.0424,0.3744,0.096,0.0184,0.052000000000000005,0.33771402,0.03390386,0.30559492,0.008428179,0.0736,0.1388217,0.0696,0.332,0.07759999999999999,,0.0728,0.6472,5.5849047,0.6544772,5.154377
0.006552072,0.008421432,0.056799999999999996,0.0496,0.38799999999999996,0.0584,,0.0528,0.6536,5.744689,0.44592226,5.48629,0.0023900953,0.0022413803,0.0248,0.016800000000000002,0.028,0.42319999999999997,0.0896,0.024,0.0576,0.3264665,0.04362517,0.2818244,0.008562101,0.056799999999999996,0.18151854,0.0496,0.3584,0.0584,,0.0528,0.6536,5.709243,0.459035,5.434911
0.0065629445,0.008410559,0.0752,0.0648,0.408,0.07600000000000001,,0.07039999999999999,0.6568,5.841381,0.60719484,5.485015,0.002442274,0.0023051552,0.035199999999999995,0.0264,0.036,0.3512,0.088,0.0304,0.052000000000000005,0.33985955,0.06838009,0.2694758,0.008542131,0.0752,0.17574026,0.0664,0.3976,0.07600000000000001,,0.07039999999999999,0.6568,5.8108287,0.6244348,5.4332314
0.0066490406,0.008213514,0.056,0.0472,0.4712,0.0592,,0.0528,0.7288,5.844599,0.4173992,5.6103864,0.0025190352,0.002228394,0.0248,0.017599999999999998,0.044,0.40559999999999996,0.12,0.024,0.06720000000000001,0.35046923,0.046701193,0.3030443,0.008400926,0.056,0.21162188,0.0472,0.4256,0.0592,,0.0528,0.7071999999999999,5.7878294,0.43300974,5.5343156
0.0066630202,0.008421432,0.0736,0.062400000000000004,0.42879999999999996,0.07600000000000001,,0.07039999999999999,0.6607999999999999,5.9068956,0.59059733,5.557519,0.0026192192,0.002360117,0.0256,0.020800000000000003,0.0368,0.3992,0.1024,0.0216,0.062400000000000004,0.33110482,0.048738487,0.2808969,0.008523718,0.0736,0.15507634,0.0648,0.42,0.07600000000000001,,0.07039999999999999,0.6607999999999999,5.8871527,0.6071251,5.5181484
0.0067937174,0.008401683,0.07440000000000001,0.0608,0.43920000000000003,0.07600000000000001,,0.0688,0.6856000000000001,6.0663843,0.5819822,5.7367563,0.0026876319,0.0022917043,0.031200000000000002,0.0232,0.0392,0.3976,0.1168,0.0288,0.061599999999999995,0.37893552,0.059460476,0.3214226,0.008511696,0.07440000000000001,0.16095307,0.06319999999999999,0.43920000000000003,0.07600000000000001,,0.0688,0.6856000000000001,6.048704,0.5997333,5.6988077
0.0067488938,0.008446507,0.0648,0.053599999999999995,0.4504,0.0688,,0.06,0.7752,6.1340637,0.4997707,5.86346,0.0027773797,0.0023179098,0.024,0.0184,0.0464,0.3696,0.1176,0.0216,0.0656,0.36113688,0.045882784,0.3162629,0.008600871,0.0648,0.18974404,0.056,0.4224,0.0688,,0.06,0.7344,6.092086,0.51781434,5.799899
0.0068771504,0.0084291985,0.0856,0.07039999999999999,0.452,0.0848,,0.0784,0.7584,6.1703434,0.67203903,5.798888,0.0028840571,0.0023271858,0.0304,0.024,0.0576,0.31520000000000004,0.124,0.024,0.07919999999999999,0.36612266,0.055850133,0.31116068,0.008544597,0.0856,0.16453588,0.0712,0.44639999999999996,0.0848,,0.0784,0.7183999999999999,6.146979,0.6922776,5.7515574
0.0069421665,0.0082532335,0.0712,0.0584,0.48800000000000004,0.0736,,0.06720000000000001,0.744,6.044694,0.53272253,5.7542305,0.0029775156,0.0024656344,0.0408,0.0344,0.0304,0.42160000000000003,0.09040000000000001,0.0376,0.0464,0.35562894,0.08829439,0.27005523,0.008338603,0.0712,0.14321633,0.0608,0.48,0.0736,,0.06720000000000001,0.7368,6.0335665,0.5493541,5.724397
0.006924193,0.008271208,0.08399999999999999,0.07039999999999999,0.456,0.0864,,0.0784,0.72,6.0088024,0.6347084,5.656541,0.0030505662,0.0023925838,0.035199999999999995,0.028,0.0448,0.4208,0.11359999999999999,0.0288,0.06720000000000001,0.3219445,0.06874834,0.25411174,0.008362613,0.08399999999999999,0.14798738,0.0712,0.44,0.0864,,0.0784,0.7136,5.990595,0.6532553,5.6169147
0.00701517,0.008180231,0.1192,0.1056,0.4512,0.1192,,0.11120000000000001,0.6752,6.0529604,0.9703298,5.4715905,0.0030937009,0.002349449,0.0248,0.016,0.06720000000000001,0.4248,0.148,0.0192,0.08320000000000001,0.35209244,0.04152548,0.3095375,0.008212392,0.1192,0.08853081,0.1064,0.4512,0.1192,,0.11120000000000001,0.6752,6.0603857,0.9866755,5.461014
0.007054224,0.008252125,0.08399999999999999,0.072,0.4672,0.0872,,0.0784,0.7728,6.06583,0.6494579,5.700699,0.003192725,0.002250425,0.0216,0.016,0.0648,0.42160000000000003,0.1184,0.0192,0.0952,0.34612116,0.037570782,0.30762455,0.008397301,0.08399999999999999,0.1862177,0.0728,0.4264,0.0872,,0.0784,0.6992,6.025043,0.67173797,5.632326
0.0071090325,0.008197317,0.0752,0.06,0.472,0.0752,,0.068,0.7912,6.0902944,0.5480961,5.7993875,0.003230062,0.0023290415,0.04,0.031200000000000002,0.0472,0.4352,0.09680000000000001,0.0368,0.0528,0.32611892,0.08201389,0.24031335,0.008358453,0.0752,0.1966749,0.06319999999999999,0.4632,0.0752,,0.0696,0.724,6.0366106,0.5689136,5.718752
0.007116355,0.008079045,0.0736,0.062400000000000004,0.5008,0.07440000000000001,,0.0696,0.7216,5.975851,0.54578394,5.6734056,0.0032567312,0.0023023721,0.0304,0.0232,0.044,0.4008,0.1056,0.0256,0.0664,0.30623314,0.05722628,0.24848829,0.008215422,0.0736,0.18246193,0.064,0.45439999999999997,0.07440000000000001,,0.0696,0.7216,5.932218,0.56529075,5.6057787
0.0071332194,0.0081731295,0.10400000000000001,0.09119999999999999,0.4088,0.1048,,0.0976,0.74,5.9913836,0.83694863,5.5074263,0.0032755155,0.0023995414,0.0344,0.0264,0.0472,0.4344,0.09119999999999999,0.0288,0.0584,0.32635123,0.06642303,0.2577068,0.008250063,0.10400000000000001,0.13667294,0.0952,0.4088,0.1048,,0.0976,0.7008,5.9799776,0.8556571,5.47355
0.007069091,0.0084591545,0.1336,0.0864,0.4552,0.09999999999999999,,0.0936,0.744,6.001203,0.83641255,5.626086,0.00321035,0.0023487536,0.068,0.028,0.0504,0.4592,0.1192,0.028,0.0528,0.31376997,0.06757303,0.24489357,0.008526968,0.1336,0.12620188,0.0888,0.4024,0.09999999999999999,,0.0936,0.7111999999999999,5.9929695,0.8544367,5.5955286
0.00694372,0.008695474,0.07440000000000001,0.06319999999999999,0.42879999999999996,0.07759999999999999,,0.0696,0.7528,6.181327,0.6049778,5.8341694,0.0030146206,0.0024285293,0.0272,0.020800000000000003,0.0512,0.3992,0.1056,0.0232,0.06319999999999999,0.32791612,0.053813532,0.27492538,0.008805075,0.07440000000000001,0.15794565,0.0648,0.4192,0.07759999999999999,,0.07039999999999999,0.7080000000000001,6.155963,0.6231047,5.787265
0.0068822536,0.008424096,0.0728,0.0608,0.4384,0.07440000000000001,,0.0664,0.6952,6.0319357,0.5726547,5.703861,0.00279686,0.0022984296,0.0216,0.0136,0.0608,0.4032,0.1128,0.016800000000000002,0.0736,0.3537158,0.03643188,0.31684262,0.008534897,0.07600000000000001,0.16131002,0.0656,0.4352,0.07759999999999999,,0.0696,0.6768000000000001,6.010438,0.62417394,5.6377287
0.006739796,0.0005782633,0.0816,0.4648,0.0008,0.4792,0.0008,0.4792,0.0008,-0.022300709,-0.0017059492,-0.016087595,0.0024596672,0.0005484598,0.6904,1.0832000000000002,0.0008,1.0848,0.0024,1.0832000000000002,0.0008,-0.00017420482,-0.0035959086,0.01403128,0.00064944173,-0.3344,-2.2746093,0.036,0.0008,0.0656,0.0008,0.064,0.0008,0.014564253,0.0,0.014139733
0.0065172333,0.008234373,0.08320000000000001,0.0728,0.42319999999999997,0.0848,,0.0784,0.7384,5.9167156,0.67153466,5.5199637,0.0021398675,0.0026075616,0.0304,0.0224,0.0448,0.4208,0.12560000000000002,0.0256,0.062400000000000004,0.42775205,0.0593153,0.37000722,0.008360723,0.08320000000000001,0.17407174,0.0752,0.4008,0.0864,,0.0784,0.6992,5.901385,0.69144475,5.4817705
0.006313532,0.0083271265,0.064,0.0528,0.4504,0.0648,,0.0576,0.7488,5.9303617,0.47245407,5.679286,0.0017855132,0.0023821483,0.035199999999999995,0.0248,0.044,0.4256,0.1032,0.0272,0.0552,0.45268264,0.06666584,0.38960394,0.008519954,0.064,0.21315876,0.0528,0.38799999999999996,0.0648,,0.0576,0.7176,5.8919077,0.49005687,5.6194086
0.006212791,0.008205971,0.0736,0.0656,0.42160000000000003,0.0768,,0.07039999999999999,0.7568,5.8738894,0.59107846,5.530837,0.0015260093,0.0024097455,0.035199999999999995,0.0288,0.036,0.4184,0.1192,0.032,0.0512,0.47801852,0.0724023,0.40856242,0.008360131,0.0736,0.19233754,0.068,0.42160000000000003,0.0768,,0.07039999999999999,0.7088,5.8569508,0.6099675,5.491542
0.005959385,0.008015582,0.092,0.0856,0.4552,0.096,,0.09040000000000001,0.7504000000000001,5.8440437,0.7549255,5.3988075,0.0009562142,0.0022838197,0.0472,0.0424,0.0344,0.42,0.12,0.044,0.0688,0.55182254,0.10100289,0.45871186,0.008129503,0.092,0.16760708,0.0856,0.4008,0.096,,0.09040000000000001,0.7392,5.8542066,0.77572286,5.386465
0.005946515,0.007917504,0.0816,0.0736,0.472,0.0856,,0.0784,0.7856000000000001,5.8387175,0.6505933,5.4637127,0.0007277858,0.0025122482,0.036,0.0296,0.0376,0.4256,0.1328,0.032,0.068,0.5895655,0.07629391,0.51929766,0.008013516,0.0816,0.15495357,0.07440000000000001,0.3968,0.0856,,0.0784,0.784,5.8597527,0.6699805,5.464186
0.0057643377,0.007766836,0.068,0.062400000000000004,0.4768,0.0728,,0.0664,0.7136,5.7485723,0.5313699,5.446682,0.00047384764,0.0023023724,0.024,0.0184,0.045599999999999995,0.42319999999999997,0.1536,0.020800000000000003,0.0712,0.6104951,0.048431445,0.5682881,0.007955571,0.068,0.21825683,0.062400000000000004,0.4128,0.072,,0.0664,0.7136,5.744385,0.55162317,5.420331
0.005748139,0.007783035,0.053599999999999995,0.0496,0.4904,0.0576,,0.052000000000000005,0.7832,5.70669,0.39942,5.4940014,0.00030223653,0.0024739834,0.0304,0.0248,0.044,0.3632,0.1152,0.0264,0.062400000000000004,0.61571294,0.06444323,0.55727243,0.008099539,0.0552,0.28047833,0.0512,0.4168,0.0592,,0.053599999999999995,0.7183999999999999,5.654129,0.43299294,5.408626
0.00572373,0.007807443,0.06319999999999999,0.056,0.4352,0.0648,,0.06,0.7183999999999999,5.514084,0.47666013,5.2389317,0.0001519608,0.002392352,0.016800000000000002,0.008799999999999999,0.0576,0.3888,0.196,0.012,0.07919999999999999,0.6150173,0.025773212,0.5929861,0.00792309,0.06319999999999999,0.17106608,0.056,0.384,0.0648,,0.06,0.692,5.538295,0.4929145,5.246236
0.005585489,0.007945685,0.0592,0.052000000000000005,0.3944,0.0608,,0.056,0.7384,5.5934668,0.4541768,5.333292,-1.6403663e-05,0.0023288098,0.0192,0.012,0.064,0.4192,0.148,0.016800000000000002,0.0872,0.6436578,0.03270074,0.61490136,0.008161624,0.0592,0.23054478,0.052000000000000005,0.3856,0.0608,,0.056,0.6912,5.592556,0.47208026,5.3117886
0.0056363028,0.007894871,0.053599999999999995,0.0512,0.3736,0.0592,,0.056,0.6088,5.3636374,0.44463548,5.0888176,-0.00010963026,0.0024220361,0.016800000000000002,0.0136,0.053599999999999995,0.4008,0.1448,0.0144,0.0752,0.62823594,0.033701647,0.598204,0.008057434,0.0552,0.20121543,0.0528,0.35600000000000004,0.0608,,0.0576,0.6072,5.380982,0.47614577,5.0778723
0.0057150763,0.007927045,0.044,0.0424,0.33280000000000004,0.0496,,0.045599999999999995,0.6992,5.302449,0.35388565,5.0824385,-0.0001606498,0.0024730559,0.016800000000000002,0.0112,0.0528,0.3016,0.12480000000000001,0.016,0.06720000000000001,0.6508469,0.032801848,0.62336594,0.008123852,0.0608,0.22056383,0.0592,0.3072,0.0664,,0.061599999999999995,0.648,5.3163857,0.5326225,4.967397
0.0056138914,0.0078063337,0.052000000000000005,0.0504,0.35600000000000004,0.056799999999999996,,0.053599999999999995,0.6112,5.117609,0.42874923,4.8423457,-0.00012725519,0.0024396614,0.028,0.024,0.035199999999999995,0.4008,0.1176,0.0288,0.0544,0.5833619,0.061501727,0.52434164,0.007951421,0.052000000000000005,0.191324,0.0504,0.2632,0.056799999999999996,,0.053599999999999995,0.6112,5.135161,0.44294474,4.8444805
0.005642738,0.0076665385,0.0472,0.0432,0.25120000000000003,0.0504,,0.0464,0.5568,4.8305845,0.3753276,4.5862765,-0.0001207618,0.002201261,0.02,0.0184,0.0448,0.41119999999999995,0.1216,0.0184,0.0552,0.58359385,0.038913988,0.55251837,0.007836138,0.0472,0.20843098,0.0432,0.2296,0.0504,,0.0464,0.544,4.846796,0.38829607,4.5893474
0.005662043,0.0076472335,0.0408,0.041600000000000005,0.2344,0.048,,0.044,0.512,4.553491,0.33786312,4.32061,-1.9418454e-05,0.0020999177,0.008799999999999999,0.008799999999999999,0.0528,0.3968,0.12,0.0112,0.072,0.4888019,0.017301418,0.47453964,0.0077968603,0.0432,0.19622637,0.044,0.1888,0.0504,1.5248,0.0464,0.472,4.561408,0.37229452,4.2990975
0.0057499143,0.007892208,0.0472,0.048,0.1872,0.0544,,0.0504,0.4576,4.593211,0.3921924,4.325492,7.7518656e-05,0.0022348873,0.0096,0.0056,0.0504,0.4064,0.1104,0.012,0.064,0.46561122,0.017078556,0.4499575,0.007999742,0.0472,0.16414888,0.048,0.1776,0.053599999999999995,1.4344,0.0504,0.4576,4.6075544,0.4034465,4.3284087
0.0057104165,0.007931706,0.045599999999999995,0.045599999999999995,0.1736,0.0512,,0.0488,0.4728,4.5709105,0.38487247,4.3038573,0.0001619328,0.0022664266,0.02,0.016800000000000002,0.032,0.4136,0.1088,0.02,0.052000000000000005,0.468626,0.04239839,0.43175277,0.00806401,0.045599999999999995,0.18139374,0.045599999999999995,0.1736,0.0512,,0.0488,0.4064,4.5804567,0.39642453,4.3019295
0.0058582,0.0077839214,0.035199999999999995,0.035199999999999995,0.1656,0.04,1.4504,0.0376,0.42879999999999996,4.3102922,0.2846884,4.1084766,0.00027301622,0.0025032037,0.02,0.0152,0.0216,0.4184,0.0824,0.02,0.045599999999999995,0.42056328,0.041824415,0.38299435,0.007965595,0.035199999999999995,0.2139837,0.035199999999999995,0.1624,0.04,1.4504,0.0376,0.392,4.3012943,0.2948376,4.088791
0.00591323,0.008061737,0.0344,0.031200000000000002,0.2032,0.0376,,0.0344,0.4712,4.7884803,0.26932362,4.6141806,0.0003889697,0.0025032037,0.016800000000000002,0.0112,0.0368,0.3992,0.1096,0.0144,0.048,0.47413382,0.031463742,0.4480443,0.008214259,0.0344,0.19300593,0.031200000000000002,0.20240000000000002,0.0376,,0.0344,0.4688,4.790512,0.27878582,4.6063704
0.005850434,0.0077916887,0.0432,0.041600000000000005,0.24480000000000002,0.048,,0.0448,0.5568,4.9152384,0.3439748,4.6944513,0.0004583099,0.00231791,0.010400000000000001,0.0064,0.0424,0.38239999999999996,0.0824,0.0096,0.0688,0.47975755,0.018653434,0.46201667,0.007958763,0.0432,0.20526262,0.041600000000000005,0.24480000000000002,0.048,,0.0448,0.5568,4.9098415,0.35683018,4.675325
0.0067815124,0.0006474955,-0.3728,0.0256,0.0008,0.0264,0.0008,0.0256,0.0008,-0.3646872,0.0,-0.19382659,0.0006459227,0.0005069486,-0.16,0.2304,0.0016,0.2352,0.0016,0.2304,0.0016,-0.030031994,0.0,-0.024234317,0.0010341072,1.4447999999999999,-2.958017,1.3584,0.0008,1.8384,0.017599999999999998,1.7207999999999999,0.0008,0.3640417,0.6159718,0.09671293
0.0060259537,0.007949013,0.044,0.0408,0.28080000000000005,0.048,,0.0432,0.6656000000000001,5.2245083,0.34178007,5.0150375,0.00081289565,0.0021952314,0.020800000000000003,0.016,0.0544,0.4144,0.1088,0.0192,0.0544,0.5006871,0.038871318,0.4652054,0.008089211,0.044,0.18645005,0.0408,0.28080000000000005,0.048,,0.0432,0.6432,5.2267723,0.35348758,5.0047684
0.006084757,0.008334004,0.0584,0.0544,0.2384,0.062400000000000004,,0.056799999999999996,0.6168,5.3461623,0.49377254,5.035063,0.0010070017,0.0022330321,0.02,0.0136,0.0408,0.4152,0.092,0.016,0.064,0.44450772,0.036925387,0.40891,0.0084964065,0.0584,0.19583334,0.0544,0.2296,0.062400000000000004,,0.056799999999999996,0.5928,5.330469,0.5083375,5.0024824
0.006252732,0.008166029,0.0552,0.0528,0.3504,0.06,,0.0552,0.6456000000000001,5.3942595,0.4581659,5.108345,0.0012667375,0.002321157,0.0184,0.0136,0.0464,0.3416,0.1048,0.0184,0.064,0.45471168,0.036689308,0.41957778,0.0082664415,0.0472,0.22661947,0.0448,0.32,0.052000000000000005,,0.0472,0.64,5.3585033,0.3936914,5.110181
0.006270706,0.0077042617,0.068,0.064,0.42319999999999997,0.0712,,0.06720000000000001,0.7232000000000001,5.528229,0.5322641,5.2183504,0.001429768,0.0022740797,0.0144,0.0096,0.0496,0.4064,0.1024,0.0112,0.06720000000000001,0.45245063,0.02145325,0.43146303,0.007801908,0.068,0.15837891,0.064,0.42319999999999997,0.0712,,0.06720000000000001,0.7232000000000001,5.530399,0.54690826,5.2040615
0.0063474826,0.007738434,0.0552,0.0512,0.46240000000000003,0.06,,0.0544,0.736,5.4564457,0.41534793,5.2138014,0.0015934942,0.002226307,0.032,0.0264,0.0248,0.42,0.1032,0.028,0.0592,0.40850446,0.06342656,0.34762886,0.007866673,0.0552,0.18080962,0.0512,0.3584,0.06,,0.0544,0.6983999999999999,5.440956,0.42892402,5.1825423
0.006380323,0.008260336,0.056,0.0496,0.4024,0.0584,,0.053599999999999995,0.6808,5.4890647,0.43199342,5.233329,0.0017194198,0.002216335,0.02,0.0128,0.048,0.4024,0.0944,0.0192,0.07039999999999999,0.41609922,0.034188885,0.3831684,0.008420897,0.056,0.19559069,0.0496,0.3368,0.0584,,0.053599999999999995,0.632,5.4652724,0.44635883,5.192756
0.0064340224,0.008095687,0.0648,0.0584,0.3792,0.06720000000000001,,0.06319999999999999,0.6216,5.5509734,0.51495713,5.2420926,0.0018873205,0.0021643876,0.016,0.008799999999999999,0.0496,0.3992,0.1088,0.010400000000000001,0.0736,0.4051995,0.023459712,0.3828205,0.008207922,0.0648,0.16556114,0.0584,0.3792,0.06720000000000001,,0.06319999999999999,0.6216,5.5418487,0.5296806,5.216018
0.0065028104,0.007915951,0.0576,0.053599999999999995,0.404,0.06319999999999999,,0.056799999999999996,0.7408,5.5815954,0.4456862,5.321976,0.0019724304,0.0023111848,0.0184,0.0136,0.045599999999999995,0.3952,0.1128,0.016800000000000002,0.068,0.426361,0.03379302,0.3941259,0.00807911,0.0576,0.20131269,0.0544,0.404,0.06319999999999999,,0.056799999999999996,0.7208,5.5541277,0.46103275,5.2768207
0.006391862,0.0080269,0.056799999999999996,0.052000000000000005,0.4592,0.061599999999999995,,0.0552,0.7288,5.6698,0.43299943,5.4249363,0.0020598595,0.002339709,0.028,0.0232,0.04,0.4016,0.096,0.0264,0.053599999999999995,0.3813129,0.053945035,0.33029336,0.008150158,0.056799999999999996,0.17413689,0.052000000000000005,0.41759999999999997,0.061599999999999995,,0.0552,0.684,5.6501174,0.44691527,5.38939
0.006507914,0.008021796,0.0712,0.064,0.41600000000000004,0.07440000000000001,,0.068,0.6759999999999999,5.71257,0.5587229,5.387713,0.002204106,0.0023114162,0.0224,0.0144,0.032,0.3488,0.1088,0.0184,0.062400000000000004,0.36809376,0.03770249,0.3309886,0.00812374,0.0608,0.22944024,0.053599999999999995,0.4128,0.064,,0.0576,0.6864,5.646582,0.47527176,5.3665533
0.00654719,0.008093469,0.06,0.0504,0.4432,0.062400000000000004,,0.056,0.7304,5.782301,0.44580203,5.529339,0.0022790118,0.0022365104,0.0216,0.0136,0.0544,0.4184,0.1008,0.016,0.0664,0.38716823,0.03464411,0.35249814,0.008261297,0.06,0.20191185,0.052000000000000005,0.43119999999999997,0.062400000000000004,,0.056,0.6792,5.742477,0.46147805,5.469842
0.00655429,0.008197317,0.0856,0.07440000000000001,0.4072,0.0888,,0.0816,0.6648,5.827347,0.6951574,5.406186,0.002370151,0.0022613248,0.0368,0.0288,0.0344,0.4304,0.0784,0.0304,0.0504,0.34664276,0.071438015,0.27417183,0.008287273,0.0856,0.14747536,0.07600000000000001,0.4072,0.0888,,0.0824,0.6648,5.815028,0.71193755,5.3739214
0.006698746,0.008274758,0.0656,0.0528,0.4456,0.06720000000000001,,0.0608,0.768,5.826292,0.4723879,5.573551,0.0025090636,0.0022383656,0.041600000000000005,0.0328,0.033600000000000005,0.4304,0.0992,0.035199999999999995,0.0544,0.35817975,0.081029184,0.27712825,0.008377926,0.0656,0.1570967,0.0528,0.4456,0.06720000000000001,,0.0608,0.716,5.810582,0.48759496,5.5398746
0.006712281,0.008372171,0.09040000000000001,0.0784,0.39999999999999997,0.092,,0.0848,0.6944,5.812923,0.70207965,5.4089594,0.002551966,0.0023114167,0.0384,0.031200000000000002,0.041600000000000005,0.432,0.112,0.033600000000000005,0.06319999999999999,0.41250426,0.07569813,0.33841,0.008436018,0.09040000000000001,0.12310898,0.0784,0.39999999999999997,0.092,,0.0856,0.6944,5.8195834,0.71833146,5.398017
0.0067025176,0.007938141,0.09999999999999999,0.088,0.408,0.1032,,0.0976,0.7575999999999999,5.86407,0.79577786,5.3999724,0.002636844,0.0022265387,0.0256,0.0192,0.0528,0.4144,0.112,0.0256,0.07919999999999999,0.36890578,0.04631923,0.32310417,0.008043709,0.1032,0.16219175,0.092,0.3624,0.1064,,0.1008,0.7104,5.8466797,0.84753823,5.3377323
0.0068014837,0.007950123,0.0856,0.0728,0.4488,0.0864,,0.07919999999999999,0.7871999999999999,6.031824,0.6384188,5.671796,0.002749551,0.002229785,0.044,0.036,0.0472,0.4384,0.096,0.0392,0.0512,0.36044088,0.08669262,0.27359173,0.008075611,0.0872,0.17651936,0.0752,0.44,0.088,,0.0808,0.764,6.00139,0.6746476,5.605682
0.006939725,0.0080337785,0.0824,0.0696,0.4864,0.08399999999999999,,0.0768,0.7352,5.9483356,0.608356,5.607946,0.00285159,0.0022436995,0.0232,0.0144,0.06,0.4032,0.1272,0.016800000000000002,0.0864,0.3874582,0.038745843,0.34814999,0.0081604095,0.0824,0.17639785,0.0696,0.404,0.08399999999999999,,0.0768,0.6880000000000001,5.924024,0.6296421,5.558252
0.006858955,0.0080036,0.09119999999999999,0.0784,0.492,0.0936,,0.0856,0.7552,5.991716,0.68918204,5.604395,0.0029130455,0.002182244,0.031200000000000002,0.0224,0.052000000000000005,0.43119999999999997,0.13040000000000002,0.0264,0.07759999999999999,0.3450771,0.05843823,0.2860568,0.008084192,0.09119999999999999,0.14132045,0.0816,0.4616,0.0936,,0.0856,0.7456,5.980588,0.70812416,5.5708666
0.006896677,0.008076826,0.0784,0.0656,0.48240000000000005,0.0808,,0.0712,0.8016,6.12896,0.56164384,5.8398285,0.0029510781,0.0023761182,0.0344,0.0264,0.0288,0.4248,0.116,0.0296,0.0648,0.37325394,0.06727109,0.30820403,0.008205684,0.0784,0.1774527,0.0656,0.48240000000000005,0.0808,,0.0712,0.7535999999999999,6.0986023,0.58185273,5.7859077
0.0069494885,0.0080240145,0.09040000000000001,0.07600000000000001,0.5376000000000001,0.0944,,0.0872,0.8111999999999999,6.1469336,0.6709482,5.787239,0.0030136928,0.0025454108,0.0304,0.0248,0.0488,0.4304,0.1168,0.0256,0.06,0.36142692,0.059620485,0.3031023,0.008106569,0.0928,0.14283504,0.0784,0.49920000000000003,0.09680000000000001,,0.0896,0.7792,6.135785,0.71463525,5.737589
0.0069656875,0.007896868,0.0872,0.0712,0.5416000000000001,0.0888,,0.07919999999999999,0.8008000000000001,6.1528687,0.6227741,5.831118,0.0030767717,0.0022504248,0.0272,0.0184,0.0648,0.4224,0.124,0.0232,0.06720000000000001,0.33881566,0.048917517,0.2879121,0.0080268625,0.0872,0.18021587,0.0736,0.5248,0.0888,,0.0808,0.768,6.113953,0.6447674,5.764596
0.0070000812,0.008084371,0.1192,0.1048,0.52,0.1216,,0.112,0.7912,6.1463785,0.940181,5.6171546,0.0031282548,0.0023148952,0.031200000000000002,0.0232,0.0552,0.364,0.1144,0.0248,0.06720000000000001,0.3552814,0.055726778,0.2988121,0.008185472,0.0808,0.22811553,0.0664,0.468,0.08320000000000001,,0.0736,0.7568,6.0674963,0.59483755,5.7494507
0.007000969,0.007861586,0.0872,0.0728,0.5024000000000001,0.0896,,0.08,0.8272,6.072598,0.6296904,5.7467427,0.0031475031,0.0021796934,0.031200000000000002,0.0224,0.0552,0.3632,0.1272,0.028,0.07440000000000001,0.3540638,0.057411116,0.29817426,0.007960666,0.0872,0.1579373,0.0728,0.4976,0.0896,,0.08,0.7408,6.0527053,0.65019375,5.703184
0.007073307,0.0080111455,0.09680000000000001,0.0816,0.5264,0.0976,,0.0888,0.8032,6.1069927,0.712392,5.7413063,0.0032228727,0.0022202772,0.0216,0.0136,0.072,0.412,0.1456,0.0152,0.09119999999999999,0.36177492,0.032930326,0.32872814,0.008097103,0.09680000000000001,0.14583951,0.0816,0.5055999999999999,0.0976,,0.0888,0.7759999999999999,6.094736,0.73285055,5.7047744
0.0071094763,0.007864027,0.1056,0.0936,0.49839999999999995,0.1088,,0.1008,0.7432000000000001,6.0024233,0.8041723,5.560848,0.0032135963,0.0022295536,0.036,0.0296,0.048,0.43360000000000004,0.1024,0.032,0.0656,0.33498988,0.06937035,0.26449013,0.00792169,0.1056,0.1207302,0.0936,0.4944,0.10719999999999999,,0.1008,0.7432000000000001,5.999077,0.8225355,5.5356207
0.0070615467,0.007911957,0.0736,0.0656,0.4528,0.07759999999999999,,0.0728,0.7392,5.7333727,0.55981314,5.4116225,0.0031795064,0.0022636435,0.035199999999999995,0.031200000000000002,0.0328,0.4024,0.09119999999999999,0.0376,0.053599999999999995,0.28576708,0.072931014,0.21155688,0.00806582,0.0736,0.19563657,0.0656,0.4264,0.07759999999999999,,0.0728,0.7120000000000001,5.6795545,0.5785498,5.334076
0.0069958647,0.008199535,0.0728,0.06319999999999999,0.4384,0.07440000000000001,,0.068,0.7168,5.888036,0.5658665,5.5637336,0.0030496386,0.0023935114,0.0368,0.0288,0.033600000000000005,0.4224,0.092,0.032,0.062400000000000004,0.29643473,0.075547405,0.2179342,0.008373463,0.0728,0.2041741,0.0648,0.42800000000000005,0.07440000000000001,,0.068,0.7168,5.8258386,0.5846159,5.4771442
0.0069091036,0.008397246,0.0736,0.0656,0.41040000000000004,0.07919999999999999,,0.0728,0.7071999999999999,5.878771,0.6020188,5.5196304,0.0028425455,0.0023686977,0.016,0.0128,0.053599999999999995,0.39999999999999997,0.12639999999999998,0.0136,0.06720000000000001,0.31179875,0.027893767,0.28339016,0.008520001,0.0736,0.16995664,0.0656,0.3656,0.07919999999999999,,0.0728,0.6992,5.8468075,0.6197898,5.4657965
0.006699855,0.008273648,0.0576,0.048,0.4592,0.0608,,0.0544,0.7704,5.9615936,0.4281705,5.727936,0.0025336454,0.0023297374,0.0232,0.017599999999999998,0.056799999999999996,0.32,0.11359999999999999,0.017599999999999998,0.06319999999999999,0.37047124,0.042052615,0.32942373,0.008411764,0.0576,0.18146329,0.048,0.4296,0.0608,,0.0544,0.7496,5.930567,0.44358596,5.678606
0.006556731,0.008305823,0.0952,0.0864,0.3792,0.09839999999999999,,0.09119999999999999,0.728,5.848926,0.8135382,5.3478823,0.0021899594,0.0024415161,0.0248,0.0192,0.0448,0.32239999999999996,0.09680000000000001,0.020800000000000003,0.064,0.3982999,0.050177224,0.3473963,0.008358186,0.0952,0.11199519,0.088,0.376,0.09839999999999999,,0.09119999999999999,0.6880000000000001,5.856797,0.82952166,5.3380547
0.0063867583,0.008364849,0.0736,0.0664,0.392,0.07759999999999999,,0.0712,0.6824,5.851145,0.6154586,5.485237,0.0018226185,0.0023450432,0.0296,0.0232,0.0472,0.4096,0.10400000000000001,0.028,0.0608,0.46323413,0.061372794,0.40502554,0.008549088,0.0736,0.20798326,0.0664,0.3784,0.0768,,0.0712,0.6768000000000001,5.8207006,0.63491565,5.4320793
0.0062398626,0.0082898475,0.0488,0.0464,0.43360000000000004,0.0528,,0.0472,0.7080000000000001,5.7440796,0.3928461,5.5092015,0.0015327347,0.0022870665,0.0184,0.0128,0.0512,0.4152,0.128,0.017599999999999998,0.06,0.44305843,0.03520951,0.4101276,0.008463832,0.0488,0.20311071,0.0464,0.3776,0.0528,,0.0472,0.6712,5.7153754,0.40687785,5.4642515
0.006154211,0.008486448,0.061599999999999995,0.0584,0.368,0.0664,,0.061599999999999995,0.6808,5.758502,0.51998556,5.439414,0.0012718394,0.0022001015,0.0152,0.012,0.062400000000000004,0.4144,0.108,0.0136,0.07440000000000001,0.44914597,0.027075835,0.42479575,0.008599275,0.061599999999999995,0.1621685,0.0584,0.368,0.0664,,0.061599999999999995,0.6712,5.755466,0.53493625,5.4197464
0.00598335,0.00854636,0.06720000000000001,0.062400000000000004,0.3664,0.07039999999999999,,0.0648,0.6936,5.826514,0.56922334,5.490451,0.00100677,0.0023492174,0.020800000000000003,0.0152,0.052000000000000005,0.41600000000000004,0.1528,0.016800000000000002,0.056799999999999996,0.49233842,0.037888955,0.4570885,0.008663786,0.06720000000000001,0.16482946,0.062400000000000004,0.3664,0.07039999999999999,,0.0648,0.6936,5.828328,0.5850786,5.474617
0.00585243,0.008233486,0.0432,0.04,0.4168,0.048,,0.0424,0.7016,5.620927,0.33831963,5.4228845,0.0007243072,0.0023997733,0.0192,0.0136,0.0408,0.3952,0.1384,0.017599999999999998,0.07039999999999999,0.5046295,0.036027208,0.47146678,0.008485319,0.0432,0.24424022,0.0392,0.3696,0.048,,0.0424,0.6536,5.5761347,0.35148403,5.3623786
0.005810936,0.008164031,0.053599999999999995,0.0488,0.3448,0.0576,,0.052000000000000005,0.5912000000000001,5.4371405,0.43504313,5.1680903,0.00051002513,0.002266195,0.0256,0.0192,0.0512,0.4184,0.13440000000000002,0.024,0.06,0.5200514,0.05095089,0.47227857,0.008313711,0.053599999999999995,0.19004355,0.0504,0.3016,0.0576,,0.052000000000000005,0.5912000000000001,5.4374886,0.44894898,5.1527147
0.0056740255,0.008189993,0.064,0.0608,0.2944,0.068,,0.064,0.6248,5.307275,0.53981304,4.9655538,0.00028275631,0.0022615567,0.016800000000000002,0.012,0.0504,0.408,0.0976,0.0184,0.0688,0.54672074,0.03044753,0.5205152,0.008297913,0.064,0.1614553,0.0608,0.2944,0.068,,0.064,0.5952000000000001,5.3261385,0.5545701,4.969159
0.0057443664,0.0082306005,0.08399999999999999,0.0448,0.3016,0.0528,,0.048,0.5584,5.1133933,0.40910253,4.9656096,0.00012761056,0.0025326558,0.056,0.0128,0.035199999999999995,0.44079999999999997,0.088,0.0144,0.0488,0.5336759,0.038373653,0.50758636,0.008433096,0.08399999999999999,0.2195849,0.0448,0.24559999999999998,0.0528,,0.048,0.5584,5.1068583,0.42242536,4.9437304
0.0056376345,0.008448281,0.0504,0.048,0.28080000000000005,0.0552,,0.0504,0.596,5.2361574,0.43405238,4.951463,7.94657e-06,0.0024204128,0.012,0.0056,0.0432,0.4096,0.13040000000000002,0.0096,0.062400000000000004,0.55304015,0.019029126,0.5373864,0.008671894,0.0504,0.2275849,0.048,0.1728,0.0552,,0.0496,0.516,5.225918,0.4485265,4.924967
0.005693109,0.008281859,0.0488,0.048,0.248,0.0552,,0.0504,0.5048,5.0601926,0.42364624,4.7767196,-8.643956e-05,0.0022828921,0.0184,0.0144,0.0408,0.4152,0.1048,0.017599999999999998,0.062400000000000004,0.54358995,0.037780426,0.50961554,0.008432573,0.0488,0.1893485,0.048,0.2128,0.0552,,0.0504,0.5048,5.0720663,0.43656713,4.775567
0.0057565714,0.008551242,0.0648,0.061599999999999995,0.1784,0.0688,,0.064,0.4536,4.967107,0.5730481,4.575903,-9.9194454e-05,0.0024116004,0.016800000000000002,0.0112,0.0432,0.4008,0.0952,0.0144,0.0584,0.53680664,0.030699613,0.51060116,0.008679051,0.0648,0.17182758,0.061599999999999995,0.1688,0.0688,,0.064,0.4536,4.9857454,0.5878582,4.5794253
0.005567293,0.008074829,0.0344,0.0328,0.2208,0.0392,,0.035199999999999995,0.5416000000000001,4.9072504,0.27776396,4.7258496,-0.00016273695,0.002475143,0.02,0.0184,0.035199999999999995,0.3256,0.06720000000000001,0.02,0.0512,0.57669467,0.0411229,0.5393576,0.008294295,0.0344,0.23055266,0.0328,0.20800000000000002,0.0392,,0.035199999999999995,0.5136000000000001,4.909189,0.28819072,4.7165313
0.005580607,0.008283412,0.0576,0.0552,0.1776,0.062400000000000004,,0.0576,0.48719999999999997,4.7612424,0.5145257,4.4009924,-0.00011194933,0.0024243556,0.0184,0.0128,0.033600000000000005,0.40559999999999996,0.0824,0.016,0.0512,0.5162249,0.035816178,0.48480153,0.008417548,0.0576,0.17876096,0.0552,0.14079999999999998,0.062400000000000004,,0.0576,0.4416,4.7771606,0.5282304,4.4029617
0.005656274,0.008207745,0.035199999999999995,0.033600000000000005,0.18080000000000002,0.0392,1.5232,0.036,0.44079999999999997,4.6628857,0.29490456,4.4611816,-4.5392033e-05,0.002589705,0.020800000000000003,0.016800000000000002,0.024,0.40559999999999996,0.0808,0.020800000000000003,0.0512,0.5130362,0.04367782,0.47407582,0.008401427,0.0264,0.2701136,0.0248,0.1672,0.031200000000000002,1.5319999999999998,0.0272,0.39280000000000004,4.6307116,0.21688908,4.4830074
0.005653167,0.008432749,0.041600000000000005,0.0408,0.1528,0.0464,,0.0432,0.3856,4.4641776,0.36261418,4.206001,5.5487497e-05,0.0024888255,0.02,0.0184,0.0264,0.42,0.0728,0.02,0.0384,0.42821622,0.043088313,0.38902396,0.008555698,0.041600000000000005,0.16973567,0.0408,0.1352,0.0464,,0.0432,0.3528,4.47236,0.3730362,4.203438
0.005751911,0.008334005,0.045599999999999995,0.045599999999999995,0.1472,0.052000000000000005,1.4447999999999999,0.048,0.3136,4.493968,0.4070269,4.2041707,0.00018326823,0.0022450914,0.008799999999999999,0.0064,0.04,0.39280000000000004,0.0824,0.010400000000000001,0.0576,0.4003294,0.015187819,0.38618308,0.00842017,0.045599999999999995,0.143183,0.045599999999999995,0.1424,0.052000000000000005,1.4447999999999999,0.048,0.3136,4.505105,0.41708514,4.2047715
0.005737932,0.008458933,0.0448,0.044,0.1712,0.0496,1.3952,0.0464,0.4184,4.6885157,0.40191656,4.4060407,0.0002222286,0.0023220843,0.0184,0.0128,0.0448,0.41600000000000004,0.07440000000000001,0.0184,0.052000000000000005,0.4479863,0.037754223,0.41238856,0.008592723,0.0448,0.17669584,0.044,0.156,0.0496,1.3936000000000002,0.0464,0.384,4.6942606,0.4128908,4.400184
0.005876839,0.008098128,0.044,0.041600000000000005,0.28,0.048,,0.0448,0.6335999999999999,5.1238775,0.367955,4.88434,0.0004186538,0.0025894733,0.017599999999999998,0.010400000000000001,0.035199999999999995,0.4168,0.1016,0.016,0.0592,0.5463729,0.03447343,0.51610893,0.008316608,0.044,0.22972244,0.041600000000000005,0.2472,0.048,,0.044,0.5248,5.113684,0.3809497,4.8598447
0.005945627,0.007918391,0.0648,0.062400000000000004,0.3584,0.07039999999999999,,0.0664,0.656,5.256683,0.54553026,4.9115224,0.0006320082,0.0022601653,0.016800000000000002,0.0136,0.044,0.3776,0.1424,0.017599999999999998,0.0728,0.46659684,0.032273564,0.43517345,0.008029731,0.0648,0.16672176,0.064,0.3392,0.07039999999999999,,0.0664,0.632,5.2612267,0.56041926,4.89982
0.0060337204,0.008052195,0.045599999999999995,0.0432,0.3424,0.0488,1.5464,0.045599999999999995,0.5592,5.2191267,0.36943972,4.987355,0.00077323953,0.0024667946,0.028,0.0216,0.032,0.32239999999999996,0.0976,0.0224,0.048,0.46491554,0.05990041,0.41088116,0.008197981,0.045599999999999995,0.18887036,0.0432,0.2656,0.0488,1.5464,0.045599999999999995,0.5592,5.213602,0.382063,4.9682097
0.0061042835,0.008203529,0.1016,0.061599999999999995,0.38,0.0688,,0.064,0.6888,5.498717,0.56665605,5.2670565,0.0009949426,0.0024769981,0.0584,0.016800000000000002,0.048,0.31039999999999995,0.09680000000000001,0.0184,0.0592,0.48857,0.048401996,0.45158085,0.008348559,0.1016,0.18666755,0.061599999999999995,0.3272,0.0688,,0.0648,0.6792,5.493866,0.583775,5.2425156
0.0062855734,0.008133188,0.07759999999999999,0.0728,0.4208,0.0816,,0.0768,0.6848,5.683945,0.65267456,5.2848635,0.0012101522,0.002609649,0.0304,0.0248,0.0344,0.4144,0.1296,0.0272,0.0544,0.49401993,0.064032756,0.43476766,0.008223915,0.07759999999999999,0.14867699,0.0728,0.4136,0.0816,,0.0768,0.6848,5.6944184,0.66969395,5.277067
0.006252732,0.008276978,0.088,0.07919999999999999,0.4224,0.09040000000000001,,0.0848,0.7264,5.8526983,0.72363037,5.4305396,0.0014007797,0.0024190214,0.0328,0.0248,0.044,0.4224,0.1128,0.0296,0.0528,0.50352806,0.06694482,0.4431163,0.0083904825,0.088,0.16467185,0.08,0.40559999999999996,0.09040000000000001,,0.0848,0.6808,5.8560667,0.74377555,5.4119244
0.0063388287,0.008190881,0.0728,0.0664,0.46240000000000003,0.0768,,0.0696,0.7232000000000001,5.7794714,0.5813883,5.4403024,0.0015983643,0.002453344,0.020800000000000003,0.0144,0.0496,0.42,0.112,0.0184,0.0712,0.46503168,0.038509082,0.42873824,0.008275136,0.0728,0.14282176,0.068,0.46240000000000003,0.0768,,0.0696,0.7232000000000001,5.7868176,0.59803665,5.4297447
0.006361684,0.008278974,0.06720000000000001,0.062400000000000004,0.44079999999999997,0.07039999999999999,,0.064,0.768,5.858412,0.53378195,5.5560775,0.001758612,0.0024090498,0.0264,0.0216,0.0376,0.4032,0.1144,0.024,0.06,0.45790058,0.053641014,0.40815654,0.008372736,0.06720000000000001,0.14979574,0.062400000000000004,0.4264,0.07039999999999999,,0.064,0.724,5.8611426,0.54957664,5.541878
0.0064426763,0.00830893,0.0752,0.068,0.40480000000000005,0.0784,,0.0712,0.6968000000000001,5.8258486,0.60751605,5.469926,0.0018342137,0.0024494014,0.028,0.0216,0.045599999999999995,0.3944,0.09839999999999999,0.0232,0.062400000000000004,0.4733223,0.054537565,0.42137516,0.008391448,0.0752,0.14035437,0.068,0.40480000000000005,0.0784,,0.0712,0.6759999999999999,5.834775,0.6237595,5.461281
0.0065249996,0.00800471,0.06720000000000001,0.061599999999999995,0.4688,0.07039999999999999,,0.064,0.7216,5.801274,0.5117423,5.5136957,0.0020067526,0.0022768625,0.028,0.0224,0.0368,0.38799999999999996,0.12319999999999999,0.0248,0.0648,0.4379563,0.05336875,0.38612512,0.0081377,0.0736,0.1810367,0.068,0.3832,0.0768,,0.07039999999999999,0.7152000000000001,5.7853203,0.592267,5.435546
0.006499038,0.008030672,0.0608,0.0504,0.48,0.062400000000000004,,0.056,0.6848,5.788126,0.43758434,5.554801,0.002148448,0.0022511207,0.0288,0.020800000000000003,0.04,0.42800000000000005,0.14,0.0248,0.0592,0.3959229,0.050544575,0.34652674,0.00822716,0.0608,0.21899086,0.0528,0.44480000000000003,0.062400000000000004,,0.056799999999999996,0.6848,5.7359014,0.4543508,5.48112
0.00657648,0.007842282,0.09839999999999999,0.053599999999999995,0.5136000000000001,0.0648,,0.0584,0.7744000000000001,5.650273,0.4588975,5.5215726,0.0022150055,0.0023005167,0.07039999999999999,0.0272,0.0408,0.4656,0.1064,0.0304,0.0528,0.3892554,0.06898301,0.3259448,0.008004796,0.09839999999999999,0.20184712,0.0544,0.44639999999999996,0.0648,,0.0592,0.7744000000000001,5.6135983,0.47608912,5.4623356
0.0066530346,0.007876676,0.09680000000000001,0.0896,0.4552,0.1008,,0.0936,0.7183999999999999,5.6441154,0.75825214,5.191223,0.0023235378,0.0023079377,0.020800000000000003,0.0136,0.0408,0.4088,0.1336,0.016800000000000002,0.0648,0.373138,0.036467828,0.33672857,0.007944052,0.09680000000000001,0.13033378,0.0896,0.4344,0.1008,,0.0936,0.696,5.6447396,0.7753661,5.1720743
0.006608433,0.007810328,0.0896,0.0808,0.48960000000000004,0.0928,,0.0864,0.7728,5.7672124,0.67804515,5.3798914,0.002407256,0.002108266,0.02,0.0128,0.06720000000000001,0.4168,0.1472,0.0136,0.072,0.36368796,0.031139305,0.33191675,0.00789906,0.0896,0.15002786,0.0808,0.4472,0.0928,,0.0864,0.6744,5.7567873,0.69610256,5.3479767
0.006640164,0.007778597,0.0872,0.0816,0.5024000000000001,0.0936,,0.0864,0.7832,5.8018837,0.6726795,5.4170036,0.0025002507,0.0022471785,0.0184,0.0152,0.053599999999999995,0.39999999999999997,0.12480000000000001,0.0184,0.0816,0.3500635,0.03417613,0.31608912,0.007909946,0.0872,0.18249215,0.0816,0.4648,0.0936,,0.0864,0.7288,5.76907,0.6926623,5.359963
0.006665239,0.007864471,0.088,0.07600000000000001,0.5352,0.09119999999999999,,0.0824,0.7535999999999999,5.9782357,0.65584296,5.623201,0.002613885,0.0022494977,0.035199999999999995,0.0296,0.045599999999999995,0.4272,0.1168,0.032,0.07039999999999999,0.38496554,0.07080118,0.31574133,0.007956389,0.088,0.15215214,0.0768,0.516,0.09119999999999999,,0.0824,0.7535999999999999,5.967518,0.6750674,5.5901527
0.006816794,0.007934812,0.09040000000000001,0.07440000000000001,0.4976,0.09040000000000001,,0.08399999999999999,0.7616,5.994158,0.65254724,5.640786,0.002750015,0.0022293213,0.0368,0.028,0.0544,0.4208,0.128,0.0296,0.062400000000000004,0.33910546,0.06648724,0.2726641,0.008022918,0.09040000000000001,0.14833748,0.0752,0.49119999999999997,0.09040000000000001,,0.08399999999999999,0.684,5.978449,0.67191863,5.6022587
0.006740906,0.008121649,0.1024,0.0864,0.4592,0.1056,,0.09680000000000001,0.7408,6.075593,0.7752919,5.6457787,0.002764625,0.0022147112,0.0304,0.0248,0.056799999999999996,0.42319999999999997,0.10719999999999999,0.0272,0.07600000000000001,0.35122263,0.05772163,0.29405758,0.008189907,0.1024,0.12919773,0.088,0.4584,0.1056,,0.09680000000000001,0.7408,6.0702076,0.7949411,5.6175184
0.006800596,0.007840062,0.096,0.08,0.5592,0.096,,0.088,0.8376,6.176057,0.6940581,5.821244,0.0028457923,0.0022494972,0.045599999999999995,0.0376,0.0472,0.436,0.12639999999999998,0.0392,0.072,0.3762687,0.0901886,0.28617287,0.0079322625,0.096,0.1526185,0.08,0.5167999999999999,0.096,,0.088,0.8144,6.1614723,0.7148653,5.781767
0.006910435,0.007841172,0.096,0.0808,0.5696,0.09839999999999999,,0.0896,0.8376,6.190425,0.69441307,5.830952,0.002955716,0.0022555268,0.0528,0.045599999999999995,0.0392,0.4296,0.128,0.0488,0.06319999999999999,0.378472,0.11036824,0.26437378,0.007917397,0.096,0.13887429,0.08320000000000001,0.5519999999999999,0.0992,,0.0896,0.7696000000000001,6.183218,0.7146815,5.79971
0.006825892,0.00759287,0.1056,0.0928,0.54,0.108,,0.0976,0.8072,5.984117,0.75828314,5.579377,0.0029638328,0.0022474101,0.044,0.036,0.053599999999999995,0.43679999999999997,0.1312,0.041600000000000005,0.053599999999999995,0.34374398,0.08870555,0.25132906,0.0076877098,0.1056,0.15723847,0.0936,0.54,0.108,,0.1008,0.7664,5.9641213,0.7806934,5.5317273
0.0070171673,0.007401594,0.0896,0.0736,0.5479999999999999,0.0928,,0.08399999999999999,0.8216,5.8545284,0.58910793,5.5610704,0.0030879034,0.0021233396,0.0368,0.032,0.053599999999999995,0.4272,0.1192,0.032,0.0712,0.3279159,0.06752573,0.25730023,0.007560834,0.096,0.20559914,0.0816,0.5184,0.0992,,0.09040000000000001,0.7544000000000001,5.798171,0.66935396,5.4363995
0.007217096,0.00054475735,-0.1032,0.288,0.0008,0.296,0.0016,0.296,0.0008,-0.054309037,0.0,-0.04842877,0.0030633209,0.0005245735,0.8927999999999999,1.2839999999999998,0.0008,1.2928,0.0024,1.2839999999999998,0.0008,0.014610076,0.011802154,0.016838256,0.0007707752,0.8136,2.39304,1.1952,0.0008,1.2111999999999998,0.0008,1.1952,0.0008,0.049734164,0.036789,0.052611433
0.0069011156,0.0077395425,0.10719999999999999,0.0864,0.5279999999999999,0.108,,0.09680000000000001,0.7664,5.910391,0.7512955,5.520629,0.0031050644,0.002222132,0.0296,0.0224,0.0576,0.42,0.1352,0.0232,0.0824,0.3172483,0.048708335,0.26715642,0.0078121466,0.10719999999999999,0.13644154,0.0896,0.5224,0.108,,0.09999999999999999,0.7416,5.898613,0.7712195,5.4847145
0.0069843265,0.007545383,0.1088,0.09119999999999999,0.5504,0.108,,0.1008,0.7912,5.9405136,0.76366806,5.5418763,0.0031282548,0.0020829884,0.0264,0.016800000000000002,0.061599999999999995,0.4264,0.14079999999999998,0.02,0.07600000000000001,0.3366129,0.038938567,0.2976525,0.007616638,0.1312,0.13689245,0.1144,0.5128,0.13040000000000002,,0.12319999999999999,0.7687999999999999,5.930876,0.98643315,5.3781548
0.0070138387,0.0074049225,0.1312,0.0808,0.5624,0.096,,0.0872,0.8184,5.759612,0.6585555,5.554247,0.0031222252,0.0022049714,0.0688,0.024,0.0576,0.4608,0.1168,0.0272,0.07039999999999999,0.34275848,0.057208657,0.28652105,0.007495445,0.1312,0.15557289,0.0808,0.5608,0.096,,0.0872,0.7704,5.743162,0.67873085,5.512267
0.007043795,0.0075968634,0.0872,0.07039999999999999,0.5328,0.0872,,0.0808,0.8096000000000001,5.8143654,0.5869672,5.5164685,0.0031417054,0.002185491,0.0408,0.0304,0.044,0.4376,0.1008,0.0328,0.0608,0.32281443,0.072615646,0.25022754,0.0077200853,0.0872,0.17890646,0.0728,0.5055999999999999,0.0872,,0.0808,0.7464,5.7790074,0.60657793,5.456998
0.0070422417,0.0075984164,0.0848,0.07759999999999999,0.48319999999999996,0.0864,,0.0816,0.7488,5.5389357,0.6276927,5.172584,0.0031282548,0.0020829884,0.0304,0.0216,0.0408,0.4264,0.09040000000000001,0.0296,0.0552,0.27063537,0.05202044,0.21718083,0.007685752,0.0848,0.15089695,0.07759999999999999,0.448,0.0864,,0.0816,0.7048,5.516678,0.6436589,5.13047
0.007044905,0.008150496,0.08320000000000001,0.072,0.42,0.0848,,0.07919999999999999,0.6472,5.7099066,0.65216035,5.320367,0.0030412897,0.0021699534,0.0184,0.0096,0.0576,0.4016,0.1096,0.012,0.0576,0.26675087,0.025674649,0.241473,0.008227957,0.08320000000000001,0.1373269,0.072,0.404,0.0848,,0.07919999999999999,0.6472,5.692668,0.6677872,5.284667
0.0067229318,0.008139623,0.0864,0.0784,0.4304,0.09040000000000001,,0.0824,0.7328,5.7819686,0.7109924,5.350601,0.0025336456,0.002329737,0.0248,0.016800000000000002,0.0488,0.3776,0.09999999999999999,0.02,0.061599999999999995,0.350527,0.044508968,0.3072763,0.0081932675,0.0592,0.20078027,0.053599999999999995,0.3992,0.061599999999999995,,0.0552,0.7168,5.7357235,0.46152171,5.465599
0.0065689357,0.008515516,0.06720000000000001,0.06,0.4208,0.0696,,0.064,0.6496,5.8297873,0.55320764,5.50027,0.0022103672,0.0024211083,0.0328,0.0256,0.04,0.4144,0.09839999999999999,0.031200000000000002,0.0584,0.3919224,0.068073966,0.32629272,0.008626216,0.06720000000000001,0.16037741,0.06,0.4064,0.0696,,0.064,0.6496,5.81756,0.5691232,5.4698114
0.0064726323,0.00861182,0.068,0.06319999999999999,0.312,0.0696,,0.0656,0.6519999999999999,5.5941324,0.5882155,5.2222333,0.001891263,0.0022763987,0.0296,0.0224,0.028,0.396,0.09040000000000001,0.028,0.0552,0.3947057,0.058369126,0.34009165,0.00866979,0.068,0.11570608,0.06319999999999999,0.312,0.0696,,0.0656,0.5752,5.602296,0.60061026,5.2176228
0.0063716695,0.008268989,0.0656,0.0608,0.3552,0.068,,0.064,0.6528,5.4658203,0.5594532,5.109565,0.0015930304,0.0022267709,0.0232,0.017599999999999998,0.0432,0.41600000000000004,0.0896,0.0224,0.056,0.37592155,0.0427771,0.33591753,0.008353209,0.0656,0.14212288,0.0608,0.3264,0.068,,0.064,0.6528,5.4639587,0.57251525,5.0933437
0.0061371243,0.008725431,0.0896,0.0512,0.2888,0.0592,,0.053599999999999995,0.5888,5.456889,0.493402,5.246975,0.0012542146,0.002449633,0.0552,0.0144,0.041600000000000005,0.4384,0.08,0.016,0.048,0.43917388,0.04240349,0.40415588,0.00887784,0.0896,0.1855628,0.0512,0.2736,0.0592,,0.0544,0.5768,5.444236,0.5072044,5.2177296
0.0060017672,0.008860787,0.0688,0.062400000000000004,0.2656,0.07039999999999999,1.4456,0.0656,0.54,5.521017,0.61380064,5.1241546,0.0009944788,0.0022455552,0.02,0.0112,0.0504,0.4136,0.108,0.016,0.0648,0.45227656,0.033180088,0.4216648,0.009016008,0.0688,0.18582653,0.062400000000000004,0.224,0.07039999999999999,1.4456,0.0656,0.5392,5.5095286,0.629123,5.0951614
0.0059766932,0.009107759,0.056799999999999996,0.0544,0.24,0.0608,,0.056,0.48240000000000005,5.524068,0.51950395,5.1831236,0.000742396,0.002497638,0.028,0.0248,0.0344,0.42800000000000005,0.0992,0.0248,0.0472,0.4940777,0.0615597,0.43691263,0.0092231,0.056799999999999996,0.15831429,0.0544,0.2192,0.0608,,0.056,0.48240000000000005,5.53288,0.5332317,5.177187
0.00588039,0.008871216,0.0528,0.0496,0.2408,0.0576,,0.052000000000000005,0.5648,5.4580536,0.48009926,5.143293,0.0005341435,0.0024739834,0.017599999999999998,0.010400000000000001,0.0424,0.15519999999999998,0.0864,0.016800000000000002,0.0608,0.4808591,0.03344006,0.44966763,0.008985796,0.0528,0.15986487,0.0496,0.2264,0.0576,,0.052000000000000005,0.4848,5.465002,0.49269712,5.1367016
0.005742592,0.009009015,0.0552,0.052000000000000005,0.188,0.0592,,0.056,0.504,5.217573,0.50834364,4.8729672,0.0002964388,0.0025957348,0.02,0.0152,0.032,0.35359999999999997,0.0848,0.02,0.0464,0.50248444,0.04239839,0.46236455,0.00910524,0.0552,0.14551148,0.052000000000000005,0.188,0.0584,1.4712,0.056,0.4768,5.2352924,0.5208039,4.877633
0.005680461,0.008627351,0.0544,0.0496,0.20240000000000002,0.0576,,0.053599999999999995,0.48879999999999996,5.1487846,0.48891428,4.818269,9.143308e-05,0.00245288,0.0272,0.0192,0.032,0.38480000000000003,0.0944,0.0256,0.0488,0.5252113,0.05916364,0.47140887,0.0088283485,0.0544,0.21379519,0.0504,0.1816,0.0576,1.5248,0.053599999999999995,0.48879999999999996,5.1429954,0.50308543,4.7969775
0.0056809043,0.008848805,0.044,0.041600000000000005,0.1624,0.0488,,0.0448,0.4472,4.970824,0.4024744,4.690013,-6.185743e-05,0.002490217,0.0184,0.0144,0.033600000000000005,0.4184,0.0888,0.017599999999999998,0.0376,0.5431261,0.039418153,0.508688,0.009028929,0.0464,0.2000819,0.044,0.1528,0.0512,,0.0472,0.3968,4.979604,0.44206628,4.6655207
0.00567336,0.009078247,0.0424,0.04,0.14320000000000002,0.0472,1.5248,0.0432,0.4016,5.047822,0.3957168,4.7725587,-0.00012864663,0.0024410526,0.0184,0.016,0.0448,0.39840000000000003,0.0856,0.0184,0.045599999999999995,0.5416187,0.04014263,0.5049774,0.009291073,0.0424,0.21445055,0.04,0.1424,0.0472,1.5248,0.0432,0.3352,5.047456,0.40863267,4.7584114
0.005594808,0.009156799,0.0344,0.0328,0.1688,0.0392,,0.035199999999999995,0.40559999999999996,5.0326223,0.3160784,4.811946,-0.00019798681,0.0027422998,0.0192,0.0128,0.032,0.4072,0.0864,0.017599999999999998,0.0448,0.54492337,0.044015937,0.50584704,0.009358113,0.0344,0.2077972,0.0328,0.1592,0.0392,,0.035199999999999995,0.3904,5.0367794,0.3273386,4.804847
0.005629424,0.0093440795,0.0432,0.0424,0.14880000000000002,0.0488,1.4223999999999999,0.0448,0.4136,5.042941,0.43024483,4.7348366,-0.00018963816,0.0026179978,0.0184,0.0192,0.033600000000000005,0.38720000000000004,0.07919999999999999,0.0216,0.048,0.5758829,0.04664738,0.5341397,0.009457217,0.0432,0.15483485,0.0424,0.1384,0.0496,1.4223999999999999,0.0448,0.41119999999999995,5.071423,0.44237554,4.75143
0.0056407414,0.009443711,0.0376,0.0368,0.136,0.0424,1.3552,0.0384,0.3072,4.8265343,0.37184888,4.5472775,-0.0001439525,0.003036126,0.0216,0.016800000000000002,0.0296,0.396,0.068,0.0184,0.032,0.48816416,0.054494426,0.43876794,0.009651627,0.0376,0.20794183,0.0368,0.1312,0.0424,1.3496,0.0384,0.272,4.823341,0.3839381,4.5321217
0.005711526,0.0091510285,0.0368,0.036,0.14959999999999998,0.041600000000000005,1.5368,0.0384,0.4128,4.888278,0.35593152,4.632431,-0.00010360068,0.0026479138,0.024,0.02,0.0304,0.4136,0.07440000000000001,0.0256,0.0392,0.5220226,0.060884856,0.46775633,0.009311321,0.044,0.18581957,0.0432,0.136,0.0488,1.3376,0.045599999999999995,0.3312,4.9005723,0.4488907,4.5694885
0.005628315,0.009345189,0.0464,0.044,0.1512,0.0504,,0.0464,0.3856,5.089927,0.45403886,4.7685094,-3.6487793e-06,0.0024320083,0.010400000000000001,0.008799999999999999,0.045599999999999995,0.3888,0.1016,0.0112,0.0656,0.5430682,0.01804955,0.5275304,0.009465501,0.0464,0.15960982,0.044,0.1456,0.0504,,0.0464,0.3856,5.111542,0.46589473,4.778398
0.005804945,0.00905761,0.0448,0.0432,0.1792,0.0504,,0.045599999999999995,0.4272,5.1704755,0.4234601,4.875353,0.00016471568,0.0026115044,0.017599999999999998,0.0136,0.0368,0.39840000000000003,0.0944,0.02,0.0408,0.5123405,0.038900536,0.47697464,0.009257998,0.045599999999999995,0.20843884,0.044,0.1704,0.0512,,0.0472,0.4264,5.164582,0.44604084,4.848134
0.0057124137,0.008928245,0.033600000000000005,0.032,0.2104,0.0392,,0.0344,0.5176000000000001,5.427155,0.2976552,5.237766,0.00020808229,0.0025681376,0.024,0.02,0.032,0.3464,0.0856,0.0248,0.045599999999999995,0.54486537,0.056404404,0.49361396,0.009172881,0.033600000000000005,0.23146848,0.032,0.20800000000000002,0.0392,,0.0344,0.5176000000000001,5.4074116,0.30879524,5.2058096
0.005705313,0.009046294,0.0848,0.0448,0.2216,0.0528,,0.0488,0.5896,5.438694,0.44532672,5.2667236,0.00025678278,0.00228753,0.053599999999999995,0.0128,0.0528,0.4488,0.1008,0.0144,0.0552,0.5453292,0.03476007,0.5206311,0.009165891,0.0848,0.16172007,0.0448,0.2216,0.0528,,0.0488,0.5896,5.4555354,0.45777875,5.270574
0.0057623405,0.008212627,0.0544,0.0512,0.368,0.0584,,0.0544,0.6536,5.376507,0.4535014,5.090704,0.00037018527,0.0022900812,0.02,0.0144,0.0384,0.4072,0.116,0.017599999999999998,0.062400000000000004,0.54631484,0.038815428,0.510949,0.008365956,0.0544,0.19175008,0.0512,0.30960000000000004,0.0584,,0.0544,0.6447999999999999,5.3820825,0.46826014,5.0805025
0.0058262465,0.0081487205,0.0432,0.0424,0.376,0.0504,,0.045599999999999995,0.6384,5.541155,0.35271448,5.3273573,0.0005188376,0.0023733359,0.0264,0.0232,0.0376,0.3952,0.13040000000000002,0.0248,0.052000000000000005,0.5522865,0.058955852,0.49709263,0.008455615,0.045599999999999995,0.27024594,0.0448,0.3312,0.0528,,0.048,0.636,5.487483,0.39119816,5.2385936
0.0057971785,0.008399686,0.053599999999999995,0.0496,0.3552,0.0576,,0.0528,0.6384,5.65005,0.45072103,5.3758965,0.00069253595,0.002315591,0.02,0.0144,0.0432,0.408,0.1176,0.0192,0.0592,0.5329802,0.038873404,0.49773028,0.008577168,0.0656,0.2037848,0.061599999999999995,0.3432,0.0696,,0.0656,0.6264000000000001,5.6410007,0.59058094,5.261918
0.0060723303,0.008457379,0.056,0.052000000000000005,0.43920000000000003,0.0608,,0.0552,0.716,5.8156967,0.46653384,5.5367723,0.00093766156,0.0023023724,0.0192,0.0136,0.06,0.37520000000000003,0.10719999999999999,0.0184,0.07440000000000001,0.54011136,0.036240567,0.50729656,0.008654916,0.056,0.21406041,0.052000000000000005,0.3672,0.0608,,0.0552,0.6095999999999999,5.797697,0.482511,5.500803
0.0060685584,0.008683048,0.08399999999999999,0.07600000000000001,0.408,0.0848,,0.07919999999999999,0.7152000000000001,6.028884,0.72155446,5.5984035,0.0011412759,0.0025625718,0.0192,0.012,0.0576,0.4008,0.15760000000000002,0.0144,0.068,0.546025,0.03355694,0.51668876,0.008777921,0.08399999999999999,0.14715792,0.0768,0.376,0.0848,,0.07919999999999999,0.7152000000000001,6.043784,0.74050826,5.5935082
0.0062882355,0.008352423,0.0664,0.061599999999999995,0.4656,0.0712,,0.0648,0.7335999999999999,6.000038,0.5416955,5.6806173,0.0014133026,0.0024064987,0.02,0.016,0.048,0.4016,0.1144,0.0216,0.0712,0.459234,0.039290838,0.42236075,0.008482336,0.0664,0.17524269,0.061599999999999995,0.4008,0.0712,,0.0648,0.7256,5.9882092,0.55989385,5.6481476
0.006418933,0.008221725,0.07600000000000001,0.0696,0.4808,0.0824,,0.0752,0.704,6.0266094,0.6337243,5.6593704,0.0016041619,0.0024475462,0.0192,0.016,0.0512,0.4008,0.12240000000000001,0.016800000000000002,0.0728,0.4886283,0.038565204,0.4507115,0.008382889,0.07600000000000001,0.19640444,0.07039999999999999,0.4584,0.0824,,0.0752,0.704,6.0060987,0.654583,5.6145124
0.0065283286,0.008334227,0.112,0.06720000000000001,0.44,0.07919999999999999,,0.0736,0.7488,5.8976316,0.63867706,5.653989,0.0017500315,0.0024176303,0.0528,0.0112,0.062400000000000004,0.4432,0.1312,0.0128,0.07039999999999999,0.48358423,0.030623326,0.4598137,0.00842865,0.112,0.14982407,0.06720000000000001,0.42800000000000005,0.07919999999999999,,0.0736,0.6871999999999999,5.9037447,0.65720683,5.638912
0.0064116106,0.008229047,0.1096,0.06720000000000001,0.496,0.0784,,0.07039999999999999,0.7416,5.9335794,0.5974897,5.731653,0.0018615789,0.00253799,0.064,0.020800000000000003,0.0448,0.45439999999999997,0.1104,0.0232,0.056799999999999996,0.4888599,0.058909006,0.43528938,0.008363639,0.1184,0.17964388,0.07600000000000001,0.4344,0.0872,,0.07919999999999999,0.7328,5.9254417,0.7048908,5.6399994
0.006560282,0.007747531,0.0656,0.056799999999999996,0.49520000000000003,0.0696,,0.06319999999999999,0.8096000000000001,5.753843,0.46976244,5.501546,0.0020447855,0.0022388296,0.036,0.0304,0.0488,0.4304,0.1384,0.033600000000000005,0.0656,0.43250632,0.07373019,0.36015132,0.007948265,0.0656,0.22522035,0.056799999999999996,0.4384,0.068,,0.06319999999999999,0.7312,5.7051167,0.4889531,5.428765
0.006532767,0.0076640975,0.06720000000000001,0.0584,0.49839999999999995,0.07039999999999999,,0.0656,0.808,5.7415276,0.4831308,5.4847927,0.002148448,0.0023670741,0.024,0.0192,0.0528,0.4144,0.11359999999999999,0.0192,0.07440000000000001,0.39719838,0.042951472,0.35441154,0.0077981018,0.06720000000000001,0.18565397,0.0608,0.47759999999999997,0.07039999999999999,,0.0656,0.808,5.7161818,0.5002301,5.4385166
0.006668789,0.007749973,0.09839999999999999,0.0896,0.4672,0.1016,,0.0944,0.7968000000000001,5.89092,0.76474524,5.462881,0.0023001153,0.0023313602,0.0344,0.028,0.0432,0.3864,0.0808,0.0288,0.053599999999999995,0.4075181,0.067085795,0.340381,0.007821569,0.09839999999999999,0.13540833,0.0896,0.4672,0.1016,,0.0944,0.74,5.892009,0.7828374,5.442937
0.006614868,0.0076929447,0.0808,0.0736,0.5312,0.08320000000000001,,0.0768,0.7647999999999999,5.89153,0.5990261,5.5610147,0.0023564687,0.0022750068,0.0328,0.0264,0.0392,0.4328,0.128,0.0304,0.0696,0.38276199,0.062083796,0.32130668,0.00779088,0.0808,0.15872553,0.0736,0.47840000000000005,0.08320000000000001,,0.0768,0.7552,5.8779707,0.6172944,5.525914
0.0066399425,0.0077788187,0.08,0.068,0.576,0.0824,,0.07440000000000001,0.8463999999999999,6.026166,0.5593134,5.7476854,0.002398212,0.0023492172,0.033600000000000005,0.024,0.044,0.4328,0.11120000000000001,0.0296,0.0528,0.39145848,0.060518425,0.33174247,0.007929317,0.08,0.19514225,0.0688,0.49920000000000003,0.0808,,0.07440000000000001,0.8072,5.9876957,0.5795458,5.6837206
0.006716275,0.007591538,0.1088,0.09839999999999999,0.5272,0.11359999999999999,,0.1064,0.8064,5.968362,0.821758,5.5140276,0.0024652327,0.0021662428,0.020800000000000003,0.016800000000000002,0.0688,0.39280000000000004,0.1352,0.0192,0.0856,0.42978156,0.038001664,0.3932562,0.0077114394,0.09680000000000001,0.17657311,0.0864,0.5264,0.1016,,0.0944,0.7912,5.9510565,0.735067,5.539875
0.006711837,0.007595976,0.1008,0.0848,0.5880000000000001,0.1024,,0.0944,0.7904,6.0597835,0.72032905,5.685776,0.0026006668,0.002262716,0.0384,0.0296,0.044,0.43360000000000004,0.14,0.033600000000000005,0.072,0.4225919,0.07428813,0.35186028,0.0077124126,0.1008,0.17398544,0.088,0.5,0.1024,,0.0944,0.7904,6.0414515,0.74347216,5.6397905
0.0067846198,0.0076341415,0.1088,0.0944,0.5376000000000001,0.1128,,0.1016,0.8184,6.00919,0.7874998,5.6018987,0.0026806747,0.0020667545,0.032,0.0264,0.06,0.43119999999999997,0.148,0.028,0.0664,0.39992312,0.05936353,0.34148258,0.007756278,0.1088,0.17769806,0.096,0.5136000000000001,0.1128,,0.1048,0.7928,5.985257,0.81111264,5.5489817
0.0068043685,0.007614393,0.0976,0.0808,0.5888,0.09839999999999999,,0.088,0.824,6.0206738,0.6485892,5.718561,0.0027555805,0.0022237557,0.0408,0.0344,0.036,0.43360000000000004,0.1328,0.036,0.0712,0.39476335,0.076538324,0.31997335,0.0077053094,0.0976,0.15376905,0.0816,0.5095999999999999,0.09839999999999999,,0.09119999999999999,0.7752,6.0100985,0.67011076,5.6826906
0.0068660555,0.0074417572,0.128,0.112,0.5032,0.13040000000000002,,0.1216,0.7544000000000001,5.7678223,0.91586185,5.257903,0.002818891,0.0025083055,0.0296,0.020800000000000003,0.04,0.3608,0.1656,0.0256,0.06319999999999999,0.34159866,0.050948095,0.288492,0.0074941907,0.128,0.11836186,0.1144,0.4848,0.13040000000000002,,0.1216,0.7344,5.767805,0.9352247,5.234959
0.0068662777,0.0073305867,0.1184,0.1008,0.5664,0.12,,0.1104,0.7608,5.8001637,0.8162097,5.3812222,0.002908639,0.0021866506,0.0344,0.0264,0.0584,0.4152,0.14320000000000002,0.0288,0.07440000000000001,0.36194873,0.061559007,0.29794246,0.007419172,0.12240000000000001,0.1546858,0.1064,0.472,0.124,,0.116,0.7568,5.786675,0.8746844,5.3163195
0.006866943,0.007218973,0.1376,0.0864,0.5736,0.10400000000000001,,0.09680000000000001,0.808,5.6497736,0.6814845,5.434866,0.0029448166,0.002150473,0.0648,0.0224,0.0528,0.4424,0.1216,0.0232,0.07440000000000001,0.3787617,0.051973347,0.32832193,0.0073033404,0.1376,0.15214595,0.0864,0.5736,0.10400000000000001,,0.09680000000000001,0.808,5.641913,0.7030643,5.4005265
0.0070131733,0.006961794,0.1056,0.0928,0.5384,0.1104,,0.1008,0.8176,5.6159897,0.70427155,5.2446446,0.0030294626,0.002065827,0.0544,0.0496,0.0296,0.3704,0.11359999999999999,0.0544,0.0472,0.3329021,0.102559455,0.22784826,0.007036445,0.1056,0.14579464,0.0928,0.47759999999999997,0.1104,,0.1024,0.7864,5.6047716,0.72405106,5.209403
0.0069714566,0.007003511,0.096,0.08,0.5808,0.0992,,0.0888,0.7992,5.615657,0.6220747,5.308662,0.0030732928,0.0021379502,0.0592,0.053599999999999995,0.02,0.456,0.0872,0.056799999999999996,0.0472,0.28901407,0.11275455,0.17537968,0.0070884977,0.096,0.15500653,0.0808,0.5248,0.0992,,0.09119999999999999,0.7992,5.592948,0.6414789,5.262406
0.006905775,0.0072910893,0.09119999999999999,0.0768,0.5584,0.0928,,0.0848,0.8423999999999999,5.7798605,0.60018945,5.4844046,0.003063089,0.002148154,0.033600000000000005,0.0264,0.0432,0.43360000000000004,0.1104,0.028,0.0432,0.2951595,0.056480013,0.23718274,0.007343128,0.09119999999999999,0.11912267,0.07759999999999999,0.5584,0.0928,,0.0848,0.8423999999999999,5.7739773,0.61553085,5.4602623
0.0069266334,0.007270231,0.0992,0.0872,0.5256,0.1048,,0.0952,0.7704,5.7084093,0.6903738,5.3406157,0.0030487108,0.0021625322,0.041600000000000005,0.0344,0.0384,0.4192,0.0936,0.036,0.0552,0.29249254,0.079636835,0.20831032,0.007339091,0.0992,0.13709411,0.088,0.5256,0.1048,,0.0952,0.7512,5.694823,0.7080245,5.3056164
0.007037138,0.007381623,0.0896,0.0752,0.5616000000000001,0.092,,0.08399999999999999,0.8311999999999999,5.7057467,0.5979661,5.4046326,0.003076076,0.0020192135,0.0384,0.0328,0.0432,0.4328,0.11120000000000001,0.0344,0.06720000000000001,0.32948136,0.07048486,0.25921357,0.007461897,0.0896,0.14681478,0.0752,0.536,0.092,,0.08399999999999999,0.7847999999999999,5.692564,0.61608434,5.370144
0.0068957894,0.007301075,0.12480000000000001,0.1168,0.4792,0.13199999999999998,,0.124,0.7552,5.647444,0.95079905,5.095919,0.0030549723,0.0021562707,0.0368,0.035199999999999995,0.033600000000000005,0.41119999999999995,0.0928,0.0384,0.041600000000000005,0.27330226,0.07298298,0.20164295,0.007341025,0.12480000000000001,0.10437499,0.1192,0.4792,0.13199999999999998,,0.12480000000000001,0.7552,5.6451836,0.9656663,5.07651
0.0069295177,0.0072673466,0.09999999999999999,0.0928,0.444,0.1024,,0.09680000000000001,0.7816,5.336788,0.756308,4.884673,0.002984241,0.0019950953,0.0224,0.016,0.0552,0.4144,0.1168,0.017599999999999998,0.0552,0.28889766,0.035918668,0.25608283,0.0073183915,0.053599999999999995,0.21079503,0.0472,0.4808,0.056,,0.0504,0.7592,5.2791057,0.36626112,5.0768223
0.0068423124,0.008020243,0.0816,0.0752,0.42319999999999997,0.0848,,0.0784,0.668,5.598682,0.6457617,5.214134,0.0028898546,0.0020894816,0.0304,0.0232,0.0472,0.4256,0.11120000000000001,0.024,0.0544,0.27643284,0.052962907,0.22460164,0.008061443,0.0816,0.101146,0.0752,0.3712,0.0848,,0.0784,0.668,5.59798,0.6572727,5.200657
0.0068234513,0.007928155,0.06720000000000001,0.061599999999999995,0.39840000000000003,0.07039999999999999,,0.0648,0.7272,5.5917473,0.5363773,5.2682214,0.0027277516,0.0020196775,0.020800000000000003,0.017599999999999998,0.0496,0.3904,0.11120000000000001,0.017599999999999998,0.0696,0.29179668,0.03523455,0.2590978,0.008019658,0.0736,0.15120575,0.0688,0.392,0.0768,,0.0712,0.6384,5.5719,0.6121488,5.1905074
0.006888689,0.00065126736,1.2768,1.6360000000000001,0.0008,1.6728,0.0016,1.6623999999999999,0.0008,0.056306228,0.06340911,0.00205029,0.002476133,0.00064794754,0.2128,0.5864,0.0008,0.612,0.0008,0.596,0.0008,0.013217935,0.004685286,0.013217936,0.0006803538,0.2128,1.260911,0.596,0.0008,0.612,0.0008,0.596,0.0008,0.029758897,0.0063710064,0.029961899
0.00659401,0.008268544,0.0472,0.044,0.3448,0.052000000000000005,1.4864000000000002,0.0464,0.6104,5.3577566,0.38577157,5.1131153,0.0021848574,0.0022147114,0.0192,0.0136,0.0392,0.4152,0.0816,0.0192,0.0656,0.33777225,0.035991956,0.30414575,0.008406911,0.0472,0.18168136,0.044,0.2576,0.0512,1.4864000000000002,0.0464,0.6104,5.330605,0.39714462,5.07302
0.006456212,0.008850137,0.056,0.052000000000000005,0.2264,0.0592,1.4976,0.053599999999999995,0.5640000000000001,5.4028573,0.5027918,5.0716763,0.0018699274,0.0024136878,0.0296,0.0224,0.0184,0.4256,0.0736,0.0248,0.044,0.3624708,0.06031807,0.3028707,0.008974034,0.056,0.16636185,0.052000000000000005,0.22319999999999998,0.0592,1.4976,0.053599999999999995,0.5152,5.388288,0.51526505,5.042343
0.006281579,0.008913822,0.045599999999999995,0.0424,0.2632,0.0504,,0.0448,0.5496,5.4457393,0.4026868,5.184123,0.0015575488,0.002378206,0.0256,0.02,0.0304,0.3992,0.0688,0.02,0.0408,0.3853715,0.050824735,0.3371349,0.009071216,0.045599999999999995,0.18655537,0.0424,0.2304,0.0504,,0.0448,0.5496,5.4227266,0.41387424,5.1482725
0.006178175,0.009017225,0.0488,0.0432,0.24559999999999998,0.0512,,0.045599999999999995,0.5456,5.4744744,0.42612126,5.201542,0.0013089444,0.0022789498,0.0216,0.0144,0.0344,0.408,0.092,0.017599999999999998,0.056799999999999996,0.41447595,0.03729737,0.38061753,0.009246661,0.0488,0.22323124,0.0432,0.2248,0.0512,,0.0448,0.5456,5.430395,0.43846864,5.142928
0.00599977,0.00919563,0.0552,0.0496,0.2256,0.0584,,0.053599999999999995,0.5104,5.4283204,0.5033574,5.094698,0.0009870578,0.002484883,0.02,0.012,0.0384,0.4184,0.1024,0.0144,0.052000000000000005,0.46387187,0.03719208,0.4294337,0.009307899,0.0552,0.15547276,0.0496,0.19920000000000002,0.0584,,0.053599999999999995,0.5048,5.4346757,0.5162947,5.087033
0.0058937036,0.0090798,0.0528,0.0464,0.2008,0.053599999999999995,,0.0504,0.49839999999999995,5.373844,0.47677973,5.0574193,0.00071688613,0.0027550547,0.020800000000000003,0.0112,0.031200000000000002,0.42,0.09119999999999999,0.0144,0.0472,0.46798828,0.037773006,0.43436176,0.009181623,0.0528,0.14906693,0.0472,0.2008,0.053599999999999995,,0.0504,0.49839999999999995,5.383752,0.48875037,5.054976
0.005881277,0.00953602,0.0384,0.036,0.1848,0.0424,,0.0376,0.4384,5.3340144,0.3617586,5.088374,0.0005459707,0.0026940634,0.020800000000000003,0.0136,0.035199999999999995,0.3856,0.0712,0.017599999999999998,0.041600000000000005,0.46085715,0.04511565,0.4192299,0.009720035,0.0384,0.19489214,0.036,0.1704,0.0424,,0.0376,0.38480000000000003,5.3222833,0.37299195,5.0639806
0.005835122,0.009360278,0.0424,0.04,0.1832,0.0464,1.4824,0.0424,0.45680000000000004,5.360753,0.41022065,5.076503,0.00031591902,0.0028081615,0.0184,0.0128,0.0376,0.4096,0.08,0.0144,0.053599999999999995,0.5254432,0.03930985,0.4890338,0.009525154,0.045599999999999995,0.18633112,0.0432,0.164,0.0496,1.4791999999999998,0.045599999999999995,0.43119999999999997,5.365302,0.4593559,5.0387616
0.0057330504,0.009351402,0.0448,0.0448,0.15200000000000002,0.0504,1.384,0.0472,0.44,5.1293135,0.4479007,4.811224,0.0001424526,0.0025178138,0.0184,0.016,0.0328,0.4096,0.09119999999999999,0.02,0.0448,0.4942518,0.043531477,0.4532042,0.009491822,0.032,0.2306527,0.032,0.1568,0.0376,1.3967999999999998,0.0344,0.3832,5.106468,0.31427085,4.884371
0.005647398,0.0092151575,0.0376,0.035199999999999995,0.1744,0.041600000000000005,,0.0376,0.4768,5.255018,0.35478282,5.016035,-1.5476036e-05,0.0024438356,0.0136,0.0096,0.0424,0.4136,0.0752,0.0136,0.056799999999999996,0.5535619,0.02705102,0.5299074,0.009401801,0.044,0.19958963,0.041600000000000005,0.1504,0.048,,0.044,0.408,5.260449,0.43978438,4.954977
0.005570622,0.009402881,0.0464,0.0432,0.148,0.0488,,0.045599999999999995,0.3568,5.081383,0.4505062,4.7662897,-8.713528e-05,0.0026314482,0.0216,0.0152,0.0376,0.4072,0.0816,0.0184,0.0424,0.50677466,0.047742452,0.4621326,0.009577357,0.0464,0.19117025,0.0432,0.14079999999999998,0.0488,,0.045599999999999995,0.3448,5.085105,0.4632792,4.7566714
0.0055999123,0.009151694,0.0344,0.033600000000000005,0.1704,0.0392,1.5056,0.035199999999999995,0.4168,4.9844146,0.32895085,4.7503133,-0.00017479612,0.0026031556,0.0152,0.010400000000000001,0.0368,0.3952,0.0784,0.0152,0.048,0.51292026,0.03195098,0.48265636,0.009283629,0.0344,0.16879225,0.033600000000000005,0.14959999999999998,0.0392,1.5,0.035199999999999995,0.3776,4.9997444,0.33859998,4.7554126
0.0057277246,0.009245779,0.044,0.0432,0.1456,0.0496,1.5319999999999998,0.045599999999999995,0.3512,4.968217,0.42774734,4.6632195,-0.00014557585,0.0025739353,0.0192,0.016,0.0328,0.4192,0.068,0.016800000000000002,0.0488,0.50700665,0.04403357,0.46514744,0.009371575,0.044,0.16403203,0.0432,0.1456,0.0496,1.5319999999999998,0.045599999999999995,0.3512,4.9843206,0.43896928,4.667607
0.005562411,0.009300144,0.0448,0.04,0.15839999999999999,0.0472,,0.0424,0.3736,5.0716767,0.40841728,4.7920866,-0.00015299687,0.0025813566,0.017599999999999998,0.0112,0.041600000000000005,0.404,0.0888,0.016,0.0512,0.53182065,0.033483192,0.50109303,0.009446031,0.0448,0.17597814,0.04,0.1528,0.0472,,0.0432,0.3736,5.086455,0.42017007,4.794658
0.005600134,0.009151473,0.0448,0.041600000000000005,0.16640000000000002,0.048,,0.044,0.4592,5.0186424,0.42272514,4.7214117,-8.7831e-05,0.0024002371,0.0192,0.0144,0.0376,0.3728,0.0888,0.016800000000000002,0.056799999999999996,0.51181865,0.039169088,0.47691667,0.0093541,0.0448,0.20852114,0.041600000000000005,0.14639999999999997,0.048,,0.044,0.38239999999999996,5.0158825,0.4351765,4.705575
0.0057294997,0.009133056,0.053599999999999995,0.0512,0.188,0.0584,,0.0544,0.4656,5.277541,0.5170538,4.9218407,6.198089e-05,0.0023663784,0.0224,0.0184,0.0408,0.4128,0.0864,0.0216,0.0448,0.4954692,0.049561303,0.44955164,0.009245686,0.053599999999999995,0.15624818,0.0512,0.188,0.0584,,0.0544,0.43920000000000003,5.290352,0.52965313,4.9216986
0.0056300904,0.009232465,0.0448,0.0408,0.21680000000000002,0.048,,0.0432,0.5176000000000001,5.518077,0.4133922,5.243923,0.000100941266,0.0023274184,0.010400000000000001,0.0048,0.0528,0.4032,0.1008,0.008799999999999999,0.056,0.5241097,0.0156463,0.5093837,0.009418675,0.0448,0.19917703,0.0408,0.2128,0.048,,0.0432,0.5095999999999999,5.512685,0.4256392,5.2253904
0.005750136,0.009445265,0.0592,0.0528,0.2208,0.0608,,0.056,0.5232,5.7480183,0.56126255,5.3817773,0.000238694,0.0024215723,0.0192,0.010400000000000001,0.048,0.3992,0.1168,0.016,0.0648,0.548344,0.03411537,0.51935565,0.009614851,0.0488,0.24215746,0.0432,0.23120000000000002,0.0504,,0.045599999999999995,0.5328,5.711799,0.4559959,5.415043
0.0057605654,0.00910199,0.056799999999999996,0.048,0.3416,0.056799999999999996,,0.0512,0.6144,5.9373517,0.48436743,5.647776,0.00029365593,0.002482564,0.0248,0.0144,0.0472,0.4192,0.12319999999999999,0.016800000000000002,0.06720000000000001,0.5895655,0.044956323,0.55014133,0.009254086,0.056799999999999996,0.18155272,0.048,0.3024,0.056799999999999996,,0.0512,0.6144,5.9462185,0.5001087,5.640047
0.005878837,0.008983718,0.0688,0.062400000000000004,0.3264,0.07039999999999999,,0.0648,0.62,5.937517,0.6097275,5.5545235,0.00041749424,0.0025906328,0.036,0.028,0.044,0.29279999999999995,0.11120000000000001,0.032,0.062400000000000004,0.57565105,0.07785002,0.5030643,0.009079471,0.0688,0.14535947,0.062400000000000004,0.32239999999999996,0.07039999999999999,,0.0648,0.62,5.9582815,0.62579346,5.5584326
0.0059467372,0.008915817,0.052000000000000005,0.0488,0.3784,0.0576,,0.0512,0.6568,5.972133,0.44949654,5.6995325,0.000575191,0.0025488895,0.028,0.0232,0.035199999999999995,0.39999999999999997,0.1064,0.024,0.06,0.5880581,0.062193967,0.5292697,0.009083486,0.052000000000000005,0.19243532,0.0488,0.29200000000000004,0.0576,,0.0512,0.6216,5.974362,0.46501282,5.684551
0.005992669,0.008980835,0.06319999999999999,0.0584,0.29760000000000003,0.06720000000000001,,0.061599999999999995,0.6128,5.8725576,0.55870694,5.518965,0.00074239593,0.002497638,0.017599999999999998,0.010400000000000001,0.0472,0.41759999999999997,0.136,0.0128,0.0656,0.55425763,0.03280092,0.5255012,0.009079973,0.06319999999999999,0.14790732,0.0584,0.29760000000000003,0.06720000000000001,,0.061599999999999995,0.6128,5.8901196,0.5742514,5.5201893
0.0060219592,0.008618699,0.06319999999999999,0.0592,0.3952,0.0688,,0.062400000000000004,0.7144,5.963314,0.54063845,5.6403437,0.0009585332,0.002397454,0.017599999999999998,0.0128,0.0496,0.39999999999999997,0.1328,0.017599999999999998,0.08320000000000001,0.5306032,0.033263806,0.4992957,0.00880829,0.06319999999999999,0.20785436,0.0592,0.3816,0.0688,,0.062400000000000004,0.6712,5.944455,0.5586823,5.600655
0.006056132,0.008473578,0.0576,0.0512,0.48,0.06,,0.053599999999999995,0.7944,6.2068453,0.45732158,5.958099,0.0011415078,0.002330433,0.0232,0.0184,0.06319999999999999,0.4128,0.1456,0.0184,0.0784,0.546083,0.044275913,0.5051514,0.00870242,0.0648,0.22983673,0.0584,0.4496,0.06720000000000001,,0.0608,0.7592,6.1680355,0.5526509,5.8457837
0.006204803,0.008546803,0.07440000000000001,0.0648,0.4208,0.0768,,0.0696,0.7672,6.1568074,0.5969207,5.8269577,0.0013537025,0.0024660989,0.0272,0.02,0.0488,0.3792,0.1096,0.020800000000000003,0.0656,0.5072967,0.052887775,0.45569736,0.008664375,0.07440000000000001,0.16492671,0.0656,0.4208,0.0768,,0.07039999999999999,0.6744,6.1565504,0.6166136,5.8043146
0.006334613,0.008306045,0.0784,0.0688,0.492,0.0808,,0.0736,0.7792,6.137779,0.6260457,5.787848,0.0015554616,0.0026122,0.0288,0.02,0.0584,0.3896,0.1856,0.0248,0.0656,0.5016149,0.054962885,0.45013165,0.008432119,0.0784,0.1731414,0.07039999999999999,0.492,0.0808,,0.0736,0.768,6.132427,0.64676434,5.759461
0.0064380164,0.008313591,0.07919999999999999,0.0688,0.4712,0.08,,0.0736,0.7288,5.984006,0.62067544,5.63474,0.0017544377,0.0024132242,0.0248,0.016800000000000002,0.056799999999999996,0.4088,0.1472,0.0192,0.07440000000000001,0.4999917,0.043734416,0.4588282,0.0084452825,0.07919999999999999,0.17682852,0.0688,0.44,0.0816,,0.0736,0.7223999999999999,5.978647,0.6414374,5.6054554
0.00647241,0.007835403,0.0936,0.0848,0.4632,0.096,,0.09040000000000001,0.7928,5.904622,0.729683,5.5032105,0.0018564769,0.0021952314,0.0216,0.016,0.06319999999999999,0.4096,0.1448,0.016,0.07600000000000001,0.4843378,0.039443202,0.44850817,0.007937277,0.0936,0.16038936,0.0872,0.45439999999999997,0.096,,0.09040000000000001,0.7472,5.906187,0.7511695,5.48104
0.006546968,0.007760845,0.0856,0.07600000000000001,0.476,0.0872,,0.0816,0.7944,5.9846153,0.6414651,5.6430054,0.0020429303,0.0022406848,0.0296,0.0216,0.0592,0.4296,0.156,0.0264,0.072,0.4667125,0.054960545,0.41256225,0.00791313,0.0856,0.19650272,0.07600000000000001,0.476,0.0872,,0.0816,0.7448,5.9605646,0.66282207,5.5929737
0.0065953415,0.0077124713,0.1024,0.09040000000000001,0.5279999999999999,0.10400000000000001,,0.0976,0.8128,6.0322123,0.7873782,5.595519,0.0021672326,0.0023482896,0.024,0.016,0.061599999999999995,0.4224,0.1296,0.016800000000000002,0.068,0.43215823,0.039025296,0.3936617,0.007822051,0.1024,0.16758205,0.09119999999999999,0.5055999999999999,0.10400000000000001,,0.09839999999999999,0.8128,6.0197906,0.8098124,5.5563736
0.0067289234,0.007689838,0.12,0.0712,0.5528000000000001,0.0856,,0.07919999999999999,0.8423999999999999,5.934023,0.6068326,5.753621,0.0023158852,0.002199637,0.07039999999999999,0.0288,0.0544,0.4688,0.1168,0.0296,0.0768,0.42838952,0.071005225,0.35951313,0.007883316,0.1128,0.22200866,0.0656,0.5479999999999999,0.0784,,0.072,0.7928,5.8827124,0.5635239,5.712693
0.006786394,0.0076323673,0.0856,0.07440000000000001,0.5536,0.0888,,0.0808,0.8632,6.0967298,0.6051955,5.794617,0.0024165325,0.0022149433,0.0384,0.0328,0.0504,0.412,0.11120000000000001,0.0368,0.0736,0.4588856,0.077560805,0.38247228,0.007721731,0.0856,0.15228471,0.07440000000000001,0.5536,0.088,,0.0808,0.8423999999999999,6.0957847,0.6257885,5.770045
0.0067364676,0.007793242,0.09839999999999999,0.0856,0.5488000000000001,0.1016,,0.0944,0.8456,6.09157,0.7135946,5.725995,0.0024469122,0.002300517,0.0184,0.0128,0.06720000000000001,0.392,0.1504,0.0128,0.0848,0.47274214,0.030185003,0.44375378,0.007913245,0.09839999999999999,0.1743749,0.0856,0.5256,0.1016,,0.0944,0.8104,6.08121,0.73836654,5.6869397
0.0067646485,0.007432216,0.1472,0.0936,0.5808,0.1128,,0.1008,0.8912,5.849869,0.7857139,5.581596,0.002572606,0.0022907767,0.064,0.02,0.0552,0.4576,0.136,0.0216,0.08320000000000001,0.4285635,0.046900827,0.38577667,0.0074733878,0.1816,0.1050157,0.13040000000000002,0.5464,0.1472,,0.1376,0.8088,5.862565,1.1107628,5.377283
0.0067941607,0.0077355485,0.108,0.0896,0.516,0.1096,,0.1008,0.8584,6.001813,0.7546127,5.6258087,0.002632206,0.00234713,0.0288,0.0224,0.0592,0.41600000000000004,0.148,0.024,0.07759999999999999,0.43082473,0.05110208,0.38224024,0.00782618,0.108,0.15233497,0.09119999999999999,0.516,0.1096,,0.1008,0.7864,5.997685,0.7779447,5.59468
0.0067741903,0.007422674,0.1064,0.0888,0.5640000000000001,0.1064,,0.0992,0.8623999999999999,5.9634247,0.72526634,5.609277,0.0027087352,0.0023865544,0.0288,0.0192,0.056,0.42800000000000005,0.12480000000000001,0.0256,0.0816,0.39209652,0.048115127,0.34397584,0.007523408,0.1064,0.16382542,0.0888,0.5640000000000001,0.1064,,0.0992,0.7696000000000001,5.947526,0.7492819,5.563986
0.0068771504,0.007319714,0.1328,0.1176,0.5392,0.13440000000000002,,0.12560000000000002,0.8248,5.8864264,0.9525684,5.3762856,0.0027864242,0.0020769585,0.0248,0.016,0.06319999999999999,0.3784,0.1288,0.02,0.0848,0.3738336,0.037832357,0.33730823,0.0073517445,0.1328,0.09338109,0.1176,0.5392,0.13440000000000002,,0.12560000000000002,0.8248,5.8956385,0.96956015,5.3668413
0.0068261144,0.0072598015,0.07919999999999999,0.0688,0.5367999999999999,0.0856,,0.0768,0.88,5.8590217,0.51479715,5.6116066,0.0028151805,0.0021641557,0.0288,0.0256,0.06,0.4032,0.13440000000000002,0.0272,0.0816,0.38647282,0.05599439,0.33232257,0.0074068224,0.07919999999999999,0.19957659,0.07039999999999999,0.5367999999999999,0.0856,,0.0768,0.8488,5.8193436,0.53634244,5.5456676
0.0068432,0.0071317675,0.14320000000000002,0.0928,0.5448,0.1096,,0.1016,0.82,5.641175,0.73604554,5.392318,0.002909103,0.0021861866,0.0664,0.0232,0.0592,0.4664,0.1152,0.024,0.072,0.32646668,0.05448443,0.26872185,0.0072052847,0.14320000000000002,0.14297253,0.0928,0.5167999999999999,0.1096,,0.1016,0.7464,5.630134,0.75638884,5.3553653
0.006905553,0.0068475176,0.07919999999999999,0.064,0.612,0.0808,,0.0728,0.8912,5.5597944,0.4649941,5.350102,0.0029656882,0.0021296013,0.0264,0.0192,0.045599999999999995,0.4144,0.12079999999999999,0.0232,0.07919999999999999,0.33806205,0.040012985,0.29620284,0.0069522113,0.07919999999999999,0.17376392,0.0648,0.5624,0.24480000000000002,,0.0728,0.8064,5.5345173,0.48325607,5.3021817
0.0069965306,0.006978437,0.09119999999999999,0.0768,0.5055999999999999,0.09119999999999999,,0.08320000000000001,0.8648,5.541821,0.5709821,5.2652264,0.0030375794,0.0020577102,0.033600000000000005,0.0248,0.0528,0.408,0.12079999999999999,0.0296,0.0552,0.31208855,0.05592806,0.25747442,0.00705174,0.09119999999999999,0.14431296,0.0768,0.5055999999999999,0.0928,,0.08320000000000001,0.844,5.5290956,0.58874345,5.231647
0.0069960873,0.0073117255,0.14079999999999998,0.088,0.5024000000000001,0.1064,,0.0976,0.7976,5.570445,0.7193623,5.3242507,0.0030823373,0.0020129522,0.07919999999999999,0.0376,0.0304,0.4632,0.1288,0.0392,0.0544,0.33174273,0.07764708,0.253822,0.0073757037,0.14079999999999998,0.1318089,0.0888,0.5024000000000001,0.1064,,0.09839999999999999,0.7976,5.565726,0.7371911,5.297269
0.0068840296,0.007090938,0.10400000000000001,0.092,0.49920000000000003,0.1088,,0.09999999999999999,0.8232,5.6295247,0.7223366,5.2526326,0.00308512,0.0021261228,0.02,0.0136,0.0648,0.4192,0.1296,0.0184,0.07759999999999999,0.31434983,0.030658098,0.28281048,0.007156514,0.10400000000000001,0.13547814,0.0936,0.49920000000000003,0.1088,,0.09999999999999999,0.8232,5.620398,0.7400815,5.2224813
0.007033366,0.00705255,0.0888,0.07759999999999999,0.4864,0.0928,,0.0848,0.7352,5.4327583,0.59499735,5.12177,0.0031335887,0.0019617009,0.0112,0.0056,0.062400000000000004,0.4096,0.1312,0.008,0.0816,0.29910192,0.014129162,0.28518748,0.0070980233,0.0888,0.11325456,0.07919999999999999,0.4864,0.0928,,0.0848,0.7352,5.431756,0.6089797,5.1051607
0.007061325,0.006802694,0.0896,0.0784,0.56,0.0936,,0.0856,0.8304,5.3785043,0.5903754,5.0717316,0.0031055282,0.001873808,0.0296,0.024,0.053599999999999995,0.4272,0.09680000000000001,0.0272,0.0736,0.28559306,0.04729972,0.2390957,0.0068851127,0.0896,0.15488376,0.07919999999999999,0.48800000000000004,0.0936,,0.0856,0.8304,5.3581777,0.6065607,5.0320387
0.00699409,0.0069808774,0.06319999999999999,0.0608,0.4664,0.0696,,0.0656,0.7488,5.242204,0.43521538,4.997452,0.0030387386,0.0018246442,0.0112,0.008799999999999999,0.0464,0.408,0.0944,0.0112,0.0648,0.26854834,0.016268736,0.25301054,0.0070715714,0.06319999999999999,0.16032848,0.0608,0.4664,0.0696,,0.0656,0.7488,5.217844,0.44786975,4.957849
0.0070165014,0.007180363,0.0728,0.068,0.384,0.07600000000000001,,0.07039999999999999,0.6607999999999999,4.9747634,0.5194982,4.656674,0.0030208821,0.0018425006,0.0232,0.016800000000000002,0.035199999999999995,0.42160000000000003,0.10400000000000001,0.0232,0.0552,0.2164268,0.033836372,0.18164076,0.0072539793,0.0728,0.14258757,0.068,0.384,0.07600000000000001,,0.07039999999999999,0.6607999999999999,4.955033,0.53083533,4.6233153
0.0068150195,0.007603742,0.0856,0.08,0.3688,0.0872,,0.0816,0.6968000000000001,5.227392,0.667925,4.8129997,0.0028351245,0.002260165,0.028,0.017599999999999998,0.0296,0.39359999999999995,0.0864,0.0224,0.0472,0.26425782,0.044783544,0.2206593,0.007682986,0.07039999999999999,0.14375009,0.0648,0.372,0.072,,0.0664,0.6592,5.211332,0.5426949,4.875182
0.006776853,0.0077528562,0.044,0.0384,0.38799999999999996,0.0472,,0.0424,0.6808,5.2977333,0.32045132,5.1130047,0.0027154607,0.0021479218,0.02,0.0136,0.0408,0.42,0.0952,0.017599999999999998,0.0528,0.28385365,0.031898793,0.25196648,0.007959083,0.048,0.22813827,0.0424,0.35919999999999996,0.0512,,0.0464,0.6136,5.224663,0.3703557,4.99813
0.0065247784,0.00811588,0.088,0.0472,0.3416,0.0552,,0.0504,0.636,5.1683674,0.43430772,4.999393,0.0024309105,0.002200565,0.0656,0.0272,0.0304,0.4592,0.07039999999999999,0.0272,0.044,0.29655105,0.057883516,0.23764667,0.008254214,0.088,0.18333755,0.0472,0.3128,0.0544,,0.0504,0.5728000000000001,5.135814,0.44587678,4.950857
0.006553847,0.008086812,0.0824,0.0448,0.272,0.0504,,0.0472,0.5824,4.8511105,0.39469516,4.6904573,0.0021850895,0.0022144793,0.0552,0.0144,0.0248,0.4456,0.0648,0.0184,0.048,0.29840577,0.03475842,0.26698238,0.008228192,0.0824,0.18564431,0.0448,0.2408,0.0504,1.4336,0.045599999999999995,0.5152,4.822836,0.40505886,4.648699
0.0064244806,0.008549023,0.053599999999999995,0.0512,0.236,0.0584,1.2824,0.0544,0.5512,5.118885,0.47503895,4.7964687,0.0018894076,0.0022782541,0.0128,0.008,0.0408,0.4096,0.07919999999999999,0.0136,0.0504,0.32733682,0.019870717,0.30913213,0.00862191,0.053599999999999995,0.13011995,0.0512,0.21839999999999998,0.0584,1.2824,0.0544,0.5512,5.118085,0.4846755,4.7850943
0.006285795,0.0086877085,0.0496,0.0464,0.2264,0.0528,,0.0488,0.4664,5.2460876,0.4403376,4.937762,0.0015649698,0.0022548316,0.012,0.004,0.044,0.4072,0.08320000000000001,0.0112,0.0648,0.34177303,0.01573373,0.3258874,0.008870401,0.0496,0.2033071,0.045599999999999995,0.188,0.0528,,0.0488,0.4664,5.2070475,0.451863,4.884797
0.006146666,0.008937785,0.0584,0.0544,0.2096,0.061599999999999995,,0.056799999999999996,0.4792,5.306609,0.5354078,4.9464703,0.001320308,0.00238354,0.0192,0.0112,0.0392,0.4128,0.0952,0.0136,0.0472,0.36223882,0.032506865,0.33174306,0.009006209,0.0584,0.12334449,0.0544,0.1744,0.061599999999999995,,0.056799999999999996,0.4792,5.3108606,0.5457714,4.939406
0.0060370485,0.009047404,0.0512,0.0472,0.2072,0.0552,,0.0512,0.47840000000000005,5.43997,0.4802897,5.1184416,0.0010151186,0.0024568222,0.0192,0.0144,0.0392,0.3808,0.08399999999999999,0.016800000000000002,0.0512,0.45384187,0.040411178,0.41604105,0.009157116,0.0512,0.15495187,0.048,0.2072,0.0552,,0.0512,0.47840000000000005,5.4448357,0.4928429,5.1101947
0.0059232158,0.00960503,0.044,0.0408,0.18239999999999998,0.048,,0.0432,0.44639999999999996,5.5098114,0.43053108,5.2169075,0.0007885454,0.0024514885,0.016,0.012,0.044,0.4144,0.0928,0.0136,0.056,0.47998944,0.031520795,0.45042127,0.00980854,0.044,0.20406061,0.0408,0.18239999999999998,0.048,,0.0432,0.44639999999999996,5.4927616,0.44290617,5.18622
0.005877061,0.009429288,0.035199999999999995,0.0328,0.1872,0.0392,,0.0344,0.4384,5.2661695,0.328127,5.0393906,0.00056081277,0.002679221,0.016800000000000002,0.012,0.0376,0.324,0.07440000000000001,0.012,0.044,0.44984156,0.033304855,0.41911387,0.00961245,0.035199999999999995,0.19552763,0.0328,0.1672,0.0392,1.5319999999999998,0.035199999999999995,0.4352,5.2532206,0.3381773,5.01567
0.005907905,0.009398444,0.032,0.032,0.164,0.04,,0.0344,0.4136,5.1510596,0.31081098,4.930938,0.0002987579,0.0025934158,0.017599999999999998,0.0152,0.0344,0.2664,0.07759999999999999,0.020800000000000003,0.041600000000000005,0.4981942,0.043488596,0.45958167,0.009611739,0.032,0.2110624,0.032,0.1608,0.04,1.5264,0.0344,0.3896,5.1411233,0.32129818,4.910363
0.005845108,0.009350292,0.033600000000000005,0.031200000000000002,0.1856,0.0384,,0.0344,0.5207999999999999,5.349269,0.31127614,5.139243,0.00018025344,0.00271192,0.0192,0.0144,0.0288,0.4192,0.0728,0.017599999999999998,0.0448,0.50996345,0.042707056,0.47193068,0.009565199,0.033600000000000005,0.21237779,0.031200000000000002,0.17679999999999998,0.0384,,0.0344,0.42879999999999996,5.336577,0.32208297,5.1150904
0.0057117483,0.009261755,0.0896,0.0512,0.1368,0.0576,1.4456,0.053599999999999995,0.4304,5.1127825,0.5404894,4.8372974,4.250071e-05,0.002385859,0.052000000000000005,0.0136,0.04,0.4488,0.0944,0.016,0.056,0.49755642,0.0377359,0.46555322,0.009400892,0.07600000000000001,0.23117566,0.0376,0.1504,0.044,1.4591999999999998,0.04,0.444,5.0907717,0.40135762,4.910994
0.005603462,0.009148145,0.0432,0.041600000000000005,0.19999999999999998,0.048,,0.0432,0.5344,5.38738,0.4033549,5.117443,-0.00010081779,0.002413224,0.0192,0.0144,0.0448,0.39999999999999997,0.0992,0.02,0.0584,0.5740857,0.04052435,0.53837204,0.009330065,0.044,0.1977978,0.0424,0.19920000000000002,0.0488,,0.044,0.5104,5.395149,0.4249597,5.1055017
0.005671806,0.009190749,0.053599999999999995,0.052000000000000005,0.204,0.0592,,0.0552,0.5032,5.3597546,0.53012806,4.991517,-8.806291e-05,0.0027483292,0.0184,0.0128,0.0288,0.41040000000000004,0.1056,0.02,0.04,0.57136077,0.04129637,0.5341397,0.009327064,0.053599999999999995,0.17117713,0.052000000000000005,0.1728,0.0592,,0.0552,0.3976,5.3787484,0.5442856,4.995903
0.0056638177,0.009198737,0.052000000000000005,0.0496,0.19999999999999998,0.056799999999999996,,0.052000000000000005,0.4432,5.3648577,0.4985081,5.0282407,-0.0001244723,0.0025528318,0.0264,0.0224,0.032,0.4256,0.0848,0.0272,0.041600000000000005,0.573506,0.06140061,0.5199354,0.009407963,0.052000000000000005,0.21129148,0.0488,0.1656,0.056799999999999996,,0.0528,0.4432,5.3658257,0.5130053,5.014151
0.005663153,0.009532248,0.045599999999999995,0.0424,0.18239999999999998,0.0504,,0.045599999999999995,0.4696,5.459552,0.43205684,5.168645,-0.00010731119,0.0025356705,0.0232,0.0192,0.041600000000000005,0.4088,0.092,0.02,0.053599999999999995,0.590783,0.051155433,0.5448654,0.009686894,0.045599999999999995,0.17892522,0.0424,0.1784,0.0504,,0.045599999999999995,0.456,5.477536,0.44460863,5.173505
0.005567959,0.009960286,0.07919999999999999,0.0424,0.1776,0.0496,,0.044,0.4536,5.521516,0.45861936,5.317815,-5.049399e-05,0.0024788536,0.0528,0.017599999999999998,0.044,0.444,0.1064,0.017599999999999998,0.062400000000000004,0.54364794,0.041737225,0.51338404,0.01011864,0.07919999999999999,0.17714763,0.0424,0.164,0.0496,,0.044,0.4536,5.5309095,0.471067,5.3136196
0.0057294997,0.00957685,0.0552,0.0496,0.22240000000000001,0.0576,1.5344,0.053599999999999995,0.5167999999999999,5.684833,0.5251126,5.339117,8.8650195e-05,0.0024556627,0.0232,0.016800000000000002,0.0424,0.3904,0.092,0.020800000000000003,0.0608,0.5894495,0.048255432,0.5437639,0.009716931,0.0552,0.17000578,0.0496,0.18,0.0576,1.5344,0.053599999999999995,0.5167999999999999,5.7026067,0.5395593,5.341551
0.005786749,0.009297702,0.062400000000000004,0.0576,0.212,0.0648,,0.0608,0.5048,5.6483307,0.5827631,5.2663355,0.00017955771,0.0024807088,0.0224,0.016,0.0432,0.4016,0.1176,0.0184,0.0528,0.56625885,0.04360222,0.52532727,0.009426523,0.062400000000000004,0.16551115,0.0576,0.19119999999999998,0.0648,,0.0608,0.5048,5.6644373,0.5977379,5.2667236
0.005676688,0.009407764,0.0528,0.0472,0.2624,0.0552,,0.0504,0.5496,5.886426,0.4817831,5.5843134,0.0002621166,0.00239815,0.0288,0.0224,0.0408,0.40559999999999996,0.1096,0.0264,0.0584,0.568346,0.061751254,0.5115288,0.009604566,0.0528,0.2027845,0.0472,0.2376,0.0552,,0.0504,0.5392,5.880275,0.4965719,5.561537
0.005781646,0.009413755,0.062400000000000004,0.056799999999999996,0.33840000000000003,0.0656,,0.06,0.6424,6.1994667,0.5793888,5.841991,0.00039059305,0.002617534,0.02,0.0136,0.0376,0.3864,0.14880000000000002,0.0184,0.0728,0.6062628,0.03992858,0.5691577,0.009564234,0.062400000000000004,0.17762269,0.056799999999999996,0.3184,0.0656,,0.06,0.624,6.2090483,0.5974352,5.831874
0.0057286117,0.009244892,0.062400000000000004,0.056799999999999996,0.36,0.06720000000000001,,0.0608,0.6528,6.2968254,0.5674378,5.949334,0.00044810597,0.0024440675,0.0272,0.0216,0.056799999999999996,0.408,0.1192,0.0248,0.061599999999999995,0.6144955,0.061299037,0.5564028,0.009454599,0.062400000000000004,0.21101114,0.056799999999999996,0.36,0.06720000000000001,,0.0608,0.6528,6.285865,0.5872034,5.915311
0.0058593093,0.009225143,0.056,0.0496,0.3664,0.0592,,0.0528,0.6496,6.156752,0.480003,5.8672876,0.00058353966,0.0024245873,0.0288,0.0216,0.052000000000000005,0.4192,0.1368,0.0248,0.0808,0.60127676,0.06177537,0.54422766,0.009431219,0.056,0.20943002,0.0496,0.296,0.0592,,0.0528,0.6424,6.147231,0.4973993,5.838056
0.005982462,0.008991042,0.0768,0.06720000000000001,0.3568,0.07919999999999999,,0.072,0.6519999999999999,6.0476346,0.682294,5.6278057,0.00075236795,0.002487666,0.0296,0.024,0.0368,0.3992,0.1272,0.0248,0.0688,0.58550704,0.05946072,0.53182065,0.009125381,0.0768,0.17179982,0.068,0.3568,0.07919999999999999,,0.072,0.6152,6.0587015,0.7007469,5.618966
0.0060352734,0.008605385,0.068,0.06319999999999999,0.4512,0.072,,0.0664,0.7504000000000001,6.1654615,0.5830087,5.820745,0.00095296744,0.0026349267,0.020800000000000003,0.016,0.0528,0.4168,0.1472,0.017599999999999998,0.0768,0.5764048,0.040679265,0.5386039,0.008773114,0.068,0.19585557,0.06319999999999999,0.42800000000000005,0.072,,0.0664,0.7288,6.1597595,0.6027889,5.7927494
0.0060803187,0.0084493905,0.0784,0.0696,0.45680000000000004,0.0808,,0.0752,0.7408,6.120805,0.6428673,5.7540092,0.0011644665,0.0025393812,0.0376,0.0296,0.0344,0.43679999999999997,0.1312,0.033600000000000005,0.052000000000000005,0.5402274,0.07981079,0.46624905,0.008601741,0.0808,0.18848939,0.0728,0.44079999999999997,0.08320000000000001,,0.07759999999999999,0.72,6.1136208,0.68914145,5.7061224
0.006069224,0.008349538,0.07440000000000001,0.0648,0.48,0.0768,,0.0696,0.6871999999999999,6.1601915,0.5883383,5.834114,0.001342803,0.0024769981,0.0216,0.0136,0.0552,0.3016,0.1272,0.016,0.0888,0.52602303,0.037194863,0.49146885,0.008452839,0.07440000000000001,0.1564985,0.0648,0.4712,0.0768,,0.0696,0.6871999999999999,6.1668944,0.6069138,5.820513
0.0062121255,0.008206636,0.09839999999999999,0.0864,0.42800000000000005,0.0992,,0.092,0.752,6.0617805,0.7993908,5.6050053,0.0015134864,0.0026541753,0.0224,0.012,0.048,0.4192,0.1336,0.0184,0.0664,0.50352824,0.035124637,0.47106126,0.008245432,0.09839999999999999,0.09704465,0.0872,0.42800000000000005,0.0992,,0.0928,0.752,6.0820465,0.81494784,5.608861
0.0063161952,0.007991618,0.0824,0.07440000000000001,0.496,0.0856,,0.07919999999999999,0.7704,5.936242,0.65116656,5.564121,0.0017256814,0.0024419802,0.0184,0.012,0.052000000000000005,0.38799999999999996,0.1544,0.0144,0.0768,0.46207473,0.03146746,0.43030345,0.008113043,0.0824,0.17322941,0.07600000000000001,0.4648,0.0856,,0.07919999999999999,0.7535999999999999,5.927041,0.6720832,5.53017
0.006471967,0.007835846,0.092,0.0816,0.4856,0.09680000000000001,,0.0896,0.7904,5.92315,0.7135084,5.524845,0.0018919586,0.002275703,0.0264,0.020800000000000003,0.0648,0.42160000000000003,0.1512,0.0224,0.07440000000000001,0.48254052,0.0516756,0.4331443,0.007899425,0.092,0.12695949,0.0824,0.4704,0.09680000000000001,,0.0896,0.7904,5.936576,0.731932,5.5179124
0.006438904,0.0077579604,0.068,0.0576,0.5743999999999999,0.0712,,0.064,0.8927999999999999,6.1072693,0.47647265,5.875165,0.002024378,0.0023751908,0.020800000000000003,0.0144,0.0608,0.4192,0.18,0.016,0.0784,0.46265396,0.03659305,0.42601267,0.007913945,0.068,0.19887306,0.06,0.4944,0.0712,,0.064,0.7864,6.078298,0.4967736,5.8212166
0.006640609,0.007778153,0.07440000000000001,0.0656,0.6104,0.07919999999999999,,0.0712,0.8512,6.168235,0.52765507,5.909392,0.0022024824,0.0026609001,0.0408,0.033600000000000005,0.035199999999999995,0.4256,0.1336,0.0368,0.048,0.48665637,0.09094786,0.40131462,0.007944519,0.07440000000000001,0.20500971,0.0656,0.5144,0.07759999999999999,,0.0712,0.8463999999999999,6.138138,0.5509552,5.8521395
0.0066789966,0.007628816,0.0728,0.0592,0.5584,0.07440000000000001,,0.068,0.8927999999999999,6.1878176,0.4929618,5.958931,0.0023258568,0.0024215723,0.0272,0.020800000000000003,0.0544,0.3896,0.15839999999999999,0.024,0.09040000000000001,0.4472323,0.05137388,0.3996914,0.0077968333,0.0728,0.20797709,0.0608,0.5504,0.0736,,0.068,0.828,6.1468186,0.51560503,5.8912125
0.0067444565,0.007785253,0.1168,0.1024,0.5784,0.1168,,0.1096,0.8623999999999999,6.235691,0.88767856,5.7714834,0.0024520142,0.002295415,0.0392,0.0288,0.053599999999999995,0.4208,0.144,0.033600000000000005,0.0728,0.45407355,0.07629784,0.37823996,0.007885255,0.1168,0.15943079,0.1024,0.5576,0.1168,,0.1096,0.8072,6.2286963,0.9127814,5.7347918
0.006854073,0.0078975335,0.09119999999999999,0.07919999999999999,0.5728000000000001,0.0952,,0.08399999999999999,0.872,6.2907224,0.6697679,5.950887,0.0026032175,0.002492072,0.020800000000000003,0.012,0.064,0.3464,0.1624,0.016800000000000002,0.088,0.45418963,0.0358055,0.4173164,0.008029269,0.09680000000000001,0.18139446,0.0856,0.5656,0.1008,,0.0896,0.8136,6.2694483,0.74791855,5.8646193
0.0068858042,0.007865802,0.12,0.1048,0.56,0.12240000000000001,,0.1152,0.8351999999999999,6.2617097,0.9236903,5.7743134,0.0026802106,0.0021831722,0.0328,0.0264,0.0576,0.42160000000000003,0.1176,0.0304,0.0768,0.43065104,0.06307265,0.36768833,0.0079055475,0.12,0.10031686,0.1048,0.56,0.12240000000000001,,0.1152,0.8351999999999999,6.2733583,0.9426106,5.764838
0.006876485,0.0077641737,0.0992,0.08320000000000001,0.5552,0.1008,,0.0928,0.8136,6.1306787,0.7022505,5.772316,0.002764625,0.0022147112,0.0488,0.041600000000000005,0.0432,0.4376,0.12240000000000001,0.045599999999999995,0.053599999999999995,0.3810227,0.0981082,0.28014314,0.007870132,0.0992,0.16427813,0.08320000000000001,0.5544,0.09999999999999999,,0.0928,0.752,6.1104517,0.72562844,5.723728
0.006973676,0.0076669822,0.1008,0.0872,0.5519999999999999,0.1064,,0.096,0.768,6.1257973,0.7434771,5.7376995,0.0028416181,0.0022536714,0.0384,0.0328,0.0464,0.4352,0.12,0.036,0.072,0.38032693,0.07860809,0.30379766,0.00778081,0.1008,0.1712608,0.0896,0.5448,0.1064,,0.096,0.768,6.100998,0.76696426,5.6844306
0.0068780384,0.00776262,0.0816,0.068,0.5008,0.08320000000000001,,0.07440000000000001,0.848,6.1392775,0.5532481,5.8846507,0.0029183794,0.0022928636,0.045599999999999995,0.0384,0.0408,0.4208,0.14079999999999998,0.041600000000000005,0.0472,0.37771794,0.09254453,0.2861147,0.007949401,0.0824,0.21720387,0.07039999999999999,0.5,0.08399999999999999,,0.0752,0.7968000000000001,6.076426,0.5843545,5.7864246
0.0069051096,0.0075136516,0.1008,0.0872,0.5336,0.10400000000000001,,0.0928,0.7959999999999999,5.938461,0.7133956,5.572775,0.0029629052,0.0023642913,0.0544,0.0472,0.0304,0.4536,0.1016,0.048,0.0304,0.35603502,0.110448,0.24344419,0.007592131,0.1008,0.14390823,0.0872,0.5336,0.10400000000000001,,0.0944,0.7959999999999999,5.928135,0.73369443,5.538126
0.0069088815,0.007287983,0.11359999999999999,0.096,0.5152,0.1144,,0.1048,0.7959999999999999,5.772427,0.79025215,5.3593664,0.0029735733,0.0022376697,0.0248,0.0144,0.0528,0.4224,0.1368,0.02,0.0808,0.33620653,0.03516149,0.29991308,0.007367297,0.11359999999999999,0.14686806,0.096,0.452,0.1144,,0.1048,0.7959999999999999,5.7594833,0.81071556,5.3215976
0.0069541484,0.007242716,0.112,0.09680000000000001,0.516,0.112,,0.1056,0.8016,5.6445036,0.77410966,5.236657,0.0030468556,0.0021643876,0.0224,0.0112,0.0488,0.38239999999999996,0.10719999999999999,0.0136,0.0752,0.3031602,0.027903967,0.27544734,0.0073475516,0.112,0.16912784,0.09680000000000001,0.5064000000000001,0.11120000000000001,,0.1056,0.7976,5.614996,0.7939657,5.1817408
0.007079742,0.0071171224,0.0992,0.0888,0.5464,0.10400000000000001,,0.09680000000000001,0.7936,5.545537,0.68325967,5.1801844,0.003088367,0.0021228762,0.0344,0.028,0.041600000000000005,0.4328,0.1152,0.0304,0.052000000000000005,0.30252242,0.061367676,0.2402554,0.0071984935,0.0992,0.15050094,0.0888,0.5392,0.1032,,0.09680000000000001,0.7816,5.5282097,0.7014089,5.1405783
0.007085511,0.006778508,0.07600000000000001,0.0656,0.54,0.0784,,0.0712,0.8248,5.272938,0.47343048,5.0261884,0.0031818254,0.0020294175,0.0472,0.0392,0.028,0.44639999999999996,0.092,0.045599999999999995,0.0392,0.28054926,0.08576127,0.19277251,0.0068870215,0.07600000000000001,0.17775168,0.0656,0.516,0.0784,,0.0712,0.7776,5.239462,0.49013713,4.9720173
0.0070344754,0.0068295435,0.0752,0.0664,0.4672,0.07759999999999999,,0.0712,0.8264,5.2157984,0.49363902,4.9500766,0.003185304,0.0019099854,0.0216,0.0144,0.0504,0.4024,0.09839999999999999,0.016,0.07039999999999999,0.2556771,0.029654402,0.22715256,0.0069172936,0.0808,0.1594524,0.0728,0.4616,0.08320000000000001,,0.0768,0.812,5.1902285,0.5529324,4.8792105
0.006910879,0.006731243,0.08,0.0736,0.49279999999999996,0.0816,,0.07759999999999999,0.7408,4.936707,0.53332925,4.6325974,0.0031544603,0.0019408292,0.0216,0.0184,0.0392,0.4168,0.1024,0.0184,0.061599999999999995,0.23938584,0.029907417,0.20761459,0.0068070707,0.08,0.14940058,0.0736,0.4016,0.0816,,0.07759999999999999,0.6952,4.917346,0.54643893,4.5971036
0.0070255995,0.0068384195,0.06319999999999999,0.0592,0.384,0.06720000000000001,,0.06319999999999999,0.6592,4.7099843,0.4240721,4.457133,0.003150518,0.002060725,0.0376,0.0304,0.0072,0.4352,0.0648,0.036,0.0504,0.22947164,0.06485093,0.16500151,0.0069136503,0.06319999999999999,0.14765705,0.06,0.3608,0.06720000000000001,,0.06319999999999999,0.6592,4.6924925,0.43498123,4.4268513
0.0070966063,0.006323619,0.0488,0.0488,0.38239999999999996,0.056,,0.0512,0.7328,4.4475913,0.32272202,4.252433,0.003125704,0.0019695857,0.0136,0.0112,0.0376,0.4088,0.07759999999999999,0.0128,0.0376,0.22581926,0.021075932,0.20552741,0.00645065,0.0488,0.1987851,0.0488,0.364,0.056,,0.0512,0.6168,4.4046006,0.332834,4.197165
0.0069750072,0.0071109086,0.0728,0.0712,0.2712,0.07759999999999999,,0.0736,0.5983999999999999,4.59138,0.54601866,4.2397847,0.0030614657,0.0019178705,0.0232,0.02,0.0224,0.4144,0.0752,0.020800000000000003,0.0344,0.17926393,0.036485914,0.14447787,0.007139865,0.0728,0.090093,0.0712,0.2712,0.07759999999999999,,0.0736,0.5983999999999999,4.5888877,0.5535808,4.22936
0.006863171,0.007444642,0.0376,0.033600000000000005,0.3608,0.041600000000000005,,0.0368,0.6392,4.8936043,0.25947517,4.738942,0.0029332214,0.0019301614,0.0288,0.0248,0.0256,0.4248,0.07440000000000001,0.0248,0.04,0.2524882,0.048730135,0.20204848,0.007566126,0.0376,0.1794403,0.033600000000000005,0.32080000000000003,0.041600000000000005,,0.0368,0.6352,4.860095,0.26713347,4.6957474
0.0067034047,0.007604408,0.053599999999999995,0.0496,0.3064,0.056799999999999996,1.4152,0.0528,0.628,4.9439754,0.41474533,4.679474,0.00271175,0.0021516327,0.0192,0.0152,0.032,0.4072,0.0888,0.016,0.0432,0.23260236,0.03297067,0.19955562,0.0077022864,0.053599999999999995,0.15959103,0.0496,0.2952,0.056799999999999996,1.4152,0.0528,0.6168,4.9181128,0.42534494,4.6411996
0.0066000014,0.008151606,0.041600000000000005,0.041600000000000005,0.2304,0.048,,0.044,0.5968,4.9575105,0.33967358,4.733727,0.0024935254,0.0020219968,0.0192,0.0152,0.041600000000000005,0.4088,0.07759999999999999,0.0216,0.0472,0.25295246,0.03484541,0.21863027,0.008278206,0.041600000000000005,0.17511363,0.041600000000000005,0.2248,0.048,,0.044,0.504,4.925763,0.34853452,4.6915646
0.006389421,0.008140288,0.0448,0.0408,0.2048,0.0488,,0.044,0.5167999999999999,4.93815,0.36288136,4.698057,0.0021614349,0.0021221803,0.0216,0.016,0.033600000000000005,0.4136,0.0728,0.016800000000000002,0.0472,0.28194055,0.03828249,0.24448761,0.008285127,0.0448,0.18725896,0.0408,0.2048,0.0488,1.5248,0.044,0.5055999999999999,4.90431,0.37238026,4.6530447
0.006380989,0.009036308,0.0448,0.041600000000000005,0.19679999999999997,0.0496,,0.044,0.464,5.1471767,0.38454473,4.891218,0.001861347,0.0021903613,0.028,0.0232,0.031200000000000002,0.384,0.07759999999999999,0.0232,0.031200000000000002,0.3380624,0.05428362,0.2869269,0.0091590835,0.0448,0.16391976,0.041600000000000005,0.17679999999999998,0.0488,1.4816,0.044,0.464,5.133347,0.39410827,4.8668365
0.006271816,0.008923585,0.0464,0.0424,0.20240000000000002,0.0496,1.5184,0.045599999999999995,0.5376000000000001,5.292408,0.4030691,5.0282393,0.0015696079,0.0024821004,0.0192,0.012,0.0344,0.4064,0.08399999999999999,0.0144,0.0448,0.35765874,0.033133015,0.32716298,0.0090210615,0.0464,0.147139,0.0424,0.2008,0.0496,1.5184,0.045599999999999995,0.5376000000000001,5.287657,0.4127819,5.0130157
0.0061337957,0.009061605,0.0512,0.0472,0.2016,0.0552,,0.0504,0.5167999999999999,5.431205,0.46100596,5.1286483,0.0013342224,0.0023696255,0.02,0.0144,0.0328,0.4064,0.0864,0.017599999999999998,0.045599999999999995,0.38751665,0.03744138,0.35238278,0.0091945585,0.0512,0.17026421,0.0472,0.2016,0.0552,,0.0504,0.5167999999999999,5.418332,0.47272798,5.1027036
0.0059855687,0.009320781,0.045599999999999995,0.0424,0.232,0.0488,,0.044,0.5216000000000001,5.571554,0.42521775,5.2916317,0.0010967498,0.0024911447,0.017599999999999998,0.0128,0.036,0.4128,0.08320000000000001,0.016,0.0528,0.42902786,0.034629278,0.39563325,0.00947088,0.045599999999999995,0.17827268,0.0424,0.204,0.0488,,0.044,0.5216000000000001,5.559333,0.43724334,5.2656083
0.006023291,0.009504954,0.041600000000000005,0.04,0.19679999999999997,0.0472,,0.0432,0.49520000000000003,5.4988832,0.40705216,5.2196264,0.0008391012,0.0025168862,0.016,0.0112,0.033600000000000005,0.3712,0.0808,0.016,0.0488,0.43291223,0.033640422,0.39951763,0.009677851,0.041600000000000005,0.18930738,0.04,0.1784,0.0472,,0.0432,0.4856,5.4821095,0.41849533,5.189731
0.005881943,0.009535355,0.0448,0.044,0.1728,0.052000000000000005,,0.0464,0.4744,5.423605,0.43812037,5.1227126,0.0005918883,0.0024162387,0.0136,0.010400000000000001,0.0368,0.4088,0.0928,0.016,0.0576,0.48369998,0.029364755,0.45668274,0.009710592,0.0448,0.1902663,0.044,0.17200000000000001,0.052000000000000005,,0.0464,0.4728,5.4172077,0.45082587,5.102952
0.0058493237,0.009678923,0.0448,0.04,0.19999999999999998,0.048,1.5295999999999998,0.0424,0.4752,5.5295057,0.41698074,5.252911,0.00039407169,0.002498102,0.0192,0.0128,0.0472,0.4184,0.0992,0.0152,0.052000000000000005,0.5075284,0.036415886,0.47448164,0.009890393,0.0448,0.20716181,0.0408,0.1904,0.048,1.5295999999999998,0.0424,0.44480000000000003,5.515667,0.4299225,5.224309
0.005831128,0.009253324,0.041600000000000005,0.041600000000000005,0.18239999999999998,0.0496,,0.044,0.46240000000000003,5.4300957,0.39873815,5.1567187,0.00022477958,0.0025514404,0.016,0.0144,0.0464,0.3912,0.0856,0.016,0.0504,0.5033541,0.03549104,0.46891588,0.0094375685,0.041600000000000005,0.19792074,0.041600000000000005,0.1728,0.0496,1.5544,0.0448,0.46240000000000003,5.4230623,0.41122782,5.135733
0.0057028723,0.009270631,0.052000000000000005,0.0464,0.23120000000000002,0.0544,,0.0488,0.5207999999999999,5.5792093,0.47466743,5.2681103,3.392015e-05,0.0023944392,0.028,0.0232,0.044,0.4224,0.1032,0.0264,0.056,0.55941755,0.060498722,0.5052673,0.00942498,0.052000000000000005,0.18122613,0.0472,0.196,0.0544,,0.0488,0.5207999999999999,5.5886683,0.4883834,5.263207
0.005772548,0.009311904,0.056799999999999996,0.0512,0.21839999999999998,0.0592,,0.0552,0.5656,5.6620884,0.52745235,5.3215876,-3.9826267e-05,0.0025841394,0.02,0.0136,0.0488,0.4192,0.09999999999999999,0.0144,0.068,0.5966387,0.035615116,0.5648674,0.009479092,0.056799999999999996,0.18809393,0.0512,0.20879999999999999,0.0592,,0.0552,0.5488000000000001,5.673786,0.5418975,5.3175445
0.0056720288,0.009190526,0.045599999999999995,0.041600000000000005,0.2624,0.0488,,0.044,0.5672,5.643504,0.40791884,5.382886,-0.00011218124,0.0025405409,0.0184,0.012,0.048,0.4096,0.1152,0.016800000000000002,0.0664,0.6384978,0.036633182,0.60742235,0.009397361,0.052000000000000005,0.21019588,0.048,0.23920000000000002,0.0552,,0.0504,0.5304,5.6525145,0.49409825,5.3242283
0.0056152227,0.009025436,0.0512,0.045599999999999995,0.2208,0.0544,,0.0488,0.6288,5.721834,0.46079916,5.43126,-7.693138e-05,0.0025052908,0.017599999999999998,0.0112,0.0368,0.41119999999999995,0.12,0.016,0.0664,0.6121764,0.031809755,0.58689857,0.0091829635,0.0512,0.18549217,0.045599999999999995,0.2208,0.0544,,0.0496,0.58,5.7365837,0.47495946,5.4321966
0.0056496174,0.009212937,0.0592,0.0552,0.236,0.06319999999999999,,0.0584,0.5896,5.699921,0.5633754,5.3286877,-6.3248866e-05,0.0026075619,0.020800000000000003,0.017599999999999998,0.052000000000000005,0.21839999999999998,0.1216,0.0192,0.0664,0.6017986,0.0441421,0.5613308,0.0094334595,0.0592,0.21664849,0.056,0.236,0.06319999999999999,,0.0584,0.5496,5.6960373,0.58071667,5.3055906
0.0057121916,0.00937226,0.0648,0.0584,0.28,0.0664,,0.0608,0.5576,5.8631277,0.6024939,5.4709244,3.925401e-05,0.002505059,0.0248,0.016800000000000002,0.04,0.42,0.1424,0.02,0.06319999999999999,0.5980881,0.05005991,0.5511269,0.009509227,0.048,0.2288454,0.041600000000000005,0.2728,0.0496,,0.044,0.5568,5.8459477,0.42762178,5.572776
0.0057148547,0.009591494,0.0544,0.0512,0.29919999999999997,0.0592,,0.0544,0.6032,6.1190853,0.5170864,5.7917867,0.00011740666,0.0025428599,0.02,0.0144,0.0544,0.39359999999999995,0.14,0.017599999999999998,0.068,0.6401212,0.042931776,0.6001172,0.009767736,0.0544,0.19025178,0.0512,0.288,0.0592,,0.0544,0.5552,6.1297274,0.5336142,5.784324
0.00582891,0.009699335,0.0664,0.06,0.3248,0.07039999999999999,,0.064,0.6496,6.237134,0.63629234,5.8338356,0.00022988154,0.0026622918,0.0192,0.0136,0.052000000000000005,0.41119999999999995,0.144,0.0152,0.07440000000000001,0.63125074,0.03838524,0.5975083,0.009920384,0.0664,0.211497,0.0608,0.26,0.07039999999999999,,0.064,0.6016,6.230671,0.65679294,5.804399
0.0057204016,0.009474998,0.108,0.064,0.3584,0.07440000000000001,,0.0688,0.624,6.202685,0.68721473,5.914663,0.000258638,0.0026335353,0.06,0.017599999999999998,0.048,0.4496,0.15839999999999999,0.020800000000000003,0.0696,0.6343815,0.051877584,0.59634876,0.009586626,0.09119999999999999,0.21590614,0.0472,0.3712,0.0576,,0.052000000000000005,0.6407999999999999,6.1945806,0.5132494,6.0162497
0.005689558,0.009394893,0.0656,0.0552,0.37679999999999997,0.06720000000000001,,0.06,0.7032,6.470681,0.575112,6.1434937,0.00034050117,0.002435719,0.024,0.016,0.062400000000000004,0.424,0.1928,0.02,0.0848,0.6709648,0.046170354,0.63049704,0.009624094,0.0656,0.21867953,0.0552,0.3696,0.06720000000000001,,0.06,0.6472,6.4621396,0.59594065,6.111175
0.0057456978,0.009227806,0.1032,0.0592,0.4096,0.0712,,0.0648,0.7071999999999999,6.224542,0.59980834,6.006529,0.0004418445,0.0025662824,0.0648,0.0232,0.0592,0.44,0.13040000000000002,0.0256,0.0736,0.6471364,0.06455038,0.598088,0.009490722,0.1088,0.23592906,0.0648,0.3376,0.0768,,0.0696,0.64,6.203373,0.68587697,5.9128723
0.0058009503,0.008839708,0.053599999999999995,0.0488,0.44,0.0584,,0.0528,0.7248,6.226261,0.45313105,5.962315,0.0005858587,0.0027701287,0.031200000000000002,0.024,0.041600000000000005,0.4144,0.184,0.0288,0.0592,0.5986099,0.07208943,0.5301973,0.009054058,0.053599999999999995,0.2180301,0.0488,0.3704,0.06,,0.0528,0.6512,6.2083406,0.47108734,5.923706
0.005896366,0.008744292,0.0592,0.053599999999999995,0.3856,0.062400000000000004,,0.056,0.6784,6.0711555,0.48941988,5.784686,0.0007389173,0.0025011166,0.0256,0.0192,0.0512,0.42319999999999997,0.1784,0.0216,0.0784,0.5753032,0.053366426,0.5241677,0.008952889,0.0592,0.21628903,0.053599999999999995,0.3856,0.062400000000000004,,0.056799999999999996,0.6616000000000001,6.0531645,0.50813127,5.7449026
0.00599156,0.008649098,0.07440000000000001,0.0656,0.4128,0.0784,,0.072,0.8024,6.3535748,0.61808366,6.0074153,0.00092699385,0.0024289936,0.0368,0.032,0.044,0.3784,0.1288,0.035199999999999995,0.068,0.6193076,0.081353895,0.54150283,0.008821061,0.0816,0.19777942,0.0736,0.40559999999999996,0.0856,,0.07919999999999999,0.7352,6.351403,0.71670395,5.928602
0.0060723303,0.008679276,0.09040000000000001,0.0768,0.476,0.092,,0.08399999999999999,0.72,6.3470287,0.73733735,5.9385166,0.0011827872,0.0025210606,0.0296,0.020800000000000003,0.0552,0.404,0.1544,0.024,0.0816,0.5617366,0.05559436,0.5086299,0.008768197,0.09040000000000001,0.14253785,0.07759999999999999,0.4536,0.092,,0.0848,0.6799999999999999,6.3624597,0.75827116,5.931307
0.0060454807,0.008484229,0.09119999999999999,0.0784,0.48240000000000005,0.0928,,0.0864,0.8048,6.346419,0.7404235,5.9361315,0.0013421073,0.0024776938,0.0504,0.0424,0.028,0.4432,0.1368,0.044,0.061599999999999995,0.53141487,0.11191642,0.42404193,0.008624665,0.09119999999999999,0.18070668,0.07919999999999999,0.48240000000000005,0.0928,,0.0864,0.7024,6.3385878,0.7641896,5.9006376
0.0061111622,0.0083075985,0.088,0.07600000000000001,0.4848,0.0888,,0.0816,0.744,6.1785536,0.69715357,5.795227,0.0015074568,0.0023123445,0.033600000000000005,0.0256,0.0528,0.43360000000000004,0.14320000000000002,0.0288,0.0752,0.5237042,0.0661589,0.4630605,0.008403925,0.088,0.15155217,0.07600000000000001,0.4616,0.0888,,0.0816,0.744,6.1867995,0.7178831,5.78075
0.0063237394,0.008205971,0.0856,0.0736,0.4512,0.088,,0.0808,0.7328,6.0727086,0.6812163,5.682836,0.0017106074,0.002457054,0.033600000000000005,0.0248,0.045599999999999995,0.42,0.10400000000000001,0.028,0.062400000000000004,0.4717568,0.065395445,0.40798238,0.008307919,0.0856,0.15682064,0.0752,0.4512,0.088,,0.0808,0.7328,6.071868,0.7012405,5.659217
0.0063155293,0.00821418,0.1104,0.09999999999999999,0.4528,0.11359999999999999,,0.1064,0.6976,6.0038652,0.8937972,5.485292,0.0017695117,0.0025141034,0.031200000000000002,0.0248,0.0504,0.42879999999999996,0.1592,0.0288,0.0696,0.5153554,0.06465542,0.4533203,0.00827564,0.1104,0.12194922,0.1008,0.40559999999999996,0.1152,,0.1064,0.6976,6.021969,0.9143139,5.481702
0.006519452,0.00778836,0.0696,0.056,0.5464,0.0696,,0.064,0.8192,6.0588408,0.48342758,5.8244066,0.002013478,0.0023860908,0.041600000000000005,0.031200000000000002,0.0424,0.4416,0.1312,0.036,0.062400000000000004,0.47511935,0.081289895,0.401257,0.007945901,0.0696,0.19946194,0.0584,0.5272,0.0696,,0.064,0.7847999999999999,6.032855,0.502982,5.7764406
0.006498151,0.008031558,0.0928,0.0816,0.5384,0.096,,0.0888,0.7552,6.1466,0.7227449,5.754952,0.0021456652,0.0022539035,0.0256,0.0192,0.0576,0.4192,0.1624,0.0232,0.08399999999999999,0.46108863,0.046151333,0.41633055,0.008140327,0.0928,0.16365613,0.08399999999999999,0.49679999999999996,0.096,,0.0888,0.7552,6.139594,0.7442179,5.7228003
0.0065411986,0.007988511,0.0856,0.0752,0.5104,0.0888,,0.0824,0.8128,6.1550326,0.65206784,5.8073196,0.0022623143,0.0023691612,0.0296,0.0224,0.052000000000000005,0.4272,0.1544,0.028,0.0752,0.46543705,0.057511065,0.41059104,0.008117531,0.0856,0.17852959,0.0752,0.5104,0.0888,,0.0824,0.8128,6.1398573,0.6740986,5.7662697
0.006676999,0.008074608,0.08399999999999999,0.07039999999999999,0.5296,0.08399999999999999,,0.0784,0.8311999999999999,6.1914244,0.61462015,5.8717813,0.0024320702,0.0024313126,0.0256,0.0152,0.06720000000000001,0.3896,0.1448,0.0184,0.08320000000000001,0.44676852,0.041160695,0.40699646,0.008213425,0.08399999999999999,0.18411484,0.0736,0.49679999999999996,0.08399999999999999,,0.0784,0.7472,6.1685734,0.63668275,5.822937
0.0068531856,0.007898421,0.0888,0.07759999999999999,0.5367999999999999,0.0944,,0.0864,0.8192,6.1420517,0.68999845,5.7631626,0.0026055365,0.0023737997,0.0288,0.0248,0.0592,0.412,0.12240000000000001,0.0248,0.06319999999999999,0.38867605,0.059367254,0.32675686,0.007959276,0.0888,0.12373853,0.08,0.4792,0.0944,,0.0864,0.8192,6.143062,0.7078986,5.7440286
0.0069286306,0.007933924,0.0784,0.0664,0.5544,0.0816,,0.07440000000000001,0.8360000000000001,6.1558094,0.5728247,5.8574686,0.0027027058,0.0025085371,0.0288,0.0216,0.0488,0.4248,0.13199999999999998,0.0248,0.06319999999999999,0.40114066,0.056564875,0.34606278,0.008068039,0.0784,0.18258806,0.0696,0.5184,0.0816,,0.07440000000000001,0.7888,6.1263185,0.593792,5.8030615
0.0068986746,0.007963881,0.09119999999999999,0.0848,0.47840000000000005,0.096,,0.0888,0.7728,6.0798645,0.7096175,5.6881056,0.0028328057,0.0022624838,0.0296,0.0272,0.048,0.4088,0.1272,0.031200000000000002,0.068,0.37499297,0.060985025,0.31423336,0.008039894,0.09119999999999999,0.1376185,0.0864,0.4744,0.09680000000000001,,0.0888,0.7728,6.0738263,0.72863585,5.660081
0.006918867,0.0078327395,0.0768,0.06720000000000001,0.5264,0.08,,0.07440000000000001,0.808,6.0206738,0.5712079,5.7190046,0.002926496,0.0021687935,0.0224,0.016,0.061599999999999995,0.4064,0.13040000000000002,0.0232,0.07039999999999999,0.35528097,0.039274827,0.31574085,0.007949439,0.0768,0.17155918,0.068,0.5264,0.0808,,0.07440000000000001,0.7624,5.9929423,0.5901716,5.6676717
0.006957033,0.0076836254,0.1008,0.0936,0.4752,0.1056,,0.09999999999999999,0.7504000000000001,5.738976,0.78973156,5.2732143,0.0029626733,0.0021326162,0.0128,0.0096,0.0664,0.4072,0.116,0.0128,0.0736,0.31353804,0.02078721,0.29289836,0.0077312854,0.1008,0.111093245,0.0936,0.4752,0.1056,,0.09999999999999999,0.7504000000000001,5.7383585,0.805578,5.2546296
0.006998306,0.007420455,0.0656,0.06,0.5136000000000001,0.0688,,0.06319999999999999,0.8056,5.6468887,0.46091586,5.3967,0.0030201864,0.002075103,0.0152,0.008799999999999999,0.0584,0.39359999999999995,0.1104,0.0128,0.0856,0.31446543,0.022613704,0.29150665,0.0075696222,0.0696,0.19885221,0.064,0.5095999999999999,0.0728,,0.06720000000000001,0.7295999999999999,5.5977316,0.51386976,5.30289
0.007058218,0.0072495947,0.08399999999999999,0.0784,0.49360000000000004,0.088,,0.0824,0.784,5.4429655,0.6128693,5.0857115,0.003053813,0.00215743,0.02,0.0144,0.0448,0.4136,0.10400000000000001,0.016800000000000002,0.0576,0.2944634,0.033411987,0.26164854,0.007317952,0.0856,0.13678882,0.08,0.456,0.0896,,0.08399999999999999,0.7223999999999999,5.4322767,0.64236385,5.0476713
0.007144758,0.006941158,0.056,0.0496,0.47840000000000005,0.0592,,0.0544,0.8472000000000001,5.2461433,0.3648363,5.0506516,0.0031250082,0.0020862347,0.0304,0.0224,0.0288,0.4208,0.09119999999999999,0.0248,0.041600000000000005,0.26982355,0.051911894,0.2171807,0.0071282475,0.056,0.22961685,0.0496,0.4296,0.0592,,0.0544,0.7304,5.1698637,0.3789191,4.955382
0.0070591057,0.0069158617,0.08,0.07600000000000001,0.40559999999999996,0.08320000000000001,,0.0784,0.7295999999999999,4.9067516,0.5659925,4.5641427,0.0031516775,0.0020595654,0.041600000000000005,0.032,0.016,0.44,0.0784,0.04,0.031200000000000002,0.24564719,0.070919916,0.17630702,0.006960167,0.08,0.1128917,0.07600000000000001,0.39280000000000004,0.08320000000000001,,0.0784,0.6304000000000001,4.9031906,0.5766173,4.5485506
0.0070227147,0.006508459,0.0528,0.052000000000000005,0.4192,0.0592,,0.0544,0.7008,4.5412874,0.34690168,4.330929,0.0031982907,0.0017810455,0.0296,0.0248,0.020800000000000003,0.4264,0.0816,0.0272,0.032,0.20500568,0.048621617,0.15792856,0.006598331,0.0528,0.16523558,0.052000000000000005,0.36160000000000003,0.0576,,0.053599999999999995,0.648,4.513154,0.35617146,4.2922907
0.007083071,0.0064481026,0.048,0.045599999999999995,0.40480000000000005,0.052000000000000005,,0.048,0.6424,4.393615,0.3138821,4.199233,0.0032198583,0.0018754313,0.0272,0.0232,0.032,0.4144,0.08320000000000001,0.0272,0.0408,0.22210854,0.042197313,0.1788579,0.006576988,0.0528,0.19829658,0.0504,0.2784,0.056799999999999996,1.5064000000000002,0.0528,0.6312,4.3512707,0.36028656,4.119686
0.0069648,0.006677322,0.064,0.062400000000000004,0.3216,0.068,,0.0648,0.592,4.296257,0.44187665,4.006571,0.0031667515,0.0018125847,0.016,0.010400000000000001,0.032,0.4136,0.06720000000000001,0.0128,0.032,0.19665693,0.020366065,0.17543742,0.006721458,0.064,0.11466126,0.062400000000000004,0.2968,0.068,,0.0648,0.52,4.290546,0.44995373,3.991724
0.00698011,0.006662012,0.0512,0.0504,0.28,0.056,1.4640000000000002,0.0528,0.5880000000000001,4.236291,0.35491797,4.0000815,0.0031572434,0.0019380462,0.0136,0.008799999999999999,0.0296,0.4072,0.0608,0.0096,0.0432,0.16042136,0.017640926,0.14349215,0.0068231784,0.0528,0.21777977,0.052000000000000005,0.2208,0.0576,1.4624,0.0544,0.476,4.170889,0.37730163,3.9131136
0.007081295,0.0071155694,0.045599999999999995,0.0432,0.228,0.0504,,0.0472,0.49279999999999996,4.2514906,0.3190477,4.03969,0.0031915656,0.0020196773,0.0192,0.0128,0.0272,0.4072,0.0712,0.0184,0.035199999999999995,0.13409987,0.028992074,0.10429982,0.0072376924,0.045599999999999995,0.18396106,0.0432,0.1888,0.0504,1.5536,0.0472,0.468,4.2042847,0.3275749,3.9817195
0.0070191645,0.007621493,0.0384,0.0384,0.2256,0.045599999999999995,,0.041600000000000005,0.504,4.6252747,0.30525383,4.421463,0.0030865115,0.002008778,0.0136,0.012,0.0264,0.376,0.0736,0.016800000000000002,0.035199999999999995,0.184482,0.0249889,0.15920414,0.007733775,0.0384,0.17060864,0.0384,0.21439999999999998,0.045599999999999995,1.4696,0.041600000000000005,0.5032,4.589445,0.31378686,4.3757563
0.0069108787,0.007840728,0.0448,0.0432,0.2832,0.0496,,0.0448,0.5256,4.848171,0.35964167,4.608411,0.0029376273,0.0019257555,0.016800000000000002,0.0136,0.0376,0.412,0.062400000000000004,0.0192,0.0448,0.20593335,0.027917886,0.17752476,0.007936625,0.0448,0.15560928,0.0432,0.24639999999999998,0.0496,,0.0448,0.5104,4.821508,0.36809224,4.57194
0.0067559946,0.007995612,0.0496,0.048,0.3064,0.0552,,0.0496,0.6024,5.0502076,0.40863347,4.776387,0.0026962124,0.0021671702,0.0192,0.0144,0.0232,0.3904,0.0664,0.0192,0.0408,0.26686656,0.03554669,0.23208052,0.008058854,0.0496,0.12536266,0.048,0.24159999999999998,0.0552,,0.0504,0.5752,5.0439434,0.4173989,4.760774
0.006510355,0.008019354,0.0488,0.045599999999999995,0.2848,0.053599999999999995,,0.0488,0.5536,5.0464907,0.4006437,4.786982,0.0024527102,0.002062812,0.0112,0.0048,0.0408,0.3736,0.08320000000000001,0.010400000000000001,0.0448,0.27370763,0.015892578,0.25863367,0.008200677,0.0488,0.2106782,0.045599999999999995,0.2328,0.053599999999999995,,0.0488,0.5536,4.992148,0.41101894,4.719876
0.0064275875,0.008213071,0.0544,0.0496,0.25680000000000003,0.056799999999999996,,0.0528,0.5032,5.0677376,0.454752,4.7669563,0.0021642176,0.0020034441,0.024,0.017599999999999998,0.0304,0.42319999999999997,0.06319999999999999,0.0184,0.044,0.27625895,0.039579548,0.23822623,0.008299088,0.0584,0.1441007,0.053599999999999995,0.20879999999999999,0.0608,,0.056799999999999996,0.49920000000000003,5.0548844,0.50502056,4.714283
0.0063883113,0.008696141,0.0472,0.0424,0.29200000000000004,0.0496,,0.0448,0.5584,5.363471,0.3951341,5.1102867,0.0018692317,0.0022984298,0.0272,0.020800000000000003,0.0368,0.4072,0.0848,0.0232,0.044,0.34270072,0.052636854,0.29179713,0.008822318,0.0512,0.16933013,0.0464,0.2432,0.053599999999999995,,0.0488,0.532,5.344515,0.44912016,5.047228
0.006242969,0.008952431,0.0592,0.0544,0.29760000000000003,0.06319999999999999,,0.0576,0.504,5.557575,0.53599864,5.2085314,0.0015607954,0.0023749594,0.0288,0.0232,0.0344,0.42160000000000003,0.0888,0.024,0.0408,0.3641522,0.056394212,0.3095381,0.009087898,0.0592,0.17287819,0.0544,0.2488,0.06319999999999999,,0.0576,0.504,5.5373735,0.5485269,5.173646
0.006009312,0.008964192,0.048,0.0424,0.3136,0.0504,,0.045599999999999995,0.6088,5.6832237,0.41148123,5.4278207,0.0013263376,0.0024934637,0.0256,0.017599999999999998,0.028,0.4248,0.1048,0.0192,0.048,0.3880964,0.04906317,0.34264266,0.009120589,0.0544,0.18545608,0.0488,0.2176,0.056799999999999996,,0.052000000000000005,0.592,5.657333,0.49392274,5.336684
0.0059296503,0.009154802,0.0496,0.0464,0.2648,0.0544,,0.0496,0.5488000000000001,5.7342052,0.45775878,5.441634,0.0010577893,0.0024141516,0.0248,0.02,0.033600000000000005,0.41600000000000004,0.0896,0.024,0.052000000000000005,0.466365,0.052923497,0.41801238,0.009336775,0.0496,0.19775513,0.0464,0.2488,0.0544,,0.0496,0.516,5.7140727,0.4712502,5.4063816
0.0058557587,0.009561539,0.0808,0.04,0.2488,0.0488,,0.0432,0.5816,5.720392,0.42162415,5.5727205,0.00080756174,0.0024324723,0.056799999999999996,0.0152,0.0512,0.44,0.09999999999999999,0.0184,0.0656,0.5179063,0.045736473,0.48196068,0.009786145,0.0808,0.21466145,0.04,0.2064,0.0488,,0.0432,0.52,5.699424,0.435061,5.535035
0.005875286,0.009320114,0.048,0.0432,0.3176,0.052000000000000005,,0.0464,0.5968,5.8658447,0.43993723,5.5818167,0.00066702615,0.002688961,0.020800000000000003,0.0144,0.0424,0.34400000000000003,0.09040000000000001,0.0184,0.056799999999999996,0.48427972,0.043359645,0.44242054,0.009555795,0.048,0.22255675,0.0432,0.2696,0.052000000000000005,,0.045599999999999995,0.5344,5.828064,0.45476747,5.526215
0.005783199,0.009412201,0.0544,0.048,0.29919999999999997,0.056,,0.0504,0.6488,6.0572863,0.49036026,5.7560616,0.00039152068,0.0025006528,0.0288,0.02,0.0408,0.4272,0.11359999999999999,0.0232,0.0584,0.60742235,0.060571317,0.55373585,0.009606213,0.0544,0.20131996,0.048,0.29200000000000004,0.056,,0.0504,0.5712,6.0564127,0.50620484,5.738015
0.005907461,0.009509836,0.07919999999999999,0.0696,0.2728,0.07919999999999999,,0.07440000000000001,0.5672,6.043085,0.75197387,5.5668945,0.0002616528,0.0025145672,0.0264,0.016,0.048,0.3944,0.14959999999999998,0.0184,0.064,0.6041756,0.049933977,0.55953354,0.009622931,0.07919999999999999,0.15346424,0.0696,0.2728,0.07919999999999999,,0.07440000000000001,0.5672,6.0644197,0.77066153,5.569099
0.0057463637,0.009559985,0.1016,0.061599999999999995,0.3368,0.07039999999999999,,0.0656,0.6432,6.1332865,0.6473934,5.8588,0.00010859419,0.0025516723,0.0552,0.016,0.0608,0.43119999999999997,0.1176,0.0184,0.06720000000000001,0.6533399,0.04573367,0.62249625,0.009761237,0.1016,0.20341374,0.061599999999999995,0.26,0.07039999999999999,,0.0656,0.5864,6.1388183,0.6684035,5.84064
0.005704647,0.009379805,0.0648,0.0584,0.3136,0.0688,,0.061599999999999995,0.664,6.214723,0.6013298,5.8495917,-2.0114174e-05,0.0026803808,0.017599999999999998,0.0112,0.0528,0.31039999999999995,0.1296,0.0136,0.0736,0.6750812,0.035313863,0.6441216,0.009612144,0.0648,0.22031541,0.0584,0.3024,0.06720000000000001,,0.061599999999999995,0.5840000000000001,6.212035,0.623168,5.82304
0.0056445133,0.009439939,0.06,0.0544,0.4016,0.0648,,0.0584,0.6744,6.34836,0.5588806,6.0095234,-8.203334e-05,0.0027422998,0.0304,0.0256,0.0504,0.42800000000000005,0.23920000000000002,0.0272,0.07039999999999999,0.7574662,0.078349754,0.68870574,0.009612776,0.06,0.1899167,0.0544,0.284,0.0648,,0.0584,0.6744,6.3772087,0.5792746,6.017606
0.005693552,0.0093909,0.06319999999999999,0.056799999999999996,0.36,0.0664,,0.06,0.6368,6.329444,0.56957823,5.9898305,-0.0001073112,0.0027675778,0.028,0.0216,0.0512,0.42,0.1352,0.0264,0.0784,0.7460447,0.066949226,0.6869084,0.009592422,0.06319999999999999,0.20534088,0.056799999999999996,0.3512,0.0664,,0.06,0.6368,6.348591,0.591317,5.9861565
0.005692443,0.009281061,0.0608,0.0544,0.38239999999999996,0.0648,,0.0576,0.6288,6.34015,0.5499218,6.006195,-2.0346082e-05,0.0026806127,0.028,0.0224,0.0528,0.3744,0.1864,0.0224,0.0648,0.72036105,0.066224515,0.65728235,0.009467365,0.0608,0.19871368,0.0544,0.3608,0.0648,,0.0576,0.6144,6.3575897,0.57011557,6.0011587
0.005743701,0.009451699,0.06720000000000001,0.0592,0.39840000000000003,0.0688,,0.06319999999999999,0.6664,6.4466047,0.60433185,6.0882416,6.615522e-05,0.0025941113,0.0248,0.0192,0.0576,0.4152,0.1312,0.0192,0.096,0.7009388,0.051313117,0.6565286,0.0096183,0.06720000000000001,0.1863947,0.0592,0.29760000000000003,0.0688,,0.06319999999999999,0.6664,6.464838,0.62534964,6.0839305
0.0057204016,0.009253101,0.06720000000000001,0.0576,0.4328,0.068,,0.061599999999999995,0.7128,6.486491,0.5748905,6.1652956,0.00011323233,0.0027789413,0.028,0.0184,0.0592,0.3744,0.1672,0.02,0.0864,0.7144474,0.058070663,0.6637757,0.009414423,0.06720000000000001,0.18539007,0.0576,0.4256,0.068,,0.061599999999999995,0.7128,6.5070357,0.59618396,6.1632376
0.0057894117,0.009073144,0.056799999999999996,0.0488,0.44,0.0608,,0.0544,0.7080000000000001,6.4133205,0.4701151,6.147932,0.00025678275,0.0025194373,0.0368,0.031200000000000002,0.0496,0.4352,0.1712,0.0344,0.0592,0.66800797,0.08713764,0.5892756,0.009303091,0.056799999999999996,0.2228,0.0488,0.39999999999999997,0.0608,,0.0544,0.6799999999999999,6.402404,0.48987302,6.1148534
0.0069614714,0.00057848496,-0.2256,0.1696,0.0008,0.1736,0.0056,0.17200000000000001,0.0056,-0.55113685,0.0,-0.3813857,0.00035951752,0.00044549332,0.1216,0.5184,0.0008,0.5216000000000001,0.0008,0.5216000000000001,0.0008,-0.05861447,-0.0077707362,-0.063600466,0.0012041999,1.3239999999999998,-3.0298555,1.1760000000000002,0.0008,1.7,,1.3912,0.0184,0.5542357,0.8428219,0.25633073
0.005713523,0.008927135,0.0808,0.072,0.464,0.08399999999999999,,0.0768,0.7656000000000001,6.4053326,0.70759183,5.9960437,0.0003551113,0.0025370624,0.032,0.0264,0.06,0.43119999999999997,0.144,0.0288,0.0752,0.6947933,0.07295793,0.62893176,0.009115057,0.0808,0.20341076,0.072,0.392,0.0848,,0.07759999999999999,0.664,6.4136314,0.7333132,5.975911
0.0057800924,0.008860566,0.0656,0.0552,0.464,0.0688,,0.062400000000000004,0.7728,6.4692383,0.5364007,6.1737823,0.00048544302,0.0026386376,0.0272,0.02,0.0696,0.424,0.18080000000000002,0.0232,0.08320000000000001,0.67508113,0.059217907,0.6203511,0.009096624,0.0656,0.22831175,0.0552,0.4424,0.0696,,0.062400000000000004,0.7575999999999999,6.4541535,0.56000996,6.1310406
0.0058637476,0.0089988075,0.0728,0.06,0.39840000000000003,0.07440000000000001,,0.06720000000000001,0.7232000000000001,6.294106,0.5946647,5.9573774,0.00061044085,0.0027455464,0.04,0.028,0.0392,0.4376,0.1608,0.0328,0.056799999999999996,0.63803405,0.08602589,0.5568666,0.009255762,0.0728,0.23618217,0.06,0.3728,0.07440000000000001,,0.06720000000000001,0.6248,6.2686663,0.6183848,5.903057
0.0058872686,0.008975286,0.0952,0.08399999999999999,0.4072,0.0976,,0.09040000000000001,0.6896,6.33083,0.8453855,5.826902,0.0007516722,0.0024883617,0.0376,0.0288,0.0496,0.4352,0.1416,0.032,0.0752,0.62267023,0.082398854,0.548344,0.009090828,0.0952,0.15960401,0.0848,0.3784,0.0976,,0.09040000000000001,0.6888,6.3493266,0.86878353,5.820512
0.006006649,0.008966854,0.10400000000000001,0.09040000000000001,0.432,0.1056,,0.09839999999999999,0.7488,6.5318685,0.91550225,6.0063057,0.0009928555,0.0024790852,0.0256,0.0192,0.0728,0.4208,0.2248,0.02,0.0896,0.60817593,0.04837115,0.5635338,0.009019349,0.10400000000000001,0.10794346,0.0928,0.42,0.1056,,0.09839999999999999,0.7320000000000001,6.5593724,0.93516314,6.0132713
0.0060911914,0.008660415,0.07440000000000001,0.061599999999999995,0.49839999999999995,0.07600000000000001,,0.0688,0.7936,6.4715686,0.5850751,6.164242,0.0011971655,0.0025066824,0.0464,0.0384,0.04,0.44480000000000003,0.176,0.0424,0.064,0.58910173,0.10364432,0.4926284,0.008847732,0.07440000000000001,0.20613766,0.061599999999999995,0.42,0.07600000000000001,,0.0688,0.768,6.4551353,0.60839456,6.120755
0.0062245517,0.008638004,0.088,0.07600000000000001,0.45680000000000004,0.0928,,0.08399999999999999,0.7704,6.385306,0.74348336,5.9601517,0.0014353337,0.002500421,0.0248,0.020800000000000003,0.062400000000000004,0.42319999999999997,0.19920000000000002,0.0224,0.0824,0.52376205,0.049336366,0.4771488,0.008724424,0.0896,0.14086814,0.0784,0.4552,0.0944,,0.0856,0.6896,6.395594,0.7809639,5.936368
0.0061459998,0.008827504,0.0808,0.0696,0.4424,0.08399999999999999,,0.0768,0.7048,6.337155,0.6773364,5.9534955,0.0015329666,0.0026346948,0.0424,0.0368,0.04,0.3904,0.112,0.0384,0.064,0.5044558,0.09685202,0.41157705,0.008949912,0.0808,0.16557959,0.0696,0.4424,0.08399999999999999,,0.0768,0.7048,6.3336277,0.6985354,5.926261
0.0062591676,0.008492439,0.0848,0.072,0.4808,0.0872,,0.08,0.7856000000000001,6.294661,0.6826286,5.9174366,0.0017300876,0.002437574,0.035199999999999995,0.0272,0.0488,0.4072,0.128,0.031200000000000002,0.0696,0.47558334,0.07107579,0.4069389,0.00864668,0.0864,0.1891636,0.07440000000000001,0.4032,0.0888,,0.0816,0.748,6.271804,0.72215855,5.8566155
0.0062968903,0.00812187,0.1104,0.062400000000000004,0.48960000000000004,0.0784,,0.0696,0.7816,5.926312,0.5687386,5.7382545,0.0018560131,0.002427602,0.0688,0.0264,0.0496,0.4504,0.14959999999999998,0.0272,0.068,0.46694478,0.07020937,0.4042139,0.008329422,0.1104,0.22370547,0.064,0.468,0.07759999999999999,,0.0696,0.7456,5.88223,0.5923077,5.662999
0.0064859465,0.008043763,0.0784,0.06720000000000001,0.4976,0.0824,,0.0736,0.748,5.9765716,0.6006749,5.640065,0.002020667,0.0023789017,0.0344,0.0272,0.044,0.4088,0.1352,0.028,0.0608,0.45616102,0.07237678,0.38821226,0.008195018,0.0808,0.19242679,0.0712,0.4536,0.0848,,0.07759999999999999,0.7176,5.953499,0.64623874,5.574422
0.0066228565,0.008239699,0.0752,0.0648,0.4816,0.07759999999999999,,0.0712,0.7056,6.0020347,0.5734931,5.6878285,0.0021781325,0.002453343,0.017599999999999998,0.0128,0.0544,0.41759999999999997,0.1296,0.0128,0.0696,0.41714185,0.02881164,0.38780558,0.00832346,0.0752,0.14198686,0.0648,0.4648,0.07759999999999999,,0.0712,0.7056,6.0006647,0.59075713,5.666567
0.006623078,0.00801758,0.136,0.0896,0.4944,0.1024,,0.0952,0.7672,5.8510895,0.80591637,5.514361,0.0023140297,0.0023174458,0.0656,0.0216,0.056,0.4416,0.1152,0.024,0.06319999999999999,0.41157645,0.05529262,0.35846972,0.008100763,0.136,0.1434298,0.0896,0.4816,0.1024,,0.0952,0.7232000000000001,5.8498383,0.82566154,5.489452
0.006586687,0.008053971,0.0872,0.0752,0.4856,0.0888,,0.0816,0.7368,5.946616,0.66952175,5.577158,0.0024116626,0.0023357666,0.0224,0.0144,0.052000000000000005,0.3608,0.1096,0.017599999999999998,0.0664,0.41093862,0.03618118,0.3761526,0.008176142,0.0872,0.17308828,0.07600000000000001,0.4856,0.0888,,0.0816,0.7368,5.9285336,0.6897262,5.53512
0.0067375773,0.007681184,0.06720000000000001,0.0576,0.5,0.07039999999999999,,0.06319999999999999,0.8024,5.766103,0.4785749,5.506483,0.0026013623,0.0024939273,0.0248,0.017599999999999998,0.0408,0.41119999999999995,0.13440000000000002,0.02,0.0656,0.4013148,0.04612025,0.3571365,0.007863241,0.06720000000000001,0.21560541,0.06,0.4664,0.07039999999999999,,0.064,0.7384,5.718457,0.49752754,5.4358745
0.0068454193,0.007795239,0.1192,0.07440000000000001,0.4712,0.0864,,0.08,0.6719999999999999,5.5272303,0.63038033,5.282589,0.0027122137,0.0021511689,0.0544,0.0144,0.06,0.4304,0.1168,0.016,0.0696,0.34577325,0.02905052,0.31794444,0.007858059,0.1192,0.12653062,0.07440000000000001,0.4416,0.0864,,0.08,0.6719999999999999,5.526678,0.64550805,5.26399
0.006864281,0.007665429,0.09999999999999999,0.0928,0.464,0.1024,,0.0952,0.7856000000000001,5.692155,0.77611214,5.249693,0.0027947729,0.0021845633,0.0272,0.02,0.048,0.4008,0.0992,0.0232,0.0648,0.3502951,0.048069663,0.30229032,0.007733659,0.09999999999999999,0.13293236,0.0936,0.41600000000000004,0.1024,,0.09680000000000001,0.7856000000000001,5.688364,0.79348576,5.225446
0.007040466,0.007600192,0.0896,0.0856,0.44,0.0944,,0.088,0.6952,5.45051,0.70321625,5.0241356,0.002980994,0.0022302489,0.0384,0.0344,0.0384,0.42879999999999996,0.092,0.036,0.0488,0.29968148,0.07852739,0.22071718,0.00764634,0.0896,0.10992171,0.0856,0.39840000000000003,0.0944,,0.088,0.6784,5.45049,0.7170501,5.0084476
0.007162731,0.0075888755,0.0576,0.0512,0.472,0.06,,0.0544,0.7575999999999999,5.444686,0.40749156,5.2193494,0.003051726,0.0021595173,0.031200000000000002,0.0232,0.0304,0.4272,0.09680000000000001,0.0272,0.056799999999999996,0.3034497,0.054653037,0.24941537,0.0077515575,0.0576,0.20523553,0.0504,0.4008,0.06,,0.053599999999999995,0.6936,5.3922606,0.42157638,5.1493697
0.007100157,0.007540501,0.0576,0.052000000000000005,0.3776,0.061599999999999995,,0.056,0.6719999999999999,5.2196817,0.42519975,4.9676065,0.0031210657,0.0020901773,0.0224,0.017599999999999998,0.0392,0.3864,0.1032,0.017599999999999998,0.0496,0.271621,0.036957625,0.23463182,0.0076902863,0.0576,0.19769008,0.052000000000000005,0.3776,0.061599999999999995,,0.056,0.6719999999999999,5.171365,0.43804932,4.903248
0.0070943874,0.007324374,0.045599999999999995,0.0408,0.4272,0.0488,,0.044,0.6983999999999999,5.0866547,0.31175545,4.912909,0.003185072,0.0019102176,0.0216,0.0152,0.0488,0.41759999999999997,0.0768,0.017599999999999998,0.0576,0.25272056,0.032327596,0.22025362,0.007489153,0.045599999999999995,0.21015961,0.0408,0.3568,0.0488,,0.044,0.6896,5.027457,0.3219261,4.840457
0.0071070357,0.0073117255,0.056,0.052000000000000005,0.30960000000000004,0.06,,0.0552,0.6976,4.817438,0.40941536,4.5788984,0.0031943484,0.0019009411,0.0184,0.0128,0.0424,0.412,0.068,0.0128,0.053599999999999995,0.22512344,0.026676485,0.20390396,0.0074301297,0.056,0.1787636,0.052000000000000005,0.268,0.06,,0.0552,0.6848,4.7806983,0.4203665,4.5307035
0.0071758237,0.0074648345,0.053599999999999995,0.0504,0.2648,0.0584,,0.053599999999999995,0.5743999999999999,4.6785307,0.41371506,4.401492,0.003277139,0.0020500575,0.0152,0.0096,0.0304,0.40559999999999996,0.0688,0.016,0.0448,0.21312246,0.02492072,0.19004771,0.0075323796,0.053599999999999995,0.13402078,0.0504,0.2648,0.0584,,0.0544,0.5704,4.665054,0.42293552,4.3782907
0.00709239,0.007881113,0.048,0.045599999999999995,0.2016,0.052000000000000005,1.5288000000000002,0.0472,0.44480000000000003,4.61407,0.38688177,4.3472385,0.003242817,0.002200333,0.0128,0.0072,0.0368,0.40480000000000005,0.0736,0.0096,0.0392,0.19306226,0.019319698,0.17369805,0.007965552,0.048,0.14573461,0.045599999999999995,0.18239999999999998,0.052000000000000005,1.408,0.0472,0.44480000000000003,4.593195,0.39597476,4.31594
0.0071258964,0.0081804525,0.0368,0.0344,0.192,0.0408,1.4384000000000001,0.0368,0.512,4.677477,0.29963544,4.4700036,0.0032548762,0.0021882737,0.017599999999999998,0.0152,0.0272,0.39280000000000004,0.0552,0.0184,0.035199999999999995,0.16198666,0.029937323,0.13265042,0.008315498,0.0368,0.18046851,0.0344,0.1728,0.0408,1.4384000000000001,0.0368,0.45680000000000004,4.6305885,0.3075921,4.413685
0.0071669472,0.008028453,0.0344,0.0328,0.1736,0.0376,1.5248,0.0344,0.4472,4.471058,0.27521503,4.280226,0.0032384107,0.0023206926,0.0184,0.016,0.016800000000000002,0.38720000000000004,0.056,0.016800000000000002,0.031200000000000002,0.16401602,0.0322724,0.13027357,0.008169038,0.0344,0.18579113,0.0328,0.1624,0.0376,1.3760000000000001,0.0344,0.408,4.4244103,0.2826792,4.2243967
0.007064653,0.008019799,0.0448,0.0432,0.15200000000000002,0.0488,1.4968,0.0448,0.4088,4.459574,0.37821266,4.1901913,0.0031955077,0.0020157355,0.0224,0.016,0.0224,0.4096,0.0592,0.0224,0.0384,0.18285875,0.039511383,0.14320266,0.008093278,0.0464,0.13485418,0.0448,0.1456,0.0504,1.4704,0.0464,0.4072,4.4436703,0.40174314,4.153839
0.0069690156,0.008004488,0.036,0.0344,0.16799999999999998,0.04,1.4912,0.036,0.4504,4.4551916,0.28908402,4.2532654,0.0031542284,0.0020570145,0.0216,0.0144,0.0192,0.41759999999999997,0.0512,0.0192,0.0192,0.14586934,0.037450656,0.108532324,0.00810179,0.0304,0.22722238,0.0288,0.1392,0.0344,1.4968,0.0304,0.3856,4.3735347,0.24219412,4.204372
0.006947492,0.007915063,0.0512,0.0504,0.1648,0.056,,0.0528,0.47759999999999997,4.602475,0.43322712,4.296923,0.0031062237,0.0021050193,0.017599999999999998,0.010400000000000001,0.0264,0.41040000000000004,0.0528,0.016800000000000002,0.031200000000000002,0.16355233,0.027873825,0.13549158,0.007985917,0.0512,0.13330823,0.0504,0.1648,0.056,,0.0528,0.464,4.583379,0.44083214,4.268717
0.0069348435,0.008260557,0.053599999999999995,0.0496,0.2368,0.056799999999999996,,0.052000000000000005,0.5472,4.9374843,0.4406227,4.6434712,0.00296592,0.0020134163,0.0216,0.0192,0.028,0.4088,0.06720000000000001,0.02,0.032,0.21103533,0.03720112,0.17311853,0.008293452,0.053599999999999995,0.08909499,0.0496,0.21839999999999998,0.056799999999999996,,0.052000000000000005,0.49360000000000004,4.936678,0.4475662,4.6352572
0.006834768,0.00847158,0.09119999999999999,0.052000000000000005,0.3,0.0608,,0.0544,0.6095999999999999,5.2192373,0.48013878,5.0163126,0.0027653205,0.0022140157,0.06,0.017599999999999998,0.036,0.452,0.0712,0.02,0.048,0.2818248,0.04685099,0.23660292,0.008568691,0.09119999999999999,0.15069625,0.052000000000000005,0.2472,0.0608,,0.0544,0.5871999999999999,5.2023964,0.49133405,4.9855824
0.0068096933,0.008385707,0.0448,0.04,0.2888,0.0472,,0.0424,0.5888,5.2324963,0.35976064,4.999505,0.0025626337,0.0021847954,0.017599999999999998,0.0112,0.033600000000000005,0.41119999999999995,0.0864,0.0184,0.048,0.2734762,0.028237455,0.24425593,0.008560482,0.0448,0.20241734,0.04,0.22719999999999999,0.0472,,0.0424,0.5312,5.180646,0.37092805,4.9334593
0.0064917156,0.008703684,0.06319999999999999,0.0576,0.2424,0.0656,,0.0608,0.5312,5.484959,0.55600625,5.122712,0.0022117586,0.0021878101,0.0288,0.0224,0.033600000000000005,0.4256,0.088,0.024,0.045599999999999995,0.3200313,0.054758795,0.2677363,0.00879444,0.06319999999999999,0.14378801,0.0576,0.2424,0.0656,,0.0608,0.5312,5.4742146,0.5681725,5.09826
0.006352808,0.008620696,0.0504,0.0432,0.328,0.0528,,0.0472,0.6392,5.663032,0.4044182,5.4251585,0.0019158452,0.0022518167,0.0288,0.020800000000000003,0.0376,0.42800000000000005,0.112,0.024,0.0488,0.4001554,0.051961064,0.35157087,0.008854176,0.056799999999999996,0.23015735,0.0496,0.30960000000000004,0.0592,,0.053599999999999995,0.5352,5.604988,0.48615605,5.303399
0.0061459998,0.008716555,0.053599999999999995,0.0464,0.368,0.056,,0.0496,0.6335999999999999,5.740141,0.44099662,5.474642,0.0015812032,0.0022385982,0.024,0.016800000000000002,0.0392,0.4136,0.1104,0.0232,0.0648,0.434304,0.0440832,0.391981,0.008872996,0.053599999999999995,0.18805927,0.0464,0.29279999999999995,0.056,,0.0496,0.6272,5.7201304,0.45443317,5.4388266
0.0060277293,0.009056723,0.0528,0.0472,0.30400000000000005,0.056,,0.0504,0.6016,5.889311,0.4481852,5.620039,0.0013483686,0.0024714326,0.0224,0.0152,0.0504,0.4016,0.09680000000000001,0.0192,0.0576,0.44566745,0.04009579,0.40925807,0.009252169,0.0528,0.20590837,0.0472,0.30400000000000005,0.056,,0.0504,0.6016,5.8560224,0.46253696,5.5706277
0.0059951106,0.008978393,0.0648,0.06,0.324,0.068,,0.06319999999999999,0.6176,5.88049,0.5799103,5.511698,0.0010689208,0.00240302,0.0272,0.0216,0.045599999999999995,0.4144,0.1392,0.0248,0.061599999999999995,0.50010747,0.052946225,0.44966772,0.009064093,0.0648,0.13762204,0.06,0.32239999999999996,0.068,,0.06319999999999999,0.6176,5.8934994,0.5935901,5.510234
0.0059325355,0.008819072,0.06319999999999999,0.0584,0.3472,0.0664,,0.061599999999999995,0.632,5.844543,0.5479247,5.506039,0.000846986,0.002393048,0.0256,0.020800000000000003,0.044,0.42319999999999997,0.1064,0.0216,0.0752,0.52648675,0.050951812,0.47813413,0.008939993,0.06319999999999999,0.16466042,0.0584,0.33999999999999997,0.0664,,0.061599999999999995,0.624,5.8517904,0.56384254,5.4953995
0.0057965126,0.008622249,0.053599999999999995,0.0464,0.3904,0.0552,,0.0496,0.7575999999999999,5.961871,0.4195891,5.7275476,0.00063108065,0.0024929997,0.0296,0.020800000000000003,0.0496,0.4208,0.1416,0.0232,0.06720000000000001,0.5427782,0.057338987,0.49071506,0.008831967,0.053599999999999995,0.21835692,0.0464,0.3896,0.0552,,0.0496,0.6536,5.9378843,0.43546024,5.685112
0.0058249156,0.008704795,0.062400000000000004,0.0528,0.43920000000000003,0.0656,,0.0592,0.7272,6.0230036,0.5146593,5.722555,0.0004715286,0.002652552,0.0384,0.0304,0.0392,0.4384,0.1472,0.033600000000000005,0.0712,0.6138577,0.08488351,0.5372125,0.008922031,0.062400000000000004,0.2211233,0.0544,0.3912,0.0656,,0.0592,0.628,6.010988,0.533926,5.6889906
0.005698434,0.008720327,0.06720000000000001,0.0584,0.42879999999999996,0.0696,,0.06319999999999999,0.7064,6.1611347,0.56308925,5.836499,0.00024518737,0.002646986,0.0256,0.017599999999999998,0.0584,0.4224,0.18239999999999998,0.0256,0.0752,0.69050306,0.053859927,0.64470136,0.0089113675,0.0816,0.20743619,0.0736,0.3856,0.08399999999999999,,0.07759999999999999,0.6816,6.1712637,0.73952276,5.7179585
0.0056908894,0.00883882,0.0696,0.0584,0.4144,0.07039999999999999,,0.0648,0.7575999999999999,6.250448,0.5703796,5.930584,0.00010673894,0.002669481,0.031200000000000002,0.0232,0.0584,0.4024,0.21439999999999998,0.0232,0.07039999999999999,0.7084178,0.06445366,0.65264416,0.008987118,0.0696,0.18191618,0.061599999999999995,0.4144,0.07039999999999999,,0.0648,0.6968000000000001,6.2754717,0.59127855,5.9343066
0.005697547,0.008832162,0.08,0.07039999999999999,0.3808,0.08399999999999999,,0.07759999999999999,0.7144,6.304035,0.6949367,5.8934155,7.574507e-07,0.002659509,0.024,0.0184,0.0688,0.4184,0.2064,0.0232,0.0848,0.71914357,0.052072383,0.672994,0.009023391,0.08,0.20624174,0.0728,0.3808,0.08399999999999999,,0.07759999999999999,0.7120000000000001,6.317705,0.72116035,5.879243
0.005761675,0.0091008805,0.0872,0.07759999999999999,0.42319999999999997,0.09119999999999999,,0.08399999999999999,0.7335999999999999,6.5246572,0.77719975,6.0747604,-3.9362454e-05,0.002699629,0.0296,0.0232,0.0712,0.42160000000000003,0.21680000000000002,0.0248,0.0824,0.7977021,0.06881073,0.73763806,0.009250326,0.0872,0.17999624,0.07759999999999999,0.4136,0.09119999999999999,,0.0848,0.7335999999999999,6.562056,0.805076,6.0827684
0.005823584,0.009038972,0.0936,0.08,0.4744,0.0952,,0.088,0.7456,6.6357727,0.8291168,6.154256,-8.06419e-05,0.0027409084,0.0224,0.016,0.0712,0.4016,0.3504,0.016800000000000002,0.1048,0.84477913,0.043814648,0.80686235,0.00913915,0.0936,0.14819968,0.08399999999999999,0.4744,0.0952,,0.088,0.7456,6.6877728,0.85546374,6.1806307
0.005711748,0.009150807,0.072,0.0592,0.5008,0.0752,,0.06720000000000001,0.8048,6.712105,0.5964612,6.394792,-4.191343e-05,0.0027021798,0.0192,0.0136,0.08399999999999999,0.3688,0.2296,0.0144,0.1056,0.8136456,0.03725539,0.7812946,0.009393716,0.072,0.2279075,0.0592,0.47840000000000005,0.0752,,0.06720000000000001,0.7216,6.722373,0.62437916,6.374466
0.0057991752,0.008952431,0.12240000000000001,0.108,0.4528,0.12319999999999999,,0.116,0.6832,6.626674,1.1034458,5.977071,6.035755e-05,0.0027158624,0.0376,0.0272,0.07440000000000001,0.43360000000000004,0.25120000000000003,0.031200000000000002,0.092,0.7640754,0.08798945,0.68627065,0.00912379,0.0712,0.2494103,0.0584,0.4576,0.072,,0.0648,0.7344,6.6102314,0.5863629,6.2899284
0.0057319407,0.008908717,0.0872,0.072,0.4792,0.088,,0.08,0.7968000000000001,6.752989,0.7269635,6.3696623,0.00015288842,0.0027392851,0.044,0.033600000000000005,0.06,0.3888,0.1688,0.0376,0.0816,0.7773521,0.10590265,0.68122673,0.009091059,0.0872,0.20062214,0.07440000000000001,0.4792,0.088,,0.08,0.7871999999999999,6.7724524,0.7565407,6.3567004
0.005751911,0.008888748,0.092,0.0784,0.4752,0.0944,,0.0848,0.7952,6.6859765,0.7838887,6.2529445,0.00019671884,0.0025795011,0.0288,0.0232,0.0856,0.4184,0.22719999999999999,0.0248,0.10719999999999999,0.78946924,0.061786503,0.73740613,0.00902047,0.092,0.17110415,0.0784,0.4616,0.0936,,0.0864,0.7952,6.722767,0.8121911,6.261073
0.00569444,0.008946218,0.1032,0.0888,0.48,0.1048,,0.0976,0.7344,6.645757,0.8987697,6.1417184,0.0002790458,0.002729081,0.028,0.0216,0.0656,0.424,0.156,0.0256,0.07600000000000001,0.74291396,0.06328277,0.6854011,0.009063539,0.1032,0.16107367,0.09040000000000001,0.48,0.1048,,0.09839999999999999,0.7344,6.6788797,0.9279389,6.1435585
0.0058193677,0.009043187,0.1016,0.09119999999999999,0.456,0.1056,,0.0976,0.7752,6.6331644,0.89740837,6.117255,0.0003820125,0.002742068,0.0472,0.041600000000000005,0.035199999999999995,0.44639999999999996,0.19999999999999998,0.044,0.07039999999999999,0.73236215,0.120386615,0.62475735,0.009180612,0.1016,0.17324303,0.09119999999999999,0.43119999999999997,0.1056,,0.0976,0.7056,6.6601157,0.9274545,6.1125126
0.005838007,0.009024547,0.08320000000000001,0.0696,0.4744,0.0856,,0.0784,0.7320000000000001,6.626397,0.70456266,6.2376337,0.00046039707,0.002779637,0.0504,0.0424,0.0448,0.44480000000000003,0.2424,0.044,0.061599999999999995,0.7303909,0.12525715,0.61722034,0.009168816,0.08320000000000001,0.1776296,0.07440000000000001,0.4696,0.0856,,0.0784,0.7320000000000001,6.6511908,0.7305629,6.2350044
0.00584533,0.009017225,0.0688,0.0592,0.43360000000000004,0.072,,0.0656,0.7871999999999999,6.5766363,0.5754413,6.2652035,0.0005969903,0.002758997,0.04,0.0328,0.041600000000000005,0.43920000000000003,0.19999999999999998,0.035199999999999995,0.06720000000000001,0.67316794,0.0946992,0.58608687,0.009201319,0.0688,0.20037141,0.0592,0.43360000000000004,0.072,,0.0656,0.76,6.579039,0.5981604,6.2425656
0.005843333,0.008908274,0.0752,0.06,0.49920000000000003,0.07600000000000001,,0.0688,0.7264,6.488266,0.60194504,6.171508,0.0007368302,0.0025032037,0.0216,0.0128,0.0648,0.4208,0.2248,0.0144,0.0928,0.6418025,0.03453976,0.61084294,0.009089792,0.0752,0.20018181,0.061599999999999995,0.4456,0.07600000000000001,,0.0688,0.7264,6.4863186,0.6254387,6.1432147
0.0059888973,0.008651761,0.0872,0.07600000000000001,0.476,0.09119999999999999,,0.0816,0.7871999999999999,6.427356,0.7270253,6.0160694,0.0009930874,0.0027107603,0.0264,0.02,0.056,0.3952,0.1384,0.0224,0.0808,0.5923483,0.05397333,0.54167664,0.008810929,0.0872,0.19036487,0.0768,0.4608,0.09119999999999999,,0.08320000000000001,0.74,6.4233294,0.75314754,5.9820642
0.0060605695,0.008691037,0.08320000000000001,0.07039999999999999,0.5232,0.0848,,0.07759999999999999,0.7616,6.448381,0.67642355,6.0763707,0.0011818595,0.0025219882,0.0288,0.0216,0.062400000000000004,0.4088,0.1728,0.0216,0.07759999999999999,0.58898586,0.058092695,0.5321686,0.008880844,0.08320000000000001,0.20711888,0.0712,0.472,0.0848,,0.07759999999999999,0.7392,6.4316816,0.70159674,6.0299478
0.0061389,0.008612707,0.0712,0.06,0.4608,0.0728,,0.06720000000000001,0.7832,6.3210664,0.5719273,6.0040865,0.0013771252,0.002442676,0.0248,0.0184,0.0688,0.41600000000000004,0.14320000000000002,0.020800000000000003,0.09040000000000001,0.5442278,0.046038877,0.5006293,0.008788093,0.07919999999999999,0.20011967,0.0696,0.4528,0.0808,,0.0752,0.6664,6.3031006,0.6783649,5.90307
0.006281357,0.008803096,0.0752,0.06720000000000001,0.3624,0.08,,0.0736,0.7295999999999999,6.1934767,0.65230334,5.798279,0.0015262413,0.0026414206,0.0272,0.0216,0.0504,0.408,0.124,0.0248,0.06319999999999999,0.47784448,0.059196576,0.4206794,0.008908438,0.0752,0.15393741,0.068,0.3624,0.08,,0.0736,0.7056,6.193507,0.67161983,5.77674
0.0063883117,0.008585192,0.0728,0.061599999999999995,0.4264,0.07600000000000001,,0.0688,0.7456,6.23608,0.58620507,5.9074507,0.0017059692,0.002345739,0.0216,0.0136,0.0648,0.372,0.1376,0.016,0.072,0.48857015,0.039796405,0.4493779,0.008721174,0.0728,0.17682114,0.061599999999999995,0.4264,0.07600000000000001,,0.07039999999999999,0.7456,6.2247863,0.6059447,5.873093
0.006456434,0.00851707,0.08,0.0664,0.4456,0.08,,0.0728,0.7608,6.146823,0.623486,5.80732,0.0018815229,0.002402092,0.0224,0.016800000000000002,0.0648,0.3856,0.14880000000000002,0.017599999999999998,0.092,0.4877003,0.036530912,0.45268235,0.008686322,0.08,0.19772941,0.06720000000000001,0.4384,0.08,,0.0728,0.7256,6.122858,0.645678,5.7568054
0.0063414914,0.008410115,0.1328,0.0888,0.42879999999999996,0.09999999999999999,,0.0936,0.7152000000000001,5.9893866,0.8311295,5.62947,0.0019529504,0.0023306648,0.0512,0.008,0.06,0.43920000000000003,0.11120000000000001,0.010400000000000001,0.0664,0.4430581,0.027643304,0.4176643,0.008508032,0.1336,0.15186168,0.09040000000000001,0.42800000000000005,0.1008,,0.0944,0.7144,5.9874806,0.8604642,5.5972404
0.00639985,0.008573653,0.0864,0.07600000000000001,0.4024,0.0872,,0.0808,0.6856000000000001,5.9923267,0.7113802,5.575161,0.002078412,0.00243711,0.0344,0.0264,0.0432,0.4224,0.10719999999999999,0.0288,0.0544,0.42920157,0.06803847,0.3616007,0.008651988,0.0864,0.13466735,0.07600000000000001,0.4024,0.0872,,0.0808,0.6856000000000001,5.9956975,0.72892886,5.558583
0.006453105,0.008298501,0.07600000000000001,0.0656,0.4648,0.0768,,0.07039999999999999,0.7616,5.963148,0.5884287,5.637514,0.0021862488,0.0023292734,0.032,0.024,0.0408,0.41600000000000004,0.09999999999999999,0.0248,0.0504,0.41151875,0.058964655,0.35574508,0.008365142,0.07600000000000001,0.12630896,0.0656,0.4648,0.0768,,0.07039999999999999,0.7408,5.9674835,0.60320276,5.625849
0.0066099865,0.008252569,0.0856,0.0784,0.4384,0.092,,0.08320000000000001,0.7368,5.873556,0.7173788,5.4386387,0.002320987,0.0023104888,0.0344,0.0296,0.0368,0.4192,0.108,0.0304,0.052000000000000005,0.39244407,0.07314552,0.31997317,0.008332442,0.0856,0.1385723,0.07919999999999999,0.39280000000000004,0.09040000000000001,,0.08320000000000001,0.6824,5.871462,0.7346884,5.4168963
