ch0_ped,ch0_peak_max,ch0_peak_max_t,ch0_half_max_left,ch0_half_max_right,ch0_ninth_max_left,ch0_ninth_max_right,ch0_e_max_left,ch0_e_max_right,ch0_integ,ch0_integ_left,ch0_integ_right,ch1_ped,ch1_peak_max,ch1_peak_max_t,ch1_half_max_left,ch1_half_max_right,ch1_ninth_max_left,ch1_ninth_max_right,ch1_e_max_left,ch1_e_max_right,ch1_integ,ch1_integ_left,ch1_integ_right,proj_max,proj_max_t,proj_theta,proj_half_max_left,proj_half_max_right,proj_ninth_max_left,proj_ninth_max_right,proj_e_max_left,proj_e_max_right,proj_integ,proj_integ_left,proj_integ_right
-0.0670862,0.00062353164,0.008799999999999999,0.3712,0.0008,0.408,0.0072,0.4064,0.0024,-0.008652341,0.002642803,-0.011426054,0.057363175,0.00060690194,0.0048,0.3272,0.0016,0.404,0.0048,0.384,0.0016,-0.016752861,0.0016702041,-0.018955976,0.000727764,0.0048,0.98618543,0.312,0.0016,0.404,0.0144,0.37679999999999997,0.0024,-0.018745672,0.0021104421,-0.021317663
-0.06722643,0.00076376647,0.0096,0.19920000000000002,0.0008,0.4064,0.0064,0.3992,0.0032,-0.013095383,0.004061565,-0.017533321,0.05737593,0.00047819316,-0.2344,0.1648,0.0008,0.1648,0.0008,0.1648,0.0008,0.007538721,0.0,0.0018570051,0.000770491,0.0096,-0.13221478,0.19920000000000002,0.0008,0.4064,0.0032,0.3992,0.0032,-0.01397492,0.0038657936,-0.018114263
-0.06758147,0.0006750077,0.0056,0.39280000000000004,0.0016,0.40559999999999996,0.0112,0.39280000000000004,0.0016,0.122594714,0.002617035,0.119599104,0.057464287,0.0007376969,0.033600000000000005,0.4072,0.0008,0.4208,0.0024,0.42,0.0016,0.028932177,0.0033863634,0.029511943,0.0007474362,0.033600000000000005,1.4091873,0.4072,0.0008,0.4208,0.0056,0.42,0.0016,0.04828146,0.005190434,0.046764955
-0.06774767,0.0009521544,0.0056,0.2328,0.0008,0.4024,0.0056,0.4024,0.0008,0.019023541,0.0023381002,0.016693626,0.057645872,0.0006720647,0.47759999999999997,0.8648,0.0008,0.8775999999999999,0.0016,0.8656,0.0016,0.06087415,0.031563245,0.03350915,0.0010058362,0.0056,0.32818285,0.232,0.0008,0.4024,0.0056,0.3424,0.0008,0.037629407,0.002720559,0.03516222
-0.06800353,0.0008751713,0.068,0.20800000000000002,0.0008,0.468,0.0016,0.468,0.0016,0.074236855,0.01225844,0.06181064,0.057880793,0.00066905096,0.1096,0.3792,0.0016,0.5095999999999999,0.0032,0.49920000000000003,0.0016,-0.009798154,0.009680938,-0.024524234,0.00089891447,0.068,0.23034865,0.2632,0.0008,0.468,0.0016,0.468,0.0016,0.070038944,0.013084957,0.05645839
-0.06833259,0.00064948946,0.0072,0.3072,0.0024,0.4072,0.0072,0.39999999999999997,0.0024,0.030121498,0.0017403327,0.027902521,0.05806353,0.0006022677,-0.0344,0.3296,0.0008,0.36479999999999996,0.0024,0.36160000000000003,0.0016,0.01711037,0.0,0.020009205,0.00074998406,1.4208,2.4360685,1.8055999999999999,0.0008,1.8192000000000002,0.0008,1.8175999999999999,0.0008,-0.011835717,-0.007251024,0.010248424
-0.06856069,0.0006556958,0.008,0.3088,0.0032,0.404,0.010400000000000001,0.3944,0.0032,0.08713586,0.0018971115,0.084695,0.058166966,0.00061478466,0.1952,0.5855999999999999,0.0008,0.5928,0.0024,0.5880000000000001,0.0016,0.07392004,0.023966126,0.053860106,0.0006963691,1.1584,-0.8983028,1.5536,0.0008,1.5544,0.0016,1.5536,0.0016,-0.0035452065,0.0027047966,-0.028522434
-0.06876551,0.0007495694,0.0112,0.39359999999999995,0.0016,0.4088,0.0064,0.4008,0.0016,0.002664879,0.004613705,-0.0019949526,0.05842902,0.0005846359,-0.2248,0.1696,0.0008,0.1744,0.0016,0.1704,0.0008,-0.012350395,0.0,-0.0015667304,0.000786077,0.0112,0.3059633,0.39359999999999995,0.0008,0.4088,0.0064,0.4008,0.0016,-0.0011789724,0.0055725398,-0.0066352617
-0.06884384,0.000716947,0.0224,0.4224,0.0008,0.4224,0.0016,0.4224,0.0016,0.029678669,0.0082030855,0.022134174,0.05839632,0.0006173365,0.22719999999999999,0.6048,0.0008,0.6264000000000001,0.0008,0.6048,0.0008,0.037917577,0.01739505,0.019944802,0.0007659181,0.0224,0.35953006,0.4136,0.0008,0.4224,0.0016,0.4224,0.0016,0.04112179,0.008783046,0.033366136
-0.068939924,0.00092398,0.0304,0.3624,0.0008,0.4296,0.0008,0.4224,0.0008,0.072451025,0.012033969,0.061910905,0.05835597,0.0006576888,0.0072,0.39359999999999995,0.0008,0.40480000000000005,0.0032,0.39359999999999995,0.0008,0.019829556,0.0026725046,0.016930722,0.00096201623,0.0072,0.7527614,0.3392,0.0016,0.4024,0.0072,0.3632,0.0032,0.06643164,0.0036855238,0.06299236
-0.068730004,0.0007140599,0.010400000000000001,0.41040000000000004,0.0016,0.41040000000000004,0.0016,0.41040000000000004,0.0016,0.024403222,0.0056214817,0.020187177,0.05832628,0.0005714223,0.8168,1.2128,0.0008,1.2167999999999999,0.0024,1.2167999999999999,0.0016,0.05914122,0.048761085,0.047256306,0.0007557732,1.1887999999999999,0.6468214,1.5888,0.0016,1.5888,0.0016,1.5888,0.0016,0.055115484,0.058469944,0.0036380799
-0.068576,0.00078195333,0.010400000000000001,0.36160000000000003,0.0016,0.41040000000000004,0.004,0.41040000000000004,0.004,0.09906289,0.0039522722,0.09651108,0.058171134,0.00072656944,-0.0008,0.3704,0.0032,0.39840000000000003,0.0048,0.3704,0.0032,0.024762958,0.0,0.025574632,0.00079561427,0.0128,0.18557806,0.364,0.0016,0.4128,0.0016,0.4128,0.0016,0.10193108,0.0061830776,0.09694889
-0.068254255,0.0009040013,0.008,0.3296,0.0008,0.4072,0.0072,0.392,0.0032,-0.028632961,0.0030488,-0.033070907,0.058089275,0.000808429,0.0688,0.4528,0.0008,0.4672,0.0008,0.4672,0.0008,-0.02017343,0.009113178,-0.033044256,0.0009674596,0.0096,0.36420497,0.39359999999999995,0.0008,0.4088,0.0056,0.39359999999999995,0.0016,-0.03394075,0.004542952,-0.04026223
-0.06810648,0.0008671731,0.048,0.4264,0.0016,0.44639999999999996,0.0048,0.44639999999999996,0.0016,0.00055700913,0.00332411,-0.004213769,0.057885896,0.0006639473,-0.25120000000000003,0.004,0.0008,0.1456,0.004,0.1376,0.0008,0.029044107,0.0,0.03774061,0.00092298444,0.048,0.34953618,0.4264,0.0016,0.44639999999999996,0.0048,0.44639999999999996,0.0016,0.010469833,0.0035821137,0.00447857
-0.06784998,0.00061067194,0.18239999999999998,0.536,0.0008,0.5824,0.0016,0.5384,0.0016,0.06991458,0.023736306,0.051275253,0.05769712,0.0006208159,1.5432,1.8927999999999998,0.0008,1.9392,0.0008,1.9327999999999999,0.0008,0.039599925,0.04219434,0.002566617,0.0007376087,0.7824,2.9270985,1.1752,0.0008,1.1792,0.0016,1.1784000000000001,0.0008,-0.059883464,-0.0477157,-0.024521533
-0.06763739,0.00061998516,-0.2784,0.1128,0.0008,0.116,0.0008,0.116,0.0008,0.006550163,0.0,0.006328229,0.057615723,0.0005862601,-0.26,0.1288,0.0008,0.14,0.0016,0.1288,0.0008,0.017044887,0.0,0.021219209,0.0007547727,1.2296,-2.49069,1.6168,0.0008,1.6296,0.0024,1.6223999999999998,0.0016,-0.015538479,-0.011736552,-0.00022106199
-0.06741748,0.00073291734,0.008,0.35600000000000004,0.0024,0.408,0.0032,0.408,0.0032,0.06683627,0.0022255443,0.064506344,0.05752621,0.0007917285,0.492,0.8472000000000001,0.0008,0.892,0.0032,0.88,0.0008,0.03582807,0.017417766,0.04000239,0.00081152923,0.492,1.3494407,0.8472000000000001,0.0008,0.892,0.0032,0.88,0.0008,0.049627952,0.025996972,0.043956794
-0.06744944,0.00065393373,1.22,1.6088,0.0008,1.6199999999999999,0.0032,1.6096,0.0008,0.040775664,0.06871848,0.040791016,0.057438083,0.0005319938,0.004,0.39999999999999997,0.0024,0.4008,0.004,0.39999999999999997,0.0024,0.016001157,0.0012685284,0.014609717,0.00068087,0.5792,3.0412877,0.9192,0.0008,0.9775999999999999,0.0008,0.9712,0.0008,-0.038968403,-0.030227752,-0.0700015
-0.06725972,0.00057515875,0.0248,0.408,0.0016,0.4248,0.0032,0.4248,0.0016,0.024078224,0.006513171,0.021415468,0.057439942,0.0006460883,0.1592,0.5576,0.0008,0.5576,0.0016,0.5576,0.0008,0.045448735,0.007864092,0.040926553,0.00092353445,0.26,2.5301757,0.5112,0.0008,0.6584,0.0024,0.5992000000000001,0.0008,0.006372755,-0.005963495,0.0102713
-0.0673629,0.0006783344,0.045599999999999995,0.42319999999999997,0.0016,0.444,0.0016,0.42319999999999997,0.0016,0.011810366,0.0070447437,0.007594321,0.057423007,0.00054707006,0.8048,1.1928,0.0016,1.204,0.004,1.1928,0.0016,0.0012199879,0.0054875165,-0.0207894,0.0007956881,0.9912,-1.9849539,1.3888,0.0024,1.3888,0.0024,1.3888,0.0024,-0.005869561,-0.008153787,0.014307618
-0.06741105,0.0007264875,0.04,0.4384,0.0016,0.4384,0.0064,0.4384,0.0016,0.059353653,0.0078106187,0.052363925,0.057425328,0.0006607026,0.0592,0.42879999999999996,0.0016,0.4536,0.0016,0.4384,0.0016,-0.01292856,0.0016989633,-0.01803051,0.000730982,0.04,0.11094931,0.4384,0.0016,0.4384,0.0064,0.4384,0.0016,0.05755724,0.007825504,0.050276686
-0.06738264,0.0006980784,1.4096,1.7992000000000001,0.0016,1.8055999999999999,0.0024,1.7992000000000001,0.0016,0.02861318,0.032436617,-0.0005019009,0.057418834,0.00066719577,1.4984,1.8248,0.0008,1.8976,0.0024,1.8279999999999998,0.0008,0.0009855852,0.009768117,0.002870772,0.000703532,1.4096,0.12459341,1.7992000000000001,0.0008,1.8055999999999999,0.0024,1.8008,0.0016,0.028513858,0.032827098,0.00043072167
-0.06739929,0.0006037839,0.072,0.4712,0.0016,0.4712,0.004,0.4712,0.0024,0.11222497,0.015286531,0.101906724,0.05742788,0.00077410415,0.0064,0.20240000000000002,0.0008,0.4064,0.0008,0.3728,0.0008,-0.024582937,0.0020185113,-0.026786052,0.0009176722,0.0064,1.0038632,0.0976,0.0008,0.4064,0.0056,0.24400000000000002,0.0008,0.03953315,0.0035221954,0.036542602
-0.06730033,0.0006157644,-0.20800000000000002,0.18080000000000002,0.0008,0.1896,0.0024,0.1896,0.0024,0.0020530522,0.0,0.010596085,0.057369206,0.0006008707,-0.3464,0.0152,0.0016,0.048,0.0016,0.0448,0.0016,0.013045073,0.0,0.011769585,0.00063083315,-0.20800000000000002,0.21901035,0.18080000000000002,0.0008,0.1896,0.0024,0.1896,0.0024,0.004838232,0.0,0.013932969
-0.06730365,0.00073003396,0.008799999999999999,0.4032,0.0008,0.4072,0.0032,0.4032,0.0016,0.055024065,0.004480049,0.051362757,0.057339523,0.0005146004,-0.236,0.11359999999999999,0.0008,0.1632,0.0008,0.11359999999999999,0.0008,0.02776996,0.0,0.030320935,0.0007636029,1.0168,-1.4864287,1.3519999999999999,0.0008,1.4104,0.0016,1.4056,0.0008,-0.023034446,-0.024473522,0.009503428
-0.06723619,0.00066258013,0.041600000000000005,0.3832,0.0016,0.44079999999999997,0.0056,0.43360000000000004,0.0016,0.08786371,0.0036103763,0.08952795,0.057355523,0.0007305071,0.004,0.3944,0.0008,0.3968,0.0008,0.3944,0.0008,0.041628197,0.00040584058,0.041512243,0.0007305137,0.004,1.5750595,0.3944,0.0008,0.3968,0.0008,0.3944,0.0008,0.04125324,0.00040684923,0.0411335
-0.06728146,0.00059689954,0.0048,0.38720000000000004,0.0008,0.4032,0.0056,0.3968,0.0056,-0.01353978,0.0015843287,-0.015425906,0.05733465,0.0006354265,-0.3704,0.0,0.0008,0.0248,0.0008,0.0,0.0008,-0.00034543872,0.0,0.002553396,0.0006625583,0.0048,0.44895488,0.21439999999999998,0.0048,0.3968,0.0056,0.39280000000000004,0.0056,-0.012347934,0.0016729223,-0.014147799
-0.06741705,0.0007324852,0.0008,0.30400000000000005,0.0008,0.39999999999999997,0.0152,0.3944,0.0112,0.07916613,0.0003996417,0.079055175,0.057339057,0.0006310195,0.0448,0.42800000000000005,0.0016,0.44,0.0016,0.44,0.0016,0.020699114,0.005421117,0.01269833,0.0008341616,0.0008,0.4988998,0.384,0.0008,0.39999999999999997,0.0096,0.384,0.008799999999999999,0.079420224,0.0005973675,0.079156354
-0.067338936,0.0005434267,0.0264,0.3776,0.0008,0.4248,0.0016,0.3864,0.0016,0.004714448,0.0072819665,-0.0031629018,0.05745316,0.00063287094,-0.0488,0.3256,0.0008,0.3504,0.0008,0.3456,0.0008,0.019534849,0.0,0.021042243,0.0006936844,1.5472,2.5252912,1.9416000000000002,0.0008,1.9464000000000001,0.0024,1.9416000000000002,0.0008,0.0074444627,0.005583546,-0.0012235995
-0.06756084,0.00065437704,0.156,0.5559999999999999,0.0008,0.5559999999999999,0.0032,0.5559999999999999,0.0016,0.06163582,0.016987942,0.060415376,0.05751902,0.00056701154,-0.2552,0.1416,0.0008,0.1448,0.0032,0.1448,0.0008,0.01153671,0.0,0.016870566,0.0006624644,0.156,0.15641595,0.5559999999999999,0.0008,0.5559999999999999,0.0032,0.5559999999999999,0.0016,0.06268054,0.0183439,0.059686754
-0.0678402,0.0008227974,0.0008,0.224,0.0016,0.3968,0.0024,0.3968,0.0024,0.013981868,0.00037900358,0.01353807,0.057577457,0.0005085729,-0.3416,0.017599999999999998,0.0016,0.056799999999999996,0.0016,0.017599999999999998,0.0016,0.028932065,0.0,0.031367086,0.00084381265,0.0008,-0.22364762,0.196,0.0016,0.3968,0.0024,0.3968,0.0024,0.007216867,0.00033392032,0.006835557
-0.068022385,0.001004979,0.0064,0.0128,0.0024,0.4064,0.0032,0.39999999999999997,0.0032,0.07107013,0.0030471347,0.068851165,0.05772611,0.0005918257,-0.0376,0.2888,0.0008,0.3552,0.0008,0.3504,0.0008,0.023654006,0.0,0.021798752,0.001010335,0.0064,-0.10301395,0.0128,0.0024,0.4064,0.0032,0.39999999999999997,0.0032,0.06826098,0.0029614423,0.06610148
-0.06806676,0.00082745403,0.008,0.19679999999999997,0.0016,0.4016,0.0024,0.2656,0.0024,-0.010037914,0.003725674,-0.013921116,0.057847627,0.00058626384,-0.3272,0.0592,0.0008,0.068,0.0008,0.061599999999999995,0.0008,0.0378052,0.0,0.016121916,0.00086111354,0.008,0.28051972,0.19679999999999997,0.0016,0.4016,0.0048,0.29919999999999997,0.0024,0.0008210102,0.0038869514,-0.0031351177
-0.06827934,0.0009290874,0.012,0.3776,0.0008,0.41040000000000004,0.0032,0.4096,0.0024,0.07284406,0.005948022,0.06873897,0.05797518,0.00080657005,1.5408,1.8744,0.0016,1.9392,0.0032,1.9192000000000002,0.0016,0.03200101,0.018578954,0.02118966,0.0010597073,1.3568,-1.4264349,1.2376,0.0008,1.7544000000000002,0.0056,1.6752,0.0024,-0.021188747,-0.03131876,0.010065179
-0.06834923,0.00066613033,0.0096,0.408,0.0048,0.408,0.0056,0.408,0.0048,0.046036214,0.0036665462,0.043151554,0.058010194,0.0005396493,0.0448,0.43679999999999997,0.0008,0.44480000000000003,0.0008,0.43679999999999997,0.0008,-0.034841217,0.005174428,-0.03727624,0.00067043316,0.0112,0.11335714,0.4096,0.0008,0.4096,0.004,0.4096,0.0032,0.0417997,0.0049528475,0.037626643
-0.06831129,0.00062818825,0.0016,0.3712,0.0008,0.4016,0.017599999999999998,0.39359999999999995,0.004,0.05785966,0.0005906895,0.057415865,0.05795477,0.0008269809,-0.08,0.2656,0.0008,0.32,0.0016,0.3032,0.0008,0.04684688,0.0,0.046730928,0.0008302362,-0.08,1.4822143,0.2656,0.0008,0.32,0.0016,0.3032,0.0008,0.05178183,0.0,0.051342428
-0.06812645,0.00077619404,0.0032,0.3264,0.0008,0.4024,0.008799999999999999,0.38,0.0008,0.020523734,0.002328135,0.017528124,0.057873137,0.00067670643,0.0032,0.3792,0.0008,0.4032,0.0008,0.396,0.0008,0.011018664,0.00085157156,0.010322943,0.0010297615,0.0032,0.7170297,0.3264,0.0008,0.4032,0.0008,0.3264,0.0008,0.022710888,0.0023144665,0.019995723
-0.06803703,0.0007977262,0.0048,0.28640000000000004,0.0072,0.39999999999999997,0.0072,0.3552,0.0072,0.0939288,0.0013469644,0.09281932,0.0576948,0.00062313676,-0.3248,0.0344,0.0008,0.0728,0.0024,0.0664,0.0008,0.012585022,0.0,0.01015,0.0008134808,0.0048,0.19712792,0.28640000000000004,0.0072,0.39999999999999997,0.0072,0.3552,0.0072,0.09457452,0.0013945528,0.09346381
-0.06762295,0.00082743913,0.26,0.4096,0.0008,0.656,0.0008,0.6552,0.0008,0.090019,0.035815615,0.056068823,0.05758604,0.0006159432,1.384,1.6904,0.0016,1.784,0.0016,1.784,0.0016,0.007883377,0.013420753,-0.0013639256,0.0008282296,0.26,0.043692965,0.4096,0.0008,0.656,0.0008,0.6552,0.0008,0.090277426,0.03632537,0.055949405
-0.06729478,0.0006102137,0.0,0.33599999999999997,0.0008,0.396,0.0152,0.3944,0.0056,-0.030070566,0.0,-0.030070566,0.057451073,0.0006349571,0.7768,1.1528,0.0008,1.1760000000000002,0.0008,1.1752,0.0008,0.033158123,0.0223982,0.020613234,0.00072372303,0.1512,-3.0575345,0.5328,0.0008,0.5504,0.0016,0.5344,0.0008,0.027180461,-0.012032043,0.030589715
-0.06705446,0.00059179217,-0.1176,0.232,0.0008,0.28159999999999996,0.0016,0.28159999999999996,0.0016,0.07615752,0.0,0.07094291,0.057286646,0.0005674772,0.07919999999999999,0.45999999999999996,0.0008,0.4792,0.004,0.4792,0.0032,-0.0116516575,0.0065521933,-0.020811975,0.000659608,1.1656,0.75396377,1.5519999999999998,0.0008,1.5656,0.0016,1.5648,0.0008,0.04754145,0.046421457,-0.012507605
-0.06689581,0.00065504387,0.008,0.28159999999999996,0.0048,0.4008,0.0048,0.4008,0.0048,0.011210952,0.0026672408,0.00932483,0.057124544,0.0004976727,-0.1368,0.24480000000000002,0.0008,0.26080000000000003,0.0016,0.24480000000000002,0.0008,0.06331152,0.0,0.06134031,0.0007581504,0.008,0.52763057,0.216,0.0048,0.4008,0.0048,0.35600000000000004,0.0048,0.04156286,0.0034090767,0.03917429
-0.066713855,0.0008059293,0.008799999999999999,0.2984,0.0008,0.4072,0.0056,0.39359999999999995,0.0056,0.057694938,0.0030959249,0.054033637,0.057017867,0.0006043501,0.0056,0.3864,0.0016,0.4024,0.0032,0.3976,0.0016,0.020988904,0.001563523,0.019365557,0.00084043614,0.0056,0.80249345,0.196,0.0016,0.404,0.008799999999999999,0.3864,0.004,0.055186056,0.0019607032,0.052630927
-0.066725835,0.0005960129,0.0552,0.3656,0.0008,0.452,0.0008,0.4496,0.0008,0.005546849,0.008395217,-0.0033290312,0.05695873,0.000547532,0.0232,0.41759999999999997,0.0024,0.4184,0.004,0.41759999999999997,0.0024,-0.007478863,0.0012683012,-0.0060874224,0.00066618645,-0.3008,-1.1646864,0.0712,0.0008,0.096,0.0008,0.0952,0.0008,0.009061784,0.0,0.0042970767
-0.066643514,0.0006246418,-0.15839999999999999,0.2344,0.0008,0.24159999999999998,0.0016,0.2344,0.0008,-0.0169173,0.0,-0.010482267,0.056961283,0.00054498017,-0.1816,0.2096,0.0008,0.21839999999999998,0.0008,0.2096,0.0008,0.00011502206,0.0,0.007651992,0.0006987076,0.9543999999999999,0.4646109,1.2376,0.0008,1.3543999999999998,0.0016,1.3472,0.0008,-0.015072458,-0.014496352,0.010304768
-0.066679455,0.0006605834,0.252,0.5248,0.0008,0.6504,0.0024,0.6376000000000001,0.0008,0.033667985,0.022466958,0.013586324,0.0569963,0.0006259158,0.0496,0.412,0.0016,0.4488,0.004,0.4488,0.0024,0.030437075,0.008658901,0.024175592,0.00069032196,1.1536,-0.6498021,1.5375999999999999,0.0008,1.5504,0.0016,1.5392000000000001,0.0008,0.008391261,0.004777722,-0.0032652603
-0.06665439,0.0005245693,0.0064,0.3808,0.0008,0.40480000000000005,0.0008,0.3808,0.0008,-0.012861609,-0.00035232306,-0.014082037,0.05704964,0.0005725771,0.0824,0.4608,0.0008,0.48240000000000005,0.0056,0.468,0.0016,0.039597206,0.00749214,0.03530693,0.00066819676,0.8072,-2.3593285,1.2016,0.0008,1.2072,0.0008,1.2064,0.0008,-0.01878857,-0.030010492,0.058970414
-0.06678398,0.0007651076,0.012,0.31679999999999997,0.0008,0.4072,0.004,0.3904,0.0008,0.031628862,0.0050416067,0.026414286,0.057103906,0.0005183108,-0.07919999999999999,0.29200000000000004,0.0008,0.3176,0.0008,0.29200000000000004,0.0008,-0.006900251,0.0,-0.0058566704,0.00078540674,0.012,-0.22784868,0.31679999999999997,0.0008,0.4072,0.004,0.3416,0.0008,0.032370046,0.004307586,0.027787887
-0.06680284,0.0005620681,-0.29359999999999997,0.092,0.0016,0.1064,0.0024,0.1032,0.0024,-0.00038442016,0.0,0.0046082363,0.057094865,0.00075925887,1.5575999999999999,1.9512,0.0008,1.9551999999999998,0.0032,1.9512,0.0032,0.046144567,0.057384223,0.0038313568,0.00078899664,1.5575999999999999,1.8462223,1.9512,0.0008,1.956,0.0032,1.9512,0.0008,0.0445099,0.05653221,0.0048184628
-0.066904694,0.00055297837,0.0864,0.4744,0.0008,0.48240000000000005,0.0008,0.4744,0.0008,0.050271343,0.019779999,0.03529332,0.057231452,0.0006226711,0.32080000000000003,0.696,0.0008,0.72,0.0008,0.7192000000000001,0.0008,0.029511906,0.008971881,0.038092457,0.0006977593,0.6168,-2.4940479,0.972,0.0008,1.0152,0.0008,1.0152,0.0008,-0.057897244,-0.05141747,-0.058269467
-0.06700742,0.00065570325,1.224,1.6072,0.0008,1.6232,0.0016,1.616,0.0016,0.087704286,0.0970017,0.03291828,0.057150982,0.0005871877,0.0064,0.4008,0.0008,0.4008,0.0008,0.4008,0.0008,0.01634913,0.0014508069,0.014957689,0.0007300552,0.0064,0.9345065,0.0032,0.0008,0.40559999999999996,0.004,0.39840000000000003,0.0008,0.06526494,0.0020424055,0.06375024
-0.0670072,0.00065547973,0.19360000000000002,0.5864,0.0008,0.5936,0.0016,0.5936,0.0008,0.0011070594,0.02559935,-0.03328697,0.05717742,0.0005607493,1.2632,1.66,0.0008,1.6632,0.0024,1.66,0.0008,0.018435024,0.016120646,0.0048644133,0.0006828138,1.5704,2.9991462,1.8479999999999999,0.0008,1.9647999999999999,0.0008,1.9544,0.0008,0.0015212875,0.01841386,-0.00049476133
-0.06703627,0.0006845556,0.0056,0.3816,0.0048,0.40559999999999996,0.0072,0.3816,0.0048,0.040442936,0.0016853213,0.03900061,0.057259746,0.0005943775,0.116,0.48800000000000004,0.0008,0.516,0.0016,0.5064000000000001,0.0016,0.0136251,0.012322433,0.008175291,0.00072241033,0.26399999999999996,-1.2310206,0.6328,0.0008,0.66,0.0024,0.64,0.0008,0.00063250354,-0.0075534005,0.0008721268
-0.067210235,0.0006366223,0.0064,0.396,0.0048,0.40559999999999996,0.0064,0.40480000000000005,0.0056,0.07904847,0.0020973496,0.07760616,0.057407707,0.0005623698,0.49520000000000003,0.8904,0.0008,0.8952,0.0016,0.8927999999999999,0.0008,-0.026268564,-0.010768808,0.00040071458,0.0006896512,0.036,0.70404685,0.3896,0.0008,0.4352,0.0024,0.4344,0.0008,0.04324919,0.01048166,0.034738403
-0.06739241,0.00070784613,0.0304,0.4248,0.0016,0.4248,0.0056,0.4248,0.0016,-0.013431054,0.010366838,-0.029407628,0.057467766,0.0006182641,0.492,0.8344,0.0008,0.892,0.004,0.8744000000000001,0.0008,-0.023421802,-0.0069359466,-0.027016357,0.00073855853,1.3248,-3.0365245,1.7232,0.0008,1.7232,0.0008,1.7232,0.0008,0.015813347,0.047090203,0.037703462
-0.067548186,0.00064172596,0.0072,0.3416,0.0016,0.4024,0.012,0.4024,0.0016,-0.03727856,0.002114229,-0.0410508,0.05767277,0.0006451681,0.3504,0.7416,0.0008,0.7416,0.0016,0.7416,0.0008,-0.020751297,0.00452742,-0.046724856,0.0007131019,0.5776,2.8844502,0.9688,0.0016,0.9775999999999999,0.0032,0.9688,0.0024,0.030775437,-0.0066666696,0.08145025
-0.06791365,0.00089624524,0.0112,0.3952,0.0008,0.41119999999999995,0.0064,0.3968,0.0016,0.011818223,0.0058905,0.007047437,0.05780426,0.00062962994,0.848,1.2311999999999999,0.0008,1.2448,0.0008,1.236,0.0008,0.0378626,0.033490576,0.012201168,0.00089763117,0.0112,0.055578157,0.3952,0.0008,0.41119999999999995,0.0064,0.3968,0.0016,0.013903225,0.005997476,0.009075392
-0.068080075,0.0007298216,0.0344,0.3944,0.0008,0.4344,0.0016,0.4032,0.0008,-0.0033806227,0.009747375,-0.015695885,0.057981208,0.00056863576,-0.252,0.136,0.0008,0.148,0.0008,0.148,0.0008,-0.007884383,0.0,0.0010440275,0.00076922495,0.5664,-0.32145956,0.9248000000000001,0.0008,0.9663999999999999,0.0008,0.9304,0.0008,-0.0007163668,0.010731808,-0.06987569
-0.06847705,0.0005720556,-0.3448,0.008,0.0008,0.0552,0.0016,0.044,0.0016,0.079998344,0.0,0.06435461,0.05817369,0.0006080605,0.844,1.24,0.0008,1.2424,0.0008,1.2424,0.0008,-0.022957578,-0.015604001,-0.02335443,0.00070167374,0.844,1.0483195,0.98,0.0008,1.2424,0.0008,1.24,0.0008,0.020026715,0.021503374,0.0018774978
-0.068727784,0.00071183965,1.3816,1.7792000000000001,0.0008,1.7792000000000001,0.0008,1.7792000000000001,0.0008,0.06312268,0.083249584,0.00039433315,0.058191314,0.00059043616,-0.08,0.312,0.0008,0.31520000000000004,0.0008,0.3128,0.0008,0.025975458,0.0,0.028642386,0.000859627,-0.0192,-2.5863605,0.3248,0.0008,0.38,0.0008,0.38,0.0008,-0.06733299,0.0,-0.06630309
-0.068890445,0.0006526038,0.008799999999999999,0.3448,0.0016,0.4072,0.008,0.3992,0.0056,0.100026354,0.0017421581,0.099582575,0.0583947,0.000618957,0.0872,0.324,0.0008,0.4816,0.0016,0.4752,0.0008,0.088295765,0.014243707,0.07820782,0.00075406645,0.0872,0.96285486,0.328,0.0008,0.4816,0.0016,0.47759999999999997,0.0008,0.12960836,0.024881924,0.116131455
-0.06896655,0.0007287115,0.0064,0.3352,0.0032,0.4032,0.0032,0.4024,0.0032,0.10362839,0.00094796345,0.103295535,0.058486532,0.00052712485,-0.1296,0.256,0.0008,0.2696,0.0008,0.256,0.0008,0.020814583,0.0,0.025568672,0.00081208954,0.3544,0.7063967,0.5871999999999999,0.0016,0.7512,0.0032,0.7344,0.0016,0.09234139,0.05289286,0.048851725
-0.06878615,0.0007702075,-0.3368,0.0528,0.0008,0.061599999999999995,0.0056,0.0584,0.0008,0.019697603,0.0,0.027020186,0.058328606,0.0005690977,0.13199999999999998,0.5288,0.0032,0.532,0.0032,0.5312,0.0032,-0.023888297,0.0069360808,-0.03873033,0.00089362153,-0.3368,0.53180224,0.0128,0.0008,0.062400000000000004,0.0016,0.0584,0.0008,0.0048637986,0.0,0.022993594
-0.06861995,0.0008259043,0.0064,0.1752,0.0016,0.40480000000000005,0.008,0.39840000000000003,0.0032,0.06435523,0.0015036054,0.06213626,0.058255784,0.0005259663,-0.2008,0.1952,0.0008,0.1952,0.0024,0.1952,0.0008,0.04522398,0.0,0.03316483,0.00087669195,0.0064,0.34205037,0.39840000000000003,0.0024,0.40480000000000005,0.0072,0.39840000000000003,0.0032,0.07579607,0.002166673,0.07288889
-0.06843,0.00052500516,-0.2712,0.12560000000000002,0.0008,0.12639999999999998,0.0016,0.12560000000000002,0.0008,-0.012099158,0.0,-0.0071064606,0.05811293,0.00066882,1.072,1.3848,0.0008,1.4696,0.0016,1.4552,0.0008,-0.00892733,-0.008333571,0.003929071,0.0006959499,1.2624,-3.1029303,1.6488,0.0008,1.6623999999999999,0.0016,1.6488,0.0008,0.012435182,0.03280215,0.0008587575
-0.06822586,0.0006537102,0.0112,0.3912,0.0008,0.41040000000000004,0.0048,0.396,0.004,0.07001089,0.0034935772,0.06790287,0.057963815,0.0007019825,0.0056,0.40559999999999996,0.0008,0.40559999999999996,0.0016,0.40559999999999996,0.0008,0.028003655,0.0012033693,0.027076028,0.00088733976,0.0056,0.91262007,0.25279999999999997,0.0008,0.40559999999999996,0.008799999999999999,0.3808,0.0032,0.06497786,0.0015793431,0.06370109
-0.06801484,0.00077553093,0.0064,0.2904,0.0024,0.4032,0.0136,0.392,0.0024,0.07494955,0.0020991825,0.07261962,0.0577871,0.0006467886,0.0032,0.3728,0.0008,0.4016,0.0016,0.3904,0.0016,-0.019305438,0.00049999356,-0.019769251,0.0008161061,-0.1456,-1.9923725,0.1456,0.0008,0.252,0.0048,0.1472,0.0008,-0.013054142,0.0,-0.011849292
-0.06775189,0.00051258877,-0.3032,0.0896,0.0008,0.0952,0.0008,0.0896,0.0008,0.026745114,0.0,0.020088162,0.05769643,0.0006215088,0.9767999999999999,1.328,0.0008,1.3752,0.0008,1.3408,0.0008,-0.025743328,-0.025330495,-0.026967164,0.0006469778,0.9767999999999999,1.2892753,1.328,0.0008,1.3752,0.0024,1.3408,0.0008,-0.017299667,-0.017334033,-0.029942956
-0.06754575,0.00075023994,1.1432,1.3712000000000002,0.0008,1.54,0.0032,1.5392000000000001,0.0024,0.08360553,0.10217889,0.02486645,0.05750464,0.00058139116,0.0824,0.4752,0.0008,0.4816,0.0024,0.4752,0.0016,0.045976616,0.0041097105,0.044817083,0.0007502416,1.1432,0.0021649394,1.3712000000000002,0.0008,1.54,0.0032,1.5392000000000001,0.0024,0.08370486,0.10228635,0.024879195
-0.06750159,0.00070608035,0.041600000000000005,0.32080000000000003,0.0048,0.4384,0.0056,0.43119999999999997,0.0048,-0.0053223595,0.0024330132,-0.0077632293,0.05744249,0.00075949356,0.164,0.5176000000000001,0.0016,0.5536,0.0024,0.544,0.0024,0.04771342,0.015392583,0.025682278,0.0007891588,0.7936,-2.7733388,1.0583999999999998,0.0016,1.1936,0.0048,1.1776,0.0016,-0.012210671,-0.019814674,0.007563523
-0.0673973,0.0004908368,0.0048,0.4024,0.0032,0.4032,0.0064,0.4024,0.0032,0.013425879,0.0016136356,0.012649238,0.057428345,0.0007736385,-0.28159999999999996,0.0976,0.0008,0.1152,0.0024,0.09839999999999999,0.0016,-0.004757218,0.0,0.003707379,0.00079315226,-0.28159999999999996,1.7930768,0.017599999999999998,0.0008,0.1152,0.0024,0.09839999999999999,0.0016,-0.0075999745,0.0,-0.0012025218
-0.067396626,0.00071206316,0.0072,0.39840000000000003,0.0016,0.40559999999999996,0.0016,0.4016,0.0016,0.02190724,0.0029691644,0.019799218,0.0573808,0.0005892776,-0.2096,0.1856,0.0016,0.1904,0.0016,0.1856,0.0016,-0.008519463,0.0,-0.0058525354,0.00072303193,0.0072,0.17440777,0.3976,0.0016,0.40559999999999996,0.0016,0.39840000000000003,0.0016,0.020096555,0.003120061,0.017899789
-0.06739485,0.0005993396,0.0072,0.38239999999999996,0.0008,0.4064,0.0032,0.4064,0.0008,0.01392135,0.001067087,0.013588492,0.05738776,0.000582315,0.0216,0.4144,0.0008,0.4192,0.0016,0.4144,0.0016,0.016867623,0.00088047236,0.015939996,0.0006752932,1.1711999999999998,0.76232684,1.4288,0.0008,1.5704,0.0008,1.564,0.0008,0.021717235,0.025790926,0.0072521744
-0.067428805,0.0006332919,0.0768,0.41600000000000004,0.0008,0.4752,0.0056,0.4712,0.0008,-0.021412972,0.017193448,-0.043935485,0.057363868,0.00049025565,-0.2368,0.15839999999999999,0.0008,0.1616,0.0008,0.15839999999999999,0.0008,0.02934213,0.0,0.025863528,0.0007300166,1.2944,-2.2814097,1.5888,0.0008,1.6944000000000001,0.0024,1.688,0.0008,-0.008272558,-0.0017450685,0.013769808
-0.06737733,0.00058181956,0.20559999999999998,0.5952000000000001,0.0008,0.6048,0.0008,0.596,0.0008,0.017978627,0.023822542,-0.012199305,0.057349265,0.0006208122,0.9848000000000001,1.384,0.0008,1.3848,0.0024,1.384,0.0008,-0.0045829713,-0.01011692,0.02379492,0.00070849486,1.5464,-2.693717,1.9255999999999998,0.0008,1.944,0.0008,1.944,0.0008,-0.014220714,-0.03906169,-0.0016706984
-0.06741549,0.0006199777,0.004,0.3656,0.0008,0.404,0.0112,0.3968,0.0112,-0.008654401,0.0009918734,-0.0099857785,0.057365265,0.00060481206,1.192,1.5536,0.0008,1.5904,0.0008,1.5864,0.0008,0.021334417,0.031055756,0.014048502,0.0007057588,1.1808,0.76518583,1.5424,0.0008,1.5784,0.0032,1.5608,0.0008,0.00853572,0.015494981,0.026629888
-0.06727725,0.0007036403,0.0048,0.39280000000000004,0.0008,0.40480000000000005,0.012,0.40480000000000005,0.012,-0.066620454,0.0023357049,-0.06806278,0.05722751,0.00074256584,-0.3584,0.04,0.0016,0.041600000000000005,0.0112,0.0408,0.0056,0.13450637,0.0,0.06342695,0.00094220636,0.0048,0.7275581,0.39840000000000003,0.0008,0.40480000000000005,0.012,0.404,0.008,0.039701007,0.0034735245,0.03739004
-0.067271926,0.0005873628,0.008,0.3912,0.0008,0.4072,0.004,0.4024,0.004,-0.05053502,0.00199043,-0.05464011,0.05734555,0.0006245263,-0.064,0.3336,0.0008,0.3352,0.0016,0.3336,0.0016,-0.032987043,0.0,-0.026957467,0.00090292864,1.316,-1.7819856,1.1967999999999999,0.0016,1.7047999999999999,0.004,1.6544,0.0016,0.042847447,0.105156854,0.014493952
-0.06720003,0.000626415,0.0584,0.3816,0.0008,0.45680000000000004,0.0016,0.41600000000000004,0.0008,-0.004606746,0.010890357,-0.014370229,0.057339057,0.0006310195,0.49679999999999996,0.8008000000000001,0.0008,0.8968,0.0008,0.8815999999999999,0.0008,0.019655533,0.011188127,0.021046974,0.0006639546,-0.1776,-2.678487,0.15839999999999999,0.0016,0.2216,0.0064,0.18239999999999998,0.0024,-0.004659177,0.0,-0.004330812
-0.067323625,0.0006390624,0.008,0.38799999999999996,0.004,0.40559999999999996,0.0056,0.404,0.0056,0.041826613,0.00394975,0.038609117,0.057294995,0.0005591288,-0.3416,0.04,0.0008,0.0576,0.0016,0.0472,0.0016,0.015597723,0.0,0.015945584,0.0006534967,0.8264,-0.21056898,1.2160000000000002,0.0008,1.224,0.0016,1.2224,0.0008,0.037642572,0.027417801,0.021073405
-0.06746497,0.000669457,0.008,0.3912,0.0024,0.4032,0.004,0.3912,0.0024,0.0038225874,0.002922345,0.00093793124,0.05727227,0.0005818531,-0.3976,0.0,0.0008,0.0,0.0024,0.0,0.0008,0.06545444,0.0,0.03368321,0.00075540395,0.008,0.48166707,0.3272,0.0024,0.40559999999999996,0.0096,0.3912,0.0024,0.03370991,0.0030829622,0.030616295
-0.067397736,0.0006022267,0.0328,0.3792,0.0008,0.4328,0.0032,0.392,0.0032,-0.044827413,0.012154043,-0.062246308,0.05744597,0.00052410737,-0.30400000000000005,0.072,0.0008,0.0944,0.0024,0.072,0.0008,0.043712005,0.0,0.04591512,0.00081306667,0.784,-2.2444968,1.1663999999999999,0.004,1.184,0.0064,1.172,0.0056,-0.0061946996,-0.030125853,0.07082839
-0.06766668,0.0006492734,0.010400000000000001,0.404,0.0008,0.41040000000000004,0.0072,0.4088,0.0072,0.015756283,0.0044463873,0.01020886,0.057615258,0.0005867258,-0.2616,0.124,0.0008,0.1384,0.0008,0.12560000000000002,0.0008,-0.010085896,0.0,-0.000577718,0.0008751018,0.010400000000000001,0.7348364,0.34400000000000003,0.0016,0.41040000000000004,0.004,0.3952,0.0016,0.004927975,0.0042925216,-0.0005095117
-0.06788968,0.0007613264,0.0064,0.40559999999999996,0.0008,0.40559999999999996,0.0112,0.40559999999999996,0.0008,0.010704301,0.0037606955,0.00693205,0.057664886,0.00065305084,1.5776,1.9096,0.0016,1.9768,0.0024,1.9096,0.0024,0.078154296,0.08966992,0.0019359961,0.00078449264,0.0064,0.24362539,0.40559999999999996,0.0008,0.40559999999999996,0.0072,0.40559999999999996,0.0008,0.02924078,0.004014828,0.025300216
-0.06808074,0.0007304847,0.0056,0.3568,0.008,0.4032,0.008,0.3944,0.008,0.020747542,0.002561573,0.01775194,0.057791974,0.00075786933,0.4424,0.8104,0.0008,0.84,0.0008,0.8384,0.0008,0.029913478,0.021613535,0.002084665,0.00083768455,0.0056,0.511465,0.2736,0.0008,0.4032,0.008,0.3944,0.0056,0.03273376,0.0030142386,0.029383704
-0.06815108,0.00068987533,0.24480000000000002,0.6312,0.0008,0.6447999999999999,0.0008,0.6312,0.0008,0.035003904,0.030922167,0.015033178,0.057882186,0.0006676577,0.3216,0.6392,0.0008,0.7176,0.004,0.7176,0.0008,0.06417783,0.013300948,0.061858766,0.00071936107,0.24480000000000002,0.28730458,0.6312,0.0008,0.6447999999999999,0.0008,0.6312,0.0008,0.051755093,0.032872867,0.031354364
-0.06832504,0.00097478926,0.0056,0.24400000000000002,0.0008,0.40480000000000005,0.0056,0.35919999999999996,0.0016,0.0019369051,0.0022746362,-0.0011696443,0.057971,0.00057884306,0.14959999999999998,0.5279999999999999,0.0008,0.5464,0.0008,0.5408,0.0008,-0.030838907,0.0015665367,-0.039303504,0.001001782,0.0056,0.2326655,0.24400000000000002,0.0008,0.40480000000000005,0.0056,0.35919999999999996,0.0024,-0.0052258745,0.0026128897,-0.008569543
-0.06831418,0.000852976,0.0096,0.0552,0.0016,0.39999999999999997,0.0016,0.39840000000000003,0.0016,0.01099167,0.0039116666,0.0077741705,0.057951294,0.00059854984,-0.212,0.1784,0.0008,0.1848,0.0056,0.1848,0.0008,0.012347117,0.0,0.008404702,0.0008635519,0.0096,0.1566658,0.39840000000000003,0.0016,0.40559999999999996,0.0016,0.39999999999999997,0.0016,0.012783522,0.003971295,0.00942451
-0.06816817,0.0008179173,0.0072,0.364,0.0016,0.4064,0.012,0.364,0.0016,0.07034796,0.0032561682,0.06701949,0.057898186,0.0006516576,0.0072,0.3504,0.0008,0.4064,0.0016,0.4064,0.0008,0.081978485,0.0016905963,0.080703,0.0010457755,0.0072,0.6727426,0.3504,0.0016,0.4064,0.0016,0.4032,0.0016,0.10610376,0.0036001669,0.10270572
-0.06806565,0.0009372942,0.004,0.20879999999999999,0.0024,0.4024,0.008,0.2776,0.0024,0.061689373,0.0021346547,0.0601361,0.057725646,0.00070824474,0.24,0.628,0.0032,0.64,0.0032,0.628,0.0032,0.07479176,0.0165122,0.07560343,0.00100419,0.004,0.36706862,0.1632,0.0008,0.392,0.008,0.22719999999999999,0.0024,0.084421165,0.0023062192,0.08268007
-0.067722596,0.0005942397,-0.23120000000000002,0.1312,0.0008,0.16799999999999998,0.0008,0.1616,0.0008,0.013424575,0.0,0.023853738,0.05759949,0.0006024949,1.0632000000000001,1.46,0.0008,1.4616,0.0016,1.4616,0.0008,-0.0042888597,-0.005740043,-0.0049254037,0.00070032594,0.0064,0.55761653,0.3688,0.0024,0.4024,0.0072,0.38799999999999996,0.0024,0.009121491,0.0029464753,0.005413849
-0.06745122,0.000655707,1.4816,1.8672000000000002,0.0008,1.8816,0.0008,1.8744,0.0008,-0.045655582,-0.09504773,-0.009022336,0.05742092,0.0005491562,0.0304,0.38799999999999996,0.0008,0.4304,0.0016,0.38799999999999996,0.0008,0.03154055,0.0038227886,0.028525762,0.0007464505,1.4632,2.7026188,1.8096,0.0008,1.8608,0.0016,1.8175999999999999,0.0016,0.054731973,0.10936831,0.013172353
-0.06718805,0.0006144345,0.035199999999999995,0.36,0.0008,0.43360000000000004,0.0008,0.43360000000000004,0.0008,0.0433254,0.010614656,0.033894796,0.057349723,0.00062035397,0.1272,0.39840000000000003,0.0016,0.5224,0.0016,0.5144,0.0016,0.045168035,0.010279801,0.04087776,0.00079367333,0.1272,2.2443278,0.372,0.0008,0.52,0.0016,0.38480000000000003,0.0008,0.008280185,-0.0030752327,0.011224365
-0.066985235,0.00074446574,0.0008,0.39359999999999995,0.0016,0.3992,0.008,0.3992,0.0016,0.025575552,0.00018972158,0.025131758,0.057139155,0.00048306212,-0.3864,0.008,0.0032,0.0128,0.0032,0.008,0.0032,0.025684066,0.0,0.018494956,0.0007566431,0.0008,0.17965138,0.39359999999999995,0.0016,0.3992,0.008,0.3944,0.0016,0.029753335,0.00019010768,0.029358122
-0.06677843,0.0006486103,0.5416000000000001,0.6912,0.0008,0.9416,0.0024,0.9416,0.0016,-0.005376477,0.0041898564,-0.030894604,0.057032477,0.0007056929,0.6424,1.0415999999999999,0.0008,1.0415999999999999,0.0008,1.0415999999999999,0.0008,0.05444088,0.038619693,0.034200255,0.00072619686,-0.35760000000000003,-1.9061316,0.0304,0.0008,0.0376,0.0008,0.0304,0.0008,-0.0496392,0.0,-0.036755953
-0.06667569,0.00065682083,-0.0024,0.24960000000000002,0.0016,0.3896,0.0024,0.3264,0.0024,-0.033609994,0.0,-0.03194577,0.056948297,0.0006739199,1.448,1.7631999999999999,0.0008,1.8472000000000002,0.0048,1.824,0.0008,-0.036410816,-0.03864705,0.005366102,0.0006884825,0.8360000000000001,-2.9401498,1.1767999999999998,0.0008,1.2352,0.0008,1.2191999999999998,0.0008,0.040215556,0.02546887,0.04922785
-0.066701874,0.0006830022,0.0032,0.4008,0.0056,0.4016,0.010400000000000001,0.4008,0.0056,0.079665214,0.0014006272,0.07800099,0.05702112,0.00060109794,0.056,0.4552,0.0016,0.4552,0.0016,0.4552,0.0016,-0.024587631,0.0074067935,-0.036646783,0.00069666276,0.0072,0.19835827,0.312,0.0016,0.40559999999999996,0.0064,0.40480000000000005,0.004,0.073257856,0.004231605,0.0692918
-0.066670366,0.0008733906,0.004,0.1448,0.0016,0.404,0.0096,0.376,0.004,0.04482846,0.0023698807,0.04216569,0.05699607,0.0005101934,-0.25120000000000003,0.148,0.0008,0.14880000000000002,0.0008,0.148,0.0008,-0.0026687905,0.0,-0.005451672,0.0010114883,0.004,0.5286855,0.1608,0.0016,0.404,0.008799999999999999,0.4032,0.004,0.03736193,0.0029236204,0.034185406
-0.066817924,0.0006881058,0.4256,0.8048,0.0008,0.8248,0.0024,0.8048,0.0008,0.08315763,0.047427204,0.05364542,0.056950614,0.0006716028,-0.17200000000000001,0.2008,0.0008,0.22719999999999999,0.0016,0.2064,0.0008,0.013335608,0.0,0.017973743,0.0007022175,0.4256,-0.20081641,0.8048,0.0008,0.8248,0.0024,0.8064,0.0008,0.07882646,0.04264976,0.053816147
-0.066671476,0.0008745007,0.0072,0.1728,0.0008,0.4064,0.0072,0.35600000000000004,0.0008,-0.00016026944,0.003987305,-0.0055967383,0.05704222,0.0005799979,0.024,0.3992,0.0008,0.42,0.0008,0.3992,0.0008,0.063831165,0.0033695772,0.062091865,0.0009047869,0.0072,0.25946778,0.1728,0.0008,0.4032,0.0072,0.392,0.0016,0.016222015,0.0045088637,0.010402275
-0.06687984,0.0006390698,0.0064,0.3128,0.004,0.40480000000000005,0.016,0.3776,0.008,0.05692474,0.0017841049,0.054927673,0.057094865,0.0006433055,0.7128,0.9663999999999999,0.0016,1.1119999999999999,0.0016,1.06,0.0016,0.03327374,0.01382605,0.052723385,0.0006722906,1.0535999999999999,1.276085,1.3792,0.0008,1.4528,0.0056,1.4008,0.0024,0.048373748,0.050000176,0.035984587
-0.06679863,0.0006688088,0.0528,0.4528,0.0008,0.4528,0.0016,0.4528,0.0008,0.039842416,0.009525329,0.027638093,0.05718345,0.0006706752,0.0432,0.33039999999999997,0.0008,0.4424,0.0048,0.39999999999999997,0.0016,0.024351217,0.0031697452,0.022843823,0.0007370713,-0.3912,-2.4164467,0.0,0.0008,0.0032,0.0008,0.0,0.0008,-0.04596898,0.0,-0.05306422
-0.0669149,0.00067413226,0.0464,0.44639999999999996,0.0024,0.44639999999999996,0.0024,0.44639999999999996,0.0024,-0.024174899,0.003041409,-0.027836192,0.05710298,0.0005192384,-0.35600000000000004,0.0248,0.0008,0.0384,0.0008,0.0248,0.0008,-0.0042333603,0.0,-0.0017983392,0.00067640684,0.0464,0.08203211,0.44639999999999996,0.0024,0.44639999999999996,0.0024,0.44639999999999996,0.0024,-0.024440488,0.0031615724,-0.028108466
-0.06699322,0.00075245276,0.0064,0.3376,0.0024,0.4032,0.0096,0.3712,0.0032,0.041217655,0.0021364242,0.039664377,0.05723099,0.00050717965,0.048,0.4344,0.0008,0.4472,0.0008,0.4344,0.0008,0.008753903,0.0074720085,-0.0026095286,0.00075594586,0.0064,-0.09616998,0.3376,0.0024,0.4032,0.0096,0.3712,0.0032,0.040186636,0.001981899,0.038785275
-0.06705934,0.0008185692,0.008,0.26080000000000003,0.0008,0.408,0.008799999999999999,0.3816,0.004,0.033662137,0.0034149103,0.030333687,0.057190638,0.000547532,-0.0688,0.3216,0.0008,0.33039999999999997,0.0008,0.3216,0.0008,0.012233213,0.0,0.01490014,0.00084494974,-0.3368,-1.5211495,0.0472,0.0008,0.06319999999999999,0.0064,0.0472,0.0008,-0.010547609,0.0,-0.01178849
-0.06721977,0.00064615905,0.49839999999999995,0.8672000000000001,0.0008,0.8976,0.0016,0.8824,0.0016,0.06689359,0.051958773,0.024844095,0.05733535,0.00051877275,-0.3888,0.0,0.0016,0.0112,0.0032,0.0,0.0016,-0.058501855,0.0,-0.028469928,0.0007428472,1.2064,2.7451158,1.5648,0.0008,1.6064,0.0024,1.5984,0.0008,-0.08429618,-0.08529562,-0.01878446
-0.06732651,0.00053099915,0.056,0.45439999999999997,0.0008,0.456,0.004,0.4552,0.0008,0.0053784177,0.011762604,-0.008933935,0.05737987,0.0005902052,0.0144,0.3832,0.0008,0.4144,0.0008,0.4144,0.0008,-0.002953738,0.001463376,-0.004229225,0.00070092554,0.8016,2.9602797,1.1896,0.0008,1.1976,0.0048,1.1896,0.0008,-0.0058228783,-0.027763393,0.08195336
-0.06754198,0.0007464662,0.004,0.3856,0.0048,0.404,0.008799999999999999,0.3952,0.0048,0.07234706,0.00073673204,0.07179232,0.05751021,0.00057582185,-0.1016,0.2832,0.0008,0.296,0.0008,0.28640000000000004,0.0008,0.0075916126,0.0,-0.0002932176,0.000754823,0.004,0.14894022,0.3856,0.0048,0.404,0.008799999999999999,0.3952,0.0048,0.07267262,0.0009321247,0.07191755
-0.067776516,0.00064815953,0.0032,0.38720000000000004,0.0008,0.4024,0.012,0.392,0.0016,0.054751556,0.0012612566,0.05397492,0.057680428,0.0007534623,1.4776,1.8288,0.0008,1.8752,0.0008,1.8736,0.0008,0.016751781,0.035801955,0.007327132,0.00081678,1.4776,1.1744531,1.8288,0.0008,1.8768,0.0048,1.8703999999999998,0.0008,0.036589872,0.05363505,0.01043509
-0.06814531,0.0006841123,0.0128,0.412,0.0024,0.412,0.0056,0.412,0.0024,0.12487529,0.004399795,0.120659254,0.057870355,0.0006794892,0.0064,0.3296,0.0016,0.40559999999999996,0.0024,0.4008,0.0016,0.043717407,0.0020732656,0.04209406,0.0008217939,0.0064,0.97345966,0.39999999999999997,0.0016,0.40559999999999996,0.0024,0.40559999999999996,0.0024,0.106382295,0.0023587476,0.10460324
-0.06838873,0.0007056296,0.8344,1.232,0.0016,1.2336,0.0024,1.2336,0.0024,-0.0029963814,0.011702195,-0.047650687,0.058064926,0.0006008707,-0.32,0.07759999999999999,0.0016,0.07919999999999999,0.0024,0.07919999999999999,0.0024,-0.008058444,0.0,-0.005507469,0.00080591213,1.556,-2.7241225,1.9248000000000003,0.0008,1.9512,0.0008,1.9248000000000003,0.0008,0.006006334,0.045025475,0.0009991651
-0.06868896,0.000783965,0.0304,0.364,0.0008,0.4296,0.012,0.42160000000000003,0.0008,0.083712295,0.011484105,0.0731722,0.05820987,0.0006878339,0.004,0.26,0.0016,0.4016,0.0016,0.3352,0.0016,0.009506166,0.00030842796,0.009042352,0.0009623223,0.004,0.7962874,0.2616,0.0016,0.4032,0.008799999999999999,0.3376,0.0048,0.06534013,0.0010995935,0.06361193
-0.06887979,0.0006419495,0.0056,0.348,0.0016,0.40559999999999996,0.0048,0.3816,0.0024,0.09613893,0.0016089864,0.0949185,0.058321647,0.0006920099,1.0312,1.404,0.0008,1.4304000000000001,0.0008,1.404,0.0008,0.04765699,0.050874934,-0.0068124086,0.0007898063,0.0064,0.6218648,0.3488,0.0016,0.4032,0.004,0.3944,0.0016,0.105903774,0.002825487,0.103222415
-0.06894281,0.0005940199,-0.2112,0.14959999999999998,0.0008,0.188,0.0016,0.1832,0.0016,0.073503345,0.0,0.06096613,0.058334403,0.00067925453,0.5840000000000001,0.9808,0.0016,0.984,0.0016,0.984,0.0016,0.05443961,0.038187794,0.034611583,0.0006956684,0.5840000000000001,1.3531369,0.9808,0.0016,0.984,0.0016,0.984,0.0016,0.06902781,0.049036615,0.039365366
-0.06891841,0.00068056583,0.010400000000000001,0.4072,0.0048,0.408,0.0072,0.4072,0.0048,0.04333544,0.002190452,0.04078363,0.05840096,0.0004967451,-0.28080000000000005,0.1144,0.0016,0.1168,0.0016,0.1144,0.0016,-0.00046280771,0.0,0.0002329126,0.00077985396,0.010400000000000001,0.51012456,0.3264,0.0024,0.408,0.0096,0.4072,0.004,0.037592154,0.002403704,0.035308607
-0.06887956,0.0006417185,-0.2128,0.1816,0.0008,0.1872,0.0016,0.1816,0.0016,0.061567128,0.0,0.050028488,0.05830912,0.0005885847,1.0856000000000001,1.4791999999999998,0.0008,1.4856,0.0016,1.4808000000000001,0.0008,0.0018618852,0.005820174,0.016105626,0.0007295799,0.852,-1.9145261,1.1928,0.0008,1.2408000000000001,0.004,1.2111999999999998,0.0016,-0.022501156,-0.019374317,-0.03293308
-0.068591766,0.00090866536,0.0072,0.35760000000000003,0.004,0.4064,0.010400000000000001,0.3808,0.004,0.06385015,0.0030743778,0.060854543,0.058169745,0.000727959,1.524,1.8544,0.0008,1.9216,0.0008,1.8544,0.0008,-0.012112603,-0.013955049,-0.0008797422,0.00092067017,0.0072,0.16166434,0.2656,0.004,0.4064,0.010400000000000001,0.35760000000000003,0.004,0.06106794,0.0032676323,0.057980746
-0.06837831,0.0006952062,0.0136,0.4128,0.0016,0.4136,0.0016,0.4128,0.0016,0.08560319,0.0048287883,0.08282948,0.05806052,0.0007212311,0.3416,0.728,0.0008,0.7384,0.0008,0.728,0.0008,0.00011725724,0.015183382,-0.025856301,0.0007637948,0.3416,1.2353802,0.728,0.0008,0.7416,0.0008,0.728,0.0008,0.028288059,0.027214292,0.0009133625
-0.06802882,0.0005676225,0.0032,0.3968,0.0056,0.4024,0.0136,0.3992,0.0112,0.037400078,-5.9437007e-05,0.03728913,0.05790236,0.00064748526,0.0288,0.384,0.0008,0.42879999999999996,0.0024,0.4248,0.0008,0.012292996,0.0032495335,0.0118291825,0.00070349185,0.008,0.63197166,0.404,0.0008,0.4072,0.0064,0.404,0.0008,0.037438713,0.0029264311,0.034189522
-0.06798332,0.0007440187,0.0072,0.39840000000000003,0.0056,0.39840000000000003,0.0064,0.39840000000000003,0.0056,0.15870754,0.0022582114,0.1581528,0.057650276,0.0006676614,0.0024,0.22,0.0008,0.4024,0.0072,0.252,0.0016,0.017337322,0.00049559027,0.016409695,0.0009200801,0.0024,0.811987,0.0408,0.0016,0.4024,0.010400000000000001,0.3624,0.0016,0.12178092,0.0004449651,0.121336795
-0.067695305,0.0007888451,0.008,0.35600000000000004,0.0024,0.408,0.0072,0.39359999999999995,0.0024,0.047654387,0.0030067228,0.045213517,0.05755195,0.00053407997,-0.3088,0.0856,0.0008,0.09040000000000001,0.0008,0.0856,0.0008,0.05490227,0.0,0.039248563,0.0008928082,0.008,0.48739684,0.35600000000000004,0.0024,0.39359999999999995,0.0032,0.39359999999999995,0.0024,0.06781751,0.0036373318,0.065280735
-0.06753687,0.00085230544,0.0072,0.3136,0.0008,0.4016,0.0072,0.4016,0.0016,0.067289606,0.0037875436,0.0649597,0.05740306,0.00056701526,0.7632,1.1463999999999999,0.0008,1.1632,0.0008,1.1616,0.0008,0.041341387,0.022968784,0.05565402,0.0008800304,0.0072,0.2516799,0.392,0.0008,0.4016,0.0072,0.4016,0.0016,0.07546497,0.003986151,0.07306409
-0.06753287,0.00062640756,0.0264,0.3944,0.0008,0.4224,0.0096,0.4224,0.0008,0.155485,0.0075795427,0.14860618,0.05737593,0.00071009994,-0.1592,0.232,0.0008,0.2408,0.0008,0.232,0.0008,0.023888148,0.0,0.024931729,0.00075660885,-0.1592,1.9232464,0.2048,0.0008,0.2408,0.0008,0.2408,0.0008,-0.03125342,0.0,-0.021235377
-0.06749892,0.0010362566,0.0056,0.1008,0.0024,0.4008,0.0112,0.1096,0.0024,0.10362327,0.004147239,0.10140431,0.057337664,0.00063241273,-0.3744,0.0232,0.0016,0.0256,0.0248,0.0248,0.0032,0.08795435,0.0,0.047138758,0.0010746152,0.0056,0.2679912,0.1008,0.0024,0.4008,0.0112,0.3816,0.0056,0.123214275,0.0043424154,0.120798185
-0.067380205,0.0008065924,1.4064,1.7712,0.0016,1.8064,0.0016,1.8064,0.0016,0.020464111,0.07207045,0.03298827,0.057358306,0.0007277243,1.2224,1.604,0.0008,1.6223999999999998,0.0024,1.604,0.0008,0.017973818,0.032900497,0.034238182,0.000891565,1.4064,0.44013816,1.5632,0.0016,1.8064,0.0016,1.8064,0.0016,0.026171742,0.08670309,0.03694818
-0.06735802,0.00067345425,0.008,0.3392,0.0016,0.3944,0.0064,0.3392,0.0016,-0.009489752,0.0034060925,-0.01281821,0.057427414,0.00054266304,-0.328,0.0688,0.0016,0.072,0.0024,0.0688,0.0016,0.03594704,0.0,0.022148587,0.00070603954,0.0288,0.64897585,0.332,0.0008,0.4272,0.0008,0.36,0.0008,0.014164825,0.007327016,0.009726869
-0.06742392,0.00073935464,0.0064,0.2376,0.0008,0.4032,0.008799999999999999,0.376,0.004,-0.027411561,0.0018097498,-0.029852435,0.057335578,0.0005185455,-0.2792,0.1096,0.0008,0.1184,0.0008,0.1096,0.0008,0.0034810603,0.0,-0.0042878166,0.0008759979,0.2096,-1.4866055,0.5312,0.0008,0.6095999999999999,0.0008,0.6048,0.0008,-0.005773805,-0.008449085,0.007001849
-0.06740972,0.00061420724,0.008,0.3712,0.0008,0.40559999999999996,0.0136,0.40559999999999996,0.008799999999999999,0.066784434,0.0012603253,0.06434357,0.05734764,0.0006224364,-0.016,0.36,0.0008,0.384,0.0008,0.36,0.0008,0.051017776,0.0,0.05043801,0.00079610024,0.0096,0.6895695,0.2792,0.004,0.4096,0.012,0.3856,0.0056,0.08398329,0.0027267742,0.08038254
-0.06741128,0.00072671846,0.0408,0.42160000000000003,0.0024,0.44079999999999997,0.0144,0.43679999999999997,0.0024,0.076173715,0.0020029359,0.07351096,0.05732746,0.0005266629,-0.164,0.2192,0.0008,0.2336,0.0008,0.2192,0.0008,0.023831718,0.0,0.020700976,0.00078421994,0.0408,0.3853236,0.42160000000000003,0.0024,0.44079999999999997,0.0144,0.42160000000000003,0.0024,0.079545796,0.0029736583,0.07550932
-0.06733006,0.0005345531,-0.29279999999999995,0.1056,0.0008,0.1064,0.0008,0.1056,0.0008,0.027350705,0.0,0.031455804,0.057294764,0.0005593598,-0.0816,0.2848,0.0008,0.3176,0.0008,0.31520000000000004,0.0008,0.012639739,0.0,0.008117557,0.00069630623,1.2952,-2.1025093,1.6464,0.0008,1.6952,0.0008,1.6888,0.0008,-0.02476179,-0.029891208,-0.012102979
-0.067306764,0.0006222017,0.0056,0.376,0.0008,0.404,0.008,0.4032,0.004,0.05403523,0.0011379048,0.05359144,0.057279922,0.00069015473,-0.3664,0.0,0.0008,0.033600000000000005,0.0008,0.0,0.0008,-0.016465157,0.0,-0.005565539,0.00077273935,0.0056,0.6348012,0.36160000000000003,0.0008,0.4032,0.004,0.3992,0.0016,0.033744477,0.0015119871,0.032905806
-0.06742481,0.0007402487,0.0048,0.4024,0.0024,0.40480000000000005,0.0056,0.4024,0.0024,0.061022338,0.0024444237,0.058914315,0.057285722,0.00056840107,0.14639999999999997,0.5456,0.0008,0.5464,0.0016,0.5456,0.0008,-0.004003428,0.0069644116,-0.00782989,0.0008675696,0.0048,0.54862165,0.288,0.0024,0.40480000000000005,0.0024,0.4024,0.0024,0.04997912,0.0026548363,0.047757164
-0.06738776,0.0009250939,0.0056,0.2136,0.0008,0.40559999999999996,0.010400000000000001,0.3912,0.0016,0.044552874,0.0022596084,0.042112015,0.057333954,0.00052016973,-0.1504,0.2376,0.0008,0.248,0.0016,0.2376,0.0008,0.003887996,0.0,0.0052794367,0.0009410044,0.0056,0.18415146,0.2136,0.0008,0.40559999999999996,0.010400000000000001,0.3912,0.0016,0.044511516,0.0023785695,0.041857135
-0.067373104,0.0006885417,0.008799999999999999,0.408,0.0008,0.408,0.0048,0.408,0.0008,-0.061748385,0.0044674017,-0.06740676,0.05746359,0.00062244013,0.74,1.0896,0.0008,1.1384,0.0008,1.136,0.0008,-0.033507586,-0.017808262,-0.058368403,0.00075216976,1.1208,2.5956674,1.2864,0.0008,1.5168,0.004,1.5032,0.0008,0.03537564,0.038076647,0.03455347
-0.06777475,0.00075734407,0.9016,1.2632,0.0016,1.2984,0.0016,1.2848,0.0016,0.097811334,0.08443017,0.08334027,0.05748864,0.0005973913,-0.372,0.0,0.0008,0.028,0.0024,0.0224,0.0008,-0.016002275,0.0,-0.0061462373,0.0007690301,0.0112,0.17458184,0.3728,0.0008,0.4064,0.010400000000000001,0.3944,0.0064,0.09354499,0.0057862196,0.0885562
-0.06779161,0.0008851513,-0.0064,0.2848,0.0008,0.392,0.0032,0.38799999999999996,0.0024,0.019144401,0.0,0.02158526,0.057651207,0.0006667301,0.008,0.38799999999999996,0.0008,0.4064,0.0032,0.38799999999999996,0.0008,0.04736463,0.0015653521,0.047132723,0.00088562595,-0.0064,-0.032739997,0.316,0.0008,0.392,0.0032,0.38799999999999996,0.0024,0.017583702,0.0,0.02001566
-0.0679729,0.000622645,-0.19999999999999998,0.1696,0.0008,0.196,0.0016,0.196,0.0016,0.005883135,0.0,0.0018889792,0.057746984,0.0005709529,-0.3408,0.035199999999999995,0.0016,0.0584,0.0024,0.0584,0.0016,0.012752898,0.0,0.027710885,0.0007711753,0.0072,0.6310686,0.348,0.0024,0.4064,0.0056,0.3792,0.0032,0.01227434,0.0045967638,0.009008656
-0.06820389,0.00063173845,0.0072,0.4064,0.0008,0.4072,0.012,0.4064,0.0032,-0.011041928,0.00246815,-0.012706164,0.05785737,0.0005765222,-0.2288,0.1712,0.0016,0.1712,0.0024,0.1712,0.0016,0.019134767,0.0,0.013916865,0.0006887993,0.888,-2.1323717,1.276,0.0008,1.2848,0.0048,1.2839999999999998,0.0016,-0.010315947,-0.014463626,0.008655774
-0.06827867,0.00081747025,0.0048,0.38720000000000004,0.0016,0.39999999999999997,0.0112,0.38720000000000004,0.0016,0.07322626,0.0026858374,0.0710073,0.057951294,0.00059854984,-0.2368,0.15200000000000002,0.0008,0.1624,0.0016,0.1528,0.0008,0.026725337,0.0,0.014318325,0.0009492929,0.0048,0.5332963,0.3016,0.0016,0.39359999999999995,0.008799999999999999,0.38720000000000004,0.0016,0.07664426,0.0033133281,0.074143946
-0.0683408,0.00087960064,0.008,0.1848,0.0008,0.4064,0.0064,0.40559999999999996,0.0032,0.014644656,0.0033595115,0.010317676,0.05796544,0.0007003583,0.004,0.39840000000000003,0.0024,0.4032,0.0048,0.39840000000000003,0.0024,0.030495554,0.00083486363,0.029799834,0.0009108517,0.008,0.26270765,0.1848,0.0008,0.40559999999999996,0.004,0.40559999999999996,0.0032,0.022061786,0.0039789965,0.017190669
-0.0683113,0.000739146,-0.0032,0.3656,0.0008,0.3952,0.004,0.38239999999999996,0.0008,0.01814944,0.0,0.019813668,0.057919055,0.0006307885,0.3128,0.7088,0.0008,0.7111999999999999,0.0024,0.7104,0.0008,0.024120912,0.008470051,0.030150488,0.0007914451,0.035199999999999995,0.36557165,0.404,0.0008,0.43360000000000004,0.0016,0.4208,0.0008,0.025572937,0.011302236,0.017407803
-0.06815175,0.0009124465,0.0432,0.4072,0.0008,0.43920000000000003,0.0096,0.43920000000000003,0.0008,0.04505074,0.003117457,0.04072375,0.057889372,0.0006604716,0.156,0.496,0.0008,0.5544,0.0008,0.5304,0.0008,-0.019942567,0.004837796,-0.023189262,0.00093339867,0.0432,0.2122811,0.4072,0.0008,0.43920000000000003,0.0072,0.4088,0.0008,0.03983777,0.0029884684,0.035778917
-0.067916095,0.0006767921,1.4191999999999998,1.8048,0.0008,1.8136,0.0008,1.8048,0.0008,0.0016702041,0.0017170869,-0.00792063,0.057738405,0.000811439,0.0024,0.376,0.0016,0.4016,0.0032,0.376,0.0016,0.039130785,0.00023120269,0.03936269,0.00084422727,0.0024,1.2911813,0.376,0.0016,0.4016,0.0032,0.376,0.0016,0.038071968,0.00032327365,0.038233627
-0.067642935,0.000736475,1.5712000000000002,1.9136000000000002,0.0016,1.9535999999999998,0.0024,1.9464000000000001,0.0016,0.002384454,0.004883807,-0.00033640862,0.05755404,0.00064794347,0.192,0.4848,0.0008,0.5888,0.0024,0.5871999999999999,0.0008,0.005560696,0.0065063313,0.0033575818,0.00082115724,0.0048,0.704764,0.3256,0.0032,0.4008,0.0072,0.3256,0.0032,0.0054189125,0.0017905124,0.0034281462
-0.06733383,0.00064926967,0.012,0.38,0.0016,0.412,0.0024,0.408,0.0024,0.022854496,0.0058558397,0.016752344,0.057448287,0.0006377436,0.004,0.376,0.0016,0.404,0.0024,0.4032,0.0024,0.0022031143,0.0008696504,0.0006957203,0.0008345685,0.0048,0.86973757,0.37679999999999997,0.0016,0.40480000000000005,0.0096,0.4008,0.0016,0.016425297,0.0027343258,0.013327517
-0.06706978,0.00060711056,1.5848,1.8816,0.0008,1.9831999999999999,0.0016,1.9664,0.0016,0.047708545,0.05725409,-0.00022544712,0.057232846,0.0007372312,0.12,0.4696,0.0008,0.5192,0.0032,0.5055999999999999,0.0008,0.023827918,0.0058787763,0.016522855,0.0007551041,0.12,1.3527899,0.4696,0.0008,0.5192,0.0032,0.5055999999999999,0.0008,0.0335825,0.009574262,0.022994863
-0.06700454,0.0007637702,0.0048,0.2536,0.0032,0.404,0.008,0.404,0.0064,0.03639235,0.0014760643,0.03561571,0.057051726,0.00068644434,0.6392,0.6384,0.0008,1.0392,0.004,1.0264,0.0008,0.041163824,0.0251714,0.047416016,0.000888791,0.0048,0.5368261,0.004,0.0024,0.404,0.0072,0.404,0.0032,0.052324902,0.0018922709,0.051361006
-0.06672473,0.00070586056,0.0056,0.3952,0.0016,0.40480000000000005,0.0096,0.3952,0.0016,0.044442713,0.0023892075,0.041558053,0.057046395,0.00057582185,0.1744,0.5656,0.0008,0.5704,0.0016,0.5672,0.0008,-0.0020325184,0.0026185736,-0.0050473064,0.00070587156,0.0056,-0.0055889813,0.3952,0.0016,0.40480000000000005,0.0096,0.3952,0.0016,0.04445338,0.00238414,0.0415733
-0.06670099,0.00068211555,0.0344,0.4304,0.0024,0.432,0.004,0.4304,0.0024,0.012875367,0.008250773,0.0037775822,0.05693647,0.0005697943,0.1544,0.5432,0.0008,0.5536,0.0016,0.5432,0.0008,0.034379415,0.011757787,0.027770072,0.0007295213,0.0528,0.67143214,0.36,0.0016,0.4504,0.004,0.4488,0.0032,0.031468235,0.01284585,0.01914095
-0.06664862,0.0006297454,0.0056,0.39280000000000004,0.0024,0.40559999999999996,0.0072,0.4008,0.0056,-0.060575567,0.001967352,-0.06346023,0.056950852,0.000555411,0.2352,0.624,0.0008,0.6352,0.0008,0.624,0.0008,-0.021864384,0.0040868297,-0.033459723,0.00091375643,-0.328,-1.9862406,0.0,0.0008,0.0696,0.0008,0.0,0.0008,0.044452623,0.0,0.020779343
-0.06663486,0.00061599165,-0.3296,0.0544,0.0008,0.06720000000000001,0.0008,0.06720000000000001,0.0008,0.031627372,0.0,0.02341722,0.056994684,0.0006275326,0.3128,0.6864,0.0016,0.7128,0.0024,0.6871999999999999,0.0024,0.0152969435,0.017284937,0.009615228,0.0006765075,0.0032,0.4261918,0.38720000000000004,0.0048,0.4008,0.0112,0.39840000000000003,0.008,0.03512205,0.00039279286,0.03501587
-0.06676356,0.00063373893,0.0048,0.3568,0.004,0.4008,0.0112,0.3856,0.0056,0.045044295,0.0010287128,0.044156708,0.057066105,0.00055611134,0.024,0.4192,0.0008,0.424,0.0056,0.42160000000000003,0.0008,-0.02469945,0.00044986606,-0.02504731,0.0007118523,0.0048,0.47286415,0.3184,0.004,0.4008,0.0056,0.3856,0.004,0.028852407,0.0013792835,0.027428498
-0.06676024,0.0006304197,0.1592,0.5064000000000001,0.0008,0.5568,0.0008,0.5264,0.0008,0.012829952,0.025489334,-0.02788812,0.05719644,0.0005417317,0.13040000000000002,0.5272,0.0008,0.5304,0.0048,0.5272,0.0008,-0.06864753,0.0053955987,-0.091606304,0.0008209175,-0.136,-2.0357914,0.2072,0.0008,0.2576,0.0024,0.2576,0.0016,0.05560562,0.0,0.04037414
-0.06687318,0.0007433556,0.045599999999999995,0.3888,0.0008,0.4456,0.0024,0.4304,0.0008,0.041165296,0.003539428,0.038724408,0.05708883,0.00064934045,-0.12319999999999999,0.27440000000000003,0.0008,0.27440000000000003,0.0008,0.27440000000000003,0.0008,0.050673492,0.0,0.031541184,0.0007466043,0.045599999999999995,0.093322,0.3888,0.0008,0.4456,0.0024,0.4304,0.0008,0.04570826,0.003418143,0.043893896
-0.06698568,0.0006339662,0.0064,0.2624,0.0016,0.4064,0.012,0.3496,0.0032,0.08149756,0.0008556731,0.08094281,0.057150986,0.000587184,0.6576,1.0335999999999999,0.0016,1.0528,0.0016,1.0528,0.0016,0.006836295,0.0030820295,0.003519386,0.00070525345,0.5464,-0.9468036,0.8712,0.0008,0.9463999999999999,0.0024,0.9192,0.0008,0.04206939,0.028735042,0.02625848
-0.066991456,0.00052879006,-0.3888,0.008,0.0008,0.010400000000000001,0.0032,0.010400000000000001,0.0008,-0.019459307,0.0,0.006391678,0.05719342,0.0004287958,-0.296,0.1024,0.0008,0.1024,0.0008,0.1024,0.0008,-0.029277988,0.0,-0.017334789,0.00070792635,1.108,-2.926684,1.4088,0.0024,1.508,0.0032,1.5032,0.0032,0.025255434,0.026731046,0.031581275
-0.06713101,0.0007792972,0.092,0.4488,0.0008,0.48879999999999996,0.004,0.4856,0.0008,0.15909179,0.020719957,0.14977214,0.05722056,0.00063356385,0.6232,0.9568000000000001,0.0008,1.0208,0.0008,1.0152,0.0008,0.019473352,0.010600384,0.01686966,0.0007811519,0.092,0.068923265,0.4488,0.0008,0.48879999999999996,0.004,0.4856,0.0008,0.16005516,0.02091316,0.15086943
-0.06714078,0.0006781146,1.5488000000000002,1.92,0.0008,1.9479999999999997,0.0008,1.92,0.0008,0.044376463,0.03980727,0.0068972893,0.057257894,0.000596229,-0.25680000000000003,0.12319999999999999,0.0008,0.1416,0.0016,0.14079999999999998,0.0016,0.016171344,0.0,0.026607148,0.0006878765,-0.252,-2.8230293,0.0472,0.0008,0.14639999999999997,0.0016,0.14639999999999997,0.0008,-0.047208622,0.0,-0.04797746
-0.06723353,0.0006599203,0.3472,0.7104,0.0008,0.7464,0.0016,0.7424,0.0008,0.12037524,0.047310647,0.099295005,0.057375237,0.00047888607,-0.352,0.0296,0.0008,0.0464,0.0008,0.0296,0.0008,0.002723135,0.0,0.0154780075,0.00066758646,0.3472,-0.1516939,0.7120000000000001,0.0008,0.7464,0.0016,0.7424,0.0008,0.1185814,0.044850186,0.10161562
-0.067486264,0.0006907508,0.46240000000000003,0.8472000000000001,0.0016,0.8608,0.004,0.8472000000000001,0.0016,0.137505,0.08416136,0.11243059,0.0575109,0.00057512894,0.062400000000000004,0.4536,0.0008,0.4552,0.0032,0.4552,0.0024,-0.028176486,0.0040444657,-0.033626296,0.00090480153,0.46240000000000003,-0.70219237,0.35760000000000003,0.0008,0.8608,0.004,0.848,0.0016,0.123174146,0.06133923,0.10972355
-0.067762315,0.0006339587,0.1008,0.4592,0.0008,0.5,0.012,0.5,0.0024,0.055085093,0.019633804,0.037111472,0.057606444,0.0007114932,0.004,0.404,0.0016,0.404,0.0016,0.404,0.0016,0.026209489,0.0007745847,0.025397815,0.0008222029,0.004,1.0458483,0.28159999999999996,0.0016,0.404,0.0072,0.4032,0.0016,0.05028727,0.0010912068,0.048862036
-0.067992434,0.00075313076,0.0544,0.4352,0.0008,0.45439999999999997,0.0112,0.4512,0.0008,0.044503875,0.014266923,0.035406124,0.057843458,0.00059043244,-0.2784,0.1168,0.0016,0.1216,0.0016,0.12079999999999999,0.0016,-0.013105489,0.0,-0.004640892,0.00079122797,0.028,0.31159475,0.4088,0.0016,0.42800000000000005,0.008,0.4088,0.0016,0.03834299,0.009552941,0.032201216
-0.068242945,0.0005598478,-0.28640000000000004,0.09839999999999999,0.0008,0.112,0.0024,0.112,0.0024,0.049649518,0.0,0.036335714,0.057980277,0.00068552047,0.0016,0.2624,0.0024,0.3992,0.008,0.29279999999999995,0.0056,0.030732714,0.00044341385,0.030500807,0.0007598382,0.0896,2.0167665,0.3504,0.0008,0.48719999999999997,0.0008,0.48240000000000005,0.0008,0.006311329,0.0031975368,0.0018587918
-0.0686073,0.0005913563,-0.09119999999999999,0.2984,0.0008,0.3088,0.0008,0.3056,0.0008,-0.021245282,0.0,-0.02246572,0.058112,0.0006697513,-0.31679999999999997,0.0816,0.0008,0.08320000000000001,0.0048,0.0816,0.0008,0.048474215,0.0,0.028298326,0.00083810935,-0.0848,2.4197478,0.3144,0.0008,0.3144,0.0008,0.3144,0.0008,0.047976784,0.0,0.046780802
-0.06897499,0.00084809214,0.010400000000000001,0.3608,0.0016,0.404,0.004,0.3608,0.004,0.06579745,0.0024821907,0.06357847,0.05843621,0.0005774461,0.0688,0.4504,0.0008,0.4688,0.0016,0.45999999999999996,0.0016,0.023884162,0.005366169,0.017506726,0.0008786182,0.010400000000000001,0.26437226,0.3608,0.0016,0.41040000000000004,0.004,0.3608,0.004,0.06975244,0.0031152437,0.0666713
-0.06884007,0.00060223043,-0.19679999999999997,0.1536,0.0008,0.2016,0.0016,0.1952,0.0016,-0.02684667,0.0,-0.008207321,0.05837661,0.000637047,-0.212,0.1296,0.0008,0.188,0.0024,0.1712,0.0024,-0.0014505535,0.0,0.0048109293,0.00074977044,0.5216000000000001,-2.906527,0.9072,0.0016,0.9208000000000001,0.010400000000000001,0.9072,0.0024,0.026446203,-0.017166175,0.09145349
-0.06864524,0.00062929466,-0.072,0.0728,0.0008,0.3264,0.0072,0.3176,0.0016,-0.010657154,0.0,-0.002557896,0.05828524,0.0006124638,0.1096,0.4248,0.0008,0.508,0.0008,0.508,0.0008,-0.0053943098,0.004943285,-0.014786534,0.0007070061,1.4727999999999999,-3.0235596,1.8728,0.0008,1.8728,0.0048,1.8728,0.004,0.011218231,0.03665196,0.0087900935
-0.068530515,0.00084741786,0.2072,0.52,0.0016,0.6024,0.0024,0.5696,0.0016,0.10256161,0.025431935,0.11920391,0.058075126,0.000938531,0.312,0.692,0.0024,0.7120000000000001,0.0576,0.7,0.0024,0.07670855,0.056779414,0.01652874,0.0010099417,0.312,1.9491006,0.692,0.0016,0.7120000000000001,0.0504,0.6936,0.0024,0.033404022,0.037775185,-0.020348776
-0.068254486,0.00068233535,0.0096,0.4088,0.0016,0.4088,0.010400000000000001,0.4088,0.0016,0.0017227381,0.0027515553,-0.0023823604,0.05781655,0.0007332936,0.008,0.408,0.0008,0.408,0.0008,0.408,0.0008,0.06714249,0.0028107539,0.06493937,0.00081232016,0.008,1.1260388,0.408,0.0008,0.408,0.0056,0.408,0.0008,0.061351724,0.0033249373,0.058265045
-0.06795071,0.0007114075,0.0072,0.3584,0.0008,0.4064,0.008799999999999999,0.3776,0.0064,0.015870873,0.0035179965,0.011321977,0.057805423,0.00062846765,-0.33599999999999997,0.04,0.0008,0.06319999999999999,0.0008,0.0424,0.0008,-0.022610538,0.0,0.0013918132,0.0008144667,0.0008,0.508533,0.3712,0.0008,0.39999999999999997,0.0152,0.3712,0.0008,0.0028535798,0.0003299232,0.0027406588
-0.06772082,0.00070341304,0.0072,0.348,0.0048,0.40480000000000005,0.0072,0.3976,0.0072,0.08964859,0.0022256412,0.08809531,0.05762732,0.00069061667,0.010400000000000001,0.4016,0.0008,0.4096,0.0008,0.4016,0.0008,0.025855482,0.0032963008,0.022260927,0.00084190804,0.010400000000000001,0.9619343,0.3888,0.0008,0.40480000000000005,0.004,0.4016,0.0008,0.07248234,0.0052053696,0.06718589
-0.0675666,0.0006601438,-0.1392,0.1192,0.0016,0.2592,0.0016,0.2432,0.0016,0.06917703,0.0,0.066181436,0.0574891,0.0007128827,0.0048,0.3672,0.0008,0.4016,0.004,0.3672,0.0008,0.022496596,0.0021901354,0.020641342,0.0008998997,0.0048,0.9143733,0.19119999999999998,0.0032,0.3992,0.0072,0.3584,0.004,0.060039215,0.0017823821,0.059382036
-0.0673893,0.00070473924,0.0064,0.39359999999999995,0.0008,0.4064,0.008,0.39359999999999995,0.004,0.008869205,0.0034189448,0.0056517012,0.057478204,0.0007237792,1.1463999999999999,1.5,0.0008,1.5464,0.0016,1.5,0.0008,-0.031715542,-0.033653922,-0.011687517,0.00082926184,1.1463999999999999,2.080684,1.5,0.0008,1.5416,0.0016,1.536,0.0008,-0.032010175,-0.031070618,0.0042274827
-0.067373775,0.0005782619,0.0344,0.43360000000000004,0.0008,0.4344,0.004,0.4344,0.0016,0.047597405,0.00689169,0.04349232,0.057407472,0.0005626045,0.0072,0.40480000000000005,0.0008,0.4064,0.0016,0.4064,0.0008,0.01194156,0.0011210255,0.011129886,0.0006296208,0.0344,-0.40670586,0.4264,0.0008,0.4344,0.004,0.4344,0.0016,0.03899092,0.0048325513,0.03627569
-0.06747629,0.0006807782,0.0056,0.40559999999999996,0.0056,0.40559999999999996,0.0112,0.40559999999999996,0.0056,0.04027004,0.00054939836,0.040491927,0.057315867,0.000538256,0.0024,0.39280000000000004,0.0008,0.39999999999999997,0.008799999999999999,0.39280000000000004,0.0008,0.061165914,-8.579344e-06,0.06139782,0.00074652774,0.0096,0.42285484,0.4008,0.0016,0.4096,0.0072,0.4008,0.0016,0.061823484,0.0036916821,0.059318103
-0.06740994,0.00094727427,0.0072,0.1392,0.004,0.40559999999999996,0.0048,0.40559999999999996,0.004,0.040879898,0.0016466677,0.037662383,0.057287112,0.00056701154,0.0272,0.3992,0.0024,0.4264,0.0072,0.4264,0.0024,0.033683807,0.004784219,0.028929718,0.000952879,0.0072,0.1085141,0.1392,0.004,0.40559999999999996,0.0048,0.40559999999999996,0.004,0.044287443,0.0018129179,0.04090049
-0.067437686,0.0007531233,0.0112,0.4064,0.0016,0.41040000000000004,0.004,0.4064,0.0016,0.09564405,0.004774399,0.09142802,0.057401907,0.0005681701,0.004,0.4016,0.0008,0.404,0.0016,0.4016,0.0008,0.016811378,0.0015653633,0.015188031,0.0007846854,0.0112,0.28458807,0.4064,0.0016,0.41040000000000004,0.004,0.4064,0.0016,0.096517,0.0054808813,0.09149389
-0.067446336,0.00065082684,0.0072,0.2368,0.0024,0.404,0.0112,0.3656,0.0024,0.0753912,0.002196122,0.07250655,0.05737779,0.000708241,1.4240000000000002,1.8216,0.0008,1.8216,0.0016,1.8216,0.0008,0.041276574,0.05220282,0.013190359,0.0008065171,0.0072,0.6318102,0.1328,0.0024,0.40480000000000005,0.0112,0.3808,0.0024,0.085215874,0.003002943,0.08165538
-0.06737222,0.00068765506,0.0128,0.38799999999999996,0.0032,0.4088,0.008,0.38799999999999996,0.0032,0.06562161,0.006453585,0.058520917,0.057350423,0.000735607,0.004,0.3696,0.0016,0.4008,0.0016,0.4008,0.0016,0.05762723,0.0011270605,0.056699604,0.0008655929,0.1872,-2.629786,0.5736,0.0008,0.5864,0.0008,0.5736,0.0008,-0.085436046,-0.0244224,-0.07964466
-0.06721977,0.00064615905,-0.2824,0.0872,0.0008,0.1176,0.0024,0.108,0.0008,-0.063359916,0.0,-0.030963022,0.05735668,0.00049744174,0.0328,0.42879999999999996,0.0016,0.4304,0.0016,0.42879999999999996,0.0016,-0.01733289,0.00288615,-0.022086978,0.0009654836,1.2152,-2.5403552,1.4656,0.0008,1.6144,0.0008,1.5664,0.0008,0.062053464,0.10111507,0.07853536
-0.0672464,0.0008946806,0.0096,0.1216,0.0072,0.40480000000000005,0.008799999999999999,0.3976,0.008,0.06989001,0.0040792823,0.067449145,0.057357382,0.00072864816,0.0016,0.4016,0.0008,0.4016,0.0032,0.4016,0.0008,0.033043064,0.0005296692,0.032695204,0.0009330545,0.0096,0.28779244,0.0096,0.0056,0.40480000000000005,0.008799999999999999,0.3784,0.0072,0.07639444,0.004813548,0.07323117
-0.067339376,0.0008767098,0.0096,0.008799999999999999,0.0016,0.4096,0.008799999999999999,0.3888,0.0024,0.054414067,0.004196454,0.04809001,0.057288736,0.0005653873,0.004,0.3896,0.0032,0.404,0.0032,0.4032,0.0032,-0.027134843,-0.00018785149,-0.027482703,0.0008825743,0.0096,0.11534365,0.1312,0.0024,0.4096,0.0064,0.3888,0.0056,0.050929602,0.0044289525,0.0443006
-0.06734715,0.00066258386,0.0472,0.44639999999999996,0.004,0.4472,0.004,0.44639999999999996,0.004,0.06734526,0.0071392916,0.06002267,0.057323985,0.000646092,0.2208,0.5536,0.0008,0.6144,0.0016,0.5871999999999999,0.0008,0.03687284,0.02039288,0.022958435,0.00071344315,0.3312,-2.0610912,0.5752,0.0008,0.728,0.0016,0.7056,0.0016,-0.06424095,-0.03837946,-0.040030822
-0.06746542,0.0007808544,0.036,0.3472,0.0008,0.43360000000000004,0.016800000000000002,0.42319999999999997,0.0016,0.050425023,0.004627634,0.047207512,0.05736828,0.0006017983,0.1424,0.4696,0.0008,0.5408,0.0008,0.5367999999999999,0.0008,-0.016059265,0.002298236,-0.012928523,0.0008640332,0.036,0.44238797,0.0528,0.0008,0.43360000000000004,0.016,0.3632,0.0016,0.038695753,0.0035144933,0.03762465
-0.067557506,0.00065104663,0.0064,0.3944,0.0016,0.4032,0.0072,0.4032,0.0024,-0.012868546,0.0027675033,-0.015420355,0.057468697,0.00050137937,-0.376,0.0232,0.0016,0.0232,0.0024,0.0232,0.0016,0.001503557,0.0,0.007185273,0.0006813712,0.3816,3.086432,0.7728,0.0008,0.7816,0.0008,0.7728,0.0008,0.012931873,-0.0101672225,0.014410226
-0.06767001,0.0008745007,0.004,0.2792,0.004,0.404,0.010400000000000001,0.3088,0.004,0.051539484,0.0018206798,0.04898767,0.05759555,0.00060643256,0.0248,0.4144,0.0008,0.4224,0.0024,0.4168,0.0016,0.035998963,0.0025659353,0.034723476,0.0010026572,0.004,0.5111486,0.3088,0.0032,0.404,0.008799999999999999,0.3088,0.004,0.062561825,0.0019935197,0.05999584
-0.06794251,0.00092510134,0.012,0.392,0.0016,0.412,0.0072,0.392,0.0016,0.082837194,0.007219579,0.07629123,0.057661872,0.0006560646,-0.1648,0.2264,0.0008,0.2352,0.0016,0.2264,0.0008,0.03716349,0.0,0.035424188,0.0009259508,0.012,-0.04284012,0.392,0.0016,0.412,0.0072,0.392,0.0016,0.08116959,0.0071093156,0.07468923
-0.068131775,0.0007815212,0.0032,0.3248,0.004,0.4032,0.016,0.39999999999999997,0.008,0.06867749,0.001794707,0.06690231,0.05786757,0.00056631863,0.1448,0.5408,0.0008,0.5424,0.0016,0.5408,0.0008,0.024816893,0.011364311,0.008467466,0.0009020002,0.0032,0.5227863,0.2832,0.0032,0.39999999999999997,0.008,0.3248,0.0072,0.071895316,0.0021649776,0.0696625
-0.06828576,0.0009355098,0.0048,0.3816,0.0008,0.404,0.008799999999999999,0.3816,0.0024,0.063342154,0.0013970099,0.06256552,0.05795709,0.00082466006,-0.0736,0.2904,0.0008,0.3264,0.0016,0.30960000000000004,0.0008,0.009391703,0.0,0.011826724,0.0009670321,0.0048,0.25603,0.3816,0.0008,0.404,0.008799999999999999,0.3816,0.0008,0.063655764,0.0015473893,0.06278699
-0.0683408,0.0007686503,0.010400000000000001,0.3744,0.0032,0.41040000000000004,0.008799999999999999,0.4016,0.0032,0.0258504,0.004999768,0.019082557,0.057976104,0.0006896928,0.0976,0.4976,0.0008,0.4976,0.0056,0.4976,0.0016,-0.02504336,0.008309007,-0.03768228,0.0007764709,0.010400000000000001,0.14204836,0.3744,0.0032,0.41040000000000004,0.0032,0.4016,0.0032,0.022044621,0.005299462,0.015065879
-0.068302184,0.0008409843,0.3232,0.48319999999999996,0.0008,0.7192000000000001,0.0016,0.7192000000000001,0.0016,0.06522916,0.026549425,0.058572292,0.057971004,0.0006947927,0.4704,0.8648,0.0008,0.8672000000000001,0.0032,0.8648,0.0008,0.037916794,0.014528513,0.03745298,0.00084881415,0.3232,0.13593175,0.7008,0.0008,0.7192000000000001,0.0016,0.7192000000000001,0.0016,0.0697657,0.028595012,0.062463135
-0.06817992,0.00071872026,0.0016,0.38799999999999996,0.0096,0.4016,0.0096,0.3992,0.0096,0.0135839805,0.000993643,0.012363549,0.057943404,0.00060644,-0.0768,0.3192,0.0008,0.3216,0.0016,0.3192,0.0008,-0.006082803,0.0,-0.0037637353,0.0009403844,0.0024,0.700873,0.3888,0.0016,0.4024,0.008799999999999999,0.39840000000000003,0.008,0.0064592445,0.0018837636,0.004973
-0.06812778,0.0009994246,0.0056,0.0856,0.0008,0.40559999999999996,0.0096,0.39359999999999995,0.0048,0.12271024,0.0018923432,0.122932136,0.05771382,0.0007200688,0.0952,0.4736,0.0008,0.49360000000000004,0.0064,0.4736,0.0008,0.10499365,0.018899038,0.09247068,0.0010317541,0.0056,0.2509957,0.0856,0.0048,0.404,0.0048,0.39359999999999995,0.0048,0.14494231,0.0026241583,0.14426449
-0.067719944,0.0007025376,0.0096,0.3992,0.0032,0.4088,0.0032,0.404,0.0032,0.036736738,0.005101975,0.031411204,0.05763358,0.0006843582,0.2824,0.6744,0.0008,0.6824,0.0016,0.6792,0.0008,0.034613706,0.021614864,0.020583346,0.0007789639,0.0112,0.44668874,0.3688,0.0016,0.41119999999999995,0.0016,0.40559999999999996,0.0016,0.0480847,0.0067519336,0.040978618
-0.067494705,0.0005882457,-0.10719999999999999,0.2536,0.0008,0.28080000000000005,0.0016,0.28080000000000005,0.0016,0.07216823,0.0,0.05896537,0.0575109,0.00057512894,0.1368,0.5192,0.0008,0.5367999999999999,0.0008,0.5312,0.0008,0.018784635,0.010802243,0.0076531097,0.00075142656,0.4488,2.9929066,0.6664,0.0008,0.8456,0.0008,0.8456,0.0008,-0.06858923,-0.029194314,-0.07500544
-0.06719559,0.00084386766,0.0056,0.184,0.0008,0.39999999999999997,0.0016,0.3608,0.0008,0.06351237,0.0016910434,0.06184814,0.05738312,0.0007029101,0.8856,1.268,0.0008,1.2856,0.0024,1.268,0.0008,0.061746053,0.047615178,0.051526368,0.0008528053,0.0056,0.14490436,0.31520000000000004,0.0008,0.39999999999999997,0.0016,0.3896,0.0008,0.07176273,0.0019819697,0.06991503
-0.06692422,0.00057250634,0.0424,0.4416,0.0016,0.4416,0.004,0.4416,0.004,0.029858012,0.0047136433,0.02819379,0.057170697,0.00045152009,-0.3992,0.0,0.0008,0.0,0.0008,0.0,0.0008,0.026956163,0.0,0.020578727,0.0007589747,-0.3216,-3.1253946,0.02,0.0008,0.0768,0.0024,0.0216,0.0008,-0.030290715,0.0,-0.027101945
-0.06667613,0.00076821074,0.0024,0.3568,0.0008,0.4008,0.012,0.4008,0.0008,-0.036500093,0.00064039975,-0.037609573,0.057103675,0.0005185418,-0.30400000000000005,0.09119999999999999,0.0032,0.0952,0.0032,0.09119999999999999,0.0032,-0.026207663,0.0,-0.024352409,0.00081994355,0.0024,0.35712168,0.3568,0.0008,0.4008,0.010400000000000001,0.4008,0.0032,-0.043358833,0.0007789951,-0.044682063
-0.06667347,0.00054365396,0.9304,1.3264,0.0008,1.328,0.0032,1.3264,0.0008,0.079112,0.07408564,0.054401826,0.057007663,0.0006145537,0.6072,1.0056,0.0008,1.0064,0.0024,1.0056,0.0008,0.006494321,0.011561118,-0.004950285,0.0006497043,1.5784,1.2403495,1.9768,0.0008,1.9768,0.008,1.9768,0.0008,0.03181209,0.045081217,0.0028617224
-0.06662488,0.0007169582,0.010400000000000001,0.4072,0.0008,0.4072,0.004,0.4072,0.0008,-0.005593788,0.0052153356,-0.010586478,0.05695873,0.000547532,0.0048,0.4016,0.0008,0.4024,0.0008,0.4016,0.0008,-0.020117782,0.0017777979,-0.022204943,0.0007640645,0.20800000000000002,-0.3529911,0.4424,0.0008,0.6072,0.0016,0.5871999999999999,0.0008,0.0017059501,0.020144533,-0.023728617
-0.066585824,0.00067790225,0.008,0.38239999999999996,0.0032,0.408,0.0064,0.38239999999999996,0.0032,0.039892472,0.0025629625,0.036896866,0.05699839,0.00062382594,-0.2336,0.14639999999999997,0.0008,0.1648,0.0016,0.1544,0.0008,0.013330542,0.0,0.030607596,0.00070542784,0.44,-0.63730973,0.8184,0.0008,0.84,0.0016,0.8351999999999999,0.0008,0.024129417,0.015235969,0.006699316
-0.066682786,0.0007748604,0.0112,0.3704,0.0024,0.4088,0.0056,0.38,0.0024,0.061241217,0.004413057,0.057358023,0.057074226,0.000779897,1.5,1.8312,0.0008,1.8936,0.0008,1.8688,0.0008,-0.033111565,-0.049493417,0.0008979514,0.0008103654,1.5,1.2957095,1.744,0.0008,1.8936,0.0016,1.8688,0.0008,-0.015231642,-0.02325267,0.004269614
-0.06674404,0.0005032681,-0.32239999999999996,0.0504,0.0008,0.0768,0.0016,0.0504,0.0008,0.04161292,0.0,0.03051807,0.057108313,0.0006298572,-0.0024,0.33039999999999997,0.0024,0.3976,0.0024,0.38239999999999996,0.0024,0.010549746,0.0,0.011941187,0.00080622506,-0.0024,0.8966536,0.0008,0.0024,0.38239999999999996,0.010400000000000001,0.37520000000000003,0.0024,0.034217853,0.0,0.036413014
-0.06685276,0.0006119944,0.008,0.3512,0.0008,0.3816,0.0024,0.3816,0.0024,-0.005987957,0.0023476928,-0.0077631213,0.0570508,0.0005714148,0.0264,0.4152,0.0008,0.42160000000000003,0.0016,0.41759999999999997,0.0016,0.0195918,0.003434889,0.014141992,0.00069187494,0.0264,0.97178453,0.3792,0.0008,0.42160000000000003,0.004,0.3792,0.0016,0.012804564,0.0059038843,0.006051602
-0.06687917,0.0006383993,0.0024,0.3704,0.0032,0.4024,0.0072,0.4016,0.004,0.0006123893,0.000472866,0.00016859546,0.05717649,0.00056168064,-0.3944,0.0,0.0008,0.0056,0.0008,0.0,0.0008,0.048703477,0.0,0.028875448,0.0007058265,0.5840000000000001,-2.9505277,0.9376,0.0008,0.9736000000000001,0.0032,0.9608,0.0008,-0.009850261,-0.0150932055,0.027873684
-0.066839896,0.0008210242,0.012,0.19119999999999998,0.0016,0.4088,0.0024,0.3728,0.0016,0.061916087,0.004659921,0.058365732,0.057231687,0.0006224364,-0.2096,0.0728,0.0008,0.1888,0.0008,0.188,0.0008,0.024928264,0.0,0.030725934,0.0008221322,0.012,0.051924318,0.19119999999999998,0.0016,0.4088,0.0024,0.3728,0.0016,0.06312644,0.00474704,0.05952069
-0.06703139,0.0006796755,0.008799999999999999,0.38720000000000004,0.0016,0.4088,0.008799999999999999,0.38720000000000004,0.0016,0.083381966,0.002816569,0.08216154,0.05717487,0.00056330115,1.4272,1.8264,0.0016,1.8264,0.004,1.8264,0.0016,0.014203787,0.024891227,0.013372585,0.0007236351,0.008799999999999999,-0.35035262,0.1704,0.0016,0.4088,0.008799999999999999,0.38720000000000004,0.0016,0.073441505,0.0024688428,0.07233501
-0.067097515,0.000856746,0.008799999999999999,0.116,0.0008,0.3968,0.0008,0.2408,0.0008,0.060524803,0.0023235045,0.05786204,0.057242583,0.00061153993,0.1872,0.5576,0.0008,0.5848,0.0008,0.5848,0.0008,0.00017614663,0.015551619,-0.023594297,0.0008693887,0.008799999999999999,0.17074832,0.116,0.0008,0.3968,0.0008,0.3816,0.0008,0.059674576,0.002644645,0.056656484
-0.06717983,0.0007171631,0.072,0.464,0.0016,0.4688,0.004,0.4688,0.0024,0.034162454,0.013619352,0.0159669,0.057251863,0.00060226023,0.0064,0.40480000000000005,0.0016,0.40480000000000005,0.0024,0.40480000000000005,0.0024,0.05791665,0.0009916201,0.056409255,0.0007797473,0.0064,0.88257766,0.392,0.0024,0.40480000000000005,0.0056,0.39280000000000004,0.0024,0.06643229,0.0021549794,0.06273108
-0.06735247,0.0006679036,0.0072,0.3856,0.004,0.404,0.004,0.3856,0.004,0.047922075,0.0032374188,0.044926465,0.05744852,0.0006375089,0.3888,0.6848,0.0008,0.7847999999999999,0.0016,0.78,0.0008,-0.0151354,0.008234583,-0.04899379,0.00072061195,1.0984,-1.0872002,1.4424,0.0008,1.4976,0.0008,1.4544,0.0008,0.035681937,0.040142257,0.0120883975
-0.06754397,0.0007484555,0.010400000000000001,0.236,0.0008,0.4096,0.0016,0.376,0.0008,0.08171253,0.0035168268,0.07827314,0.057568878,0.000749059,0.7808,1.1687999999999998,0.0008,1.1792,0.0024,1.1687999999999998,0.0016,0.0979808,0.07211851,0.04383517,0.00082346256,0.4152,0.87701494,0.8024,0.0008,0.8144,0.0032,0.8032,0.0016,0.12758192,0.054753937,0.08694354
-0.06796203,0.00083367154,0.031200000000000002,0.42160000000000003,0.0008,0.43119999999999997,0.0072,0.42160000000000003,0.0008,0.13907996,0.012653422,0.12998219,0.057712197,0.00060573965,0.37520000000000003,0.7752,0.0008,0.7752,0.0016,0.7752,0.0008,0.011826202,0.006847352,0.014377177,0.000834076,0.031200000000000002,0.03114455,0.42160000000000003,0.0008,0.43119999999999997,0.0072,0.42160000000000003,0.0008,0.13938078,0.012776317,0.13012494
-0.06813511,0.00078485906,0.1616,0.5479999999999999,0.0024,0.56,0.008,0.5479999999999999,0.0048,0.0015099794,0.034168314,-0.06971888,0.057913955,0.0006358884,0.1512,0.5479999999999999,0.0008,0.5488000000000001,0.0024,0.5479999999999999,0.0024,-0.033626407,0.033565734,-0.039655983,0.0009692801,0.3896,-2.7074714,0.7544000000000001,0.0032,0.7792,0.0112,0.7647999999999999,0.0056,0.012773808,-0.042386964,0.09755593
-0.068323046,0.0007508956,0.0256,0.3992,0.0008,0.4248,0.0096,0.424,0.0008,0.020188224,0.007941138,0.013198473,0.05818714,0.0005946122,0.0248,0.4168,0.0016,0.424,0.0016,0.41759999999999997,0.0016,0.036877237,0.0061419196,0.030731708,0.00089048216,0.0256,0.5675025,0.3112,0.0008,0.4248,0.0072,0.41759999999999997,0.0008,0.03684618,0.010317406,0.027461722
-0.06868674,0.0006707944,0.0552,0.4472,0.0008,0.4512,0.0008,0.4472,0.0008,0.032785457,0.0070090666,0.027016122,0.058222618,0.00055913255,0.2792,0.6384,0.0016,0.6784,0.0064,0.6784,0.0016,0.018965028,0.016337138,0.0040070415,0.0007140289,0.045599999999999995,0.669602,0.42319999999999997,0.0008,0.44480000000000003,0.008799999999999999,0.43119999999999997,0.0008,0.037477158,0.002179783,0.03439367
-0.06884606,0.00094106793,0.010400000000000001,0.3728,0.0024,0.4072,0.0048,0.3992,0.0032,0.08948164,0.0044674724,0.08615317,0.058357127,0.0005405769,-0.15839999999999999,0.236,0.0016,0.24159999999999998,0.004,0.236,0.0016,0.005510524,0.0,0.008061498,0.00096059806,0.010400000000000001,0.20199238,0.3728,0.0024,0.40480000000000005,0.0048,0.3992,0.0032,0.0887679,0.0046466365,0.08508837
-0.06888445,0.0007575527,0.008799999999999999,0.40480000000000005,0.0032,0.4072,0.0048,0.40480000000000005,0.0032,0.028400954,0.0028966255,0.025960077,0.058436677,0.00046102703,-0.39999999999999997,0.0,0.0016,0.0,0.0024,0.0,0.0016,-0.009976536,0.0,-0.0026714727,0.0008324433,0.008799999999999999,0.42742747,0.40480000000000005,0.0024,0.4072,0.0032,0.40480000000000005,0.0032,0.02171028,0.0035846506,0.018047009
-0.068884,0.00064615905,0.0072,0.35760000000000003,0.0008,0.4064,0.012,0.3952,0.0008,0.032169215,0.0029307753,0.028618865,0.058416266,0.0005973913,1.192,1.5912,0.0008,1.5912,0.0016,1.5912,0.0008,-0.0013921484,-0.0013366267,0.0022631213,0.0008046987,0.868,-1.7336656,1.2016,0.0008,1.268,0.0016,1.2536,0.0016,-0.0038425196,-0.0077655623,-0.0019983805
-0.068827644,0.00070074946,0.008799999999999999,0.3728,0.0064,0.4072,0.0064,0.3728,0.0064,0.11161527,0.0026046373,0.11106053,0.058292195,0.0006055087,0.14639999999999997,0.52,0.0008,0.5448,0.0008,0.5448,0.0008,0.07507995,0.014566779,0.07276088,0.00079412106,0.008799999999999999,0.48981163,0.3672,0.0024,0.4072,0.0064,0.3896,0.0048,0.1338138,0.0033044254,0.13256057
-0.06858954,0.0005735941,-0.396,0.0,0.0008,0.0032,0.0056,0.0032,0.0008,-0.0035065673,0.0,0.019681744,0.05821288,0.00056887046,0.0072,0.4064,0.0016,0.4064,0.0024,0.4064,0.0024,0.019889936,0.0022209994,0.016759194,0.0007396684,1.18,-2.6352024,1.5799999999999998,0.0008,1.5799999999999998,0.0008,1.5799999999999998,0.0008,-0.0065805987,0.004486492,0.052902263
-0.06831018,0.00062708184,0.0072,0.4064,0.0016,0.4064,0.0056,0.4064,0.0016,-0.022079404,0.002759058,-0.025962595,0.057962194,0.00058764964,1.0488,1.4352,0.0008,1.4440000000000002,0.0016,1.4391999999999998,0.0016,0.026434727,0.02749534,-0.0044248477,0.0008389971,1.4744,-2.5670826,1.8175999999999999,0.0008,1.8728,0.0024,1.8479999999999999,0.0008,0.004169494,0.019838968,0.011026624
-0.068062544,0.0007122904,0.0128,0.40559999999999996,0.0008,0.408,0.0008,0.40559999999999996,0.0008,0.018530104,0.004295945,0.0148688145,0.057778057,0.00065583363,0.0296,0.42879999999999996,0.0008,0.4296,0.0016,0.42879999999999996,0.0008,0.020989165,0.0062930696,0.014379822,0.00089377194,0.1184,0.6485695,0.1744,0.0024,0.5176000000000001,0.0048,0.4976,0.0024,0.02744598,0.022126187,0.011202456
-0.06787106,0.00074269995,0.0184,0.38720000000000004,0.0016,0.4184,0.0056,0.41759999999999997,0.0024,0.15617384,0.0076514743,0.15217969,0.05763404,0.00056794286,0.0008,0.3912,0.0008,0.3976,0.0032,0.3968,0.0032,0.030325778,0.000104129314,0.030209824,0.00074996415,0.0184,0.13929577,0.38720000000000004,0.0016,0.4184,0.0056,0.41759999999999997,0.0016,0.15887174,0.008022592,0.1545943
-0.067663796,0.00064639,-0.3408,0.0304,0.0008,0.056799999999999996,0.0024,0.045599999999999995,0.0016,0.0061607845,0.0,0.0221374,0.05744388,0.00064215064,0.0056,0.3808,0.0008,0.404,0.0008,0.404,0.0008,0.06545667,0.00194408,0.06371737,0.0007697718,0.0056,0.98669696,0.3608,0.0008,0.4032,0.010400000000000001,0.39999999999999997,0.0008,0.058001906,0.0028320896,0.054899037
-0.067477405,0.00079284236,0.008,0.3416,0.0008,0.408,0.0008,0.4072,0.0008,0.040779527,0.002713848,0.036785375,0.05740979,0.0006762408,-0.20240000000000002,0.1456,0.0008,0.1976,0.0032,0.184,0.0024,-0.018435806,0.0,-0.0035937726,0.00079308165,0.008,-0.024564309,0.3416,0.0008,0.408,0.0008,0.4072,0.0008,0.041220043,0.002632373,0.037341017
-0.0673487,0.0007750839,0.0096,0.288,0.0024,0.4096,0.0056,0.4024,0.0024,0.07194515,0.003642615,0.06817291,0.05739263,0.0005774461,0.4792,0.8392000000000001,0.0016,0.8775999999999999,0.0016,0.864,0.0016,0.06481571,0.034439404,0.057858504,0.000784056,0.0096,-0.15142727,0.288,0.0024,0.4096,0.0056,0.4024,0.0024,0.061344475,0.003202829,0.057877764
-0.06737955,0.000805933,0.0448,0.432,0.004,0.43679999999999997,0.0056,0.4328,0.004,0.043609273,0.003082905,0.043498304,0.057344858,0.0006252192,0.1296,0.48800000000000004,0.0008,0.5288,0.0008,0.5272,0.0008,0.050669804,0.012233309,0.04742311,0.00080901076,1.2984,-0.08725552,1.6856,0.0008,1.6904,0.0008,1.6864000000000001,0.0008,0.039027758,0.049913287,0.022080107
-0.067369774,0.0005742647,0.0072,0.4016,0.0024,0.4072,0.0064,0.4016,0.0032,0.04303997,0.002727501,0.03893487,0.05738637,0.0005837083,0.3424,0.7088,0.0016,0.7376,0.0016,0.7216,0.0016,-0.0019145533,0.0049335957,-0.018727794,0.0006583729,0.0256,0.79016745,0.4088,0.0008,0.4208,0.010400000000000001,0.42,0.0016,0.028928127,0.006323537,0.021476943
-0.067340486,0.00065592304,0.0112,0.3456,0.0032,0.4096,0.0048,0.38799999999999996,0.004,-0.010878347,0.004855931,-0.015760083,0.057351813,0.0006182641,-0.2696,0.1296,0.0008,0.1296,0.004,0.1296,0.0024,0.026438154,0.0,0.031887963,0.00074115535,0.004,0.7446848,0.2328,0.0016,0.4032,0.0112,0.3912,0.0016,0.009919332,0.0016236149,0.008556412
-0.067381315,0.0006967522,0.008799999999999999,0.38,0.0008,0.4088,0.010400000000000001,0.38,0.0008,0.011311602,0.0030044317,0.008759804,0.057423707,0.0005463697,-0.14,0.25680000000000003,0.0016,0.2576,0.004,0.25680000000000003,0.0016,-0.032122403,0.0,-0.024237573,0.0007244789,0.176,0.27755308,0.5264,0.0008,0.576,0.0008,0.5559999999999999,0.0008,0.0020770542,0.026467564,-0.025647607
-0.067412384,0.00083876774,0.028,0.23120000000000002,0.0016,0.4224,0.0056,0.37679999999999997,0.0048,0.065680616,0.008165777,0.0599113,0.05736364,0.0006064363,0.0064,0.33840000000000003,0.0008,0.40480000000000005,0.0024,0.4008,0.0008,0.009102434,0.002068609,0.0079429,0.0008777203,0.028,0.2990366,0.3336,0.0016,0.4248,0.0056,0.37679999999999997,0.0048,0.06544734,0.009239808,0.058601826
-0.067341596,0.0006570332,0.010400000000000001,0.3992,0.004,0.4096,0.008,0.40480000000000005,0.0048,0.042100385,0.004547283,0.039104775,0.057315174,0.0005389489,-0.0384,0.3512,0.0008,0.36160000000000003,0.0008,0.3512,0.0008,-0.036992148,0.0,-0.037224054,0.00070089987,0.7904,2.8654635,1.1008,0.0008,1.1767999999999998,0.0008,1.1344,0.0008,-0.050590836,-0.044311363,0.020767879
-0.067179166,0.0007165,-0.0024,0.33599999999999997,0.0016,0.3968,0.0152,0.392,0.0024,-0.060972672,0.0,-0.059197504,0.057337433,0.0005166903,-0.32,0.07759999999999999,0.0016,0.08,0.0024,0.07759999999999999,0.0016,-0.011940666,0.0,-0.008578017,0.000855716,1.1704,-2.9308188,1.4704,0.0008,1.5688,0.0016,1.4912,0.0008,0.062121503,0.089906946,0.07405228
-0.06728035,0.0008176863,0.004,0.31520000000000004,0.0024,0.3992,0.0136,0.3288,0.008,0.087034196,0.0014256686,0.085702814,0.05730659,0.0006634854,1.2096,1.5992000000000002,0.0008,1.6088,0.0024,1.6064,0.0024,-0.011885092,-0.010010794,0.0145331845,0.0008764874,0.004,0.36837766,0.036,0.0024,0.4008,0.008,0.31520000000000004,0.0056,0.076915465,0.0016477809,0.075506374
-0.06735602,0.0008933544,0.012,0.3792,0.0016,0.4032,0.0032,0.3792,0.0032,0.0668987,0.00718721,0.060130835,0.0573103,0.0005438216,0.0016,0.3408,0.0008,0.3968,0.008799999999999999,0.3408,0.0008,-0.008406341,-7.189065e-05,-0.008406341,0.0008940773,0.012,-0.04021466,0.3664,0.0016,0.4032,0.0032,0.3792,0.0032,0.06718258,0.0070305904,0.060588013
-0.06738642,0.0009237528,0.0056,0.12639999999999998,0.008799999999999999,0.4024,0.012,0.396,0.010400000000000001,0.005708717,0.0014735796,0.0050430372,0.057302184,0.0006678924,0.0056,0.1048,0.0008,0.40480000000000005,0.0072,0.404,0.0008,0.03814978,0.0002690181,0.03838169,0.001139912,0.0056,0.62600964,0.12639999999999998,0.0024,0.40480000000000005,0.010400000000000001,0.396,0.0072,0.026978744,0.0013517695,0.026575172
-0.067418374,0.0006228648,0.0064,0.3896,0.0056,0.4008,0.0096,0.4008,0.0096,0.029454812,0.002874881,0.025793515,0.057486784,0.0005992465,0.004,0.38,0.0024,0.4032,0.008799999999999999,0.4024,0.004,0.032814026,0.00067716464,0.03258212,0.0007210191,0.004,0.9811014,0.39840000000000003,0.008799999999999999,0.4016,0.012,0.39840000000000003,0.008799999999999999,0.043652117,0.0016160004,0.04222539
-0.06766957,0.0008740574,-0.0032,0.1312,0.0008,0.3968,0.0024,0.33599999999999997,0.0008,0.028023757,0.0,0.03035367,0.057568878,0.000749059,0.0048,0.3704,0.0016,0.40480000000000005,0.0016,0.3944,0.0016,0.01553794,0.0017114729,0.014262453,0.0008762973,-0.0032,-0.07151464,0.1784,0.0008,0.3968,0.0024,0.39359999999999995,0.0008,0.026841883,0.0,0.029099558
-0.06792342,0.00068411604,0.0024,0.3736,0.0024,0.4024,0.0152,0.3736,0.0024,0.03956069,0.001275707,0.038007405,0.057718456,0.00059948117,0.1104,0.4816,0.0008,0.5104,0.0024,0.5104,0.0008,-0.050031185,0.006431073,-0.0761207,0.00083774026,-0.14,0.6152724,0.23120000000000002,0.0016,0.26,0.0016,0.23120000000000002,0.0016,0.0034288522,0.0,0.014249997
-0.068013735,0.00055253506,0.0464,0.4296,0.0024,0.4456,0.0024,0.4416,0.0024,0.00034524128,0.00530836,-0.009751059,0.057799164,0.00063472614,0.0856,0.4608,0.0016,0.4856,0.0016,0.4856,0.0016,0.009678736,0.00877947,0.0043448806,0.0008257957,0.5840000000000001,-1.1588567,0.9680000000000001,0.0008,0.9792000000000001,0.0016,0.9775999999999999,0.0008,-0.008730838,-0.0017433253,-0.04548075
-0.06819701,0.0008467585,0.041600000000000005,0.0008,0.0008,0.4344,0.0072,0.38720000000000004,0.0008,0.1135001,0.0026476718,0.11571906,0.057946887,0.00060295686,1.2712,1.6656,0.0008,1.6703999999999999,0.0024,1.6696,0.0016,-0.006262414,-0.004082743,0.006748181,0.00092448806,0.041600000000000005,0.41299835,0.0008,0.0008,0.44079999999999997,0.008799999999999999,0.4344,0.0008,0.10144372,0.004025977,0.10282457
-0.06834678,0.0005527362,0.008799999999999999,0.3952,0.0024,0.40559999999999996,0.0128,0.4016,0.0024,0.047086593,0.0035282895,0.04264865,0.058055416,0.00061038136,0.4864,0.8832,0.0008,0.8848,0.0008,0.8848,0.0008,-0.012519538,0.005742751,-0.04649388,0.0006973809,1.2536,-2.848786,1.6447999999999998,0.0016,1.652,0.0032,1.6447999999999998,0.0016,-0.04146883,-0.046155274,-0.004921225
-0.068250716,0.00067856535,0.0064,0.3888,0.0024,0.40480000000000005,0.008,0.3888,0.0024,-0.045039218,0.0029876605,-0.049588107,0.058092523,0.00057327375,0.35600000000000004,0.7416,0.0008,0.756,0.0008,0.7535999999999999,0.0008,-0.04765658,-0.0011501648,-0.08221069,0.00079832296,1.3912,-2.3168626,1.7592,0.0008,1.7848,0.0016,1.7848,0.0016,0.06556791,0.13637662,0.036279663
-0.068240725,0.0006685741,0.010400000000000001,0.40559999999999996,0.0024,0.4096,0.0048,0.40559999999999996,0.0024,-0.032010145,0.0036987886,-0.035671446,0.057961028,0.00047286227,-0.38799999999999996,0.0056,0.0016,0.0056,0.0016,0.0056,0.0016,-0.004226841,0.0,-0.0020237267,0.00075279316,0.9528,2.6476367,1.3352,0.0008,1.3464,0.0032,1.3352,0.0008,0.026179787,0.022993224,0.0035604043
-0.06805389,0.00070363283,0.0096,0.4032,0.0032,0.408,0.0056,0.40559999999999996,0.0032,0.015807379,0.002563335,0.013921253,0.057923928,0.00050996244,-0.29359999999999997,0.0728,0.0008,0.1008,0.0008,0.0728,0.0008,0.01281216,0.0,0.007362351,0.00074198976,1.2391999999999999,-3.047376,1.6128,0.0008,1.6216000000000002,0.0016,1.6168,0.0016,-0.016942607,-0.025845103,-0.0018311301
-0.06783089,0.0007025339,0.8936000000000001,1.2832000000000001,0.0008,1.288,0.0024,1.2848,0.0024,0.09043349,0.07454943,0.048731085,0.05779777,0.0007520728,1.0152,1.384,0.0008,1.4152,0.0008,1.3976,0.0008,0.034842893,0.03660931,0.051977318,0.000787746,1.3584,0.72124743,1.6936,0.0008,1.7496,0.0016,1.7271999999999998,0.0016,0.09092151,0.13416347,0.016913747
-0.06763561,0.0006182045,0.3288,0.7272,0.0008,0.7272,0.0008,0.7272,0.0008,0.028844003,0.027635485,-0.0003353767,0.057574444,0.00062754005,0.0552,0.4344,0.0008,0.4552,0.0008,0.4552,0.0008,-0.05275838,-0.0027332306,-0.055541262,0.0007422036,1.2144,1.0075183,1.3967999999999998,0.0008,1.6144,0.0008,1.5936000000000001,0.0008,-0.029206134,-0.035077564,-0.016835576
-0.06718227,0.0006086603,0.0096,0.3728,0.0016,0.4064,0.0024,0.3896,0.0016,0.038215593,0.0029769093,0.034776185,0.057452694,0.0006333366,0.3528,0.7136,0.0008,0.7376,0.0008,0.7376,0.0008,0.026726268,0.013536282,0.0064344257,0.0006920374,0.3528,1.9856461,0.6568,0.0008,0.7472,0.0008,0.7352,0.0008,0.009056374,0.0038779625,0.008104674
-0.06708398,0.00062131137,0.06,0.4592,0.0008,0.4592,0.0032,0.4592,0.0008,0.008654047,0.009430613,0.000776723,0.057185303,0.0005528666,0.5224,0.9216,0.0008,0.9224,0.0008,0.9224,0.0008,0.02701822,0.01768392,0.017278135,0.0006375226,0.6072,-0.22599515,1.0064,0.0016,1.0064,0.0016,1.0064,0.0016,0.0023798463,0.0049407417,0.0027172226
-0.066902906,0.0005511902,1.1184,1.5168,0.0008,1.5168,0.0016,1.5168,0.0016,0.030395322,0.035749592,0.0017436966,0.0570886,0.00053361803,0.1856,0.5848,0.0008,0.5855999999999999,0.0024,0.5848,0.0008,0.03507659,0.008077905,0.027307712,0.0006652809,-0.1128,-1.9165232,0.2472,0.0008,0.2848,0.0024,0.2752,0.0008,-0.04330147,0.0,-0.045790367
-0.06665439,0.0006355196,0.012,0.3952,0.0016,0.3992,0.0024,0.3976,0.0016,0.03173974,0.0040963218,0.028189383,0.05700187,0.00050439313,-0.1752,0.20879999999999999,0.0016,0.22240000000000001,0.0016,0.20879999999999999,0.0016,0.016750142,0.0,0.016866095,0.00070590834,0.012,-0.45036942,0.3952,0.0016,0.4024,0.0024,0.3976,0.0016,0.02128355,0.002615311,0.01904622
-0.06661445,0.00059557706,-0.3456,0.0496,0.0008,0.0544,0.0008,0.0496,0.0008,0.07955715,0.0,0.036952928,0.05702668,0.0005955361,-0.21439999999999998,0.1696,0.0008,0.1832,0.0008,0.1696,0.0008,0.03269822,0.0,0.026784599,0.0007030648,-0.21439999999999998,1.0104239,0.1312,0.0008,0.1856,0.0016,0.1696,0.0016,0.06998202,0.0,0.052471332
-0.066661045,0.000642173,0.0928,0.464,0.0016,0.49279999999999996,0.0024,0.464,0.0024,0.041387897,0.015134651,0.029294487,0.056990504,0.000515759,0.0072,0.4024,0.0008,0.4032,0.0008,0.4024,0.0008,0.029102214,0.000119648874,0.029102214,0.00075645925,1.4240000000000002,0.5568589,1.7952,0.0016,1.8199999999999998,0.0024,1.8072000000000001,0.0016,0.05051616,0.073248744,0.009865306
-0.06672895,0.000599131,0.1448,0.52,0.0008,0.544,0.0008,0.532,0.0008,0.058146145,0.020127367,0.038508292,0.05700349,0.000618726,0.2736,0.6736,0.0016,0.6736,0.0024,0.6736,0.0024,-0.0041758865,-0.005112581,-0.01148095,0.00071731623,1.2432,-1.9846419,1.528,0.0008,1.6408,0.0048,1.6336,0.0024,-0.019559132,-0.01057156,0.018993948
-0.06684234,0.00071251765,0.045599999999999995,0.39999999999999997,0.0008,0.4432,0.0016,0.44,0.0016,0.046442453,0.009104226,0.037788495,0.05706263,0.00055958703,-0.0512,0.3448,0.0008,0.3488,0.0016,0.3488,0.0008,-0.037631884,0.0,-0.03264589,0.0007189256,0.045599999999999995,0.13361475,0.39999999999999997,0.0008,0.4432,0.0016,0.4344,0.0008,0.041015275,0.0092096785,0.031557973
-0.06679086,0.00077198446,0.008,0.39999999999999997,0.0008,0.4072,0.008,0.4008,0.0048,0.022029422,0.0025052652,0.0199214,0.0571206,0.0005016178,0.0056,0.40480000000000005,0.0008,0.40480000000000005,0.0016,0.40480000000000005,0.0008,0.023832723,0.001540117,0.02162961,0.00078714767,0.008,0.19659922,0.39999999999999997,0.0008,0.4072,0.008,0.4008,0.0048,0.026260432,0.0028932465,0.023694722
-0.06691866,0.0005669482,0.332,0.6896,0.0008,0.7288,0.0032,0.7111999999999999,0.0016,0.03855406,0.03346742,-0.007933311,0.05707886,0.0006593093,0.0136,0.3976,0.0016,0.41119999999999995,0.0048,0.39999999999999997,0.0016,-0.058500513,0.0015841275,-0.060007907,0.0007992674,0.7728,-1.9835916,0.9680000000000001,0.0008,1.1728,0.0008,1.1728,0.0008,0.038119867,0.021627031,0.013143262
-0.06693709,0.0008072704,0.5152,0.872,0.0008,0.9152,0.008799999999999999,0.904,0.0016,0.07345723,0.068542585,0.011104193,0.057100657,0.0008694194,0.2032,0.5896,0.0008,0.6032,0.02,0.6032,0.0016,0.10175027,0.036002837,0.053977475,0.00090535055,0.2032,1.2881203,0.5896,0.0008,0.6032,0.02,0.6032,0.0048,0.11820121,0.046461165,0.070869915
-0.066898696,0.00076887384,0.0288,0.424,0.0016,0.424,0.0056,0.424,0.0016,0.034452975,0.007819753,0.02846174,0.05720084,0.0005373284,-0.004,0.38,0.0008,0.39280000000000004,0.0024,0.38,0.0008,0.03275737,0.0,0.033800952,0.00078501913,0.0288,-0.20316292,0.424,0.0016,0.424,0.0056,0.424,0.0016,0.027134994,0.006703817,0.022577139
-0.066993006,0.0006412901,0.0432,0.42319999999999997,0.0016,0.4432,0.008,0.4432,0.0032,0.038839612,0.0014559701,0.03895055,0.057136606,0.0006015636,0.3496,0.7335999999999999,0.0008,0.7496,0.0008,0.7384,0.0008,0.03849332,0.014627095,0.03026063,0.0006760295,0.3496,1.0970125,0.7256,0.0008,0.7496,0.0008,0.7496,0.0008,0.051974047,0.027943205,0.037257534
-0.06715631,0.000582695,0.0224,0.404,0.0008,0.42160000000000003,0.0016,0.4192,0.0008,0.028392542,0.0036672838,0.023843654,0.057231225,0.00062289834,-0.1976,0.17679999999999998,0.0016,0.2008,0.0016,0.2008,0.0016,0.0003437996,0.0,0.0073010027,0.00069351576,0.6368,2.0259926,1.0111999999999999,0.0008,1.0368,0.0008,1.0264,0.0008,-0.012173666,-0.007002345,0.0052280226
-0.06721667,0.0007540062,0.012,0.3184,0.0016,0.41119999999999995,0.0024,0.3904,0.0024,0.084099546,0.0057626665,0.07810833,0.05734509,0.0006249882,1.1096,1.448,0.0008,1.5088000000000001,0.0008,1.4976,0.0008,0.06986126,0.072230116,0.021459173,0.0008201476,0.0064,0.6695873,0.3448,0.0024,0.40559999999999996,0.0032,0.36160000000000003,0.0032,0.10930086,0.003223002,0.105392516
-0.06742126,0.00051479787,-0.3792,0.0192,0.0008,0.02,0.0032,0.0192,0.0008,0.070781454,0.0,0.061683673,0.05751763,0.00056840107,-0.2704,0.11120000000000001,0.0008,0.1296,0.0008,0.128,0.0008,0.05316159,0.0,0.034029283,0.0006853654,-0.3792,0.72102565,0.0192,0.0008,0.02,0.0016,0.0192,0.0008,0.08826092,0.0,0.069409385
-0.06781491,0.0006865524,0.010400000000000001,0.4096,0.0016,0.4096,0.0032,0.4096,0.0016,0.09719522,0.0031558685,0.09419961,0.05764355,0.0005584322,0.14639999999999997,0.54,0.0008,0.5464,0.0024,0.5464,0.0008,0.04464291,0.015807819,0.029684924,0.0008167874,0.010400000000000001,0.57249475,0.4096,0.0016,0.41040000000000004,0.0072,0.4096,0.0024,0.10588208,0.0040728096,0.10179372
-0.068071194,0.00060999393,-0.3736,0.0152,0.0008,0.024,0.0048,0.024,0.0008,0.027678378,0.0,0.04531928,0.05778687,0.0006470196,0.0032,0.376,0.0008,0.4016,0.0024,0.3832,0.0008,-0.010436177,0.00050091743,-0.011015944,0.0007038783,0.0576,1.166097,0.4304,0.0008,0.456,0.0008,0.44639999999999996,0.0008,0.0013049971,0.015157793,-0.0151324095
-0.068339914,0.0006568171,-0.092,0.2848,0.0008,0.30479999999999996,0.0008,0.2904,0.0008,0.037501212,0.0,0.041495357,0.058032922,0.00063287467,0.6232,0.972,0.0016,1.02,0.0016,0.9752,0.0016,0.027772196,0.019339785,0.010810271,0.0008056069,0.86,-2.9177856,1.2584000000000002,0.0008,1.2591999999999999,0.0016,1.2584000000000002,0.0008,-0.04272977,-0.04649734,0.015139341
-0.06855493,0.0006499365,-0.2792,0.116,0.0008,0.1168,0.0008,0.116,0.0008,0.10600966,0.0,0.07993674,0.058227256,0.00055449456,0.41600000000000004,0.7959999999999999,0.0008,0.8144,0.0008,0.7999999999999999,0.0008,0.04795356,0.021992244,0.04308352,0.0006989697,1.4424,-0.37679303,1.8376,0.0008,1.8376,0.0016,1.8376,0.0008,0.08092897,0.09731817,-0.0021124738
-0.068786815,0.000659924,-0.308,0.06,0.0008,0.09040000000000001,0.0008,0.06,0.0008,0.0038841926,0.0,0.03151039,0.058371045,0.0006426126,1.5864,1.9784,0.0016,1.984,0.0024,1.9784,0.0016,-0.035193212,-0.062062033,-0.000439018,0.00080046465,0.784,-2.9287863,1.184,0.0008,1.184,0.0024,1.184,0.0008,0.0036363676,-0.019833032,0.09430379
-0.06899962,0.00076177716,0.0304,0.42879999999999996,0.0024,0.42879999999999996,0.0056,0.42879999999999996,0.0024,0.0031683631,0.006203089,-0.0044870675,0.058418583,0.00059507415,0.0368,0.3856,0.0008,0.43360000000000004,0.0016,0.42,0.0016,-0.038262904,0.0036029667,-0.042785086,0.0008206032,1.4143999999999999,-2.8744757,1.6992,0.0008,1.8144,0.0016,1.772,0.0008,0.0070435572,0.033417426,0.004547027
-0.06889221,0.0007653199,0.0096,0.2856,0.0016,0.4096,0.0048,0.3904,0.0016,0.06151549,0.003525436,0.059185587,0.05835875,0.00053895265,-0.216,0.13199999999999998,0.0008,0.18239999999999998,0.0024,0.13199999999999998,0.0008,0.00997363,0.0,0.012524605,0.0008246161,0.0096,0.3815399,0.2256,0.0016,0.408,0.0048,0.3904,0.0016,0.06080574,0.003996244,0.05777987
-0.068829425,0.00081348047,0.032,0.3264,0.0008,0.42800000000000005,0.0024,0.4096,0.0008,0.06513471,0.011015218,0.055815034,0.058339503,0.0006741546,0.0064,0.3944,0.0008,0.4064,0.0056,0.4064,0.0008,0.033454582,0.0022624955,0.031947188,0.0008520556,0.032,-0.30205572,0.4096,0.0008,0.4296,0.0024,0.4096,0.0008,0.052233685,0.00853102,0.045060642
-0.06876263,0.000746686,0.0064,0.3832,0.0024,0.4016,0.0024,0.4016,0.0024,0.09159164,0.0024231412,0.088817924,0.0581716,0.0006101504,0.06,0.42879999999999996,0.0008,0.4576,0.0008,0.45680000000000004,0.0008,-0.016402803,0.007844523,-0.027534328,0.0008047901,0.06,0.86046904,0.3144,0.0008,0.45680000000000004,0.0008,0.40480000000000005,0.0008,0.0472895,0.018373152,0.028938536
-0.068485916,0.00069186836,0.0096,0.4032,0.0008,0.4072,0.0016,0.4032,0.0008,0.018853568,0.0038644783,0.01397185,0.0579935,0.0007882491,0.0064,0.3912,0.0016,0.40559999999999996,0.0024,0.4024,0.0016,0.057568304,0.0017838106,0.056872584,0.00091771985,0.0064,1.0331594,0.30400000000000005,0.0008,0.4032,0.0024,0.3584,0.0016,0.059101697,0.0030030203,0.056401882
-0.06817749,0.00082723796,0.0256,0.204,0.004,0.4256,0.0072,0.4224,0.0048,0.07478707,0.010384079,0.06435792,0.057917204,0.00063264,0.49119999999999997,0.8648,0.0008,0.8887999999999999,0.0008,0.8887999999999999,0.0008,-0.042788923,-0.018671393,-0.03722316,0.0008782597,0.0256,-0.34253603,0.28719999999999996,0.004,0.4256,0.0064,0.4224,0.0048,0.08481419,0.008706245,0.07674348
-0.06802039,0.0007810816,0.0056,0.4032,0.0016,0.40480000000000005,0.0056,0.4032,0.0048,0.087435395,0.00258293,0.08510547,0.057647493,0.0006704442,0.8384,1.2328000000000001,0.0008,1.2368,0.0016,1.2328000000000001,0.0008,0.03646952,0.030791625,0.01814419,0.00078632747,0.0056,0.1155746,0.4032,0.0016,0.40480000000000005,0.0056,0.4032,0.0048,0.09105766,0.00277261,0.088502586
-0.067688644,0.0007821843,0.0064,0.3584,0.0048,0.4024,0.0064,0.3968,0.0064,0.010481857,0.0024852306,0.0073753,0.057538033,0.00054799765,-0.2912,0.0992,0.0024,0.1048,0.0024,0.0992,0.0024,0.02788923,0.0,0.014786497,0.00080738304,0.0064,0.2504957,0.3968,0.0048,0.4024,0.0064,0.3968,0.0064,0.017068012,0.002862039,0.013569782
-0.067596555,0.0008010417,0.0112,0.3944,0.0016,0.41040000000000004,0.004,0.396,0.0016,0.046260245,0.0053343438,0.041822303,0.057404224,0.00079775974,0.9288,1.2288,0.0008,1.3272,0.0048,1.3144,0.0016,0.018089287,0.015385214,0.005951103,0.0008301739,0.0112,0.26570222,0.3944,0.0016,0.39999999999999997,0.004,0.3944,0.0016,0.049386907,0.0060094376,0.044191267
-0.06739862,0.0007140599,0.0072,0.392,0.0056,0.4064,0.0072,0.392,0.0072,0.015083574,0.0028761923,0.012309857,0.057350654,0.00061942264,1.5544,1.9464000000000001,0.0008,1.9535999999999998,0.0016,1.9464000000000001,0.0008,0.013392188,0.016059574,-0.0006384589,0.0008287559,0.4152,-2.2281272,0.792,0.0008,0.8128,0.0032,0.8128,0.0016,-0.019817756,-0.019798834,-0.011824021
-0.0673589,0.00078528747,0.0072,0.2664,0.0024,0.40559999999999996,0.0056,0.39840000000000003,0.004,0.082707256,0.0036282092,0.07960069,0.05737199,0.0007140413,1.504,1.7888,0.0016,1.904,0.0032,1.7888,0.0016,0.04400474,0.06262011,0.0037059113,0.0007966845,0.0072,0.16934979,0.2664,0.0024,0.40559999999999996,0.0056,0.39840000000000003,0.004,0.08894071,0.0038972413,0.0858395
-0.06748561,0.00091199204,0.0032,0.384,0.0056,0.4032,0.008,0.3976,0.0064,0.052031823,0.0018728003,0.050367597,0.057330016,0.00064006075,0.02,0.3728,0.0016,0.4136,0.0016,0.4096,0.0016,0.02504351,0.003130693,0.022260629,0.0009991593,0.0064,0.42080727,0.0048,0.0008,0.40480000000000005,0.0032,0.38720000000000004,0.0024,0.05772275,0.0052851597,0.052981094
-0.06740528,0.00083167106,0.0064,0.3112,0.0048,0.4064,0.0064,0.396,0.0048,-0.008432638,0.0037686937,-0.012204893,0.057322823,0.0005313009,-0.2096,0.1752,0.0008,0.1904,0.0016,0.1752,0.0008,0.006554477,0.0,0.01351168,0.0008330821,0.0064,-0.058209643,0.3112,0.0048,0.4064,0.0064,0.396,0.0048,-0.008799676,0.003697172,-0.012504829
-0.06731741,0.0007437989,0.008,0.392,0.0048,0.39840000000000003,0.008,0.39840000000000003,0.0048,0.0012186095,0.003665723,-0.0032193288,0.05739889,0.000687141,0.008,0.3416,0.0008,0.408,0.0056,0.408,0.0008,-0.024406679,0.0029289946,-0.027305514,0.0010126202,0.008,0.7458239,0.004,0.0032,0.408,0.008,0.392,0.0048,-0.015666712,0.0046801292,-0.020893592
-0.06746452,0.0006690137,0.0096,0.3832,0.0032,0.408,0.0072,0.3832,0.0032,0.064396456,0.005365383,0.059736613,0.057318185,0.0006518923,0.25839999999999996,0.5112,0.0008,0.6584,0.0008,0.6584,0.0008,0.029860921,0.011585195,0.022903718,0.0007483243,1.092,-1.417496,1.4391999999999998,0.0008,1.4912,0.0024,1.4848,0.0008,-0.019677348,-0.020679373,-0.0069488506
-0.06740174,0.00071717426,0.0,0.3864,0.008799999999999999,0.3992,0.012,0.39840000000000003,0.008799999999999999,0.07189891,0.0,0.07189891,0.05732468,0.00064539537,0.0664,0.4472,0.0008,0.4648,0.0016,0.4648,0.0008,0.01837714,0.0046354868,0.014898539,0.00073980464,0.0064,0.24797937,0.39280000000000004,0.0008,0.40559999999999996,0.0056,0.40480000000000005,0.0024,0.07421013,0.0049156994,0.06892738
-0.06727192,0.00092019886,0.0024,0.30960000000000004,0.0016,0.4008,0.0224,0.38720000000000004,0.0016,0.03322182,0.0015401728,0.031446636,0.057383817,0.0005862601,1.1792,1.5536,0.0008,1.5784,0.0008,1.5728,0.0008,-0.022843078,-0.03147655,-0.009571366,0.000950579,0.0024,0.25350085,0.30960000000000004,0.0016,0.4008,0.0144,0.38720000000000004,0.0016,0.026431145,0.0017284786,0.024509126
-0.06728412,0.0007105097,0.0056,0.3704,0.0064,0.40559999999999996,0.010400000000000001,0.3968,0.0064,0.04514839,0.0026436374,0.042929422,0.057290126,0.00067995116,0.8392000000000001,1.0335999999999999,0.0008,1.2384000000000002,0.008,1.2008,0.0008,0.043483153,0.041318897,-0.0027054064,0.0007842885,0.0056,0.43722776,0.1288,0.0056,0.4016,0.0096,0.3704,0.0064,0.05931329,0.0031337775,0.05661569
-0.06735758,0.000783965,0.0056,0.20879999999999999,0.0032,0.4024,0.0064,0.3856,0.0064,0.055309482,0.002935931,0.052646715,0.057324447,0.00064563006,1.0352000000000001,1.3599999999999999,0.0008,1.4288,0.0016,1.4064,0.0008,0.052181035,0.05218018,-0.0009255633,0.0007867268,0.0056,0.08381602,0.20879999999999999,0.0032,0.4024,0.0064,0.3856,0.0064,0.059483804,0.0030612955,0.056723602
-0.0672666,0.0006929822,0.0096,0.4096,0.0024,0.4096,0.0048,0.4096,0.0024,0.0328962,0.0043216646,0.029789645,0.057400744,0.0006852858,0.08320000000000001,0.448,0.0008,0.4816,0.0008,0.4704,0.0008,0.034381762,0.009466566,0.026033118,0.0007291867,0.08320000000000001,1.2220289,0.448,0.0008,0.4816,0.0008,0.4704,0.0008,0.043553732,0.013506543,0.03347071
-0.067490265,0.00069475174,0.0032,0.3776,0.0072,0.39840000000000003,0.008,0.3776,0.0072,0.10478379,0.0017804764,0.102897674,0.0573917,0.0006943308,1.3808,1.6912,0.0008,1.7808,0.0056,1.7207999999999999,0.0016,0.054732382,0.0706523,0.009591259,0.00077635166,0.0032,0.4626047,0.3064,0.0016,0.39840000000000003,0.008,0.3776,0.0072,0.118196286,0.0022118285,0.11604269
-0.06761809,0.0006006807,0.004,0.3672,0.0024,0.4008,0.010400000000000001,0.4008,0.010400000000000001,0.03767196,0.0004515797,0.037117217,0.057512987,0.00068899617,0.0992,0.4976,0.0008,0.49920000000000003,0.0024,0.4976,0.0008,0.043310024,0.010413684,0.036120914,0.0006920563,0.0992,1.6648725,0.4976,0.0008,0.49920000000000003,0.0024,0.4976,0.0008,0.039579704,0.009144687,0.03395445
-0.06774412,0.00072671473,0.0072,0.38,0.0008,0.4024,0.004,0.38,0.0008,-0.0039379373,0.0028791167,-0.0068225935,0.0576141,0.0007038377,0.008799999999999999,0.3544,0.0008,0.4072,0.0048,0.3544,0.0008,0.03727985,0.0024083592,0.034960784,0.0008065477,0.008799999999999999,1.0606127,0.3112,0.0016,0.4072,0.0048,0.38,0.0016,0.0306094,0.0039465087,0.026580984
-0.06787992,0.00075156614,0.0328,0.4168,0.0008,0.4328,0.0016,0.4168,0.0016,0.028792892,0.010177799,0.020360824,0.057816554,0.0006173365,-0.27440000000000003,0.12560000000000002,0.0008,0.12560000000000002,0.0016,0.12560000000000002,0.0016,0.036178276,0.0,0.035366602,0.00075564254,0.0328,-0.1039183,0.4168,0.0008,0.4296,0.0016,0.4168,0.0016,0.024884742,0.009445906,0.016967256
-0.06810471,0.00075445324,1.5192,1.8272000000000002,0.0008,1.9192000000000002,0.0008,1.8832,0.0008,0.048156306,0.08357352,0.004970871,0.057900503,0.00064934045,0.5272,0.9056,0.0008,0.9272,0.0008,0.9272,0.0008,0.03444002,0.017208464,0.030497603,0.0008358216,0.0056,0.69210464,0.268,0.0024,0.40559999999999996,0.008799999999999999,0.38,0.0024,0.05905397,0.0027418924,0.057995163
-0.06827823,0.00092797726,0.010400000000000001,0.27599999999999997,0.0016,0.408,0.0048,0.35919999999999996,0.0016,0.07778044,0.003964469,0.07378629,0.057959408,0.00059043616,0.2648,0.6447999999999999,0.0008,0.6576,0.004,0.6464,0.0032,0.05136925,0.014663041,0.06470389,0.0009339307,0.010400000000000001,-0.11297245,0.27599999999999997,0.0016,0.408,0.0048,0.35919999999999996,0.0016,0.07149365,0.0039104894,0.0675511
-0.068331696,0.0006485991,1.3336000000000001,1.7207999999999999,0.0008,1.7336,0.0056,1.7336,0.0008,0.0656168,0.106418565,0.014056753,0.05797773,0.00068806857,0.29359999999999997,0.6544,0.0008,0.6824,0.0056,0.6759999999999999,0.0008,0.1078961,0.04450079,0.07508129,0.0007324054,0.228,0.48307928,0.6008,0.0008,0.628,0.0016,0.6152,0.0008,0.10822683,0.02988572,0.11117204
-0.06814798,0.0005758293,-0.23920000000000002,0.15839999999999999,0.0008,0.15839999999999999,0.0008,0.15839999999999999,0.0008,0.026136778,0.0,0.016706228,0.058000453,0.0006653443,0.9760000000000001,1.3632,0.0008,1.3743999999999998,0.0024,1.3648,0.0008,0.042385675,0.040282167,0.02813787,0.0007196848,0.0024,0.86852515,0.3912,0.0008,0.39999999999999997,0.0112,0.39280000000000004,0.0032,0.04923939,0.0011262839,0.04845104
-0.06814176,0.0006805584,-0.3744,0.016,0.0008,0.0248,0.0008,0.016,0.0008,0.06939664,0.0,0.039884377,0.05791233,0.00075346604,0.11120000000000001,0.3968,0.0008,0.5104,0.0016,0.5024000000000001,0.0016,0.05003506,0.0064033084,0.04562883,0.0009232133,-0.0304,2.5412333,0.1672,0.0008,0.35919999999999996,0.0024,0.3144,0.0008,-0.028994676,0.0,-0.023921741
-0.0679436,0.00070429966,0.0408,0.4296,0.0032,0.44079999999999997,0.0032,0.44079999999999997,0.0032,0.0026590861,0.0020799153,-0.0006693527,0.057751384,0.0005665533,-0.19679999999999997,0.1688,0.0016,0.196,0.0032,0.1888,0.0024,0.038908713,0.0,0.029168628,0.00082039385,0.04,0.7623003,0.4136,0.0016,0.44,0.0056,0.42879999999999996,0.0016,0.028793037,0.0018200392,0.02702702
-0.06763384,0.00072737783,0.008,0.408,0.0016,0.408,0.008799999999999999,0.408,0.0016,0.05270027,0.0030577406,0.04914991,0.057587434,0.00061454996,0.49360000000000004,0.8304,0.0008,0.892,0.0016,0.892,0.0016,-0.012294784,0.006503146,-0.033630207,0.00075361546,0.008,-0.2646492,0.3376,0.0016,0.408,0.008799999999999999,0.408,0.0016,0.054081433,0.0025873312,0.05120062
-0.067372434,0.00057692453,0.5416000000000001,0.9312,0.0008,0.9416,0.0016,0.9376,0.0008,0.047141492,0.029883191,0.05279986,0.057438545,0.00053153187,0.6719999999999999,1.0608,0.0008,1.0704,0.0016,1.0608,0.0008,0.052992634,0.03172151,0.031244278,0.0006737657,0.54,-1.2001066,0.9256,0.0008,0.94,0.0024,0.9256,0.0008,-0.032315854,-0.0149758775,-0.016540213
-0.06712303,0.0005494207,0.0504,0.4496,0.0016,0.4504,0.0016,0.4496,0.0016,0.066682614,0.008429531,0.059692893,0.05732422,0.0005299039,-0.26880000000000004,0.1312,0.0008,0.1312,0.0016,0.1312,0.0008,0.013504751,0.0,0.008866616,0.00061746035,0.4416,-0.47387376,0.8408,0.0016,0.8408,0.004,0.8408,0.0016,0.053171962,0.024152793,0.04305791
-0.06696482,0.00050215423,-0.24639999999999998,0.14880000000000002,0.0008,0.15200000000000002,0.0032,0.14880000000000002,0.0008,-0.00992807,0.0,-0.006932486,0.057125706,0.0006124638,0.0304,0.3664,0.0008,0.4272,0.0008,0.4272,0.0008,0.0008671731,0.003909409,-0.0031911954,0.00068429887,0.468,-1.3207831,0.7544000000000001,0.0016,0.8664,0.0024,0.8432000000000001,0.0016,-0.003296582,-0.0058266763,0.004503535
-0.06667657,0.0005467534,-0.33039999999999997,0.053599999999999995,0.0008,0.0688,0.0016,0.068,0.0008,0.034834657,0.0,0.02595874,0.057085585,0.0006525852,-0.1096,0.1152,0.0008,0.2896,0.0016,0.2896,0.0008,0.017856225,0.0,0.032814212,0.00065860676,1.0752000000000002,-1.240011,1.4240000000000002,0.0008,1.4752,0.0008,1.4240000000000002,0.0008,-0.0055743908,-0.0039559044,-0.0020716484
-0.06677044,0.00075156987,0.1184,0.49279999999999996,0.0008,0.5184,0.008799999999999999,0.5167999999999999,0.0008,0.10579559,0.038672037,0.07583949,0.057009056,0.0007291138,-0.21439999999999998,0.062400000000000004,0.0016,0.1336,0.0016,0.062400000000000004,0.0016,0.0131013915,0.0,0.030030586,0.0008027839,-0.3792,-1.3230872,0.020800000000000003,0.0008,0.020800000000000003,0.0024,0.020800000000000003,0.0024,0.013237853,0.0,-0.025543917
-0.066674575,0.00065570325,0.0056,0.0016,0.0024,0.404,0.0072,0.4024,0.0024,0.0022716485,0.001261469,0.00094025955,0.056985404,0.0006368123,-0.1024,0.1896,0.0008,0.2968,0.0032,0.28080000000000005,0.0008,0.0013868213,0.0,0.006720677,0.0007165473,0.0056,0.4150724,0.3112,0.0024,0.4024,0.0072,0.3968,0.0024,0.0026379991,0.0018297294,0.00081179664
-0.066616,0.0007080771,0.0136,0.3976,0.0024,0.408,0.0032,0.3976,0.0032,-0.0018279813,0.0054913163,-0.009150576,0.056971956,0.0006502606,0.0008,0.3008,0.0008,0.3976,0.0056,0.38799999999999996,0.0008,0.013211198,0.00018644705,0.012979291,0.0008119153,0.0008,0.9287919,0.3008,0.0008,0.3976,0.010400000000000001,0.37679999999999997,0.0008,0.009486211,0.0003740133,0.009034734
-0.066669255,0.0007613301,0.004,0.33039999999999997,0.0008,0.39999999999999997,0.0016,0.39999999999999997,0.0016,0.03312266,0.0015876889,0.03234602,0.057011377,0.0006108396,0.2984,0.6792,0.0008,0.6944,0.0048,0.6864,0.0048,0.01356297,0.008923169,0.004866466,0.00076604716,0.004,-0.11103153,0.33039999999999997,0.0008,0.39999999999999997,0.0016,0.39999999999999997,0.0016,0.031415872,0.0014450653,0.030631172
-0.066815265,0.00068544224,0.7408,1.1336,0.0008,1.1368,0.0048,1.1336,0.0008,0.06518771,0.04048116,0.0974366,0.057023894,0.0005983226,1.2671999999999999,1.6664,0.0016,1.6672,0.0024,1.6664,0.0016,0.053806283,0.08261479,0.01803901,0.00072976877,0.7408,0.35033014,1.1336,0.0008,1.1400000000000001,0.004,1.1336,0.0008,0.07969491,0.05080423,0.11328152
-0.066894926,0.00076510385,0.0128,0.3896,0.0016,0.4128,0.0048,0.3896,0.0032,0.09153877,0.0038096085,0.089430764,0.057051264,0.0005709529,-0.3336,0.06319999999999999,0.0008,0.06319999999999999,0.0008,0.06319999999999999,0.0008,0.054843977,0.0,0.03745097,0.0007725689,0.0128,0.13912775,0.3896,0.0016,0.4128,0.0048,0.3896,0.0032,0.09825999,0.0041713286,0.09583466
-0.06686453,0.0007347055,0.0408,0.36479999999999996,0.0024,0.43679999999999997,0.0056,0.43679999999999997,0.0056,0.04588528,0.0011899099,0.041336402,0.057046622,0.0005755946,0.3272,0.7256,0.0008,0.7264,0.0008,0.7264,0.0008,0.025280334,0.012207925,0.011249974,0.00074316026,0.0408,0.15098615,0.36479999999999996,0.0024,0.4376,0.008799999999999999,0.43679999999999997,0.0056,0.049165744,0.0012664527,0.044563975
-0.06692998,0.00068921223,0.2264,0.5992000000000001,0.0016,0.6248,0.0016,0.5992000000000001,0.0016,0.030955046,0.021079868,0.018195935,0.057101123,0.000637047,0.1392,0.5264,0.0016,0.536,0.0016,0.5296,0.0016,0.030668534,0.011358172,0.016638175,0.0008001769,0.2264,-0.5329246,0.5880000000000001,0.0016,0.6095999999999999,0.0016,0.5992000000000001,0.0016,0.011081064,0.01174715,0.006571492
-0.06705069,0.0005880222,0.0112,0.40559999999999996,0.0016,0.40559999999999996,0.0064,0.40559999999999996,0.0016,0.13291045,0.00268488,0.13180098,0.057208262,0.00064586103,0.0048,0.3504,0.0008,0.4024,0.004,0.4024,0.0008,0.038671292,0.0022518188,0.03681604,0.0008615099,0.6832,-0.8195524,1.008,0.0008,1.0776000000000001,0.004,1.0368,0.0008,0.062455267,0.035197012,0.05225178
-0.06713413,0.0006714612,0.8535999999999999,1.236,0.0008,1.2488,0.0008,1.236,0.0008,0.051259674,0.05098032,0.010487482,0.05723424,0.0006198846,0.2968,0.66,0.0008,0.6968000000000001,0.0008,0.66,0.0008,0.035420984,0.012216721,0.03797196,0.00068936084,0.8535999999999999,0.22837974,1.2311999999999999,0.0008,1.2488,0.0008,1.244,0.0008,0.05794799,0.056066267,0.017219154
-0.06726837,0.00058380887,0.008,0.3888,0.0016,0.4072,0.0016,0.39840000000000003,0.0016,0.035223637,0.0023986883,0.03256087,0.057371065,0.0004830584,-0.38,0.0112,0.0008,0.02,0.0008,0.0112,0.0008,-0.036703512,0.0,-0.015947856,0.00068141305,1.0784,-1.6912522,1.4312,0.0008,1.4768,0.0008,1.4447999999999999,0.0008,0.03220492,0.03800594,0.039944075
-0.06733161,0.0005361028,-0.0024,0.37679999999999997,0.0016,0.3968,0.0016,0.3888,0.0016,0.031950586,0.0,0.032505326,0.057453386,0.0006326437,0.3424,0.45680000000000004,0.0008,0.7416,0.0008,0.7352,0.0008,0.05299323,0.022979118,0.045920074,0.00069954345,0.26080000000000003,2.5316079,0.628,0.0008,0.6592,0.0008,0.6592,0.0008,0.0041689244,-0.0059882766,0.014455467
-0.06759079,0.0005733818,0.0096,0.38720000000000004,0.0016,0.40480000000000005,0.004,0.396,0.004,0.11394194,0.0029973611,0.111722976,0.05758743,0.0006145537,0.0328,0.3488,0.0008,0.432,0.0024,0.4192,0.0008,-0.00312981,0.0039772317,-0.007304132,0.000759848,0.0096,0.715751,0.1744,0.0016,0.4016,0.0048,0.396,0.0024,0.08392693,0.003372684,0.08057859
-0.06798178,0.0006315261,0.0056,0.384,0.0032,0.40480000000000005,0.016,0.40480000000000005,0.0064,0.10319153,0.0022017136,0.100084975,0.057684135,0.00063380226,0.048,0.408,0.0016,0.43119999999999997,0.0024,0.4088,0.0016,0.044469446,0.005561188,0.039367497,0.0006932447,0.032,0.425163,0.41040000000000004,0.0008,0.43119999999999997,0.0096,0.41040000000000004,0.004,0.11234683,0.011854509,0.10096465
-0.06819834,0.0007371381,0.045599999999999995,0.424,0.0016,0.4384,0.004,0.424,0.004,0.021184541,0.0070680007,0.010311589,0.05788172,0.00055217,0.0368,0.43119999999999997,0.0016,0.4344,0.0048,0.4344,0.004,-0.023016803,6.0275197e-06,-0.025219917,0.0007424146,0.045599999999999995,0.11929501,0.424,0.0016,0.4384,0.004,0.424,0.004,0.018294694,0.0073135532,0.0068642274
-0.06836255,0.00079039857,0.0072,0.404,0.0016,0.4072,0.004,0.404,0.0032,0.09785889,0.0043398812,0.09386475,0.05816116,0.00062058866,0.236,0.5664,0.0008,0.6304000000000001,0.0024,0.6304000000000001,0.0008,0.07618905,0.02468133,0.044649728,0.00080579676,0.0072,0.195808,0.38480000000000003,0.0016,0.40559999999999996,0.0032,0.404,0.0032,0.11081216,0.0046668267,0.10621755
-0.06864502,0.0007400289,0.012,0.408,0.0008,0.412,0.004,0.412,0.0008,0.04388121,0.0057748817,0.036558617,0.05829869,0.0005990155,-0.2904,0.0872,0.0008,0.1096,0.0016,0.1096,0.0008,0.020582117,0.0,0.01211752,0.00074632076,0.012,-0.12994076,0.408,0.0008,0.412,0.004,0.408,0.0008,0.04084434,0.0054483893,0.033793826
-0.06888512,0.00064727664,0.0096,0.33599999999999997,0.0048,0.4096,0.0112,0.4096,0.008799999999999999,0.08582281,0.0021089427,0.08504618,0.058372438,0.0006412193,-0.2472,0.148,0.0008,0.148,0.0024,0.148,0.0008,0.00504034,0.0,0.020694047,0.00076370395,0.8568,-0.98003244,1.2376,0.0008,1.2568,0.0024,1.2568,0.0008,0.043616854,0.03579889,0.016538028
-0.068859145,0.0006213039,0.008,0.3544,0.0008,0.4024,0.0008,0.38720000000000004,0.0008,-0.032739017,0.0036612228,-0.03706601,0.058391448,0.0005062558,0.1448,0.5424,0.0016,0.544,0.0016,0.5424,0.0016,0.005975716,0.0068703704,0.0037726015,0.0006724832,-0.0296,-2.6701586,0.3704,0.0008,0.3704,0.0008,0.3704,0.0008,0.026453817,0.0,0.025901299
-0.06888956,0.0007626638,0.6112,0.9775999999999999,0.0008,1.0072,0.0032,1.0064,0.0008,0.09936188,0.07508738,0.08713131,0.058294047,0.0007196106,0.0392,0.38799999999999996,0.0008,0.4352,0.0024,0.38799999999999996,0.0008,0.045168705,0.004765179,0.043429404,0.00079882506,1.5136,2.0199008,1.7664,0.0008,1.9048,0.0016,1.9032,0.0016,-0.0024492475,-0.007405032,0.004983552
-0.068784595,0.0007686503,0.0064,0.2888,0.0008,0.4024,0.012,0.4016,0.0008,0.103625156,0.0029316992,0.09996386,0.05820639,0.0005753599,-0.384,0.0152,0.0008,0.016,0.0008,0.0152,0.0008,0.010492794,0.0,0.0043472648,0.0008738468,0.5631999999999999,0.7187201,0.948,0.0008,0.9584,0.0024,0.948,0.0008,0.08490206,0.058051795,0.059342276
-0.0685527,0.0009805523,0.0064,0.392,0.0016,0.4064,0.0064,0.392,0.0048,0.051301014,0.0014093965,0.050080594,0.058076054,0.00070569664,0.020800000000000003,0.3032,0.0008,0.42,0.0016,0.3032,0.0008,0.06082297,0.0040858462,0.05873581,0.0009862627,0.0064,-0.107661046,0.392,0.0016,0.4064,0.0064,0.392,0.0048,0.044468366,0.001205767,0.043529123
-0.068211436,0.0007502362,0.0096,0.4016,0.0008,0.408,0.008799999999999999,0.4016,0.0008,0.04088566,0.005008675,0.035227284,0.057929955,0.0007358417,0.508,0.8968,0.0008,0.9024,0.0008,0.9024,0.0008,0.013626404,0.004953325,0.008756362,0.00082562974,1.4447999999999999,-2.9071615,1.7704,0.0008,1.8448,0.0016,1.7704,0.0008,-0.042932577,-0.031334832,0.011589376
-0.06794339,0.0007040836,0.0048,0.3968,0.0016,0.4024,0.008,0.3968,0.008,0.03933481,0.0015617236,0.036228254,0.057721008,0.00059692934,0.2176,0.6032,0.0008,0.6152,0.0016,0.6032,0.0016,0.0061471686,0.0119732395,0.0027845204,0.00079307624,0.004,0.47828987,0.3664,0.0024,0.4016,0.008799999999999999,0.3664,0.0072,0.037750095,0.0012278489,0.03518483
-0.06781757,0.00068921223,0.008,0.4024,0.0008,0.40480000000000005,0.0112,0.4024,0.0008,0.09408498,0.0027870387,0.09219885,0.057583716,0.0006182678,0.0288,0.41040000000000004,0.0016,0.4272,0.0056,0.4272,0.0016,0.04082103,0.004864633,0.037922196,0.00076597056,0.0096,0.7152261,0.3808,0.0016,0.40559999999999996,0.008799999999999999,0.3944,0.004,0.09779893,0.0046334537,0.094602905
-0.06763872,0.00084320456,0.0024,0.328,0.0024,0.4016,0.0128,0.3968,0.0064,0.09197402,0.000976339,0.09130833,0.05745872,0.0006273091,0.0024,0.3544,0.0008,0.3888,0.0024,0.3792,0.0008,0.008176297,0.0007223934,0.0073646232,0.001050957,0.0024,0.6396232,0.0008,0.0008,0.3976,0.0112,0.3624,0.0024,0.07867304,0.0012145287,0.077654466
-0.067391746,0.0008181296,0.0056,0.384,0.0024,0.4032,0.0072,0.384,0.0032,-0.02868319,0.0022875145,-0.030125514,0.057368048,0.00060202926,0.0272,0.39999999999999997,0.0008,0.4248,0.0024,0.41600000000000004,0.0008,0.04058279,0.00214836,0.038263723,0.000897957,0.0056,0.42484865,0.3088,0.0024,0.4032,0.0072,0.384,0.0024,-0.0094057545,0.002482948,-0.011102207
-0.06741016,0.0009474978,0.0064,0.1416,0.0032,0.4032,0.008,0.3776,0.0072,0.06834166,0.0039186813,0.06434752,0.057343002,0.0006270744,1.3176,1.6616,0.0008,1.7120000000000002,0.0016,1.7,0.0008,0.0031288415,-0.0063827224,-0.005215656,0.0009614604,0.008,0.17063186,0.14320000000000002,0.0016,0.40480000000000005,0.0064,0.3792,0.0056,0.06788047,0.0059365137,0.061969563
-0.0674825,0.00079793856,0.004,0.39999999999999997,0.0056,0.39999999999999997,0.010400000000000001,0.39999999999999997,0.0064,-0.0032209083,0.0022145174,-0.005550828,0.057265084,0.00070499256,0.0488,0.364,0.0016,0.4432,0.004,0.364,0.0016,0.023069695,0.0075228103,0.018083699,0.0009276401,0.004,0.53517145,0.0504,0.0056,0.39999999999999997,0.010400000000000001,0.39999999999999997,0.0064,0.008994713,0.002519879,0.0065766172
-0.06747518,0.00090156496,0.010400000000000001,0.36,0.0008,0.4088,0.0056,0.4016,0.0056,0.084149346,0.007060487,0.07849097,0.05734903,0.0006210469,0.0072,0.384,0.0008,0.4072,0.0008,0.3912,0.0008,0.015074611,0.0012991466,0.012871496,0.00095226616,0.010400000000000001,-0.32778636,0.23120000000000002,0.0008,0.4088,0.0056,0.39840000000000003,0.0008,0.074815765,0.00621315,0.070205286
-0.06730587,0.00073225796,0.0048,0.3832,0.004,0.404,0.004,0.404,0.004,0.09186053,0.0023964718,0.09008534,0.057371292,0.00059878454,-0.3744,0.0192,0.0008,0.0256,0.0016,0.0256,0.0008,-0.006143965,0.0,0.008002348,0.0008628824,0.0032,0.7669401,0.15519999999999998,0.0024,0.3976,0.008,0.3776,0.0056,0.06187951,0.0014462783,0.060839236
-0.06738664,0.0007020794,0.0288,0.42319999999999997,0.0024,0.4264,0.0056,0.42319999999999997,0.0056,0.028066922,0.010851555,0.020078637,0.057353206,0.0006168708,0.0272,0.4136,0.0008,0.4256,0.0024,0.4184,0.0008,0.020986073,0.0046241805,0.015884124,0.0007817319,0.0272,0.9093552,0.4136,0.0008,0.4224,0.0072,0.4136,0.0008,0.033800513,0.009929138,0.02473138
-0.06736911,0.0007954985,0.0488,0.25120000000000003,0.0008,0.4432,0.0032,0.3976,0.0008,0.08880946,0.014353178,0.07482993,0.05735947,0.0006106086,0.0032,0.3272,0.0024,0.39999999999999997,0.0024,0.39840000000000003,0.0024,-0.005046375,0.00058718026,-0.005626142,0.0007960961,0.0488,0.038750846,0.25120000000000003,0.0008,0.4432,0.0032,0.3976,0.0008,0.08854729,0.014514117,0.074483916
-0.06735225,0.0007786341,0.0064,0.2384,0.0032,0.40480000000000005,0.010400000000000001,0.372,0.0064,0.06629129,0.0016802028,0.064183265,0.057288036,0.00068204105,0.136,0.5032,0.0008,0.536,0.0016,0.5296,0.0008,0.03473208,0.01669088,0.022441022,0.0007853223,0.0064,0.13060302,0.2384,0.0032,0.40480000000000005,0.010400000000000001,0.372,0.0064,0.07024995,0.0018781543,0.06802398
-0.067274585,0.00059002265,0.008,0.35600000000000004,0.0016,0.408,0.0064,0.408,0.0016,0.0032714047,0.0034593567,-0.0005008355,0.057374075,0.00059600174,0.236,0.6136,0.0008,0.636,0.0016,0.6312,0.0008,0.009509854,0.0129060075,-0.010202222,0.000792377,0.2768,2.4907799,0.6368,0.0008,0.6744,0.0016,0.656,0.0008,0.003158684,-0.010421999,0.033915788
-0.06721712,0.00075445324,0.0096,0.3952,0.0008,0.408,0.0072,0.3952,0.004,0.007105306,0.0041716993,0.0028892756,0.05733999,0.00063008815,1.3256000000000001,1.6584,0.0008,1.7184,0.0024,1.7112,0.0016,0.022665702,0.01752074,-0.009641007,0.0007573026,0.0096,-0.086774565,0.3952,0.0008,0.40559999999999996,0.0056,0.3952,0.004,0.005114235,0.0039931284,0.0012054937
-0.067265704,0.0006920919,0.004,0.3904,0.008,0.404,0.008,0.3904,0.008,0.08081779,0.00079768896,0.080152094,0.057353903,0.0006161742,-0.2248,0.041600000000000005,0.0008,0.17200000000000001,0.0016,0.1688,0.0008,-0.023947,0.0,-0.019424818,0.00079161394,0.004,0.50684667,0.2704,0.0016,0.404,0.008,0.3904,0.0064,0.059032924,0.0007857678,0.058225777
-0.067441225,0.00064571574,0.0072,0.24400000000000002,0.004,0.404,0.008,0.404,0.0056,0.030503135,0.0025939196,0.027951326,0.05740446,0.0004496649,-0.28640000000000004,0.09040000000000001,0.0008,0.11359999999999999,0.0008,0.11359999999999999,0.0008,0.023013823,0.0,0.01640448,0.000728482,0.1888,-2.7970517,0.5871999999999999,0.0008,0.5880000000000001,0.0016,0.5871999999999999,0.0016,-0.036483742,-0.019902708,-0.020309962
-0.0674632,0.0006676875,0.004,0.33280000000000004,0.0096,0.3976,0.0096,0.33280000000000004,0.0096,0.083264165,0.0018960945,0.08093425,0.057490725,0.00047935173,0.0272,0.42,0.0032,0.4272,0.004,0.42,0.0032,0.060006417,0.003427133,0.058614977,0.00071206084,0.0032,0.35490933,0.332,0.0064,0.3968,0.010400000000000001,0.332,0.010400000000000001,0.09892753,0.0014958074,0.09690034
-0.067613415,0.0005960092,0.008799999999999999,0.4064,0.0008,0.4072,0.0032,0.4072,0.0032,0.031166844,0.0032276288,0.028393134,0.057605524,0.00059645995,-0.25680000000000003,0.14320000000000002,0.0008,0.14320000000000002,0.0008,0.14320000000000002,0.0008,0.014140986,0.0,0.0037051812,0.0006827655,0.0032,0.7806835,0.2968,0.0008,0.4032,0.008799999999999999,0.3784,0.0064,0.032093883,0.00088756403,0.03121293
-0.06791498,0.0006756745,1.3048,1.7024,0.0008,1.7032,0.0072,1.7024,0.0008,0.10645087,0.1591823,0.04218246,0.057763677,0.00055425987,-0.36479999999999996,0.0232,0.0008,0.032,0.0008,0.032,0.0008,0.021686636,0.0,0.013801806,0.00074722694,1.2895999999999999,-0.71398246,1.6608,0.0008,1.688,0.0024,1.6871999999999998,0.0008,0.06624984,0.098032065,0.02506591
-0.06808185,0.00062064454,0.7264,1.0976000000000001,0.0008,1.1168,0.0008,1.1159999999999999,0.0008,0.024797902,0.014019206,0.017713547,0.057832558,0.00060133263,-0.288,0.0976,0.0008,0.11120000000000001,0.0008,0.1056,0.0008,0.018028721,0.0,0.008984357,0.0006704087,0.7264,0.38772845,1.0768,0.0008,1.1168,0.0008,1.1119999999999999,0.0008,0.029773578,0.017050255,0.026354687
-0.06816239,0.0007011853,0.6176,1.008,0.0008,1.0176,0.0008,1.008,0.0008,-0.018648148,0.0019960292,-0.07102005,0.057972398,0.0005774461,-0.0144,0.3744,0.0016,0.3856,0.0048,0.3856,0.0024,-0.028294861,0.0,-0.02516412,0.00075052073,1.0088,-2.9833434,1.3872,0.0008,1.4064,0.0032,1.4023999999999999,0.0024,0.02287411,0.024336908,0.055538222
-0.068280004,0.0007078536,0.9536,1.2976,0.0008,1.3448,0.0024,1.3432,0.0016,0.039278902,0.037610088,0.028853089,0.058074664,0.0004751794,-0.376,0.0216,0.0008,0.0216,0.0016,0.0216,0.0008,-0.04701606,0.0,-0.028927334,0.0007414142,0.9536,-0.3020309,1.2976,0.0008,1.3439999999999999,0.0016,1.3024,0.0016,0.051486306,0.04939929,0.03454187
-0.06834302,0.000659924,0.010400000000000001,0.02,0.0008,0.41040000000000004,0.0016,0.40559999999999996,0.0008,-0.013534602,0.0038082153,-0.01641927,0.057986543,0.00056330115,-0.29200000000000004,0.108,0.0008,0.108,0.0008,0.108,0.0008,0.03217656,0.0,0.021972664,0.00070816104,1.5216,0.6837486,1.9216,0.0008,1.9216,0.0024,1.9216,0.0008,0.0098338835,0.03946043,0.0064924876
-0.068218976,0.0008687228,0.6472,1.0335999999999999,0.0008,1.0472,0.0024,1.0352000000000001,0.0008,0.07760404,0.076825604,0.046763856,0.057968453,0.0010452047,0.3072,0.5736,0.0008,0.7071999999999999,0.088,0.6944,0.0008,0.055484794,0.0017832369,0.054093353,0.0010725759,0.3072,1.7971961,0.5736,0.0008,0.6992,0.048,0.6944,0.0008,0.036649037,-0.005776204,0.027871527
-0.067923635,0.0007952787,0.008799999999999999,0.3448,0.0008,0.408,0.0024,0.4064,0.0024,-0.046930883,0.0019802116,-0.04937175,0.057856902,0.00057698786,-0.3056,0.0936,0.0008,0.0944,0.0024,0.0944,0.0008,0.0022078827,0.0,0.0052226707,0.00079528353,0.008799999999999999,-0.003494442,0.3448,0.0008,0.408,0.0024,0.4064,0.0024,-0.046938308,0.0019738234,-0.0493743
-0.067750335,0.0006219782,0.0768,0.46240000000000003,0.0008,0.4768,0.0016,0.4768,0.0016,0.091811344,0.013777256,0.08537634,0.05773075,0.0005871877,0.004,0.37679999999999997,0.0016,0.4024,0.0064,0.3944,0.004,0.034321904,0.000964731,0.03351023,0.00078033237,0.7016,0.6483716,1.0872,0.0008,1.1016,0.0016,1.0872,0.0008,0.09390654,0.064629495,0.06084169
-0.06746297,0.0007784106,0.9536,1.316,0.0008,1.3496,0.0032,1.316,0.0008,0.024625879,0.023080796,0.0117495805,0.057529222,0.00055680797,-0.35919999999999996,0.0232,0.0008,0.0408,0.0008,0.035199999999999995,0.0008,0.04064142,0.0,0.015943348,0.000843495,0.9536,0.39540774,1.316,0.0008,1.348,0.0016,1.316,0.0008,0.038380183,0.035368055,0.033845305
-0.06724928,0.0005647205,0.09040000000000001,0.4736,0.0008,0.4864,0.0008,0.4864,0.0008,-0.028578263,0.008117273,-0.045220498,0.05735622,0.0004979037,-0.164,0.22719999999999999,0.0008,0.2304,0.0008,0.22719999999999999,0.0008,-0.010493986,0.0,0.00342042,0.0006726586,0.29359999999999997,2.9166398,0.6648,0.0008,0.6936,0.0008,0.6936,0.0008,0.02551743,-0.0099955015,0.059507582
-0.06696992,0.0006182082,0.0296,0.41759999999999997,0.0008,0.42879999999999996,0.0024,0.424,0.0008,0.023411956,0.0067861043,0.01475798,0.05718832,0.0005498491,0.6335999999999999,1.02,0.0016,1.032,0.0032,1.02,0.0016,0.003766194,0.00065530837,0.0007324666,0.0007552793,0.0296,0.61197335,0.41759999999999997,0.0008,0.42800000000000005,0.0024,0.41759999999999997,0.0008,0.021326676,0.007982818,0.013044218
-0.06670942,0.0006905496,0.0504,0.4472,0.0008,0.4504,0.0016,0.4472,0.0008,0.052153602,0.0058930926,0.04472005,0.05709996,0.0005222559,-0.1672,0.2152,0.0016,0.2304,0.0016,0.2152,0.0016,0.027019449,0.0,0.036759533,0.00071200327,0.0504,-0.2461055,0.4472,0.0008,0.4504,0.0016,0.4472,0.0008,0.043999426,0.0049597644,0.03871083
-0.066778645,0.00064882636,0.0096,0.3952,0.0016,0.4096,0.0024,0.4016,0.0016,0.049369283,0.0025713183,0.047372207,0.056976356,0.00052990764,-0.1792,0.22,0.0024,0.2208,0.0032,0.22,0.0024,0.021162331,0.0,0.02591642,0.00074375427,0.036,-0.7623855,0.324,0.0008,0.42879999999999996,0.0008,0.4088,0.0008,0.021087663,0.0013353314,0.020594247
-0.06659537,0.0005764961,-0.2704,0.07440000000000001,0.0008,0.1272,0.0008,0.1216,0.0008,-0.03349672,0.0,-0.021736193,0.0569694,0.00065281615,0.3528,0.7008,0.0008,0.748,0.0016,0.7448,0.0008,0.020116143,0.016560998,-0.020815402,0.0008196316,1.3936000000000002,-2.2787466,1.7616,0.0008,1.7936,0.0008,1.7928,0.0008,0.0065000197,0.06888525,0.039071497
-0.066620655,0.0007127337,0.7768,1.0632000000000001,0.0008,1.1728,0.0016,1.1400000000000001,0.0016,0.07111658,0.060987715,0.0238856,0.056957345,0.0005489178,-0.2616,0.1368,0.0016,0.1384,0.0016,0.1368,0.0016,0.0028339475,0.0,0.008979477,0.0007405459,1.0368,0.27495044,1.3232000000000002,0.0008,1.4328,0.004,1.4,0.0032,0.06921477,0.070075706,-0.0042284243
-0.066664375,0.0007564537,0.0064,0.288,0.0008,0.404,0.0048,0.3888,0.0008,0.06197117,0.0012808368,0.06119452,0.056975663,0.00053060055,-0.053599999999999995,0.332,0.0008,0.3464,0.0008,0.332,0.0008,-0.0088151395,0.0,-0.016584016,0.00077821355,0.0064,0.23703377,0.288,0.0008,0.404,0.0048,0.38720000000000004,0.0008,0.058168404,0.0013432584,0.057141192
-0.06684721,0.00071739405,0.008,0.3736,0.0008,0.408,0.0032,0.408,0.0032,0.087038234,0.0030688308,0.08481927,0.05699584,0.00062637776,0.5896,0.86,0.0008,0.9855999999999999,0.0016,0.9655999999999999,0.0008,0.039826952,0.024496146,0.03147831,0.0008186951,0.008,0.50274074,0.1776,0.0024,0.408,0.0064,0.3736,0.0024,0.095458366,0.0032489125,0.09317874
-0.066837445,0.000596676,0.010400000000000001,0.4016,0.0008,0.4096,0.0008,0.4064,0.0008,0.07183299,0.0037626475,0.06717315,0.057017867,0.00048839673,0.08399999999999999,0.4696,0.0008,0.4792,0.0008,0.4696,0.0008,-0.025508404,0.010118205,-0.04150997,0.00063166866,0.010400000000000001,-0.334414,0.4016,0.0008,0.4096,0.0008,0.4064,0.0008,0.07622591,0.0025739884,0.073118165
-0.06675336,0.0006235391,1.18,1.5664,0.0016,1.5776,0.0024,1.5664,0.0016,0.05570469,0.052766085,-0.018358398,0.057179276,0.0005588941,-0.2984,0.0952,0.0008,0.09839999999999999,0.0016,0.09680000000000001,0.0008,0.016000077,0.0,0.009738594,0.00068824127,0.6,0.9476757,0.8984000000000001,0.0008,0.9975999999999999,0.0024,0.9935999999999999,0.0024,0.045500748,0.03164432,-0.0043164734
-0.066916674,0.001008749,0.0288,0.092,0.0008,0.42879999999999996,0.0024,0.4032,0.0008,0.05670396,0.0076903403,0.049825147,0.05712849,0.000609681,-0.2504,0.12319999999999999,0.0008,0.1472,0.0008,0.1336,0.0008,0.046784826,0.0,0.03634902,0.0010091926,0.0288,0.029645944,0.092,0.0008,0.42879999999999996,0.0016,0.4032,0.0008,0.05806582,0.0077773114,0.05115566
-0.0670822,0.0006195307,0.0072,0.1744,0.0008,0.404,0.008799999999999999,0.404,0.0032,0.06545267,0.00080499053,0.06600741,0.05714959,0.00070453435,0.0064,0.3976,0.0008,0.4064,0.0016,0.3976,0.0008,0.03513585,0.0020417199,0.033628456,0.0008689204,0.0064,0.94554454,0.3976,0.0016,0.4064,0.0016,0.3976,0.0016,0.066798255,0.0018289478,0.06596565
-0.06703671,0.0006849915,0.09839999999999999,0.4496,0.0008,0.4976,0.0024,0.4496,0.0008,0.05108878,0.019349333,0.03866256,0.057245597,0.00060852617,0.1152,0.5072,0.0008,0.5152,0.0008,0.5072,0.0008,0.013570048,0.00274989,0.012758374,0.0007144804,0.09839999999999999,-0.2883065,0.4184,0.0008,0.4976,0.0024,0.48,0.0008,0.045121826,0.017808694,0.0336041
-0.0671075,0.00064483285,0.0016,0.31520000000000004,0.0016,0.3976,0.012,0.3864,0.010400000000000001,0.040163826,0.00018017739,0.04005288,0.057277605,0.0004605651,-0.3016,0.0552,0.0008,0.0976,0.0008,0.0896,0.0008,0.014955789,0.0,0.01704295,0.00073114067,0.0016,0.49080312,0.3032,0.0048,0.3968,0.012,0.39280000000000004,0.010400000000000001,0.042471856,0.00031980453,0.0422647
-0.06728346,0.0005988963,0.0384,0.40480000000000005,0.0016,0.43679999999999997,0.012,0.4208,0.010400000000000001,0.05186401,0.0006770678,0.051309273,0.05736225,0.00049187243,-0.3232,0.0576,0.0008,0.0768,0.0008,0.0576,0.0008,-0.009684399,0.0,-0.00527817,0.0006712545,1.5224,-2.435107,1.8976,0.0008,1.9176,0.0016,1.9064,0.0008,-0.033163484,-0.03986603,-0.0035898287
-0.06754441,0.0006379485,1.1463999999999999,1.5312000000000001,0.0008,1.5464,0.0008,1.5408,0.0008,-0.0066078193,-0.017897747,-0.0006408058,0.057468697,0.00061733276,0.048,0.4192,0.0008,0.4416,0.0072,0.4416,0.0008,0.028056882,0.004225157,0.023766607,0.00074533984,1.1463999999999999,0.54347616,1.5312000000000001,0.0008,1.5456,0.0008,1.5312000000000001,0.0008,0.008852879,0.002744576,0.0061487667
-0.06777585,0.00064749643,0.010400000000000001,0.40559999999999996,0.0024,0.408,0.008,0.40559999999999996,0.0024,0.048153285,0.003757611,0.04371536,0.057593226,0.00060875714,0.0064,0.39840000000000003,0.0008,0.4064,0.0048,0.4064,0.0008,0.048065007,0.0027828962,0.045282125,0.0008114598,0.0064,0.84836453,0.39840000000000003,0.0008,0.4064,0.0064,0.404,0.0064,0.06789785,0.0028718105,0.064269565
-0.06803458,0.000795275,0.3416,0.728,0.0016,0.7416,0.0016,0.728,0.0016,0.109726,0.05444573,0.06235094,0.057833485,0.0008323118,-0.2072,0.1696,0.0008,0.1904,0.0016,0.17200000000000001,0.0008,-0.0029588044,0.0,0.004114352,0.0008567714,-0.2072,1.8103187,0.1696,0.0008,0.188,0.0016,0.17200000000000001,0.0008,-0.028905585,0.0,-0.01827041
-0.068294644,0.0008334443,0.0048,0.31039999999999995,0.0016,0.4016,0.0048,0.396,0.0016,-0.020750158,0.0028926358,-0.024300512,0.05797657,0.00068922713,0.0016,0.39280000000000004,0.0008,0.4008,0.0048,0.39280000000000004,0.0008,0.06052793,0.0003348738,0.060180068,0.0009506689,0.0048,0.50185335,0.396,0.0016,0.3992,0.0016,0.396,0.0016,0.010925524,0.003521242,0.0066415854
-0.06870227,0.0010191761,0.0072,0.0048,0.0016,0.404,0.0056,0.3288,0.0048,0.12210101,0.004068941,0.11744117,0.058136813,0.00064493716,0.0064,0.39999999999999997,0.0016,0.4064,0.0032,0.39999999999999997,0.0024,0.020819165,0.0014489889,0.018384144,0.0011139201,0.0064,0.6174768,0.004,0.0024,0.4032,0.0056,0.39999999999999997,0.004,0.11160794,0.003415999,0.10739383
-0.0687087,0.00080370903,0.0512,0.4272,0.0008,0.4488,0.0056,0.43920000000000003,0.0008,-0.024523847,0.01582282,-0.04970917,0.05841047,0.00060318783,-0.0872,0.2944,0.0008,0.3128,0.0008,0.2952,0.0008,-0.06708114,0.0,-0.0537465,0.0008050008,0.0192,-0.7630271,0.4168,0.0008,0.41759999999999997,0.0008,0.4168,0.0008,0.028636064,0.0034497383,0.025184939
-0.06884052,0.00071362406,0.0112,0.33999999999999997,0.0056,0.4072,0.0064,0.396,0.0056,0.0142082125,0.0051090345,0.006108973,0.0584056,0.0006080568,0.004,0.3712,0.0008,0.4016,0.0048,0.4016,0.0008,-0.0051054135,0.0010690764,-0.0063809007,0.0007595799,0.0112,0.34963334,0.32239999999999996,0.0056,0.4088,0.0064,0.396,0.0056,0.011599714,0.005809446,0.002560569
-0.06899052,0.0008636303,0.028,0.25120000000000003,0.0008,0.42800000000000005,0.0096,0.4256,0.0008,0.042944167,0.0112548135,0.031072691,0.05831005,0.00070360675,0.6752,1.072,0.0008,1.0744,0.0024,1.072,0.0008,0.0060315877,0.015120752,-0.038887978,0.0008724641,0.028,0.14242361,0.2672,0.0008,0.42800000000000005,0.0096,0.4256,0.004,0.04336549,0.011937138,0.030774819
-0.06884428,0.0010502338,0.0072,0.3904,0.0024,0.4072,0.0072,0.4072,0.0032,-0.018145394,0.0025733039,-0.020475313,0.05819294,0.00058881193,0.0016,0.4016,0.0008,0.4016,0.0048,0.4016,0.0016,0.04122223,0.00036595017,0.04122223,0.0011092215,0.0072,0.3275897,0.4072,0.0032,0.4072,0.0072,0.4072,0.0032,-0.00391669,0.0030969095,-0.006756967
-0.06852586,0.00084276125,0.008799999999999999,0.2728,0.0008,0.4072,0.008799999999999999,0.35760000000000003,0.004,0.030504517,0.004388623,0.027619854,0.05814818,0.0007495247,0.0024,0.3856,0.0016,0.4024,0.008,0.396,0.0016,0.019134805,0.001320947,0.018207178,0.0008898749,0.008799999999999999,0.3268579,0.2728,0.0016,0.4072,0.008799999999999999,0.32080000000000003,0.004,0.03503307,0.0056493115,0.030960891
-0.0683905,0.0010402501,0.0048,0.0,0.0008,0.40480000000000005,0.008,0.010400000000000001,0.0016,0.082542494,0.0014707185,0.08065637,0.05796752,0.00081422925,0.6216,1.0208,0.0008,1.0216,0.0016,1.0208,0.0008,0.029979669,0.016711742,0.035708338,0.0010469789,0.0048,0.11343446,0.0,0.0008,0.40480000000000005,0.008,0.3632,0.0016,0.085405454,0.0015548766,0.083439566
-0.068144426,0.0007941723,0.0072,0.35760000000000003,0.0008,0.4064,0.010400000000000001,0.384,0.008799999999999999,0.09791605,0.0031534098,0.094809495,0.05778989,0.0006440021,0.0064,0.176,0.0016,0.4064,0.0032,0.40559999999999996,0.0016,0.016519614,0.002485089,0.01501222,0.0008947246,0.0072,0.4786524,0.268,0.0008,0.4064,0.010400000000000001,0.35760000000000003,0.004,0.094520554,0.004240226,0.09085521
-0.06793851,0.00081015006,0.0128,0.4032,0.0008,0.4032,0.0024,0.4032,0.0024,0.060306225,0.0074149817,0.055202592,0.057583027,0.000618957,0.0296,0.412,0.0008,0.42800000000000005,0.004,0.42800000000000005,0.0008,0.022318289,0.0037690997,0.01895564,0.00086133205,0.0096,0.6236271,0.39999999999999997,0.0016,0.40559999999999996,0.0056,0.39999999999999997,0.0056,0.061988026,0.005399494,0.058743045
-0.06765092,0.0008554086,0.0064,0.26,0.0008,0.4064,0.0048,0.3856,0.0008,0.089588255,0.004180521,0.08570506,0.05751183,0.00069015473,0.7808,0.7776,0.0008,1.1808,0.0008,1.1663999999999999,0.0008,0.011827469,0.018454388,-0.0019886494,0.00087419385,0.0032,0.55176944,0.25680000000000003,0.004,0.4032,0.0096,0.35919999999999996,0.0064,0.0824931,0.0016335838,0.08101507
-0.06754086,0.00074534863,0.008,0.3888,0.0064,0.4024,0.0096,0.3888,0.0072,0.0726143,0.001906082,0.070506275,0.057387527,0.0005825497,0.0056,0.3656,0.0008,0.3944,0.0008,0.3864,0.0008,0.032118976,0.0012949668,0.031655163,0.0008237082,0.008,0.43972248,0.3888,0.0048,0.4024,0.0096,0.3888,0.0072,0.07937916,0.0026250822,0.07697808
-0.067490496,0.0006949827,0.0016,0.3888,0.0056,0.39999999999999997,0.0144,0.3888,0.0056,0.07289749,0.0009461753,0.072009906,0.05733094,0.0006391369,0.0896,0.3136,0.0008,0.4864,0.0016,0.48400000000000004,0.0016,0.013916679,0.0068813413,0.0042925477,0.0007119933,0.0008,0.60889053,0.38799999999999996,0.0048,0.3976,0.0072,0.38799999999999996,0.0064,0.067756325,0.00046365464,0.06721802
-0.06736134,0.00078772753,0.0064,0.041600000000000005,0.0008,0.404,0.012,0.404,0.0048,0.021846354,0.0033061951,0.018406961,0.057347406,0.0006226711,0.12,0.5184,0.0008,0.5184,0.0008,0.5184,0.0008,0.017220847,0.0077111125,0.008640297,0.0008035859,0.0064,0.19899659,0.041600000000000005,0.0008,0.404,0.012,0.404,0.0048,0.024819542,0.0034004906,0.0212188
-0.06729589,0.00061132386,0.0008,0.36160000000000003,0.0016,0.3992,0.0192,0.3992,0.0072,0.055416007,0.00016753003,0.05508316,0.057348564,0.00062151253,0.1672,0.5664,0.0008,0.5664,0.0008,0.5664,0.0008,-0.0011565536,0.013710827,-0.022491977,0.00068170216,1.5352,-2.6758971,1.9168,0.0008,1.9352,0.0008,1.9232,0.0008,-0.04899538,-0.019126453,0.007598169
-0.067378215,0.0006936528,0.0392,0.4296,0.008799999999999999,0.43920000000000003,0.0136,0.4296,0.008799999999999999,0.035840187,-0.0026239827,0.04172044,0.05732561,0.0005285144,-0.053599999999999995,0.3,0.0016,0.3456,0.0024,0.3,0.0016,0.04794529,0.0,0.045626223,0.000872056,0.0448,0.6510923,0.3912,0.0032,0.444,0.008,0.42800000000000005,0.0032,0.057565592,0.003581983,0.05869487
-0.067376435,0.0006918721,0.0056,0.3784,0.0048,0.4024,0.0128,0.3784,0.0048,0.017859697,0.0027350783,0.015196938,0.0573975,0.0005725771,0.0264,0.41759999999999997,0.0008,0.42160000000000003,0.0048,0.42160000000000003,0.0008,-0.029395059,0.0033572912,-0.034844868,0.0008302659,1.1887999999999999,-1.4048746,1.5648,0.0008,1.5856,0.0024,1.5648,0.0016,0.031941094,0.037950642,0.005921643
-0.06734625,0.0007726401,0.0024,0.3216,0.0008,0.3992,0.0128,0.392,0.0016,0.022846825,0.0013193786,0.021848291,0.057375465,0.000826519,-0.04,0.0,0.0008,0.35760000000000003,0.0016,0.3456,0.0008,-0.014026299,0.0,-0.012286998,0.00082652865,-0.04,1.575637,0.0,0.0008,0.35760000000000003,0.0016,0.3456,0.0008,-0.0141367335,0.0,-0.01241249
-0.067276135,0.00048062578,-0.0016,0.3904,0.0008,0.3952,0.0144,0.3904,0.0008,-0.042277385,0.0,-0.041611694,0.05739193,0.0005781464,-0.2192,0.1792,0.0008,0.18080000000000002,0.0008,0.18080000000000002,0.0008,0.01223664,0.0,0.014207847,0.0006697013,1.1208,2.7905638,1.5184,0.0008,1.5192,0.0008,1.5184,0.0008,0.043907028,0.05380881,0.023011893
-0.06731253,0.000960812,0.008799999999999999,0.008799999999999999,0.0008,0.4072,0.0064,0.3952,0.0008,0.05669486,0.0038011,0.054253995,0.057319343,0.0005347803,0.2728,0.6456000000000001,0.0016,0.6696,0.0096,0.6456000000000001,0.0016,0.037341125,0.013068147,0.03200727,0.0009618646,0.008799999999999999,-0.046787277,0.008799999999999999,0.0008,0.4072,0.0064,0.3952,0.0008,0.054886363,0.003695352,0.05255121
-0.06731253,0.00051702186,-0.14,0.25279999999999997,0.0008,0.2592,0.0008,0.25279999999999997,0.0008,-0.0061019287,0.0,0.0035505816,0.057356916,0.00061316043,-0.35919999999999996,0.024,0.0008,0.031200000000000002,0.0024,0.024,0.0024,-0.014379561,0.0,-0.00011729449,0.0007308881,-0.0648,-2.8665318,0.3,0.0008,0.3352,0.0016,0.3216,0.0008,0.009778116,0.0,0.0059449226
-0.06722199,0.0006483793,0.0048,0.3584,0.0008,0.40480000000000005,0.008799999999999999,0.3624,0.0048,0.007981554,0.0017822422,0.006872073,0.05738312,0.00058695674,0.0056,0.3992,0.0008,0.40559999999999996,0.0016,0.3992,0.0016,-0.01918941,0.0013258159,-0.02058085,0.0008300892,0.9064,-1.3217729,1.1056000000000001,0.0016,1.3024,0.0016,1.2872,0.0016,0.020564603,0.021080468,0.009001098
-0.06724551,0.0005609505,-0.1672,0.2048,0.0008,0.232,0.004,0.232,0.0016,0.026510447,0.0,0.038381953,0.057418603,0.00055147335,0.8568,1.2264,0.0008,1.2504,0.0072,1.2504,0.0008,0.021798044,0.012484375,0.004326958,0.00066528114,0.9528,3.0094447,1.3408,0.0008,1.3496,0.0008,1.3416,0.0008,-0.023407117,-0.025808949,-0.001441062
-0.06739263,0.00081901625,0.008,0.38,0.0016,0.4072,0.0136,0.404,0.0032,0.025458407,0.0041960403,0.020354774,0.057445273,0.00075671077,0.4632,0.648,0.0008,0.8535999999999999,0.0248,0.8432000000000001,0.004,-0.0019145161,-0.022199407,0.029972665,0.0008392361,0.364,-1.1072757,0.7183999999999999,0.0008,0.7616,0.0048,0.76,0.0008,0.013094961,0.0398472,-0.0458037
-0.06759323,0.00057582185,0.06,0.45439999999999997,0.0016,0.45999999999999996,0.0064,0.45439999999999997,0.0016,0.017365057,0.013341643,0.0023870468,0.05754291,0.00065907463,1.16,1.5144,0.0008,1.56,0.0008,1.5592000000000001,0.0008,0.038375057,0.040090285,-0.0024142563,0.0007024371,1.16,1.2175903,1.5144,0.0008,1.56,0.0008,1.5592000000000001,0.0008,0.04201281,0.040244993,-0.007426785
-0.06773192,0.00060356036,-0.0584,0.33999999999999997,0.0008,0.3408,0.0032,0.33999999999999997,0.0016,-0.020302575,0.0,-0.022521548,0.057658162,0.000659775,0.0512,0.4504,0.0016,0.4504,0.0016,0.4504,0.0016,0.03959836,0.008946978,0.028466836,0.00068209966,0.0512,1.8273484,0.4504,0.0016,0.4504,0.0016,0.4504,0.0016,0.043454044,0.007157528,0.03339067
-0.067904115,0.00066480786,0.0048,0.3904,0.0024,0.404,0.0096,0.3904,0.0048,0.041392043,0.0018808357,0.03983877,0.05780009,0.00063379854,0.6128,1.004,0.0008,1.0096,0.0016,1.0096,0.0016,0.043885022,0.023879252,0.048006512,0.0007162918,0.6128,2.0554574,1.0096,0.0008,1.0128000000000001,0.0016,1.0096,0.0016,0.019546006,0.008003676,0.026339434
-0.06816596,0.00070475787,0.0344,0.4208,0.0032,0.432,0.0032,0.4208,0.0032,0.11384745,0.0033440553,0.1128489,0.057905607,0.0008761436,0.472,0.7728,0.0008,0.872,0.0008,0.872,0.0008,0.031423107,0.018441103,0.018320374,0.00088889356,0.472,1.4012202,0.8496,0.0008,0.872,0.0008,0.872,0.0008,0.0501858,0.029144105,0.03431258
-0.06820633,0.00074513257,0.08320000000000001,0.44480000000000003,0.0008,0.48240000000000005,0.0024,0.48240000000000005,0.0024,0.039387785,0.013476342,0.02174699,0.057973556,0.0005762875,-0.33599999999999997,0.0448,0.0008,0.064,0.0008,0.062400000000000004,0.0008,0.016870193,0.0,0.013623498,0.00074514066,0.08320000000000001,-0.004669499,0.44480000000000003,0.0008,0.48240000000000005,0.0024,0.48240000000000005,0.0024,0.039308578,0.013445398,0.021703713
-0.0683277,0.0010883994,0.0072,0.0752,0.0016,0.39359999999999995,0.0072,0.2352,0.0056,0.14084058,0.003138665,0.13784498,0.058038026,0.000627771,0.0264,0.40480000000000005,0.0008,0.42160000000000003,0.0008,0.42160000000000003,0.0008,-0.058035433,0.0023958087,-0.0653405,0.0010894575,0.0072,0.044076648,0.1216,0.0016,0.39359999999999995,0.0072,0.2352,0.0056,0.13814661,0.0032568374,0.13496998
-0.06819258,0.0007313788,-0.1416,0.2408,0.0008,0.2536,0.0016,0.2408,0.0016,0.0073285587,0.0,0.007994283,0.057949204,0.00060063973,0.045599999999999995,0.444,0.0008,0.4456,0.0032,0.444,0.0016,0.04962954,0.0032769106,0.049165726,0.00073753326,-0.1416,-0.12927681,0.2408,0.0008,0.2536,0.0016,0.2408,0.0016,0.0008693114,0.0,0.0017686561
-0.068220094,0.0007588938,0.8752,1.2160000000000002,0.0016,1.2752000000000001,0.004,1.2496,0.004,0.12116127,0.10529051,0.073678255,0.05785992,0.0005739704,-0.28159999999999996,0.11120000000000001,0.0008,0.1176,0.0016,0.1176,0.0008,0.04818003,0.0,0.039135665,0.0007934799,0.008,0.6153272,0.3464,0.0008,0.3968,0.008,0.35760000000000003,0.0016,0.12674919,0.004197339,0.124082625
-0.06780115,0.00067279115,0.0232,0.41600000000000004,0.004,0.42319999999999997,0.0048,0.41600000000000004,0.004,-0.0014424697,0.0069737807,-0.0109840445,0.057777826,0.0006560646,0.1216,0.5216000000000001,0.0008,0.5216000000000001,0.0008,0.5216000000000001,0.0008,0.07276118,0.012177013,0.06568802,0.0007881129,0.7168,2.158078,1.088,0.0016,1.1168,0.0016,1.1128,0.0016,0.06136932,0.040066876,0.052782293
-0.06762385,0.00071739405,0.0024,0.3904,0.0048,0.4024,0.0136,0.396,0.0056,0.04454753,0.00082080066,0.044103734,0.057562616,0.00063936785,-0.0824,0.2888,0.0008,0.31520000000000004,0.0008,0.2888,0.0008,0.06974706,0.0,0.0641813,0.00077435846,0.0024,0.38596207,0.3904,0.0048,0.4024,0.0128,0.3904,0.0056,0.06752679,0.0010459839,0.06698468
-0.06730077,0.0005052574,0.0752,0.4648,0.0016,0.4736,0.0032,0.4648,0.0016,-0.00083684176,0.008662056,-0.0131521225,0.057442956,0.0006430745,0.020800000000000003,0.3256,0.0008,0.4184,0.0024,0.4168,0.0008,0.0370434,0.0035012513,0.032405265,0.00084037386,1.1792,-2.0431154,1.5575999999999999,0.0008,1.5776,0.0016,1.5719999999999998,0.0008,-0.032607008,-0.034834,0.009535994
-0.06712814,0.00055452436,0.008,0.3976,0.0008,0.4032,0.0056,0.4032,0.004,0.072729334,0.002660565,0.069733724,0.057194114,0.0005440563,0.12240000000000001,0.5144,0.0008,0.5224,0.0008,0.5144,0.0008,0.048820138,0.012509048,0.040587448,0.00070089736,0.3544,2.4845314,0.7032,0.0008,0.7544000000000001,0.004,0.7528,0.0008,-0.027767422,-0.009849588,-0.015618578
-0.06694685,0.00070608035,0.0112,0.3264,0.0008,0.41119999999999995,0.0032,0.3776,0.0032,0.070679486,0.0031172633,0.06757293,0.057077236,0.00054498017,0.2352,0.6352,0.0016,0.6352,0.0024,0.6352,0.0016,0.0068403184,0.002875425,0.0033617169,0.00082975,0.6376000000000001,-2.6622913,0.9543999999999999,0.0008,1.0352000000000001,0.0016,1.0224,0.0008,-0.06586961,-0.05958865,-0.021979067
-0.066671915,0.0005420968,0.010400000000000001,0.41040000000000004,0.0008,0.41040000000000004,0.0072,0.41040000000000004,0.004,0.036558382,0.0033859424,0.03422846,0.057050567,0.0005716495,0.088,0.48400000000000004,0.0016,0.48400000000000004,0.0032,0.48400000000000004,0.0032,0.04365561,0.012209818,0.033219807,0.00071601005,0.088,0.9246032,0.48400000000000004,0.0016,0.48800000000000004,0.0016,0.48400000000000004,0.0016,0.056867532,0.018731125,0.039049067
-0.06665572,0.0006368458,0.0024,0.35359999999999997,0.0008,0.4016,0.0032,0.3688,0.0008,0.0933096,0.0006901063,0.09319866,0.057003256,0.0006189607,0.0936,0.492,0.0008,0.49360000000000004,0.0016,0.49360000000000004,0.0016,0.012930721,0.0071366467,0.0067851916,0.00069214747,0.0024,0.40245715,0.3688,0.0008,0.4024,0.0016,0.3944,0.0016,0.090919,0.000817272,0.090589836
-0.06664551,0.00062663853,0.0048,0.3816,0.0016,0.40480000000000005,0.008799999999999999,0.3816,0.0024,0.010985743,0.0010970719,0.009765301,0.056984473,0.0006377436,-0.0888,0.28719999999999996,0.0008,0.3088,0.0008,0.3008,0.0008,0.05612144,0.0,0.060759574,0.0007021611,-0.0888,1.1391022,0.288,0.0008,0.3088,0.0016,0.288,0.0008,0.055569302,0.0,0.06033899
-0.06656896,0.0006610416,0.008,0.3776,0.0008,0.4072,0.008,0.3904,0.0008,0.03834356,0.003614787,0.034793206,0.0569476,0.00055866316,-0.136,0.2592,0.0008,0.26399999999999996,0.0016,0.26399999999999996,0.0008,0.075891174,0.0,0.050961196,0.0007373912,0.008,0.45908153,0.3776,0.0008,0.408,0.008,0.3992,0.0008,0.06800273,0.0038149594,0.06471722
-0.06670476,0.00079683587,1.4304000000000001,1.8248,0.0008,1.8304,0.0072,1.8272000000000002,0.0008,0.066294335,0.1143268,0.018704563,0.056981694,0.0006405227,0.7424,1.0656,0.0008,1.1392,0.0016,1.12,0.0016,0.028983578,0.015217893,0.05504223,0.0008469807,1.4304000000000001,-0.34582606,1.7904,0.0008,1.8304,0.0064,1.8248,0.0008,0.05254475,0.08692872,0.01441027
-0.06681837,0.00068854913,0.6896,1.0535999999999999,0.0008,1.0856000000000001,0.0032,1.0535999999999999,0.0008,0.101912096,0.08128181,0.028788496,0.057082802,0.0005394146,0.3832,0.7768,0.0008,0.7816,0.0016,0.7768,0.0008,0.0035938472,0.016152963,0.015884906,0.0006926871,0.6896,0.10935954,1.0535999999999999,0.0008,1.0856000000000001,0.0032,1.0856000000000001,0.0008,0.10169554,0.083125085,0.030160096
-0.066881165,0.000640396,0.024,0.408,0.0016,0.4224,0.0032,0.4224,0.0016,0.038611863,0.0036791041,0.03317539,0.05712176,0.0006164089,0.0264,0.3632,0.0008,0.4224,0.0016,0.4168,0.0008,0.004291132,0.005615413,-0.0019703507,0.00069442455,0.024,0.39707354,0.408,0.0016,0.4224,0.0032,0.4088,0.0032,0.037267208,0.0052977386,0.030056465
-0.06690758,0.00055586174,0.0056,0.38799999999999996,0.0008,0.4024,0.0128,0.39840000000000003,0.0128,0.059866708,0.0014501512,0.058424383,0.057113875,0.0006242953,-0.14880000000000002,0.24960000000000002,0.0008,0.24960000000000002,0.0008,0.24960000000000002,0.0008,0.008235559,0.0,0.00997486,0.0006338825,-0.14880000000000002,1.7449391,0.24960000000000002,0.0008,0.24960000000000002,0.0008,0.24960000000000002,0.0008,-0.0022617443,0.0,0.000124068
-0.06695727,0.0006055571,0.0248,0.40480000000000005,0.0008,0.42319999999999997,0.0072,0.42160000000000003,0.0008,0.091918975,0.004681766,0.09036568,0.057157014,0.00058115646,0.0216,0.3552,0.0008,0.42160000000000003,0.0008,0.42,0.0008,0.025391407,0.0028203987,0.022956386,0.0007631374,0.0216,0.86567944,0.4016,0.0008,0.42160000000000003,0.0016,0.42,0.0008,0.07891125,0.0046909195,0.07583445
-0.06697525,0.00073448196,0.0392,0.4352,0.0008,0.4376,0.008799999999999999,0.4352,0.0064,0.046158396,0.0010408461,0.045381762,0.05718206,0.00055611134,-0.164,0.15760000000000002,0.0008,0.236,0.0016,0.236,0.0008,0.011014193,0.0,0.020058557,0.0007348628,0.0392,-0.032196052,0.4352,0.0008,0.4376,0.008799999999999999,0.4352,0.0064,0.045779917,0.0010402936,0.045097005
-0.06714322,0.00068055093,0.008,0.3912,0.0008,0.4032,0.0064,0.3912,0.0008,0.013582598,0.0035880022,0.009366557,0.05722751,0.00051065907,-0.3736,0.0224,0.0008,0.0224,0.0008,0.0224,0.0008,-0.018899955,0.0,-0.00092718005,0.0008508362,0.0288,0.6437323,0.3424,0.0008,0.4248,0.0032,0.412,0.0016,-0.00047927536,0.009663313,-0.012955189
-0.067297,0.0007233806,0.0504,0.372,0.0008,0.4504,0.0008,0.4432,0.0008,0.05702558,0.010957152,0.051256288,0.05725859,0.0009433925,0.004,0.3544,0.0008,0.404,0.0056,0.376,0.0024,0.038259327,0.00019478053,0.038143374,0.0009839503,0.004,1.2826794,0.2248,0.0008,0.404,0.0056,0.3544,0.0024,0.052885965,0.00048939744,0.052680213
-0.067359574,0.0006750114,0.008,0.3952,0.0032,0.4064,0.010400000000000001,0.3952,0.0032,0.06024626,0.0045311376,0.056474015,0.057452463,0.0005176142,0.0304,0.408,0.0008,0.4224,0.0016,0.408,0.0008,0.010897458,0.004015632,0.007418856,0.0006924567,0.0,0.61879236,0.2888,0.0016,0.39840000000000003,0.0112,0.38720000000000004,0.0016,0.055396464,0.0,0.055396464
-0.06779161,0.00077420473,0.0064,0.1864,0.0016,0.4064,0.0096,0.3832,0.008799999999999999,0.06962597,0.0021994784,0.06696321,0.057495367,0.0007066168,0.004,0.38239999999999996,0.0016,0.404,0.008,0.38239999999999996,0.0016,0.0016773939,0.0015618764,-6.1906874e-05,0.00081138546,0.0064,0.30390155,0.1864,0.004,0.4064,0.0096,0.3832,0.0056,0.06693741,0.00295754,0.0634598
-0.06794028,0.0008119233,0.0072,0.3696,0.0016,0.4024,0.008,0.3776,0.0024,0.014481977,0.00120515,0.0129286945,0.057681818,0.0006361194,0.008799999999999999,0.4088,0.0016,0.4088,0.0016,0.4088,0.0016,0.019421093,0.002359178,0.016870119,0.0008300053,0.0072,0.20911688,0.3776,0.0024,0.4024,0.008,0.3776,0.0024,0.018198222,0.0015489685,0.016197352
-0.06821232,0.0006401725,0.0048,0.392,0.0016,0.40480000000000005,0.0048,0.392,0.0048,0.062075615,0.0020658523,0.059856646,0.057906304,0.0006435402,0.0048,0.404,0.0016,0.40480000000000005,0.0072,0.404,0.0016,0.0068978295,0.0018900335,0.004926622,0.000907725,0.0048,0.78802156,0.004,0.0016,0.40480000000000005,0.010400000000000001,0.404,0.0048,0.048669063,0.0027968977,0.04570663
-0.068614185,0.00082013756,0.008799999999999999,0.40480000000000005,0.0016,0.408,0.008,0.40480000000000005,0.0024,0.10429992,0.00336314,0.09986199,0.058056112,0.00060968474,0.028,0.3448,0.0016,0.4256,0.0056,0.4256,0.0016,0.0069015175,0.0034821443,0.003770776,0.0008609168,0.008799999999999999,0.30901766,0.40480000000000005,0.0016,0.408,0.0032,0.40480000000000005,0.0024,0.10145843,0.0039386763,0.09680754
-0.06871225,0.0006963052,0.0072,0.3976,0.004,0.404,0.010400000000000001,0.3976,0.004,0.056463603,0.0018288083,0.055021267,0.058169518,0.00061223283,0.3192,0.6207999999999999,0.0008,0.7192000000000001,0.0016,0.7008,0.0016,0.007187806,0.015504871,-0.007306367,0.0008550639,0.0072,0.6192204,0.3944,0.0032,0.4032,0.0056,0.3976,0.004,0.050151877,0.0028702337,0.047698654
-0.06892773,0.0008008331,0.0696,0.3832,0.0008,0.4696,0.0008,0.452,0.0008,0.02891332,0.009205736,0.01515571,0.058224477,0.0005572736,-0.1896,0.2072,0.0008,0.20879999999999999,0.0008,0.20879999999999999,0.0008,0.031599365,0.0,0.028584577,0.00086440577,0.0696,0.3859131,0.36160000000000003,0.0008,0.4688,0.0024,0.4376,0.0008,0.03868106,0.010934581,0.024931408
-0.069106564,0.0007577762,0.010400000000000001,0.40559999999999996,0.0048,0.4096,0.0056,0.40559999999999996,0.0048,0.06917203,0.0051912367,0.0634027,0.058252536,0.00052921474,-0.272,0.1272,0.0008,0.128,0.0032,0.1272,0.0008,-0.03246259,0.0,-0.01843223,0.00083573436,0.0064,0.68572354,0.32080000000000003,0.0016,0.4064,0.0096,0.4016,0.0032,0.032980073,0.0026910508,0.030001994
-0.06886714,0.000740245,0.010400000000000001,0.41040000000000004,0.0048,0.41040000000000004,0.0072,0.41040000000000004,0.0048,0.07411207,0.004741475,0.06989603,0.05827643,0.0005053207,0.0056,0.40559999999999996,0.0008,0.40559999999999996,0.0008,0.40559999999999996,0.0008,0.008517414,0.0017979443,0.006546207,0.0007891247,0.010400000000000001,0.35381338,0.41040000000000004,0.004,0.41040000000000004,0.0072,0.41040000000000004,0.0048,0.072472535,0.0054784166,0.06731238
-0.06876973,0.00086473674,0.0112,0.38239999999999996,0.0016,0.4096,0.0024,0.4096,0.0024,0.055311095,0.005005583,0.050873153,0.05815003,0.0006317198,-0.352,0.0432,0.0008,0.048,0.0008,0.0432,0.0008,0.04256212,0.0,0.02748818,0.000866296,0.0112,0.06000731,0.3832,0.0016,0.4096,0.0024,0.4096,0.0024,0.057764046,0.0052001323,0.05308375
-0.06852275,0.00083965063,0.0064,0.3864,0.0024,0.40559999999999996,0.008,0.3864,0.0024,0.08109663,0.0022792853,0.07832292,0.057990022,0.0006757751,0.9136000000000001,1.2536,0.0008,1.3088,0.0032,1.3072,0.0016,0.019942455,0.017690308,0.027760975,0.0008451217,0.0064,0.11384857,0.3864,0.0024,0.40559999999999996,0.008,0.38720000000000004,0.0072,0.08283714,0.0025098557,0.07984428
-0.06826558,0.00069342926,0.0096,0.3944,0.0056,0.40480000000000005,0.0056,0.3944,0.0056,0.040220693,0.0026627854,0.03855646,0.05785111,0.0005827807,0.0024,0.3944,0.0016,0.39999999999999997,0.0016,0.3952,0.0016,0.036813915,0.00047285482,0.036118194,0.00073214195,0.0096,0.32664526,0.3944,0.0048,0.40480000000000005,0.0056,0.3944,0.0056,0.049906384,0.0035381457,0.047399998
-0.068014614,0.0007753074,0.0064,0.2848,0.0064,0.404,0.0136,0.404,0.0064,0.060357854,0.0025411732,0.057916988,0.057631493,0.00068644434,0.09999999999999999,0.3416,0.0008,0.5,0.0032,0.492,0.0008,0.092531174,0.016117558,0.08580588,0.00080663874,0.0064,0.27962804,0.39280000000000004,0.0064,0.404,0.0136,0.39999999999999997,0.0064,0.083551876,0.0031900583,0.080629766
-0.067810915,0.00068255886,0.004,0.3904,0.008,0.4032,0.0112,0.3904,0.008,0.041610707,8.434057e-05,0.04194355,0.057534553,0.00066743046,0.1152,0.5055999999999999,0.0008,0.5152,0.0008,0.5072,0.0008,-0.020636238,0.007057786,-0.030724183,0.00075350126,0.1152,1.088155,0.5055999999999999,0.0008,0.5136000000000001,0.0008,0.5072,0.0008,0.0010333722,0.017883621,-0.01717108
-0.06749293,0.00080836937,0.0072,0.1816,0.0072,0.40559999999999996,0.008,0.2536,0.008,0.00027606636,0.0029483326,-0.0027195401,0.05743623,0.0005338453,-0.28080000000000005,0.10400000000000001,0.0016,0.1192,0.0024,0.10400000000000001,0.0016,0.0021979734,0.0,0.012865685,0.0008991802,0.010400000000000001,-0.45329955,0.02,0.0024,0.4088,0.0048,0.25680000000000003,0.0024,-0.00071437843,0.004054348,-0.004782064
-0.06748517,0.00080060586,0.0048,0.3784,0.004,0.4016,0.0096,0.3784,0.0056,0.029181752,0.001808025,0.027406573,0.057364333,0.0006057434,-0.2176,0.1528,0.0008,0.1816,0.0008,0.1816,0.0008,-0.018780835,0.0,-0.014606513,0.0008010271,0.0048,0.032434613,0.3784,0.004,0.4016,0.0096,0.3784,0.0056,0.028557362,0.001853491,0.026768072
-0.067366004,0.0006814413,0.0048,0.3976,0.010400000000000001,0.4032,0.010400000000000001,0.3976,0.010400000000000001,0.010479387,0.0018696822,0.008704208,0.05729732,0.00055680424,1.0152,1.4143999999999999,0.0008,1.4143999999999999,0.004,1.4143999999999999,0.004,0.042028204,0.042403586,0.032842323,0.0007549309,0.0096,0.44489953,0.3832,0.0032,0.4032,0.0056,0.4024,0.0056,0.02754682,0.0053075654,0.022290241
-0.06734715,0.0007735342,0.010400000000000001,0.39840000000000003,0.0048,0.41040000000000004,0.0056,0.4088,0.0048,0.045710392,0.004175652,0.041161504,0.05736573,0.000488393,-0.37679999999999997,0.0112,0.0016,0.020800000000000003,0.0016,0.0112,0.0016,0.00034454465,0.0,-0.007308379,0.0008585257,0.010400000000000001,0.44872046,0.39840000000000003,0.0048,0.4088,0.0048,0.404,0.0048,0.041334666,0.004504517,0.037336707
-0.06730543,0.00062086806,0.0056,0.39999999999999997,0.0024,0.40559999999999996,0.0112,0.39999999999999997,0.0064,0.024076346,0.002459947,0.022412125,0.057415355,0.0005547218,0.3008,0.696,0.0008,0.7008,0.0032,0.696,0.0008,-0.012406006,0.008555807,-0.042553887,0.00077618356,0.8096000000000001,-1.1906269,1.1432,0.0008,1.2072,0.0016,1.2072,0.0008,0.020454444,0.010919402,0.028548526
-0.06745987,0.0007753037,0.984,1.2488,0.0008,1.384,0.010400000000000001,1.3456000000000001,0.0008,0.060350876,0.056272507,0.07774511,0.05737547,0.0007105619,0.6104,0.9775999999999999,0.0008,1.0088,0.0008,0.9775999999999999,0.0008,-0.05623799,-0.015229218,-0.045995124,0.00091115676,0.984,0.5530992,1.0704,0.0008,1.3816,0.0008,1.34,0.0008,0.021809274,0.016964776,0.064908095
-0.06744057,0.0007560067,0.008799999999999999,0.39280000000000004,0.0032,0.4072,0.0064,0.4032,0.0032,-0.022351138,0.0036562383,-0.027010974,0.057354134,0.0007318966,0.30960000000000004,0.6968000000000001,0.0008,0.7064,0.0016,0.6968000000000001,0.0008,0.0067238435,0.008434463,0.0070717037,0.0008668138,0.30960000000000004,2.1362367,0.6864,0.0008,0.7071999999999999,0.0024,0.6871999999999999,0.0016,0.017652761,-0.001499719,0.033699356
-0.0673436,0.0008809343,0.0072,0.25120000000000003,0.0008,0.4072,0.008799999999999999,0.3952,0.0056,0.04815598,0.0039342605,0.044605635,0.05737941,0.0005906671,0.16,0.5528000000000001,0.0008,0.5592,0.0016,0.5576,0.0008,0.010726415,0.017369933,-0.009565428,0.0009511857,0.0072,0.38674057,0.25120000000000003,0.0008,0.4064,0.008799999999999999,0.3952,0.0056,0.048645042,0.0041180337,0.0448321
-0.06731141,0.0006268509,-0.3,0.0952,0.0008,0.09999999999999999,0.004,0.096,0.0008,0.04564529,0.0,0.04708766,0.0573975,0.0005725771,0.576,0.9712,0.0008,0.9752,0.0008,0.9712,0.0008,0.0043473765,0.013955645,-0.034381054,0.0007152116,0.31520000000000004,-2.968553,0.7136,0.0016,0.7144,0.0016,0.7136,0.0016,-0.045712143,-0.035090018,0.00656968
-0.06731209,0.0006275289,-0.0032,0.3944,0.0008,0.3952,0.0056,0.3944,0.0008,-0.006651446,0.0,-0.0058748163,0.05735344,0.00050068274,-0.36,0.031200000000000002,0.0008,0.0384,0.0008,0.031200000000000002,0.0008,0.0058506727,0.0,-0.0053968057,0.00070481765,1.0,3.0892584,1.3743999999999998,0.0008,1.3967999999999998,0.0008,1.3967999999999998,0.0008,0.006948393,0.006948393,0.034965605
-0.06733871,0.0006541498,0.0096,0.4072,0.0008,0.4072,0.004,0.4072,0.0008,0.04548596,0.0033009052,0.042157505,0.05731123,0.0007748008,-0.24639999999999998,0.088,0.0008,0.1504,0.0008,0.10400000000000001,0.0008,-0.00028956681,0.0,0.004116662,0.0007748867,-0.24639999999999998,1.5856906,0.088,0.0008,0.1504,0.0008,0.10400000000000001,0.0008,-0.0009669948,0.0,0.0035230191
-0.067279905,0.00059534237,0.044,0.412,0.0008,0.44,0.0032,0.44,0.0032,-0.0007300973,0.0022329874,-0.0013957694,0.05739402,0.00057605654,-0.1976,0.19360000000000002,0.0008,0.20240000000000002,0.0064,0.1984,0.0024,0.02539394,0.0,0.012523115,0.0007776812,0.7416,-2.2931097,1.0648,0.0008,1.1392,0.0016,1.1176,0.0008,-0.018569842,-0.012068304,-0.040712744
-0.06736756,0.00057205185,-0.3728,0.0,0.0008,0.0248,0.0024,0.0248,0.0016,0.0041048042,0.0,0.012536906,0.057443187,0.00052689016,-0.2704,0.11359999999999999,0.0008,0.1272,0.0016,0.11359999999999999,0.0008,-0.016120054,0.0,-0.017627448,0.00071233127,0.6552,2.714628,1.0376,0.0008,1.0552000000000001,0.0008,1.0432000000000001,0.0008,-0.0104117775,-0.01489802,0.0075383293
-0.06755173,0.00064527243,0.0072,0.17679999999999998,0.0016,0.4072,0.008799999999999999,0.4032,0.0024,0.08320668,0.002257105,0.081209615,0.057444345,0.000641685,0.42160000000000003,0.7928,0.0008,0.8184,0.0024,0.8184,0.0008,0.014666781,0.015353758,-0.015365146,0.00066933903,0.0072,0.2689734,0.212,0.0024,0.4072,0.0072,0.404,0.0024,0.084112495,0.0026321737,0.0816634
-0.06770729,0.0005789362,-0.30960000000000004,0.048,0.0008,0.09040000000000001,0.0008,0.0848,0.0008,0.017261494,0.0,0.025693562,0.057596244,0.00060573965,0.8768,1.276,0.0008,1.276,0.0032,1.276,0.0008,-0.029453203,-0.028003193,0.005274661,0.0006891431,1.52,0.57336324,1.8432,0.0016,1.9192000000000002,0.0032,1.9192000000000002,0.0016,-0.0014761426,-0.0026749219,0.004245382
-0.06794427,0.0007049702,-0.02,0.37679999999999997,0.0008,0.37679999999999997,0.0008,0.37679999999999997,0.0008,0.060081005,0.0,0.059304357,0.057684597,0.0006333403,-0.1696,0.22240000000000001,0.0008,0.2288,0.0008,0.22240000000000001,0.0008,0.02244065,0.0,0.02278851,0.00073999556,-0.2336,-3.0571947,0.156,0.0008,0.1648,0.0056,0.164,0.0008,-0.061758853,0.0,-0.054933146
-0.067977786,0.0008494295,0.0552,0.1648,0.0008,0.4472,0.0016,0.404,0.0016,0.05825816,0.012345135,0.045610037,0.057872444,0.00056144595,-0.34400000000000003,0.033600000000000005,0.0008,0.056,0.0008,0.056,0.0008,-0.024756476,0.0,0.002376616,0.0008496271,0.0552,-0.021565223,0.1648,0.0008,0.4472,0.0016,0.404,0.0016,0.058778457,0.012247007,0.046248287
-0.068319716,0.0006366186,0.19920000000000002,0.5696,0.0008,0.5976,0.0008,0.596,0.0008,0.10800159,0.03725092,0.09635198,0.05795755,0.0005922951,-0.3584,0.0,0.0008,0.041600000000000005,0.0008,0.004,0.0008,-0.030953072,0.0,-0.014951505,0.00072857924,0.3112,-2.8357418,0.6888,0.0016,0.7071999999999999,0.0016,0.6888,0.0016,-0.093669236,-0.04445085,-0.07723749
-0.068300195,0.00072804466,0.052000000000000005,0.39999999999999997,0.0016,0.452,0.0064,0.4456,0.0016,0.08293515,0.013483614,0.07128557,0.058001615,0.000664182,0.5344,0.9199999999999999,0.0008,0.932,0.0008,0.9208000000000001,0.0008,0.004639402,0.012674846,-0.012173839,0.00079379376,0.052000000000000005,0.409874,0.3904,0.0008,0.4512,0.0064,0.4376,0.0024,0.07791449,0.013721585,0.06658294
-0.06828732,0.0008261204,0.0048,0.3744,0.0016,0.4008,0.0032,0.3968,0.0016,-0.015038095,0.0020720512,-0.018033706,0.057961028,0.00058881566,-0.0448,0.33999999999999997,0.0008,0.3552,0.0008,0.352,0.0008,0.04679265,0.0,0.045401208,0.00089992164,0.0048,0.40781012,0.3744,0.0008,0.4008,0.0032,0.3968,0.0024,0.004753121,0.0025214902,0.0016352795
-0.068158634,0.00069743395,0.0072,0.38720000000000004,0.0008,0.4072,0.0024,0.38720000000000004,0.0008,0.15994492,0.004057929,0.15761498,0.058023643,0.000526201,-0.3504,0.0464,0.0008,0.0488,0.0016,0.0464,0.0008,-0.013502926,0.0,-0.0077052563,0.00080470927,0.2304,-0.5222669,0.6095999999999999,0.0008,0.6304000000000001,0.0008,0.6095999999999999,0.0008,0.14535862,0.038267158,0.13747708
-0.06802771,0.00067745894,0.5496,0.9424,0.0016,0.9488,0.0016,0.9424,0.0016,0.007720556,-0.0066713765,0.045775965,0.05777945,0.000538487,-0.18,0.21839999999999998,0.0008,0.21839999999999998,0.0016,0.21839999999999998,0.0008,0.013333969,0.0,0.0077682063,0.000681562,0.5496,0.10978261,0.916,0.0008,0.9488,0.0016,0.948,0.0016,0.009134978,-0.0068671973,0.04995946
-0.06773391,0.00071650743,0.0296,0.40559999999999996,0.0008,0.4248,0.0024,0.4248,0.0016,0.06196533,0.009646546,0.0532004,0.057681818,0.0006361194,1.1784000000000001,1.5584,0.0008,1.5776,0.0016,1.5776,0.0016,0.0213923,0.009144876,-0.017959092,0.0007723188,0.0296,0.38249752,0.40559999999999996,0.0008,0.4248,0.0024,0.40559999999999996,0.0016,0.065471865,0.010290278,0.0550033
-0.06750225,0.0005957931,-0.24960000000000002,0.1032,0.0008,0.1472,0.0016,0.1472,0.0016,0.033229027,0.0,0.031010054,0.057491187,0.0005948432,0.1008,0.49839999999999995,0.0008,0.5,0.0016,0.49839999999999995,0.0016,-0.006548479,0.007929184,-0.013389729,0.0007025929,1.0872,1.0096393,1.4616,0.0008,1.4864000000000002,0.0016,1.4848,0.0008,0.012139162,0.017724184,0.013132733
-0.06717406,0.00060044974,0.0064,0.3856,0.0008,0.4008,0.0064,0.392,0.0032,0.029949497,0.001142282,0.02850717,0.05729708,0.00055704266,-0.0736,0.2896,0.0008,0.3248,0.0016,0.3248,0.0008,0.009511419,0.0,0.011250719,0.0007450501,0.0064,0.63357085,0.3696,0.0024,0.3976,0.008799999999999999,0.3856,0.0024,0.029767867,0.0017053763,0.027918996
-0.06688959,0.00064882264,0.0304,0.36,0.0016,0.4272,0.0072,0.42,0.0024,0.022295605,0.0069034956,0.014307316,0.057278994,0.00045917556,-0.2704,0.0152,0.0008,0.12639999999999998,0.0008,0.1168,0.0008,-0.057164833,0.0,-0.031886995,0.0007399395,1.224,-1.8993578,1.6232,0.0008,1.624,0.0024,1.6232,0.0016,0.046912555,0.05495435,0.024387773
-0.06680217,0.00078329444,0.42319999999999997,0.8144,0.0008,0.82,0.0016,0.8144,0.0008,0.092750594,0.034918968,0.07655211,0.05708188,0.00065629184,0.992,1.3,0.0008,1.3904,0.0024,1.3632,0.0008,0.04359307,0.04305973,-0.027878478,0.00082895893,0.42319999999999997,-0.33346644,0.8144,0.0008,0.82,0.0016,0.8144,0.0008,0.07337238,0.02558982,0.07191938
-0.06664751,0.0005176887,0.6216,1.02,0.0008,1.0208,0.0024,1.02,0.0008,0.033563394,0.043989982,-0.03389135,0.056964763,0.00054150075,-0.0848,0.252,0.0016,0.3144,0.004,0.252,0.0016,-0.032410927,0.0,-0.027193025,0.0006772438,0.0504,0.9265713,0.4168,0.0008,0.4496,0.0048,0.4488,0.0008,-0.005757192,0.0052082893,-0.014135754
-0.066644624,0.0006257519,0.0096,0.3736,0.0016,0.408,0.004,0.4024,0.0016,0.087208584,0.0029601306,0.084767714,0.056941338,0.0005649254,0.41119999999999995,0.8056,0.0008,0.8064,0.0008,0.8064,0.0008,0.026785828,0.024606481,0.006957799,0.00070884894,0.045599999999999995,0.4890664,0.4304,0.0008,0.44,0.0016,0.44,0.0008,0.089569315,0.012973792,0.080457285
-0.06667724,0.00065837055,0.056799999999999996,0.1648,0.0016,0.45439999999999997,0.0032,0.4536,0.0024,0.08326975,0.0125721805,0.06551799,0.057003953,0.0005023107,-0.33039999999999997,0.0664,0.0008,0.0664,0.0008,0.0664,0.0008,0.0027836636,0.0,0.004059151,0.00073342357,0.2384,-1.1109104,0.6152,0.0008,0.6368,0.0016,0.6168,0.0016,0.034464486,0.007600216,0.030027237
-0.06673538,0.00060556084,0.0096,0.4088,0.0016,0.4096,0.004,0.4088,0.0032,0.06562871,0.0029397197,0.06285498,0.057024132,0.0004821308,-0.39359999999999995,0.0,0.0008,0.0048,0.0008,0.0,0.0008,-0.013628751,0.0,0.007126905,0.00074824144,1.4232,-0.8486049,1.8223999999999998,0.0024,1.8232,0.0064,1.8223999999999998,0.0024,0.053609032,0.083218925,0.012070069
-0.066719845,0.000700973,0.0408,0.4272,0.004,0.4376,0.0064,0.4272,0.004,0.04055227,0.004240252,0.037556656,0.0570508,0.0005714148,1.1752,1.5392000000000001,0.0008,1.5752,0.0032,1.5728,0.0008,0.05078326,0.057650656,0.018639758,0.0007119094,0.0408,-0.17550823,0.4272,0.0024,0.4376,0.0064,0.4272,0.004,0.031062106,0.0038040667,0.028294731
-0.06689581,0.0008769408,1.408,1.4088,0.0008,1.808,0.0024,1.8055999999999999,0.0008,0.073563874,0.10818631,0.016971655,0.0570559,0.0006822683,0.5279999999999999,0.9128,0.0008,0.9272,0.0008,0.9128,0.0008,0.04139357,0.021617405,0.03524804,0.000877044,1.408,-0.015338514,1.4088,0.0008,1.808,0.0024,1.808,0.0008,0.07292033,0.107387826,0.016846664
-0.0669666,0.00061488524,0.008,0.24159999999999998,0.0008,0.408,0.0072,0.4016,0.0008,0.096700326,0.0022656396,0.09536894,0.057078395,0.000659775,0.0096,0.324,0.0008,0.4088,0.0056,0.39280000000000004,0.0016,0.08134158,0.0011920035,0.07995014,0.00071752944,0.0096,1.1668303,0.324,0.0024,0.4088,0.0056,0.39999999999999997,0.0048,0.11280417,0.0022955502,0.110608906
-0.06696416,0.00072338805,0.0056,0.404,0.004,0.40480000000000005,0.0136,0.404,0.0064,0.047380026,0.0012914687,0.045826744,0.05710692,0.00051529706,0.7111999999999999,1.1112,0.0008,1.1112,0.0008,1.1112,0.0008,-0.0011592731,0.0032139495,-0.011910036,0.0007425129,0.0056,0.22745655,0.404,0.0032,0.40480000000000005,0.0136,0.404,0.004,0.045898248,0.001574799,0.044228084
-0.067027174,0.00067545846,0.8408,1.22,0.0008,1.232,0.0016,1.22,0.0008,0.10928716,0.09680367,0.07162079,0.057159796,0.00046242028,-0.24159999999999998,0.15760000000000002,0.0008,0.15839999999999999,0.0008,0.15839999999999999,0.0008,-0.01600384,0.0,-0.003480874,0.00071461394,0.8408,-0.33256656,1.22,0.0008,1.232,0.0016,1.22,0.0008,0.108523816,0.09299971,0.077440575
-0.06711526,0.00065259635,0.0064,0.4032,0.0008,0.40480000000000005,0.0112,0.40480000000000005,0.0024,0.013144266,0.0021142103,0.010370556,0.057131037,0.0006071329,0.1128,0.5095999999999999,0.0008,0.5112,0.0032,0.5095999999999999,0.0008,0.011828475,0.009772226,0.0057988986,0.0007022139,0.0064,0.37817162,0.4032,0.0008,0.40480000000000005,0.0024,0.40480000000000005,0.0024,0.01658284,0.0023453436,0.0137910545
-0.06715609,0.00058247894,0.39280000000000004,0.7864,0.0008,0.7896000000000001,0.0016,0.7864,0.0008,0.07050477,0.04235347,0.043655246,0.05727343,0.0005806945,-0.010400000000000001,0.3776,0.0008,0.3896,0.0024,0.3816,0.0016,0.010551721,0.0,0.011479348,0.0007451589,0.008799999999999999,0.67344254,0.4024,0.0016,0.4088,0.004,0.4024,0.0024,0.061693024,0.0037870312,0.060146082
-0.06731564,0.00063107535,0.0528,0.4376,0.0008,0.4528,0.0048,0.4512,0.0016,0.005658973,0.009808745,-0.008098654,0.057365958,0.00060411915,0.536,0.8904,0.0008,0.9328,0.0024,0.9264,0.0008,-0.00017141551,0.008663066,-0.026144974,0.00073041604,0.6288,-2.8534632,0.9952,0.0008,1.0264,0.0024,1.0224,0.0024,-0.0053769834,-0.030713888,0.070677966
-0.0676456,0.0007391423,0.0032,0.2632,0.0056,0.4024,0.0056,0.3896,0.0056,0.060859937,0.0007375963,0.060416147,0.057430662,0.00065536797,0.0248,0.4064,0.0016,0.42319999999999997,0.0032,0.4064,0.0024,0.047424227,0.0038510263,0.045337066,0.00074299856,0.0032,0.10192767,0.2632,0.0056,0.4024,0.0056,0.3896,0.0056,0.06536954,0.00076453807,0.064928055
-0.06786173,0.0008443184,0.012,0.376,0.0016,0.41119999999999995,0.004,0.3816,0.0024,0.027130272,0.0051203035,0.02102812,0.057590913,0.00061107054,-0.1896,0.1728,0.0016,0.2104,0.0024,0.2016,0.0016,0.025678925,0.0,0.021968417,0.0009255478,0.012,0.42208588,0.376,0.0008,0.412,0.004,0.376,0.0016,0.035268955,0.005718321,0.028799813
-0.06821366,0.0007524565,0.008799999999999999,0.404,0.0016,0.4088,0.0096,0.4064,0.0064,0.14773057,0.0033952743,0.14684297,0.05776693,0.00078291446,0.0024,0.3624,0.0008,0.4024,0.008,0.3624,0.0008,0.0925273,0.00084134936,0.09159967,0.0008173225,0.8216,0.4010902,1.2167999999999999,0.0008,1.2216,0.0016,1.2167999999999999,0.0008,0.17213078,0.13519028,0.14439669
-0.0684533,0.000992097,0.0064,0.2136,0.0008,0.4016,0.0064,0.4016,0.0008,0.04853262,0.0029440783,0.04531512,0.057950135,0.0005997084,0.0056,0.3424,0.0016,0.4032,0.0064,0.39999999999999997,0.0032,0.019245133,0.00083531067,0.01878132,0.0010580806,0.0064,0.3550232,0.2136,0.0008,0.4016,0.0064,0.4016,0.0008,0.052195884,0.003259311,0.04881628
-0.06868052,0.0008864701,0.0112,0.17200000000000001,0.0016,0.41040000000000004,0.0064,0.3976,0.004,0.034883186,0.0070850626,0.02700584,0.058134034,0.0006477162,0.008,0.348,0.0008,0.4032,0.0024,0.4032,0.0024,-0.0008688867,0.0020709336,-0.003999628,0.0009053449,0.0112,0.20455348,0.37520000000000003,0.0016,0.4096,0.0064,0.38,0.0024,0.03397944,0.007648767,0.025394836
-0.06879658,0.0007806383,0.0072,0.248,0.0016,0.40559999999999996,0.0064,0.39359999999999995,0.0056,0.037284963,0.0036972947,0.033068914,0.058244884,0.0006528199,0.3744,0.7704,0.0008,0.7728,0.0024,0.7728,0.0016,0.029628977,0.013085261,0.011424296,0.000838091,0.0072,0.37242386,0.3672,0.0016,0.40559999999999996,0.0064,0.39359999999999995,0.0016,0.045510225,0.003936231,0.040992502
-0.06899097,0.00075312704,0.21680000000000002,0.6055999999999999,0.0008,0.6144,0.0016,0.6136,0.0008,0.11306758,0.04888053,0.090212226,0.058241405,0.0006562993,1.5568,1.8312,0.0008,1.9496,0.0016,1.9384,0.0008,0.06702497,0.09779654,7.4379146e-05,0.0007697433,0.0064,0.58397305,0.3952,0.0016,0.4032,0.012,0.3952,0.0048,0.13128361,0.0026931423,0.12954691
-0.068952136,0.000603348,0.0064,0.3832,0.0016,0.3976,0.0064,0.392,0.004,0.012381248,0.0026078,0.009052791,0.058248594,0.0006491095,-0.0496,0.312,0.0008,0.3504,0.0008,0.3464,0.0008,-0.0008666143,0.0,0.004003428,0.00079488853,1.2232,-1.9364762,1.6136000000000001,0.0008,1.6208,0.0032,1.6136000000000001,0.0008,-0.0036180243,0.007156169,0.030941743
-0.06888734,0.0006494969,0.0024,0.33280000000000004,0.008,0.4016,0.0136,0.3864,0.008799999999999999,0.041999824,0.0013937503,0.040668443,0.058168817,0.00084483996,0.02,0.39999999999999997,0.0008,0.4192,0.0016,0.4024,0.0008,-0.017098635,0.0030322708,-0.022316538,0.00085013726,0.02,1.4591041,0.39999999999999997,0.0008,0.4192,0.0016,0.4024,0.0008,-0.012310786,0.004031758,-0.018324718
-0.068582445,0.0007883981,0.0128,0.41040000000000004,0.0016,0.4128,0.0048,0.41040000000000004,0.0024,0.08015831,0.0066231564,0.0737233,0.058154676,0.0006270744,0.028,0.3544,0.0016,0.424,0.0016,0.424,0.0016,0.055655725,0.005482223,0.049858056,0.00079138094,0.0128,-0.0868511,0.41040000000000004,0.0016,0.4128,0.0048,0.41040000000000004,0.0024,0.075028494,0.006311259,0.06885913
-0.06844109,0.00075799227,0.0096,0.3128,0.004,0.4096,0.004,0.404,0.004,0.090859726,0.0058784224,0.08542326,0.057877313,0.0006725304,-0.20559999999999998,0.15760000000000002,0.0008,0.1944,0.0008,0.15760000000000002,0.0008,0.046962053,0.0,0.031076439,0.00076364743,0.0096,0.12177494,0.3128,0.004,0.4096,0.004,0.404,0.004,0.09589155,0.006096879,0.09022772
-0.068087175,0.000736922,0.0232,0.4144,0.0008,0.4208,0.004,0.4184,0.0008,0.05642023,0.008500714,0.045436345,0.057721473,0.0005964637,0.0256,0.41759999999999997,0.0008,0.4256,0.0024,0.4256,0.0024,0.030726977,0.004476711,0.025393121,0.0008646442,0.0256,0.76126415,0.3736,0.0016,0.4256,0.0032,0.3736,0.0024,0.06204286,0.010280675,0.049206577
-0.06776631,0.00074890256,0.0096,0.3288,0.0024,0.3992,0.0072,0.3376,0.0032,-0.024243873,0.00410508,-0.02712854,0.057586733,0.00049929693,-0.2632,0.1296,0.0016,0.1296,0.0016,0.1296,0.0016,-0.0073609725,0.0,-0.0046940446,0.0007497427,0.0096,0.04734511,0.3288,0.0024,0.3992,0.0072,0.3376,0.0032,-0.024565078,0.0041974606,-0.027594684
-0.06768066,0.0007741973,-0.0008,0.3672,0.0008,0.3968,0.0232,0.3776,0.0008,0.11299979,0.0,0.11366548,0.057433445,0.00076853856,1.1472,1.5048,0.0024,1.536,0.0096,1.536,0.0072,0.038148068,0.049807325,0.0026026517,0.00088869355,1.1472,2.0968487,1.5048,0.0016,1.5392000000000001,0.010400000000000001,1.5048,0.0024,-0.02374954,-0.028315593,-0.009868514
-0.06751401,0.00071849674,0.044,0.4328,0.0024,0.444,0.0048,0.4424,0.0048,0.012532752,0.006010972,0.005210191,0.057362482,0.00060759485,0.1528,0.5048,0.0008,0.5528000000000001,0.0016,0.5512,0.0008,0.024465047,0.005778946,0.026668161,0.00078599906,0.19119999999999998,-1.6448343,0.5840000000000001,0.0008,0.5904,0.0008,0.5880000000000001,0.0008,-0.025325077,-0.00895091,-0.024831854
-0.067408614,0.00061310455,0.0096,0.2984,0.0032,0.4024,0.0056,0.3912,0.0032,0.055198755,0.0038068853,0.050317023,0.057429038,0.0005410388,-0.0976,0.2984,0.0008,0.3016,0.0008,0.2984,0.0008,-0.019421801,0.0,-0.014087945,0.0007930506,1.38,-2.247097,1.6847999999999999,0.0008,1.7784,0.0032,1.7784,0.0008,-0.019402642,-0.0022989959,0.00953657
-0.06724574,0.0006721206,0.008799999999999999,0.3952,0.0032,0.4072,0.0096,0.3952,0.0032,0.031560622,0.0029554106,0.027455531,0.057406545,0.0006794855,0.0024,0.2192,0.0016,0.396,0.0048,0.39359999999999995,0.0024,0.013680823,-4.8704445e-05,0.014028683,0.0007379704,1.2152,2.675527,1.5984,0.0008,1.6144,0.0016,1.5984,0.0008,-0.022046648,-0.02231393,-0.012540823
-0.06729189,0.00060733035,0.053599999999999995,0.4424,0.0008,0.44639999999999996,0.0048,0.44639999999999996,0.0024,0.0547511,0.0101802945,0.043656267,0.057428572,0.0005415045,-0.3448,0.0528,0.0008,0.0544,0.0016,0.0528,0.0008,0.009336948,0.0,0.0040030926,0.00066466985,1.2808000000000002,0.9522063,1.6464,0.0008,1.6792,0.0016,1.6784000000000001,0.0008,0.03935623,0.051121183,0.009812085
-0.06738264,0.000809025,0.0072,0.3704,0.0016,0.40559999999999996,0.008799999999999999,0.3704,0.0056,-0.03174291,0.0031761453,-0.035293255,0.057409093,0.0006769374,-0.16799999999999998,0.12560000000000002,0.0008,0.23120000000000002,0.0016,0.176,0.0008,0.017800763,0.0,0.011655234,0.0008366261,0.0072,0.25758094,0.3704,0.0016,0.40559999999999996,0.008799999999999999,0.3704,0.0056,-0.02616108,0.0030578363,-0.029801063
-0.067286566,0.0007129498,0.0464,0.4224,0.0032,0.4344,0.0048,0.4344,0.004,0.044320043,0.006402429,0.035998914,0.05740538,0.00056469813,-0.25279999999999997,0.11359999999999999,0.0008,0.1456,0.0016,0.1456,0.0008,0.020472199,0.0,0.0062099323,0.00072005216,0.0464,0.14056982,0.4224,0.0032,0.4344,0.0048,0.4344,0.0032,0.046751186,0.006070612,0.039161976
-0.06743191,0.0007473491,0.6392,0.9960000000000001,0.0008,1.028,0.0016,1.028,0.0016,0.06512712,0.04405388,0.048033994,0.057375703,0.0005943738,0.20559999999999998,0.6048,0.0008,0.6055999999999999,0.0016,0.6048,0.0008,0.0068951473,-0.0035510994,0.015939511,0.00074749184,0.6392,0.019542411,0.9960000000000001,0.0008,1.0328000000000002,0.0016,1.028,0.0016,0.06524941,0.04403108,0.048467327
-0.06732185,0.00063728914,0.21680000000000002,0.5272,0.0016,0.616,0.0048,0.5904,0.0024,0.08221424,0.030025672,0.063020125,0.05743507,0.00065096095,0.40480000000000005,0.7424,0.0008,0.8048,0.0008,0.8032,0.0008,0.0023753494,0.0086591765,-0.0009872988,0.0006977341,0.7488,3.0393786,1.1472,0.0008,1.1472,0.0016,1.1472,0.0008,-0.08154277,-0.06339876,-0.04960229
-0.06730321,0.0006186478,0.7768,1.1144,0.0008,1.1767999999999998,0.0032,1.1736,0.0008,0.020857222,0.0092407055,0.03247419,0.057352275,0.00061780214,0.7080000000000001,1.1,0.0008,1.1063999999999998,0.0008,1.1056000000000001,0.0008,-0.00022877753,-0.0029801056,0.010058269,0.0006420696,0.7080000000000001,1.294984,1.1,0.0008,1.108,0.0008,1.1056000000000001,0.0008,0.00545989,-0.00072970276,0.018900506
-0.06726881,0.00058424845,0.7408,1.1159999999999999,0.0008,1.1400000000000001,0.0016,1.1368,0.0008,0.036882542,0.037086036,-0.012800742,0.05732955,0.0007564798,1.3648,1.7384,0.0008,1.7631999999999999,0.0016,1.752,0.0016,0.028872281,0.03883774,0.012413479,0.0007971601,1.3648,1.2499487,1.4736,0.0008,1.7631999999999999,0.004,1.7168,0.0016,0.03903057,0.050246444,0.006048225
-0.0670984,0.0006357357,0.0056,0.3952,0.004,0.404,0.0048,0.3952,0.004,-0.03389355,0.0015654862,-0.034781132,0.057389382,0.0005806945,0.876,1.2648,0.0016,1.276,0.004,1.2648,0.0032,0.059252143,0.05655739,0.006637145,0.0007251295,0.008799999999999999,0.5017957,0.3376,0.0008,0.39840000000000003,0.0096,0.39840000000000003,0.0008,-0.0012148432,0.003998596,-0.004607698
-0.067292996,0.00060843304,0.0064,0.4024,0.0016,0.4024,0.0072,0.4024,0.0048,0.04447986,0.0022046939,0.042593744,0.05741211,0.00055796653,0.0232,0.4208,0.0032,0.42319999999999997,0.0064,0.4208,0.0032,0.0009261742,0.0018028095,-0.0017407537,0.0006654808,0.5840000000000001,0.72642475,0.9648000000000001,0.0008,0.984,0.0008,0.9648000000000001,0.0008,0.03386626,0.03466007,-0.019997446
-0.06740972,0.0006142035,0.0,0.38,0.0008,0.39999999999999997,0.010400000000000001,0.39999999999999997,0.0024,0.02096261,0.0,0.02096261,0.05748632,0.00048375502,-0.3896,0.0008,0.0008,0.010400000000000001,0.0008,0.0008,0.0008,-0.006264612,0.0,-0.0046412647,0.00082517666,1.1952,-2.3959677,1.5664,0.0008,1.5904,0.0008,1.5896,0.0008,-0.01115037,-0.010202908,0.0017939664
-0.0675828,0.0007872917,0.0136,0.41119999999999995,0.0016,0.412,0.0032,0.41119999999999995,0.0016,0.019193664,0.0037314072,0.014090043,0.057519943,0.00056608766,-0.36,0.0328,0.0008,0.0392,0.0016,0.0376,0.0008,0.010497823,0.0,0.006207548,0.0007874105,0.0136,-0.017373344,0.41119999999999995,0.0016,0.412,0.0032,0.41119999999999995,0.0016,0.019008396,0.0037107114,0.013919645
-0.067678,0.0006605871,0.0096,0.396,0.0008,0.4088,0.0064,0.396,0.0016,-0.007486537,0.003156282,-0.010149293,0.057640303,0.00067763403,0.6928,1.0096,0.0008,1.0928,0.0016,1.0928,0.0008,-0.019824974,-0.015082955,0.0036084577,0.0006874995,0.6928,1.7404089,1.0928,0.0008,1.0928,0.0016,1.0928,0.0008,-0.018276757,-0.014701323,0.007604652
-0.067922086,0.0006827824,0.12319999999999999,0.5224,0.0008,0.5232,0.0024,0.5224,0.0008,0.0948102,0.022158768,0.07495044,0.057865717,0.0005681738,-0.2544,0.1384,0.0016,0.1456,0.0024,0.1456,0.0016,0.0023218617,0.0,0.01252576,0.0006945933,0.12319999999999999,-0.18467551,0.5216000000000001,0.0008,0.5232,0.0024,0.5224,0.0008,0.09277168,0.0196825,0.07765711
-0.068178155,0.00071695447,0.0008,0.3512,0.0008,0.39999999999999997,0.0032,0.3944,0.0008,-0.013586558,0.00049505755,-0.014252249,0.05786943,0.0005644597,0.0032,0.3856,0.0008,0.39840000000000003,0.0064,0.39840000000000003,0.0008,0.035595976,0.001098305,0.03408858,0.0008456841,0.0008,0.5590102,0.316,0.0008,0.3944,0.0072,0.3832,0.0008,0.007359812,0.0005960687,0.006426477
-0.068308845,0.0007366948,0.0408,0.392,0.0016,0.43920000000000003,0.0048,0.42319999999999997,0.0032,0.070559606,0.005396381,0.06745307,0.05801066,0.0005391836,0.0824,0.48,0.0008,0.4816,0.0024,0.48,0.0008,0.0064358786,0.0045164227,0.00087011606,0.0007611333,0.0408,0.2540919,0.25680000000000003,0.0016,0.43920000000000003,0.0048,0.4272,0.0016,0.06991184,0.0054606656,0.06658443
-0.06821542,0.00064327195,0.0248,0.4224,0.0008,0.4248,0.004,0.4224,0.0008,0.022125307,0.0066276304,0.014026061,0.05805147,0.00049837306,-0.14639999999999997,0.24960000000000002,0.0008,0.2536,0.0048,0.24960000000000002,0.0008,-0.024401426,0.0,-0.020111151,0.0007821404,0.2408,-1.4573667,0.5576,0.0008,0.64,0.0024,0.6128,0.0016,0.026748903,0.0034276661,0.038978547
-0.06823119,0.0006590374,0.068,0.412,0.0008,0.468,0.0024,0.468,0.0008,0.05825248,0.0076446757,0.056366336,0.058026895,0.0006389022,0.0376,0.43360000000000004,0.0008,0.4352,0.0016,0.43360000000000004,0.0008,0.033335388,0.002431497,0.0303206,0.00080262095,1.1048,2.9216783,1.312,0.0008,1.504,0.0024,1.4360000000000002,0.0008,-0.04957755,-0.060581423,-0.036618635
-0.068199225,0.0007380247,1.2344,1.5872,0.0008,1.6312,0.0008,1.624,0.0008,0.05113937,0.06201447,0.02029669,0.057902824,0.0005310662,-0.028,0.3608,0.0008,0.372,0.0016,0.3608,0.0008,-0.011595711,0.0,-0.00985641,0.00075616885,1.2344,-0.21950628,1.5872,0.0008,1.6312,0.0008,1.5872,0.0008,0.052437223,0.06295192,0.020313159
-0.06782423,0.00058492646,0.0064,0.39840000000000003,0.0032,0.4064,0.0032,0.40480000000000005,0.0032,-0.05191831,0.002460435,-0.05557961,0.057727035,0.0008228086,0.8504,1.1368,0.0008,1.2456,0.0008,1.236,0.0008,-0.014837824,-0.010426659,-0.04858688,0.0008267629,0.8504,1.6686398,1.1368,0.0008,1.2456,0.0008,1.236,0.0008,-0.009695091,-0.0071164053,-0.04139526
-0.067526445,0.00050903857,-0.0576,0.3376,0.0008,0.3424,0.0024,0.3376,0.0008,-0.026953913,0.0,-0.024291169,0.057581633,0.00062035024,0.0048,0.33999999999999997,0.0024,0.4016,0.0024,0.3664,0.0024,-0.015944056,0.0016349405,-0.018031217,0.0007366746,0.5456,-2.8788683,0.7984,0.0008,0.944,0.0016,0.9368,0.0008,0.030169887,-0.0020584054,0.03953402
-0.06726016,0.0006865449,0.0032,0.3632,0.0008,0.4016,0.0072,0.3632,0.0008,0.06135156,0.0011929087,0.05979828,0.057443418,0.0006426126,0.328,0.6784,0.0008,0.728,0.0008,0.728,0.0008,0.00701382,0.017649978,-0.019423552,0.00070705416,0.0032,-0.24144538,0.3136,0.0008,0.4016,0.0072,0.3944,0.0008,0.057894908,0.0010981993,0.056636214
-0.06708664,0.0005130246,0.0992,0.48319999999999996,0.0016,0.49839999999999995,0.0016,0.48319999999999996,0.0016,0.056136206,0.013687987,0.04015966,0.057194814,0.00054335594,0.0528,0.4528,0.0008,0.4528,0.0024,0.4528,0.0008,0.0310155,0.004322171,0.025913551,0.00072363263,1.3912,-2.92945,1.6768,0.0016,1.7912000000000001,0.0024,1.7568000000000001,0.0016,-0.061408214,-0.06379615,-0.0026666166
-0.066876724,0.0005250089,-0.1712,0.22240000000000001,0.0016,0.22719999999999999,0.0016,0.22240000000000001,0.0016,0.02030214,0.0,0.020745933,0.057101358,0.0006368123,0.4592,0.7904,0.0008,0.8535999999999999,0.0032,0.8535999999999999,0.0016,0.004053749,0.0066545308,-0.014150932,0.0006630075,0.6968000000000001,0.6569574,1.0904,0.0016,1.092,0.0016,1.0904,0.0016,0.018551994,0.021792132,-0.047556583
-0.066663705,0.00064483285,0.04,0.4208,0.0032,0.43920000000000003,0.0128,0.436,0.0072,-0.004992366,-0.0008210093,-0.0047704503,0.05700535,0.0005009137,-0.39359999999999995,0.0,0.0008,0.0048,0.0016,0.0,0.0008,-0.0030209348,0.0,-0.005455956,0.00080138777,0.6664,-3.0430374,1.0056,0.0008,1.0648,0.0008,1.0496,0.0008,0.005265387,-0.009660018,0.046443984
-0.06668368,0.00077575445,0.0064,0.3248,0.0008,0.4064,0.008799999999999999,0.3912,0.0024,0.06624189,0.0008805208,0.06590906,0.056971025,0.00053523853,0.004,0.404,0.0016,0.404,0.0056,0.404,0.0016,0.022260182,0.0015166588,0.020984694,0.0008329496,0.0064,0.37273693,0.3248,0.0008,0.4064,0.0032,0.4064,0.0032,0.069799736,0.0017459897,0.06872968
-0.066597804,0.0006898828,0.008,0.3696,0.0016,0.40559999999999996,0.004,0.3696,0.0016,0.044993795,0.0014623329,0.04288578,0.056947835,0.00044247508,-0.3496,0.0384,0.0008,0.0496,0.0008,0.0384,0.0008,0.02191139,0.0,0.017041348,0.0007330712,1.508,-2.1802125,1.8848,0.0008,1.9080000000000001,0.0024,1.904,0.0016,-0.0437209,-0.050245628,-0.0032537915
-0.066699214,0.0006803423,0.0344,0.4224,0.0008,0.4264,0.004,0.4224,0.0008,0.04405438,0.006954085,0.037175573,0.057028305,0.00059391186,0.0016,0.3776,0.0008,0.39840000000000003,0.0016,0.39840000000000003,0.0008,-0.004234031,0.0006080568,-0.004234031,0.0007706578,0.0344,0.48899084,0.408,0.0008,0.4256,0.0024,0.408,0.0008,0.036902662,0.008875859,0.027344085
-0.06672473,0.00070586056,0.012,0.3856,0.0016,0.412,0.0072,0.4016,0.0016,-0.022348266,0.0034871958,-0.026342396,0.05697613,0.00087799504,0.3712,0.3664,0.0008,0.7696000000000001,0.0008,0.7352,0.0008,0.030026935,0.016394883,0.015880622,0.0008909055,0.3712,1.4003469,0.3704,0.0008,0.7696000000000001,0.0008,0.7575999999999999,0.0008,0.025800975,0.018434368,0.005197509
-0.066825025,0.0006952062,0.0112,0.3904,0.0008,0.4096,0.0032,0.3904,0.0008,0.04721001,0.0041854307,0.044103447,0.057012074,0.00061014295,0.212,0.5824,0.0008,0.6112,0.0008,0.6104,0.0008,0.023359895,0.013499454,0.0039956793,0.00070045353,0.0112,-0.12248022,0.3904,0.0008,0.4096,0.0032,0.3904,0.0008,0.04400237,0.00377629,0.04135824
-0.06685609,0.00072627515,0.0128,0.4096,0.0008,0.412,0.0008,0.412,0.0008,-0.006706644,0.0040758736,-0.013141647,0.056996766,0.00062545016,0.0056,0.3912,0.0016,0.40559999999999996,0.0072,0.39359999999999995,0.0024,0.061858132,0.0020590834,0.06011883,0.0007772053,0.8728,-2.7422645,1.1159999999999999,0.0008,1.2656,0.0008,1.2504,0.0008,-0.017871426,-0.020633731,-0.008180403
-0.066937745,0.00069697574,0.0056,0.3952,0.0016,0.4032,0.0032,0.3952,0.0016,0.045319345,0.0022160634,0.042434692,0.05706726,0.0005549565,-0.2384,0.1568,0.0008,0.1568,0.0008,0.1568,0.0008,0.0044686943,0.0,0.008874923,0.00070290983,0.0056,0.13003133,0.2968,0.0016,0.4032,0.0032,0.3952,0.0032,0.04551619,0.0024755383,0.042325113
-0.06692888,0.00079905987,0.008799999999999999,0.2648,0.0024,0.408,0.008799999999999999,0.37679999999999997,0.0024,0.02336352,0.0035750568,0.02003507,0.05713939,0.0005987808,0.004,0.33840000000000003,0.0016,0.4032,0.0016,0.3832,0.0016,-0.0006988123,0.00067483634,-0.0013945326,0.00081037823,0.008799999999999999,0.16732822,0.2648,0.0024,0.408,0.008799999999999999,0.37679999999999997,0.0024,0.022920823,0.0037337658,0.019368492
-0.06701785,0.0007770844,0.008,0.3464,0.0016,0.4072,0.0096,0.38239999999999996,0.0072,0.045601536,0.0026672147,0.043493517,0.057130806,0.0004914105,0.268,0.656,0.0008,0.6672,0.0008,0.656,0.0008,0.03971409,0.020724364,0.022668943,0.0008192694,0.008,0.32230127,0.3464,0.0016,0.4072,0.0096,0.35600000000000004,0.0072,0.05583291,0.0030947574,0.053429425
-0.067184724,0.0006111115,0.1192,0.5152,0.0008,0.5192,0.008799999999999999,0.5152,0.0008,0.07567378,0.023154866,0.051265117,0.05716003,0.000578139,0.004,0.39999999999999997,0.0008,0.404,0.0048,0.404,0.0048,0.009444445,0.0014992543,0.0082849115,0.00069694314,0.004,0.9782751,0.39999999999999997,0.0008,0.404,0.008799999999999999,0.404,0.0064,0.05009484,0.0017108744,0.048699252
-0.067337826,0.0008751601,0.041600000000000005,0.1712,0.0008,0.4376,0.0096,0.4024,0.0048,0.10373514,0.0033479221,0.10440081,0.05725511,0.0005990118,0.0368,0.436,0.0016,0.43679999999999997,0.004,0.436,0.0032,0.03495568,-0.00039022416,0.032636613,0.0008855415,0.041600000000000005,0.15327238,0.1712,0.0048,0.4376,0.0072,0.4272,0.0048,0.10785582,0.003549973,0.10784097
-0.067450106,0.00065459684,0.0144,0.3976,0.0008,0.4144,0.0008,0.3976,0.0008,-0.007878438,0.0037944205,-0.010763094,0.057329085,0.0005250387,-0.26399999999999996,0.136,0.0008,0.136,0.0016,0.136,0.0008,0.015192091,0.0,0.01959832,0.00078963384,1.4391999999999998,-3.0722287,1.7944,0.0008,1.8376,0.0008,1.8199999999999998,0.0008,0.0068065524,0.038317822,0.005300642
-0.067700185,0.00079372525,0.0064,0.3952,0.0008,0.4064,0.0016,0.4064,0.0016,0.086373374,0.002688501,0.08315588,0.05749792,0.0005881116,0.0256,0.42,0.0016,0.4256,0.008,0.4224,0.0016,0.034201257,0.0046732575,0.03153433,0.0007937691,0.0064,0.010512886,0.3952,0.0008,0.4064,0.0016,0.4064,0.0016,0.086728156,0.002707339,0.0835023
-0.068038814,0.0005776137,-0.2576,0.124,0.0008,0.1328,0.0008,0.124,0.0008,-0.012020182,0.0,7.322058e-05,0.057643317,0.00079057366,0.2256,0.6104,0.0008,0.6256,0.0008,0.6232,0.0008,0.03681954,0.024197668,0.010150261,0.00084917183,0.2256,1.944467,0.6104,0.0008,0.6256,0.0008,0.6248,0.0008,0.038666554,0.015435157,0.02003413
-0.06825315,0.0009028986,0.0048,0.3664,0.0008,0.39999999999999997,0.0008,0.3792,0.0008,0.0038279146,0.0027546287,0.0019417889,0.057849023,0.00058486685,-0.25279999999999997,0.1424,0.0008,0.14639999999999997,0.0016,0.1424,0.0016,0.023304097,0.0,0.0077663437,0.0009657694,0.008799999999999999,-0.36281672,0.008799999999999999,0.0008,0.4016,0.0016,0.3704,0.0008,-0.004692113,0.0042076507,-0.008325892
-0.06862638,0.00083233416,0.008,0.3552,0.0024,0.4064,0.0048,0.4016,0.0032,0.1009063,0.0035525523,0.09779975,0.05798167,0.0006841272,0.0072,0.33039999999999997,0.0008,0.3912,0.0064,0.33039999999999997,0.0008,0.07653203,0.00256259,0.075024635,0.0009168771,0.0072,0.8422594,0.2248,0.0032,0.4008,0.008,0.3672,0.0032,0.12428558,0.0038708723,0.12153578
-0.06862128,0.0007162839,0.0112,0.3016,0.0008,0.33039999999999997,0.0048,0.324,0.0048,-0.086541206,0.00503527,-0.09131199,0.05824581,0.0006518923,0.8376,1.2352,0.0008,1.2376,0.0024,1.236,0.0024,0.09769365,0.085951045,0.0038015582,0.00088124664,1.2888,-2.8233566,1.6816,0.0024,1.6888,0.0048,1.6847999999999999,0.0024,0.051628336,0.09115016,0.06465304
-0.069016255,0.00088936463,0.0064,0.3552,0.0016,0.40480000000000005,0.008799999999999999,0.3944,0.0064,0.07100693,0.0033426546,0.066568986,0.058218215,0.000911396,1.5919999999999999,1.5919999999999999,0.0032,1.9912,,1.9776,0.0032,0.01333762,0.0334457,0.005171545,0.0010144832,1.5919999999999999,1.1160775,1.5919999999999999,0.0008,1.9912,,1.8832,0.0032,0.043169253,0.07608877,0.0044589187
-0.06891196,0.0007850677,0.0096,0.37679999999999997,0.0032,0.4088,0.0048,0.3896,0.0048,-0.05336834,0.003429614,-0.058693863,0.05832397,0.00068968907,0.6976,1.08,0.0008,1.0968,0.0024,1.0872,0.0008,-0.026207551,-0.008969754,-0.06176515,0.0008804265,0.9416,-2.4136202,1.1512,0.0016,1.3416,0.0024,1.2984,0.0024,0.057278194,0.047143772,0.08738685
-0.06882142,0.00091642514,0.008799999999999999,0.408,0.0016,0.4088,0.010400000000000001,0.4088,0.0016,0.107721925,0.0042004213,0.10594675,0.058250915,0.0006467886,0.028,0.392,0.0008,0.42800000000000005,0.0032,0.4272,0.0008,0.028003544,0.006056268,0.024756849,0.0009177305,0.008799999999999999,-0.053343438,0.408,0.0016,0.4088,0.010400000000000001,0.4088,0.0016,0.1060756,0.004043855,0.10440187
-0.06864946,0.00074446946,0.008,0.3736,0.004,0.4024,0.0056,0.392,0.0056,0.026576523,0.003339585,0.022693325,0.0581556,0.0006261505,0.3512,0.7144,0.0008,0.7424,0.0008,0.7424,0.0008,0.024584912,0.01433282,0.011714086,0.0008031954,0.008,-0.38477054,0.3352,0.0008,0.4072,0.0056,0.3744,0.0056,0.015405513,0.0025296065,0.012415554
-0.06852742,0.00073337555,0.13040000000000002,0.4152,0.0016,0.5272,0.0024,0.5272,0.0016,0.04843691,0.024568357,0.019368388,0.058013905,0.0005359389,-0.21839999999999998,0.18080000000000002,0.0008,0.18080000000000002,0.0048,0.18080000000000002,0.0008,-0.021738335,0.0,-0.014549226,0.00082136976,0.0,0.710871,0.2848,0.0016,0.3992,0.0136,0.3336,0.0032,0.022521058,0.0,0.022521058
-0.068195455,0.0007342547,0.0032,0.3784,0.0072,0.4032,0.0096,0.4032,0.008799999999999999,0.014251947,0.0020494238,0.011922028,0.057838585,0.0007112585,1.2832000000000001,1.6832,0.0008,1.6832,0.0032,1.6832,0.0008,0.0074795336,0.0061388016,-0.00022431463,0.00074593566,0.0032,0.1772033,0.3784,0.0072,0.4032,0.0096,0.4032,0.008799999999999999,0.015347246,0.0020691669,0.012931174
-0.06793363,0.00069432333,0.6856000000000001,1.0792,0.0008,1.0848,0.0008,1.0792,0.0008,-0.052859336,-0.029606275,-0.063356385,0.057673935,0.0006440021,1.0016,1.3943999999999999,0.0016,1.4016,0.0024,1.3992,0.0024,0.0007499531,0.00076247007,0.0037537217,0.00075200445,1.2656,-2.581398,1.5912,0.0008,1.6536,0.0016,1.6536,0.0008,0.044381388,0.056296535,0.020057257
-0.06776631,0.00063795224,0.0064,0.3976,0.0032,0.4008,0.010400000000000001,0.3976,0.0056,0.071282744,0.002218958,0.06917472,0.05757978,0.0005062483,-0.27599999999999997,0.1176,0.0016,0.1216,0.0016,0.1176,0.0016,0.027881593,0.0,0.023939177,0.0008144142,0.0528,0.67079693,0.4352,0.0008,0.4472,0.0032,0.4432,0.0008,0.07316915,0.013629438,0.065050445
-0.067597225,0.0006907657,0.0112,0.39359999999999995,0.004,0.408,0.004,0.39359999999999995,0.004,0.050759714,0.0036795065,0.048762634,0.05749444,0.000591591,0.0784,0.47840000000000005,0.0016,0.47840000000000005,0.0056,0.47840000000000005,0.0032,0.024172314,0.0055649877,0.018026784,0.0007325039,1.0032,0.33920404,1.4,0.0008,1.4,0.0032,1.4,0.0008,0.055910427,0.05572911,0.0077208355
-0.06740417,0.0006086603,-0.156,0.2424,0.0008,0.24400000000000002,0.0008,0.2432,0.0008,0.053864103,0.0,0.055861153,0.057396572,0.0005735047,0.2656,0.6519999999999999,0.0008,0.6648,0.0016,0.6616000000000001,0.0016,0.011884309,0.009632237,-0.0016822368,0.0006760711,0.5392,0.7433798,0.8872,0.0008,0.9384,0.0024,0.9384,0.0008,0.04769703,0.04494529,-0.021987531
-0.06720558,0.000631962,0.3064,0.6672,0.0016,0.7056,0.0032,0.7008,0.0024,-0.04337914,-0.015580192,-0.045819964,0.057492353,0.00047772378,0.0056,0.3968,0.0016,0.4008,0.0016,0.3968,0.0016,-0.031428583,0.0005611852,-0.032124303,0.0007750516,0.8824,-2.696131,1.1248,0.0008,1.2824,0.0008,1.2615999999999998,0.0008,0.052687623,0.042298317,0.078427255
-0.06736667,0.0006821044,0.0016,0.3624,0.0024,0.3952,0.0136,0.3624,0.0024,0.06988905,0.0008094646,0.068779565,0.057418603,0.00055147335,0.3144,0.7128,0.0008,0.7144,0.0008,0.7144,0.0008,-0.003943607,0.00383861,-0.015770853,0.000711846,0.0072,0.29008687,0.32239999999999996,0.0008,0.40559999999999996,0.008,0.364,0.0008,0.065841004,0.004393481,0.0610442
-0.06744367,0.00064815953,0.0328,0.3528,0.0008,0.432,0.0056,0.42319999999999997,0.0016,0.05264104,0.009155545,0.04276665,0.05738706,0.00069896877,1.5799999999999998,1.8976,0.0008,1.9768,0.0008,1.8976,0.0008,0.032121286,0.064624295,0.0011247918,0.0007371486,0.0328,0.49644923,0.3528,0.0008,0.432,0.0056,0.42319999999999997,0.0016,0.06158576,0.009715371,0.0521302
-0.067380205,0.00058469176,0.0056,0.3424,0.0008,0.40480000000000005,0.0032,0.40480000000000005,0.0032,0.023681536,0.0012081973,0.02345964,0.057419993,0.0005500838,-0.1856,0.2048,0.0008,0.2136,0.0008,0.2048,0.0008,-0.0019700155,0.0,-0.0059124306,0.0006810821,1.2504,2.4504569,1.6096,0.0016,1.6464,0.0016,1.6464,0.0016,-0.01950287,-0.010998802,0.01874469
-0.067343146,0.0005476363,-0.08,0.32,0.0008,0.32,0.0016,0.32,0.0016,0.0040961877,0.0,0.013304893,0.057439942,0.0005301349,-0.3976,0.0,0.0008,0.0008,0.0016,0.0,0.0008,-0.033979334,0.0,-0.016122513,0.00068823947,0.7352,-2.5258691,1.0872,0.0008,1.132,0.0016,1.132,0.0008,0.016280798,-0.0012348238,0.05762914
-0.06718938,0.00061576813,1.164,1.4736,0.0008,1.56,0.0016,1.5368,0.0008,-0.0074862093,-0.008512028,-0.0093461275,0.057490494,0.0005955361,-0.30960000000000004,0.0784,0.0016,0.0872,0.0024,0.0784,0.0016,-0.020872243,0.0,-0.0030154213,0.0007139992,-0.30960000000000004,0.9864722,0.0,0.0008,0.0872,0.0024,0.0736,0.0016,-0.021538887,0.0,-0.0003408445
-0.06735291,0.0006683506,1.5743999999999998,1.928,0.0016,1.9727999999999999,0.0056,1.928,0.0016,0.094413385,0.13260326,0.0038573593,0.057369437,0.00060063973,-0.34400000000000003,0.0472,0.0008,0.0552,0.0008,0.0472,0.0008,0.01437971,0.0,0.0133361295,0.0007145559,1.5743999999999998,0.36158547,1.928,0.0016,1.9727999999999999,0.0032,1.928,0.0016,0.09339528,0.14520542,0.0043774685
-0.067264594,0.000690978,0.008799999999999999,0.40480000000000005,0.0008,0.4088,0.0008,0.40480000000000005,0.0008,0.044148587,0.0024971478,0.040709183,0.057289895,0.00056422874,0.0056,0.39999999999999997,0.0024,0.4008,0.0032,0.39999999999999997,0.0032,0.01559519,0.00047099963,0.015479237,0.0006911527,0.008799999999999999,-0.022483448,0.40480000000000005,0.0008,0.4088,0.0008,0.40480000000000005,0.0008,0.043786827,0.0024534366,0.040379573
-0.067136124,0.0005625114,-0.3664,0.020800000000000003,0.0008,0.032,0.0008,0.0248,0.0008,0.05919203,0.0,0.04610013,0.05742533,0.0005447455,0.0008,0.3976,0.0008,0.3992,0.0008,0.3976,0.0008,-0.023716882,0.0003128387,-0.024064742,0.00067286234,1.0792,-0.8350985,1.4456,0.0008,1.4736,0.0048,1.4736,0.0008,0.057306856,0.06014625,0.013129296
-0.06725883,0.0005742647,0.052000000000000005,0.42160000000000003,0.0016,0.4496,0.0016,0.4384,0.0016,0.060572214,0.005484991,0.059573684,0.05736851,0.0006015673,1.2984,1.6784000000000001,0.0016,1.6976,0.0016,1.6847999999999999,0.0016,0.03409175,0.036657535,0.004740149,0.0007158577,1.2591999999999999,-1.2268049,1.6336,0.0008,1.6592,0.0016,1.6592,0.0008,-0.011666699,-0.0050280457,0.007248736
-0.06742304,0.00062752515,0.0056,0.35359999999999997,0.0008,0.40559999999999996,0.0072,0.40559999999999996,0.0064,0.041387007,0.0022846647,0.03961183,0.057378717,0.00047540665,-0.392,0.0008,0.0008,0.0008,0.0032,0.0008,0.0008,0.0067225024,0.0,0.008461803,0.0006816253,-0.1176,-2.6256773,0.2648,0.0008,0.28159999999999996,0.0016,0.2728,0.0008,-0.039316557,0.0,-0.03497719
-0.06756927,0.0006628111,0.9024,1.2632,0.0008,1.3015999999999999,0.0024,1.2648,0.0008,0.029130284,0.024488922,0.02467139,0.057477042,0.0006089881,0.20559999999999998,0.5976,0.0008,0.6032,0.0032,0.5976,0.0008,0.0563545,0.010408677,0.054151386,0.00075523753,1.1136,2.2036328,1.4984,0.0008,1.5136,0.0008,1.5112,0.0008,0.02821298,0.030343838,-0.0027568224
-0.0676101,0.0005926937,0.0048,0.40480000000000005,0.0008,0.40480000000000005,0.0032,0.40480000000000005,0.0032,0.06962678,0.0014481321,0.0676297,0.057607606,0.0005943775,0.0056,0.3912,0.0008,0.40559999999999996,0.0032,0.40559999999999996,0.0016,0.0070157573,0.00068204105,0.00539241,0.0006486947,0.0056,1.1586595,0.40559999999999996,0.0024,0.40559999999999996,0.0032,0.40559999999999996,0.0032,0.03431858,0.0014424216,0.031764537
-0.067749895,0.0006215386,-0.2672,0.096,0.0008,0.1312,0.0008,0.116,0.0008,0.019922074,0.0,0.016704574,0.057758346,0.00067554414,1.5519999999999998,1.9311999999999998,0.0008,1.9520000000000002,0.0016,1.9311999999999998,0.0008,0.051193066,0.06625985,0.0048190057,0.00070262863,0.0264,0.4851812,0.3896,0.0008,0.4248,0.004,0.3896,0.0008,0.041497722,0.008934013,0.03233029
-0.06800774,0.00065748394,0.0072,0.3608,0.0016,0.40480000000000005,0.0072,0.3672,0.0016,-0.0011607371,0.0026998557,-0.005598683,0.05793344,0.0005004518,-0.0024,0.3816,0.0008,0.3912,0.0016,0.3816,0.0008,-0.03351433,0.0,-0.033050515,0.00072543387,0.4024,2.7623842,0.76,0.0008,0.8024,0.0008,0.784,0.0008,-0.011328236,-0.01928841,0.037278384
-0.06824339,0.00078219175,1.3743999999999998,1.7584,0.0008,1.7696,0.0016,1.7688,0.0008,0.052760135,0.0641228,0.014990032,0.057935752,0.00061409175,0.0,0.3672,0.0024,0.39999999999999997,0.008,0.3968,0.004,0.02400563,0.0,0.02400563,0.00082625856,1.3743999999999998,0.32806668,1.7584,0.0008,1.7696,0.0016,1.7672,0.0008,0.05768122,0.06823383,0.011929376
-0.06825093,0.0006787814,0.0056,0.3704,0.0008,0.40559999999999996,0.0016,0.3704,0.0008,0.033005755,0.0014230199,0.031230576,0.05801251,0.00053733215,-0.30960000000000004,0.0888,0.0008,0.09040000000000001,0.0016,0.0888,0.0008,0.03276203,0.0,0.030327007,0.00074433116,1.2671999999999999,0.42282176,1.5768000000000002,0.0008,1.6672,0.0008,1.6328,0.0008,0.043542515,0.037132405,-0.011100775
-0.06816306,0.0007018596,0.0048,0.3976,0.0008,0.404,0.0136,0.3976,0.0008,0.09014282,0.0017702729,0.08858955,0.05810412,0.0006776303,1.0904,1.4064,0.0016,1.4904,0.0032,1.4584000000000001,0.0016,0.036523715,0.039233632,-0.013958357,0.0007388109,0.0232,0.86368936,0.30960000000000004,0.0008,0.42319999999999997,0.0032,0.38,0.0008,0.086327076,0.009254291,0.07867761
-0.06807831,0.00072805583,0.0072,0.376,0.0016,0.4064,0.004,0.4032,0.0016,-0.056956924,0.0028912053,-0.061505817,0.05795825,0.0005915947,-0.2264,0.1704,0.0016,0.1728,0.0024,0.1728,0.0016,0.02487269,0.0,0.031250127,0.0007677707,0.0072,0.3230471,0.3528,0.0016,0.4064,0.004,0.404,0.0016,-0.04611467,0.0031435466,-0.050869975
-0.06796269,0.00072338805,0.2424,0.6392,0.0008,0.6392,0.0008,0.6392,0.0008,-0.03195024,0.0041679367,-0.042157494,0.05775417,0.0005637668,0.0384,0.4304,0.0008,0.4376,0.0008,0.4376,0.0008,-0.010491975,0.0031744093,-0.014666297,0.00073026086,0.2424,0.13730438,0.6384,0.0008,0.6416000000000001,0.0024,0.6392,0.0008,-0.03308561,0.0055124937,-0.04475215
-0.0675899,0.00079438835,0.2128,0.5848,0.0008,0.612,0.004,0.6064,0.0016,0.010206517,0.020143673,-0.02396563,0.057655144,0.00077874586,-0.06319999999999999,0.2328,0.0008,0.3352,0.0016,0.3352,0.0008,-0.007997133,0.0,-0.003243044,0.00080821937,0.2128,-0.18526697,0.5848,0.0008,0.612,0.004,0.6064,0.0016,0.011504997,0.01812302,-0.02011728
-0.06731342,0.0006288551,1.0912,1.4288,0.0008,1.4912,0.0008,1.4791999999999998,0.0008,0.00077566504,0.002123814,0.010189872,0.057452228,0.00063380226,0.0016,0.364,0.0008,0.4008,0.0024,0.364,0.0016,0.027540252,0.000803791,0.026844531,0.00069951994,0.5816,1.1338619,0.6544,0.0008,0.9808,0.0016,0.944,0.0008,0.025281167,0.022843886,0.011348568
-0.06716386,0.00059024617,0.0096,0.3912,0.0008,0.4064,0.0056,0.404,0.0008,0.008434877,0.0024231449,0.00577211,0.057350654,0.00050346926,-0.32,0.08,0.0008,0.08,0.0008,0.08,0.0008,-0.038670883,0.0,-0.015944019,0.00076566084,0.9016,-2.8877847,1.2912000000000001,0.0008,1.3008,0.0016,1.2912000000000001,0.0008,0.001545284,-0.009755097,0.08409707
-0.06690069,0.0005489774,0.0096,0.4064,0.0024,0.4096,0.0056,0.4064,0.004,0.00022500381,0.002260711,-0.0017720647,0.057127327,0.0004948899,-0.33999999999999997,0.0504,0.0016,0.0592,0.0016,0.0504,0.0016,-0.0018541738,0.0,0.011132605,0.0006685961,-0.1512,2.308236,0.1888,0.0008,0.248,0.004,0.1888,0.0016,-0.0015237369,0.0,0.006613927
-0.066689886,0.0005600676,0.0048,0.3896,0.0024,0.40480000000000005,0.012,0.4008,0.0032,0.07133713,0.0010304749,0.07078239,0.05702529,0.0005969256,0.8136,1.212,0.0008,1.2128,0.0016,1.212,0.0016,0.007070139,0.008174114,-0.004236527,0.0006736496,0.3448,2.9426854,0.716,0.0008,0.744,0.0008,0.7384,0.0008,-0.06853354,-0.035247896,-0.038500726
-0.06669899,0.0005691722,0.0056,0.3976,0.0032,0.404,0.0112,0.4032,0.008799999999999999,0.06751788,0.0017652251,0.06563175,0.05696036,0.00054590404,-0.2592,0.1288,0.0008,0.1368,0.0008,0.1288,0.0008,-0.021920815,0.0,-0.0058032945,0.0006853212,1.1592,-0.59076756,1.5312000000000001,0.0008,1.5575999999999999,0.0008,1.5568,0.0008,0.06828436,0.08213913,0.030428417
-0.06674359,0.0008356683,0.0072,0.38799999999999996,0.0008,0.4032,0.0016,0.3912,0.0008,0.094753146,0.002306424,0.093976505,0.056926038,0.0006961785,0.4808,0.8688,0.0016,0.88,0.0056,0.8688,0.0016,0.04080859,0.021726761,0.015298843,0.0008673725,0.0072,0.27120778,0.3736,0.0008,0.4064,0.0016,0.3888,0.0008,0.10222216,0.0027513017,0.10082158
-0.06662088,0.0004910603,0.0944,0.49119999999999997,0.0008,0.49279999999999996,0.0008,0.49119999999999997,0.0008,-0.028346855,0.011679377,-0.046431445,0.05690076,0.00060550496,0.2824,0.668,0.0016,0.6799999999999999,0.0016,0.6799999999999999,0.0016,0.02672273,0.015810821,0.018837899,0.0006301851,0.2824,1.8515872,0.668,0.0016,0.6824,0.0016,0.6799999999999999,0.0016,0.03353153,0.011736458,0.03880713
-0.06673227,0.00071340054,0.0064,0.3584,0.0016,0.39999999999999997,0.0096,0.392,0.0064,0.07938592,0.0012692697,0.07827643,0.05692186,0.0005844049,-0.3784,0.004,0.0008,0.0184,0.0008,0.0152,0.0008,-0.0034787878,0.0,0.0031305552,0.00075159414,0.0064,0.32016593,0.3584,0.0016,0.39999999999999997,0.008,0.3584,0.0016,0.07425693,0.0018368335,0.07236448
-0.06674471,0.00072583556,-0.0304,0.3696,0.004,0.3696,0.010400000000000001,0.3696,0.004,0.0014000647,0.0,0.012716804,0.05692789,0.00057837367,-0.0296,0.3528,0.0016,0.368,0.0024,0.368,0.0016,-0.012409285,0.0,-0.013220958,0.0007671182,-0.0296,0.8540641,0.0952,0.0016,0.3704,0.0032,0.3704,0.0024,-0.008436325,0.0,-0.0021242406
-0.06690824,0.00066747144,0.0096,0.3976,0.0024,0.404,0.0064,0.3976,0.0024,0.02474831,0.0025731772,0.022751242,0.057004184,0.0005020797,0.0056,0.4024,0.0016,0.4032,0.004,0.4024,0.0016,0.021859169,0.0017752573,0.020119868,0.0007787451,0.4168,-3.041667,0.716,0.0008,0.8168,0.0008,0.7959999999999999,0.0008,-0.026805514,-0.0253462,-0.018473145
-0.06698479,0.0006330684,0.0064,0.404,0.0016,0.40480000000000005,0.0072,0.40480000000000005,0.004,0.063404925,0.0019579977,0.060631223,0.057000943,0.0006212741,1.0135999999999998,1.3960000000000001,0.0008,1.408,0.0016,1.4056,0.0008,0.03240381,0.033457294,0.005378835,0.0006523568,0.0064,0.24377924,0.404,0.0032,0.40480000000000005,0.0072,0.40480000000000005,0.004,0.069351576,0.0021761693,0.06657593
-0.06691688,0.000898011,0.0056,0.216,0.0016,0.4008,0.010400000000000001,0.3832,0.008,0.06495297,0.0016262345,0.06373254,0.057063557,0.00055865943,-0.0152,0.37679999999999997,0.0008,0.38480000000000003,0.0016,0.37679999999999997,0.0008,0.019881032,0.0,0.023011774,0.00089825905,0.0056,-0.02350039,0.216,0.0008,0.4008,0.010400000000000001,0.3832,0.008,0.064467855,0.0015911115,0.06329682
-0.06707688,0.0007251613,0.0072,0.3888,0.0056,0.40559999999999996,0.0064,0.3888,0.0056,0.052811757,0.002754189,0.050592788,0.05710437,0.00063379854,0.0504,0.43679999999999997,0.0008,0.4488,0.0008,0.4472,0.0008,-0.009685442,0.002360411,-0.010729022,0.00078242837,0.0072,-0.38497302,0.1312,0.0056,0.4064,0.0064,0.3888,0.0056,0.052583598,0.002021634,0.051093124
-0.06718472,0.00083299726,0.0064,0.3528,0.0032,0.4064,0.0112,0.404,0.010400000000000001,0.042157955,0.002115108,0.039828036,0.057162344,0.0005758256,-0.38239999999999996,0.0144,0.0024,0.016800000000000002,0.0056,0.016,0.0024,-0.024638772,0.0,-0.00539051,0.0008404946,0.0064,0.13366687,0.3528,0.004,0.4064,0.0112,0.404,0.010400000000000001,0.038498312,0.002323834,0.03591102
-0.06720446,0.0007417947,0.010400000000000001,0.38480000000000003,0.0016,0.4088,0.0072,0.4088,0.0024,0.054300886,0.0023207366,0.05274761,0.05722404,0.00051413104,-0.0448,0.3544,0.0008,0.3544,0.0008,0.3544,0.0008,-0.0038922802,0.0,-0.005631581,0.00074469286,0.010400000000000001,-0.088252716,0.38480000000000003,0.0016,0.4088,0.0072,0.4088,0.0016,0.054432623,0.0020700926,0.053151105
-0.06733316,0.0007595457,0.0112,0.188,0.0016,0.41119999999999995,0.0096,0.4088,0.0024,0.052305248,0.0051971935,0.048422042,0.05729036,0.00067971647,-0.1984,0.2008,0.0008,0.2016,0.0016,0.2008,0.0008,0.0012146607,0.0,0.005852796,0.00077092304,0.0112,-0.17201488,0.188,0.0016,0.4096,0.0024,0.4088,0.0024,0.05132541,0.0046626567,0.047975857
-0.0676922,0.00067479163,0.9848000000000001,1.3704,0.0008,1.384,0.0008,1.3704,0.0008,0.054199964,0.05469277,0.018757824,0.057403296,0.00068273395,1.0808000000000002,1.3712000000000002,0.0008,1.4808000000000001,0.0016,1.4776,0.0008,0.040816113,0.044374533,0.024850473,0.0007219156,0.004,0.674475,0.3664,0.0072,0.4032,0.0192,0.3896,0.0072,0.06782121,0.0013968953,0.066693515
-0.06796048,0.00094307214,0.0136,0.384,0.004,0.4072,0.0056,0.40559999999999996,0.0056,0.08144681,0.0049373507,0.07878405,0.057545923,0.0006560609,-0.0376,0.332,0.0008,0.3624,0.0024,0.35600000000000004,0.0008,0.052928492,0.0,0.049217984,0.0009920397,0.012,0.575723,0.3816,0.0024,0.4088,0.0072,0.404,0.0056,0.097133964,0.0039998405,0.095731474
-0.068168156,0.0008179024,0.008,0.39840000000000003,0.0024,0.4064,0.0056,0.39840000000000003,0.0032,0.0704402,0.003962986,0.065780364,0.05778455,0.00064934045,0.0256,0.4192,0.0024,0.4248,0.0024,0.4224,0.0024,0.005799532,0.004429467,0.0010454431,0.00083868025,0.008,0.22305803,0.39840000000000003,0.0024,0.4064,0.0056,0.3992,0.0032,0.069978006,0.0041982634,0.06497191
-0.06835789,0.0008966923,0.008,0.1336,0.0008,0.4072,0.008799999999999999,0.3432,0.0008,0.027577046,0.0023099892,0.024803337,0.05796289,0.0007029064,0.872,1.2688,0.0008,1.272,0.0008,1.2688,0.0008,-0.0059753805,-0.009560175,-0.0023890734,0.001012866,0.008,0.48365346,0.1336,0.0008,0.40480000000000005,0.008799999999999999,0.30400000000000005,0.0008,0.021635363,0.0033725407,0.017939625
-0.0686803,0.0006643571,0.008,0.3416,0.0024,0.40559999999999996,0.0072,0.40480000000000005,0.0056,0.075996935,0.0028713308,0.07377796,0.058193635,0.0005881153,0.0008,0.39359999999999995,0.0008,0.39999999999999997,0.0064,0.3968,0.0008,0.030495405,0.00012430176,0.030843265,0.0007538268,0.008,0.49216342,0.38239999999999996,0.0024,0.40480000000000005,0.0072,0.3888,0.0056,0.081387155,0.003830202,0.078500085
-0.06891951,0.00079261884,1.1760000000000002,1.5656,0.0008,1.5695999999999999,0.0024,1.5656,0.0008,0.11738502,0.13987234,0.06849134,0.058214273,0.0005674772,-0.2792,0.1096,0.0008,0.1184,0.0008,0.1184,0.0008,0.069979526,0.0,0.055485353,0.0008176465,0.008,0.58502924,0.3976,0.004,0.40559999999999996,0.0064,0.3976,0.0056,0.13650778,0.003978578,0.13443732
-0.06891041,0.00078351796,0.004,0.3712,0.0024,0.4024,0.0136,0.39280000000000004,0.0024,0.04754369,0.0018095784,0.044991873,0.058317937,0.0006957203,0.0024,0.3488,0.0016,0.3976,0.004,0.3488,0.0016,-0.022494957,0.0008116737,-0.023538537,0.0008171176,0.004,0.28776598,0.3712,0.0024,0.3944,0.0024,0.3712,0.0024,0.039204393,0.0022617101,0.036165148
-0.068819426,0.00069253147,0.008799999999999999,0.4016,0.0048,0.40559999999999996,0.0096,0.4016,0.0048,-0.033459593,0.003956571,-0.038674172,0.058348317,0.0005493872,-0.0696,0.31520000000000004,0.0008,0.3288,0.0008,0.31520000000000004,0.0008,-0.023828365,0.0,-0.018146649,0.00070782285,0.008799999999999999,-0.20823866,0.38720000000000004,0.0008,0.40559999999999996,0.0096,0.4016,0.0048,-0.027810548,0.0033169144,-0.032169342
-0.06876462,0.0007486753,0.0928,0.4728,0.0008,0.49119999999999997,0.0008,0.4848,0.0008,0.064455085,0.024160452,0.049366117,0.058192007,0.00047378987,-0.3008,0.09680000000000001,0.0008,0.0992,0.0008,0.09680000000000001,0.0008,0.022210494,0.0,0.018384032,0.0007944621,0.004,0.63896585,0.2824,0.0064,0.4032,0.0072,0.38480000000000003,0.0072,0.0649845,0.0017867035,0.063718826
-0.06861573,0.00071073323,0.0072,0.4032,0.0024,0.4064,0.0024,0.4032,0.0024,0.04764686,0.003179077,0.045095045,0.058045678,0.00073607266,0.0016,0.396,0.0008,0.4008,0.008799999999999999,0.396,0.0016,0.05902098,0.0006604716,0.058209307,0.00082740607,0.0016,1.096501,0.3808,0.0016,0.4008,0.008799999999999999,0.396,0.008,0.07426681,0.00073004933,0.07369675
-0.06831572,0.0006326251,-0.3632,0.0,0.0008,0.036,0.0032,0.010400000000000001,0.0008,0.019798294,0.0,0.024791013,0.057931352,0.0007344447,1.5304,1.928,0.0008,1.9304000000000001,0.0008,1.9296000000000002,0.0008,0.044694982,0.05923773,0.0018616281,0.0008205494,1.5304,2.0330167,1.6152,0.0008,1.9304000000000001,0.0008,1.928,0.0008,0.03117611,0.031062007,0.0010196168
-0.0680246,0.0008962415,0.0056,0.3888,0.0008,0.4016,0.0128,0.4008,0.0048,0.052423086,0.0010591149,0.05164645,0.05785969,0.00069015473,0.0056,0.27599999999999997,0.0024,0.4024,0.0128,0.3888,0.0032,-0.030379564,0.000888668,-0.03200291,0.0011311774,0.0056,0.65621287,0.3888,0.0032,0.4016,0.0128,0.3888,0.004,0.023000063,0.0013813404,0.021394286
-0.06782711,0.0006987564,0.0048,0.39280000000000004,0.004,0.4008,0.0048,0.39280000000000004,0.004,0.033676814,0.0018626191,0.031014055,0.0577006,0.0006173365,0.1608,0.5559999999999999,0.0008,0.5608,0.0024,0.5576,0.0008,-0.011246659,0.0033771582,-0.014261447,0.00074891787,0.0048,0.36807594,0.39280000000000004,0.0008,0.40480000000000005,0.0072,0.39280000000000004,0.0048,0.027374404,0.0021944754,0.024472767
-0.06762962,0.0006122142,-0.0992,0.296,0.0008,0.2984,0.0016,0.296,0.0016,0.012813058,0.0,0.0209123,0.05760204,0.00048398972,-0.35359999999999997,0.0248,0.0008,0.0432,0.0008,0.0248,0.0008,-0.026958808,0.0,-0.011537008,0.00097424205,0.5928,2.879867,0.9463999999999999,0.0008,0.992,0.0032,0.984,0.0008,-0.019352242,-0.030942556,-0.017846787
-0.06741771,0.000622198,0.0488,0.444,0.004,0.44480000000000003,0.0072,0.444,0.004,0.0014435053,0.00988422,-0.00787615,0.057472177,0.00061385334,1.5952,1.9487999999999999,0.0008,1.9912,0.0016,1.9904,0.0008,0.019533284,0.016716897,0.00078428537,0.00082083815,-0.32239999999999996,3.1000543,0.0,0.0008,0.07600000000000001,0.0008,0.0656,0.0008,-0.00063111447,0.0,-0.016718665
-0.06722821,0.00076554716,0.0112,0.3944,0.0016,0.408,0.008,0.3944,0.0024,-0.008872565,0.004060749,-0.012866713,0.05748168,0.0007203035,0.004,0.3864,0.0008,0.4016,0.0016,0.3864,0.0008,0.01194454,0.00093458965,0.010553099,0.00077098055,0.0112,-0.118790865,0.3944,0.0016,0.40480000000000005,0.0072,0.3944,0.0024,-0.010225605,0.0038401838,-0.013957994
-0.06728258,0.0007089637,0.032,0.3864,0.0008,0.432,0.0064,0.4304,0.0048,0.044219077,0.009164546,0.033013266,0.057489105,0.0005969256,0.15200000000000002,0.5184,0.0008,0.5504,0.0008,0.5496,0.0008,-0.01345361,-0.0004503578,-0.01206217,0.00072135177,0.032,0.18559508,0.3864,0.0008,0.432,0.0064,0.4304,0.0008,0.04097707,0.009262195,0.030092085
-0.06733916,0.00065459684,0.0096,0.2664,0.0008,0.408,0.0048,0.384,0.0016,0.043381985,0.0034172162,0.039831646,0.05739495,0.0006910786,1.4360000000000002,1.6944000000000001,0.0016,1.8328,0.0024,1.8328,0.0016,0.030259363,0.035730414,0.0020632371,0.0007332748,0.9808,2.2399864,1.3632,0.0008,1.3776,0.0024,1.3776,0.0008,-0.003178903,-0.00530914,0.011205189
-0.06738154,0.00080792606,0.008,0.3912,0.0008,0.40559999999999996,0.004,0.396,0.0008,0.034224574,0.0020880252,0.030785177,0.05742765,0.00054242834,0.0264,0.4184,0.0008,0.424,0.0016,0.4184,0.0008,0.00712914,0.0017826147,0.0045781657,0.00081174186,0.008,0.09699909,0.3912,0.0008,0.40559999999999996,0.004,0.396,0.0008,0.03475413,0.0021992652,0.031196145
-0.06736734,0.00057182834,0.2504,0.6432,0.0008,0.6504,0.0008,0.644,0.0008,0.061518535,0.02043631,0.053308353,0.057417214,0.0005528629,1.044,1.4264000000000001,0.0008,1.4416,0.0008,1.4408,0.0008,0.004634559,0.004198417,0.020030119,0.0007535165,-0.064,-0.7092129,0.228,0.0008,0.33599999999999997,0.0032,0.3288,0.0008,0.043666665,0.0,0.039128747
-0.06739641,0.0007118471,0.6216,0.96,0.0008,1.0176,0.0008,1.008,0.0008,0.037170008,0.030538023,0.029599696,0.05737686,0.0005932152,0.3856,0.7647999999999999,0.0008,0.78,0.0008,0.7647999999999999,0.0008,0.02631855,0.013323329,0.013679631,0.0007446142,0.6216,-0.2977655,0.9424,0.0008,1.0176,0.0008,1.0032,0.0008,0.02781286,0.024189426,0.025512908
-0.067215115,0.00064150244,1.5304,1.92,0.0008,1.9304000000000001,0.0096,1.9207999999999998,0.0008,-0.0037211329,-0.024641015,0.0012239218,0.05740724,0.0005628355,0.5064000000000001,0.8696,0.0024,0.9064,0.0032,0.9064,0.0032,0.037508108,0.013632607,0.033913553,0.0007525148,1.448,-2.4485886,1.7488000000000001,0.0008,1.8456,0.0008,1.832,0.0008,-0.021099322,-0.012887577,0.00038622483
-0.06718183,0.0004972704,-0.28080000000000005,0.1192,0.0008,0.1192,0.0008,0.1192,0.0008,-0.035226997,0.0,-0.023133568,0.057417676,0.00055240095,1.1648,1.5528,0.0008,1.5632,0.0016,1.5528,0.0008,-0.032468177,-0.03810557,-0.024975039,0.00073722954,0.9752,-2.9459443,1.2712,0.0008,1.3719999999999999,0.0016,1.3656000000000001,0.0008,0.04086683,0.040770955,0.052246593
-0.067222446,0.0007597804,0.036,0.384,0.0008,0.4352,0.016,0.4096,0.008,0.06358017,0.0034573935,0.061694052,0.057364337,0.00060573965,0.5272,0.912,0.0016,0.9239999999999999,0.0016,0.9216,0.0016,0.033509485,0.017231978,0.025740609,0.00077292265,0.036,0.18467054,0.384,0.0008,0.4352,0.0136,0.4096,0.0008,0.068652205,0.0034215946,0.06690462
-0.06723442,0.0005498566,0.0048,0.3888,0.0032,0.40480000000000005,0.0048,0.40480000000000005,0.0048,0.021851778,0.0014130175,0.019965652,0.057322823,0.0005313009,-0.33599999999999997,0.0376,0.0008,0.064,0.0008,0.0376,0.0008,0.068821445,0.0,0.05397941,0.00093445793,1.1112,-2.5613697,1.2488,0.0008,1.5095999999999998,0.0016,1.5032,0.0008,-0.05600416,-0.057353735,0.0035256187
-0.06722843,0.0006548129,0.010400000000000001,0.4008,0.0016,0.408,0.0064,0.4008,0.0024,0.039771102,0.003741812,0.036331695,0.05741837,0.00055170804,0.1096,0.39999999999999997,0.0008,0.508,0.0008,0.508,0.0008,0.041107766,0.0065917373,0.037281305,0.00068580895,0.010400000000000001,0.3017977,0.4008,0.0016,0.408,0.0064,0.4008,0.0024,0.050192345,0.0039123273,0.04704625
-0.06742792,0.0006324053,-0.2888,0.10719999999999999,0.0008,0.1104,0.0008,0.108,0.0008,0.07267239,0.0,0.057805292,0.057502784,0.0008151531,0.0064,0.2728,0.0008,0.404,0.0008,0.3792,0.0008,-0.005042948,0.001419276,-0.0062024817,0.00083668926,0.0064,1.3434161,0.308,0.0008,0.404,0.0008,0.3792,0.0008,0.011469098,0.0021730838,0.009489048
-0.06747539,0.0006798804,0.2408,0.6112,0.0016,0.6407999999999999,0.0024,0.6112,0.0016,0.0048693866,0.020913888,-0.013991799,0.05762407,0.00057791173,-0.2304,0.1648,0.0008,0.1656,0.0024,0.1648,0.0024,0.030843675,0.0,0.025741726,0.00073286507,0.072,0.6819985,0.4424,0.0008,0.472,0.004,0.4424,0.0008,0.023222357,0.014292122,0.011654442
-0.06789834,0.0006590374,-0.108,0.2768,0.0008,0.29200000000000004,0.0016,0.2912,0.0008,0.024743702,0.0,0.023523271,0.05766442,0.0007694699,-0.39999999999999997,0.0,0.0008,0.0,0.0008,0.0,0.0008,-0.017157078,0.0,-0.0075329468,0.00079900696,-0.39999999999999997,1.2980428,0.0,0.0008,0.0,0.0008,0.0,0.0008,-0.009857265,0.0,-0.0002900362
-0.06788436,0.0006450601,0.010400000000000001,0.3952,0.0016,0.41040000000000004,0.0048,0.3952,0.0032,0.047879275,0.005390141,0.043219447,0.057825133,0.0007247105,1.3592,1.756,0.0008,1.7575999999999998,0.0016,1.756,0.0008,0.045629986,0.059226356,0.009885587,0.0008392094,1.3592,1.0422944,1.756,0.0008,1.7575999999999998,0.0024,1.756,0.0008,0.06354704,0.0781137,0.017489389
-0.06805456,0.00048240647,-0.332,0.0664,0.0008,0.06720000000000001,0.0008,0.0664,0.0008,-0.018747129,0.0,-0.023074098,0.057944335,0.0006055087,0.7111999999999999,1.0615999999999999,0.0008,1.1088,0.0024,1.1024,0.0008,0.007247217,0.011173129,-0.0054912046,0.00068729935,1.5264,0.7927531,1.8672000000000002,0.0008,1.9248000000000003,0.0008,1.9176,0.0008,-0.007996257,-0.0052196137,0.00054852845
-0.06827778,0.0005946867,0.0112,0.3888,0.0024,0.4088,0.0032,0.408,0.0024,0.0057708733,0.0037766956,0.0025533661,0.057950363,0.00059948117,-0.2888,0.0712,0.0008,0.11120000000000001,0.0024,0.108,0.0008,0.021859914,0.0,0.016410105,0.0007065696,0.5264,-2.6586115,0.9208000000000001,0.0008,0.9216,0.0008,0.9208000000000001,0.0008,-0.015262981,-0.027502473,0.019980231
-0.06821099,0.00063883886,0.004,0.4008,0.0016,0.4016,0.010400000000000001,0.4008,0.0016,-0.018697664,0.0017518625,-0.02058379,0.057961028,0.00070476905,0.1816,0.5479999999999999,0.0016,0.5792,0.0016,0.5479999999999999,0.0016,0.012354493,0.014229167,0.0004112944,0.0007948043,0.004,0.63719326,0.2592,0.0016,0.4016,0.0096,0.4016,0.0016,-0.007678397,0.0022628359,-0.010091219
-0.068203,0.00063085184,-0.008,0.3416,0.0008,0.3896,0.0008,0.3568,0.0008,0.065846615,0.0,0.06595756,0.0579281,0.0007376969,0.0024,0.396,0.0008,0.3968,0.0016,0.396,0.0008,0.009452008,0.00035783648,0.010147728,0.00076104363,0.0024,1.3224603,0.396,0.0008,0.3992,0.008799999999999999,0.396,0.0008,0.025346579,0.0003484413,0.025966415
-0.067981996,0.0008536391,0.14639999999999997,0.42160000000000003,0.0008,0.544,0.0008,0.4304,0.0008,0.05830559,0.026073437,0.036115903,0.057886124,0.0005477667,-0.2776,0.12079999999999999,0.0008,0.12240000000000001,0.0016,0.12079999999999999,0.0008,-0.001967594,0.0,-0.0066057295,0.0008767339,0.14639999999999997,0.2300362,0.42160000000000003,0.0008,0.544,0.0056,0.5256,0.0008,0.056321077,0.0291805,0.032574363
-0.06784775,0.00060844794,-0.2408,0.15760000000000002,0.0008,0.15760000000000002,0.0008,0.15760000000000002,0.0008,0.021530122,0.0,0.021419123,0.057676017,0.0006419197,-0.0512,0.2624,0.0008,0.3488,0.0024,0.3488,0.0008,0.018438749,0.0,0.019366376,0.0010000437,0.372,-2.0955715,0.4512,0.0008,0.7696000000000001,0.0008,0.7647999999999999,0.0008,-0.026744556,-0.024631074,-0.00032559293
-0.06755107,0.00064460933,1.516,1.8672000000000002,0.0008,1.9143999999999999,0.0008,1.9120000000000001,0.0008,0.03045389,0.029948328,0.00044923276,0.05750812,0.00057791173,0.328,0.7111999999999999,0.0008,0.728,0.0008,0.728,0.0008,0.03756897,0.0131537765,0.038612552,0.0006566429,0.328,1.0760738,0.7111999999999999,0.0008,0.728,0.0008,0.724,0.0008,0.047523595,0.02359202,0.036115654
-0.0671592,0.00058558583,0.0112,0.352,0.0032,0.4064,0.0056,0.39840000000000003,0.0032,0.041214757,0.00431497,0.037331566,0.057366885,0.00048723817,-0.3424,0.052000000000000005,0.0008,0.056799999999999996,0.0008,0.052000000000000005,0.0008,0.013974935,0.0,0.009336799,0.0007129458,1.4367999999999999,-2.6691492,1.8192000000000002,0.0008,1.8368,0.0008,1.8279999999999998,0.0008,-0.04305953,-0.049785,0.0005891135
-0.06702518,0.0007844083,0.010400000000000001,0.3352,0.0016,0.4088,0.0016,0.4064,0.0016,0.0031653382,0.0018761717,0.00094637275,0.057201073,0.00065305084,0.48960000000000004,0.8896000000000001,0.0008,0.8896000000000001,0.0016,0.8896000000000001,0.0008,0.024351925,0.017600708,-0.002317354,0.00078782416,0.010400000000000001,0.09315532,0.3352,0.0016,0.4088,0.0016,0.4064,0.0016,0.005416846,0.001967443,0.0030672792
-0.06681926,0.0008003861,0.010400000000000001,0.28080000000000005,0.0016,0.4072,0.0056,0.4072,0.0024,0.090372235,0.0037481152,0.08693284,0.057040595,0.0005816221,0.0936,0.4688,0.0008,0.492,0.0048,0.492,0.0016,0.08105134,0.01192835,0.07316651,0.00087345217,0.010400000000000001,0.4119347,0.1352,0.0016,0.4088,0.0048,0.3256,0.0032,0.11526398,0.0044656005,0.11090522
-0.066701874,0.0006830022,0.0344,0.4128,0.0008,0.4304,0.004,0.4128,0.0008,0.06901413,0.007956047,0.062911965,0.056856927,0.0007652901,-0.0504,0.2072,0.0008,0.3496,0.0008,0.3496,0.0008,0.054727204,0.0,0.05495911,0.0007709971,-0.0504,1.6925437,0.2072,0.0008,0.3496,0.0008,0.3496,0.0008,0.04594056,0.0,0.045874313
-0.066420734,0.0007347092,-0.136,0.028,0.0016,0.2328,0.0064,0.156,0.0032,-0.07072145,0.0,-0.036438376,0.056920007,0.00081816316,-0.3784,0.020800000000000003,0.0024,0.0216,0.004,0.020800000000000003,0.0024,0.04892741,0.0,0.006372519,0.0008538314,-0.3792,2.175937,0.02,0.0016,0.020800000000000003,0.028,0.02,0.0032,0.080470845,0.0,0.0067867097
-0.066742264,0.0007233918,0.0096,0.3976,0.0024,0.40480000000000005,0.004,0.40480000000000005,0.0024,0.0488269,0.0030223243,0.04549845,0.05688499,0.0006212741,0.0256,0.3784,0.0024,0.41600000000000004,0.0024,0.41600000000000004,0.0024,-0.017224237,0.003183484,-0.019891165,0.00077333744,0.0096,0.3613642,0.3704,0.0016,0.40480000000000005,0.0072,0.3976,0.0024,0.039583795,0.0035361676,0.036142353
-0.066741824,0.0008339025,0.0072,0.38799999999999996,0.0016,0.4024,0.008799999999999999,0.38799999999999996,0.0016,0.03141325,0.0025124215,0.02830669,0.056876868,0.00062939525,0.6368,1.0256,0.0008,1.0359999999999998,0.0016,1.028,0.0016,0.024234593,0.0142263025,-0.0023985207,0.0008501827,0.0072,0.1960129,0.38799999999999996,0.0016,0.4024,0.008799999999999999,0.38799999999999996,0.0016,0.035531648,0.0029577971,0.031965166
-0.066767335,0.000748463,0.0072,0.2432,0.0032,0.4032,0.0064,0.39840000000000003,0.0032,0.053760163,0.0021872818,0.052650683,0.056938555,0.00056770816,0.0056,0.3584,0.0016,0.40480000000000005,0.0016,0.384,0.0016,0.051715694,0.0020027496,0.04951258,0.00074856007,0.0072,-0.016109977,0.2432,0.0032,0.4032,0.0064,0.39840000000000003,0.0032,0.052920084,0.0021401802,0.05185558
-0.066936634,0.0008068122,0.0304,0.41600000000000004,0.0008,0.42800000000000005,0.0072,0.41600000000000004,0.0024,0.12925103,0.010022521,0.12337077,0.056953162,0.0005531013,0.0264,0.3992,0.0056,0.4256,0.0064,0.424,0.0064,0.0060921162,0.0016710088,0.0021497011,0.00091762963,0.0304,0.4965422,0.41600000000000004,0.0016,0.42800000000000005,0.0072,0.41600000000000004,0.0024,0.116544254,0.010594224,0.10833598
-0.06688094,0.0006401725,0.0072,0.404,0.0032,0.4072,0.0136,0.40480000000000005,0.0032,0.0067121573,0.0028768927,0.0039384514,0.057024363,0.00048189983,-0.3976,0.0024,0.0008,0.0024,0.0008,0.0024,0.0008,0.028173618,0.0,0.03849347,0.00065405463,0.0072,0.20639883,0.40480000000000005,0.0032,0.4072,0.0112,0.40480000000000005,0.0032,0.012343498,0.0030392949,0.009438556
-0.06696816,0.0005054921,0.0016,0.368,0.0008,0.39999999999999997,0.0152,0.368,0.0008,0.053379707,0.00023434311,0.053490654,0.05702691,0.0005953051,0.4192,0.8144,0.0008,0.8144,0.004,0.8144,0.0016,0.005508326,0.0163747,-0.013044216,0.00071417884,0.4192,0.9855063,0.8144,0.0008,0.8144,0.004,0.8144,0.0016,0.034080625,0.033348285,0.006357598
-0.06691956,0.00067878887,0.053599999999999995,0.4352,0.0008,0.44,0.0016,0.4352,0.0008,0.08482769,0.015300851,0.07428761,0.05712802,0.0006101504,0.2032,0.5983999999999999,0.0008,0.6032,0.0008,0.6016,0.0008,0.0015699714,0.013283163,-0.015011363,0.00071454357,0.4192,-0.87705535,0.7176,0.0008,0.8024,0.0008,0.8008000000000001,0.0008,0.053033266,0.023993885,0.047569178
-0.06712081,0.00076909363,0.004,0.212,0.0024,0.4024,0.010400000000000001,0.39840000000000003,0.004,0.07655534,0.0006279722,0.07655534,0.057105996,0.0007481277,0.5528000000000001,0.9248000000000001,0.0008,0.9448000000000001,0.0008,0.9248000000000001,0.0008,0.020867176,0.012211151,0.04324618,0.00078730576,0.004,0.2155085,0.212,0.0024,0.4024,0.010400000000000001,0.39840000000000003,0.004,0.07924677,0.00089264446,0.078974016
-0.06722,0.00064639,0.008799999999999999,0.3624,0.0016,0.408,0.0112,0.4016,0.0016,0.056753255,0.0021175817,0.056198522,0.057117127,0.00062104315,0.0056,0.3696,0.0016,0.404,0.0032,0.404,0.0016,0.016925208,0.0011006072,0.016345441,0.00073607836,0.031200000000000002,0.75623864,0.24400000000000002,0.0008,0.4304,0.0064,0.4296,0.0008,0.05289749,0.010846367,0.04495773
-0.067191154,0.0006175414,0.0512,0.436,0.0016,0.44639999999999996,0.0016,0.44639999999999996,0.0016,0.097135745,0.013227742,0.08737227,0.05726647,0.00058765337,0.0032,0.3952,0.0024,0.4032,0.008799999999999999,0.39999999999999997,0.0032,-0.0030127764,0.0006113127,-0.00382445,0.0007084286,0.0032,0.97824186,0.3336,0.0032,0.4032,0.010400000000000001,0.3952,0.008,0.051749397,0.0007713039,0.05089021
-0.06743657,0.00097390264,0.0056,0.364,0.0016,0.4016,0.0112,0.4016,0.004,-0.024467804,0.0004932545,-0.024134964,0.057405382,0.0005646944,0.0024,0.3896,0.0008,0.4024,0.008,0.3896,0.004,0.017800614,0.00053454936,0.017452754,0.001029191,0.0056,0.32926625,0.364,0.0016,0.4016,0.0112,0.4016,0.004,-0.01739758,0.0010700286,-0.017757505
-0.06776964,0.00064128265,0.004,0.3904,0.0008,0.4024,0.0152,0.396,0.0048,0.072672054,0.0014312379,0.07056403,0.057519943,0.00079799443,0.0784,0.4296,0.0008,0.4752,0.0008,0.4504,0.0008,0.027658924,0.011878118,0.0182667,0.0008555276,0.0784,1.2019702,0.4296,0.0008,0.472,0.0008,0.45680000000000004,0.0008,0.051998675,0.019576782,0.035158236
-0.06801506,0.00077575445,0.008799999999999999,0.3688,0.0024,0.408,0.0056,0.4016,0.0048,0.033512414,0.003096845,0.029851116,0.05769666,0.00062127784,-0.3688,0.0,0.0008,0.031200000000000002,0.0008,0.0288,0.0008,-0.018263161,0.0,0.013392113,0.00092582277,0.008799999999999999,0.57735693,0.2384,0.0032,0.4064,0.0056,0.3688,0.0048,0.018112093,0.004173162,0.013462041
-0.068281345,0.000820145,0.0064,0.1512,0.0032,0.3992,0.010400000000000001,0.396,0.0048,0.06991282,0.0024560504,0.0678048,0.05791697,0.00063287467,0.0528,0.37520000000000003,0.0008,0.452,0.0016,0.4488,0.0016,0.05432552,0.0088389665,0.04887571,0.00091291126,1.2704,0.45472905,1.5968,0.0008,1.6640000000000001,0.0016,1.66,0.0016,0.08666909,0.10952105,0.018562058
-0.06858488,0.0007908344,0.0072,0.33280000000000004,0.0024,0.3944,0.0072,0.348,0.0072,0.031945616,0.0014591366,0.031612772,0.058123365,0.00054243207,-0.3744,0.0024,0.0008,0.0216,0.0024,0.0024,0.0008,-0.02428957,0.0,0.0037711486,0.000802578,0.07600000000000001,0.56023574,0.4096,0.0008,0.4632,0.0072,0.4168,0.0016,0.014154951,0.020204606,-0.0020611568
-0.06878394,0.00065704435,0.0048,0.4024,0.0024,0.4032,0.0128,0.4024,0.0032,0.06652541,0.0001700297,0.06685825,0.05823236,0.0005493909,0.008,0.3912,0.0008,0.408,0.0056,0.3912,0.0008,-0.0022563785,0.0028269812,-0.00538712,0.0007746309,0.22,0.7884043,0.3256,0.0008,0.62,0.0016,0.6176,0.0008,0.045298655,0.029161,0.016437508
-0.06887247,0.0007455759,0.012,0.396,0.0024,0.412,0.0048,0.412,0.0048,-0.013091426,0.0044157505,-0.018305995,0.058301006,0.0005966984,0.0048,0.3968,0.0008,0.4008,0.0048,0.4008,0.0048,-0.011186689,0.0011451691,-0.01292599,0.00075212284,0.012,-0.13203995,0.396,0.0024,0.412,0.0048,0.412,0.0048,-0.011504669,0.003885895,-0.016032672
-0.068784595,0.0007686503,0.0064,0.3776,0.0048,0.40480000000000005,0.008,0.38720000000000004,0.0056,-0.03084436,0.0025988556,-0.03406187,0.058355507,0.0005421974,0.14639999999999997,0.54,0.0008,0.544,0.0024,0.54,0.0008,0.033393756,0.0112135,0.023769625,0.0007928369,0.0064,0.24763963,0.3776,0.0048,0.40480000000000005,0.008,0.38720000000000004,0.0056,-0.021718064,0.0028153898,-0.02529217
-0.06882942,0.000813473,0.032,0.4248,0.0008,0.4256,0.004,0.4248,0.0016,0.038164977,0.010238282,0.029178169,0.058326054,0.0005716495,0.14959999999999998,0.512,0.0008,0.5472,0.0024,0.5472,0.0016,0.026726417,0.013440032,0.013971545,0.00083737826,0.0072,0.57542795,0.39280000000000004,0.0032,0.40480000000000005,0.008,0.39999999999999997,0.0032,0.04656322,0.0026142136,0.044277318
-0.06867653,0.0006605871,0.0064,0.3712,0.0024,0.4064,0.008799999999999999,0.3712,0.0024,0.05863626,0.0028438345,0.055196848,0.058203835,0.00057791546,-0.3584,0.020800000000000003,0.0008,0.035199999999999995,0.0008,0.032,0.0008,0.006266214,0.0,0.0082374215,0.000806092,0.7335999999999999,0.6102697,1.0984,0.0008,1.1336,0.0016,1.1096,0.0008,0.05164313,0.044167966,-0.005193716
-0.06834834,0.00088714063,0.045599999999999995,0.008799999999999999,0.0016,0.44480000000000003,0.0064,0.44480000000000003,0.0016,0.09030574,0.0067422763,0.08342693,0.058180414,0.00060133636,-0.0448,0.3264,0.0008,0.3552,0.0024,0.3344,0.0008,-0.022202447,0.0,-0.022434354,0.00091173477,0.045599999999999995,-0.23279718,0.1744,0.0016,0.44480000000000003,0.0032,0.44480000000000003,0.0016,0.09299184,0.0059825117,0.08728835
-0.06812845,0.00066725165,0.0096,0.4096,0.0024,0.4096,0.0048,0.4096,0.0024,0.044664033,0.005011391,0.040004198,0.057955697,0.00059414655,0.568,0.9568000000000001,0.0008,0.9663999999999999,0.0024,0.96,0.0024,0.032352746,0.027370632,0.02156908,0.00071125367,1.4992,0.35359308,1.8944,0.0008,1.8992,0.008,1.8992,0.0016,0.05310369,0.09462379,0.017756771
-0.06794716,0.0007078536,0.0072,0.3528,0.0016,0.4032,0.0024,0.4016,0.0016,0.036281034,0.0035969615,0.033285417,0.057726808,0.00059112906,0.048,0.42160000000000003,0.0008,0.4456,0.0008,0.4416,0.0008,0.0046944916,0.0058996305,-0.0040020123,0.0008400756,0.048,0.7805379,0.4032,0.0008,0.444,0.0008,0.40559999999999996,0.0008,0.029082283,0.011940059,0.018390583
-0.06752511,0.0007295981,0.0032,0.3992,0.004,0.4008,0.0056,0.39999999999999997,0.0048,0.020750996,0.0016979687,0.018864874,0.05768576,0.0007481314,0.0,0.384,0.0032,0.39359999999999995,0.0072,0.384,0.004,-0.0008114502,0.0,-0.0008114502,0.00084682635,0.0,1.0831822,0.384,0.004,0.396,0.008799999999999999,0.384,0.0072,0.009005362,0.0,0.009005362
-0.067480505,0.0005740449,-0.3888,0.0096,0.0008,0.0096,0.0016,0.0096,0.0008,0.009594072,0.0,0.014697652,0.05757468,0.000511352,-0.28,0.1176,0.0008,0.1176,0.0008,0.1176,0.0008,0.009447128,0.0,0.014433123,0.0007127505,0.4664,-2.7066526,0.8616,0.0008,0.8616,0.0016,0.8616,0.0008,-0.012681423,-0.020948011,0.026464421
-0.067331165,0.00064660236,-0.24960000000000002,0.020800000000000003,0.0008,0.1504,0.004,0.1504,0.0008,0.028618071,0.0,0.031946484,0.057466142,0.0006198883,0.2104,0.6016,0.0008,0.6104,0.0024,0.6024,0.0008,0.0037703663,-0.0052177384,0.00017581135,0.0006744452,0.936,-0.28833908,1.264,0.0008,1.336,0.0008,1.336,0.0008,0.026364503,0.028071187,-0.014140694
-0.067412615,0.0006171055,0.004,0.36479999999999996,0.0016,0.4032,0.008799999999999999,0.4016,0.0032,0.012159228,0.0017541386,0.010827843,0.05743669,0.00064934045,-0.1416,0.2112,0.0008,0.25279999999999997,0.0016,0.25279999999999997,0.0016,-0.025275975,0.0,-0.017507099,0.00074471574,1.3152,-1.4869597,1.5896,0.0008,1.7016,0.0016,1.6632,0.0008,0.026205398,0.037280798,0.007487377
-0.06734448,0.00065991655,0.010400000000000001,0.404,0.0016,0.4096,0.0064,0.404,0.004,0.1038416,0.0034752823,0.10217738,0.05739866,0.00057141855,0.0728,0.4224,0.0008,0.4728,0.004,0.4712,0.0016,0.04464239,0.008052755,0.042207368,0.0007421308,1.3936000000000002,0.4751619,1.7872000000000001,0.0008,1.792,0.0024,1.7872000000000001,0.0016,0.112761,0.16770282,0.021149565
-0.06740684,0.0006113313,0.0056,0.3912,0.0016,0.4016,0.0072,0.39999999999999997,0.0072,0.08970609,0.0015055947,0.08815281,0.057415124,0.00067090616,0.3056,0.472,0.0008,0.7016,0.0016,0.6983999999999999,0.0016,-0.010377996,0.0050151646,-0.015248038,0.0007159661,0.8728,-0.5474592,1.2584000000000002,0.0008,1.272,0.0008,1.2584000000000002,0.0008,0.08199747,0.071489096,0.060180355
-0.06733516,0.0005396493,0.6912,1.0864,0.0008,1.0872,0.0016,1.0864,0.0008,0.02351363,0.018689223,0.026898738,0.057433445,0.00076853856,0.48960000000000004,0.8560000000000001,0.0008,0.8896000000000001,0.0008,0.8632,0.0008,0.016116925,0.0068799183,0.017276458,0.0007788054,0.48960000000000004,1.7333508,0.8560000000000001,0.0008,0.8896000000000001,0.0008,0.8632,0.0008,0.012099027,0.004369938,0.01275846
-0.0672007,0.00062708557,0.0288,0.3336,0.0008,0.4264,0.0048,0.42319999999999997,0.0024,0.019530687,0.006154638,0.0138723105,0.05744133,0.00064469874,1.2128,1.4176,0.0008,1.6096,0.0024,1.5976,0.0008,0.028869785,0.027357198,0.0054534376,0.0007086696,1.2128,1.1426357,1.3976,0.0008,1.6096,0.0048,1.5976,0.0008,0.03437284,0.03191144,-0.0011388054
-0.06725839,0.0005738251,0.0024,0.376,0.0008,0.39999999999999997,0.008799999999999999,0.3992,0.0072,0.009097308,0.0011667348,0.00820972,0.05743553,0.000650499,0.7776,1.052,0.0008,1.1752,0.0008,1.1543999999999999,0.0008,0.016755916,0.011818476,0.014967799,0.00077027193,0.8360000000000001,2.5670698,1.1136,0.0008,1.2311999999999999,0.0008,1.2264,0.0008,0.00146899,0.0015664753,-0.018023498
-0.067416385,0.0006208755,0.0896,0.4296,0.0008,0.48960000000000004,0.0008,0.48960000000000004,0.0008,0.071458414,0.017281108,0.062471613,0.05732561,0.0005285144,-0.2896,0.0936,0.0008,0.10719999999999999,0.0024,0.0936,0.0008,0.0013320297,0.0,-0.0014508516,0.0006622019,0.23120000000000002,0.92416286,0.5512,0.0008,0.6312,0.0024,0.6192000000000001,0.0016,0.04411702,0.023864154,0.029663675
-0.0671785,0.00060488656,0.0048,0.3792,0.0016,0.4016,0.008799999999999999,0.3944,0.0032,0.011202496,0.002297949,0.008872576,0.057416975,0.0005531013,0.0328,0.4296,0.0008,0.432,0.0016,0.4296,0.0016,-0.021736696,6.624311e-05,-0.023823857,0.0007319575,1.2328000000000001,3.019303,1.5575999999999999,0.0008,1.6312,0.0016,1.6312,0.0008,-0.013770385,-0.008228236,0.025494602
-0.06727924,0.0008165762,0.008799999999999999,0.3944,0.0008,0.40559999999999996,0.0096,0.3952,0.004,0.038715348,0.0028801747,0.035275944,0.057347406,0.0005067177,-0.3024,0.053599999999999995,0.0016,0.0936,0.0016,0.053599999999999995,0.0016,0.016177267,0.0,0.007944576,0.00081770256,0.008799999999999999,0.05249327,0.3944,0.0008,0.40559999999999996,0.0096,0.3952,0.004,0.039510824,0.0030104814,0.035954483
-0.067287676,0.0006031133,-0.2576,0.128,0.0008,0.1416,0.0016,0.1376,0.0008,0.013199676,0.0,0.013643488,0.057366192,0.00048793107,-0.1776,0.19119999999999998,0.0016,0.21680000000000002,0.0032,0.19119999999999998,0.0016,0.0015064254,0.0,-0.00034882873,0.00065520545,1.1792,0.40145084,1.564,0.0008,1.5784,0.0008,1.5743999999999998,0.0008,0.01273888,0.012932877,0.009503964
-0.06728035,0.0007067397,0.108,0.5008,0.0008,0.508,0.004,0.508,0.0008,0.05940803,0.017967578,0.041434404,0.05750812,0.00057791173,-0.1976,0.1984,0.0008,0.19920000000000002,0.0016,0.19920000000000002,0.0008,0.003130816,0.0,-0.0005796924,0.00070674217,0.108,-0.0026249979,0.5008,0.0008,0.508,0.004,0.508,0.0008,0.059399605,0.01794991,0.041446436
-0.06746808,0.0005616173,-0.048,0.3368,0.0008,0.352,0.0008,0.352,0.0008,0.07394244,0.0,0.07183442,0.057587896,0.000614088,0.0008,0.3728,0.0008,0.4008,0.0008,0.3744,0.0008,-1.3783574e-06,0.00038218126,-0.00034923851,0.00076171174,1.1536,0.937692,1.3816,0.0008,1.5536,0.0016,1.5256,0.0008,0.043746956,0.05613394,0.031730756
-0.06771328,0.00069587305,0.008,0.3736,0.0008,0.408,0.0032,0.3736,0.0008,0.047050044,0.0032974556,0.044276327,0.057638217,0.0006797202,0.0008,0.36479999999999996,0.0008,0.39840000000000003,0.0008,0.36479999999999996,0.0008,0.046093278,-1.6000122e-05,0.04620923,0.0007705907,0.0008,1.0802526,0.36479999999999996,0.0008,0.39999999999999997,0.008,0.3664,0.0008,0.062823355,0.00015691188,0.062873356
-0.067853965,0.0008365549,0.008,0.33599999999999997,0.0008,0.408,0.0048,0.3968,0.0024,0.014541157,0.0017086528,0.011767458,0.057744432,0.0005735047,-0.3912,0.0,0.0008,0.008799999999999999,0.0008,0.0072,0.0008,0.01397147,0.0,0.010840729,0.0008437158,0.008,0.1303787,0.33599999999999997,0.0008,0.408,0.0048,0.3992,0.0024,0.016234163,0.0019573607,0.01321266
-0.068089396,0.0007391423,0.008799999999999999,0.3112,0.0016,0.4064,0.010400000000000001,0.40559999999999996,0.004,0.020696506,0.002472192,0.018255644,0.057933204,0.00073259324,1.4032,1.792,0.0008,1.7984,0.0032,1.792,0.0008,0.018842109,0.0020602793,-0.0036841333,0.00078649464,0.008799999999999999,0.3487718,0.2768,0.0016,0.4064,0.010400000000000001,0.40559999999999996,0.0024,0.02588961,0.0030167303,0.022922054
-0.06822298,0.00087272376,0.0096,0.1296,0.0016,0.4096,0.0016,0.3816,0.0016,0.066073835,0.0021515489,0.064187706,0.05792926,0.0008524917,0.0592,0.3352,0.0008,0.45680000000000004,0.0008,0.444,0.0008,0.055776596,0.009513922,0.049515113,0.0009143444,0.0096,0.30288342,0.29200000000000004,0.0016,0.4096,0.0056,0.3816,0.0016,0.07970287,0.0028222555,0.07703795
-0.0682323,0.00088204443,0.0504,0.4248,0.0008,0.448,0.0032,0.448,0.0024,-0.017025225,0.0025354512,-0.023127384,0.05810597,0.00055982545,-0.3904,0.0096,0.0008,0.0096,0.0032,0.0096,0.0008,0.008467726,0.0,0.020526879,0.0008822699,0.0504,-0.022604397,0.4248,0.0008,0.448,0.0032,0.448,0.0024,-0.017212268,0.0024767118,-0.023210656
-0.06814753,0.0006863326,0.0024,0.3968,0.0024,0.4024,0.0024,0.3968,0.0024,0.02646567,0.0015042499,0.024357654,0.058083016,0.0006987341,0.9208000000000001,1.2904,0.0016,1.3176,0.0032,1.2904,0.0016,-0.024525426,-0.0200697,-0.028400872,0.0008300483,0.0024,0.5972974,0.2288,0.0024,0.4016,0.0112,0.324,0.0024,0.008090028,0.0017053802,0.006020928
-0.06809827,0.00074801594,0.4648,0.8512,0.0008,0.8632,0.0008,0.8632,0.0008,0.06451835,0.04450252,0.028238226,0.057964973,0.00070082396,0.0048,0.368,0.0024,0.40480000000000005,0.0048,0.368,0.0024,0.023308754,0.000958249,0.022265173,0.00079103775,0.0056,0.6345155,0.3696,0.0016,0.404,0.008799999999999999,0.3968,0.0048,0.06577756,0.0019837038,0.06322752
-0.06799309,0.0007537827,0.748,1.1472,0.0024,1.1472,0.004,1.1472,0.004,0.054643195,0.04164973,0.012051061,0.05773446,0.0009313375,1.2111999999999998,1.5295999999999998,0.0008,1.6016000000000001,0.0072,1.5688,0.0016,0.04313451,0.02892416,-0.01048781,0.0009629605,1.2111999999999998,1.8277813,1.4064,0.0008,1.6016000000000001,0.004,1.5295999999999998,0.0008,0.027829574,0.010176949,-0.0059949383
-0.06758147,0.0007859543,0.031200000000000002,0.2288,0.0016,0.43119999999999997,0.0064,0.4248,0.0016,-0.009877771,0.0079078525,-0.018087946,0.05768112,0.000636816,-0.0016,0.376,0.0008,0.39840000000000003,0.0032,0.38720000000000004,0.0008,0.0034786388,0.0,0.004406266,0.0008051704,0.031200000000000002,-0.21891284,0.2704,0.0016,0.4248,0.0064,0.4248,0.0016,-0.010397479,0.006681951,-0.017026735
-0.0673467,0.0006621368,0.0112,0.3248,0.0016,0.4088,0.0072,0.39999999999999997,0.0024,0.022739843,0.00416629,0.019411381,0.05748655,0.00048352778,-0.0824,0.31679999999999997,0.0008,0.31679999999999997,0.0008,0.31679999999999997,0.0008,0.015018664,0.0,0.014670804,0.00078610826,0.0928,-3.0188599,0.472,0.0008,0.49279999999999996,0.0024,0.472,0.0008,-0.024407448,-0.020465167,-0.00376014
-0.067222655,0.0006490424,0.0096,0.3736,0.0024,0.4096,0.0064,0.4088,0.0048,0.07892983,0.0037943423,0.074935675,0.057199914,0.000538256,0.108,0.49279999999999996,0.0016,0.508,0.0032,0.49279999999999996,0.0016,-0.038090184,0.004599925,-0.0437719,0.00068714604,0.808,0.89999074,1.2072,0.0008,1.208,0.0016,1.2072,0.0016,0.019227292,0.020169249,0.010486512
-0.0669038,0.0006630309,0.0112,0.224,0.004,0.408,0.0056,0.3784,0.0048,0.01176399,0.0025145672,0.009323135,0.05711921,0.0005030073,-0.1608,0.224,0.0016,0.23920000000000002,0.0016,0.224,0.0016,-0.018376693,0.0,-0.005737774,0.0006786058,-0.1784,2.5346408,0.1872,0.0008,0.2216,0.0008,0.216,0.0008,-0.020144276,0.0,-0.025495544
-0.06673449,0.0006046705,0.0056,0.40559999999999996,0.0016,0.40559999999999996,0.0048,0.40559999999999996,0.0048,0.03179063,0.0011261515,0.030681148,0.056952003,0.00067021325,0.5296,0.876,0.0008,0.9296,0.0072,0.9064,0.0008,0.060762927,0.029031865,0.07247422,0.0007422717,1.4232,0.8430983,1.8232,0.0008,1.8232,0.0016,1.8232,0.0008,0.066517755,0.10203785,0.007656718
-0.0667032,0.0005733818,0.0008,0.39359999999999995,0.0008,0.39999999999999997,0.0256,0.39999999999999997,0.0072,0.04914791,0.00035148114,0.048704118,0.056973577,0.0005326867,0.19119999999999998,0.5743999999999999,0.0024,0.5871999999999999,0.0024,0.5743999999999999,0.0024,-0.03890629,-0.00012064725,-0.056415252,0.0007088253,0.016,0.6284864,0.408,0.0016,0.4136,0.0016,0.408,0.0016,0.016882814,0.0056816367,0.008939318
-0.06668922,0.0007813014,0.0064,0.3312,0.0032,0.3944,0.0112,0.3808,0.0064,0.07827458,0.0023672022,0.07594465,0.05685646,0.0006498024,0.0008,0.2696,0.0016,0.39999999999999997,0.0024,0.3864,0.0024,0.016001083,7.003546e-05,0.015769176,0.0008376162,0.0064,0.3687803,0.14959999999999998,0.0032,0.3944,0.0112,0.3808,0.0032,0.07878004,0.0027862075,0.07593799
-0.06671608,0.00069721043,0.012,0.4088,0.0008,0.412,0.0048,0.4088,0.0008,0.039954238,0.00491073,0.0357382,0.056880582,0.00062568113,0.0304,0.41600000000000004,0.0008,0.4272,0.0032,0.4272,0.0016,-0.0063816085,0.006035015,-0.016237646,0.00070622884,0.0072,0.59145963,0.404,0.0064,0.4072,0.0064,0.404,0.0064,0.029608909,0.0026232456,0.027100842
-0.06673428,0.00071540475,0.0112,0.3888,0.0008,0.39999999999999997,0.0008,0.39999999999999997,0.0008,0.047164302,0.0045791864,0.041949727,0.056908876,0.00071334094,0.0496,0.44639999999999996,0.0024,0.4472,0.0024,0.44639999999999996,0.0024,0.035592325,0.005382754,0.027823448,0.00086231244,0.0112,0.59234244,0.3816,0.0008,0.4088,0.0024,0.3888,0.0008,0.059000567,0.004454681,0.054027
-0.0668694,0.00062863156,0.9560000000000001,1.3239999999999998,0.0008,1.3519999999999999,0.004,1.3368,0.0024,0.06273824,0.062002774,0.032964114,0.057013,0.00060921535,0.268,0.6216,0.0008,0.6664,0.0024,0.66,0.0008,0.03356383,0.01531503,0.013619848,0.0006807967,0.9560000000000001,0.394012,1.3239999999999998,0.0008,1.3519999999999999,0.0024,1.3368,0.0024,0.07081603,0.06889194,0.031303816
-0.06684389,0.0006031208,0.07759999999999999,0.39999999999999997,0.0008,0.4744,0.0024,0.4744,0.0008,0.09220417,0.019892626,0.07112397,0.05703201,0.0005902052,0.29200000000000004,0.6871999999999999,0.0016,0.6871999999999999,0.0024,0.6871999999999999,0.0024,0.013859503,0.009607635,-0.0075918734,0.0006796716,1.3416,-2.4113498,1.7032,0.0008,1.7392,0.0008,1.7376,0.0008,-0.077938244,-0.059018776,0.012432046
-0.06690867,0.0006679036,-0.2376,0.1392,0.0008,0.1568,0.0024,0.1392,0.0008,0.061679553,0.0,0.05258176,0.05701161,0.00072655827,0.7464,1.1448,0.0016,1.1456000000000002,0.0016,1.1448,0.0016,0.041446276,0.035729013,0.003451936,0.00074490346,0.0072,0.72621953,0.3416,0.0016,0.40559999999999996,0.012,0.384,0.0032,0.0736395,0.0012656986,0.07263212
-0.06700742,0.000655707,0.028,0.3784,0.004,0.42800000000000005,0.0064,0.4096,0.004,0.05863581,0.008304477,0.052755546,0.05698726,0.0005190037,-0.24960000000000002,0.14320000000000002,0.0016,0.14880000000000002,0.0016,0.14320000000000002,0.0016,0.05901573,0.0,0.052754246,0.00075241254,1.0928,0.7611936,1.4432,0.0008,1.4912,0.0008,1.4584000000000001,0.0008,0.083161324,0.08964296,0.035671785
-0.06704271,0.0005800426,-0.2832,0.08,0.0008,0.1168,0.0008,0.1048,0.0008,-0.014862087,0.0,-0.002546765,0.05709973,0.00052248687,-0.016800000000000002,0.3736,0.0008,0.3832,0.0016,0.3736,0.0008,0.0027260408,0.0,0.003073901,0.00078066764,0.0056,0.73324215,0.2888,0.004,0.40559999999999996,0.008,0.396,0.008,-0.009218164,0.0021814131,-0.011400454
-0.06710706,0.0007553436,0.0128,0.3424,0.0016,0.4128,0.0024,0.408,0.0016,0.05847564,0.003764335,0.05481434,0.057148196,0.0005899742,0.0064,0.39359999999999995,0.0016,0.40559999999999996,0.0016,0.40480000000000005,0.0016,-0.0063731894,0.002052866,-0.009156071,0.00082323235,1.1463999999999999,-2.558023,1.4912,0.0008,1.5432,0.0032,1.5368,0.0008,-0.045286316,-0.038435414,0.0045692823
-0.06718005,0.0007173866,0.0072,0.38799999999999996,0.0048,0.3992,0.008799999999999999,0.3992,0.0048,0.033221345,0.0015747473,0.03222281,0.05733628,0.00063379854,0.0328,0.4088,0.0008,0.42879999999999996,0.0016,0.42,0.0016,-0.030325145,0.003954597,-0.036586627,0.00077652425,1.5176,-1.7917736,1.7631999999999999,0.0008,1.9176,0.0016,1.8824,0.0008,0.022306189,0.081597894,0.013693031
-0.06745832,0.00077375397,0.0096,0.328,0.0016,0.4096,0.008,0.38,0.0032,0.038221076,0.002739098,0.036224,0.05731123,0.000542894,0.0032,0.4032,0.0016,0.4032,0.010400000000000001,0.4032,0.0016,0.008059077,0.00031632185,0.00747931,0.0008837271,0.0096,0.50420743,0.328,0.0016,0.4096,0.004,0.372,0.0032,0.03735821,0.0036409576,0.034265205
-0.06762895,0.00061154366,0.008799999999999999,0.3432,0.0008,0.4064,0.008799999999999999,0.4064,0.0064,0.061347008,0.0030656606,0.059017096,0.057476815,0.00060921535,-0.26,0.1392,0.0008,0.1392,0.0008,0.1392,0.0008,0.015243195,0.0,0.008285992,0.00078567996,0.0112,0.67874336,0.4088,0.0016,0.41040000000000004,0.0064,0.4088,0.0016,0.05732011,0.005374818,0.05237273
-0.06784175,0.0007133968,0.008799999999999999,0.40480000000000005,0.0016,0.408,0.0024,0.40480000000000005,0.0024,0.057524715,0.0030765757,0.054307207,0.057664193,0.00065374374,0.0288,0.39999999999999997,0.0008,0.42800000000000005,0.0008,0.4256,0.0008,0.059888117,0.0047503263,0.06000407,0.0008287831,0.008799999999999999,0.5340035,0.2824,0.0016,0.408,0.0024,0.40480000000000005,0.0016,0.07999797,0.0038296646,0.076874316
-0.06827535,0.000703197,0.0056,0.4016,0.0008,0.40480000000000005,0.0008,0.4016,0.0008,0.062970385,0.003701944,0.059974775,0.057778053,0.00065583736,0.008,0.4032,0.0016,0.408,0.0032,0.4032,0.0024,0.049982168,0.002152145,0.049286447,0.00096156576,0.008,0.7505643,0.0064,0.0032,0.4072,0.008799999999999999,0.4032,0.0032,0.08014091,0.004987641,0.07658319
-0.06847793,0.00068388134,0.010400000000000001,0.408,0.0024,0.41040000000000004,0.0048,0.408,0.0024,0.07588273,0.0046744123,0.0707791,0.058016684,0.0005331598,0.0016,0.38799999999999996,0.0032,0.3992,0.0072,0.38799999999999996,0.0032,0.062564544,0.0006025061,0.06210073,0.00078262977,0.0016,0.7494571,0.38720000000000004,0.0024,0.4016,0.0072,0.3992,0.0032,0.09817219,0.0009244074,0.09728767
-0.06866943,0.000764437,0.04,0.4024,0.0032,0.4376,0.010400000000000001,0.436,0.004,0.033118535,0.00072119385,0.029013436,0.058300313,0.00082929805,0.04,0.3672,0.0008,0.44,0.0032,0.3672,0.0008,-0.02133613,-0.003177151,-0.019133016,0.0011278738,0.04,0.8260732,0.0032,0.0008,0.43679999999999997,0.012,0.2904,0.0016,0.006758753,-0.0018472793,0.0055963434
-0.06886182,0.0009568259,1.0624,1.2624,0.0024,1.4584000000000001,0.004,1.4136,0.0024,0.092203915,0.0949416,0.025113858,0.05831585,0.0005818531,0.2264,0.6224,0.0008,0.6248,0.0008,0.624,0.0008,0.01826141,0.020186506,-0.0012187585,0.0009640794,1.0624,0.122745566,1.2624,0.0024,1.4584000000000001,0.004,1.4136,0.0024,0.093746066,0.09662506,0.026005164
-0.06894681,0.00070896745,0.008799999999999999,0.3896,0.0024,0.4032,0.008799999999999999,0.3904,0.0024,0.048992313,0.0035826005,0.04677334,0.058331847,0.0006818101,0.4344,0.8016,0.0008,0.8344,0.0008,0.8016,0.0008,0.042560108,0.026305132,0.04534299,0.0007417259,0.008799999999999999,0.29830912,0.376,0.0024,0.4032,0.0096,0.3904,0.0024,0.05933716,0.003992829,0.056943554
-0.06888623,0.000981234,0.0056,0.2544,0.0024,0.40559999999999996,0.004,0.268,0.0032,-0.010313228,0.003207326,-0.013863582,0.058387276,0.0006263815,0.8448,1.2352,0.0008,1.2432,0.0008,1.2432,0.0008,-0.017101504,-0.012114368,-0.032641046,0.0009823407,0.0056,0.047470365,0.2544,0.0024,0.40559999999999996,0.004,0.268,0.0032,-0.011113118,0.003290726,-0.01474751
-0.06863791,0.0007329136,0.7984,1.1480000000000001,0.0008,1.1984000000000001,0.0008,1.1776,0.0008,0.021784276,0.019045953,0.000120770186,0.05836246,0.00065119565,0.1904,0.5792,0.0008,0.5792,0.0024,0.5792,0.0008,0.052528672,0.011318319,0.05113723,0.00073638605,0.7984,0.097151764,1.1480000000000001,0.0008,1.1984000000000001,0.0016,1.1776,0.0008,0.026776783,0.02321642,0.0025411341
-0.0686377,0.0007327013,0.0448,0.4264,0.0008,0.444,0.0048,0.43360000000000004,0.0008,0.09874357,0.0060826093,0.099187374,0.058098547,0.00068320334,0.0648,0.3088,0.0008,0.4632,0.0024,0.44079999999999997,0.0008,0.059839435,0.005247608,0.061810642,0.00085304625,0.0648,0.92879397,0.3992,0.0008,0.464,0.0024,0.44639999999999996,0.0008,0.10705298,0.011372808,0.10776807
-0.06825803,0.00090777874,0.0064,0.34400000000000003,0.0024,0.404,0.010400000000000001,0.3968,0.0048,0.08204457,0.0021586046,0.0802694,0.05792601,0.0007397868,0.9104,1.2984,0.0024,1.3088,0.0024,1.3088,0.0024,0.0077740923,0.00527367,0.012823403,0.00090884767,0.0064,0.048505094,0.34400000000000003,0.0024,0.404,0.010400000000000001,0.3968,0.0048,0.08232502,0.0022574905,0.08046198
-0.068013504,0.0006632507,0.0024,0.3656,0.0016,0.3944,0.020800000000000003,0.3656,0.0016,0.023910351,0.0009912141,0.022468027,0.05780612,0.000627771,-0.30479999999999996,0.068,0.0008,0.0928,0.0024,0.0928,0.0016,0.060468927,0.0,0.041568525,0.0009132349,0.0024,0.75792325,0.32,0.0016,0.39999999999999997,0.0128,0.37520000000000003,0.0016,0.058932483,0.0009782965,0.05836322
-0.06773636,0.0007189512,1.0928,1.4591999999999998,0.0008,1.4928,0.0024,1.4928,0.0016,0.080663845,0.09527394,0.06760527,0.0576628,0.000655137,0.252,0.5640000000000001,0.0008,0.6504,0.0016,0.6504,0.0008,0.07519624,0.02327776,0.05815109,0.0007228911,1.0928,0.104451835,1.4591999999999998,0.0008,1.4928,0.0024,1.4871999999999999,0.0008,0.08806433,0.102611735,0.0691482
-0.067597,0.00069054216,0.010400000000000001,0.38480000000000003,0.0008,0.4088,0.0064,0.38480000000000003,0.0008,0.095414475,0.0037624761,0.09330644,0.057550322,0.0006516613,1.4744,1.844,0.0008,1.8744,0.0008,1.8568,0.0008,0.05832865,0.07290129,0.0076928623,0.00075521576,0.1688,3.046251,0.4944,0.0008,0.5688,0.0008,0.5688,0.0008,-0.08942842,-0.027940573,-0.07423117
-0.067425475,0.0006299615,1.5032,1.896,0.0008,1.9032,0.0024,1.896,0.0016,0.0031596348,-0.007885151,0.0029995777,0.057438314,0.00053176284,0.1608,0.5584,0.0008,0.56,0.0024,0.5584,0.0008,0.040990286,0.0155130625,0.034033082,0.00070135307,-0.35919999999999996,-2.3236256,0.0,0.0008,0.0376,0.0016,0.0144,0.0008,-0.03207323,0.0,-0.026117707
-0.06734781,0.00066324696,0.0112,0.4016,0.0016,0.41119999999999995,0.0072,0.4096,0.0032,0.029564053,0.0034051798,0.025126122,0.057459183,0.0008587539,0.3856,0.0752,0.0008,0.78,0.0008,0.7064,0.0008,0.03403625,0.01735881,0.010033898,0.0009218871,0.3856,1.9430296,0.544,0.0008,0.78,0.0008,0.7064,0.0008,0.020953009,0.0071561774,0.0037997542
-0.06742459,0.0007400252,0.0928,0.48879999999999996,0.0008,0.48960000000000004,0.0016,0.48879999999999996,0.0016,0.036334362,0.018053412,0.024684764,0.057361785,0.00072424486,1.4671999999999998,1.7864,0.0008,1.8672000000000002,0.0016,1.7864,0.0008,0.00063776225,0.023441628,0.012040138,0.00074756914,1.4671999999999998,1.3203415,1.7864,0.0008,1.8616000000000001,0.0016,1.8616000000000001,0.0008,0.009623141,0.038625054,0.013595354
-0.06733095,0.0006463863,0.004,0.3368,0.0016,0.4032,0.0136,0.3912,0.0016,0.13319434,0.0014567561,0.1321958,0.057444114,0.00052596256,0.3064,0.6936,0.0016,0.7064,0.0024,0.6936,0.0016,-0.026439868,-0.0051852725,-0.036991626,0.000706715,0.236,-0.4161921,0.5688,0.0016,0.6352,0.0048,0.6224,0.0016,0.13251333,0.038796213,0.12029411
-0.06734337,0.00076975673,0.3624,0.7071999999999999,0.0008,0.76,0.0024,0.7432000000000001,0.0008,0.06905848,0.03582434,0.04598118,0.05741698,0.00066905096,0.9488,1.3319999999999999,0.0008,1.3376,0.0032,1.3344,0.0016,0.0034205317,0.002344489,0.0014818236,0.000782858,0.3624,-0.18320526,0.7071999999999999,0.0008,0.76,0.0024,0.7432000000000001,0.0008,0.06727961,0.034193724,0.04579262
-0.06740595,0.00072138384,1.0504,1.4104,0.0032,1.4504,0.004,1.4344,0.0032,0.036331758,0.03895283,0.049688876,0.057378717,0.0007073134,-0.1624,0.2288,0.0008,0.2352,0.0008,0.2288,0.0008,0.06075678,0.0,0.045450933,0.00080558506,-0.1784,2.6790762,0.1888,0.0008,0.2192,0.0016,0.21680000000000002,0.0008,-0.005404698,0.0,-0.00078069745
-0.067231536,0.0006579198,0.008,0.3144,0.0008,0.4032,0.0008,0.368,0.0008,-0.00072456896,0.0029179156,-0.0041639693,0.05739796,0.0005721152,-0.2552,0.1352,0.0008,0.1448,0.0008,0.14,0.0008,0.040295273,0.0,0.029511608,0.0007001762,0.008,-0.34919375,0.3144,0.0008,0.39999999999999997,0.0008,0.368,0.0008,-0.014467476,0.0022919278,-0.017381927
-0.06718982,0.0006162077,0.0024,0.3264,0.0008,0.4016,0.0008,0.392,0.0008,0.095912516,0.00051723793,0.09569062,0.057412803,0.0005572736,-0.252,0.1336,0.0008,0.14079999999999998,0.0008,0.1376,0.0008,0.018148772,0.0,0.014670171,0.0007522226,0.008799999999999999,0.8343141,0.1712,0.0008,0.408,0.0056,0.39840000000000003,0.0008,0.07786836,0.0034451848,0.073862866
-0.06731253,0.0007389188,0.0072,0.40559999999999996,0.0008,0.4072,0.010400000000000001,0.4072,0.0008,0.04138403,0.0037655868,0.037389897,0.057362713,0.0006073639,0.6776,1.0559999999999998,0.0008,1.068,0.0016,1.0568,0.0008,0.011537418,0.00018393993,0.005150005,0.00075643865,1.1543999999999999,-0.8182635,1.2904,0.0008,1.5544,0.0016,1.5048,0.0008,0.01986371,0.03027256,0.009437548
-0.06717606,0.0007133931,0.052000000000000005,0.4472,0.0008,0.452,0.0008,0.452,0.0008,0.023347713,0.008426167,0.010144848,0.05730056,0.0006695166,0.6416000000000001,1.04,0.0008,1.0415999999999999,0.0016,1.04,0.0008,0.07345869,0.04310686,0.09499717,0.0007190165,0.052000000000000005,0.1251493,0.4472,0.0008,0.452,0.0008,0.452,0.0008,0.032334436,0.0095371315,0.01880062
-0.06720135,0.0006277412,0.008799999999999999,0.39999999999999997,0.0016,0.4072,0.010400000000000001,0.39999999999999997,0.0016,0.020239178,0.002467204,0.018463992,0.057339758,0.00051436573,-0.0936,0.3032,0.0008,0.3032,0.0008,0.3032,0.0008,-0.006729655,0.0,0.00034350157,0.000715643,0.32239999999999996,-2.309272,0.6656000000000001,0.0008,0.7216,0.0008,0.6952,0.0008,-0.008647688,-0.017450377,0.017475791
-0.06732695,0.00053143874,0.010400000000000001,0.4024,0.0072,0.4096,0.008,0.4096,0.0072,0.065507114,0.002914533,0.063621,0.057405617,0.0005644597,-0.3664,0.0064,0.0008,0.033600000000000005,0.0024,0.024,0.0024,0.018666781,0.0,0.009158604,0.00070386456,1.4240000000000002,0.9305417,1.8008,0.0008,1.8232,0.0032,1.8144,0.0008,0.05410364,0.088742465,0.014405222
-0.067393966,0.0005984567,1.1136,1.4984,0.0008,1.5128,0.0056,1.4984,0.0008,0.062185135,0.07227552,0.01881082,0.057480756,0.0007212274,0.5640000000000001,0.9472,0.0008,0.964,0.0016,0.9472,0.0008,0.021563977,0.018910106,0.017737515,0.000777025,0.5640000000000001,1.9520719,0.7664,0.0008,0.964,0.0016,0.9528,0.0008,-0.003123899,0.0052592237,-0.0044875187
-0.06757726,0.00089269504,0.004,0.3784,0.0016,0.404,0.0072,0.3912,0.0016,0.18312518,0.0021335594,0.18168285,0.057653755,0.0005482286,0.24480000000000002,0.6168,0.0008,0.6424,0.0016,0.6168,0.0008,0.018785715,-0.008723095,0.027018405,0.0008966774,0.004,0.0942817,0.3784,0.0016,0.4032,0.0072,0.3912,0.0016,0.1840804,0.0021529028,0.18264449
-0.06780825,0.0009017885,0.008,0.3888,0.0016,0.40480000000000005,0.004,0.3896,0.004,0.006101601,0.0021390878,0.0054359064,0.05770802,0.00095777586,1.0392,1.3176,0.0008,1.4376,0.012,1.4072,0.0032,-0.025856487,-0.011624325,0.024960753,0.0009800368,1.0392,1.7843425,1.3176,0.0008,1.4376,0.012,1.4072,0.0032,-0.026562262,-0.013811906,0.028467987
-0.06793007,0.0006907657,1.3056,1.6992,0.0008,1.7016,0.0048,1.6992,0.0008,0.035451207,0.049690444,0.012556724,0.057855513,0.00081028417,0.4744,0.7208,0.0008,0.8735999999999999,0.0008,0.8728,0.0008,0.037803188,0.008916091,0.067139395,0.0008106722,0.4744,1.5398557,0.7208,0.0008,0.8735999999999999,0.0008,0.8728,0.0008,0.0388818,0.010250518,0.06739395
-0.06821854,0.0006463863,0.008,0.3584,0.0016,0.408,0.0048,0.3584,0.0032,0.023466378,0.0010273904,0.021691207,0.05791929,0.0006305538,0.0272,0.42160000000000003,0.0008,0.42160000000000003,0.0016,0.42160000000000003,0.0008,0.027654007,0.004393682,0.02127657,0.0006922959,1.0335999999999999,2.3035662,1.404,0.0008,1.4296,0.0008,1.4296,0.0008,0.0048585087,0.0038931426,0.005670363
-0.0681655,0.0007043034,-0.09119999999999999,0.3088,0.0008,0.3088,0.0008,0.3088,0.0008,0.031399224,0.0,0.029845946,0.058076285,0.0007054657,0.7024,1.0776000000000001,0.0024,1.1024,0.0032,1.0776000000000001,0.0024,0.014152907,0.011919074,0.0073397383,0.0008487025,0.0112,0.5919494,0.2264,0.0008,0.41119999999999995,0.0032,0.41119999999999995,0.0032,0.03395383,0.006156002,0.02754863
-0.068184145,0.000722941,0.008799999999999999,0.408,0.0024,0.408,0.0024,0.408,0.0024,0.09120305,0.0041801296,0.08842933,0.058061447,0.0006043501,-0.3512,0.0,0.0016,0.0432,0.0016,0.0264,0.0016,0.044991255,0.0,0.028178014,0.00078298687,1.4304000000000001,0.6735454,1.492,0.0008,1.8296000000000001,0.0008,1.8112,0.0008,0.09934947,0.15353623,0.021757873
-0.06818126,0.00094195455,0.041600000000000005,0.3784,0.0008,0.43360000000000004,0.0032,0.41759999999999997,0.0016,-0.013031449,0.0012739003,-0.018467914,0.05795593,0.0005939156,0.04,0.4096,0.0016,0.43920000000000003,0.0016,0.4376,0.0016,0.010612659,0.00047552586,0.011424333,0.00094744004,0.041600000000000005,-0.107660286,0.3784,0.0008,0.43360000000000004,0.0032,0.41759999999999997,0.0016,-0.014096359,0.001112712,-0.019476425
-0.06799109,0.00064083934,0.09999999999999999,0.4712,0.0008,0.496,0.004,0.49360000000000004,0.0008,0.008988105,0.016864303,-0.014532991,0.057821188,0.0006127022,-0.224,0.1272,0.0016,0.176,0.0024,0.176,0.0016,0.029573776,0.0,0.032008797,0.00093388156,0.9016,-2.9268882,1.1528,0.0008,1.3008,0.0024,1.2968,0.0008,-0.01508268,-0.018458007,0.041176915
-0.067672454,0.00065504387,0.5880000000000001,0.9736000000000001,0.0008,0.9879999999999999,0.0016,0.9879999999999999,0.0016,0.03162789,0.03300498,-0.014415704,0.057681352,0.00063658506,0.045599999999999995,0.41119999999999995,0.0008,0.4456,0.0008,0.4456,0.0008,0.009799272,-0.0012835488,0.011538573,0.000769974,0.045599999999999995,0.9733266,0.4456,0.0008,0.4456,0.0072,0.4456,0.0008,0.025894005,9.542033e-05,0.026021281
-0.067539975,0.0006335154,0.056,0.3528,0.0008,0.456,0.0048,0.4528,0.0008,0.007155888,0.012392916,-0.011705335,0.05749003,0.00059600174,0.032,0.4304,0.0008,0.43119999999999997,0.0064,0.4304,0.0016,-0.0019695312,0.006447062,-0.010550082,0.0006840361,-0.288,-1.4553837,0.072,0.0016,0.112,0.0016,0.0816,0.0016,0.0027804729,0.0,0.00033494458
-0.067347154,0.0006625913,0.0424,0.268,0.0024,0.4416,0.0128,0.39359999999999995,0.0024,0.025083184,0.0022765957,0.023973707,0.057259746,0.0005943775,0.532,0.8815999999999999,0.0008,0.9312,0.0008,0.9304,0.0008,-0.0016807467,-0.021939233,0.038786985,0.00071140076,0.07039999999999999,-0.6834017,0.40480000000000005,0.0008,0.4696,0.0048,0.4632,0.0008,0.020511517,0.0051619746,0.01573204
-0.06690513,0.00077531114,0.0408,0.1872,0.0024,0.44,0.0128,0.3496,0.0032,0.07101334,0.0031498559,0.07101335,0.05719342,0.0005447492,-0.24159999999999998,0.15760000000000002,0.0016,0.15839999999999999,0.0016,0.15760000000000002,0.0016,0.01861076,0.0,0.015016206,0.0007999204,0.0408,0.24869137,0.1872,0.0024,0.44,0.0128,0.32,0.0032,0.07340941,0.003269803,0.07320964
-0.06674536,0.0007264912,0.0048,0.3832,0.004,0.404,0.0096,0.3992,0.0072,-0.01686342,0.0012523904,-0.018305749,0.057040595,0.00046566874,-0.3392,0.053599999999999995,0.0008,0.053599999999999995,0.0008,0.053599999999999995,0.0008,0.003478527,0.0,0.012986705,0.0007718436,0.0496,0.6476577,0.42800000000000005,0.0008,0.4488,0.0056,0.42800000000000005,0.0016,-0.011349894,0.0137527175,-0.031356484
-0.06672295,0.00070407987,0.032,0.3784,0.0016,0.4296,0.0056,0.4128,0.0024,0.04377018,0.009634789,0.033451978,0.056930438,0.0005758256,0.13199999999999998,0.5024000000000001,0.0008,0.532,0.0016,0.5232,0.0008,0.0702111,0.014771476,0.062558174,0.0007553818,0.0128,-0.6677614,0.3504,0.0008,0.4032,0.0008,0.3888,0.0008,-0.009108026,0.0024264164,-0.012217433
-0.06668279,0.00066392124,0.0072,0.31039999999999995,0.0016,0.4064,0.008,0.3856,0.0032,0.030739568,0.0028687418,0.028187744,0.056822833,0.0005674772,0.0024,0.3552,0.0008,0.39999999999999997,0.0008,0.39999999999999997,0.0008,0.010031626,0.00042694435,0.009915672,0.0007439078,0.0072,0.46798784,0.3488,0.0032,0.4064,0.008,0.40480000000000005,0.0032,0.031959563,0.0035042,0.029211363
-0.066694334,0.0006754622,0.008,0.38799999999999996,0.004,0.4064,0.0048,0.38799999999999996,0.004,0.019869663,0.003426168,0.0154317245,0.05687942,0.00051089004,-0.3248,0.061599999999999995,0.0008,0.07440000000000001,0.0008,0.061599999999999995,0.0008,0.06893356,0.0,0.046902418,0.0007613714,0.0064,0.735574,0.3864,0.0024,0.4008,0.0064,0.38720000000000004,0.004,0.060987584,0.0035898443,0.056721266
-0.06678708,0.000768207,0.012,0.392,0.0008,0.412,0.0072,0.3976,0.0032,0.06912062,0.004311461,0.064238876,0.056942035,0.00056422874,-0.3192,0.061599999999999995,0.0008,0.0808,0.0008,0.07759999999999999,0.0008,-0.019538686,0.0,-0.011305995,0.0007980961,0.012,0.2745418,0.392,0.0008,0.412,0.0072,0.3976,0.0024,0.061234966,0.004872699,0.055215746
-0.06694686,0.0008170344,0.0112,0.188,0.0016,0.4088,0.0032,0.3952,0.0024,0.05659841,0.0041159056,0.05204952,0.056929976,0.0005762875,0.1184,0.5,0.0008,0.5176000000000001,0.0008,0.5176000000000001,0.0008,-0.0049290434,0.00992085,-0.02023489,0.0008257175,0.0112,-0.1451504,0.188,0.0016,0.4088,0.0032,0.4008,0.0024,0.056716174,0.0037610081,0.052718274
-0.06692732,0.000797499,0.0064,0.396,0.0016,0.3968,0.0136,0.3968,0.0016,0.002444949,0.0022749081,-0.00043971464,0.056989346,0.00063287094,0.0072,0.28080000000000005,0.0008,0.4064,0.0056,0.3952,0.0016,-0.032296315,0.0008257963,-0.033223942,0.0010181012,0.0072,0.67080766,0.0016,0.0008,0.3976,0.0064,0.3624,0.0008,-0.018160822,0.0029200083,-0.021605419
-0.066943295,0.0007025264,0.008,0.3624,0.004,0.4024,0.0056,0.3968,0.0056,0.034949694,0.0010340475,0.03295262,0.05694134,0.00056492165,0.0056,0.3864,0.0008,0.40559999999999996,0.0056,0.40559999999999996,0.0016,0.035013862,0.0016353838,0.03362242,0.00073529524,0.008,0.29966816,0.372,0.004,0.39999999999999997,0.0056,0.3888,0.0048,0.043728344,0.0017314265,0.041032985
-0.06701563,0.0008858107,0.0096,0.0328,0.0024,0.408,0.0048,0.4024,0.0024,0.06867719,0.0041947365,0.064683035,0.057057526,0.00068064407,1.0448,1.2976,0.0016,1.4408,0.0032,1.4112,0.0016,0.037160173,0.03863497,0.023627378,0.0009119628,0.0096,0.24006161,0.0328,0.0024,0.408,0.0048,0.4024,0.0024,0.075543046,0.004775803,0.07091907
-0.06706023,0.00059756637,0.0072,0.392,0.0008,0.4064,0.008799999999999999,0.4024,0.0064,0.033115588,0.0019386932,0.031118512,0.057133358,0.00048885867,-0.28159999999999996,0.1032,0.0008,0.116,0.0008,0.1032,0.0008,-0.050556682,0.0,-0.020292848,0.00070154836,1.4160000000000001,-2.6634324,1.7816,0.0016,1.816,0.0032,1.7816,0.0016,-0.0061379615,0.04082313,0.01831177
-0.06723332,0.0007706508,0.010400000000000001,0.236,0.0032,0.41040000000000004,0.016800000000000002,0.404,0.0056,0.01614647,0.0031396598,0.013039906,0.057135444,0.0006027259,0.0496,0.3944,0.0008,0.4488,0.0016,0.4344,0.0016,0.057107285,0.008960426,0.048526734,0.00078307046,0.010400000000000001,0.17833827,0.236,0.0032,0.41040000000000004,0.0112,0.404,0.0056,0.026020898,0.0035542005,0.022552215
-0.06732385,0.0007502362,0.0064,0.29279999999999995,0.0048,0.4064,0.012,0.40480000000000005,0.0048,0.04831911,0.0033391155,0.043881167,0.05736225,0.0006078258,0.10719999999999999,0.4808,0.0016,0.5048,0.0016,0.4808,0.0016,0.022318736,0.008745886,0.015825346,0.0008643816,0.6136,-2.7626085,0.972,0.0008,1.0128000000000001,0.004,1.004,0.0008,-0.05314785,-0.06411801,0.008755805
-0.067640714,0.0006233081,-0.3704,0.0224,0.0008,0.0264,0.0016,0.0248,0.0016,0.018470332,0.0,0.008706883,0.057362717,0.00060736015,-0.392,0.0,0.0008,0.0072,0.0016,0.0,0.0016,0.02382382,0.0,0.016054943,0.00067516905,-0.3704,0.39450166,0.0224,0.0008,0.028,0.0016,0.0248,0.0016,0.026208235,0.0,0.013673983
-0.06784375,0.00060444325,-0.2696,0.1096,0.0008,0.1296,0.0024,0.1184,0.0016,0.080102295,0.0,0.06878551,0.057587896,0.000614088,-0.010400000000000001,0.348,0.0008,0.38799999999999996,0.0008,0.38799999999999996,0.0008,0.02632004,0.0,0.026783854,0.00070119684,0.0512,0.79007524,0.4096,0.0008,0.4504,0.004,0.4296,0.0008,0.075073265,0.011519225,0.064577386
-0.06809294,0.00085363537,0.0464,0.004,0.0016,0.4456,0.0016,0.44,0.0016,-0.060744524,0.00024984777,-0.0687328,0.05781029,0.0006235987,0.8423999999999999,1.236,0.0008,1.2424,0.0008,1.2424,0.0008,0.009799793,0.008469999,-0.019830659,0.0009392103,0.0464,0.43019047,0.44,0.0016,0.44639999999999996,0.0016,0.44,0.0016,-0.051122926,0.0010455217,-0.060366023
-0.068302415,0.0008412115,0.0064,0.21439999999999998,0.0016,0.4016,0.008,0.368,0.0032,0.06895734,0.0029574633,0.06496319,0.05806214,0.0007196106,-0.376,0.0072,0.0008,0.020800000000000003,0.0008,0.0072,0.0008,0.021050401,0.0,0.026964024,0.0008527562,0.0064,0.16473429,0.368,0.0016,0.4016,0.008,0.368,0.0032,0.07147586,0.0032910411,0.06702236
-0.068738,0.0007220544,0.010400000000000001,0.396,0.0008,0.4088,0.0008,0.4008,0.0008,0.013759926,0.0027297996,0.01054243,0.058158614,0.00073909014,0.7712,1.132,0.0024,1.1543999999999999,0.004,1.1543999999999999,0.0024,0.01733911,0.0063267797,0.029625297,0.00077108806,0.8344,2.776541,1.1976,0.0008,1.232,0.0016,1.1976,0.0016,-0.0066632023,-0.006185347,-0.036118522
-0.06882033,0.0006934367,0.0112,0.4032,0.0016,0.4064,0.0016,0.4032,0.0016,0.0064993463,0.0040497184,0.0029489845,0.058315385,0.00058231875,-0.22719999999999999,0.16640000000000002,0.0008,0.1696,0.0008,0.16640000000000002,0.0008,0.031714313,0.0,0.03635245,0.0007574323,0.536,-2.9913092,0.9344,0.0008,0.936,0.0016,0.9344,0.0008,-0.011174306,-0.011530365,-0.009864496
-0.068991855,0.000864964,0.0064,0.2032,0.0016,0.3952,0.010400000000000001,0.2728,0.0016,0.026970487,0.002814602,0.023531087,0.058473777,0.00065583363,0.2656,0.6232,0.0008,0.664,0.0016,0.624,0.0008,-0.012985177,0.018528849,-0.037567295,0.00091815594,0.0064,0.3420575,0.2632,0.0016,0.3952,0.010400000000000001,0.32239999999999996,0.0056,0.02105243,0.0030890233,0.017267771
-0.06895879,0.000720948,0.0056,0.396,0.0008,0.396,0.0032,0.396,0.0008,0.00372288,0.0014962815,0.0023915023,0.05841951,0.00059414655,0.028,0.42800000000000005,0.0008,0.42800000000000005,0.0032,0.42800000000000005,0.0008,-0.040350027,0.0014309138,-0.04243719,0.00077592663,0.028,0.8721681,0.3136,0.0008,0.42800000000000005,0.0048,0.4128,0.0008,-0.028502598,0.0053366316,-0.03481045
-0.06878282,0.0006559305,0.041600000000000005,0.39840000000000003,0.0024,0.43920000000000003,0.0096,0.39840000000000003,0.0024,0.04648919,0.0037084036,0.045823503,0.05834205,0.0005556531,0.0656,0.43920000000000003,0.0024,0.4648,0.0024,0.44639999999999996,0.0024,-0.0125173405,0.0047479644,-0.021909565,0.0007890145,0.49839999999999995,-1.1489156,0.7024,0.0008,0.8984000000000001,0.0008,0.8784000000000001,0.0008,0.030456081,0.013868873,0.022528978
-0.06870116,0.0006852187,0.0064,0.38239999999999996,0.0008,0.40559999999999996,0.0072,0.38239999999999996,0.0008,0.0499282,0.0012657084,0.04870777,0.058204766,0.0006929375,0.2616,0.6144,0.0008,0.6584,0.0016,0.6536,0.0008,0.044526212,0.017874476,0.043018818,0.0008125047,0.2616,2.1201901,0.6144,0.0008,0.656,0.0016,0.6552,0.0008,0.01190276,0.009650247,0.012413166
-0.06834546,0.00066236034,0.1176,0.5095999999999999,0.0008,0.5176000000000001,0.0056,0.5176000000000001,0.0008,0.09291464,0.019813735,0.08914238,0.058128003,0.00065374747,1.0959999999999999,1.3543999999999998,0.0008,1.496,0.0024,1.4952,0.0008,0.0048149154,0.005227983,-0.0015129149,0.0007464927,0.6128,-1.7244909,1.008,0.0008,1.0111999999999999,0.0016,1.008,0.0016,-0.018982477,-0.012212672,-0.011126228
-0.06816261,0.00070141256,0.0056,0.3744,0.004,0.40559999999999996,0.0112,0.3744,0.004,0.07538263,0.0023580603,0.07382935,0.05788659,0.000547301,-0.004,0.35760000000000003,0.0008,0.3896,0.0008,0.35760000000000003,0.0008,-0.003593251,0.0,-0.0022018105,0.0007292162,0.664,0.27703023,1.0328000000000002,0.0008,1.064,0.0016,1.0328000000000002,0.0016,0.07152568,0.05049061,0.043985337
-0.06782556,0.0005862564,0.0008,0.3968,0.0008,0.39840000000000003,0.0008,0.3968,0.0008,-0.014082052,3.1515956e-05,-0.013749205,0.05773353,0.000700362,0.5144,0.8848,0.0008,0.9144,0.0016,0.8848,0.0008,-0.0066048726,-0.0072192773,-0.0018507838,0.0008560843,0.624,3.1361706,0.9024,0.0008,1.0224,0.0008,1.0224,0.0008,0.01404603,-0.0031029992,0.04241663
-0.067605875,0.0005884692,0.32,0.6912,0.0008,0.7192000000000001,0.0008,0.7183999999999999,0.0008,-0.0862109,-0.016576964,-0.08776418,0.05759114,0.0007267967,1.5448,1.9240000000000002,0.0008,1.9431999999999998,0.004,1.9240000000000002,0.0008,-0.036176376,-0.025217265,0.0027240366,0.0007695788,0.4704,-2.8775747,0.7944,0.0008,0.8704,0.0024,0.8256,0.0008,0.09266426,0.036375254,0.08594236
-0.0674481,0.00065259263,0.0752,0.4064,0.0008,0.4752,0.0016,0.4656,0.0008,0.08891511,0.0109729245,0.08114874,0.057523195,0.0005628355,0.28640000000000004,0.6576,0.0008,0.684,0.0056,0.6792,0.0008,0.06522097,0.015621826,0.06093069,0.00086177775,1.2808000000000002,0.7116838,1.4176,0.0008,1.6736,0.0024,1.4848,0.0008,0.10992859,0.12482934,0.014389338
-0.06734071,0.00065614656,0.0064,0.3336,0.004,0.4064,0.0096,0.3336,0.0096,0.046539526,0.001587864,0.044209618,0.057441797,0.0005282797,-0.1712,0.2288,0.0008,0.2288,0.004,0.2288,0.0008,-0.04395125,0.0,-0.029688984,0.0007199758,0.0064,0.42425603,0.3336,0.004,0.4064,0.0096,0.3992,0.004,0.024321359,0.0021367024,0.021386571
-0.06735669,0.00067212805,1.1328,1.4968,0.0008,1.5312000000000001,0.0016,1.4968,0.0008,0.06540689,0.07679366,0.027613249,0.057420455,0.0005496219,0.6312,1.0072,0.0016,1.028,0.0016,1.0072,0.0016,0.012642458,0.011929199,0.0073247254,0.0006766184,0.908,-0.59277916,1.26,0.0008,1.308,0.0016,1.3,0.0016,0.04718496,0.041799255,0.03403837
-0.06733139,0.0005358793,-0.27440000000000003,0.12480000000000001,0.0016,0.12480000000000001,0.0016,0.12480000000000001,0.0016,0.042766042,0.0,0.027898986,0.057388686,0.00058139116,1.596,1.9784,0.0008,1.9935999999999998,0.0008,1.9896,0.0008,0.030206956,0.05425982,0.00070384145,0.0006845575,1.5048,3.13922,1.8856,0.0008,1.9048,0.0008,1.8856,0.0008,-0.04269425,-0.043396607,0.0042586783
-0.06731364,0.0006290786,0.004,0.4032,0.0008,0.404,0.0112,0.4032,0.0008,-0.0071551874,0.0018140152,-0.008597527,0.05747403,0.00061200187,-0.272,0.1216,0.0008,0.1272,0.0008,0.12560000000000002,0.0008,0.0046959817,0.0,0.0066671893,0.0007072752,1.4968,-3.0229468,1.8888,0.0008,1.8912,0.0056,1.8888,0.0008,0.006549036,0.05647994,0.01043268
-0.06728901,0.000604447,0.144,0.4672,0.0008,0.5424,0.0008,0.508,0.0008,-0.033395726,0.023481108,-0.06679122,0.057418138,0.0006678924,1.5984,1.996,0.0008,1.9983999999999997,,1.9983999999999997,0.0008,0.0455708,0.035423227,0.00087197125,0.00073225674,0.4904,3.0209525,0.88,0.0008,0.8904,0.0056,0.8872,0.0008,0.038637348,0.0008607991,0.07187575
-0.06720691,0.00063329935,0.6088,0.9144,0.0008,1.0088,0.0056,1.0072,0.0008,0.04038981,0.040142603,-0.054780446,0.057443187,0.00075879693,0.9688,1.3424,0.0024,1.3688,0.0144,1.3536000000000001,0.0024,-0.009278804,-0.020783156,0.003038235,0.0008850762,0.8152,-1.3550136,1.132,0.0008,1.212,0.008,1.132,0.0032,0.017711567,0.015362393,-0.0011631325
-0.06723398,0.000549417,-0.24960000000000002,0.1472,0.0008,0.14880000000000002,0.0032,0.14880000000000002,0.0008,-0.0023296662,0.0,0.002995871,0.057349727,0.00050439686,0.28719999999999996,0.6816,0.0008,0.684,0.0008,0.6816,0.0008,-0.01849503,0.0039016977,-0.031017996,0.0007017326,0.6184,-2.2653172,1.0032,0.0008,1.0184,0.0032,1.0072,0.0016,0.015701879,-0.010175579,0.027241008
-0.06733383,0.00064926967,-0.3728,0.0,0.0008,0.0272,0.0016,0.0136,0.0008,0.06956375,0.0,0.030509923,0.057283867,0.00057025626,-0.020800000000000003,0.3672,0.0008,0.3776,0.0008,0.3744,0.0008,0.042841665,0.0,0.04098641,0.00073214166,-0.3728,0.48040304,0.0,0.0008,0.0264,0.0016,0.0136,0.0016,0.08148844,0.0,0.036780942
-0.067231536,0.0006579235,0.0032,0.19360000000000002,0.0008,0.4032,0.0144,0.3992,0.0048,0.059853237,0.0010784119,0.058965642,0.057320505,0.0006495714,0.0256,0.37520000000000003,0.0008,0.42319999999999997,0.0024,0.4096,0.0008,0.070906185,0.003857091,0.06777544,0.0006990414,0.928,2.273099,1.2984,0.0008,1.3256000000000001,0.0016,1.3,0.0008,0.0154628875,0.011990405,0.04833839
-0.06729766,0.0006130971,0.0472,0.3776,0.0008,0.436,0.0016,0.436,0.0016,0.04753629,0.012540698,0.036108617,0.05739078,0.00057929754,-0.0784,0.3144,0.0008,0.3216,0.0016,0.3144,0.0008,-0.018327601,0.0,-0.014037326,0.00070467615,0.0472,0.51551086,0.4264,0.0016,0.4472,0.0016,0.4264,0.0016,0.032323394,0.011811871,0.01957988
-0.067494705,0.000699196,0.0072,0.3992,0.0032,0.40480000000000005,0.0128,0.3992,0.0032,0.077604726,0.0019657537,0.07605145,0.057432517,0.0006535128,0.15200000000000002,0.49279999999999996,0.0008,0.5519999999999999,0.004,0.5296,0.0008,0.0558889,0.009489529,0.05519318,0.00071880774,0.15200000000000002,2.000325,0.49279999999999996,0.0008,0.5519999999999999,0.0024,0.5512,0.0008,0.01849418,-0.0026634901,0.024330158
-0.067510016,0.00060355663,0.004,0.368,0.0008,0.4032,0.0072,0.39359999999999995,0.0008,0.041823953,0.00013311952,0.04149111,0.057556126,0.0005299039,1.1824000000000001,1.5624,0.0008,1.5808,0.0016,1.5624,0.0008,0.0046922937,0.0012083575,0.0009886473,0.0007295309,-0.3408,-3.07319,0.016,0.0016,0.0592,0.0032,0.056799999999999996,0.0016,-0.042046864,0.0,-0.03833127
-0.0676973,0.0009017885,0.0304,0.21839999999999998,0.0008,0.4272,0.0016,0.4144,0.0008,0.036725618,0.009193689,0.027849726,0.057614796,0.0005871877,-0.1856,0.12240000000000001,0.0008,0.21439999999999998,0.0016,0.21439999999999998,0.0008,0.028060421,0.0,0.025161587,0.00092930964,0.0304,-0.24397531,0.21839999999999998,0.0008,0.4272,0.0008,0.4144,0.0008,0.02885967,0.008069024,0.021142948
-0.06801062,0.0006603673,0.004,0.38,0.0024,0.4024,0.0144,0.4024,0.0024,0.09974541,0.001526665,0.098968774,0.057746056,0.0006878339,0.5831999999999999,0.952,0.0008,0.9832,0.0016,0.9808,0.0008,0.08267275,0.05164771,0.07675913,0.00087357446,0.028,0.7137119,0.316,0.0008,0.4264,0.004,0.4256,0.0008,0.1295225,0.0103830695,0.1212825
-0.06804057,0.00069031864,0.0264,0.42160000000000003,0.0024,0.4248,0.0024,0.42160000000000003,0.0024,-0.0037200674,0.0073586777,-0.01603534,0.058014136,0.0006516613,-0.1184,0.14079999999999998,0.0008,0.28159999999999996,0.004,0.2624,0.0008,-0.024114206,0.0,-0.015069842,0.00075421145,0.0264,0.41458085,0.2736,0.0024,0.4264,0.004,0.4248,0.0024,-0.0131182745,0.008064607,-0.026772311
-0.06818126,0.00060911104,0.0016,0.36479999999999996,0.0008,0.39359999999999995,0.010400000000000001,0.39280000000000004,0.0032,0.020474982,-2.2090971e-06,0.020918772,0.057983756,0.00056608766,-0.3088,0.0848,0.0016,0.09119999999999999,0.0032,0.0872,0.0024,-0.036463298,0.0,-0.0063154176,0.0007591691,1.596,2.5068998,1.9824,0.0008,1.9944,0.0008,1.9824,0.0008,-0.03810775,-0.031923264,0.0009777221
-0.068361655,0.0007895045,1.408,1.7104,0.0008,1.8055999999999999,0.0024,1.7999999999999998,0.0016,0.06256921,0.08455241,0.012629267,0.05798677,0.0006790273,0.1376,0.49360000000000004,0.0008,0.536,0.0016,0.5336,0.0008,0.022964098,0.009071998,0.011484712,0.00085614773,1.408,0.39717057,1.6104,0.0008,1.8055999999999999,0.0024,1.7999999999999998,0.0008,0.06658153,0.08629641,0.012608216
-0.06823717,0.0006650202,0.010400000000000001,0.3672,0.0008,0.41040000000000004,0.0048,0.4096,0.0024,-0.029573675,0.0034306906,-0.033234973,0.057860848,0.00068899617,0.1976,0.5976,0.0008,0.5976,0.0016,0.5976,0.0016,0.061862566,0.018167164,0.059195638,0.0006979792,0.1976,1.731406,0.5976,0.0008,0.5976,0.0016,0.5976,0.0016,0.065795824,0.014340291,0.06830864
-0.068078965,0.0007287115,0.0136,0.348,0.0008,0.4136,0.0032,0.408,0.0024,0.036282755,0.005731184,0.033176202,0.057900503,0.00053338706,-0.38799999999999996,0.008799999999999999,0.0008,0.008799999999999999,0.0008,0.008799999999999999,0.0008,0.012176968,0.0,0.012408875,0.00082852016,0.0136,-0.49591473,0.348,0.0008,0.4136,0.0032,0.3808,0.0024,0.026117668,0.0043676244,0.024985418
-0.06801927,0.0010018647,0.0064,0.33840000000000003,0.0016,0.40559999999999996,0.0112,0.38720000000000004,0.0024,0.13940468,0.0024674796,0.13796236,0.057666276,0.0006516613,1.252,1.5816000000000001,0.0016,1.6503999999999999,0.0024,1.5984,0.0024,0.056125537,0.06694502,0.01538844,0.001004441,0.0064,0.07163777,0.33840000000000003,0.0016,0.40480000000000005,0.0064,0.38720000000000004,0.0024,0.14306438,0.0025438159,0.14160916
-0.067635395,0.0008398816,0.008799999999999999,0.364,0.0008,0.4088,0.0056,0.4064,0.0008,0.03811549,0.0032475032,0.03467608,0.057535246,0.00055078417,-0.0376,0.3624,0.0008,0.3624,0.0016,0.3624,0.0016,0.022559918,0.0,0.02499494,0.00084437255,0.008799999999999999,0.1031833,0.364,0.0008,0.4088,0.0056,0.4064,0.0008,0.040236443,0.0034482009,0.036552574
-0.0673822,0.00069763884,0.008799999999999999,0.3992,0.0016,0.4088,0.0016,0.3992,0.0016,0.058019742,0.003014192,0.056910258,0.057343233,0.00051089004,-0.2656,0.1184,0.0008,0.12480000000000001,0.0008,0.1184,0.0008,0.015479051,0.0,0.017218351,0.00075971754,0.008799999999999999,-0.4070642,0.39840000000000003,0.0016,0.4088,0.0016,0.39999999999999997,0.0016,0.04715039,0.0020578876,0.046957906
-0.06707998,0.0007282682,0.008,0.384,0.0056,0.4072,0.008,0.39840000000000003,0.008,0.07289401,0.004065156,0.06912176,0.057244904,0.0006092191,-0.2616,0.1296,0.0008,0.1384,0.0008,0.1296,0.0008,0.030437745,0.0,0.028814398,0.0007426385,0.0008,0.19706894,0.3472,0.0008,0.39999999999999997,0.0152,0.37679999999999997,0.0008,0.077442706,0.00030743805,0.0770302
-0.06701186,0.0006601438,0.0072,0.2376,0.0016,0.4072,0.0064,0.4072,0.0024,0.04399392,0.0021690615,0.043217283,0.056963835,0.00065838173,0.9288,1.2928,0.0024,1.328,0.0024,1.3248,0.0024,0.06591751,0.05555814,0.06618972,0.00072952965,0.0072,0.439676,0.3712,0.0024,0.4072,0.0064,0.4024,0.0048,0.06786719,0.0023626303,0.06691764
-0.06672118,0.0007023066,0.0056,0.2776,0.004,0.4024,0.012,0.4016,0.010400000000000001,0.040998876,0.0014767386,0.039112754,0.057004884,0.00050137937,-0.3656,0.028,0.0008,0.0344,0.0008,0.028,0.0008,-0.025629535,0.0,-0.012294896,0.0008629113,0.0056,0.61999655,0.24159999999999998,0.004,0.4024,0.010400000000000001,0.3816,0.004,0.018476594,0.0018262861,0.015930928
-0.0665836,0.00056473166,0.0056,0.3832,0.0032,0.39840000000000003,0.0048,0.39840000000000003,0.0048,0.049876273,0.0006246716,0.049099635,0.056949228,0.0005570352,0.0216,0.42160000000000003,0.0008,0.42160000000000003,0.0072,0.42160000000000003,0.0032,0.05762276,0.004024379,0.056347273,0.00065885816,0.9904000000000001,-2.5442154,1.2744,0.0008,1.3896,0.0008,1.3848,0.0008,-0.073649794,-0.07539404,0.025747595
-0.066677906,0.00054808706,0.0072,0.40559999999999996,0.0008,0.40559999999999996,0.008,0.40559999999999996,0.008,0.03084327,0.0012714677,0.028846197,0.05680127,0.0005890392,-0.0256,0.3696,0.0008,0.3728,0.0008,0.3696,0.0008,0.048463486,0.0,0.049507067,0.0007223428,-0.14959999999999998,-2.460992,0.2432,0.0008,0.24960000000000002,0.0032,0.2432,0.0008,-0.05446736,0.0,-0.04855723
-0.06665993,0.0005301088,-0.2712,0.128,0.0008,0.1288,0.0016,0.128,0.0016,0.018133998,0.0,0.020020068,0.056871302,0.00063496083,1.3239999999999998,1.6344,0.0016,1.724,0.0024,1.724,0.0016,0.0338585,0.024440803,0.011736833,0.00074187876,0.0048,0.77481693,0.392,0.0024,0.40480000000000005,0.008799999999999999,0.39280000000000004,0.0024,0.03664454,0.0009317234,0.036235265
-0.06677022,0.00097324327,0.010400000000000001,0.3744,0.0016,0.404,0.0064,0.3744,0.0016,0.09031608,0.0035543889,0.086987615,0.056881044,0.0007411726,0.024,0.3976,0.0008,0.4152,0.0008,0.4152,0.0008,0.0454519,0.002870962,0.045219995,0.0009865366,0.010400000000000001,0.16434723,0.3744,0.0016,0.404,0.0072,0.3744,0.0016,0.0965354,0.0037739063,0.09311901
-0.06687673,0.00063596293,0.0048,0.384,0.0016,0.4032,0.020800000000000003,0.384,0.0096,0.1044103,0.0009311214,0.102524176,0.05694969,0.00067252666,1.3464,1.7384,0.0008,1.744,0.008,1.7408,0.0008,0.020635977,0.026362784,-0.0025983006,0.00071404286,0.0048,0.47202155,0.384,0.0016,0.4024,0.0152,0.3992,0.0016,0.10237605,0.0013986999,0.10032712
-0.06694352,0.00070274994,0.004,0.3184,0.004,0.4024,0.0064,0.38,0.0064,0.083935484,0.0010728836,0.08382453,0.056955025,0.00066719204,0.0,0.3128,0.0008,0.39999999999999997,0.0032,0.3968,0.0032,0.034143597,0.0,0.034143597,0.00082663825,0.004,0.55456424,0.3184,0.004,0.3896,0.004,0.3736,0.004,0.08933516,0.0019360217,0.08826391
-0.06697525,0.00073448196,0.0032,0.3512,0.0024,0.4032,0.008799999999999999,0.3728,0.008799999999999999,0.048044622,0.000829909,0.047933675,0.057044305,0.00057791173,0.041600000000000005,0.4344,0.0008,0.4416,0.0048,0.44079999999999997,0.0032,-0.02342251,0.0036140382,-0.027596831,0.0007432914,0.0032,0.15411331,0.3512,0.0024,0.4032,0.008799999999999999,0.3728,0.008799999999999999,0.04387975,0.0009613283,0.043538727
-0.067103066,0.00064039975,1.536,1.9184,0.0008,1.9344000000000001,0.0048,1.9184,0.0016,0.048934817,0.075703524,-0.0003590621,0.05704941,0.0005728081,0.0048,0.39999999999999997,0.0008,0.40480000000000005,0.0056,0.40480000000000005,0.004,-0.011365481,0.0015815943,-0.012640968,0.0007094038,0.0048,0.9398167,0.39999999999999997,0.0008,0.40480000000000005,0.008799999999999999,0.39999999999999997,0.0056,0.019691354,0.0022347802,0.01735241
-0.06700409,0.00054142624,0.0072,0.3944,0.0016,0.4072,0.008,0.396,0.0072,0.0019942336,0.002210062,-0.00011377409,0.05713637,0.0006017983,0.045599999999999995,0.4184,0.0008,0.4456,0.0008,0.4456,0.0008,0.020002238,0.0041546226,0.01559601,0.00085451367,1.0272000000000001,-2.7503872,1.4216,0.0008,1.4264000000000001,0.0016,1.4216,0.0008,-0.009470485,-0.006081924,0.046455353
-0.06704248,0.00057981163,0.004,0.3704,0.0048,0.4008,0.008799999999999999,0.39280000000000004,0.0072,0.0038214996,0.0011238791,0.0029339157,0.057287112,0.00056701154,0.0256,0.4168,0.0016,0.4224,0.0016,0.4192,0.0016,-0.022437632,0.0019108951,-0.026959814,0.0007903903,1.588,-2.826877,1.9624000000000001,0.0008,1.9879999999999998,0.0024,1.9703999999999997,0.0008,0.0033116732,0.079130016,0.0031918387
-0.06737776,0.0009150952,0.012,0.4024,0.0016,0.41119999999999995,0.0032,0.4024,0.0032,0.091744766,0.0042958,0.089192964,0.057296854,0.0005572699,-0.20879999999999999,0.164,0.0008,0.1888,0.0016,0.1888,0.0008,-0.022323616,0.0,-0.023019336,0.00093875005,0.012,0.22496572,0.4024,0.0016,0.4096,0.0032,0.4024,0.0032,0.08445317,0.004655464,0.08160354
-0.067499585,0.00070407614,1.1792,1.5112,0.0008,1.5792000000000002,0.0016,1.5792000000000002,0.0016,0.050753158,0.054913137,0.0179708,0.05741211,0.00055796653,-0.2848,0.09680000000000001,0.0008,0.112,0.0008,0.112,0.0008,-0.0077703297,0.0,-0.009045817,0.00073475705,1.3856,0.29000136,1.7176,0.0008,1.7855999999999999,0.004,1.7631999999999999,0.0024,0.04641193,0.058256056,0.008632839
-0.06767822,0.00077176094,0.0072,0.4072,0.008,0.4072,0.012,0.4072,0.008,0.028962016,0.0018422157,0.028074432,0.057601113,0.0006008707,0.0048,0.404,0.0008,0.404,0.0048,0.404,0.0008,-0.011421092,0.000242576,-0.011884905,0.0008121756,0.008799999999999999,0.31679425,0.4088,0.0064,0.4088,0.008799999999999999,0.4088,0.0064,0.023962917,0.003650797,0.0216347
-0.067981996,0.0006317422,0.010400000000000001,0.4072,0.0024,0.41040000000000004,0.0064,0.4096,0.0024,0.010153972,0.0029980652,0.0064926706,0.057712663,0.00083718076,0.8976,1.2752000000000001,0.0008,1.2968,0.0016,1.2752000000000001,0.0008,0.060640268,0.05586797,0.019148506,0.00085801876,0.8976,1.3499564,1.2752000000000001,0.0008,1.2968,0.0016,1.2968,0.0008,0.06139177,0.05676371,0.014244377
-0.06821565,0.00075445324,-0.1608,0.2072,0.0008,0.2384,0.0008,0.2096,0.0008,0.12260038,0.0,0.10329536,0.05805009,0.00061570853,1.0392,1.4352,0.0008,1.4352,0.0016,1.4352,0.0008,-0.019774988,-0.021608405,-0.028607309,0.00081407203,1.0392,0.85768753,1.3039999999999998,0.0008,1.4352,0.0008,1.3992,0.0008,0.06524728,0.06663326,0.016382257
-0.0685201,0.00061510503,0.008,0.372,0.0008,0.3992,0.0008,0.39840000000000003,0.0008,0.07345419,0.0032663792,0.07167901,0.058240943,0.0006567612,-0.0016,0.24159999999999998,0.0008,0.3976,0.0064,0.3672,0.0016,-0.0024334565,0.0,-0.0018536896,0.00070511806,0.3056,-2.3477776,0.7032,0.0008,0.7056,0.0016,0.704,0.0016,-0.04976581,-0.024296828,-0.049527094
-0.06881677,0.00068987906,1.4888000000000001,1.888,0.0008,1.888,0.0016,1.888,0.0008,0.04177641,0.039248705,-0.008619998,0.05831191,0.00058579445,0.0296,0.3992,0.0008,0.42879999999999996,0.0008,0.4208,0.0008,0.013100162,0.00404948,0.009157747,0.000745596,0.045599999999999995,0.6817528,0.3888,0.0008,0.44480000000000003,0.0008,0.44480000000000003,0.0008,0.04069323,0.011517116,0.027545027
-0.06883452,0.00059667975,0.0032,0.4032,0.004,0.4032,0.0096,0.4032,0.0072,0.055417486,0.0010553375,0.05497369,0.05844502,0.00080054253,-0.252,0.1376,0.0008,0.1416,0.0016,0.14079999999999998,0.0008,0.067021504,0.0,0.053686865,0.0008016402,-0.252,1.5184602,0.1376,0.0008,0.1416,0.0016,0.14079999999999998,0.0008,0.06982875,0.0,0.056111895
-0.06891951,0.00079261884,1.2224,1.5375999999999999,0.0016,1.6216000000000002,0.0016,1.6208,0.0016,0.06679248,0.085768566,0.014864154,0.05847146,0.0005421974,-0.36,0.0,0.0008,0.0392,0.0016,0.0,0.0008,0.00649257,0.0,0.018087909,0.00088136294,1.2224,-0.4526064,1.4167999999999998,0.0016,1.6216000000000002,0.0016,1.608,0.0016,0.057227895,0.07470267,0.02046305
-0.06893149,0.00069364905,-0.016,0.3528,0.0024,0.3744,0.0032,0.3528,0.0024,0.019415163,0.0,0.023520261,0.05839284,0.0006208159,-0.144,0.2544,0.0008,0.256,0.0016,0.2544,0.0008,-0.0051580817,0.0,-0.0066654757,0.00090192433,1.1176,2.8341343,1.1984000000000001,0.0008,1.5176,0.0016,1.516,0.0008,-0.02006573,-0.016822582,0.009975309
-0.06875974,0.00063284487,0.0096,0.3416,0.0016,0.4088,0.0096,0.4072,0.0032,-0.018421419,0.0028233826,-0.021638926,0.05823584,0.0005459115,-0.2592,0.09839999999999999,0.0008,0.14079999999999998,0.0016,0.09839999999999999,0.0008,0.007540658,0.0,0.017280743,0.0007700208,1.1016,-2.4388592,1.488,0.0008,1.4968,0.0032,1.488,0.0016,0.009183413,0.010677916,-0.0023105056
-0.06851122,0.00060622394,0.010400000000000001,0.3704,0.0008,0.40480000000000005,0.0072,0.4032,0.0024,0.016864095,0.003886748,0.012980893,0.058172993,0.00060875714,0.1504,0.4736,0.0008,0.5496,0.0024,0.5288,0.0008,0.009104669,0.008580901,0.0017996058,0.00077066256,1.4871999999999999,2.796232,1.7944,0.0008,1.8864,0.0016,1.8784,0.0008,-0.01278607,-0.0206124,-0.0008327869
-0.0682536,0.0006814487,0.7368,1.1280000000000001,0.0008,1.1344,0.0032,1.1280000000000001,0.0008,0.053093024,0.04546774,0.013008818,0.057965904,0.00058393925,0.5784,0.9288,0.0008,0.9728,0.0008,0.972,0.0008,0.043248117,0.024699874,0.05229248,0.00073521014,0.9672000000000001,-2.6551673,1.3639999999999999,0.0024,1.3664,0.004,1.3639999999999999,0.0032,-0.06715189,-0.07075951,-0.01789999
-0.06790544,0.00066613406,0.0408,0.4296,0.0008,0.44079999999999997,0.008799999999999999,0.4296,0.0008,-0.008430239,0.0049044527,-0.012757234,0.057926014,0.00062382966,-0.19360000000000002,0.15760000000000002,0.0016,0.19360000000000002,0.0032,0.19119999999999998,0.0024,-0.08290611,0.0,-0.057976134,0.0007210366,0.0408,0.39276025,0.4272,0.0008,0.44079999999999997,0.004,0.4296,0.004,-0.03951981,0.004414742,-0.045336906
-0.067719266,0.0008128062,0.0072,0.39999999999999997,0.0016,0.40559999999999996,0.016,0.40559999999999996,0.0048,0.09646703,0.0040977485,0.09291668,0.057646103,0.0009037405,0.5392,0.5392,0.0008,0.9392,0.0144,0.9344,0.0032,0.07507961,0.06959001,0.012116924,0.0009044639,0.5392,1.5308005,0.5479999999999999,0.0008,0.9392,0.0144,0.9344,0.0032,0.07887683,0.07313092,0.012424328
-0.06747606,0.0006805472,0.1328,0.5279999999999999,0.0008,0.5288,0.0008,0.5279999999999999,0.0008,0.0042560175,0.01733296,-0.02059643,0.057590447,0.0006115362,0.18,0.5784,0.0008,0.5784,0.0008,0.5784,0.0008,-0.004002832,0.007379994,-0.00701762,0.00068573427,0.1328,-0.1230754,0.48879999999999996,0.0008,0.5288,0.0008,0.5279999999999999,0.0008,0.004715234,0.016454777,-0.01965029
-0.06742192,0.00051546097,-0.268,0.12480000000000001,0.0008,0.1312,0.0032,0.12480000000000001,0.0008,-0.0084945895,0.0,-0.0042785555,0.057544295,0.0007736422,1.2992,1.6968,0.0008,1.6984,0.0016,1.6968,0.0016,0.002900362,0.0043302923,0.0050643757,0.0007746389,1.2992,1.6215297,1.6968,0.0008,1.6984,0.0016,1.6968,0.0016,0.0033274,0.004375227,0.0052273395
-0.06744345,0.00064793974,1.0808000000000002,1.3936000000000002,0.0008,1.4791999999999998,0.0024,1.4791999999999998,0.0008,0.049486343,0.04880319,0.029642709,0.057413734,0.0005563423,0.5824,0.948,0.0016,0.9823999999999999,0.004,0.9560000000000001,0.004,0.01941964,0.0041663423,0.04469748,0.00072462705,1.5896,0.4642224,1.9568,0.0008,1.9879999999999998,0.0024,1.9879999999999998,0.0008,0.052943908,0.09076781,0.0017499257
-0.06722976,0.00054519996,-0.1064,0.2904,0.0008,0.29359999999999997,0.0008,0.2912,0.0008,0.037998747,0.0,0.036556445,0.057494666,0.00059136376,-0.24,0.14320000000000002,0.0016,0.1592,0.0024,0.1592,0.0016,0.004639998,0.0,0.0098579,0.0008644598,-0.23920000000000002,2.7127519,0.1504,0.0008,0.16,0.0032,0.1504,0.0016,-0.032628506,0.0,-0.031108025
-0.06739241,0.00059689954,0.6080000000000001,0.9863999999999999,0.0008,1.0032,0.0016,1.0024,0.0016,-0.020753644,-0.012785081,-0.0023139082,0.05739773,0.00057234615,0.8168,1.2032,0.0008,1.2128,0.0008,1.2104000000000001,0.0008,0.016929492,0.01074402,0.010244019,0.00063562376,0.7136,-2.9462533,1.1056000000000001,0.0008,1.1112,0.0016,1.1056000000000001,0.0008,0.017072946,0.009071851,0.0016662166
-0.067313194,0.00073957816,0.14959999999999998,0.49279999999999996,0.0008,0.5496,0.0016,0.5352,0.0008,0.05119964,0.018588085,0.035666857,0.05745478,0.00063125044,1.0959999999999999,1.404,0.0008,1.4936,0.0016,1.4904,0.0008,-0.0060293153,-0.0025182217,0.018520206,0.00084675377,0.14959999999999998,-0.5085988,0.44079999999999997,0.0008,0.5496,0.0016,0.524,0.0008,0.047655184,0.013975189,0.033354387
-0.06730033,0.0006157644,0.0096,0.3376,0.0024,0.4096,0.004,0.4088,0.004,0.064295135,0.0029512383,0.0628528,0.057486787,0.00071519613,0.0008,0.3904,0.0008,0.3968,0.0048,0.3904,0.0008,0.025504306,0.00036733598,0.025388353,0.000735581,0.8752,1.3348237,1.2648,0.0008,1.2704,0.0008,1.2648,0.0008,0.039828993,0.029991137,0.031440537
-0.06727126,0.0005866997,-0.3008,0.036,0.0008,0.0992,0.0008,0.09839999999999999,0.0008,0.04593789,0.0,0.04161094,0.05751902,0.0006829649,-0.3712,0.0,0.0008,0.0288,0.0008,0.0,0.0008,-0.004696764,0.0,0.006202854,0.0006977558,-0.3712,1.3645289,0.0,0.0008,0.0288,0.0008,0.0,0.0008,0.0048112394,0.0,0.014366389
-0.06724595,0.0005613901,-0.25839999999999996,0.13440000000000002,0.0008,0.14,0.0016,0.1352,0.0016,-0.039841916,0.0,-0.0046713315,0.057369903,0.00048422068,-0.3704,0.0264,0.0008,0.0296,0.0024,0.0264,0.0008,0.02261009,0.0,0.007999964,0.0006593607,0.492,3.110638,0.8496,0.0016,0.892,0.0024,0.8704,0.0016,0.040522605,-0.003974298,0.07025838
-0.06715609,0.0005824752,-0.10719999999999999,0.1168,0.0008,0.2896,0.0016,0.2896,0.0016,0.043100487,0.0,0.050977826,0.057406545,0.0005635321,-0.36479999999999996,0.032,0.0008,0.033600000000000005,0.0016,0.032,0.0008,0.000114277005,0.0,-0.0008133501,0.00075551594,0.9952,3.009219,1.3888,0.0008,1.3936000000000002,0.0008,1.3888,0.0008,-0.042708334,-0.044085525,0.035515144
-0.067196704,0.00084498525,0.0128,0.31039999999999995,0.0008,0.4128,0.0016,0.3624,0.0016,0.020308059,0.0043110624,0.017090566,0.05740631,0.00044781342,-0.0808,0.2832,0.0008,0.3192,0.0008,0.31679999999999997,0.0008,-0.03739316,0.0,-0.029276423,0.00093554496,1.5519999999999998,3.0345488,1.9504,0.0008,1.9504,0.0016,1.9504,0.0008,-0.024186892,-0.0019102283,0.0033154266
-0.06727037,0.00069675595,0.012,0.40480000000000005,0.0016,0.41119999999999995,0.0032,0.40480000000000005,0.0016,0.0012176409,0.0031287111,-0.002332706,0.057398427,0.0006876029,0.0944,0.38480000000000003,0.0008,0.492,0.0048,0.4592,0.0024,0.01860968,0.009246044,0.014435358,0.00070771633,0.012,-0.17622213,0.3608,0.0016,0.41119999999999995,0.0032,0.40480000000000005,0.0016,-0.0020637065,0.0027560275,-0.005376119
-0.067343816,0.00065925345,-0.09119999999999999,0.2216,0.0008,0.308,0.0024,0.24480000000000002,0.0024,0.058078617,0.0,0.060297597,0.057460114,0.00050996244,-0.3288,0.0648,0.0008,0.0688,0.0008,0.0648,0.0008,-0.0021458268,0.0,-0.0026096404,0.00068853435,-0.1864,-1.9088204,0.18,0.0008,0.2128,0.0008,0.196,0.0008,-0.017235842,0.0,-0.017048925
-0.06757504,0.00066857785,0.061599999999999995,0.41040000000000004,0.0024,0.4608,0.0024,0.41040000000000004,0.0024,0.10213114,0.0155331865,0.0921458,0.057521336,0.0005646944,0.396,0.7504000000000001,0.0008,0.7952,0.0016,0.7936,0.0008,0.056529045,0.026513442,0.055253558,0.0006761459,0.061599999999999995,0.14975901,0.41040000000000004,0.0024,0.4608,0.0024,0.4592,0.0024,0.109422125,0.01631068,0.09915063
-0.067654915,0.0005265586,-0.2624,0.1376,0.0016,0.1376,0.0032,0.1376,0.0016,0.024904583,0.0,0.03344763,0.057626624,0.0006913133,0.2944,0.436,0.0016,0.6944,0.004,0.5424,0.0016,0.0017962903,0.005799234,-0.007364027,0.00073515536,0.36160000000000003,1.9178953,0.5536,0.0008,0.7584,0.0008,0.7535999999999999,0.0008,-0.0067826603,-0.0078007765,0.007805753
-0.067851305,0.00083389506,0.0064,0.2784,0.0032,0.4008,0.0072,0.3992,0.0032,0.038176846,0.0016785003,0.036734506,0.05774698,0.0005709566,-0.2904,0.0848,0.0008,0.10719999999999999,0.0016,0.10719999999999999,0.0008,-0.025970876,0.0,-0.0025482923,0.00084075006,0.0064,0.12778498,0.2784,0.0032,0.4008,0.0072,0.3992,0.0032,0.034555912,0.0018479314,0.032859355
-0.06818326,0.0007220544,0.0328,0.4184,0.0024,0.4328,0.0024,0.4184,0.0024,0.08854151,0.009078853,0.08199553,0.057770636,0.0006632544,1.2615999999999998,1.6616,0.0008,1.6616,0.0024,1.6616,0.0008,0.042788103,0.059652705,0.014443595,0.00074909226,0.0328,0.26949364,0.4184,0.0016,0.4328,0.0024,0.4328,0.0024,0.09673773,0.01006384,0.08925489
-0.06812468,0.00066348165,0.0256,0.3192,0.0016,0.42319999999999997,0.008,0.4208,0.0048,0.06214126,0.0054766797,0.05537339,0.05793065,0.0006191954,0.028,0.412,0.0008,0.4264,0.0024,0.4128,0.0008,0.029341608,0.0047426447,0.028066121,0.0007473576,0.0056,0.7387465,0.29919999999999997,0.0016,0.404,0.004,0.3632,0.004,0.06569937,0.0017872916,0.06437905
-0.06828821,0.0006051101,0.012,0.2912,0.0008,0.4088,0.0008,0.40559999999999996,0.0008,0.039436407,0.004305836,0.035331324,0.058003936,0.00066186115,0.932,1.3176,0.0008,1.3319999999999999,0.0008,1.3288000000000002,0.0008,0.013913438,0.009254497,0.03411052,0.00074324216,1.2328000000000001,2.3166702,1.56,0.0016,1.6304,0.0024,1.628,0.0024,-0.016542744,-0.010435935,0.015866358
-0.06839893,0.00071583316,0.0432,0.42800000000000005,0.0016,0.44,0.012,0.42800000000000005,0.0016,0.09451799,0.0032623298,0.09340852,0.057990022,0.0005598217,1.0984,1.476,0.0008,1.4984,0.0008,1.4832,0.0008,-0.0299175,-0.03677699,-0.025724329,0.00078736607,0.0664,0.42955995,0.4512,0.0016,0.4632,0.0056,0.4512,0.0032,0.07347119,0.011700257,0.064767346
-0.068301745,0.0007295944,0.008799999999999999,0.3808,0.0008,0.4024,0.0008,0.39280000000000004,0.0008,0.053141087,0.0024781078,0.050589282,0.057906304,0.0005275868,-0.2248,0.1704,0.0008,0.1736,0.0008,0.1704,0.0008,-0.008176111,0.0,5.657971e-05,0.00090036425,0.008799999999999999,0.62607706,0.3728,0.0008,0.4024,0.0072,0.3728,0.0008,0.03827099,0.0024191528,0.03572756
-0.06795669,0.0007173903,0.0296,0.3976,0.0016,0.4256,0.008,0.41759999999999997,0.0016,0.01369695,0.0067945607,0.0042663217,0.057814002,0.0006198883,0.6192000000000001,1.0144,0.0008,1.0191999999999999,0.0008,1.0144,0.0008,5.9857965e-05,0.0142407045,-0.07047509,0.0007935838,0.6192000000000001,0.8964659,0.9872000000000001,0.0008,1.0144,0.0016,1.0144,0.0008,0.008598784,0.026270777,-0.10906448
-0.067828886,0.00070052966,0.07759999999999999,0.44639999999999996,0.0024,0.46240000000000003,0.0024,0.44639999999999996,0.0024,0.058194052,0.020576406,0.041440833,0.057632186,0.00068575144,1.3904,1.7872000000000001,0.0008,1.7888,0.0008,1.7872000000000001,0.0008,0.010033861,0.019895129,0.011998281,0.00070850155,0.07759999999999999,0.15015325,0.44639999999999996,0.0024,0.4744,0.0024,0.44639999999999996,0.0024,0.059040222,0.020720597,0.04263162
-0.067596555,0.0008010417,0.008799999999999999,0.24400000000000002,0.0024,0.4088,0.0096,0.38799999999999996,0.0024,0.030505624,0.0044844933,0.026733376,0.057422776,0.000547301,0.0008,0.37679999999999997,0.0008,0.39999999999999997,0.0064,0.37679999999999997,0.0008,0.023191981,0.00031539425,0.02284412,0.0008053807,0.008799999999999999,0.103848696,0.24400000000000002,0.0024,0.4088,0.0096,0.38799999999999996,0.0024,0.032745406,0.0047117923,0.028692983
-0.06723819,0.0006645769,0.0096,0.20879999999999999,0.0024,0.408,0.0032,0.4024,0.0032,0.01890878,0.002760321,0.015247483,0.05724119,0.0004969798,0.0072,0.4072,0.0008,0.4072,0.0016,0.4072,0.0008,-0.0068947375,0.001689937,-0.008865945,0.0009011789,0.5184,-1.4486158,0.3192,0.0008,0.916,0.0008,0.8632,0.0008,0.009147882,-0.00082599465,0.016698223
-0.0670325,0.0007917322,1.1752,1.3312000000000002,0.0008,1.5743999999999998,0.004,1.4871999999999999,0.0016,0.048711363,0.05024155,0.017777838,0.057103675,0.0005185418,-0.0664,0.312,0.0008,0.332,0.0008,0.312,0.0008,-0.041745417,0.0,-0.034440354,0.0007936216,1.1752,0.0690149,1.3312000000000002,0.0008,1.5743999999999998,0.004,1.4871999999999999,0.0016,0.045716632,0.04666237,0.016748982
-0.06689558,0.0006548129,0.04,0.4024,0.0016,0.44,0.008,0.4352,0.0056,0.07671459,0.003450241,0.07915545,0.05685438,0.0006518848,0.1128,0.49920000000000003,0.0024,0.5112,0.0048,0.5104,0.0032,0.06649288,0.011560064,0.051998705,0.0007825408,0.1128,0.98457354,0.49920000000000003,0.0024,0.5104,0.0048,0.5095999999999999,0.0032,0.09783091,0.022407506,0.079618864
-0.0667285,0.0005986802,0.033600000000000005,0.39280000000000004,0.0008,0.4304,0.004,0.4304,0.0008,0.009657644,0.0068381727,0.0038883016,0.056823533,0.00056677684,-0.24159999999999998,0.156,0.0008,0.15760000000000002,0.0008,0.1568,0.0008,0.040115736,0.0,0.043246478,0.0007328164,0.7272,-3.1238654,1.1263999999999998,0.0016,1.1263999999999998,0.0016,1.1263999999999998,0.0016,-0.010367233,-0.0010933895,-0.02835897
-0.06669299,0.0006741211,0.004,0.3968,0.0072,0.4032,0.0128,0.3968,0.0072,0.048814934,0.0011516325,0.047927346,0.056817267,0.0005730428,0.0264,0.41600000000000004,0.0024,0.4264,0.0048,0.4264,0.0032,-0.01779741,0.0041843317,-0.022319593,0.0007341636,1.2671999999999999,-1.8658191,1.6512,0.0008,1.6656,0.0024,1.6656,0.0008,0.0028349739,0.019078622,0.032823823
-0.06669566,0.0006767884,0.0576,0.452,0.0016,0.4576,0.0056,0.452,0.0016,0.08332564,0.014556639,0.07589209,0.056834895,0.0005554147,-0.0368,0.3488,0.0008,0.3624,0.0016,0.3584,0.0008,0.062090524,0.0,0.056640714,0.0007179219,0.8111999999999999,0.8845696,1.1736,0.0008,1.2056,0.0008,1.2056,0.0008,0.100832865,0.08376124,0.07650091
-0.06681105,0.0005702786,-0.010400000000000001,0.3864,0.0008,0.3896,0.0016,0.3864,0.0008,0.030958887,0.0,0.030736987,0.056888003,0.00050230697,-0.3024,0.0768,0.0008,0.092,0.0008,0.0768,0.0008,-0.017049022,0.0,0.0049821213,0.00066411647,0.7847999999999999,-1.714963,1.1496,0.0008,1.184,0.0016,1.1680000000000001,0.0008,0.012424365,-0.0014693607,0.034939714
-0.06683545,0.00059467927,-0.332,0.033600000000000005,0.0008,0.0656,0.0016,0.0608,0.0016,0.08231802,0.0,0.0616816,0.056902148,0.0006041154,-0.1744,0.2128,0.0008,0.224,0.0008,0.22,0.0008,0.06603331,0.0,0.06533759,0.00077391806,0.0072,0.89561486,0.3392,0.0016,0.40559999999999996,0.0016,0.4016,0.0016,0.10299714,0.003421348,0.09990802
-0.06681038,0.0006805584,0.004,0.36,0.0024,0.4016,0.0064,0.36,0.0024,0.077717565,0.0015166551,0.076053336,0.0570719,0.00078222156,0.004,0.3064,0.0008,0.4032,0.0016,0.39840000000000003,0.0016,0.014900029,0.00089631975,0.014668122,0.0010368366,0.004,0.8547866,0.0016,0.0016,0.4032,0.0064,0.2896,0.0016,0.06225326,0.0016717126,0.060985938
-0.0669484,0.00070763007,0.0048,0.3608,0.0032,0.4032,0.008,0.392,0.0056,0.05253508,0.0010282733,0.051980335,0.057028767,0.00047749653,-0.0072,0.3912,0.0008,0.3912,0.0152,0.3912,0.0008,-0.007826239,0.0,-0.006086938,0.00076421833,0.0296,0.674897,0.0272,0.0016,0.42800000000000005,0.0024,0.42800000000000005,0.0024,0.03612792,0.009999808,0.025342323
-0.06691423,0.0005625114,-0.3688,0.0,0.0008,0.0256,0.0008,0.020800000000000003,0.0008,-0.06972544,0.0,-0.021906696,0.05705312,0.0005690977,0.39280000000000004,0.784,0.0008,0.792,0.0008,0.7912,0.0008,-0.018322535,0.008096047,-0.047194928,0.0007492675,1.5352,-2.6426396,1.928,0.0008,1.9352,0.0016,1.928,0.0016,0.069992244,0.1529533,0.008818476
-0.06701297,0.00055030733,0.008,0.3832,0.0048,0.408,0.0128,0.408,0.0048,0.05336994,0.0012870282,0.052038565,0.05705358,0.00068458915,0.7759999999999999,0.9912,0.0008,1.1760000000000002,0.0008,1.172,0.0008,0.07977638,0.06607986,0.0519614,0.0007125725,0.09999999999999999,0.68836987,0.4496,0.0008,0.5,0.0008,0.496,0.0008,0.091896944,0.02156476,0.078123815
-0.067313194,0.00062863156,0.9928,1.3896,0.0008,1.3904,0.0016,1.3904,0.0016,0.087257914,0.08681482,0.058744702,0.057241194,0.0004969761,-0.0856,0.3072,0.0008,0.3136,0.0008,0.3072,0.0008,0.06139715,0.0,0.051193252,0.00073508907,1.0912,0.5449033,1.4504,0.0008,1.4888000000000001,0.0016,1.488,0.0008,0.10644531,0.11572859,0.057614017
-0.067279905,0.00048439577,-0.112,0.288,0.0016,0.288,0.0016,0.288,0.0016,0.041319415,0.0,0.04864201,0.057391234,0.00057884306,0.184,0.5831999999999999,0.0008,0.5831999999999999,0.0008,0.5831999999999999,0.0008,0.015426494,0.011614755,-0.00834395,0.00071581494,1.492,-2.6326497,1.7616,0.0008,1.8903999999999999,0.0048,1.88,0.0008,-0.043599218,0.018586926,0.010847818
-0.06766912,0.0006517172,0.0064,0.34400000000000003,0.0032,0.4032,0.0064,0.38,0.0048,0.020475268,0.0015524216,0.019032937,0.05750209,0.00058393925,-0.2104,0.1064,0.0008,0.1896,0.0032,0.1896,0.0008,-0.005452305,0.0,0.0037080124,0.000795873,-0.2104,0.8237648,0.06,0.0008,0.1816,0.0008,0.1632,0.0008,0.009911795,0.0,0.0172359
-0.067871936,0.0007435791,0.12079999999999999,0.4576,0.0008,0.52,0.0016,0.5136000000000001,0.0008,0.10190954,0.027959641,0.07849939,0.057713356,0.0006045811,0.020800000000000003,0.4168,0.0008,0.4208,0.0048,0.4168,0.0008,0.002956979,0.0022685155,0.0009857714,0.0007643747,1.2839999999999998,2.4480681,1.6216000000000002,0.0008,1.6840000000000002,0.0008,1.6703999999999999,0.0008,-0.076477945,-0.08146119,-0.002205716
-0.06818503,0.00072382763,1.0544,1.4391999999999998,0.0008,1.4456,0.004,1.4391999999999998,0.0032,0.034729097,0.03801685,0.029998127,0.057887282,0.0006625615,0.1048,0.3808,0.0008,0.5048,0.0008,0.4632,0.0008,0.053865172,0.013165157,0.044009134,0.0007490572,1.1088,0.6125174,1.4256,0.0008,1.5032,0.0008,1.4936,0.0008,0.059384108,0.06754017,0.044912897
-0.06839806,0.00082590804,0.0024,0.35359999999999997,0.0024,0.38799999999999996,0.0064,0.3656,0.004,0.053819746,0.0013682432,0.05237741,0.058167193,0.0006145574,-0.3736,0.017599999999999998,0.0016,0.0264,0.0016,0.0224,0.0016,-0.03756331,0.0,-0.022025555,0.00082664046,0.0024,0.042099033,0.35359999999999997,0.0024,0.38799999999999996,0.0064,0.3656,0.004,0.05219115,0.0013958239,0.05069641
-0.06865235,0.0006364025,0.1672,0.5568,0.0008,0.5672,0.004,0.5664,0.0008,0.051039036,0.018731259,0.0333982,0.05829451,0.0006031953,0.1104,0.5016,0.0008,0.5048,0.0072,0.5048,0.0032,0.013631731,0.013321057,0.0026161596,0.0007367926,0.1672,0.5281374,0.5584,0.0008,0.5672,0.004,0.5616000000000001,0.0008,0.0509542,0.026067402,0.027478086
-0.06895213,0.00071428716,0.2248,0.616,0.0008,0.624,0.0064,0.6216,0.004,0.047209844,0.0005636774,0.046987973,0.058300313,0.00082929805,0.0008,0.0848,0.008,0.3992,0.0144,0.39280000000000004,0.008,0.11421338,0.0005973913,0.11386552,0.00093432463,-0.2216,-1.0157281,0.164,0.0008,0.1728,0.0184,0.164,0.0016,-0.07218625,0.0,-0.06858806
-0.06893548,0.00080858916,0.0768,0.41600000000000004,0.0008,0.4736,0.004,0.4584,0.0008,0.045265377,0.012497988,0.029399753,0.058399566,0.00061409175,1.0839999999999999,1.4544,0.0008,1.4808000000000001,0.0024,1.4808000000000001,0.0024,-0.0055624843,-0.004509352,-0.0056893006,0.0008512906,0.0768,0.3180751,0.41600000000000004,0.0008,0.4736,0.0008,0.4736,0.0008,0.04125522,0.014025766,0.024154697
-0.06900982,0.0006610304,0.0072,0.38480000000000003,0.0016,0.40559999999999996,0.0032,0.39359999999999995,0.0032,0.08148873,0.0035083927,0.07926975,0.058340665,0.00055703893,-0.2656,0.13040000000000002,0.0008,0.13440000000000002,0.0008,0.13440000000000002,0.0008,0.051713794,0.0,0.031421952,0.00078286685,0.7768,0.7916836,1.1152,0.0008,1.1736,0.004,1.1680000000000001,0.0008,0.09405421,0.07339287,0.105508655
-0.06882586,0.0005880222,0.0048,0.4032,0.0008,0.4032,0.008,0.4032,0.0048,0.007094957,0.0021967515,0.004875995,0.058324195,0.00057350844,0.2832,0.6424,0.0008,0.6832,0.0016,0.6832,0.0008,-0.002837114,0.0082203,-0.026723512,0.0007248075,1.5936000000000001,-2.6311433,1.9424,0.0008,1.9935999999999998,0.0016,1.9800000000000002,0.0008,-0.0048044045,0.04994937,0.0021506697
-0.06849768,0.00059268624,1.3464,1.7384,0.0008,1.7448,0.0008,1.7432,0.0008,0.01969067,0.015705101,0.0049269795,0.05824001,0.00065769255,-0.196,0.1088,0.0008,0.2032,0.0016,0.1856,0.0008,-0.00834246,0.0,-0.008922227,0.0007427941,1.4968,3.0364904,1.8864,0.0008,1.8927999999999998,0.0008,1.8864,0.0008,-0.02045721,-0.020582447,4.434609e-06
-0.06841203,0.00072892755,0.0872,0.48319999999999996,0.0008,0.4848,0.0008,0.4848,0.0008,0.09025427,0.018986411,0.0813784,0.058084868,0.0005809292,1.3912,1.7768000000000002,0.0008,1.7872000000000001,0.0016,1.7872000000000001,0.0016,-0.015012518,-0.018850386,0.0038979128,0.0007289284,0.0872,0.00159452,0.48319999999999996,0.0008,0.4848,0.0008,0.4848,0.0008,0.09023023,0.018997129,0.081334576
-0.068094276,0.00063307583,0.036,0.42,0.0016,0.436,0.017599999999999998,0.424,0.0064,0.0056054853,0.0010840632,-0.0004966669,0.057809595,0.0006242953,-0.3248,0.0024,0.0008,0.0752,0.0008,0.0552,0.0008,0.0023219362,0.0,-0.0018523857,0.000857167,1.4216,2.3257198,1.5368,0.0008,1.8144,0.0008,1.8016,0.0008,-0.0021499405,0.015029226,0.0019619397
-0.067762755,0.0006343983,-0.216,0.1632,0.0016,0.1832,0.0016,0.1816,0.0016,-0.026245352,0.0,-0.0066075027,0.05777249,0.0006613992,0.4696,0.848,0.0008,0.8672000000000001,0.0008,0.848,0.0008,0.020525128,0.012436416,-0.0038250834,0.00075598207,0.0064,0.80597526,0.29200000000000004,0.0008,0.404,0.0048,0.3856,0.0032,-0.0033634827,0.0032786233,-0.0070629995
-0.067639835,0.00062242895,0.0056,0.3888,0.0016,0.40480000000000005,0.0016,0.404,0.0016,0.031794593,0.0025818087,0.02879899,0.057604358,0.00059762597,-0.2096,0.18080000000000002,0.0008,0.1904,0.0024,0.1816,0.0008,0.0022638664,0.0,0.00017670542,0.00078199385,1.1112,-2.7059429,1.4552,0.0008,1.508,0.0016,1.5,0.0008,-0.029780202,-0.025185589,0.022268651
-0.06743568,0.0007511191,0.0032,0.368,0.0008,0.4024,0.010400000000000001,0.39840000000000003,0.0072,0.051644024,0.0016730949,0.049425058,0.057567023,0.00051900744,-0.3056,0.09119999999999999,0.0008,0.0936,0.0008,0.09119999999999999,0.0008,-0.027248934,0.0,-0.020755544,0.0008041186,0.0032,0.36509466,0.3552,0.0008,0.4024,0.010400000000000001,0.39840000000000003,0.0024,0.03851127,0.0019728444,0.03598316
-0.06740528,0.00060977414,0.392,0.7448,0.0016,0.7896000000000001,0.0016,0.7896000000000001,0.0016,-0.04171714,0.0026669689,-0.06590389,0.057457566,0.00051251054,-0.0008,0.39280000000000004,0.0008,0.3992,0.0016,0.39280000000000004,0.0008,0.020983279,0.0,0.021563046,0.0006720454,-0.3032,2.7108598,0.07039999999999999,0.0008,0.096,0.0008,0.072,0.0008,0.04666799,0.0,0.01681041
-0.06731253,0.0007389188,0.1632,0.5328,0.0016,0.5616000000000001,0.0056,0.5456,0.0024,0.02074749,0.021705981,-0.008099113,0.05737825,0.0005918257,0.964,1.3344,0.0008,1.3624,0.0024,1.3616,0.0016,0.028408095,0.02647401,0.01376104,0.00073901715,0.1632,0.016318023,0.5328,0.0016,0.5616000000000001,0.0056,0.5456,0.0024,0.021208273,0.02180567,-0.0076496266
-0.06735713,0.00056162104,0.0032,0.39999999999999997,0.0008,0.39999999999999997,0.0128,0.39999999999999997,0.0008,0.040438216,0.0010260455,0.038995884,0.057435997,0.00053407997,-0.1928,0.188,0.0008,0.2072,0.0016,0.188,0.0008,0.038320936,0.0,0.033103034,0.0006264794,1.1032000000000002,-0.45905498,1.4912,0.0008,1.5,0.0032,1.4912,0.0008,0.01927166,0.024489086,0.020150585
-0.06740106,0.00060554594,1.2552,1.6440000000000001,0.0008,1.6552,0.0008,1.6440000000000001,0.0008,0.06128787,0.071503654,0.002370242,0.05738498,0.0005850978,-0.0296,0.364,0.0008,0.368,0.0024,0.364,0.0016,0.032753125,0.0,0.032173358,0.00070385373,1.1376,-2.6333437,1.5336,0.0008,1.536,0.0016,1.5336,0.0016,-0.06948021,-0.07439115,-0.0060548936
-0.06725772,0.00046220794,-0.228,0.1704,0.0008,0.1704,0.0016,0.1704,0.0008,0.004486855,0.0,0.00859195,0.05740028,0.00056979805,-0.0064,0.3784,0.0008,0.39280000000000004,0.0032,0.3904,0.0016,-0.0030688718,0.0,-0.0030688718,0.0006473534,1.1256000000000002,-3.1261926,1.456,0.0008,1.5232,0.0008,1.4968,0.0008,-0.004439067,-0.0031576483,0.0135437725
-0.06740106,0.00071649626,0.0072,0.39840000000000003,0.0016,0.4072,0.004,0.4016,0.0024,0.04697552,0.0025652684,0.043979924,0.057415355,0.0005547218,1.5928,1.9,0.0016,1.9871999999999999,0.0016,1.9815999999999998,0.0016,-0.03895933,-0.058329444,6.5006316e-06,0.0007477991,0.0064,0.62703496,0.34400000000000003,0.0024,0.4024,0.008,0.3456,0.0024,0.015180161,0.0022177524,0.012681151
-0.06724174,0.0006681308,0.008799999999999999,0.40480000000000005,0.0008,0.4088,0.0032,0.40480000000000005,0.0008,-0.056753524,0.003133379,-0.060636718,0.057430893,0.0005391836,0.364,0.7376,0.0008,0.764,0.0016,0.7376,0.0008,-0.013160244,-0.010928437,-0.005739227,0.0006814729,1.3808,-2.9098196,1.752,0.0008,1.7799999999999998,0.0024,1.7664,0.0008,0.05825893,0.101784945,0.031033944
-0.06730121,0.0006166436,0.0112,0.41040000000000004,0.0008,0.41040000000000004,0.0016,0.41040000000000004,0.0008,0.0298906,0.0037512742,0.0264512,0.05732306,0.00064701587,1.3224,1.7216,0.0008,1.7216,0.0024,1.7216,0.0008,0.0026618987,0.0027460828,-0.002638176,0.0007433471,0.2672,0.5924949,0.6664,0.0008,0.6664,0.0008,0.6664,0.0008,0.026282238,0.016501255,0.02369541
-0.067320295,0.0007466823,0.0056,0.39359999999999995,0.0008,0.40559999999999996,0.0056,0.4032,0.0016,0.012256376,0.0017873533,0.010481205,0.057384513,0.0005855635,-0.09999999999999999,0.25279999999999997,0.0008,0.29919999999999997,0.0008,0.29760000000000003,0.0008,-0.0008710474,0.0,-0.0019146279,0.0007565431,0.0056,0.16163214,0.39359999999999995,0.0008,0.40559999999999996,0.0072,0.4032,0.0016,0.011956448,0.0018825484,0.010148435
-0.06720691,0.00063329935,0.7496,1.0072,0.0008,1.1480000000000001,0.0048,1.1463999999999999,0.0016,0.05015324,0.052082162,-0.0011494942,0.057362944,0.0006071329,-0.3904,0.0,0.0008,0.0096,0.0008,0.0,0.0008,0.01611875,0.0,0.017974004,0.0006835528,0.94,-1.7820655,1.3328,0.0008,1.3376,0.0008,1.3376,0.0008,-0.026277546,-0.0245649,-0.0014233175
-0.06735802,0.00056250766,-0.3088,0.0824,0.0008,0.09119999999999999,0.0008,0.0824,0.0008,0.086036876,0.0,0.06994939,0.057391234,0.00057884306,1.4336,1.796,0.0008,1.8336,0.0024,1.8016,0.0008,-0.020519055,-0.0045544133,0.014302008,0.0007341412,1.4336,0.9083058,1.8223999999999998,0.0008,1.8336,0.0024,1.8223999999999998,0.0008,0.036741264,0.060720205,0.019094069
-0.06746874,0.00067323074,0.04,0.396,0.0008,0.4352,0.0064,0.396,0.0008,0.07000052,0.0022630282,0.07044433,0.057405617,0.0006804131,0.035199999999999995,0.3832,0.0008,0.4328,0.0072,0.424,0.0008,0.05078587,0.00083387643,0.051249683,0.00076080416,0.035199999999999995,1.1069406,0.3832,0.004,0.4328,0.0112,0.424,0.0056,0.076737754,0.0007452424,0.078542426
-0.06761386,0.0008183494,0.0288,0.24400000000000002,0.0024,0.4184,0.008,0.3672,0.0024,0.14112078,0.00904613,0.13745949,0.05754221,0.0005438216,-0.1288,0.24480000000000002,0.0008,0.2704,0.0008,0.24480000000000002,0.0008,0.017799124,0.0,0.019654378,0.00092345383,0.0288,0.4817545,0.24400000000000002,0.0008,0.4248,0.0072,0.3672,0.0016,0.13330585,0.009512244,0.1284495
-0.0677408,0.00061244145,0.004,0.38480000000000003,0.0016,0.404,0.0096,0.404,0.004,-0.06578478,0.0009541847,-0.067892805,0.057636827,0.00056515634,0.0008,0.3704,0.0016,0.3976,0.004,0.3832,0.0016,-0.0015659481,0.00021729618,-0.0017978549,0.0009498532,1.5128,-3.003699,1.6112,0.0008,1.9112,0.0008,1.8983999999999999,0.0008,0.06537559,0.14958885,0.018972522
-0.06797157,0.00084321573,0.0432,0.3832,0.0032,0.4432,0.0064,0.3832,0.0048,0.03983992,-0.0020632222,0.042169828,0.057808205,0.00062568486,-0.088,0.31039999999999995,0.0008,0.312,0.0008,0.31039999999999995,0.0008,-0.010319367,0.0,-0.0010430962,0.0009306309,0.0432,0.43689728,0.33999999999999997,0.0032,0.4432,0.0064,0.3832,0.0032,0.031731274,0.00016102628,0.030358829
-0.06822319,0.0005400963,-0.26,0.12079999999999999,0.0008,0.1376,0.0024,0.1376,0.0008,0.041824326,0.0,0.03916156,0.057837196,0.00059669465,0.045599999999999995,0.4352,0.0008,0.4384,0.0024,0.4384,0.0016,0.023130856,0.003399901,0.020695835,0.00074967183,0.9888,-1.1324457,1.3848,0.0008,1.3864,0.0008,1.3864,0.0008,-0.0031917123,-0.0043893,0.0013221718
-0.06842046,0.000626415,0.0056,0.396,0.0024,0.40559999999999996,0.020800000000000003,0.4008,0.0032,0.11144794,0.00061266124,0.112335525,0.057902128,0.00053176284,0.14639999999999997,0.5408,0.0008,0.5464,0.0008,0.5408,0.0008,0.006320223,0.01034756,-0.0058548823,0.0006681367,1.5016,0.920475,1.896,0.0024,1.9016,0.0024,1.896,0.0024,0.072505474,0.10377097,0.007216761
-0.06830751,0.0006244108,0.0152,0.3584,0.0008,0.4152,0.0016,0.412,0.0008,0.010422744,0.006538309,0.0047643743,0.057965897,0.0005839467,-0.296,0.1008,0.0024,0.1016,0.0032,0.1008,0.0032,-0.013907589,0.0,-0.0043994114,0.0007897719,1.392,2.6795819,1.7872000000000001,0.0008,1.788,0.0016,1.788,0.0008,-0.015529295,-0.024511985,-0.0112950895
-0.06832571,0.0006426126,0.028,0.25680000000000003,0.0008,0.4272,0.010400000000000001,0.42319999999999997,0.0032,0.08143744,0.0089558065,0.071230166,0.05793181,0.0006180331,-0.0016,0.38239999999999996,0.0008,0.3968,0.0024,0.3904,0.0008,0.039947897,0.0,0.04041171,0.0007154714,0.9536,-2.867527,1.312,0.0008,1.3432,0.0016,1.3256000000000001,0.0008,-0.08920988,-0.09168807,0.046803124
-0.06816528,0.00070407987,0.0328,0.4256,0.0008,0.4256,0.0032,0.4256,0.0024,0.09547,0.0064556077,0.09125397,0.05784044,0.0005934499,0.0712,0.46240000000000003,0.0008,0.4688,0.0008,0.4688,0.0008,-0.01918967,0.013392892,-0.037742212,0.00076620723,-0.3432,-2.3102853,0.0528,0.0008,0.0552,0.0008,0.0528,0.0008,-0.05016065,0.0,-0.04983747
-0.06797134,0.0010648817,0.0064,0.0008,0.0024,0.396,0.0096,0.3624,0.0024,0.05885621,0.0019731,0.056970082,0.0576301,0.0005718842,-0.3856,0.0048,0.0008,0.0072,0.0008,0.0072,0.0008,0.03687582,0.0,0.032933407,0.0011178361,0.0064,0.30903435,0.0008,0.0024,0.3944,0.0096,0.3624,0.0024,0.06728343,0.0020720458,0.06552191
-0.06763384,0.00061643124,-0.1312,0.26080000000000003,0.0008,0.2664,0.0016,0.26399999999999996,0.0016,0.016642094,0.0,0.020414326,0.05750371,0.00069827214,0.0048,0.3792,0.0016,0.404,0.0048,0.3792,0.0016,-0.019653037,0.0014067516,-0.022088058,0.00086202956,0.0048,0.9442079,0.3528,0.0016,0.4024,0.0056,0.3792,0.0048,-0.0061609345,0.001616783,-0.008588792
-0.06744478,0.00064926967,0.0056,0.39999999999999997,0.0008,0.40480000000000005,0.008,0.39999999999999997,0.0008,0.05247536,0.0018821098,0.0500345,0.05725418,0.0005999431,0.1032,0.4552,0.0008,0.5032,0.0008,0.492,0.0008,0.046787545,0.010139696,0.04701945,0.00080981303,0.0056,0.64057446,0.39999999999999997,0.0008,0.40480000000000005,0.008,0.39999999999999997,0.0008,0.070035115,0.001801296,0.06821675
-0.06701874,0.0005560741,0.008,0.4032,0.0008,0.408,0.0056,0.408,0.0032,0.017419461,0.0016775467,0.015200492,0.05717209,0.0005660802,1.2456,1.6344,0.0008,1.6456,0.0016,1.6408,0.0008,-0.02789206,-0.026064306,0.015272208,0.0006797709,0.5983999999999999,-2.0802317,0.9960000000000001,0.0008,0.9960000000000001,0.0024,0.9960000000000001,0.0016,0.015855128,-0.0055147987,0.01453476
-0.066915326,0.00067455694,0.04,0.4248,0.0016,0.436,0.0144,0.4248,0.0016,0.038930703,0.00099805,0.038930688,0.057006508,0.00061570853,0.2032,0.49119999999999997,0.0008,0.596,0.0008,0.596,0.0008,-0.009687044,0.011564188,-0.03519679,0.00077609974,0.04,0.51728976,0.4248,0.0016,0.436,0.010400000000000001,0.4248,0.0056,0.029046614,0.0006093312,0.028186474
-0.06682126,0.0006914437,0.0128,0.39999999999999997,0.0008,0.41119999999999995,0.0008,0.39999999999999997,0.0008,0.04328351,0.0054046996,0.03773608,0.056814488,0.00069177523,0.2784,0.4792,0.0008,0.6776,0.0056,0.6392,0.0016,0.030202523,0.022977322,0.010606401,0.0007791947,0.2784,1.0925599,0.6392,0.0016,0.6768000000000001,0.0016,0.6392,0.0016,0.04673373,0.041015964,0.0039592828
-0.06666748,0.0006486103,0.036,0.3816,0.0008,0.436,0.0048,0.436,0.0008,0.086823985,0.008883875,0.075396284,0.056822836,0.0005674735,0.21839999999999998,0.568,0.0008,0.6095999999999999,0.0016,0.6095999999999999,0.0008,0.067771755,0.020182423,0.05872739,0.0006757914,0.3472,-2.579526,0.72,0.0016,0.7448,0.0016,0.7295999999999999,0.0016,-0.109584615,-0.057498507,-0.07425256
-0.06670032,0.000681445,0.1032,0.4816,0.0016,0.5024000000000001,0.0096,0.4816,0.0016,0.037888262,0.0216702,0.01714085,0.056823533,0.00056677684,0.004,0.4008,0.0008,0.4016,0.0064,0.4016,0.004,0.05020368,0.00016695634,0.050319634,0.0007296715,0.004,0.88949883,0.38239999999999996,0.0008,0.4016,0.0096,0.4008,0.0008,0.0628581,0.0010177982,0.06280842
-0.066709414,0.00069054216,0.012,0.376,0.0024,0.41119999999999995,0.004,0.376,0.0024,0.08043623,0.0046997666,0.07610923,0.056852754,0.00065350905,0.0488,0.4424,0.0008,0.44639999999999996,0.0024,0.4424,0.0008,0.04521653,0.008092824,0.036056213,0.00080417807,0.0488,0.94867176,0.2176,0.0008,0.44639999999999996,0.0024,0.4144,0.0008,0.083620116,0.013731699,0.07145612
-0.06675446,0.00062463805,0.0512,0.372,0.0008,0.4512,0.0032,0.4456,0.0016,0.014811624,0.01223984,-5.5465847e-05,0.056885224,0.0007369928,-0.0008,0.39280000000000004,0.0008,0.3992,0.0096,0.3952,0.0008,0.025153242,0.0,0.025617056,0.0007525039,-0.0008,1.7741871,0.3424,0.0008,0.3992,0.0072,0.3952,0.0008,0.021642946,0.0,0.02216443
-0.06690203,0.00066125765,0.0072,0.30960000000000004,0.0024,0.4072,0.008,0.3864,0.0056,0.09486686,0.0026228726,0.093091674,0.056931604,0.00069061294,0.9912,1.3752,0.0008,1.3888,0.0016,1.3752,0.0008,0.02979324,0.0291537,0.023130428,0.00071641436,0.0504,0.69486344,0.40559999999999996,0.0008,0.448,0.0008,0.40559999999999996,0.0008,0.09194717,0.012515133,0.084652975
-0.066902906,0.0006621368,-0.0136,0.236,0.0008,0.3856,0.0016,0.384,0.0016,-0.0068833902,0.0,-0.00344399,0.05702251,0.0008316152,-0.2336,0.068,0.0008,0.16640000000000002,0.004,0.1616,0.0008,0.019592993,0.0,0.020984434,0.0008316227,-0.2336,1.5750698,0.068,0.0008,0.16640000000000002,0.004,0.1616,0.0008,0.01962223,0.0,0.020938748
-0.066960156,0.0007193871,0.1712,0.5688,0.0008,0.5704,0.0008,0.5688,0.0008,0.018302947,0.022807732,0.0006621219,0.057130113,0.0004921034,0.1048,0.4688,0.0008,0.504,0.0024,0.4688,0.0008,-0.020179354,0.0009230897,-0.023310095,0.00074764807,0.1712,-0.27582753,0.48319999999999996,0.0008,0.5704,0.0008,0.5688,0.0008,0.023106812,0.022191577,0.0069538634
-0.067027174,0.00045356154,-0.34400000000000003,0.0528,0.0008,0.0528,0.0008,0.0528,0.0008,-0.010980956,0.0,-0.001994107,0.05711759,0.0006205812,0.848,1.2432,0.0008,1.2464,0.0008,1.2432,0.0008,0.011129886,0.007665448,-0.00071086735,0.0007705456,1.1280000000000001,-3.0439234,1.4632,0.0008,1.5272,0.0008,1.5071999999999999,0.0008,0.009843301,0.019154366,0.017374266
-0.067053355,0.0007016361,-0.0656,0.108,0.0008,0.3344,0.0056,0.108,0.0008,-0.06579266,0.0,-0.0487066,0.057154227,0.00081584975,-0.32239999999999996,0.07600000000000001,0.0016,0.07759999999999999,0.016800000000000002,0.07600000000000001,0.0016,0.04789091,0.0,-0.012288898,0.00081928994,-0.3008,1.6624689,0.0976,0.0008,0.0992,0.0016,0.0976,0.0008,0.053712755,0.0,-0.021671863
-0.06712791,0.00066524744,0.5559999999999999,0.9008,0.0008,0.9560000000000001,0.0032,0.9432,0.0008,-0.005879715,0.007569216,-0.012980379,0.057261366,0.000592757,0.0464,0.4152,0.0008,0.4432,0.0008,0.4344,0.0008,0.0042944103,0.0004055649,0.0074251518,0.0007771892,0.7904,3.1248777,1.12,0.0008,1.1896,0.0024,1.1880000000000002,0.0016,0.0059506716,-0.0030407868,0.009179036
-0.06740394,0.00071937963,0.008,0.3912,0.0008,0.4064,0.0048,0.4064,0.0024,0.0704395,0.00419819,0.06700009,0.05731656,0.0006535165,0.8648,1.248,0.0008,1.2648,0.004,1.2608000000000001,0.0008,0.0488204,0.042270344,0.050150942,0.0007231501,0.008,0.102161385,0.3912,0.0008,0.4064,0.0048,0.4032,0.0008,0.07505113,0.004263339,0.07154687
-0.06746009,0.0005536303,0.0016,0.3696,0.0056,0.4016,0.008,0.3944,0.008,-0.027684666,0.00010872632,-0.02835036,0.05750348,0.00046659634,-0.3912,0.0048,0.0008,0.008799999999999999,0.0008,0.0048,0.0008,-0.031191573,0.0,-0.0032468066,0.0007272603,-0.0496,-1.2623466,0.3232,0.0008,0.3472,0.0008,0.3456,0.0008,0.021314934,0.0,0.01857705
-0.067620076,0.00082456693,0.010400000000000001,0.3904,0.0008,0.4096,0.0008,0.3904,0.0008,0.029507622,0.0030638985,0.02706676,0.05768112,0.00052086264,-0.33599999999999997,0.048,0.0008,0.064,0.0024,0.048,0.0008,0.015537791,0.0,0.008696541,0.00082653813,0.010400000000000001,0.06907666,0.3904,0.0008,0.4096,0.0008,0.3904,0.0008,0.030509695,0.0030837706,0.028122673
-0.06803348,0.0007941723,0.0464,0.38480000000000003,0.0008,0.444,0.0016,0.43119999999999997,0.0016,0.055979945,0.0068972968,0.045772687,0.05778478,0.0006491095,-0.0576,0.308,0.0008,0.3368,0.0016,0.3336,0.0016,0.015134953,0.0,0.015134953,0.0008415947,0.0464,-0.33729982,0.4296,0.0008,0.444,0.0016,0.4296,0.0008,0.047816806,0.0052927686,0.038031213
-0.06822807,0.0009887666,0.0072,0.2264,0.0008,0.4032,0.0056,0.25279999999999997,0.0024,0.05790986,0.0019091666,0.056467526,0.058023416,0.0006423816,-0.2672,0.0656,0.0008,0.1312,0.0016,0.1312,0.0016,0.053570278,0.0,0.04301852,0.0010047616,0.0072,0.17867094,0.2264,0.0008,0.40559999999999996,0.0056,0.25279999999999997,0.0024,0.06650859,0.0021437858,0.064862534
-0.06853717,0.0010759681,0.0408,0.0,0.0008,0.44079999999999997,0.004,0.44079999999999997,0.004,0.05296325,0.00095333904,0.054072727,0.058161628,0.000620123,0.496,0.888,0.0008,0.8952,0.0016,0.892,0.0008,0.06401163,0.029658899,0.06018517,0.0010872626,0.0408,0.1442641,0.0,0.0008,0.44079999999999997,0.004,0.28640000000000004,0.0032,0.06161565,0.0014393649,0.06303033
-0.06891152,0.0006736815,0.0096,0.384,0.0016,0.4088,0.0024,0.384,0.0016,0.03506278,0.002980549,0.030292,0.05826854,0.0006291643,0.0144,0.3672,0.0008,0.4128,0.0016,0.4088,0.0008,-0.026957653,0.0040198937,-0.030784115,0.00092178874,0.0144,0.7512422,0.0864,0.0016,0.4136,0.0048,0.3672,0.004,0.007225463,0.0066599175,-0.0012244433
-0.06889421,0.00076731667,1.2344,1.504,0.0008,1.632,0.0032,1.6304,0.0008,0.04259842,0.05462253,0.023586854,0.05840815,0.0006055087,0.43360000000000004,0.8328,0.0008,0.8336,0.0008,0.8336,0.0008,0.022205204,0.013488218,0.01455228,0.0007726015,1.2344,-0.117030434,1.504,0.0008,1.632,0.0032,1.6304,0.0008,0.03971428,0.05156074,0.022471625
-0.06899429,0.00075645,0.1792,0.5392,0.0008,0.5784,0.0064,0.5768,0.0008,0.095697254,0.033200074,0.083160125,0.058401655,0.00061200187,0.3016,0.6968000000000001,0.0008,0.7008,0.0008,0.6976,0.0008,0.025451638,0.004035834,0.04191702,0.00080124114,0.1792,0.33594942,0.37520000000000003,0.0008,0.5784,0.0056,0.5768,0.0008,0.0987381,0.03185144,0.09152715
-0.06887823,0.0008622892,1.1632,1.5512000000000001,0.0008,1.56,0.004,1.56,0.0016,0.063126974,0.06983757,0.033451095,0.058362227,0.00053547695,-0.1504,0.24480000000000002,0.0008,0.248,0.0016,0.24480000000000002,0.0008,0.033573776,0.0,0.013513841,0.000865262,1.1632,0.082917765,1.5512000000000001,0.0008,1.56,0.004,1.56,0.0016,0.06569076,0.07271519,0.034089547
-0.068733335,0.00060644,-0.29200000000000004,0.1056,0.0016,0.108,0.0016,0.1056,0.0016,0.06273846,0.0,0.049202695,0.0582472,0.00065050274,0.4064,0.7744000000000001,0.0008,0.7968000000000001,0.0016,0.7896000000000001,0.0008,0.015601039,0.007177353,0.017108433,0.0007103706,0.6368,-0.7988741,1.0344,0.0008,1.0368,0.0008,1.0344,0.0008,0.032581694,0.021287818,0.0025933739
-0.06843222,0.00074912235,0.004,0.36160000000000003,0.0024,0.4024,0.008,0.3912,0.0032,0.022185426,0.0018594749,0.020521205,0.05805472,0.0007270314,0.0952,0.476,0.0008,0.49520000000000003,0.0016,0.476,0.0008,0.034732603,0.01068322,0.02371703,0.0007940166,0.0048,0.3378948,0.3624,0.0016,0.3992,0.0072,0.3624,0.0024,0.03244486,0.002984636,0.029114807
-0.068187915,0.0006157644,0.008,0.3528,0.0008,0.4016,0.0056,0.4016,0.004,0.007267818,0.0028291866,0.0033846274,0.057948045,0.0006017983,0.0224,0.41600000000000004,0.0016,0.42160000000000003,0.0024,0.42160000000000003,0.0016,-0.004463926,0.0025880858,-0.008290388,0.0007264604,1.2576,-1.9543033,1.6432,0.0008,1.6576,0.0016,1.6432,0.0008,0.0014202222,0.010901406,-0.0018287989
-0.0679436,0.00070429593,-0.1976,0.1296,0.0024,0.196,0.0024,0.196,0.0024,0.038717456,0.0,0.047482383,0.05774559,0.00068829954,-0.2368,0.0,0.0008,0.1624,0.0008,0.15760000000000002,0.0008,0.060759872,0.0,0.04359877,0.0008127672,-0.2376,2.709398,0.16,0.0008,0.1616,0.0016,0.16,0.0016,-0.009707173,0.0,-0.024854342
-0.0676851,0.0005567409,-0.19920000000000002,0.19679999999999997,0.0008,0.19920000000000002,0.0016,0.19679999999999997,0.0016,0.029348012,0.0,0.02801662,0.05761549,0.0007024482,0.0272,0.368,0.0016,0.424,0.0016,0.368,0.0016,0.048645668,0.0033594891,0.047486134,0.0007372676,0.028,1.262238,0.2736,0.0008,0.4248,0.0016,0.3888,0.0008,0.055260807,0.006115111,0.050172426
-0.06744567,0.00065016,0.0328,0.4096,0.0016,0.4328,0.0072,0.4248,0.0016,0.03517558,0.0065749623,0.027298227,0.0575923,0.00060968474,-0.38480000000000003,0.0,0.0008,0.0136,0.0008,0.0128,0.0008,0.02000425,0.0,0.020120203,0.00075143704,1.4816,-2.0528624,1.8768,0.0008,1.8808,0.0032,1.8768,0.0008,-0.034032326,-0.014639165,0.008082976
-0.06746297,0.00055651367,-0.15839999999999999,0.24,0.0016,0.24159999999999998,0.0024,0.24159999999999998,0.0024,-0.0061068125,0.0,-0.00022651255,0.05740098,0.0005690977,-0.09119999999999999,0.3072,0.0008,0.3088,0.0008,0.3072,0.0008,0.06597558,0.0,0.055539772,0.00067588803,0.2944,-2.9531364,0.684,0.0008,0.6888,0.0016,0.6888,0.0008,-0.0063613495,-0.017873535,0.011407469
-0.067295216,0.00072160363,0.0,0.328,0.0008,0.3976,0.0008,0.3968,0.0008,0.006426256,0.0,0.006426256,0.05738776,0.000582315,-0.1976,0.1792,0.0008,0.20240000000000002,0.0016,0.19999999999999998,0.0008,0.038203046,0.0,0.028578915,0.00075873645,0.0,0.31414878,0.25680000000000003,0.0008,0.3976,0.016,0.3888,0.0008,0.017916765,0.0,0.017916765
-0.06725129,0.0006776713,0.012,0.4008,0.0008,0.412,0.0048,0.4008,0.0008,0.0223005,0.003841035,0.018417299,0.057434604,0.0005354732,-0.29279999999999995,0.1016,0.0008,0.10719999999999999,0.0008,0.1016,0.0008,0.019770667,0.0,0.018379226,0.0007434792,1.4312,-2.3891578,1.7408,0.0008,1.8304,0.0016,1.7424,0.0008,-0.029791603,-0.043028902,-0.00574454
-0.06738309,0.00069852546,0.012,0.40559999999999996,0.0016,0.412,0.0016,0.40559999999999996,0.0016,0.07654686,0.0057071,0.07133229,0.057359233,0.0004948899,-0.17679999999999998,0.22240000000000001,0.0008,0.22240000000000001,0.0008,0.22240000000000001,0.0008,-0.014029279,0.0,-0.010898538,0.00072682236,0.012,-0.27995554,0.40559999999999996,0.0016,0.412,0.0016,0.40559999999999996,0.0016,0.07744318,0.004907556,0.07313649
-0.067391515,0.00070695207,0.0064,0.3656,0.0016,0.3992,0.0048,0.3864,0.0048,0.01862507,0.0027709529,0.0150747225,0.057395644,0.0005744323,0.6207999999999999,0.9648000000000001,0.0008,1.0208,0.0008,1.0184,0.0008,0.031596348,0.03087826,0.003558375,0.000717281,0.0064,-0.16991049,0.3656,0.0016,0.3992,0.0048,0.3792,0.0016,0.013014111,0.0024833758,0.009612925
-0.06735846,0.00056294724,0.13440000000000002,0.4976,0.0008,0.5336,0.0056,0.5336,0.0008,-0.019258428,0.014137197,-0.040449567,0.05736828,0.0006017983,0.0856,0.4848,0.0008,0.4848,0.0008,0.4848,0.0008,0.0014496967,0.0017775893,-0.0055075064,0.00077415275,0.532,-3.0199707,0.928,0.0008,0.9296,0.0032,0.928,0.0008,0.018940289,-0.0039020078,0.05979528
-0.06729966,0.00061509386,0.0144,0.3688,0.0008,0.4136,0.0024,0.41119999999999995,0.0008,0.0359418,0.0033052973,0.032502394,0.057383817,0.0005862601,0.8144,1.1256000000000002,0.0008,1.2128,0.0008,1.212,0.0008,0.0067250356,0.008697219,0.010318719,0.0007447814,-0.176,-1.1821125,0.1048,0.0008,0.2208,0.0008,0.19360000000000002,0.0008,0.0073974854,0.0,0.0049136947
-0.067322515,0.00063795224,0.872,1.2432,0.0008,1.272,0.0064,1.2552,0.0008,0.06751031,0.059522234,0.052089073,0.057423707,0.0005463697,-0.3856,0.0,0.0008,0.0144,0.0032,0.0,0.0008,-0.02620878,0.0,-0.010323167,0.0006546311,0.7544000000000001,2.154146,1.1400000000000001,0.0008,1.1536,0.0008,1.1528,0.0008,-0.05906064,-0.03588675,-0.056467667
-0.067328505,0.0007548928,0.0496,0.4328,0.0016,0.4496,0.004,0.444,0.0032,0.064236216,0.007194616,0.05680269,0.05735599,0.000614088,1.0024,1.3792,0.0008,1.4008,0.0024,1.4008,0.0008,0.029682688,0.029669698,-0.0021909513,0.00075929373,0.0496,-0.107719004,0.4328,0.0016,0.4496,0.0032,0.444,0.0032,0.060672686,0.006712217,0.0537809
-0.06721933,0.00064571574,0.0512,0.44079999999999997,0.0008,0.448,0.0048,0.44480000000000003,0.0016,0.0037691668,0.0064881034,-0.0058833472,0.057413496,0.0005565807,0.4224,0.8223999999999999,0.0008,0.8223999999999999,0.0016,0.8223999999999999,0.0016,-0.033388987,-0.000762932,-0.0699143,0.00078172964,0.0512,0.5988064,0.42879999999999996,0.0008,0.4488,0.0048,0.44480000000000003,0.0016,-0.015706567,0.007856065,-0.029104339
-0.06724263,0.00077996403,0.008799999999999999,0.408,0.0016,0.408,0.0096,0.408,0.0016,0.09413517,0.0020336471,0.09369137,0.057386596,0.00058348104,-0.3216,0.0496,0.0008,0.0784,0.0008,0.0752,0.0008,0.024702579,0.0,0.02852904,0.0007799729,0.008799999999999999,0.0047618686,0.408,0.0016,0.408,0.0096,0.408,0.0016,0.09425174,0.002038788,0.09380187
-0.06735491,0.00055940077,0.72,1.1144,0.0016,1.1168,0.0016,1.1152,0.0016,0.025014784,0.035811197,-0.06477524,0.05751229,0.0008056462,0.0032,0.3456,0.0008,0.3968,0.0032,0.3808,0.0008,0.011481956,0.000903517,0.011481956,0.00081389846,0.0032,1.4282733,0.3456,0.0008,0.3968,0.0032,0.3808,0.0008,0.014918662,0.0010073166,0.014745311
-0.0675544,0.00086983666,0.032,0.0264,0.0008,0.42800000000000005,0.0016,0.3832,0.0016,0.04049721,0.010273874,0.0297352,0.05751554,0.00057049096,0.1504,0.5384,0.0008,0.5496,0.0008,0.5496,0.0008,-0.019131936,0.006604761,-0.026437,0.00087635376,0.032,0.12203136,0.3832,0.0008,0.42800000000000005,0.0016,0.3832,0.0016,0.037867144,0.010533406,0.026818182
-0.06770152,0.0007950589,0.056,0.4152,0.0008,0.456,0.0016,0.456,0.0008,0.101465315,0.014492255,0.095696,0.057639144,0.0006787926,-0.3264,0.0488,0.0008,0.0736,0.0024,0.061599999999999995,0.0008,0.04620927,0.0,0.025337659,0.0008012021,0.056,0.123913236,0.4152,0.0008,0.456,0.0016,0.456,0.0008,0.10639864,0.015467185,0.09942673
-0.06798355,0.0007442497,0.004,0.3992,0.0016,0.404,0.0016,0.4032,0.0016,0.08288559,5.993992e-05,0.08310749,0.057650276,0.0007836148,0.0288,0.4016,0.0016,0.42800000000000005,0.0048,0.4168,0.0016,0.036585584,0.0051354095,0.029976241,0.0008100497,0.004,0.40584165,0.3904,0.0016,0.404,0.008799999999999999,0.4032,0.0016,0.090596534,0.0005032363,0.09047997
-0.068465054,0.0010038503,0.0072,0.3832,0.0008,0.4064,0.008799999999999999,0.3832,0.0032,0.10649874,0.0029325113,0.105056405,0.05792601,0.0006238334,0.06319999999999999,0.4016,0.0008,0.4632,0.004,0.4632,0.0024,0.06946129,0.008003432,0.064359345,0.0010048171,0.0072,0.04386928,0.3832,0.0008,0.4064,0.008799999999999999,0.3832,0.0032,0.10944252,0.0030233604,0.1078897
-0.068327926,0.0006448291,0.0552,0.448,0.0016,0.4552,0.008799999999999999,0.4496,0.0016,0.07499479,0.015091758,0.062457606,0.057956163,0.0005936809,-0.192,0.204,0.0016,0.204,0.0016,0.204,0.0016,-0.018089287,0.0,-0.015306406,0.00073937833,0.008799999999999999,0.5112812,0.3472,0.0008,0.40480000000000005,0.004,0.4032,0.0016,0.056553327,0.004225854,0.053233154
-0.068171054,0.00082080066,1.456,1.7064000000000001,0.0008,1.8504,0.0024,1.8288,0.0008,0.11566873,0.13729037,0.010500904,0.05784601,0.000703834,0.0048,0.3992,0.0016,0.4008,0.008,0.3992,0.0016,-0.011309274,0.001208216,-0.012816668,0.0008564371,0.0048,0.9645917,0.2576,0.004,0.3992,0.010400000000000001,0.3992,0.0048,0.056608412,0.0019656725,0.05461105
-0.06806986,0.0007196069,0.2888,0.6328,0.0008,0.6888,0.0016,0.656,0.0016,0.14650153,0.063066505,0.12708554,0.05770269,0.0006152466,-0.2016,0.1928,0.0008,0.19360000000000002,0.0024,0.19360000000000002,0.0024,0.0074764043,0.0,0.0063168705,0.0007267127,0.0024,1.0095942,0.3968,0.0016,0.3976,0.0032,0.3968,0.0016,0.08429839,0.0004707001,0.08408286
-0.06782712,0.0006987639,0.0072,0.39359999999999995,0.0008,0.4064,0.0056,0.39359999999999995,0.0008,0.061423317,0.0026275776,0.058316756,0.05749374,0.00059229136,0.572,0.9712,0.0008,0.9712,0.0008,0.9712,0.0008,0.010321677,0.0059401765,0.02377227,0.00074028206,0.0072,0.3365012,0.39359999999999995,0.0008,0.4064,0.0056,0.39359999999999995,0.0024,0.061386507,0.0031300103,0.057956457
-0.067483835,0.0007992722,0.045599999999999995,0.3552,0.0008,0.44480000000000003,0.0048,0.444,0.0008,0.096191734,0.008501738,0.08975673,0.05737245,0.00059762597,0.0368,0.4096,0.0008,0.436,0.0032,0.436,0.0024,0.033339374,-0.0008018315,0.03565844,0.00084011944,0.0408,0.6105745,0.33999999999999997,0.0016,0.44,0.008799999999999999,0.3696,0.0056,0.09792643,0.004383588,0.09630105
-0.06711793,0.00076621026,0.0112,0.2352,0.0008,0.41040000000000004,0.0056,0.3832,0.0008,0.08016278,0.005734287,0.07406062,0.057229366,0.00062475726,0.256,0.6536,0.0016,0.6544,0.0032,0.6536,0.0024,0.053570986,0.026919872,0.030264355,0.00082960946,0.028,0.66023856,0.39999999999999997,0.0008,0.4256,0.004,0.39999999999999997,0.0032,0.09617161,0.011848527,0.08457528
-0.0669626,0.0006108843,0.012,0.4024,0.0008,0.408,0.0008,0.4024,0.0008,-0.006712258,0.003172025,-0.010706417,0.056973577,0.0007645935,0.0656,0.35600000000000004,0.0008,0.4488,0.0008,0.4488,0.0008,0.041449405,0.010633595,0.027187139,0.0007665555,0.0656,1.6423594,0.35600000000000004,0.0008,0.4608,0.0024,0.4488,0.0008,0.041823253,0.009428387,0.028977841
-0.06678509,0.0005443208,-0.16799999999999998,0.2264,0.0008,0.2304,0.004,0.2264,0.0008,0.051323127,0.0,0.054207794,0.05690447,0.00048584118,-0.176,0.22319999999999998,0.0008,0.22319999999999998,0.0024,0.22319999999999998,0.0008,0.0064310357,0.0,0.00863415,0.000701042,1.1543999999999999,-0.68179095,1.5304,0.0008,1.5488000000000002,0.0016,1.5304,0.0016,0.035796862,0.040560663,0.0011076096
-0.066731386,0.0007125139,0.0096,0.4024,0.0008,0.4096,0.004,0.4096,0.0008,0.017034076,0.0034465306,0.01403847,0.05684719,0.00054312125,-0.0976,0.2832,0.0016,0.296,0.0016,0.2832,0.0016,0.050318256,0.0,0.05217351,0.0008307517,0.0096,0.54006803,0.4024,0.0008,0.4096,0.0064,0.4024,0.0008,0.04048304,0.0044589373,0.036900204
-0.06664018,0.00062131137,0.0032,0.3896,0.0024,0.3992,0.008799999999999999,0.392,0.008799999999999999,0.021190979,0.0002662763,0.020414338,0.056896117,0.0006101467,1.3824,1.752,0.0008,1.7808,0.0024,1.768,0.0024,0.044004254,-0.021366112,0.01684384,0.0009535071,1.5272,-2.9286332,1.164,0.0008,1.9272,0.0016,1.9272,0.0016,-0.030012716,0.042736087,0.027948191
-0.06672828,0.00070940703,0.3904,0.7784,0.0008,0.7904,0.0016,0.7904,0.0008,0.12554127,0.04274649,0.12687266,0.056861795,0.0006444678,0.0504,0.4496,0.0008,0.4496,0.0096,0.4496,0.0008,0.110792026,0.009178102,0.10197957,0.00073204795,0.3904,0.24935526,0.7784,0.0008,0.7904,0.004,0.7784,0.0008,0.14899966,0.056942247,0.13449448
-0.066713855,0.0006949827,0.0768,0.456,0.0008,0.4752,0.0008,0.456,0.0008,-0.0061004125,0.010800298,-0.022520762,0.057010215,0.0004960485,-0.3656,0.0024,0.0016,0.0296,0.0024,0.0024,0.0016,-0.04806281,0.0,-0.022669017,0.0006957299,0.0768,0.04634914,0.456,0.0008,0.4752,0.0008,0.472,0.0008,-0.008320734,0.011141603,-0.02533053
-0.06690935,0.0006685816,0.031200000000000002,0.424,0.0008,0.4248,0.0072,0.424,0.0008,0.057090506,0.0065477453,0.05487153,0.05693624,0.00068597496,0.6368,0.8575999999999999,0.0008,1.0368,0.0024,1.0368,0.0024,0.027474359,0.018332206,0.044619933,0.0007492149,0.031200000000000002,0.4682128,0.424,0.0008,0.4248,0.0064,0.424,0.0008,0.06334517,0.0077123563,0.059324186
-0.066885605,0.0006448366,1.3208,1.6368,0.0008,1.72,0.0032,1.6888,0.0016,0.0713449,0.092161775,0.016464788,0.05705544,0.0006827302,-0.08320000000000001,0.3136,0.0008,0.316,0.0032,0.316,0.0008,0.051015355,0.0,0.046261266,0.00076891173,-0.08320000000000001,2.0487945,0.3136,0.0008,0.316,0.0008,0.3136,0.0008,0.012478586,0.0,0.010451929
-0.06692444,0.0005727187,0.5128,0.8968,0.0016,0.9048,0.0016,0.8968,0.0016,0.037117947,0.032826148,-0.0017140359,0.057156548,0.00046566874,-0.3344,0.056799999999999996,0.0008,0.062400000000000004,0.0016,0.056799999999999996,0.0008,-0.06447016,0.0,-0.027828887,0.0007397401,0.2376,-0.89664364,0.604,0.0008,0.6376000000000001,0.0032,0.6216,0.0016,0.07353677,0.014596237,0.06869714
-0.06702429,0.00067257136,0.008799999999999999,0.3816,0.0016,0.408,0.008799999999999999,0.3816,0.0016,0.029683325,0.0027384683,0.028019097,0.057119906,0.0006182641,0.072,0.4656,0.0008,0.468,0.0016,0.468,0.0016,0.013683282,0.0046242774,0.0052186847,0.0006736722,0.008799999999999999,0.05717637,0.3816,0.0016,0.408,0.008799999999999999,0.3816,0.0016,0.030416753,0.0027979496,0.0286426
-0.06702562,0.00056295097,0.6592,1.0504,0.0008,1.0592,0.0016,1.0544,0.0016,0.0054900795,0.0043230765,0.020637318,0.05719644,0.0005417317,0.3976,0.7936,0.0016,0.7936,0.0024,0.7936,0.0016,0.014375091,0.010780565,0.0019680783,0.00061785674,1.3760000000000001,-1.5575072,1.768,0.0016,1.776,0.0016,1.7696,0.0016,-0.014300867,-0.014684264,-0.001442965
-0.06710217,0.0006395057,0.0128,0.3976,0.0008,0.4128,0.0032,0.39840000000000003,0.0032,0.029288847,0.0029094927,0.028179362,0.057294533,0.00067554414,-0.2208,0.1568,0.0008,0.17679999999999998,0.0016,0.1656,0.0008,-0.0057400465,0.0,0.009913661,0.0007196559,-0.2208,1.9227401,0.1568,0.0008,0.17200000000000001,0.0016,0.1608,0.0008,-0.015484749,0.0,0.0008158167
-0.067157865,0.00047330186,-0.29200000000000004,0.09119999999999999,0.0008,0.1008,0.0008,0.09119999999999999,0.0008,0.019466065,0.0,0.015915748,0.057321664,0.00064841285,-0.0888,0.2264,0.0016,0.3008,0.0024,0.2856,0.0016,0.043948233,0.0,0.040005818,0.0006559236,-0.268,-1.8684835,0.112,0.0008,0.13199999999999998,0.0008,0.1288,0.0008,-0.047724865,0.0,-0.034620862
-0.06739307,0.00070850924,0.7544000000000001,1.1463999999999999,0.0008,1.1472,0.0016,1.1472,0.0008,0.100010484,0.06622882,0.074549526,0.057442956,0.0006430745,0.7344,1.1,0.0016,1.1336,0.0016,1.1,0.0016,0.019418485,0.011271194,0.03139372,0.00071046245,0.7544000000000001,-0.074168734,1.1463999999999999,0.0008,1.1472,0.0016,1.1463999999999999,0.0008,0.0982966,0.065137215,0.072092585
-0.06759767,0.0005802661,-0.1896,0.2096,0.0016,0.2104,0.0032,0.2096,0.0032,-0.0044885613,0.0,0.00904718,0.05753571,0.0005503185,0.3608,0.7432000000000001,0.0008,0.7568,0.0016,0.7496,0.0016,-0.0072424114,0.0073584653,-0.025447093,0.00064084574,1.0328000000000002,-3.095624,1.4104,0.0016,1.4272,0.0016,1.4128,0.0016,0.0048166253,0.0071730632,0.0420556
-0.06788814,0.00064883754,0.0064,0.3608,0.0016,0.40559999999999996,0.008799999999999999,0.3944,0.0024,-0.025839545,0.003082659,-0.030166525,0.057738867,0.0005790703,-0.14320000000000002,0.2536,0.0008,0.25680000000000003,0.0016,0.2536,0.0016,-0.028235786,0.0,-0.015133053,0.00074103556,1.5944,-2.2416134,1.9240000000000002,0.0008,1.9871999999999999,0.0016,1.9640000000000002,0.0008,0.038180023,0.07262863,0.001192345
-0.06816284,0.0008125901,0.0072,0.3896,0.0008,0.4064,0.008,0.3952,0.0008,0.09841585,0.0015439838,0.09786112,0.05793506,0.00061478466,0.0688,0.4688,0.0008,0.4688,0.0016,0.4688,0.0008,0.03345231,0.0071858466,0.029509895,0.00089827506,0.012,0.44032863,0.3976,0.0016,0.412,0.0032,0.39999999999999997,0.0016,0.10328673,0.005406107,0.09904778
-0.068517216,0.00061222166,-0.20240000000000002,0.1648,0.0008,0.19679999999999997,0.0008,0.19679999999999997,0.0008,-0.006038934,0.0,-0.00060242414,0.05808881,0.00057698786,-0.0688,0.3112,0.0008,0.3312,0.0016,0.3272,0.0016,-0.0025462061,0.0,-0.0019664392,0.00071916514,1.1848,-3.1377285,1.5799999999999998,0.0008,1.5848,0.0008,1.5799999999999998,0.0008,0.006048728,0.018639158,0.023460262
-0.06862638,0.00061043724,0.6288,1.0232,0.0008,1.028,0.0008,1.028,0.0008,-0.0019430444,0.0012830012,-0.028467719,0.05826993,0.00062777475,0.0008,0.25120000000000003,0.0008,0.39999999999999997,0.0016,0.38480000000000003,0.0008,0.015251763,4.8007816e-05,0.015019856,0.0007385987,0.6288,-0.5979698,0.9104,0.0008,1.0288,0.0008,1.0232,0.0008,-0.010192106,-0.0125451535,-0.007184319
-0.0688414,0.00071450695,0.9848000000000001,1.3776,0.0016,1.3824,0.0016,1.3824,0.0016,0.038495474,0.036014717,0.0053632148,0.05836548,0.0005322248,-0.272,0.10400000000000001,0.0008,0.1272,0.0016,0.10400000000000001,0.0008,0.0014478341,0.0,0.0111879185,0.00071777456,0.9848000000000001,0.09545509,1.3776,0.0016,1.3824,0.0016,1.3824,0.0016,0.03845822,0.036052752,0.006617481
-0.06897676,0.0007389188,0.14639999999999997,0.536,0.0008,0.5408,0.0008,0.5392,0.0008,0.019085687,0.019170012,-0.0017725937,0.058376376,0.0006372817,-0.0192,0.3728,0.0016,0.3728,0.0024,0.3728,0.0016,0.023193024,0.0,0.026323766,0.0009416002,0.28159999999999996,-2.955309,0.6256,0.0008,0.6808,0.0008,0.6447999999999999,0.0008,-0.023051027,-0.025785822,-0.005239769
-0.06890908,0.0010040812,0.008,0.36160000000000003,0.0016,0.4072,0.0056,0.3624,0.0016,0.08459768,0.0039386675,0.081380166,0.05835319,0.0005445145,-0.0112,0.37520000000000003,0.0008,0.38799999999999996,0.0032,0.37520000000000003,0.0008,0.054958664,0.0,0.056002244,0.0010231578,0.008,0.19340685,0.36160000000000003,0.0016,0.4072,0.0056,0.36160000000000003,0.0016,0.0935836,0.004243208,0.0902255
-0.06869383,0.00089978427,0.0072,0.332,0.0024,0.4072,0.0048,0.396,0.0032,0.039321713,0.004214868,0.03521662,0.05833046,0.0006831959,0.6848,1.0816,0.0008,1.0839999999999999,0.0008,1.0816,0.0008,0.002549149,0.010846421,-0.008646227,0.0009602405,0.0072,0.35673916,0.0064,0.0024,0.404,0.0048,0.3512,0.0024,0.037736256,0.004234085,0.033808626
-0.068633266,0.0007282719,0.008799999999999999,0.3976,0.0008,0.3992,0.0032,0.3976,0.0024,0.038171843,0.0031292327,0.036174785,0.058186676,0.00059507415,0.4632,0.86,0.0016,0.8616,0.0016,0.86,0.0016,0.036642984,0.022313472,-0.008115023,0.000769087,0.008799999999999999,0.32724798,0.28159999999999996,0.0008,0.4064,0.0032,0.3976,0.0008,0.04792454,0.0037999987,0.045288026
-0.06827423,0.0007020794,0.1384,0.5376000000000001,0.0008,0.5376000000000001,0.004,0.5376000000000001,0.0008,0.02318535,0.020052847,0.0060993023,0.05801089,0.00065490603,0.0936,0.4704,0.0008,0.49360000000000004,0.0024,0.48400000000000004,0.0008,0.028874032,0.008559369,0.026323058,0.0007276207,0.1384,0.2657433,0.5296,0.0008,0.5376000000000001,0.004,0.5376000000000001,0.0008,0.029954575,0.021666557,0.0126460735
-0.06801018,0.0006599277,0.0008,0.384,0.0008,0.3992,0.0096,0.384,0.0032,0.0043349117,0.00010518357,0.004223965,0.057830468,0.0007193759,0.1712,0.5696,0.0008,0.5712,0.0024,0.5696,0.0008,-0.055888154,-0.0014310926,-0.07246949,0.0007573167,0.0008,0.5127421,0.384,0.0024,0.3992,0.0032,0.384,0.0032,-0.023639517,0.00021702811,-0.024020614
-0.06777142,0.00064306334,-0.296,0.0584,0.0008,0.1008,0.004,0.1008,0.0008,0.061917022,0.0,0.045163777,0.057759274,0.00055866316,-0.0936,0.3024,0.0008,0.3064,0.0008,0.3056,0.0008,-0.036003843,0.0,-0.032409288,0.00074139383,0.3496,-0.5209018,0.704,0.0008,0.7472,0.004,0.7464,0.0008,0.071622774,0.028117595,0.0607448
-0.06757303,0.00055562705,0.041600000000000005,0.372,0.0048,0.44079999999999997,0.0048,0.4248,0.0048,0.027620342,0.0024867952,0.025068514,0.057576995,0.00050903484,-0.26399999999999996,0.1312,0.0008,0.136,0.0008,0.1312,0.0008,-0.01652401,0.0,-0.0045808107,0.0006870198,0.5728000000000001,-1.8983203,0.9704,0.0008,0.972,0.0016,0.9704,0.0008,0.006760171,-0.0028998125,0.044255383
-0.06754286,0.0008582957,0.0056,0.3192,0.0008,0.40559999999999996,0.0016,0.3192,0.0008,0.023741186,0.0033453144,0.019747037,0.057429504,0.00065652654,1.2304,1.5304,0.0008,1.6296,0.0016,1.6144,0.0008,0.03913235,0.058108374,0.01737421,0.0008617213,0.0056,0.089195296,0.3192,0.0008,0.40559999999999996,0.0056,0.38239999999999996,0.0016,0.027132602,0.003493495,0.022947755
-0.06731874,0.0007451251,0.0096,0.2616,0.0008,0.3944,0.0056,0.38480000000000003,0.0032,0.08908342,0.003948804,0.08597684,0.057417907,0.00055217,0.1728,0.5167999999999999,0.0008,0.5728000000000001,0.0008,0.5624,0.0008,-0.0066673756,0.0029674694,-0.011769325,0.0007503455,0.0096,0.118028186,0.2616,0.0008,0.4064,0.0056,0.38480000000000003,0.0032,0.08767853,0.0042236857,0.0841976
-0.06737511,0.0006905459,0.112,0.49839999999999995,0.0008,0.5088,0.0024,0.49839999999999995,0.0008,0.086875916,0.018235847,0.07766721,0.057375237,0.00059483945,0.7335999999999999,1.0944,0.0008,1.1272,0.0016,1.1208,0.0016,0.047944956,0.030170932,0.044384263,0.00072378916,0.112,-0.30425456,0.49360000000000004,0.0008,0.5088,0.0024,0.5024000000000001,0.0008,0.0685223,0.014369229,0.060570236
-0.067422144,0.0006266348,-0.0664,0.1688,0.0008,0.3256,0.0048,0.3032,0.0008,0.11571425,0.0,0.11405004,0.057399586,0.0008023977,-0.3112,0.0,0.0008,0.0888,0.0008,0.056,0.0008,0.037685223,0.0,0.022959143,0.000816299,-0.3112,1.7556105,0.0,0.0008,0.0888,0.0008,0.052000000000000005,0.0008,0.015779361,0.0,0.0062176455
-0.0673609,0.00067633763,0.14320000000000002,0.5328,0.0008,0.5432,0.0024,0.5328,0.0008,0.030505534,0.020212285,0.013641361,0.057387758,0.00058231875,0.7504000000000001,1.1504,0.0008,1.1504,0.0016,1.1504,0.0008,0.021626368,0.020134479,0.036568426,0.0007158236,0.14320000000000002,0.3336954,0.4416,0.0008,0.5432,0.0024,0.5432,0.0008,0.035906233,0.021753568,0.019630503
-0.067290775,0.00060621276,0.0096,0.3216,0.0008,0.40480000000000005,0.0024,0.40480000000000005,0.0016,0.0071995966,0.0018380769,0.0057572685,0.05745803,0.0005120486,-0.1864,0.2104,0.0016,0.2104,0.0016,0.2104,0.0016,-0.01449611,0.0,-0.009046301,0.00065267755,-0.1896,-2.4513445,0.20879999999999999,0.0008,0.2096,0.0008,0.20879999999999999,0.0008,0.003678564,0.0,-0.0027119257
-0.06738154,0.0005860254,0.1656,0.5631999999999999,0.0008,0.5631999999999999,0.0024,0.5631999999999999,0.0024,0.06196164,0.023229212,0.054084282,0.05737709,0.00070894137,1.4176,1.7488000000000001,0.0008,1.812,0.0008,1.7488000000000001,0.0008,0.054327123,0.07595459,0.011363044,0.00079698645,1.4176,1.0963099,1.7488000000000001,0.0008,1.812,0.0016,1.7488000000000001,0.0008,0.0766346,0.11372557,0.020209866
-0.06728546,0.0006009005,0.008,0.3888,0.0024,0.40480000000000005,0.0048,0.40480000000000005,0.004,0.048045125,0.0032352954,0.046048053,0.057361785,0.0006082915,0.1544,0.49920000000000003,0.0008,0.5544,0.0024,0.5432,0.0024,0.0020292029,0.0068966784,-0.008870415,0.00069458474,0.0464,0.7878291,0.3992,0.0008,0.4456,0.0008,0.4016,0.0008,0.035328694,0.010668537,0.028961677
-0.06723465,0.00055008754,-0.2072,0.188,0.0008,0.19119999999999998,0.0024,0.19119999999999998,0.0008,0.03489965,0.0,0.039559435,0.057293374,0.0005607493,-0.112,0.288,0.0008,0.288,0.0016,0.288,0.0008,0.03061013,0.0,0.033508964,0.0007319305,-0.2072,-0.72037697,0.1776,0.0008,0.19119999999999998,0.0008,0.1776,0.0008,0.0060365517,0.0,0.00869725
-0.06719626,0.000622645,0.0096,0.33999999999999997,0.0016,0.4096,0.0056,0.4032,0.0016,0.043270383,0.002257131,0.042382803,0.057385903,0.00046822056,-0.328,0.072,0.0008,0.072,0.0008,0.072,0.0008,0.011422396,0.0,0.0069002137,0.00066290493,0.0096,-0.3503069,0.33999999999999997,0.0016,0.4096,0.008,0.4032,0.0016,0.036722455,0.0015049968,0.036485687
-0.06729944,0.0006148778,0.0024,0.39840000000000003,0.0008,0.4016,0.0016,0.39840000000000003,0.0008,0.037335843,0.00018040463,0.036892056,0.057303343,0.00066673383,1.1272,1.5248,0.0008,1.5272,0.0008,1.5248,0.0008,0.012815177,0.018758085,0.021713372,0.0007455025,1.3392,2.5188477,1.668,0.0008,1.7368000000000001,0.0024,1.7176,0.0008,-0.022852505,-0.02535423,0.0006526297
-0.06734315,0.00054764,0.0592,0.4512,0.0008,0.4552,0.0136,0.452,0.0064,0.019860104,0.0038015507,0.014645543,0.057296388,0.00067368895,0.15760000000000002,0.22319999999999998,0.0008,0.5536,0.0032,0.524,0.0008,0.060933225,0.015951663,0.0532803,0.0007083573,0.0424,0.9065226,0.4224,0.0008,0.4384,0.0032,0.42319999999999997,0.0008,0.060220182,0.0021808369,0.058486424
-0.0674186,0.0007340349,0.008799999999999999,0.376,0.0016,0.4088,0.0024,0.4032,0.0024,0.10517905,0.0030817017,0.10207249,0.057454087,0.00074789673,0.8832,1.2728,0.0008,1.2784,0.0008,1.2784,0.0008,0.012693636,0.01296071,-0.015980713,0.0007690878,0.8832,1.3355051,1.2728,0.0008,1.2784,0.0008,1.2776,0.0008,0.03686388,0.035909593,-0.0032303212
-0.06757504,0.00066857785,0.0072,0.35919999999999996,0.0008,0.4064,0.0128,0.35919999999999996,0.0008,0.07461598,0.0005807243,0.0737284,0.05759346,0.00060852244,-0.2136,0.1568,0.0008,0.1864,0.0016,0.18080000000000002,0.0008,0.041046344,0.0,0.038263462,0.00083043403,0.008799999999999999,0.63496155,0.3792,0.004,0.4032,0.0064,0.4032,0.004,0.084419414,0.0024748347,0.08116092
-0.0679556,0.0006053448,-0.3816,0.004,0.0008,0.0096,0.0008,0.004,0.0008,0.060812403,0.0,0.048940938,0.057613403,0.00058858097,0.0056,0.3352,0.0008,0.404,0.0032,0.3952,0.0008,0.022033118,0.0007574186,0.02075763,0.00070260855,0.0504,0.5324467,0.432,0.0008,0.4424,0.0056,0.432,0.0008,0.06357895,0.0117065525,0.05344396
-0.06799287,0.00075357035,0.052000000000000005,0.33999999999999997,0.0016,0.4512,0.0096,0.43360000000000004,0.0016,0.054262087,0.014255077,0.039838795,0.057810757,0.00062313303,0.0448,0.37520000000000003,0.0008,0.4384,0.004,0.4384,0.0008,0.035423182,0.0064868703,0.03020528,0.00075481716,0.052000000000000005,0.05748412,0.33999999999999997,0.0016,0.4512,0.0048,0.43360000000000004,0.0016,0.056207605,0.014693258,0.041468386
-0.068193026,0.0007318258,0.008799999999999999,0.3704,0.0016,0.4008,0.0016,0.3896,0.0016,0.0798929,0.0037230738,0.07811773,0.057871513,0.0005623773,-0.0112,0.3656,0.0016,0.3832,0.004,0.3832,0.0016,0.015368015,0.0,0.01861471,0.00076470955,-0.1624,0.62337947,0.12079999999999999,0.0008,0.232,0.0016,0.21839999999999998,0.0016,0.073837444,0.0,0.06778755
-0.06830463,0.00073247775,0.8984000000000001,1.26,0.0008,1.2944,0.0016,1.2704,0.0016,0.05363876,0.046931967,0.052359175,0.05792555,0.0007402487,0.5224,0.8528,0.0024,0.9176,0.0032,0.9072,0.0024,0.1004185,0.05435488,0.09589632,0.000794548,0.5224,1.1989555,0.8528,0.0016,0.9184,0.0032,0.8775999999999999,0.0024,0.113044545,0.06567965,0.10721895
-0.068451524,0.0008793734,0.0328,0.4088,0.0008,0.432,0.0024,0.42,0.0016,0.11233041,0.00998142,0.10667202,0.05792323,0.00062661245,-0.0944,0.20800000000000002,0.0008,0.2968,0.0008,0.28640000000000004,0.0008,0.022959217,0.0,0.034554556,0.000894316,0.0328,0.18305802,0.4088,0.0008,0.432,0.0024,0.4096,0.0016,0.11463299,0.010987485,0.108203724
-0.06817838,0.0009390712,0.2176,0.4656,0.0016,0.6136,0.0064,0.4656,0.0016,0.031627055,0.058938183,-0.07133311,0.057982598,0.000799153,-0.0584,0.12079999999999999,0.0008,0.2824,0.0024,0.17679999999999998,0.0016,-0.118037716,0.0,-0.102615915,0.0010231365,0.09680000000000001,-0.9366142,0.49279999999999996,0.0024,0.49679999999999996,0.0032,0.49520000000000003,0.0024,0.11382568,0.028374745,0.05658424
-0.068091616,0.0007413626,0.0072,0.3312,0.004,0.4072,0.0064,0.40559999999999996,0.004,0.11744526,0.0024562217,0.115337245,0.057777595,0.00065629557,-0.0128,0.3552,0.0008,0.3864,0.0008,0.3832,0.0008,0.03988722,0.0,0.042554148,0.00076594244,0.012,0.25402406,0.33599999999999997,0.0016,0.41040000000000004,0.0016,0.38,0.0016,0.12370002,0.0058483165,0.11731665
-0.06793939,0.0008110367,0.0056,0.30479999999999996,0.0032,0.40559999999999996,0.004,0.3784,0.0032,0.05209461,0.0020159557,0.050097536,0.05758001,0.00062197447,0.068,0.4584,0.0016,0.4648,0.0032,0.46240000000000003,0.0016,0.0048706755,0.008457683,-0.0011589006,0.0008263143,0.0528,0.1925937,0.352,0.0024,0.4528,0.0048,0.4432,0.0048,0.05206371,0.014944055,0.0372232
-0.06758569,0.0006792322,0.0048,0.396,0.008,0.4024,0.008,0.396,0.008,0.022807129,0.0010797866,0.021919537,0.05741675,0.00066928193,0.4816,0.8616,0.0008,0.8815999999999999,0.0016,0.8616,0.0008,0.059946634,0.032204747,0.04614818,0.0007956478,0.4816,2.1421335,0.7847999999999999,0.0008,0.8704,0.0008,0.8616,0.0008,0.038092706,0.010682473,0.04370464
-0.067313634,0.00074001774,0.0096,0.15839999999999999,0.0016,0.404,0.0016,0.39999999999999997,0.0016,0.07438263,0.0035547055,0.07083228,0.057280853,0.00057327,-0.2376,0.15839999999999999,0.0008,0.1624,0.0024,0.15839999999999999,0.0008,-0.033630878,0.0,-0.020644099,0.0007777333,0.0304,0.6285991,0.3664,0.0008,0.4304,0.0064,0.41119999999999995,0.0008,0.040389173,0.0092138685,0.031444713
-0.067064896,0.00082412735,0.008799999999999999,0.2856,0.0024,0.39999999999999997,0.008799999999999999,0.28719999999999996,0.0024,0.01952963,0.0032960773,0.015868336,0.057113647,0.0005085692,0.056,0.4536,0.0008,0.45439999999999997,0.0016,0.4536,0.0008,0.010374866,0.00846675,0.0007507354,0.0008693261,0.008799999999999999,0.32388216,0.2856,0.0024,0.39999999999999997,0.0072,0.31679999999999997,0.0064,0.021816017,0.003908718,0.01760705
-0.06694951,0.0007087402,0.0944,0.436,0.0008,0.492,0.0016,0.48879999999999996,0.0008,0.05003955,0.017062273,0.03250972,0.05689032,0.0006159432,0.7696000000000001,1.1616,0.0008,1.1632,0.0016,1.1632,0.0016,0.04765539,0.04280238,0.012041248,0.0007793247,0.0432,0.6965407,0.1592,0.0008,0.4376,0.008,0.4352,0.0008,0.06895782,0.0012076311,0.06864895
-0.06676711,0.00063729286,0.124,0.368,0.0016,0.5232,0.0048,0.49920000000000003,0.0024,0.07422813,0.017787714,0.07012306,0.056803357,0.000586953,-0.3856,0.0,0.0016,0.0136,0.0016,0.008,0.0016,0.08168538,0.0,0.04991415,0.0007341147,-0.248,2.8098526,0.1416,0.0008,0.15200000000000002,0.0016,0.148,0.0008,-0.043576993,0.0,-0.0380805
-0.066618435,0.00071051344,0.5512,0.8792,0.0008,0.9496,0.0032,0.9496,0.0008,0.057690244,0.04330779,0.03450198,0.056968704,0.0005375594,-0.0304,0.3664,0.0008,0.3696,0.0016,0.3664,0.0008,0.003362015,0.0,0.0038258284,0.0008261846,0.5512,0.5355392,0.768,0.0008,0.9504,0.0024,0.9496,0.0008,0.05132889,0.043232642,0.013931521
-0.06669233,0.0007844046,0.2832,0.29359999999999997,0.0008,0.6824,0.004,0.6808,0.0008,0.013370141,0.03215088,-0.021467641,0.0568291,0.00056121126,0.2032,0.6,0.0008,0.6032,0.0016,0.6032,0.0016,0.0063735247,0.005374804,0.0060256645,0.0007904283,0.2832,0.12353542,0.29359999999999997,0.0008,0.6824,0.004,0.6808,0.0008,0.014053607,0.032039464,-0.020261504
-0.06674027,0.000721395,0.0112,0.3408,0.0016,0.41119999999999995,0.0024,0.40559999999999996,0.0024,0.041449282,0.0039973557,0.03667851,0.056940645,0.0005656183,-0.38,0.0152,0.0008,0.0192,0.0016,0.0192,0.0008,-0.042036027,0.0,-0.009453125,0.0007215337,0.0112,-0.019610392,0.3408,0.0016,0.41119999999999995,0.0024,0.40559999999999996,0.0024,0.0422656,0.0039640917,0.037523035
-0.06667236,0.0006534904,0.0032,0.2256,0.0016,0.39840000000000003,0.0096,0.3968,0.008,0.047102362,0.0011716299,0.04643667,0.05706054,0.0005616769,-0.15760000000000002,0.2344,0.0008,0.2424,0.0032,0.2424,0.0008,0.040350176,0.0,0.03872683,0.0006875808,0.0544,0.3162131,0.432,0.0016,0.4496,0.0032,0.448,0.0016,0.0573147,0.014911533,0.047772013
-0.06692932,0.00068854913,0.041600000000000005,0.4376,0.0008,0.44079999999999997,0.010400000000000001,0.4376,0.0008,0.09991272,0.0032966621,0.101465985,0.05703503,0.0005871877,-0.016800000000000002,0.3776,0.0008,0.3816,0.0032,0.3808,0.0008,0.0005794689,0.0,0.001507096,0.00083436305,0.041600000000000005,0.6001707,0.4376,0.0008,0.43920000000000003,0.010400000000000001,0.43920000000000003,0.0032,0.08277917,0.004117267,0.08150693
-0.066872954,0.0006321855,0.033600000000000005,0.432,0.0008,0.432,0.0024,0.432,0.0016,-0.008042429,0.008245289,-0.016252607,0.05714147,0.000480745,0.0048,0.3976,0.0008,0.404,0.0016,0.3976,0.0008,0.0022639036,0.0011451691,0.0007565096,0.000725248,-0.1616,-1.9306725,0.2192,0.0008,0.2352,0.0032,0.2336,0.0016,0.00071333256,0.0,-0.0005891938
-0.06698546,0.00063373893,0.3912,0.7024,0.0008,0.7912,0.0024,0.7768,0.0008,0.06535255,0.030863833,0.06413213,0.057230063,0.00050810724,-0.2752,0.1152,0.0008,0.124,0.0008,0.1152,0.0008,-0.023829035,0.0,-0.0121177435,0.0006535262,0.04,0.64357406,0.37679999999999997,0.0032,0.44,0.004,0.4256,0.0032,0.037980366,0.0016628257,0.03696297
-0.06706156,0.0007098429,0.7,1.0768,0.0008,1.0992,0.0024,1.0976000000000001,0.0024,0.04775429,0.03974095,0.044343613,0.05713405,0.00060411915,0.6456000000000001,1.0264,0.0008,1.0448,0.0024,1.0376,0.0016,0.012119643,0.0007518418,0.021631185,0.0007235763,0.7,0.19514193,1.0768,0.0008,1.0992,0.0024,1.0768,0.0008,0.049197987,0.0392512,0.04757765
-0.06708753,0.0007358156,0.0064,0.3456,0.0032,0.4064,0.0056,0.3968,0.0032,0.06257939,0.002225209,0.059250936,0.057203162,0.00053500757,-0.1792,0.22,0.0008,0.2208,0.0008,0.22,0.0008,0.05826488,0.0,0.04214736,0.00084677676,0.0064,0.5176984,0.3456,0.0016,0.4064,0.008799999999999999,0.38799999999999996,0.0016,0.08321324,0.0029040778,0.079402804
-0.0671197,0.0006570369,0.0048,0.392,0.0024,0.40480000000000005,0.0112,0.39280000000000004,0.0024,0.05386565,0.0012794547,0.05253427,0.057287343,0.00056678057,0.48800000000000004,0.876,0.0024,0.8872,0.0024,0.8824,0.0024,0.014726602,0.010862768,0.0074215382,0.0007853986,-0.3296,-3.1250572,0.0,0.0016,0.0688,0.0016,0.0544,0.0016,-0.054101788,0.0,-0.040416673
-0.06723087,0.0005463101,-0.2096,0.1888,0.0008,0.1888,0.0008,0.1888,0.0008,0.008986618,0.0,0.011316519,0.057339523,0.0006305538,0.7368,1.0104000000000002,0.0008,1.1336,0.0008,1.1216,0.0008,0.04620655,0.0341358,0.016186569,0.0007905886,0.2376,-2.591895,0.6104,0.0016,0.6376000000000001,0.0016,0.6376000000000001,0.0016,-0.031802393,-0.01847475,-0.015317602
-0.067429245,0.0007446818,0.012,0.39840000000000003,0.0008,0.41119999999999995,0.004,0.4024,0.0016,0.026400413,0.0035147853,0.023071967,0.057508584,0.00069339946,0.6295999999999999,0.9823999999999999,0.0008,1.0232,0.0032,0.9944,0.0008,0.03443592,0.02635016,0.035333466,0.0008683933,1.4744,0.92477536,1.6528,0.0008,1.8736,0.0008,1.8392,0.0008,0.043390002,0.06244939,0.015319392
-0.06775766,0.0006293021,0.008799999999999999,0.3712,0.0008,0.4072,0.0096,0.3992,0.0032,0.012873217,0.0029281825,0.008546222,0.057594154,0.0007237829,1.4416,1.8368,0.0016,1.8416000000000001,0.0024,1.8368,0.0016,0.023714833,0.0359587,0.0027735159,0.00074717804,1.4416,1.3198936,1.8368,0.0016,1.8416000000000001,0.0024,1.8368,0.0016,0.026168434,0.034556933,0.0023577858
-0.067957364,0.00071805716,0.004,0.3864,0.0008,0.4016,0.0048,0.3904,0.0048,0.041828457,0.0012603775,0.040386125,0.057842296,0.0005915947,0.8192,1.2104000000000001,0.0008,1.2191999999999998,0.0016,1.2184000000000001,0.0008,0.041801885,0.031939693,-0.035533145,0.0008031074,0.004,0.46438196,0.3864,0.0008,0.4032,0.0064,0.3904,0.0048,0.056120582,0.0013611165,0.054571338
-0.06833703,0.00065393373,-0.0016,0.3552,0.0008,0.39840000000000003,0.004,0.3976,0.0008,0.057196103,0.0,0.05819464,0.058060516,0.00060528144,-0.1352,0.1976,0.0008,0.2648,0.0016,0.2536,0.0008,0.001977168,0.0,-0.0068352893,0.00070274575,0.35760000000000003,-0.90868425,0.7568,0.0008,0.7568,0.0056,0.7568,0.0008,0.033603866,0.024575856,0.00067186914
-0.06859088,0.00068588555,0.004,0.404,0.0008,0.404,0.008799999999999999,0.404,0.0008,-0.006490048,0.0008776039,-0.0068228915,0.058164414,0.0005013831,-0.372,0.0192,0.0008,0.028,0.0008,0.0192,0.0008,0.006726116,0.0,0.0117121115,0.0008496022,0.004,0.63123053,0.404,0.0008,0.404,0.0096,0.404,0.0008,-0.0012700856,0.0011614903,-0.0019493615
-0.068741314,0.0008363202,0.004,0.35600000000000004,0.0016,0.396,0.0096,0.3944,0.0056,-0.031467732,0.0019626245,-0.03313196,0.058276657,0.0006210469,1.4504,1.8472000000000002,0.0024,1.8488,0.0024,1.8472000000000002,0.0024,0.022031814,0.0274156,0.010618184,0.00083733833,0.004,0.049318988,0.35600000000000004,0.0016,0.396,0.0096,0.3944,0.0056,-0.03034332,0.0020047117,-0.032045543
-0.0689093,0.00078241155,0.804,1.1776,0.0008,1.2024,0.0048,1.1864,0.0008,0.079662494,0.07547499,0.0439079,0.058461487,0.00055217,-0.22319999999999998,0.124,0.0008,0.176,0.0016,0.16799999999999998,0.0008,-0.007710956,0.0,0.0023769885,0.0008243204,0.1272,-0.3202557,0.5008,0.0008,0.5256,0.0024,0.5095999999999999,0.0008,0.078039534,0.013493793,0.06789196
-0.06891619,0.0007892959,0.0064,0.39840000000000003,0.0008,0.4032,0.0064,0.39840000000000003,0.0008,0.06297159,0.0018764138,0.061640218,0.058427166,0.00070244446,0.1944,0.5912000000000001,0.0008,0.5936,0.0064,0.5912000000000001,0.0008,0.061048023,0.011026192,0.055946074,0.00086528494,0.0064,0.42222282,0.19999999999999998,0.0008,0.4032,0.0064,0.39840000000000003,0.0008,0.08245826,0.0023989016,0.08100622
-0.06891397,0.0006761253,0.0008,0.38720000000000004,0.0008,0.3992,0.008,0.38720000000000004,0.0008,0.06352486,0.00056517497,0.063302964,0.058331847,0.0005658567,0.2632,0.6624,0.0008,0.6632,0.0032,0.6632,0.0008,-0.01216989,0.00354027,-0.018895186,0.0007103998,0.0008,0.3118969,0.38720000000000004,0.0008,0.39999999999999997,0.0072,0.38720000000000004,0.0008,0.056725476,0.0005692205,0.056443118
