,ch0_t0,ch0_k,ch0_tau,ch0_rise,ch0_ped,ch1_t0,ch1_k,ch1_tau,ch1_rise,ch1_ped,ch0_chi2,ch0_pedrms,ch1_chi2,ch1_pedrms,absk,dt_ms
0,0.08225199654579017,-4.145579239429046,0.12846538298140817,0.03281618576848499,-7.739643879336729,0.09013004068023836,1.431462402953926,0.30501926724108824,0.04877996842254159,-13.48496380235812,6.63970083549215,4.012557e-05,5.911294571514931,3.496597e-05,4.38576240139109,52
1,0.08256042560426062,-3.991784879897106,0.13889574516210554,0.03147176938281634,-7.854614442248635,0.09010194365769959,1.4539824794133718,0.25430392619882536,0.051587184997663516,-13.440649269767414,4.684391396303248,3.9631304e-05,1.6804183720793626,4.2442054e-05,4.2483422152430474,157
2,0.08325326976654164,-3.8659855903103284,0.12510294680613934,0.033262491843921826,-8.122946151249762,0.08924003904316433,1.5258680679939378,0.2939470332996214,0.047438664333058184,-13.613628890817306,1.2413828115649146,8.121998e-05,1.1664531039412303,7.7659715e-05,4.156214376738843,247
3,0.08196416294410525,-3.5652267224552237,0.11646013420525564,0.0331074748627027,-8.646113847675402,0.09064412471357762,1.6199625242842992,0.26226194121388285,0.049351749668487474,-13.894404380421038,4.846557229886735,5.149502e-05,4.02771442614965,3.8862232e-05,3.9160081923553705,352
4,0.0822390735743829,-3.2988208944421697,0.11472436294225725,0.030440999228932068,-8.90211082408433,0.09064843061870533,1.7386620540754196,0.19771364703326552,0.06407182918750329,-13.846920105881043,3.000282832781996,4.894887e-05,2.659349030491437,3.4171208e-05,3.728962996851805,457
5,0.08631154561986817,-3.1516841097874124,0.11774018884160072,0.026332247444945597,-9.245947581711011,0.08253035605286928,1.8933190080995703,0.1627493257694561,0.07341379561247023,-14.101181076848231,2.6808732571254077,5.105591e-05,1.6161439812172758,4.665412e-05,3.676651954471298,547
6,0.08246189109383918,-3.036902235299923,0.1024609360537601,0.03278733740314709,-9.476122756036025,0.0882121519992118,1.840039297072151,0.2056391976765598,0.054711897090421235,-14.137070455711068,1.0715845808208968,7.151527e-05,1.6268240785584154,5.5645305e-05,3.5508477581472633,652
7,0.0820072279074546,-2.9746239323411445,0.08730671590066728,0.03848984472313844,-9.520891367335382,0.08697169353845742,1.8600438141466706,0.21916037193563995,0.054973618350439686,-14.008289695769028,1.8303423593003958,5.533179e-05,1.3347436917548436,4.802949e-05,3.5082973832618563,757
8,0.08648576782156271,-3.5983785583465897,0.12883910956781675,0.024112255054091106,-9.007128215280469,0.09067662720350898,1.6772401832928006,0.2226858520098511,0.04884855010145478,-13.954936288402417,2.84652015760782,5.6636723e-05,2.5304310100316276,5.680608e-05,3.970070891258813,862
9,0.08280420636194183,-3.6717853461377734,0.14510604526675058,0.029190431422944432,-8.067516277140577,0.08649684539094085,1.5963337047362156,0.17894601413234656,0.06907935074848764,-13.473253773161534,2.2369035321272666,6.447591e-05,1.7140810767006533,5.298707e-05,4.0037843254836964,952
10,0.08138463652547777,-3.9844673917547713,0.14250847400364625,0.03169498818572868,-7.7293076335688875,0.09615069035008839,1.355422656539705,0.29962571875366784,0.04125614340469613,-13.44324595460313,3.406617712452662,4.57901e-05,3.0413784714271537,5.2800737e-05,4.208699439710351,1057
11,0.08100211108303013,-3.871483419784245,0.13747015050765776,0.030710404421038045,-7.884222566457145,0.09407353663883504,1.5700981838490793,0.24797624372082053,0.052748721462467396,-13.625046410502552,3.692108185732087,5.7318466e-05,1.960653075797568,5.7868543e-05,4.177749654609583,1162
12,0.08256031436440613,-3.7376194635174813,0.13989883937602834,0.029798281764244688,-8.098650925254502,0.08712018602498661,1.5770781730938972,0.20716753591024603,0.06322453900583806,-13.505288498039553,2.9707695053660856,5.2585558e-05,3.148632301292693,4.3909884e-05,4.0567197115543845,1252
13,0.08195275954205465,-3.465701643872875,0.11821097635454822,0.03326034051118782,-8.640477802701758,0.08286447953724754,1.7493812239548403,0.24107293675527527,0.06217201090306921,-13.91428983309991,4.652902115508142,6.2213396e-05,5.368540289024084,4.6123685e-05,3.88219300796198,1357
14,0.08170741251320018,-3.544555433571332,0.11187727621276444,0.03204398617226007,-8.820643728477982,0.08935023470646832,1.6614957085797941,0.1975266220956144,0.061343901912440935,-13.900725219835834,2.696602362486808,5.535756e-05,1.84508742135806,6.0381317e-05,3.9146444552844293,1462
15,0.08113377060741879,-3.319382437915281,0.08476031201545242,0.04165174063842549,-9.223755336689546,0.08808782504736287,1.8232469103352167,0.2384506180409853,0.05871937512122367,-13.98508208456555,4.436561221395459,4.327034e-05,2.066466285370169,5.910637e-05,3.7871531610415903,1552
16,0.08135620470444609,-3.13307579480074,0.09735479216951763,0.035087969673240106,-9.439608858649223,0.08690474138696572,1.9046377108037795,0.2301877246955315,0.047072644916391224,-14.257834782913042,1.7928197341249732,5.064502e-05,1.8164739396747758,4.9603343e-05,3.66657997940617,1656
17,0.08156746532468859,-3.10182602532615,0.08749874458195564,0.03447355033466174,-9.463231426544843,0.08746919342959865,1.8463638733794994,0.21657057377799474,0.059603443716812726,-14.10307547954586,4.3058991555322494,3.852871e-05,1.7157756430832642,4.8107464e-05,3.609762352885792,1761
18,0.08272381837924107,-3.3467370531866836,0.1154514707941057,0.03201561285639307,-9.046794539521967,0.08933675366467683,1.7874173112602958,0.22841742949053448,0.05290566746401835,-14.046432227256185,5.654765609100489,5.012243e-05,3.0783820673505318,4.7474572e-05,3.7941414770360993,1851
19,0.08200211638226175,-3.749646211081879,0.15742918835012626,0.0286614778731064,-8.10520574080365,0.09050700303578026,1.4842753796205368,0.17536918018090608,0.06376408862334934,-13.55215371848086,5.35106301958089,4.932063e-05,3.283745284065076,4.8664766e-05,4.0327310982544295,1956
20,0.08264450966913463,-3.9131047765655893,0.12874993031195403,0.03535886780567995,-7.687352326199753,0.08821169372620076,1.4475497526461822,0.3242961270318319,0.04701355133688992,-13.372022568973495,1.7916758232588526,4.8979207e-05,1.5147476465350007,5.7297657e-05,4.172264286783191,2061
21,0.08610945185531509,-3.825355329221138,0.15195065164969446,0.022515752770759227,-7.841558394599453,0.09086914545202865,1.654546578235364,0.11252355271975356,0.11250258313380586,-13.553825828673126,4.201449512393739,6.5973996e-05,1.8583451479854254,7.322819e-05,4.167837301809047,2151
22,0.08673564438286346,-3.825901183061916,0.12864634299731031,0.02482344482020851,-8.139531284327928,0.08607973148640354,1.6424429997593168,0.19288869927395078,0.07695903188610706,-13.59903535860092,6.307886643157747,4.3975477e-05,2.003065811747247,4.9806764e-05,4.163548831227148,2256
23,0.08158938517587083,-3.5696074186316333,0.13576117962400036,0.02913574295043496,-8.555625907704087,0.09089345643793573,1.5917167803559549,0.1789983795719499,0.060284295177868145,-13.725173076673144,2.3740276578755073,7.152275e-05,1.9998009702605264,7.622452e-05,3.908408810758762,2361
24,0.0861143434524354,-3.4974229870865092,0.12241291975633602,0.023912775206454583,-8.857656864007382,0.08786513084300016,1.7970004078189312,0.21696557066315086,0.06081915941029573,-14.000477312612913,3.0751034765412264,4.940853e-05,1.496663545993379,4.6847876e-05,3.932070449051304,2451
25,0.08258516152446717,-3.1680749750354438,0.10849076420801886,0.03188343497419805,-9.14493666581353,0.0822534829576345,1.9250106372303224,0.1813775482332561,0.07189155286146104,-13.945798740579942,1.4018854303017958,7.3267955e-05,0.9405804233399484,6.379138e-05,3.7070695975252095,2556
26,0.08117821277410459,-3.345979212141651,0.10496492482114923,0.032136681344879715,-9.458724571033413,0.08822304002685347,1.8771586542546932,0.2203421622214548,0.04937133704535025,-14.197807878860852,4.181253616347818,3.642689e-05,1.5714930509062983,5.0710965e-05,3.8365741881693562,2661
27,0.08241899530773905,-3.3063417732587874,0.10147336844831846,0.03102582502813078,-9.506752007393775,0.0896400177825115,1.7582264600165514,0.2937273816745522,0.03961200111478035,-14.248841096769318,5.772631987715824,5.6880257e-05,3.6438197203869422,5.837508e-05,3.7447638385215156,2751
28,0.08170203398488135,-3.292082328103916,0.108140416833062,0.03384490826348077,-8.969835765423493,0.08743384553673281,1.7681149732729124,0.20626471917722766,0.06566991269302451,-13.917194807296836,6.116710514169161,4.9067687e-05,5.772930439738706,3.8962153e-05,3.7368484868570695,2856
29,0.08214929516245197,-3.971615861256206,0.1381454093660279,0.030683091772764848,-8.131658358279212,0.09567428644189287,1.4046784402019077,0.2485695676809581,0.044585952038751216,-13.593847122789661,2.226388718309611,6.013235e-05,2.5962282747005414,4.840402e-05,4.212701516811978,2961
30,0.0827060948112977,-3.93850793988537,0.13229824487785274,0.033769909726686365,-7.673884415372445,0.09107081577088988,1.4212597673149874,0.2508516642204862,0.05871542040658424,-13.331962456164787,4.082382885652146,3.6893893e-05,1.0986384395386348,5.3515054e-05,4.187102114676492,3051
31,0.08225687169714822,-3.934233895711861,0.14145404757442337,0.03127701405235679,-7.785270274501893,0.09178353971619053,1.3656314497624429,0.2140626796652993,0.06076998618918957,-13.437553643853212,5.172066576077495,3.928908e-05,1.1904504915210785,5.5500903e-05,4.164510247645982,3156
32,0.08124767936282509,-3.951758233162142,0.1339752391616366,0.031421550121042745,-8.08262634594869,0.09518523160022618,1.4963458855025888,0.25620175339850937,0.046507481240690166,-13.613855473505726,3.2847707614694004,4.0395567e-05,2.0324703282515886,4.076574e-05,4.225570274226344,3261
33,0.08173233383506193,-3.5969827607942393,0.12849530675571427,0.030642069290077886,-8.60832914820028,0.09138743544059988,1.5976404221091958,0.23000613963159355,0.054181914464113204,-13.771964991637427,2.2903925905079556,5.681805e-05,1.3028357933633818,6.3929154e-05,3.93582772740477,3351
34,0.08232665405157351,-3.499850997188304,0.10574031598897983,0.03416914376510839,-8.863516523190938,0.08997421369763119,1.8025624161869576,0.24785776948922425,0.05225953225551885,-13.990276064251562,2.8183898147168795,4.2683903e-05,1.4077630492904591,4.483457e-05,3.9367738399315915,3456
35,0.08120572211804743,-3.445783924472078,0.08737350154265636,0.03821490330896717,-9.16040791101876,0.0893849048983246,1.8279683463580758,0.3568762939646466,0.03597631815205536,-14.130295684614886,0.2799605883366301,0.00024689644,0.4324215791265396,0.00015202534,3.900627530210655,3561
36,0.081989151762643,-3.2471800692136443,0.11691972026648333,0.03296835793946739,-9.457864278310298,0.08801869432844799,1.738341521840901,0.21475477103569812,0.04297654120015589,-14.048796419854058,3.025952420800646,7.906136e-05,2.8327243934747797,7.032644e-05,3.683206435764152,3651
37,0.08214206607689245,-3.0196150472801913,0.1280475974410685,0.025881179545581206,-9.473478293670954,0.09064875397145927,1.9171876700173056,0.17275612595102724,0.05162577076244682,-14.236934419999644,2.126986248581853,5.9240912e-05,4.174675405363142,4.3938533e-05,3.576825910752065,3756
38,0.08630604241142978,-3.487726844932977,0.12323805499699023,0.02559487013268448,-8.963589175117136,0.09512254093467701,1.6396301008536496,0.26414130390071316,0.041688068479399085,-13.839924734352934,2.547899504090804,7.525412e-05,2.038835499488673,7.5021744e-05,3.853910405353436,3861
39,0.08169745878093396,-3.874005617523244,0.15583621587385138,0.029217479530842277,-8.084741437344562,0.09426269538799786,1.298458967637395,0.10084475988996129,0.10077263988991332,-13.512807282910739,6.781488224710643,5.6233697e-05,2.3859007071612743,6.4008585e-05,4.085818793735182,3951
40,0.08252925516491118,-3.9881552353100407,0.13985456802507235,0.03225639064891373,-7.67862166487185,0.09499570163101877,1.3633562703054725,0.2309866663773499,0.05348557925981415,-13.330584458365378,3.1104819635771475,4.9710143e-05,0.725914817483091,7.004586e-05,4.214750585824994,4056
41,0.0819733030677253,-3.804624273570339,0.13460833346192788,0.03261438161548515,-7.780059725592245,0.0866309323606898,1.4577651210164821,0.2802792843474458,0.05052469724818141,-13.363854884474089,2.468680125230112,4.718877e-05,1.4130483614978817,5.104567e-05,4.074339825185526,4161
42,0.08181060147001945,-3.855044891378357,0.1191559214627797,0.034519676967519466,-8.100555602017804,0.09007531712803966,1.583214718576662,0.36612866015704787,0.03735715893171613,-13.823003227897818,3.8106580125569027,5.0040162e-05,5.248004810475372,3.8524882e-05,4.167486047926273,4251
43,0.08187275381088488,-3.5930923424359436,0.09351952174434204,0.040215498744879265,-8.565164163797444,0.08723297549406644,1.7048054434304727,0.3289309203034022,0.04602144962406127,-13.88962809894806,0.2837821682276066,0.00018503008,0.44753141044743977,0.00012459177,3.977018252563343,4356
44,0.08214634144091638,-3.592650816237047,0.12718240535738665,0.028704102271169936,-8.805989183698363,0.09103248527970399,1.6602395673180372,0.21978137041739101,0.04990807168358351,-13.906800022899356,4.198195028322714,5.9456128e-05,1.9478393068599051,6.657549e-05,3.9577184473250626,4461
45,0.08182976725550786,-3.3300592896854266,0.11740104650210922,0.03161513843112255,-9.180720670572677,0.08865737174371775,1.8341051305342426,0.17322538383282213,0.06083794198643986,-14.040406888755653,1.7524361817009428,5.623511e-05,2.0394382219988425,4.765411e-05,3.8017412461492217,4550
46,0.0819975712622418,-3.2252846983420143,0.09861919707260092,0.03286647529164417,-9.497529628778945,0.08833646774342517,1.8253980104678238,0.19283923138304482,0.06286549368028364,-14.035103524360519,1.1412239503923602,6.793708e-05,1.0075383482848426,6.241479e-05,3.706013934401627,4655
47,0.08171123049590863,-3.1307163391824084,0.10301437384576724,0.031159306562477677,-9.512919224552263,0.08951120706348764,1.9217148060709246,0.2195587243732718,0.05035392141293692,-14.245271553807655,2.4355592609334775,5.4699205e-05,1.8426390760633369,5.7833215e-05,3.6734687411622153,4760
48,0.08193022535720795,-3.2907618873641775,0.11239191364618699,0.031465712486553624,-9.00978253307812,0.08792636459983665,1.7407624977252285,0.20361496705429177,0.06058852377757873,-13.938880360622308,2.540949726923979,4.3258682e-05,1.7874661625202963,4.3861965e-05,3.7228171957289575,4850
49,0.08226773650695746,-3.813129873615729,0.12454941572196286,0.03301703152428779,-8.093649329923837,0.0893685931120317,1.4233092341815934,0.27262934589231896,0.051629986239579366,-13.57460764101375,0.40645931482225195,0.00016058277,0.7136749598119019,0.00010839831,4.070106707344084,4955
50,0.0819976321080096,-3.7963989342740687,0.11944917097011,0.04167026182955554,-7.660254554766683,0.09582008135320502,1.4729384651575872,0.3755993008539143,0.03391191829473201,-13.402753063772892,0.6820925474276188,9.017775e-05,1.2235968107854354,6.6371314e-05,4.072123842701505,5060
51,0.08207883878020049,-3.7456282305230113,0.13381180599442397,0.03356078314886599,-7.831859761644295,0.08662458639255313,1.512928198239086,0.24516379601311966,0.057914698596492724,-13.414342975985,5.108538252141119,3.645708e-05,1.8377649917488879,3.809851e-05,4.039638916328774,5150
52,0.08218970547985013,-3.7764398638352534,0.11383561038189481,0.036211772505716666,-8.073535864639277,0.08995126137280778,1.6148332955456304,0.327212422274945,0.04342468750720432,-13.674804637347679,1.7915838523911154,5.0322644e-05,6.0503237809182915,2.6283293e-05,4.107211294487634,5255
53,0.08137033827393048,-3.4421564630118007,0.09845147847302908,0.03749172840785653,-8.647237929713631,0.09006719106764625,1.8497211933094952,0.24454535185793777,0.057404377864593625,-13.967218345357713,1.6478899068357056,6.20027e-05,0.9024439386795678,7.228474e-05,3.9076731706774317,5360
54,0.08167691555787109,-3.543223184466663,0.08408544676810448,0.04064002367225917,-8.852910374067543,0.0883391995489354,1.7905999782022295,0.3164034780719789,0.05009778180520856,-14.007169952359567,0.19830315415903946,0.0002310647,0.36567484086722873,0.00014244604,3.969972143086133,5450
55,0.08249765875899116,-3.3831401636924485,0.10254030668140715,0.034159177850170426,-9.211963564220314,0.09034525933215003,1.7895087718186709,0.24877150452941368,0.04372851628677348,-14.074289367698501,1.3976401777531562,9.325168e-05,1.890982367029378,5.8997655e-05,3.8272678259569104,5555
56,0.08222656731826042,-3.132131331256541,0.10450465149381905,0.030852737820460184,-9.454543507919745,0.08282749498191858,1.8383398488728537,0.10987327478954041,0.10986858596935956,-14.078216929350496,2.946886349770583,4.99671e-05,1.1105395954465453,5.1217827e-05,3.631768174896732,5660
57,0.08266394136975116,-2.9984718349136217,0.099336678364795,0.033338582481155836,-9.503532031437397,0.08290267013163287,1.8853370562612728,0.1680954979100014,0.07151790821177338,-14.109341533872573,3.304069879966234,3.7518406e-05,2.1227200553054617,4.219013e-05,3.541938616136957,5750
58,0.08011487942900748,-3.3159094011344523,0.11217537004916477,0.035488809508411566,-9.04198099352847,0.09090916603049817,1.704196320570433,0.27161838098484337,0.04140619788735421,-14.081039219525803,0.2722491468087555,0.00019831669,0.586550065617711,0.00012751337,3.728208719422458,5854
59,0.08221370771940917,-3.6726215980496364,0.13666774510825436,0.03069576988041826,-8.121446506055587,0.0973314239880049,1.4720216254798735,0.25282358040490394,0.04876351822075742,-13.480504399932515,1.594203809521442,7.196558e-05,2.2647078760319004,5.4753837e-05,3.9566396182039467,5959
60,0.08140363824381683,-3.9166923203846,0.1303289457042042,0.03473498166069924,-7.759223431705561,0.09301651059744225,1.4085509440932011,0.27153600295692154,0.050488879172068554,-13.39077568500447,0.7764068096903952,0.000106096326,1.0202879987381968,8.078156e-05,4.162270353384742,6049
61,0.08211893562572513,-3.9076649577587466,0.14287919722499778,0.02914312048331116,-7.866492212336388,0.09143814473955468,1.4044260923719474,0.19839955255149874,0.06629532692899849,-13.437171352007214,2.5307639200815197,5.97037e-05,1.759534979556493,5.3915104e-05,4.152379808137835,6154
62,0.08262952438601223,-3.6982293257321768,0.13119808434480743,0.03309534145893282,-8.11738602861775,0.08930079523014234,1.4746089321184663,0.2576971326426672,0.05258025020375067,-13.510094773924052,1.1141172628571048,7.230999e-05,2.2391481273327534,3.9727995e-05,3.981378109196492,6259
63,0.08320548414227424,-3.59749489146603,0.1231472099028279,0.029353049473437386,-8.655563746371138,0.08293466333486689,1.721638756493368,0.196827135689231,0.07394361679535534,-13.935473743111874,0.8483084917797674,9.728071e-05,0.791015169241527,6.360778e-05,3.9882338825580694,6349
64,0.08094216563222374,-3.449505943229658,0.11441055006376454,0.03358049798071267,-8.778429459743332,0.09551123371913987,1.7093576250629154,0.2917465288979662,0.03539865784839773,-13.891804620563391,4.538019361769723,3.789556e-05,3.9036781674328416,5.0893676e-05,3.849804507080517,6454
65,0.082164198770408,-3.2540555247321503,0.11431584940205079,0.029901156837528284,-9.10446076340288,0.08844118028220216,1.8038928216904242,0.21824841909759207,0.05037015601541204,-13.991262220719301,1.912636230040483,4.8459333e-05,2.3376738827266834,4.4730394e-05,3.7206056859315355,6559
66,0.0818837897159606,-3.1494545615738043,0.10511561449715996,0.032358544296609816,-9.4336961909273,0.08657055523012035,1.8616370899739672,0.17821988388953802,0.06323343931510575,-14.206023565307873,1.5269414418481646,5.886182e-05,1.2431651975363456,4.784956e-05,3.6585183736295197,6649
67,0.08124562295792287,-3.2213766949553673,0.09405859462821868,0.038528524149627374,-9.459639151497862,0.08717612412858063,1.7449493948370634,0.256467878192751,0.04621199388062567,-14.116368489240221,3.6038148641195717,4.700372e-05,2.933039368756502,5.5926084e-05,3.6636206410249135,6754
68,0.08717370637726074,-3.3856681483252733,0.1414033728492825,0.022248113303977086,-9.015971325347198,0.08827570465489605,1.7469868343895982,0.10571230452200285,0.10571218956310297,-13.97756328522569,4.150249579721335,5.267573e-05,1.3287059874062375,5.219894e-05,3.8098178184940648,6859
69,0.08664970083473764,-3.8270064780605924,0.15007450962698798,0.024397060543669673,-8.131648164312184,0.09162752038434471,1.442210614135143,0.1695415859058916,0.07270841099540946,-13.50966633534816,2.5062945875439677,7.928132e-05,1.8343128902247874,7.7655735e-05,4.089737160092541,6949
70,0.08225349975221437,-4.127231881186337,0.13595271122158703,0.03474210344956149,-7.621652481305887,0.09065698242388776,1.2404295276038892,0.3943489613289561,0.03742054969900357,-13.268700591618448,3.821299753620544,4.6148598e-05,4.014184465620426,4.4316806e-05,4.309606526590627,7054
71,0.08166763032351727,-4.008840632813991,0.13497961355461532,0.03276367427705152,-7.747064319142551,0.09037780141420831,1.3936794900828673,0.3484720023084924,0.041311809138577606,-13.53705286798811,7.408679783261535,3.6466212e-05,3.326021433284898,5.4490876e-05,4.244189644723492,7159
72,0.0833893747124386,-3.6697677544700973,0.13789006863620717,0.0318652700820321,-7.962271258668082,0.08944031677240924,1.4685940074165975,0.22651281506346457,0.0576698517088752,-13.522325895874262,3.0956366083624864,4.7372156e-05,1.809983812638687,5.8830836e-05,3.952715994144841,7249
73,0.08185054421925432,-3.5636110349974923,0.11895374936436755,0.03228162595657746,-8.564309682624497,0.09023276002603216,1.6505626481336273,0.21274275386784955,0.061354121599461686,-13.836385659023733,1.8894809916082338,6.8903006e-05,3.571593582904542,4.7933994e-05,3.927299411067329,7354
74,0.08185581868334621,-3.4917167904615978,0.15105638672236718,0.025747482680164153,-8.808979726021247,0.09005081956984123,1.6326630380463212,0.14621042862734854,0.06408751759428213,-13.965284718320397,4.770653721247824,3.9217786e-05,2.6526287923904013,4.538765e-05,3.8545654412130665,7459
75,0.08042485122300966,-3.452368915283489,0.11274049702608098,0.032930768230819724,-9.031419162230312,0.0963091375298797,1.601305605110362,0.25891514477637323,0.040421867971260274,-13.973675257617575,4.308340085768366,5.5557946e-05,4.154450893719549,5.546927e-05,3.805657731348624,7549
76,0.08079244045034609,-3.270803092236276,0.09803473375372836,0.03327648202555158,-9.504718595002656,0.09512634812904361,1.7256478538066258,0.2731267675646305,0.036469407814640684,-14.253872276782866,1.6092748842290998,5.4283897e-05,5.951095944434579,2.8645365e-05,3.698109433687678,7654
77,0.0815997316279577,-3.115325167202412,0.09312973064287196,0.03441637957966868,-9.494482554558301,0.08732403573747909,1.821633410636627,0.1899578238230693,0.06776905391877844,-14.110566645003097,1.7246747128780444,6.302218e-05,2.99049356305198,3.5026213e-05,3.6088224090625967,7758
78,0.0817454394151896,-3.444763254850658,0.11645429354776513,0.03210848437039469,-8.99563312610604,0.09032490179662478,1.6843777076533595,0.1948458427261567,0.06334214262707381,-13.915903785324852,2.9311385550908473,4.7529702e-05,1.5842451312126935,4.384958e-05,3.8345171982935327,7848
79,0.08293846139165383,-3.7016379736503255,0.11921640167964817,0.03345059473132748,-8.165852082693634,0.08715982730750568,1.6328145070028561,0.24248189934043243,0.06252511604310765,-13.698507733728356,2.4257931853802734,5.5812703e-05,1.5993410127229912,5.162098e-05,4.045764069029368,7953
80,0.08251538488036185,-4.0754171972007205,0.1278857207235523,0.03449207542772439,-7.640390878117032,0.09465435995062062,1.4409297497128666,0.22302193254132138,0.06667417491050996,-13.251715693149341,7.366359563694586,3.0892814e-05,1.2441229411572625,5.867065e-05,4.322650098590789,8058
81,0.08230257970055563,-3.997776706703926,0.1306980150219857,0.0348587519326684,-7.749398673894893,0.09403072026610403,1.4538864374091636,0.37714964949707963,0.032946106759614874,-13.474597533278962,9.619322050846518,3.582074e-05,2.572259341737644,5.5241413e-05,4.253939864354784,8148
82,0.08285542715889199,-3.836068525033398,0.13608677103798156,0.031227722217395757,-8.027149411897316,0.08942744645069338,1.463585408877441,0.1842153220701594,0.07855487175474803,-13.559660060800372,3.461603872147785,4.7894762e-05,2.2676796816611855,4.0980805e-05,4.10578908102095,8254
83,0.0826775061265462,-3.583447603653572,0.11499701033752949,0.0345701548688029,-8.560608532371926,0.0902371077339404,1.6176581424042988,0.2671553577375572,0.05415727977605692,-13.71322667562025,2.104809103784152,8.1121e-05,1.3735852556773755,7.545055e-05,3.9316554520732683,8358
84,0.08179803505638407,-3.6095042719069306,0.1112665530551592,0.03447638988343892,-8.831188312671765,0.08964619160587405,1.6255351519028178,0.2970896528156261,0.0417917075671445,-14.076994343992867,1.4203749966965216,7.123106e-05,3.4615423244803982,4.3724533e-05,3.9586469429574165,8448
85,0.08219387165958848,-3.3207507817336386,0.11259757467145852,0.03150263792133771,-9.135698514700332,0.09646628564103069,1.5974823271789804,0.22104515336354472,0.05052546136049785,-13.97436028013753,6.140169465236581,4.039394e-05,7.559342028012409,4.1717823e-05,3.6850149986172025,8553
86,0.08241281078537391,-3.0255910013363483,0.10011179556976953,0.030745556557536514,-9.495910509885135,0.08748388653362343,1.7712394954676824,0.16588518311463435,0.07218967163239605,-14.083906125067818,5.62265291267501,4.7537964e-05,3.9158140788602087,5.239926e-05,3.5059221693688665,8658
87,0.08189439509392492,-2.9382139919802146,0.1024927003882752,0.03267243552076628,-9.541331641071306,0.08685199052280144,1.887337993113565,0.19019579226172506,0.060098944729340575,-14.177322015713148,2.2008943168832373,5.0269446e-05,3.9291856924339763,3.339431e-05,3.492154945433872,8748
88,0.0822649869980736,-3.387620664555229,0.11759216986382064,0.03131891784586596,-8.957213235526725,0.08873761008323916,1.7082027300522935,0.2379151023849933,0.05302545799634026,-13.876036198827897,1.5781356748504807,5.750802e-05,1.9221528689356264,4.2178428e-05,3.7939333591774806,8854
89,0.08239696515674011,-3.769474242441346,0.1153565278607834,0.03401673974679297,-8.236479964429154,0.08966879026481467,1.6633120599463809,0.30486680054244863,0.04718611480555461,-13.733650928552978,2.6788213652047626,6.415076e-05,2.0821668484301656,5.782488e-05,4.120138720139388,8958
90,0.08183991445085888,-4.118468262957315,0.139499592518788,0.031817642491630105,-7.674012706889407,0.09388537265896281,1.3919537686042436,0.2711566100288081,0.048175000143988206,-13.307844896238068,3.718098599321058,4.150927e-05,1.8611404844034898,5.232709e-05,4.347334370268544,9048
91,0.08261355289756314,-3.920831861358957,0.14695429021488823,0.028436289792424494,-7.73505450149813,0.08979579765249895,1.4504292111866224,0.1124968923728777,0.11248584328556518,-13.239654740446975,3.52507829317188,5.7366527e-05,1.9251405709979406,4.8373873e-05,4.180510421193922,9153
92,0.08220672938542958,-4.062722698198651,0.12261638799591593,0.032716021129871604,-8.031385528522271,0.09448008620524809,1.421901049819775,0.270778461368847,0.05049635969331237,-13.615918600853892,4.405178221715052,5.1116167e-05,4.802495179380922,4.235263e-05,4.304360384300681,9258
93,0.08217702156384714,-3.5654754440220287,0.11498786661922036,0.03563273055201968,-8.494350764191733,0.09072184329652541,1.5791841192393838,0.30873131471448817,0.04330344624115526,-13.704422414113484,2.4692619013021138,4.2041374e-05,2.6169790725996736,4.436632e-05,3.899543258431935,9348
94,0.08663054774263802,-3.467527057082375,0.1344408524627935,0.02343868498007747,-8.764303065152028,0.08744999689236456,1.6735363271095085,0.19870767911068143,0.057601351490394186,-13.9907512349022,1.4525227565036936,6.910346e-05,2.220232548696462,4.661162e-05,3.8502555408379764,9453
95,0.08177754062824255,-3.0890138979790396,0.11953460724523016,0.027556383247878753,-9.137345010145205,0.08317396819402222,1.8173488748175217,0.21540429834474512,0.05543100342977977,-14.08377019862688,3.614869416848581,4.0537056e-05,1.5318008109887484,6.213923e-05,3.583959234520975,9558
96,0.08191139927106718,-2.9564635866081677,0.09837267756397669,0.03593709352141757,-9.46051929866295,0.08994043015655626,1.7825089539414862,0.2546757940068815,0.0433765816388995,-14.07027693839922,3.622889368411938,5.7342648e-05,2.165463420999812,5.1614414e-05,3.452247834356856,9648
97,0.08667407370831956,-3.0896264330218624,0.10134273479035756,0.028676718474541067,-9.546017746164399,0.08849236253271814,1.8127749472452146,0.19596121107340997,0.05853751059797545,-14.186208666129074,0.32912687385797496,0.0001642693,0.38636722201890594,0.00010821212,3.5821703623623606,9753
98,0.08156373580672906,-3.3534721769203757,0.10010767386159221,0.03850723890944442,-8.953735457754012,0.08795867622035977,1.695257110892943,0.260272393188114,0.05040727932065964,-13.951258102190497,4.133744922780525,3.7250556e-05,2.015322182242104,4.3506996e-05,3.7576152428651035,9858
99,0.08196568667684292,-3.9522548771477783,0.11946619041416104,0.03385722200592674,-8.216663826585505,0.09018798201422981,1.5287760247705844,0.2666118980854893,0.05280391404707204,-13.653688398941204,2.83411817175944,6.120085e-05,2.6245345573078502,4.6228724e-05,4.237626074567192,9948
100,0.08279964714299709,-4.151665455376199,0.13487091413666896,0.03321114673520393,-7.738954800150629,0.09533905483380795,1.5127666388074523,0.2997146727049466,0.04200443147103204,-13.417457224321012,1.6878922587202252,6.6423694e-05,1.7431506781584891,6.590173e-05,4.418686338364928,10053
101,0.08241587353389578,-4.000263146085641,0.13551313920415853,0.03121012803386751,-7.747048590607567,0.08979570068327981,1.4216740318325785,0.23786971660248404,0.05753396374407615,-13.291552576317718,5.190559669702895,4.731484e-05,3.059231046121124,4.9508315e-05,4.245381289203372,10158
102,0.08318588816601992,-3.7818486845467825,0.1255682093650338,0.03327874535794033,-8.01424405403043,0.08972581492688912,1.5923564552995826,0.2737924160555351,0.04867295142225263,-13.626846959005253,4.839085555638478,4.0178827e-05,3.3725028735170186,3.8665774e-05,4.103410600164512,10248
103,0.08154642690293736,-3.5154544986637464,0.1281912508508328,0.030278832332869793,-8.446072398745688,0.09175371114437349,1.6403387328956434,0.2818815177053244,0.04477825226004872,-13.797188879781041,1.5093903396075135,6.574021e-05,5.8794411659048125,3.8824906e-05,3.8793210089927923,10353
104,0.081958058491719,-3.4295757781327962,0.12324827930631511,0.029489730491966695,-8.764976614854675,0.09338192280244786,1.5687366321168166,0.21987606408713478,0.04776227950108005,-13.792521885682985,4.030675304413408,4.6890756e-05,4.714767673403255,3.5737252e-05,3.771329293352728,10458
105,0.08202677088267579,-3.187795260546756,0.10935642284026806,0.030382477548391303,-9.261352489144768,0.08851275011013109,1.7459012701912262,0.19048679935852073,0.06281011059166638,-14.121949406707687,3.8050361972753914,4.106514e-05,2.0458543654891175,4.9087386e-05,3.6345852402192604,10548
106,0.08329006742008647,-2.929849480536753,0.10039683163307772,0.031316961390645257,-9.443906190567628,0.08194500090531653,1.8524370168551265,0.16178066251516524,0.08116433861726564,-14.075229016573083,2.0940484801702848,5.547523e-05,1.600083298147746,5.340345e-05,3.466344022167535,10653
107,0.08160922961035964,-3.038965141947453,0.11696382155569861,0.030236326427788278,-9.52803090100478,0.09449650717769964,1.7107747416086536,0.20212785090056168,0.043655867135670025,-14.092686216123107,3.502902466559565,5.3742042e-05,5.27596400913308,4.019999e-05,3.4874144219604672,10758
108,0.0875516274009978,-3.4557192230571965,0.12183414843923916,0.02176086884569062,-9.0511460184419,0.08743763349202052,1.817177593868047,0.11204191677088388,0.11203382246399629,-13.993702826074985,3.9227344037971945,5.7460427e-05,4.0119582110760215,4.1176332e-05,3.904373157917042,10848
109,0.08689234583433476,-3.7648204226491035,0.14623064699269991,0.02359072147228859,-8.101453347843488,0.0906702014100274,1.627635260337571,0.16473867795472202,0.08023957474648917,-13.521267462517697,1.269122571428836,9.096934e-05,1.1358057757008697,6.9395304e-05,4.1015935141710385,10953
110,0.08187221035586195,-4.13454481946194,0.12350871351540454,0.035878040713310876,-7.714113453701277,0.08800834832935314,1.50513150299447,0.37926466999589215,0.04268808521198778,-13.482659337938436,2.1525177225847356,4.923457e-05,2.3963152420516964,4.335743e-05,4.399986557416507,11058
111,0.08241154926894893,-4.128908775865279,0.12824163530438587,0.034446870586649636,-7.737892101705307,0.09665376716237238,1.3866672998328535,0.36527282986790277,0.038687544584515426,-13.386858578976055,2.825936712417618,4.3490505e-05,3.244210957872051,3.6865622e-05,4.355540595591212,11148
112,0.08296194265044673,-3.747908561142402,0.12560552420118612,0.033307855492324706,-8.012302988238986,0.0822527006044463,1.5867399516435772,0.19172788907392538,0.08264228944622444,-13.442004893543729,4.72882651504437,4.0072984e-05,1.188007169255143,4.832909e-05,4.06995850799813,11253
113,0.08213049063720974,-3.632637139079768,0.12728319482250908,0.0313899567943531,-8.556603796945959,0.09361003285874764,1.6370318057605253,0.2501657148847817,0.04352023010069547,-13.839337285297905,3.2642210092391264,5.8320915e-05,4.767912431394122,4.1016927e-05,3.9844605302717215,11358
114,0.08184943287390899,-3.351181546523857,0.1397332732652844,0.028259162684122992,-8.782816360571378,0.08906988349138362,1.5355273165623389,0.10566988045169015,0.1056614298479974,-13.755204018910128,3.6788346576198157,5.227494e-05,1.4119268736689974,4.4261975e-05,3.6862259694260695,11448
115,0.08155265347836298,-3.192582094092841,0.10632588972362814,0.031372397870074946,-9.235059627200055,0.08777440992211882,1.8151575152469517,0.21177747424281507,0.05705954375736282,-14.101947022181198,4.073311323051949,4.0830524e-05,4.858639893354034,3.232885e-05,3.672516471396652,11553
116,0.08122124553445458,-3.128578350186352,0.11128222447503867,0.028536913169554007,-9.475146576601608,0.08876663303534853,1.7699290340091398,0.16496623164851526,0.0690271969604044,-14.119972587258445,1.1266430404866496,9.279072e-05,2.78636659445739,4.6622987e-05,3.5945307452688846,11658
117,0.08185015308126373,-3.0868961427826678,0.09904090270993096,0.03459198015715209,-9.519468119567051,0.0868243098777943,1.6558806295670843,0.1112686478493123,0.11124615070277291,-14.039823451452762,5.164694535301986,4.4468612e-05,3.4151104801039605,4.177063e-05,3.5029799393804693,11748
118,0.08192021509069897,-3.381246772311548,0.11610777117422165,0.032219591540022206,-9.0945941728536,0.08877662066640157,1.705871154534718,0.2514959029964107,0.040678122220221775,-14.0135311311294,3.3218643241249093,3.6968948e-05,4.156629779777757,3.7403453e-05,3.7871923810576185,11853
119,0.08261711195573318,-3.77329810470716,0.1398288096305063,0.030513440208160936,-8.1571568995359,0.08946455138300935,1.5643068946687648,0.18670901409034787,0.06636428875650233,-13.605388321510071,3.1711399760982064,5.75547e-05,3.415922184094859,5.4599535e-05,4.084707412740217,11958
120,0.08138755883246965,-4.207256539461006,0.13711478658083368,0.03338379968662047,-7.726181522820673,0.095271044140994,1.365776898292709,0.33628548154697796,0.0374726218148463,-13.369400550060542,2.5693819505332476,4.5857385e-05,2.3373518973893694,5.067933e-05,4.423387177802487,12048
121,0.08170774137877458,-3.926956847518688,0.11536485821255925,0.036555505247780555,-7.767482461130259,0.08770115877739526,1.5964289343958216,0.3301049799861562,0.051145026397827115,-13.541928717025133,2.0897085868824337,6.791972e-05,2.7911782688396816,4.7101774e-05,4.239053600138844,12153
122,0.08176110767154059,-3.9026099301326562,0.09902132032813557,0.04235958652028777,-8.058114407996076,0.09018549491720393,1.5652361385958473,0.4649029339471265,0.042728491909854796,-13.608808220822999,4.861124565009602,4.688577e-05,4.114975302461517,4.319646e-05,4.204798263452892,12258
123,0.08110253216252337,-3.6317454100915585,0.12406582015417343,0.032875745869965556,-8.529319664992663,0.09588674923175476,1.5994836545275724,0.23722775743860688,0.049999743497912995,-13.8045242762813,2.902876589681455,4.7560792e-05,4.03708912213882,4.3346598e-05,3.968365240854473,12348
124,0.08176683938413494,-3.343714150816773,0.1254213282761015,0.029816307006109044,-8.82302962785808,0.08985475968813482,1.6708348196845322,0.2519432083150742,0.04344840474992692,-13.853385273989208,8.568133563250527,4.0600513e-05,7.410227228115443,4.6130535e-05,3.7379290144467134,12453
125,0.08122533736653002,-3.2879811577831526,0.10184247672737284,0.03255294588708102,-9.134967379870321,0.0881181913732635,1.8313185851803644,0.22997493713927603,0.05217623085201931,-14.0067301599206,4.503451402936051,5.149271e-05,4.640910682501644,4.076762e-05,3.763581785263083,12558
126,0.08195095309831295,-3.0947893590074798,0.07815424006202637,0.045991204219779286,-9.428727437705456,0.08346677607888972,1.8937360760917512,0.3195716738183957,0.04157361254279767,-14.385147378052768,3.4537787574821315,6.077151e-05,6.072434554418544,3.7380654e-05,3.628216848882838,12648
127,0.08247668178098848,-3.032735797510717,0.09834516834160117,0.032642826859210244,-9.490893146644911,0.08974977244637529,1.7927823687871212,0.2069241852828963,0.05351839815645758,-14.105979325927425,3.1281293709682045,3.9057853e-05,3.9602453093051526,3.378992e-05,3.5230036956178354,12753
128,0.0817389161003147,-3.4883480198222876,0.12442373235876542,0.02915992523368552,-8.967271300040277,0.08920393669940481,1.6297201177475404,0.21279415116547867,0.05270870570405685,-13.989397172147523,2.4236761473389263,5.5919685e-05,2.962938606337662,4.4452565e-05,3.850267467279271,12858
129,0.08216411018764394,-3.892754826149162,0.13964005361617096,0.03017008331196336,-8.127022495880457,0.09496516693386654,1.5207250859776535,0.24690148784815286,0.04260232683341889,-13.654041209056212,3.805170213326776,4.3304513e-05,6.4386790229163635,3.424771e-05,4.1792517181463635,12948
130,0.08255363570961126,-3.9847796873573045,0.1348005835768905,0.03162544156941231,-7.634986966069959,0.08969774839234618,1.4304267810647533,0.2776625130718357,0.05594821561873973,-13.341889806502282,2.7989303001431796,4.416178e-05,2.09732850781515,3.9199378e-05,4.233744197842219,13052
131,0.08305761362093118,-3.897322181952956,0.12479869905892184,0.03388561258047154,-7.853504038450186,0.08843988960293614,1.583722926152602,0.24856213092875462,0.060192160484903154,-13.532718746092048,5.060160243093892,4.165004e-05,3.7071977265654863,3.0532367e-05,4.206815719373017,13157
132,0.08282909934598691,-3.8154281570351927,0.12899035051259644,0.03320131124758658,-8.013323960096129,0.08932518801581056,1.5423476511908474,0.1949353542175457,0.07073328056167366,-13.467846086926842,2.4210134482322823,5.2976302e-05,1.7434522537107615,5.097926e-05,4.115377054247993,13247
133,0.08285776467754083,-3.503260803917253,0.1242876998229622,0.03135256487717615,-8.54944957551357,0.08825707776938028,1.6959273407217699,0.2130112886040775,0.06153655371060717,-13.668681624802424,3.256130371032558,5.30619e-05,1.2591283991566826,5.7164794e-05,3.8921723760993125,13352
134,0.08236353829599866,-3.3859285504190075,0.11696160945048048,0.032095673223299495,-8.780786194235162,0.08731247737528894,1.7823844344774218,0.20167173022390528,0.061426676912754795,-13.878874753539797,4.832666105660627,3.5731617e-05,1.9389596328394443,4.006404e-05,3.8264090765115486,13457
135,0.08238000042209664,-3.368566498706091,0.10679808115498642,0.03366875492014332,-9.118777364147938,0.09025046088388114,1.7903669580426533,0.18072350700407164,0.06336961125223635,-13.901070408303912,4.563472531072087,3.372614e-05,1.915027215045647,4.3240558e-05,3.8147941098643736,13562
136,0.08185391196869872,-3.350452908913177,0.11014545297580594,0.03018297301787216,-9.423415370310174,0.08750493311262889,1.7578437518855554,0.21237464873810924,0.051551409275380884,-14.189944329034265,4.167233378175193,3.768502e-05,2.3314305629708425,4.8387752e-05,3.7835894796988554,13652
137,0.08148983005759448,-3.1982036788798047,0.10344373990160506,0.03417868313091133,-9.487445187783313,0.08959819726597835,1.7966122270347828,0.2118003359397722,0.05151594350428218,-14.218609155873697,5.2081785907383065,3.8116294e-05,5.466651455792551,3.504324e-05,3.6682860120131306,13757
138,0.088057868258377,-3.6899666599210534,0.13214388062906196,0.021464540071187022,-9.007526788870116,0.09039575945759376,1.6127271612472631,0.15126463832342943,0.07300265280497273,-13.88099391072728,4.073032730131668,6.540287e-05,2.3388197796127668,4.7397894e-05,4.02700171938796,13862
139,0.08330982958992111,-3.5225853736657418,0.1137644757027919,0.036715364627405295,-8.185051911986202,0.08244533035455615,1.7870258520973346,0.2687603259134342,0.055566988051825535,-13.79709186192849,1.2738470086426192,8.716728e-05,2.2629033999369446,5.6269575e-05,3.949945456690259,13952
140,0.08344845070857698,-3.9907475197141866,0.13921379891421948,0.03181415500115554,-7.60491222839963,0.08997211181934373,1.3955525796215271,0.272952805540049,0.050327733356746576,-13.3543749117437,5.513808242264732,3.516441e-05,1.7979145050834517,5.134015e-05,4.227721936054124,14057
141,0.08202645662128191,-4.009725085112329,0.13733094949139182,0.03176870253747142,-7.756489241306497,0.09611040253376445,1.3418807279859248,0.22455260866938306,0.061234475014248294,-13.366536504262546,1.3509222425106175,8.13987e-05,1.4886240908409305,5.4145537e-05,4.228302158824404,14162
142,0.08272669255108382,-3.7262355888789664,0.13862543738106217,0.030445101046020415,-8.093127717654944,0.08696665434621245,1.5658858550334385,0.21121243702820372,0.06520406402089364,-13.613237357449526,1.3508896116743438,7.8256664e-05,1.4090576933046994,6.610829e-05,4.041884483112052,14251
143,0.08193751829750444,-3.7099345511994932,0.13478047116172012,0.028575154225239204,-8.461626901328287,0.09526399478372492,1.48224412720226,0.19246509678167098,0.05949324777452956,-13.600327476455757,5.5269798866290865,3.7147864e-05,1.9146569434767071,4.822809e-05,3.9950797272156375,14356
144,0.08113729747045335,-3.588792108184278,0.10322708066950786,0.039119400081307924,-8.78474283517112,0.09011500004555544,1.6313788965439762,0.29170800850113515,0.04264452016819626,-13.978692326822964,3.935262201742333,5.6567613e-05,4.9456290392409645,3.8766644e-05,3.9421854218002985,14461
145,0.08200342764337376,-3.4959577176976473,0.11125432736379076,0.03180107380601875,-9.169919138952567,0.09010053346292012,1.74272023785378,0.22621010973484584,0.05106793457206989,-13.944778058826785,3.7338487397878763,4.3285236e-05,4.430740989932487,4.1135918e-05,3.9062506564933694,14551
146,0.08193933950681094,-2.9909362488563978,0.10003068701685197,0.03624997378883774,-9.44299517660474,0.08322861506962492,1.8744986275641768,0.21128622160586222,0.0614879823859751,-14.085319039376875,3.650997277073425,4.1984495e-05,2.2087028250059304,4.9974362e-05,3.529793867843158,14656
147,0.08153721317378379,-3.2862256050051992,0.10515082278693619,0.03163373913856292,-9.429007047700326,0.08961501067002484,1.7713369277852755,0.17537618115829243,0.06138199709066322,-14.217175831724909,2.530916742246383,4.891491e-05,2.794697932383802,4.616027e-05,3.733217545057824,14761
148,0.08307414654429342,-3.109353445684471,0.09715806737863916,0.035979958388808894,-9.0562850026181,0.08320713514431884,1.8643188497442993,0.19884836930006075,0.06903642258468681,-13.947887141267067,0.6515213811623006,0.00011837114,1.2661148106487246,7.397775e-05,3.625432887766894,14851
149,0.08189216095862742,-3.837219634736954,0.13618403231430293,0.032160425431161176,-8.118332414896944,0.09515945003895912,1.433937617758335,0.21650198912449967,0.05267078126391063,-13.639695765575107,1.3217535204800126,6.732867e-05,3.769485394824775,3.4919012e-05,4.096392512544819,14956
150,0.0819885556387818,-4.005829827589789,0.13324785713556314,0.033807565612858435,-7.669852316223949,0.09148557616639218,1.3213022474677683,0.2293951733313002,0.06065486302251431,-13.370905550734264,2.687145913971005,5.7791836e-05,2.96850482896975,4.6288857e-05,4.21811714355723,15061
151,0.08234852649066761,-3.878353648655547,0.12289938474983522,0.036730682454647175,-7.79130272030577,0.08948758410647548,1.4302137537624886,0.26095391636090154,0.05752838198902943,-13.346970535096782,1.3466374250336106,6.981604e-05,1.5335185947513437,6.505534e-05,4.133659202872339,15151
152,0.08203689588859225,-3.7745035597536774,0.12812734060810277,0.03211202983027741,-8.00515095652637,0.09539552436185984,1.5579606918622568,0.28961318875610137,0.04495286567897084,-13.65817072079415,2.7085549244876104,5.3664415e-05,4.071768990665839,5.025538e-05,4.083395479252665,15256
153,0.08228519184925796,-3.515049432169063,0.1318657663730757,0.029363502437209286,-8.556423168255803,0.09068002286065771,1.6936320646974616,0.18930903511711958,0.060273135009131534,-13.682159572505558,0.890510559540895,9.5458774e-05,0.5884676261927227,8.979563e-05,3.9017895998071754,15361
154,0.08157300037248062,-3.3448984092664644,0.08689462432415508,0.043484474790781755,-8.754855332287107,0.08196081205445221,1.842924462488975,0.27120187126198103,0.060839827765211435,-13.926261178428017,0.8135583138946186,9.8053475e-05,0.8377199700435686,8.804114e-05,3.8189941009058397,15451
155,0.08323910412403254,-3.242823095267523,0.12322019740926278,0.02939231206951716,-9.179105339614647,0.08750366858909361,1.8683599491050635,0.18763537083138157,0.05972121262704947,-14.03779808572958,1.376766722838855,7.7613375e-05,1.9985523819104076,5.6333236e-05,3.7425486672347117,15555
156,0.08214892269566416,-3.1670514979629054,0.09856382596640835,0.035038901144408954,-9.399439849331111,0.09040480879861947,1.7792615979751976,0.2769642432864068,0.04059572598037849,-14.135024796500868,4.641409676562439,3.7744037e-05,7.138381865372269,3.8306196e-05,3.6326281153977678,15660
157,0.08235261033838974,-3.1475189389278406,0.10592914487210105,0.03135915916484073,-9.471031929629277,0.08615154069123396,1.8519264822216828,0.20347273811792677,0.05117196641346006,-14.237844605227124,3.304137477575841,6.285402e-05,2.50513260821806,4.6409823e-05,3.651918285841486,15750
158,0.08313070394831736,-3.313034326676558,0.10592098950248004,0.03420550702338723,-9.014950806921766,0.08827978242807549,1.7288367533780877,0.18959470822171345,0.0672076819941155,-14.022846484683336,0.6123164239814805,0.00016201178,0.5541905144561068,0.00010979245,3.736987151378511,15855
159,0.08638373522138645,-3.73386548409385,0.15040051262899726,0.02262530664432391,-8.121596137845557,0.08988798381530595,1.5208553148715396,0.1763178782624591,0.0720560059317204,-13.546217542840454,3.2735922545994782,5.340827e-05,3.070776291286406,4.9862705e-05,4.031718286547364,15960
160,0.08221556003195228,-4.040942713164622,0.14033761729094413,0.03238888301895335,-7.735087845950493,0.09656313918839315,1.380480364244202,0.2856399209202245,0.04558618279669325,-13.479394453905805,3.21577961948034,4.833516e-05,5.0189722753395305,3.2816846e-05,4.270239343074584,16050
161,0.08203520484713821,-3.935539427567736,0.14252386341855167,0.03248557630762118,-7.758640536226756,0.088874442252056,1.3994788977062782,0.2307392376357051,0.06071684809043579,-13.326513559684967,4.586576472080818,4.7818725e-05,1.717493532696219,6.386424e-05,4.176962026529013,16155
162,0.08213321096584437,-3.9362431157952718,0.1167126337956015,0.038736621847041186,-8.07575141645788,0.09029519465245038,1.4179534873270927,0.4044604639830262,0.040180621107169974,-13.635743912870206,2.779686776313906,6.259004e-05,2.5141040474139564,5.5298213e-05,4.183850135804189,16260
163,0.08202412844335795,-3.7191716686443046,0.10238350086467209,0.03698190429206227,-8.465848341433409,0.09317413969848493,1.685123244913238,0.3931101883085901,0.03796871064527702,-13.9321439997772,0.29873829275744923,0.00019121505,0.41115116156838194,0.00013026778,4.083121140915781,16350
164,0.08187189645238459,-3.588304537827109,0.13998170187529105,0.026111517199171836,-8.676230934392771,0.08691451634508007,1.5153803846744234,0.132114301490676,0.09559762212062128,-13.672879856730093,1.5864585243840528,8.293766e-05,0.7278183256181172,7.551154e-05,3.8951645878507657,16455
165,0.08238566864997526,-3.260259905072599,0.11102106507271314,0.030726670919773616,-9.061312353614156,0.08488151370154087,1.8126911769308385,0.15124248338819127,0.08615260778582087,-13.992497113218747,5.714697820157305,3.6037727e-05,1.1283348036755791,4.874869e-05,3.730300785666875,16560
166,0.08250516362037422,-3.027255928298449,0.09670349685505954,0.03497229491756041,-9.409400902199748,0.08223266125101915,1.8262576925639302,0.17097799954012297,0.07443242265357289,-14.086401086445601,2.613939423730401,4.725741e-05,1.4563809111811585,4.4446737e-05,3.535462574411874,16650
167,0.08230235958255933,-3.1075327527333045,0.0873284290715901,0.03798104647320899,-9.478143719330534,0.08630438702586221,1.808622414399298,0.2148213530643451,0.059279655029716806,-14.139392600912988,2.26480607611148,5.248044e-05,1.8860926256781876,3.8736318e-05,3.5955354048010393,16755
168,0.08529294670839356,-3.3425510734861934,0.1256263376094108,0.0269081712816536,-9.064439280933636,0.08669407743032699,1.7686760966868043,0.20105897773892326,0.05460036387913785,-14.040671691967892,3.4752237550471023,5.824032e-05,2.3887123390940417,4.5658064e-05,3.7816481610344153,16860
169,0.08170632700746662,-3.981368257084641,0.12833405411788168,0.03277236967379198,-8.164128958857694,0.0972267914957987,1.3571598344590807,0.38271642153937346,0.03370688575183791,-13.610329918516296,3.4215909810370295,5.367078e-05,4.736655893529234,4.7747042e-05,4.206325714301045,16950
170,0.0825798216573172,-4.169439682559887,0.12961367878170277,0.034805368703866725,-7.671502364175512,0.0878511258171582,1.361180737295168,0.25157482883758275,0.05756179710897644,-13.370903220397327,3.738230242538102,4.1862906e-05,1.209846765261422,5.393425e-05,4.386005046290817,17055
171,0.08111662557555058,-4.215925989339657,0.1259697066501679,0.03350190878992233,-7.759722173129585,0.09010666639818696,1.4094538185991399,0.29644708087735633,0.056192142354867816,-13.514853876459469,1.9402581480636898,6.328315e-05,0.9557947918293312,8.2225946e-05,4.445288743642337,17160
172,0.08196887622198848,-3.8549024151163023,0.1420749291601718,0.03025868922590225,-7.95638356964932,0.08947271878405956,1.3948431020632397,0.2787483104590001,0.04384240719048445,-13.489016937937864,3.430572422477634,5.441169e-05,9.294934650335128,2.9412111e-05,4.099495079816892,17250
173,0.0818115402088756,-3.7768472086134763,0.12549853468332534,0.03114975570437151,-8.438041748816739,0.08968296617941506,1.5697548446206282,0.13578252054431278,0.10412775546306978,-13.806377040993796,4.3053239138523,5.011877e-05,1.3117380441920432,5.277194e-05,4.090073973587928,17355
174,0.08294642743073609,-3.639057097285606,0.1092203055821463,0.03403243568717245,-8.748621854874102,0.0883573752248211,1.627345556079908,0.23030425667047397,0.05516556896352819,-13.742214009274287,5.532883367352313,4.5137273e-05,2.035508243660025,5.6215024e-05,3.9863504758359825,17460
175,0.08035449208613607,-3.2621022470419474,0.11606957396100816,0.03214011754490676,-9.063377160727859,0.09161493253526476,1.611067428931691,0.20166041014741087,0.0519197520868528,-13.878913018457542,0.9705461553722063,7.767662e-05,2.559580451920462,4.2723572e-05,3.6382481128588102,17550
176,0.08655087123785928,-2.9994802560893548,0.1230795794784788,0.02408897052413351,-9.387520605735542,0.08713004416547929,1.7718056958540882,0.18299149293610498,0.05939336214470202,-14.085989628067884,1.7169878255422648,5.73089e-05,2.817055462612902,3.5030047e-05,3.483701656360781,17654
177,0.0808155954563557,-3.0573780710834337,0.11185671567686771,0.030431810122947753,-9.458285330084585,0.09011807230338639,1.720315060409826,0.17572485164191512,0.0614586852413017,-14.017659442165607,1.445708825009549,7.4577474e-05,2.009563834888208,4.827081e-05,3.5081397601313893,17759
178,0.0819745742614225,-3.3464072753956486,0.1047202644733516,0.03169086017635228,-9.065135898373818,0.08905858656448976,1.8226642507137558,0.22791853247286153,0.0529256909551102,-14.088586243092738,1.5830176372728326,6.159473e-05,2.3811277293788797,4.3628927e-05,3.8105835017292122,17849
179,0.08154834756117298,-3.8576897855827053,0.13420303474309414,0.03223737758367576,-8.143944739129214,0.09581402638870547,1.5001972546283306,0.2448533537544456,0.045519325805203785,-13.681966661692972,5.182893930948775,3.4666904e-05,1.6698583089941237,6.433762e-05,4.139125787480192,17954
180,0.08288159700107128,-4.220185687578871,0.12109173142863812,0.03658173176235962,-7.650393397007936,0.08854510421789162,1.4571066762774816,0.3067022996745617,0.04942547947347371,-13.341146723385904,5.137639650463942,3.8457027e-05,1.2358269441275342,5.9798487e-05,4.464653077641975,18059
181,0.08234807545598814,-4.138734920907337,0.13379469821840814,0.030867305414134863,-7.8001827999373905,0.08840253539073195,1.4991394042922186,0.1221429468546058,0.1221400438921237,-13.448539168874992,5.001780919267672,5.3123167e-05,2.5483829877426922,5.190707e-05,4.401879791525377,18149
182,0.08601123336934205,-3.952519050835211,0.14347656835972816,0.025717867602321833,-7.9066044216509,0.08920373903669117,1.4634945438326858,0.24160853532302165,0.05374932467453057,-13.528307524565859,2.806633603885763,5.2661595e-05,3.0223333254050755,4.420917e-05,4.2147625232085515,18254
183,0.08137621486749012,-3.7520315934484803,0.12469605037118153,0.03088130627269538,-8.474826278848953,0.09362180946239321,1.5934550311863052,0.29486847942132666,0.040902513405923706,-13.810248986554019,0.8504008926375409,9.18336e-05,1.299212140782351,5.852259e-05,4.076375843153878,18359
184,0.08068796956947419,-3.530290394548785,0.10965388710390109,0.03259140443230324,-8.752406626826376,0.09120300330069174,1.6369307246153362,0.28848581744268653,0.04324958250162507,-14.009343906664016,1.4643817622637643,5.7203208e-05,1.6822771013212443,4.794726e-05,3.8913355634066185,18450
185,0.08108016083931437,-3.2310186599933717,0.11132934385907321,0.03202485859856151,-9.033280452636067,0.0884551917660286,1.6548465021046126,0.2407467370163456,0.05153653082065858,-13.869072726245998,1.6085685088619626,5.5047563e-05,1.2992338018567442,5.7855777e-05,3.63015130907146,18555
186,0.08164439852426685,-2.9870319360811233,0.10987154330297742,0.030985142161610833,-9.437415464890055,0.08878632811649588,1.8217521460996564,0.1624861566177858,0.06301375466080107,-14.088272455669749,4.784622674202888,5.962238e-05,1.1207259581069122,8.145852e-05,3.498734152373862,18660
187,0.081087129684472,-3.0414240574396065,0.09145477475720691,0.040027462534645945,-9.450762871731259,0.08834951770754619,1.7611613508520205,0.25863072352584254,0.04581967111896423,-14.080992682221796,0.7825023531371007,0.00012191826,0.932503377367264,8.311352e-05,3.514534051749579,18750
188,0.08617527785912801,-3.3514566395054715,0.1253093143032867,0.024538048976508076,-9.02678265737019,0.08957438215241327,1.8039659455107528,0.159967204393214,0.07547876419376778,-13.923085361019922,8.633499915237001,3.8212926e-05,1.6927944846969774,5.717112e-05,3.806120694230257,18855
189,0.08175910064087874,-4.043960695149653,0.1253273860258737,0.03383602915659665,-8.18560163592101,0.08751750899883777,1.5312958888149293,0.2501930591729322,0.05569432409946075,-13.762111014993653,5.799649029438835,4.726789e-05,2.7650628987447554,5.268252e-05,4.32417451116589,18959
190,0.08299479018254596,-4.19225528064007,0.13579151304839232,0.03211811097523745,-7.6615356692917125,0.09605259895779696,1.398492799899068,0.24930578064610517,0.05175527008801784,-13.254213447556307,3.003403956619169,4.5780598e-05,2.6117465744274564,4.276488e-05,4.419364937343835,19049
191,0.08215618856407288,-4.180045912557604,0.13704288490844407,0.03138189951494656,-7.686375480308808,0.08967912757888111,1.459442236094873,0.2350619330666932,0.0548066945621424,-13.404708351537215,3.6357724910369833,4.1210358e-05,2.3199692780273553,4.9856273e-05,4.427499912093408,19154
192,0.08205941953896322,-3.894114458521898,0.11796272251350741,0.03858751903392253,-7.961805919333877,0.08899431479592436,1.563503553414065,0.36428011875251276,0.04253216569494517,-13.659054728620454,2.958974180320059,3.980176e-05,1.8410572796571716,4.711736e-05,4.1962686731914225,19259
193,0.08199976875415743,-3.640471872221158,0.12820234834013466,0.03141251523418884,-8.45755294346055,0.0893102643347481,1.5931689974209338,0.19792083467104307,0.06288800321743943,-13.683212936067703,5.252263421617143,4.049159e-05,3.6125638702835694,3.9046412e-05,3.973817170778828,19349
194,0.08173672476859112,-3.3167391789693785,0.12790141659477017,0.029600291219548512,-8.694336365656085,0.0875690805176954,1.7640679613629584,0.1900448303784723,0.060211865888025934,-13.952839187828888,3.729973267172541,3.4157554e-05,2.7906373877812403,3.1998647e-05,3.756686645651688,19454
195,0.08643605308396689,-3.270020169410114,0.11378790151416926,0.026352176825185245,-9.146175212632123,0.08190703854185967,1.7726618982846991,0.24166194913442324,0.05862231598709012,-13.940589375814783,1.7100870274854594,7.144256e-05,2.523119112844702,5.7053883e-05,3.719591659574914,19559
196,0.0818259001957925,-3.0990246152696104,0.1145278829220055,0.028049219540575796,-9.366336416810281,0.09032127693556456,1.7904979516856832,0.19846256960167197,0.055350680739876326,-14.002633750087043,7.820762729931942,3.2329786e-05,4.980092697838042,3.90041e-05,3.579083190013552,19649
197,0.08255733114046458,-3.117554352879328,0.09622653322785293,0.030919791246299417,-9.506314465774581,0.08894916175255313,1.7982301927175854,0.20054411254879648,0.06066088311199317,-14.109125334062401,0.35631706483373726,0.00013266921,1.321873141770654,6.521901e-05,3.5989966614541293,19754
198,0.08253768210573391,-3.3528210247469725,0.1234924876938919,0.03288870226718814,-9.048804253110733,0.09027627216039086,1.675772691143355,0.20321519045215813,0.04957584550972077,-13.787818642829695,2.445354550111699,6.957766e-05,3.0603499606330296,4.9938e-05,3.7482826649503345,19858
199,0.08198288657871465,-3.9941807531589806,0.1210719459580991,0.03335251678962756,-8.176784597849897,0.08892703983615431,1.571193709672383,0.2519523370605539,0.05675383077658744,-13.692437888023527,3.1328942640432245,4.4975004e-05,2.3962921047545276,4.4526783e-05,4.292100833184107,19948
200,0.0816929905237324,-4.16980784581996,0.12811424486152,0.03346193884737893,-7.667716223857167,0.08937282505640323,1.4690953383426488,0.2955733912188617,0.04601968011252341,-13.414037065709955,3.150841138713223,3.7889913e-05,2.987422830646998,3.9123093e-05,4.421033655628714,20053
201,0.08175471428879316,-4.189831268722633,0.13514260859390578,0.034008544178108085,-7.7362798314256445,0.09444318163656627,1.2848660015491886,0.3246238877015937,0.040275388678182096,-13.323342839504233,1.8482376376056502,5.566403e-05,1.594873995107452,5.225656e-05,4.382415624093967,20158
202,0.08195438186321088,-3.9924079797310505,0.11441963345370594,0.038217655086345434,-8.003759615502076,0.08979735116380555,1.5681355600449634,0.2982202248745538,0.04926249796725797,-13.61915890009682,0.9397263617892148,0.00010524645,0.34870682386786056,0.00012764127,4.289332187100657,20248
203,0.0826394243307633,-3.6782072728381725,0.11715535503329655,0.0346804280485531,-8.416616166028422,0.0946246650854687,1.620585733634426,0.24826473325567913,0.051053423760956534,-13.678376576907974,4.503675156194817,3.7341306e-05,1.009090588017107,6.7532514e-05,4.019391354672876,20353
204,0.08199369712329398,-3.405482571640677,0.11602225455504603,0.032851223655389304,-8.710530159937532,0.08897238749215412,1.6768464995026289,0.27082969571699744,0.04530069078347417,-13.936708285061387,2.3918420328737877,4.219976e-05,2.142665492393648,4.769773e-05,3.7959354220853943,20458
205,0.08192688178216302,-3.40406209564263,0.11364874516202539,0.03047522806151998,-9.096168668662907,0.08993217759991005,1.7921670417330025,0.20470657829261069,0.054675350438730924,-13.977906197371526,3.362279658271587,4.81377e-05,3.0983783270352365,4.944654e-05,3.8470120166779975,20548
206,0.08141079563719392,-3.1879500946548736,0.10850828758581241,0.03254924406074461,-9.330725211534553,0.08785522687735806,1.7524772915961317,0.17136895012229048,0.06729335464655742,-13.944057517036102,2.910055952610345,4.4413755e-05,2.881434172403326,3.5690926e-05,3.637884338948963,20653
207,0.08196274747475417,-3.009032768027349,0.08855628249944289,0.03549829003042335,-9.47508407734621,0.08625673041707572,1.9711552301155946,0.20369046719128442,0.06466066736784329,-14.186749547069928,5.087609331202458,3.354411e-05,1.1994554437933727,5.3046526e-05,3.5971837790519396,20758
208,0.08272511899893464,-3.3148252795800435,0.09779480688872934,0.03587684374856935,-9.010485578741275,0.09063412030995789,1.787295961787306,0.2135864627952486,0.06820455941537741,-13.91127089104269,2.5855418593813466,5.1269206e-05,2.143874471129321,5.3897016e-05,3.7659651470989646,20848
209,0.08181677529337808,-3.7509013348254627,0.1286601026825281,0.03280840081099303,-8.182518682657433,0.09091846410126771,1.5611103271099516,0.2556932257588461,0.04946297835764681,-13.625320661515785,3.0101508736201144,4.9136175e-05,2.121553201779974,4.4618642e-05,4.062797838559627,20953
210,0.08322238560660077,-4.037848196047579,0.14084588308607063,0.03300078885503972,-7.662641638959372,0.09097490859469273,1.4611868041028433,0.21554772942222264,0.05883807170011653,-13.499385646571687,3.494321969611781,4.6485224e-05,1.127428929141459,5.677649e-05,4.294098849678355,21058
211,0.0810499337808459,-4.116496685081478,0.1423079278376979,0.03281592063999257,-7.666275063607944,0.09626392148947281,1.2784784374293505,0.29501626259958325,0.038579295873898925,-13.327336186776028,2.2477958251017327,5.537282e-05,1.497191659830544,6.841653e-05,4.31045845279346,21148
212,0.08258642453912676,-3.974789616688475,0.1392106384506817,0.03041692221611289,-7.9103047416173835,0.09398057161709729,1.4962779366474248,0.22440212993010364,0.05450718203297033,-13.523679334290724,3.521289667825666,5.771122e-05,2.606633209714838,5.2234314e-05,4.247093142448419,21253
213,0.08263289579443267,-3.8231678403021054,0.1184967218068772,0.03078606445000246,-8.415402355174002,0.09010415568997301,1.625707143424588,0.2917352749871104,0.05020224363441039,-13.797165568547145,2.4064280477619335,7.0904054e-05,1.494027225739882,6.1099585e-05,4.154459778515372,21358
214,0.08616783537670655,-3.766724688531353,0.14409413643820126,0.02328393789957328,-8.662666933044857,0.09401750776024802,1.541118731302145,0.10844730243832625,0.108445845083976,-13.72300308768901,2.225282587626959,7.517236e-05,1.3740329774736488,6.403118e-05,4.069798744798316,21448
215,0.08643258786494411,-3.497406920509909,0.10533453034971817,0.027607810205158543,-9.093659559100512,0.08772748140607836,1.8910725428007844,0.2528443550530832,0.05089649204424197,-14.150121846810322,1.4268658763800748,6.6409135e-05,0.8905877710868414,7.09626e-05,3.9759288889221382,21553
216,0.08193866499625505,-2.9884162054525034,0.10131866774236349,0.031930844777416,-9.363586354652087,0.0802459692636018,2.035934066916081,0.11557401152017689,0.1155666155063667,-14.013679734968646,6.381089233131665,4.5395296e-05,1.9001845975957958,5.372551e-05,3.616028061539428,21658
217,0.08074164049505059,-3.156115325837005,0.10239692264671513,0.030638305304697615,-9.460093734643133,0.0887731326493822,1.8556776351731954,0.18245809809456875,0.06244943846499802,-14.027181420091958,0.9578757186128286,9.01679e-05,1.0723670705148722,6.9291345e-05,3.661229770946534,21748
218,0.08181270304468283,-3.2993713558363553,0.10723659868373557,0.0348023069877468,-9.056482697922654,0.08797257323222443,1.7859529287574527,0.2690920616202746,0.045154233751182986,-13.974331404593597,1.9194577540824758,5.141396e-05,2.817415524328738,4.2108495e-05,3.751730161865423,21853
219,0.08214102976505334,-3.754322596510693,0.12856951765124877,0.03324908341177734,-8.184009168122303,0.0882136836464789,1.502324759976493,0.2228168771972267,0.06035355793989,-13.557722874367725,3.924075031236512,4.2581734e-05,2.5685046989730265,4.0827228e-05,4.043750467463246,21957
220,0.08226106404124522,-4.008129572748227,0.12945132452076388,0.03246633949380011,-7.664715853257922,0.08858708268366101,1.449701800572516,0.2789936187954707,0.05553408402245982,-13.509445792393494,2.1255384315337578,5.9348386e-05,1.1687528704199852,4.707619e-05,4.2622456501851325,22048
221,0.08212168003918008,-3.9796287030532613,0.13418175101817997,0.03247050178909764,-7.736198245038793,0.08851104029245692,1.4382153364148513,0.34018279746559693,0.04393061974709717,-13.488539135915563,3.4467615701089973,4.029196e-05,2.7783283102853193,4.1262898e-05,4.231537305526712,22153
222,0.08223310480194237,-3.91347748223737,0.1376019589389702,0.03194206344891247,-7.936109047069283,0.08887155478228058,1.414524776399351,0.17182065464191806,0.08721211097922313,-13.423983875872185,10.11404686956723,3.8852166e-05,5.203427387836185,4.8551057e-05,4.161272202947865,22258
223,0.08215365526951562,-3.721429202910854,0.13770839654368147,0.030030797271712473,-8.449687137008176,0.08822737118896257,1.5442402757485267,0.17383722321937645,0.06714243633628941,-13.797897416074754,2.1916321696956365,7.236084e-05,1.299771086716781,8.167628e-05,4.029108256366612,22348
224,0.0862326145169019,-3.7918007252089865,0.13111855873306924,0.023684718430790425,-8.687622137105228,0.09500882664297712,1.6304854493978054,0.19934410419494772,0.06032306160912184,-13.77751947384216,3.2950834323107276,5.2635118e-05,8.474763940686197,2.783891e-05,4.127497491264332,22453
225,0.08224322451892707,-3.4971241697916717,0.11060216790960258,0.03268038540545828,-9.086707452164298,0.08978736252115481,1.8326994500647713,0.2167536540080906,0.05436776655486757,-14.0538010583261,1.961838319929426,5.1620023e-05,3.537611444088774,2.9667153e-05,3.948248311999741,22558
226,0.0799056341561673,-3.299855388488318,0.09475918422174325,0.039919597515284046,-9.390325214579265,0.0899573989219947,1.8341981248579882,0.23750367477240839,0.0416322831231572,-14.085931296011598,9.096788790947553,3.49562e-05,4.380062206202818,4.575932e-05,3.7753580421157342,22648
227,0.08048382754241142,-3.162258899513128,0.10137424177844565,0.03494810390932532,-9.474216305493542,0.08906804975457698,1.7893335677704176,0.1948716735252357,0.056358311403279196,-13.95732424059868,2.386309555657154,5.6152992e-05,2.602658298313604,5.452145e-05,3.633400055636592,22753
228,0.07506087874695033,-3.247262838518616,0.09325069704474613,0.05124007275199128,-9.028408434593054,0.09259125986226883,1.7548610562982143,0.25261631916408983,0.04328391663242184,-14.015416188589468,5.141155003185456,5.3882075e-05,2.585065796424328,5.0045684e-05,3.6911046137079433,22859
229,0.08263801832604079,-3.6902348241476943,0.12321911273503351,0.032561812220944335,-8.193270818731904,0.08969823600290623,1.6068134216557226,0.2858145297596503,0.04764261845467274,-13.633966686333935,2.0738801258403092,5.719192e-05,1.97485836707099,5.7881243e-05,4.024882908777016,22949
230,0.08130339397147539,-3.97796441768677,0.13814463477073957,0.03225851766555424,-7.684315968833514,0.08787841576432137,1.3937293421536372,0.23883768281735798,0.05843709690909964,-13.266828143390082,1.1728513111011831,7.7475845e-05,1.1488006212203181,6.386416e-05,4.215054256775594,23054
231,0.08243560523710879,-3.97573538148096,0.1366282488314043,0.030999482915769244,-7.76358346093122,0.08943157412986566,1.4712346682559891,0.2134035889677268,0.06606461085288111,-13.474955432765459,5.227927848215549,3.988453e-05,2.2319309727608956,4.479979e-05,4.239222012661977,23158
232,0.08177756818960912,-3.7529115015045167,0.15792663805455898,0.028697139776673056,-7.947487148606131,0.09660027225178652,1.486811263329833,0.17279539079360773,0.06182219136088655,-13.4002920386398,2.697970512010709,5.823009e-05,3.4512692312810667,5.9595906e-05,4.036700691268717,23248
233,0.08251198566351325,-3.7349825302509427,0.13211108884870615,0.02968584812273857,-8.407819379940975,0.08925369226091938,1.6639914923032744,0.17740278787822814,0.07081896643455475,-13.723985272256382,3.5455869603812986,4.824072e-05,0.9439281855161015,5.3499716e-05,4.088882755440343,23353
234,0.08297211496724449,-3.501183543654344,0.11685162996043831,0.031289034633455115,-8.729298964383956,0.08749089976631882,1.7733945045701098,0.20511478176441109,0.06360833787623205,-13.88246623690287,4.741687518395481,4.008102e-05,1.7074539525945178,5.3151798e-05,3.9246928892838806,23458
235,0.08160269613049279,-3.399221316093755,0.10706674019493503,0.0339269261969232,-9.044261517315684,0.08918588515370499,1.8205425016256347,0.2664516097421022,0.044215913723992424,-14.009076552514376,3.6674955531411007,3.909293e-05,3.255566866503551,3.818368e-05,3.856044677647224,23548
236,0.08091253873826489,-3.3081122869670128,0.06690450631677537,0.04778795811286532,-9.427432015510762,0.0855837459564256,1.8884946332034092,0.16084973671669878,0.09644415908419851,-14.126541626602998,3.761668908868412,5.405652e-05,2.237520500981529,5.1463157e-05,3.8092018695286023,23653
237,0.0861339887481093,-3.1598135931256053,0.11196872939183154,0.02751449958984645,-9.461936808898516,0.08812789973833261,1.822673260592126,0.1866863782940898,0.05831368145176796,-14.009968586884714,1.935007226795277,5.2982978e-05,1.6734159781247415,6.513795e-05,3.6478157516764576,23758
238,0.0813219979475023,-3.2690243672028343,0.11047131716215086,0.0319418384479548,-9.067057678838964,0.08844097690715488,1.7964495740287105,0.26477460892786436,0.043879901227137155,-13.991654066640583,4.1592730161733344,5.1578343e-05,2.9082837032827196,5.2892196e-05,3.730114124982482,23848
239,0.08231311233082496,-3.7288193510680534,0.13479313475364205,0.029938312355276775,-8.228008675085336,0.08316746535304845,1.580374568433694,0.20163800849147875,0.06741261522373068,-13.665072668173753,3.770269113579603,5.2050804e-05,2.2309489017482704,4.5873334e-05,4.049898459153212,23953
240,0.08192096621431744,-4.168637336950037,0.13218392277265814,0.03358226147358166,-7.573899067585672,0.09684832234254973,1.4138077791854589,0.3481193122299744,0.03858806541408712,-13.326845532870948,2.643066439243693,4.8684462e-05,2.607538827929053,5.7026904e-05,4.401862070022096,24058
241,0.08210782720728453,-4.221578216748725,0.11739789826896448,0.036646625477903996,-7.693818894418749,0.08921117535032563,1.455231079368518,0.36046987574729855,0.04701954815846909,-13.548148263443153,4.1724710476167255,3.8423233e-05,2.0804067112452556,4.5236986e-05,4.465357783480223,24148
242,0.08289945014146517,-3.99382951838009,0.13895110946019448,0.03322270772300411,-7.867602592837794,0.08610684320799286,1.4109284992108566,0.18651769171776955,0.06643892500490628,-13.476975518122464,1.0957593392190614,9.96477e-05,0.9082516484836122,9.0941125e-05,4.235728207967261,24253
243,0.08223585093904473,-3.7664881456667225,0.11975163249449255,0.035137115105498225,-8.314835752165873,0.08822165225527916,1.5761781279049292,0.27264158769659763,0.04546079733513915,-13.70824613314381,4.694919177376807,3.853094e-05,2.114485245161366,4.2369786e-05,4.082985481523763,24358
244,0.0818513640687577,-3.64851092958828,0.11246378984286724,0.03307539229949381,-8.751875344062585,0.0905680759813605,1.676467012105737,0.2797810796415762,0.04453994304744988,-13.98350500872435,8.87129160144792,2.652177e-05,2.9701981694068644,4.6921465e-05,4.015242663402035,24448
245,0.08157817695399698,-3.173023561613092,0.0969578904150423,0.03833266758872916,-8.996555722769932,0.08882198570520931,1.7890644273564322,0.23784675186074147,0.0558257911124272,-13.914621946808094,3.4958460020312,5.6208955e-05,3.1110172757447807,3.9466282e-05,3.6426405323314612,24553
246,0.08171890998103044,-3.199887375707255,0.11212781119920646,0.03175928582316242,-9.284089587981596,0.08649132627480968,1.6880992271195496,0.17733138154721947,0.06621656057510898,-13.994515056173686,2.205480756670503,5.2263145e-05,2.7460347987960656,4.3452343e-05,3.6178665284684404,24658
247,0.08131561165600322,-3.088361048809982,0.12020032729752697,0.029343016960316277,-9.418859465650437,0.0909753976330252,1.791404305045753,0.1813952089714561,0.052775130591554885,-14.053923468715618,1.657045288263547,6.781509e-05,3.311849739611293,5.190024e-05,3.570308579372818,24747
248,0.08185376387236507,-3.306636709087263,0.10024103799353308,0.03610410837932174,-9.017716397211588,0.08766831307668728,1.7999160228946283,0.23940948713888377,0.05581468098071532,-13.895154639437505,1.6598316557457087,5.3706943e-05,1.0780735684395517,5.194699e-05,3.7647767550488647,24852
249,0.08184278160459203,-3.7219096366281135,0.13454498385530494,0.03165469172821703,-8.16707528284613,0.0878173207748342,1.6055100139435934,0.18329435448293213,0.07488647356542273,-13.590763708689394,1.9800608670795228,7.582503e-05,1.6958680165567013,6.7590416e-05,4.053427407527902,24957
250,0.0820457662539018,-4.221444847655174,0.13377458832569405,0.03334871961187989,-7.678220101949432,0.09061346319634919,1.4458725655981184,0.3148508746523062,0.04602629798810078,-13.302830050043065,3.216441462294406,4.2799886e-05,1.5175405937806137,5.185778e-05,4.462190502179809,25062
251,0.08162236979824926,-4.188852746132438,0.1267792454455277,0.0370373640624977,-7.657749774485305,0.09095198851746597,1.444735901689703,0.2997573993139475,0.04602286349959785,-13.357570342951156,3.0517928596413233,5.7766032e-05,2.6363422079975223,3.9105555e-05,4.430998663327763,25152
252,0.08212329981698861,-4.194483169386201,0.11437375755042697,0.03745920547623617,-7.889149010018448,0.08850173558562073,1.3977861354584806,0.3190555196443824,0.04766288948899463,-13.607278795675985,2.4361230797011237,7.143758e-05,1.7756777817637552,8.321173e-05,4.421254928042949,25257
253,0.08261749558804217,-3.833696563773101,0.12188961425703855,0.031263223920071664,-8.324965869509453,0.0866646406746887,1.5573030014436287,0.21005388671086117,0.06649887573616202,-13.627077873853107,4.110261479986956,5.6289977e-05,2.804267252080885,5.0927687e-05,4.137924839988157,25362
254,0.08152755218928286,-3.6164068075677256,0.12972410155533315,0.03052591505418015,-8.59363975521474,0.09160237794600122,1.638319174846175,0.24082467435172555,0.047512675568899425,-13.818557265193862,1.6894168307552904,8.4403226e-05,1.777362086953992,6.115489e-05,3.9701999844454736,25452
255,0.08023540384521126,-3.3424383557263146,0.13731404263348118,0.028959838397557253,-8.953906637892695,0.09632520400877982,1.604006642151178,0.20701846358639353,0.038166828353918845,-13.914986148064404,0.8434969235461964,0.0001230071,1.8369407510643976,8.849276e-05,3.7073887670293666,25557
256,0.08183149352346566,-3.1748506218046266,0.11876521899009336,0.02903464331862613,-9.285430916130663,0.08893975575017735,1.7218746242419527,0.1987961688820384,0.05209871212626631,-13.93774476348254,3.164600869905719,4.1393097e-05,1.8755567709915044,4.9390383e-05,3.6117210153030355,25662
257,0.08176819607876473,-3.0948208585555412,0.09319997187222367,0.03622109748312196,-9.499226392258679,0.08988852160699168,1.8092459514391543,0.2613497368112627,0.04148591209894055,-14.222968615568767,5.466278330861071,3.2223164e-05,3.13725657985387,4.575581e-05,3.5848691830176214,25752
258,0.08115266518756603,-3.3937962889949786,0.11209843055677214,0.032357616976597385,-9.04181587088221,0.08888960396346682,1.6855126889713663,0.21705194194041522,0.060526672058767564,-13.899389933058904,4.694605730594618,3.861914e-05,2.1371687731437925,4.4947483e-05,3.7893015551522913,25857
259,0.08182898104997359,-3.891451115991418,0.1443163967302177,0.02846214675813895,-8.172658935739888,0.09026511743652235,1.5307881191802675,0.20195695710426428,0.06330036231090394,-13.503421756456033,9.08619821389537,3.687738e-05,2.943795778158314,5.0174367e-05,4.181710661197677,25962
260,0.08230380550465392,-4.288783217135427,0.1208693371530022,0.036490457298647416,-7.6469567321632415,0.08870240416576716,1.4945284495431261,0.29569567557658927,0.05128839494675723,-13.415619452925776,3.841483062885552,5.0779905e-05,1.661258594583835,6.640086e-05,4.541726188364539,26052
261,0.08253570977216809,-4.131174633293111,0.1360476100599454,0.032592460387093444,-7.617581106243625,0.08833955279114149,1.452831308933303,0.27869580534019806,0.04906174525525686,-13.317791777180545,1.005897327035907,7.826063e-05,0.9482073071070523,9.0070665e-05,4.379192010289264,26157
262,0.08214891483906385,-3.8978427152803232,0.13120445858826307,0.032431365371908785,-7.942299227273439,0.08739388741559727,1.618571802839963,0.2863106128015197,0.04698389691838472,-13.59512900280227,1.7640209855744615,6.0542847e-05,1.1876135972356965,6.6724126e-05,4.220539362926555,26262
263,0.08260139891862582,-3.638221192790168,0.1071718385085325,0.03749571953257128,-8.441823982466435,0.0862362033162758,1.727097095160266,0.23172084362760456,0.06506973802293901,-13.802967227529736,6.155906862017964,4.2773056e-05,3.601460528310071,3.9220104e-05,4.027346250793261,26352
264,0.08259473225191859,-3.5340851290167725,0.12452233557922925,0.029118236516707644,-8.67002559297348,0.0894317540478936,1.6101966578809006,0.19321303377383964,0.06930777717327283,-13.772080422465708,3.934855811893389,5.100097e-05,2.0297938958694997,6.210581e-05,3.883618284047535,26457
265,0.08284134373062366,-3.1947419287806786,0.12020699702267616,0.028668697235609473,-9.079229327321029,0.08852085975636374,1.8646087694687643,0.10800743344299156,0.1079950923235527,-14.037425917064754,9.540450673472414,5.596441e-05,3.7331842497366834,4.9697755e-05,3.6990731075080294,26562
266,0.08214879118609615,-3.181803167119748,0.11043734112953411,0.030852917528861882,-9.300551444195582,0.08713651814103329,1.8418099464370323,0.18728291723395687,0.06101525674548216,-14.013144327410513,3.7765581503775087,3.985657e-05,1.522168764036806,4.709755e-05,3.6764296910300955,26652
267,0.08183505503618517,-2.898483227042384,0.1046723473763812,0.030507183697127255,-9.527473235263088,0.08879855267318662,1.9030773250851603,0.1562739242691155,0.07252418794961131,-14.063182002210421,6.255949253570249,4.3948232e-05,2.676713927438949,5.454563e-05,3.467406570147107,26757
268,0.08141222761192618,-3.4503969837777158,0.10239179542897604,0.035034121124280546,-9.12212168050719,0.09416838532922363,1.7564216849837004,0.2707054514339534,0.04148202934816374,-14.03074599242533,2.6127529835694654,6.0985592e-05,4.2897646201842,4.927764e-05,3.8717252589954443,26862
269,0.08179762910191679,-3.885538986652155,0.11499034164079025,0.03548547718962118,-8.194094914510154,0.09531772271523659,1.5034718078246898,0.3178662507613012,0.045689972298642814,-13.521110846474068,4.964894810988944,4.8834576e-05,2.7953393570132214,5.8635782e-05,4.1662741980956435,26952
270,0.08193135051794746,-4.193827667132892,0.13696424332074075,0.03273518212968274,-7.666727641426739,0.09344091205059883,1.4373895848735923,0.2685003361590735,0.04610424353182464,-13.405503619096525,1.8174998758033234,5.2889605e-05,3.8756155078665544,3.7852584e-05,4.433314710271807,27057
271,0.08281707452871082,-4.066392013389629,0.14783671415574598,0.029410892128480522,-7.729313529309749,0.09566414443382366,1.3982826729087352,0.19081921099633697,0.06600685173369036,-13.256084517384696,3.959396800692727,4.4039214e-05,4.446864125525856,3.173233e-05,4.300085864249197,27162
272,0.08167605635191887,-3.9642913132886712,0.14603511601541072,0.027858342438089934,-7.942678267241146,0.0912145740129538,1.5217623031054528,0.20148475491496295,0.0626161764890704,-13.44218556878643,4.40761756668004,3.906697e-05,1.3930148865481196,6.3313026e-05,4.246335611296972,27252
273,0.08186385528779408,-3.8550234626388447,0.12664800800544457,0.03116464868566886,-8.434725876167828,0.09471097788184113,1.585589146301316,0.2733801912307845,0.04416123401413454,-13.80132845464365,4.345450388805039,4.4037683e-05,2.33059964816133,6.1641855e-05,4.168368846247237,27357
274,0.08231560883080252,-3.1569088272375456,0.15100595849783702,0.02856478630818577,-8.584673073464229,0.09012145401750538,1.7795244841001339,0.17426540253980427,0.05350885090548922,-13.77847562700078,3.750100183964143,5.894439e-05,3.5176336390800342,6.2332634e-05,3.62391787062044,27462
275,0.08269516816588746,-3.360827409507015,0.10258685262061178,0.03381904463785011,-9.05315280560199,0.08125040369326039,1.8489181950887077,0.1880151998210334,0.07179292513211832,-13.988936367707575,2.6005883824362344,5.7143872e-05,0.9430192852174162,6.395688e-05,3.8358388089991107,27552
276,0.08218155030491928,-3.155850322086006,0.10073476505143324,0.031420589551434154,-9.339173369823119,0.08826549397456812,1.9224515702310079,0.2064885517648223,0.05629514949906528,-14.180878675896698,2.859640944654374,4.7403955e-05,1.8113742112044982,4.346141e-05,3.6952958332580104,27657
277,0.08122806883509653,-3.1213214257166233,0.07974782052944449,0.04267260559940344,-9.411715635015574,0.08182761827360191,1.872107631210399,0.3096851663113982,0.04645340717361619,-14.10419404360956,3.299259771041133,3.869231e-05,2.4526851914941856,4.6310768e-05,3.6397025188157706,27762
278,0.08229903157045515,-3.312226717859988,0.1088544072888148,0.031139080969909617,-9.183743686816792,0.08776490189716284,1.8719272531837348,0.1996894375319094,0.05830520789138235,-14.069181578935003,1.1199644183929194,7.395934e-05,1.5917610059737588,4.8842856e-05,3.804596886887959,27852
279,0.08212394420035966,-4.004870994774983,0.10368992412880279,0.04144132354453208,-8.17288396951177,0.08225615308263677,1.457379870926215,0.12820239183852145,0.12818755466891654,-13.561349410265493,4.316815556215497,7.0354894e-05,5.37219461424499,4.8830545e-05,4.261801001099285,27957
280,0.08711106132265828,-4.001049690041382,0.14158287715955808,0.027914059592912283,-7.700366652791861,0.08245978441250403,1.4061399642243388,0.19729560210335642,0.07699794417460548,-13.298063331608766,2.135655428764872,5.2836323e-05,1.5761286273700064,5.7706962e-05,4.240946618523872,28062
281,0.08330234462855111,-4.065844292047317,0.13627736664626885,0.03292269247959145,-7.6364783046961815,0.0936809363154678,1.3565038750359155,0.35684706766949453,0.04009744161179566,-13.476949737521048,4.702022929235295,3.7516576e-05,3.260742173833469,4.175912e-05,4.2861629192275466,28152
282,0.08604351450295648,-3.9383777092671326,0.1555476033961112,0.026067615056244903,-7.844421409340365,0.09047489507540052,1.4885552332238032,0.21561024064151246,0.05777540152652225,-13.366592338093268,0.6204274493723199,0.00011079836,0.7102042588138957,7.846061e-05,4.210298761751973,28257
283,0.08225106016514083,-3.7968565102527045,0.11659287768941405,0.03386358375088026,-8.420134345972366,0.08999486532463344,1.6212414311593866,0.22447654174603224,0.0627282973471313,-13.802487372147226,4.755898571357629,4.236466e-05,2.256052845947836,4.986806e-05,4.128503740770508,28362
284,0.08167393386130097,-3.5863001578110403,0.13331086070168077,0.030612769739982393,-8.605895080483183,0.09094764002724955,1.6294127986563454,0.1991208685108353,0.050282633542143886,-13.804503912156395,15.011419097308009,3.058912e-05,4.423248865133548,5.9305443e-05,3.9391033104426945,28452
285,0.08309372561037885,-3.4979865200738764,0.09981003045950532,0.036083762369573245,-9.010191694000685,0.08307656065434021,1.7673869692999717,0.2964283560246821,0.04661992468154696,-14.022234320430021,0.5231039926146852,0.00015181505,0.7144407346738079,9.851421e-05,3.919128269637253,28557
286,0.08092810354356098,-3.3386796836267685,0.10746204793581016,0.03328238850767066,-9.372278929327187,0.09000968447798689,1.8388776482320452,0.2183589734500249,0.04490457349388237,-14.058403780072581,0.6301354789482033,0.000151393,0.6677233856679345,0.00010888665,3.811594552812452,28662
287,0.08155729722190164,-3.191317533682979,0.0715853591564936,0.04279037005838912,-9.50141854623891,0.08818847806074857,1.9334178160354303,0.2345904721378135,0.055168402251776515,-14.098729165643782,0.2600924246249517,0.00017053534,0.47221432445366773,0.000108166314,3.7313016565477017,28752
288,0.08676254070902825,-3.3395227904706712,0.13529331951916412,0.020847150822510634,-9.125756400233934,0.08984112930602144,1.7780268354404367,0.10617195507361324,0.10616128676547804,-14.012748976595168,11.979017733351716,3.9460763e-05,5.910303525993539,3.668491e-05,3.7833572254836514,28857
289,0.08145381714244931,-3.533171388088017,0.1292719949556308,0.036253114436558764,-8.27151613732923,0.09499437630418353,1.6636495603027937,0.24222122434223636,0.041961775174533374,-13.69794432742128,0.4661894578033934,0.00020111301,0.8592474521453056,0.00014055365,3.905256703098976,28961
290,0.08350602246900422,-4.050026540572654,0.1395877485226112,0.03169789493649386,-7.647394749081721,0.0939089272895552,1.3175708142477736,0.22673041704575272,0.057642246438819184,-13.2932092228301,7.701205290102111,4.698761e-05,3.9197912115456424,4.6765163e-05,4.258956190183276,29051
291,0.08299125506077938,-3.9697895441555344,0.14170773441266465,0.031031194570588286,-7.730004017904497,0.08889365076386783,1.4353299585181623,0.15165035725765652,0.09512904105979968,-13.342437452900619,5.7674873936404545,5.2228566e-05,2.730226195833651,5.500369e-05,4.221303248370858,29156
292,0.08698207051883101,-3.7489280487430805,0.15801139117338533,0.024627609995399046,-7.9022870978514,0.08811717967223884,1.4934354822239946,0.1855774325403078,0.07005847447271012,-13.369378321915237,1.0525120459826705,8.064644e-05,1.9268481089168563,5.0029957e-05,4.035444344086313,29261
293,0.08216339567747839,-3.7399041501946275,0.125108920811087,0.031884550461981576,-8.36282885710465,0.08831239870773985,1.55143186929688,0.2105339514422333,0.06321786005001243,-13.714976857404205,4.738535266658514,3.7920254e-05,2.610051521173334,4.137647e-05,4.048928734580668,29352
294,0.08768821900210878,-3.647979286087635,0.13988567584459977,0.02235476498325778,-8.626616972549574,0.08803297045302441,1.7675129771160303,0.10848969591236401,0.10847634880911905,-13.910067466829412,9.007340643708396,4.0798324e-05,2.9628974801113794,5.8854985e-05,4.053622453559042,29457
295,0.08189149159416444,-3.357996556234899,0.107177160667049,0.034110798449316526,-9.023328057129339,0.08825655683822572,1.873159757357647,0.2283409565656549,0.05311333633250315,-13.96101751765651,3.8236007708784525,3.917678e-05,2.359749299542848,3.7681093e-05,3.845109666611552,29547
296,0.08121067065052859,-3.4702431129528755,0.09708448349107,0.035092879196158326,-9.30257111213937,0.08924240573319316,1.7264050344696678,0.2458968278212624,0.048473836245789326,-14.086457262727745,2.694696828422536,4.5499226e-05,2.729543487769476,5.0417708e-05,3.87595944329131,29652
297,0.08128560740138371,-3.2399929548828257,0.08633260968151672,0.03841143062609481,-9.44536607053242,0.09011152838522256,1.8204919172658356,0.23220456823494193,0.04746324248459102,-14.131955594638283,2.5314694394216235,4.324258e-05,2.787883509902233,4.3050466e-05,3.7164156345221375,29757
298,0.08129682998451099,-3.3389953074238554,0.13947265323572322,0.027481785545766392,-9.125070132536882,0.08669724140117559,1.7031172866234683,0.10344302237193732,0.10341770659414455,-13.84732766613282,2.2834672944998466,5.495663e-05,0.907098142248762,5.3847718e-05,3.7482660197742383,29848
299,0.08614609825102351,-3.6275085795869217,0.15088678542738185,0.022187072142410228,-8.307516198063183,0.09049812763200901,1.6787357859214755,0.15663765777888503,0.07258276509467892,-13.692554276237571,2.989969271723943,9.130636e-05,2.2994410412946307,8.835687e-05,3.997120505302551,29953
300,0.07966386723131744,-4.060286151432074,0.14005434279623147,0.03485648253270292,-7.742157276264036,0.09786866307772527,1.306623467344301,0.2439233142559222,0.046172547413618314,-13.25303662895506,7.271590296984808,4.0266244e-05,3.082324766230338,4.7433183e-05,4.265347408702593,30058
301,0.08156388023164417,-4.032917334274214,0.14794577302392162,0.031063290860998696,-7.6115723011334016,0.09656566928441301,1.4266517126599942,0.2283596529459402,0.051345089447498014,-13.331049970833451,3.3795066689252056,5.0420545e-05,2.967528247169081,4.7907706e-05,4.277821564105395,30148
302,0.08240145174558004,-3.8890477928173794,0.12337637981758676,0.034093102901259366,-7.897333502630664,0.09303479445208347,1.4930639034359865,0.3273685878790044,0.04647030154026811,-13.588729272805137,0.7613249447200082,9.923348e-05,0.7426664150229206,7.660264e-05,4.165805150815534,30253
303,0.08298297501203478,-3.7244882191060364,0.12175506984948413,0.033854315750724145,-8.294694806724564,0.0853867405576788,1.5604308423602216,0.2604668973149494,0.05197610262176658,-13.542382513290374,2.7415790732500227,5.895483e-05,1.3634273525419234,6.733737e-05,4.038162565827271,30358
304,0.08112575366740034,-3.613394664887801,0.11692509487029894,0.03302088581435693,-8.666409797347251,0.09021278730636503,1.6888003807727991,0.2540796304952752,0.04849135412686307,-13.921157356960968,3.236335996208461,4.390051e-05,3.209218302722241,4.0692346e-05,3.988567127470462,30448
305,0.08187870109887462,-3.2672060918011567,0.10844929896471851,0.0331862971477371,-9.026492843193061,0.08765730949110256,1.8747150338324983,0.21790671588983573,0.056219977995313225,-14.01231239044451,1.0565881488477984,9.518817e-05,2.1915657031133917,4.6967998e-05,3.766854404457408,30553
306,0.08155138717055138,-3.245063984186407,0.10228242226586766,0.03442074435098976,-9.297136295263027,0.08946576347553208,1.7849158266181944,0.22712460832707404,0.051126831106050125,-14.059158692497926,0.380719815258986,0.00013181144,0.8344248395782677,8.597475e-05,3.7035610929989895,30658
307,0.08236799354101512,-3.093174013751103,0.0960492586003717,0.03491981498632998,-9.542210793437448,0.08274752593179074,1.8888723308790265,0.21130017528466213,0.05723698870459438,-14.215464648824787,2.474764733820894,4.8055037e-05,3.3350277276208047,3.9171875e-05,3.624301886116204,30748
308,0.08142688176555161,-3.4006549036639218,0.11708498061120633,0.028055438724516605,-9.151117410610823,0.09386826169860388,1.736227179748248,0.2261333961027618,0.05057338470051072,-13.98297140282915,6.962738093652381,3.509662e-05,7.097438375588141,3.333458e-05,3.8182376292617035,30852
309,0.08187516937146497,-3.719106253093052,0.12816674528001226,0.032483643656134986,-8.275954542291048,0.09094328910137087,1.5800551755305443,0.28992417177814206,0.04602629612483123,-13.77563211517799,1.9511630116588465,5.2688876e-05,3.486223884835188,4.5233668e-05,4.040832300345648,30957
310,0.08200908036982547,-4.062892899475914,0.1360184677962184,0.03214851190224037,-7.614867925032113,0.08346189467769109,1.4483022298485966,0.2270366169560722,0.06674326597236978,-13.333289878499096,3.203866722613152,3.9117618e-05,1.57196143225213,4.882222e-05,4.313314046252164,31047
311,0.08127295596843391,-4.103650717785604,0.13994367915521255,0.031362902606911866,-7.60130348368909,0.09514202515930484,1.3579470499660444,0.2761497644228593,0.046731779494850335,-13.19468640118908,4.02175329198537,4.1787753e-05,3.4887803960386585,4.130538e-05,4.322495737891917,31152
312,0.08614651099223576,-4.398481190423575,0.12602700340672474,0.025265384452518413,-7.83297889661215,0.09034724471341772,1.420644763560205,0.20708419231645622,0.08246368586023774,-13.506018803631815,6.8870457436576995,5.233538e-05,4.025806726117734,5.5944274e-05,4.622214656064885,31257
313,0.08170182624829105,-3.752902524754891,0.12734440313102277,0.03311842115612373,-8.243727479424587,0.0913285724038626,1.5121107966088434,0.21705917052154525,0.05560310992693348,-13.563611180477446,2.641093929300319,4.7216516e-05,2.0589769923220667,4.716593e-05,4.046079141778206,31362
314,0.08205593055709502,-3.567938735316867,0.11080189026708276,0.036767105030562144,-8.575887298848201,0.08998010899353566,1.6356576301447392,0.26223560118162603,0.04645233204211751,-13.896683733708077,1.304849627035018,6.826241e-05,1.3723717894279504,6.5926826e-05,3.9249920639442353,31452
315,0.08223146599124254,-3.295069746840578,0.10663164182221771,0.0331249815037536,-8.958708293419116,0.08711669353196548,1.7549442890689502,0.23159035011720183,0.05452126987781263,-14.070739695103782,2.949091885412916,5.7731027e-05,1.7928879620649172,5.802212e-05,3.7332712323483483,31557
316,0.08265840761497578,-3.1599136956560825,0.10291326874632056,0.034750689839633614,-9.222667419299674,0.08974907912106857,1.7288598702707132,0.2124317239990551,0.053379069394743954,-13.994394165486803,1.7640286891685542,5.3577067e-05,2.819571069629297,4.165142e-05,3.6019454486467932,31662
317,0.08173218182476145,-3.0487044473458598,0.09474238506898996,0.03713292468786356,-9.493457736931596,0.08662397422610754,1.8245378427447343,0.20812685085840416,0.053778604624842984,-14.160251182197943,1.4265291178548725,6.712432e-05,1.5335005927100351,5.909857e-05,3.552961742951088,31752
318,0.08126847917269854,-3.2310614822412207,0.11579184734094027,0.03035730047617302,-9.142227081270052,0.08837599752634684,1.7804354326071221,0.15942294337633225,0.07162865894612913,-13.97322351092428,5.216461757920768,3.832047e-05,2.027693213965615,4.5662455e-05,3.689133859282656,31857
319,0.08270709537388723,-3.650410956856493,0.12881669598177206,0.03312592414106614,-8.31737830046506,0.08650666595287565,1.607531883861212,0.17953846240724822,0.07097357721074826,-13.644815169465161,2.3835518721153535,7.037794e-05,1.4700983549863778,6.957698e-05,3.9886913783305316,31962
320,0.08163292314563918,-4.7773195909005155,0.10929622703174663,0.036195337508270434,-7.803913150103484,0.09258290710839706,1.3062159124150234,0.16789756264928976,0.12053367715676598,-13.40444474782313,2.5034349045614377,0.00010689499,1.1386016820955334,0.0001518307,4.952674275928923,32052
321,0.08266514938925233,-4.136394540482202,0.14091185735496267,0.03127642963341585,-7.669308196697081,0.08808922699085302,1.4545678418410857,0.18352195621611442,0.0765357577575172,-13.207369169797506,7.521499079289895,3.3460572e-05,2.6383401093924794,3.261424e-05,4.384692395259809,32156
322,0.0824462208669761,-3.9022708202950396,0.13283019958552034,0.03384266905238287,-7.832862345809639,0.09024366188917322,1.5768524557510688,0.2541535412533815,0.049212135174724225,-13.49778343678162,2.747203257024706,5.869161e-05,0.7533878358628473,8.345241e-05,4.208821833023381,32261
323,0.08241403875496055,-3.682089001035837,0.10547642339640492,0.039513176752086106,-8.332622136334,0.08862461424928102,1.6792582646535066,0.4258305735039619,0.032566495307622234,-13.860116202475439,5.736962955707726,3.3750784e-05,2.367143499637595,4.9971735e-05,4.046935597579506,32351
324,0.08616468759728532,-3.481282970058641,0.12366388211094473,0.025653470885543997,-8.605655985408955,0.08689751042372111,1.6496950351193091,0.22350430264633275,0.05685748387923719,-13.741261804880459,1.1893696320278864,9.3540315e-05,1.1596675800603198,7.131446e-05,3.852379112511853,32456
325,0.08226246889042609,-3.3573985145787786,0.11600859409854192,0.03270164878894004,-8.992978447514554,0.0893048204362276,1.7076975145825941,0.23429960069362893,0.045103909246848393,-14.08449356773113,1.7953004504609082,6.3039915e-05,1.5451278545764493,6.841456e-05,3.766743366225971,32561
326,0.08671554712792934,-3.307708129070602,0.11003380918497895,0.02594558281934198,-9.343640600972854,0.08605098647305001,1.7398461135987424,0.23289768424131194,0.0505780988827403,-14.043275042038331,0.6912826279466845,0.000103179365,0.5380660471124408,9.2034265e-05,3.73737843496272,32652
327,0.0813212988451167,-3.036844576064247,0.07540800962641309,0.044958123210661144,-9.463493834984641,0.08274550411593544,1.86890340997405,0.18079646922824166,0.08023133730270557,-14.096398763873895,9.103205113347574,6.333061e-05,8.488759522732286,5.6207715e-05,3.565841406314009,32756
328,0.08265267114001786,-3.255556395782641,0.10257810970871727,0.03208757947347684,-9.217875760988033,0.08885981013767895,1.8772661395878065,0.23899841824354323,0.050235917604763015,-14.173458479261384,2.262855233978642,6.136923e-05,2.1979850258539675,5.8789574e-05,3.7580281538280373,32861
329,0.08192522388146038,-3.715387179517642,0.12183316625910086,0.03133553857175013,-8.337616566199811,0.09500430093381018,1.7253505570016487,0.2532196466343602,0.04647719438140285,-13.655954170323078,0.9806916024239738,8.256408e-05,0.8105234210900774,7.867978e-05,4.096454129887207,32951
330,0.08248046249220017,-4.136401709682035,0.13326020521117649,0.03164618418039708,-7.693501788938007,0.09093737480715723,1.556790295296116,0.15953872946487482,0.0845251965926995,-13.369550314208219,3.8901805717666145,5.2644373e-05,3.551180159123283,4.072167e-05,4.419662331829054,33056
331,0.08279350068454379,-4.036779070177641,0.15195845069045624,0.030919644439652196,-7.623903450932805,0.08952905525026933,1.4563317016113917,0.20491707707032955,0.057102994637480746,-13.290965932909476,7.549408385953672,4.3842345e-05,5.437776837781079,5.3373413e-05,4.291443496836768,33161
332,0.08226383522680987,-4.011065169398946,0.11801726381049339,0.03790247767261067,-7.778377262382748,0.08710831473837773,1.4419800120307267,0.2559174480496328,0.05985435092440636,-13.341964120213763,4.149959075382869,5.130632e-05,4.960789669958738,4.1208146e-05,4.262387845827915,33251
333,0.08716536284982283,-3.725069704323594,0.13038363004984163,0.02379428628037968,-8.351554976387307,0.08861093511699686,1.6681291925391972,0.18198039749688177,0.0745520489631292,-13.74509407812737,5.609639630831685,4.9341234e-05,2.5560300059084327,6.0579696e-05,4.081519239826139,33356
334,0.08288666774846994,-3.3730990193287167,0.11879606268896219,0.036181218590380836,-8.639861237254507,0.0857226276302244,1.6350701045678957,0.1661844911212535,0.0759078278943494,-13.716910190718835,5.201982746028723,5.3280084e-05,6.297886919517761,4.7943464e-05,3.7484998654192347,33461
335,0.08151911189530757,-3.335802575944348,0.13227240012852634,0.029721227470309336,-8.970414620245135,0.09500934986126527,1.7578577475720523,0.16401093844518477,0.054073309480711665,-13.92924492598032,2.6546461122021383,5.7182013e-05,1.5729188068281952,6.7802765e-05,3.7706289510340363,33551
336,0.08069021285854598,-3.4093828647457314,0.10736729916999144,0.0323741149750727,-9.309491399850964,0.09049319749054494,1.748422437293172,0.2489770395264212,0.044813559871434636,-14.151295516617168,2.2429025988062694,5.6590172e-05,3.2315462700952136,4.978447e-05,3.8315626756784247,33656
337,0.08128133693887943,-3.0995462572660624,0.0922580669142537,0.03758424146734887,-9.391999822395427,0.08936924208252164,1.8405830113852457,0.28906654909596424,0.04296440924013713,-14.15274188503137,2.945910216269263,5.1593044e-05,2.9684409863546413,4.819964e-05,3.6048485159201955,33761
338,0.08219010425919382,-3.5240324406793775,0.09381461749072871,0.03315976403641577,-9.294477511783725,0.08941065329618465,1.7729458134221168,0.16363456285308897,0.0819233308277021,-14.043245014378204,6.562467731464154,4.8851995e-05,3.360476802686176,5.8113703e-05,3.9448880212613973,33851
339,0.08240141218793923,-3.821445578234842,0.11672023685605912,0.03369595709505181,-8.313083431891462,0.09495261996254527,1.6438923540053836,0.28633704695732526,0.045815727785618016,-13.728258817843653,0.8772057484474637,0.000108839995,1.3130241045513946,7.1538656e-05,4.16002744930463,33956
340,0.08279609273129146,-3.998859173822795,0.14484610235519169,0.030567573071767544,-7.666614707448777,0.09119294227439155,1.4946915174840172,0.23996687231309494,0.05378613375402497,-13.330793006737618,4.222459430981659,4.1924257e-05,1.9769856205517307,5.0973213e-05,4.269072197153077,34060
341,0.0821312191236077,-4.261858107440087,0.13631530800712302,0.03326213611270508,-7.610948177928685,0.08641516291629733,1.2587606447254458,0.23189226896219597,0.06839098081081353,-13.385983878049302,2.6048939671903364,6.329782e-05,3.8997848701489484,4.3887292e-05,4.44386238408239,34150
342,0.0822877389343068,-4.083190648578984,0.13315111608730437,0.031134837092479516,-7.797343754517225,0.08880444020439725,1.3958325408899888,0.12216000264749888,0.1221157924918866,-13.253188646564537,11.019872975055051,3.9460585e-05,4.415355599394305,4.8277867e-05,4.315181844934263,34255
343,0.08186951134722834,-3.681677074201345,0.15065610944309912,0.028802603562524644,-8.267827465072306,0.09561339912767267,1.546647462284613,0.25520233072909965,0.03609689235383464,-13.56900361097457,4.028341291513966,7.7641824e-05,6.912204633351283,6.5907494e-05,3.993352532808894,34360
344,0.08249821449307454,-3.767207251973877,0.11697418843119486,0.03312603858370111,-8.691070118706612,0.0880883964004947,1.5390635190137683,0.17502042780618726,0.07652750732033056,-13.773481773690488,3.206078370711407,7.652352e-05,2.3978367838313472,8.611514e-05,4.069467654974495,34450
345,0.08164268718214732,-3.3864055088051437,0.1264705992905727,0.026955352318125732,-8.941320113531683,0.09402937275506469,1.8871541446013085,0.2020969824011676,0.0505336161476751,-13.921284908693668,8.22825088544682,5.324104e-05,5.705135519735726,5.6700388e-05,3.876737421537822,34555
346,0.08117464012259559,-3.4268375053481837,0.09220387802663804,0.03567042348105316,-9.372452643889627,0.08947816639524969,1.860115838490669,0.24421888488619925,0.04966412130485911,-14.229722245991637,3.964854117494436,5.7805115e-05,3.7954360016067854,4.748228e-05,3.8991340347139656,34660
347,0.08178949369132335,-3.0141285109128075,0.12951538021250564,0.02768429364034244,-9.416907120120966,0.09154979985795225,1.910306120371526,0.17597102129924527,0.049949534349789965,-14.141628550465757,2.3291593370014727,8.521706e-05,3.703003240765251,5.2660165e-05,3.5685067120332516,34751
348,0.08195491050575389,-3.3032927504391325,0.10701095882058084,0.033525482131433706,-9.157864227073672,0.08973862178945713,1.7334717758771854,0.2525286497482912,0.04705220094526696,-13.993586489382565,3.107672023302446,4.4378314e-05,3.514876318234377,3.928445e-05,3.7305049782658823,34856
349,0.0869586150960509,-3.762968219347142,0.1346266620621696,0.02564237300129202,-8.397575149715678,0.07520342384968225,1.5701270079272251,0.12554056522011914,0.1255131611975248,-13.742256665817823,14.071322426249113,3.6093592e-05,2.249386412053267,5.739587e-05,4.0774046452172374,34961
350,0.08231428730044375,-3.9123789525747465,0.12661697910348244,0.033956705534119364,-7.6874449289259275,0.09012439036525344,1.4387178812785824,0.2657341137327115,0.05820285477115319,-13.318333469230682,0.7366287331605014,0.00010851944,0.5024128511154583,9.040133e-05,4.168527103241696,35051
351,0.0828684261094931,-4.165005147938148,0.14788144176688617,0.030579457758585324,-7.613668982057108,0.08817239186795016,1.2764120643925174,0.21682865592563091,0.05996681759687657,-13.352329019544154,7.598187763384155,4.4477234e-05,1.5956800335539036,5.525031e-05,4.356201974252117,35155
352,0.08202627727446436,-3.9280287407817407,0.1359730307972926,0.031655822730560855,-7.793945430153384,0.0891094214628915,1.4077144361422769,0.21157400872447515,0.06051403299787465,-13.41845239144222,2.6820987529660067,4.78854e-05,1.541359508142708,5.054743e-05,4.172657393332306,35260
353,0.08279470346681869,-3.6822000085424964,0.12511053572789427,0.029068898895648794,-8.260141927047272,0.09510470993517313,1.6449146776481738,0.24864831556825087,0.0534885143894467,-13.581870452524184,3.177890812792756,5.167182e-05,1.570566492664105,5.376885e-05,4.0329072887499855,35350
354,0.08272638268985008,-3.670192945049963,0.0839753004091717,0.04584369933068422,-8.657947575785174,0.08688506914452523,1.7687702865441082,0.2592741758092333,0.05707049706149056,-13.931497372846446,0.3830074073401859,0.00017479202,0.6571105603419963,0.00012346837,4.074170416226578,35455
355,0.08196713983434921,-3.467365681542873,0.110418788395537,0.03493459884376196,-8.94424292101378,0.08854671639500579,1.718783234880409,0.22711096006842388,0.05436033215679672,-13.847984253697454,8.446309386087194,3.5379613e-05,2.5912504082393757,4.7118374e-05,3.8699923227375055,35561
356,0.0815181623612285,-3.314032773976943,0.11854488941105519,0.030197023786592756,-9.272734844429902,0.08863142781200047,1.8155555966323247,0.18438085220853587,0.05782814389632082,-14.027068592557105,7.109212854556458,4.91166e-05,2.235003768337896,5.7135145e-05,3.7787637332143786,35651
357,0.08226095047493673,-3.1506499188174266,0.09937501881663785,0.03301618722415176,-9.422344893930758,0.0854984508756979,1.8934319610622197,0.12402235192451591,0.09290129464870102,-14.232345339295737,4.33291099361022,4.5970064e-05,2.478033154349894,4.246002e-05,3.6758236494854017,35756
358,0.08144343499147073,-3.3488226570622226,0.09752853275751545,0.03815413116319794,-9.13197847270448,0.08842348161741771,1.7126531222783068,0.3173235096710428,0.04036027701818977,-13.97665834116105,3.8794411164749074,4.8542996e-05,2.203489427512502,5.874291e-05,3.7613553282962933,35860
359,0.08205787930545326,-3.7736723697560914,0.12019797016070013,0.032693427988557705,-8.375484178830563,0.09408402401807017,1.5700344531354935,0.3085579846481855,0.04142053384285507,-13.788021846934884,1.987097284322926,5.8478752e-05,2.6311495314442337,5.268884e-05,4.087249850240749,35950
360,0.08273823104143635,-3.9114270684764625,0.13403893878789203,0.0349263162834016,-7.695216265804276,0.09463874147979887,1.4151351861675956,0.3640648567738484,0.03612060247026205,-13.41181728428175,6.260250577785591,3.80164e-05,5.541724879864199,4.0382096e-05,4.15955157524702,36055
361,0.08195266326886926,-4.072056572194005,0.14444940916420437,0.03244315387402233,-7.621671846421211,0.09595592079181375,1.2678256368404874,0.23717632462001575,0.04804239324591323,-13.238907148197969,3.109272145894532,4.63104e-05,2.9609720113219407,4.5576908e-05,4.264859502091292,36160
362,0.08128175166877899,-3.9968051819789294,0.14062540899740084,0.032571529303934185,-7.780668180405588,0.09578585008556473,1.3917442895899377,0.2746979069294354,0.039601158531174345,-13.51025200949045,4.448673875508752,4.4040342e-05,3.599556708051654,4.5362696e-05,4.232186648802227,36250
363,0.0819912421916642,-3.7512236436179567,0.12247171630316434,0.033198800111142186,-8.239956119839825,0.08981560319128827,1.5777354743729641,0.24391160027810793,0.056350497097146034,-13.548707789432745,1.8978275627193353,5.733732e-05,1.8164635752478007,4.4560347e-05,4.069512016388852,36355
364,0.08266220323541941,-3.517713962619005,0.10322440470533222,0.0383603441573617,-8.616889343295343,0.07926687379278177,1.7207247947736417,0.2046280973019312,0.08152813635247337,-13.799233189400974,1.44932329046042,7.6704564e-05,1.868315025160205,4.9915434e-05,3.9160190681549922,36460
365,0.08100100152741861,-3.5923436130202524,0.10570418267802109,0.03313200333284643,-8.909348114329767,0.09109933266890494,1.8031003390440798,0.22577414366967452,0.0547541102679793,-13.990519135631947,2.4352026624554695,5.0374507e-05,1.2983791562103622,6.3143605e-05,4.019465569782664,36550
366,0.08693037861996078,-3.2139822269950433,0.09134408124265177,0.029310691268991274,-9.262921376454702,0.08007910789561337,1.9932800584383674,0.15658784510871007,0.09318238575869849,-13.965299776496261,2.0686941477224132,7.0924114e-05,3.752372733774844,5.0451235e-05,3.781910515441644,36655
367,0.08156472349446768,-3.1096380378567545,0.10808835462000146,0.032544726744536075,-9.463108095453354,0.08950355548572961,1.876157851242897,0.17886632765046953,0.058848416421781256,-14.197716693383788,1.1195007879917327,7.587347e-05,1.516194643918658,4.8009533e-05,3.631778766564116,36760
368,0.08153499677765283,-3.4341538866785677,0.10716284556046107,0.03225593945458241,-9.231514135849695,0.08982460906321722,1.7093470306601075,0.20357406861383925,0.05645641167039117,-13.993854910463952,1.4832908768818853,0.000107306994,1.1227019339854822,0.00010260185,3.836050076395776,36850
369,0.08115333288819855,-3.694799128519453,0.13892603702834164,0.030498528048727637,-8.287223557880424,0.0894633742728122,1.5671338453162005,0.21053866678944516,0.05725060876170509,-13.627631420353804,2.8609003543869984,4.717288e-05,2.547252334296429,4.478271e-05,4.013408662127949,36955
370,0.08164842557623994,-4.144681862519581,0.12776522577730182,0.034112165712391986,-7.708988676399366,0.08998655293711498,1.4403081074433028,0.26173077686159935,0.057352552429819355,-13.464316505880584,3.666733287663041,4.014008e-05,1.22519620343996,5.5939563e-05,4.387809839300889,37060
371,0.08289970014696454,-4.099582117719256,0.13715471449525002,0.03397367113008026,-7.531424946054846,0.09009172419140109,1.4275958708356182,0.2677703154349761,0.05098135739370228,-13.242468858670513,2.978272341260893,4.8960635e-05,2.2425303456102585,5.086496e-05,4.341037146852168,37150
372,0.08261173164995167,-3.8646220606597947,0.12962782015326146,0.03313150034768663,-7.8213986165830125,0.08882172350924486,1.6204730518354873,0.23191450138071906,0.06463338132947265,-13.50678344137199,2.174762823842847,6.001829e-05,0.9419716478961551,6.127721e-05,4.190612912625476,37255
373,0.0822405420844799,-3.7684328326132337,0.1165558872781461,0.03414563809707345,-8.287144839077548,0.0885487594428885,1.6089902002414027,0.24045457928908529,0.058810809935074884,-13.588642280466118,3.0033617977279103,4.675132e-05,2.121332442526501,3.923176e-05,4.097552376528001,37360
374,0.08635575788121964,-3.6613182624895173,0.13076628540370422,0.02624598800829187,-8.565779637407996,0.08719481051282398,1.6234573867374822,0.14704822121309372,0.08699264024160537,-13.668683418816876,2.5101095822084716,6.41308e-05,1.3729155492203666,5.8185997e-05,4.005104905716173,37450
375,0.08238120071584332,-3.3172470996256633,0.11714090919753219,0.031981531365281694,-8.955516870696615,0.09478226958502675,1.7627053779978759,0.2646842407775327,0.037364515343951,-14.010941112366762,5.078527503921492,4.7978876e-05,3.466877939646802,5.0713315e-05,3.7564955170474397,37555
376,0.0816693430295772,-3.2173068207190716,0.1177041232397184,0.029923349083683617,-9.243497710195356,0.09521365093755511,1.7118452212997206,0.21223232948745688,0.04732083049327449,-13.94036013669732,5.207577843618358,3.7614747e-05,5.410753200128296,4.333134e-05,3.644376111261316,37660
377,0.08206791012952559,-3.1954572719669723,0.10038374916846617,0.03336076515011268,-9.420563351241878,0.08830968129045969,1.7805718634785104,0.21951748525059372,0.05011926509884624,-14.110433181621923,2.6222033292656537,4.2715597e-05,2.985155803107686,3.9367973e-05,3.658057317481225,37750
378,0.08190670970583408,-3.226006187371668,0.12451700435750873,0.028540966231577695,-9.199552134712826,0.08864731161349579,1.8226097427963837,0.16506792127784475,0.06467528856211313,-14.069421433016267,2.224629389241036,6.2707135e-05,2.3414349948549673,4.576086e-05,3.7052695172546604,37855
379,0.08237703900112861,-3.859750035373964,0.12119501482565702,0.03382828215421544,-8.366728753328857,0.08777203319481652,1.575996614113566,0.25663589864509495,0.05088742037040678,-13.63640519431688,2.1337710550597464,5.691494e-05,2.1366924257319893,4.8560258e-05,4.169104899527804,37960
380,0.08252121200669073,-4.044541509710805,0.13409064635561024,0.032007738504444876,-7.688671180857378,0.08797525116309347,1.5131789626947276,0.20639641530767652,0.06963535715496733,-13.402479309253323,5.288785607958033,3.8657276e-05,2.4450663317264425,5.231399e-05,4.318336091241122,38050
381,0.08193859877499013,-4.303732827765375,0.12500753715605817,0.03632439033106993,-7.601694859244513,0.09088325046024746,1.4022649814313228,0.3361738540939235,0.045159504175425094,-13.310805823934828,5.281926752094807,3.313781e-05,1.7817887338738838,5.174409e-05,4.526418377805341,38155
382,0.08276592581719244,-4.065329276157936,0.1389068232982211,0.03299752015205427,-7.78526118082584,0.09065536927094717,1.425216589464844,0.18258140628032513,0.07169556580083106,-13.36145570767147,2.2440610087747737,5.651157e-05,1.120429120887142,5.0855528e-05,4.307916486014163,38260
383,0.08171206437577479,-3.8334109171646507,0.12826204844172076,0.03098983288349946,-8.208484369006559,0.09564958779895548,1.6251636698892349,0.22433337803174933,0.053497879573161176,-13.743042475146202,2.3238122722712626,5.5266184e-05,2.784720566706042,4.317995e-05,4.1636758055551075,38350
384,0.08212344679131071,-3.582419731262459,0.10791191776593097,0.03579591065293394,-8.566650944780582,0.09098613009324502,1.6374720275111059,0.28160870782537456,0.046560831898536624,-13.76338132604532,2.1662933705823098,4.705393e-05,2.0541846844644738,4.2437347e-05,3.9389142884581685,38455
385,0.08674458334623442,-3.4073903631266025,0.1244765637495981,0.023966234880493886,-8.896397178135473,0.08730115716737377,1.7074844600151649,0.2163012024483227,0.06146153297084091,-13.995845825457659,2.6846115083961783,7.4996125e-05,2.27657000140776,5.8904374e-05,3.8112743627192884,38560
386,0.08208693354718648,-3.0781056992004445,0.11113171756967605,0.031425016073310656,-9.233558553658208,0.08898548144938537,1.8435318813609654,0.20237436355718466,0.05768609930421023,-14.084861371377968,1.2931499056494595,6.400912e-05,0.7371591378061427,8.729018e-05,3.5879443269154216,38650
387,0.08200348542446964,-3.093566034239971,0.10839371889802563,0.03199127642855668,-9.397484308535029,0.09061033609951867,1.7572569698320473,0.2191693686698177,0.050614596882489885,-14.040656685980217,3.0065537980004344,4.5031633e-05,4.0906608506255875,3.31269e-05,3.55782277049132,38755
388,0.08199992999732893,-3.3998869048759066,0.10444888019736046,0.034810582317331834,-9.204221785133212,0.08811788657567844,1.7594974611423315,0.21967876264983965,0.05523593254281336,-14.132206673572068,3.9303865678052987,4.5997494e-05,2.1897445441771684,5.372228e-05,3.828193083128512,38860
389,0.08249748365446029,-3.7983202311902216,0.12339545960575396,0.03356065963703062,-8.398306865217954,0.09013303173775172,1.608782037907409,0.24529372732301064,0.05140410928087991,-13.73423275769972,4.504271679330343,5.0466908e-05,2.2202145407784166,5.5843706e-05,4.124974693760248,38950
390,0.0818245143545209,-4.3847078008426665,0.13779776759315945,0.030972215485044374,-7.688818343376322,0.09075919638645023,1.3908971807638522,0.35143744630984264,0.040619626997576756,-13.393755564515343,5.587540712161543,5.021545e-05,2.599927566389641,6.217049e-05,4.600027985374368,39055
391,0.08322621990222012,-4.015099127125874,0.16034741198154426,0.02998947567057078,-7.61334235888291,0.08941111111538433,1.5122103912506466,0.14827315334968158,0.07606577749075137,-13.347709707051935,4.409184166532177,5.2541604e-05,6.897634124656751,3.541849e-05,4.290431361536202,39160
392,0.08284629055964965,-3.97548211328973,0.1344781088570339,0.031167718532003216,-7.818761140444599,0.08754939106427298,1.5428132847637415,0.16489158727393965,0.08676291957637024,-13.369227473957505,11.802921322827254,3.462241e-05,3.0136816954776977,4.713381e-05,4.264355855780573,39250
393,0.08222293542792859,-3.894127334490359,0.12448637192458693,0.03195142055039355,-8.247479345408179,0.08697739834187365,1.5663376037822105,0.24878865773749792,0.06022944159066393,-13.741361132483899,2.10593668138219,6.0335147e-05,0.6328654401180872,7.700694e-05,4.197337392472422,39355
394,0.08247923248072855,-3.4520645404734465,0.11645448762981926,0.03496638793337235,-8.63811650761937,0.09003663766525205,1.6403245970326372,0.24002664456036513,0.051927487113910785,-13.795268177141754,2.1251902048881313,5.3171658e-05,2.8584349255329076,3.7516762e-05,3.821964727103644,39460
395,0.08652851176497742,-3.2868800005009104,0.118446037265396,0.02779132416210491,-8.8335542512405,0.08679871055831513,1.6940862004927513,0.14510963506827165,0.08569076756201847,-13.811695014360616,0.8010642170415847,0.0001288788,0.5999357076377909,9.30975e-05,3.6977707057621667,39550
396,0.08141711437474018,-3.2066128779119834,0.1224471562629072,0.02849913258794448,-9.292022919284117,0.09079620575106678,1.7991855027060661,0.20854469348419757,0.048170927120595286,-14.062444177219351,3.738980499909063,4.4031844e-05,2.7098677990240603,4.9286853e-05,3.6768783800852933,39656
397,0.08225457488155542,-3.0342651073173923,0.11116017206317955,0.02894234823478028,-9.472514052120921,0.08945026720811977,1.8350009885029444,0.19504808603698054,0.05836921287257719,-13.951592262557414,4.743485802009738,3.7321217e-05,1.150166932773016,5.806629e-05,3.545982708543657,39761
398,0.0864034334676803,-3.3216829080104864,0.11774556989487159,0.025886210363432076,-9.179350593098686,0.0878152566185078,1.827946139920591,0.22110257252772494,0.05089159289832109,-14.079774341399348,5.1737433977946905,4.264667e-05,5.113606502892166,3.334622e-05,3.7914330314301465,39850
399,0.08250142028612759,-3.67865149119233,0.14944747334506872,0.027850613746514003,-8.342758230562081,0.09084969421098144,1.6694223828112449,0.17301491832403618,0.0645001322788857,-13.734091683184417,5.627346018977476,4.9447342e-05,2.4810679046500064,5.387077e-05,4.039733640462293,39955
400,0.0830056610512781,-4.075933583747051,0.13540900088348115,0.03436894311311681,-7.718128061091132,0.08953028044199504,1.466009915741669,0.26033978708007827,0.04878129546991785,-13.269612543933661,6.566366164862326,3.483494e-05,5.164914147258362,3.5802317e-05,4.331560879425565,40060
401,0.08233492661355418,-4.245753828315999,0.12814763661104941,0.035459688032518824,-7.603455682093918,0.09520786768457788,1.4238599003132586,0.35029717218715245,0.03800283299124948,-13.388980438892732,1.3907588436176734,5.8188558e-05,2.4638482543878193,4.3492062e-05,4.478147226965639,40150
402,0.08299761014598891,-4.019775915910602,0.1182495711399403,0.036594173680005206,-7.842748463306641,0.09100011079681812,1.5140268325159216,0.2932498423391929,0.05403388066929652,-13.454927585844606,1.0271045696580867,9.6294796e-05,1.5234649227552544,7.6467986e-05,4.295448249451169,40256
403,0.08282725747109206,-3.889099600716856,0.12485229444095107,0.03271031540588564,-8.294042916355608,0.09459070522051023,1.5747333326059876,0.2463771332728908,0.04943189346000377,-13.658300934596577,2.5598206497368228,5.2424573e-05,3.212077234943902,4.119539e-05,4.195817056678755,40361
404,0.08117606622434174,-3.4889908530762694,0.10998480402597138,0.03469151195054387,-8.666090718167192,0.08857145933979256,1.704139501043794,0.2705088359190244,0.049686351198975624,-13.915349377953197,6.506272481135372,4.508136e-05,2.185908987605974,4.83635e-05,3.8829304155325355,40451
405,0.08563952973120378,-3.502193574861248,0.12391349420341376,0.02595586618880627,-8.936824968803752,0.08930924939652883,1.6272488780129954,0.17645222936313404,0.06767678984141692,-13.745763634424044,3.1963233811440412,5.2203995e-05,2.997337785512828,4.090338e-05,3.861774041395219,40556
406,0.08115965596808832,-3.393166113197401,0.100513639378304,0.034379744991146516,-9.24875685474948,0.09348344584306376,1.7036528182774933,0.21860183873929867,0.04869290340905305,-13.988810717746686,3.2827677189576003,4.5171073e-05,4.542616091373536,3.956823e-05,3.796842003162102,40661
407,0.081300557237527,-3.1368410801234323,0.10815957830420118,0.0301047902217382,-9.457893323322155,0.08539814866328486,1.8368508181538274,0.16601681725120698,0.06866538963563311,-14.054752714838072,3.0565236295670486,4.3722906e-05,1.5556276163664187,4.8558806e-05,3.6350781133425905,40751
408,0.08120147095347353,-3.2853903766598522,0.09465278040875068,0.03678920601118064,-9.196918940741483,0.09010317996884044,1.8151345854037617,0.27987027705883527,0.047115596314505695,-14.031270014686115,1.5382452596900482,6.1118815e-05,1.3494191852884494,6.365468e-05,3.7534655307033327,40856
409,0.0823331095710207,-3.8355746859940894,0.10813080842582316,0.03444638123934847,-8.501459199083257,0.09272485725622771,1.7252755052070614,0.30603594131345113,0.04774712436093936,-13.850562649996155,4.547858528281984,5.160823e-05,2.2990888641870666,5.5817123e-05,4.20573521999497,40961
410,0.08207656495072185,-4.045553503237449,0.1383773837638941,0.033422504176963706,-7.723578091482503,0.09018862858234966,1.4545634326950172,0.2049289567150946,0.06702906937438978,-13.304490188647817,1.6641542085476713,5.6747685e-05,1.042722638802279,5.0926225e-05,4.2990996647310125,41051
411,0.0823552402151317,-4.069606495814841,0.12301165582949669,0.03778145917747415,-7.608005014363865,0.08855897677922393,1.3477366749362083,0.34222978190503045,0.04351042958376719,-13.31093556272142,2.2737064040556665,4.8848407e-05,1.6849759643679612,4.954572e-05,4.286967596768893,41156
412,0.08262409659567156,-3.9590956265736197,0.13661254003976225,0.03317265464708803,-7.869675823343582,0.08994886903170017,1.4697353086985738,0.18051666961796034,0.07260864735359762,-13.477212187767012,3.931447560960809,3.750058e-05,1.2612340875487766,4.7714777e-05,4.223098395489934,41261
413,0.08181339821834979,-3.675947077466985,0.11452506677445433,0.03564956753815935,-8.223071965494029,0.08737455344988106,1.6630202874818976,0.27405466410314316,0.0544239127993461,-13.577694486855327,1.4427978271659596,6.366483e-05,2.3126329450642737,4.3456268e-05,4.0346280365003215,41351
414,0.0812657136133051,-3.660057694164499,0.11789072121885465,0.03274581625857302,-8.643046969947227,0.09426750580236701,1.6474133571310254,0.22599808292629892,0.04956811722059706,-13.83778476422284,4.596950606117144,4.2454467e-05,2.5628239460361217,5.0538314e-05,4.013725587763377,41456
415,0.08583407359049486,-3.641579530221329,0.12599319566140313,0.023550078119528247,-8.979294899289997,0.09352074164889458,1.6503477926946115,0.19559137597776471,0.05545731426447766,-13.860127086316993,3.292967490241926,5.31163e-05,4.948951269111699,3.087939e-05,3.998093209491116,41561
416,0.08153166255324679,-3.363763947732919,0.09890706424857879,0.03490311396419718,-9.1734656754952,0.08791702015306654,1.7332104280848448,0.20707215344595056,0.06220196043860708,-13.968042430555506,2.1828758579034346,5.9103862e-05,1.8511974424580633,4.6483103e-05,3.7840357139025262,41651
417,0.08097254805951717,-3.262566479679408,0.09517039035121373,0.03373911347396882,-9.405841154270224,0.08855913046382534,1.8507813326350295,0.21263683079164328,0.05466959808591654,-14.173208146131405,4.557461928103348,3.5752346e-05,2.372580765807689,5.247751e-05,3.7509640861461175,41755
418,0.08163209819309468,-3.2446396802335182,0.08971182309754883,0.038678352132493085,-9.22668850116108,0.08681009101909974,1.8378777592196738,0.2438421590766607,0.05340000044011881,-13.991998513428472,1.4932191995647484,6.1972096e-05,1.989179701818455,4.4854918e-05,3.729005405249528,41860
419,0.08160272202210953,-3.8730281328490004,0.12699141109264545,0.03266167438398929,-8.365895749572589,0.09031094490725773,1.507614597037879,0.18422998315321237,0.07125322598215428,-13.688790434041294,2.4552768111828094,5.4620137e-05,1.8446011143747334,5.2077074e-05,4.156109802572773,41950
420,0.08229889043333546,-4.021892041068674,0.12125408082730522,0.03857921224222653,-7.752702639836531,0.09023944132151501,1.482387662987212,0.32516752137390625,0.04195247727880615,-13.509316153623022,1.033647576926966,9.5356765e-05,0.9111782890746795,8.385004e-05,4.2863841140742664,42055
421,0.08215604674767593,-4.048387152564315,0.13120745460011304,0.03403431890088259,-7.62156920974383,0.0966660596295488,1.3904038481542562,0.3255314559313823,0.04049101044658258,-13.31916182920544,3.0602716799324883,4.671377e-05,5.900901700655854,4.0878265e-05,4.280497797921401,42160
422,0.08184819700074383,-3.7730886034803026,0.1484999249346897,0.030149980506371143,-7.843869294746526,0.08801650033005197,1.6007340653670405,0.22351087862935365,0.0505707195371429,-13.52769012478721,5.037819978237562,4.627459e-05,3.0217820776214195,4.627868e-05,4.09860307394354,42250
423,0.08161642582243187,-3.744384707404592,0.1299785657159574,0.03316434166184258,-8.229789941351347,0.09202631985801082,1.5126388301571057,0.19989271253291313,0.05652393264211586,-13.52917866633508,2.0208462857116603,6.976216e-05,1.8548937757005506,5.5470377e-05,4.03837752910057,42355
424,0.08099713332607164,-3.5858781960920423,0.11214795863461077,0.03664485798749503,-8.60727418620008,0.08923717406770898,1.6681360367378295,0.21050883107688967,0.060452028244628545,-13.752948849396953,0.47260726287779,0.00015817523,0.7202964162790658,9.9965175e-05,3.9548957349431744,42460
425,0.08170600293297683,-3.5628523434014916,0.09845881961329718,0.037552594979138015,-8.970208448456358,0.08876821439286565,1.8373371172018547,0.22730116666685746,0.05184053905490458,-13.95990878429625,2.2827112401041907,4.5659646e-05,1.87221634105537,3.6140707e-05,4.0087060883942485,42550
426,0.0818071490363942,-3.380991569504288,0.0986874300232753,0.033932908595987965,-9.255880300738303,0.09083167739409485,1.8326056122601042,0.2746948804338219,0.043765061427597673,-13.978575029503727,1.8391287562927294,5.919911e-05,3.6979909921315013,4.2554315e-05,3.8457180503966097,42655
427,0.0826015384802414,-3.2590725655067017,0.1037502500199259,0.03153408629670022,-9.430178534908906,0.08729935619820717,1.800956418951658,0.18341476225502645,0.06048329031887599,-14.113906301249182,3.345141520684634,3.8388975e-05,1.7590588150291602,4.4574812e-05,3.723573285192815,42760
428,0.0817112601367009,-3.1410211227432514,0.09484527182747209,0.03648228012630213,-9.255548867736739,0.07992904688885284,1.9259133264403157,0.16628232959019035,0.08100190172872083,-14.031447033619884,3.9450691278554384,5.100742e-05,4.159586787634113,4.0789328e-05,3.6844478330517423,42850
429,0.08208105663772187,-3.7500259299264997,0.11738049373250846,0.033522565137921685,-8.41515380017033,0.0886878717105578,1.5808330071900396,0.22137043388753683,0.06536545057534517,-13.637277286261057,3.6548633482467534,4.5642206e-05,2.7077189878943297,4.4456585e-05,4.0696102358509245,42955
430,0.08196543017127762,-3.9636893961850164,0.13617249256811348,0.035288945658089245,-7.716073211119272,0.08971545250498619,1.4274332886892405,0.3227057542184688,0.03952759667380632,-13.535555738950979,2.165326444402611,5.6309567e-05,3.4319611738356204,4.1865223e-05,4.212884928773597,43060
431,0.08257661596608405,-4.010601780568863,0.13575644844895488,0.03433942461249103,-7.577609569433657,0.09515010961040841,1.4251985924461217,0.31918666220566577,0.037568425883733825,-13.329049410468917,4.451263094488569,4.744349e-05,3.3886154148314205,4.771648e-05,4.25630328691607,43150
432,0.08164953436949325,-3.9026892992315942,0.12763863081949875,0.03256670021529071,-7.778189170048615,0.08864016883692749,1.50974557569947,0.1740767291792548,0.09043570564083767,-13.436342703115397,1.5634174522837638,7.6680946e-05,0.8192543335867981,6.65566e-05,4.184532885482072,43255
433,0.0857284340502049,-3.8411251268175373,0.12838253506409603,0.026391893941055178,-8.242816336700935,0.08675421321483019,1.6278169338991533,0.13090820193395314,0.10728016224734968,-13.684841651194082,9.200336214307118,4.175695e-05,3.977761508089381,5.3562944e-05,4.1718137794199155,43360
434,0.08158795271901936,-3.5981311503286575,0.11701357551041273,0.033610630722352736,-8.584027541706423,0.0881501961179403,1.6856343706952166,0.23678769575124475,0.049463661604666434,-13.735321932486064,1.509928041652574,5.9849433e-05,1.4905445296358195,6.291472e-05,3.973400433713482,43450
435,0.08191542623776778,-3.57573528194519,0.10608980766586382,0.03549659345486258,-8.92814310074897,0.08893103321132251,1.8200767893030458,0.242700754558984,0.04873137150491125,-14.079687675285435,2.2387287480381906,4.92102e-05,1.9322625961998237,4.978152e-05,4.012301375209412,43555
436,0.08119885028273859,-3.2002888745875064,0.11026843432012086,0.03047124318598599,-9.239990273864318,0.08826722231218125,1.9097082291190595,0.21482045097255767,0.058277323780329446,-14.087907149797019,1.2039231155114438,6.731357e-05,1.2788671146454256,5.4527154e-05,3.7267726521983633,43660
437,0.08113238633633295,-3.15966679184069,0.0972996178970688,0.03581606894119015,-9.397330569095178,0.08971714779136553,1.8192110580515901,0.2489827836823765,0.04588938316352346,-14.032705091450744,2.392005219085582,4.136254e-05,4.060271157714172,4.278707e-05,3.6459598337335017,43750
438,0.08235400196806582,-3.1101609544894755,0.10074275923795932,0.03430650306200525,-9.237515446010097,0.08344098489043712,1.8817250592443153,0.18111329929971223,0.07591978357387656,-14.14340253171975,2.8283407329739414,4.1606618e-05,1.2032031025792163,5.311833e-05,3.635105275149388,43855
439,0.0827713503959117,-3.6266941142501294,0.12091968750792073,0.03378637954863757,-8.341046159240536,0.0955305117303996,1.5807434005221788,0.32789551072387785,0.03975965701478497,-13.651039723608056,4.232162983111534,4.6900008e-05,3.2135279554801075,4.7975223e-05,3.956217877800836,43960
440,0.08226735328323455,-4.0556750327080495,0.14221241578014499,0.03326327781533759,-7.647281328587388,0.09741569424536908,1.2573593177391111,0.23928017170966412,0.04296732019559819,-13.377202918895112,8.681331623133833,4.848089e-05,8.92038631020102,4.602182e-05,4.246110269980845,44050
441,0.08211466974588619,-4.090113266212632,0.13109118663467162,0.03326495965472248,-7.6364998425741195,0.08625099142437324,1.412757642502966,0.17972680292700838,0.08751185578588808,-13.347149554286572,5.747900417429819,4.5472974e-05,6.309668509835401,3.5465517e-05,4.327228984800678,44155
442,0.08184724778015912,-3.9988470173233344,0.14023450377637944,0.032288926973987116,-7.765802410260475,0.09712284255393458,1.345922406065452,0.285212784509823,0.04376628201168003,-13.31244879157891,5.951400222730614,4.5346733e-05,2.6567756338734907,6.261518e-05,4.219275363270895,44260
443,0.0816881535527414,-3.877050943089826,0.1289552184103213,0.031628091920154706,-8.13985624438145,0.09057526142345079,1.5419221637406053,0.24330104258143734,0.04956819559040429,-13.704396886067652,2.434825388664499,4.4845092e-05,2.3778174828359195,4.1775747e-05,4.172415124882496,44350
444,0.08220544223345154,-3.840947199265025,0.11333329445907646,0.0353893182641362,-8.542189337816064,0.08989942826583286,1.5634116661084403,0.3610545995560127,0.03530404377040244,-13.77406836282113,0.49512322125412744,0.00015419468,0.537806128215924,0.00014257024,4.146942418851003,44455
445,0.08202144591071243,-3.569812277491952,0.11150786938736514,0.033547661131621845,-8.91122162588304,0.08667603813824924,1.7384329597215733,0.20866348661331469,0.062136340919076494,-13.867768316280413,3.7129867105301457,3.9065577e-05,1.7758573299897509,4.4980123e-05,3.9706056026730465,44560
446,0.08082243200332907,-3.3118014842421406,0.10585037824836016,0.03431427469965525,-9.216199738533058,0.08858107597690686,1.831732819641903,0.34901960619922795,0.03378155143710607,-14.183402373223867,4.163991513763776,4.371825e-05,3.1772885974270104,5.969531e-05,3.784610177228524,44650
447,0.0805087323064979,-3.238218653169391,0.10181549271335243,0.03494063097850019,-9.325094353137102,0.0891495863118698,1.770824225928492,0.24597476371444651,0.045509846754245714,-14.000708035240235,1.537727715794668,5.3857162e-05,1.5128814233569343,5.2426858e-05,3.69078290947455,44755
448,0.08082427703734399,-3.497282226460091,0.11364390270201814,0.031368410477268606,-9.210166788622693,0.09420040802402387,1.661649695329098,0.2926238919850248,0.03507378124243666,-14.039478425116979,1.7463422961956903,7.0167174e-05,2.2308203957237134,6.352614e-05,3.871958507202903,44860
449,0.08200740087650289,-3.67781847271563,0.1187904910879022,0.03363585870011893,-8.434657759054186,0.09052766797776819,1.6085909951928798,0.279424564319472,0.04456949854795473,-13.692908997723377,2.500558619631484,4.139188e-05,3.161296540666379,4.162247e-05,4.014213958929437,44950
450,0.08201004509845805,-4.118391126221469,0.12968570095645432,0.03533712531264963,-7.703093235577469,0.09704234113226744,1.3058907996495932,0.595999848390805,0.028583682095528105,-13.45252444911467,2.2285752100906486,7.307126e-05,3.5556701133165767,6.034898e-05,4.320474076898181,45054
451,0.08240428498471718,-4.188231253963618,0.13530845872910313,0.03479186381281193,-7.630010829042053,0.09406011285659895,1.3417643758978968,0.2873848070712105,0.041883872138954614,-13.417221272554663,3.9363046635654095,3.994282e-05,2.0778132323488463,5.0650444e-05,4.397910035131043,45159
452,0.08258711979086149,-3.9773350331237816,0.1356306506873791,0.0332676105582126,-7.780871166455788,0.08968115207425305,1.3944278296021906,0.40207559571773177,0.0355419361474918,-13.470071554990719,2.1610400817696593,7.312798e-05,1.2306457070069912,8.987576e-05,4.214691321755702,45249
453,0.08261597358632417,-3.766836616044411,0.12877192810995763,0.031028627973186382,-8.172896715632744,0.09108027865614199,1.5476915458873108,0.2073528935104442,0.06323547336924745,-13.606052326704505,2.765125677218998,5.0811614e-05,3.0580464473759803,3.7303853e-05,4.0723957584183745,45354
454,0.0816439132893467,-3.845146183874566,0.11833884167189372,0.03209238833800998,-8.612035754397873,0.09512122870962418,1.5933435997151315,0.26124560159327714,0.04428473016359234,-13.812179317400672,3.78629237006575,4.2648644e-05,1.605482349993603,6.0802104e-05,4.162198097414191,45459
455,0.08271590184129972,-3.427007441478615,0.12081464550352494,0.031025344742759982,-8.885934759858047,0.09384511003151774,1.7625809108405668,0.20122649092965883,0.05168828961949705,-13.864886206797632,4.283159508386949,3.893168e-05,1.8923057244723918,5.824507e-05,3.853708794292761,45549
456,0.08172571079110368,-3.353266686872338,0.12213017823298393,0.030140872928007604,-9.155388447994396,0.08871715841383043,1.6922973531313532,0.11525776563084772,0.0936327752654281,-14.006222657740567,1.295243651715596,8.858849e-05,1.3487780908296865,6.178219e-05,3.7560974168281596,45654
457,0.08286029764043816,-3.2192129068673023,0.10047803005228315,0.03359561306195394,-9.350649124806266,0.08352854280061929,1.805961509924041,0.1127393441669808,0.11264585828770234,-14.008805532331259,1.9826411115004967,6.948958e-05,1.094730351769852,5.9600716e-05,3.6911825632266075,45759
458,0.08110722419672259,-3.3104147929929564,0.09454216352110556,0.03446361173703676,-9.211645043911986,0.09038672816195514,1.8302724500204262,0.3034975500923878,0.044594063619338084,-13.997591480438286,7.088783318302682,4.1482614e-05,4.395976434840601,4.232014e-05,3.782689961253813,45849
459,0.08304371864530742,-3.633831034758893,0.12302701930371657,0.03273513421720617,-8.447055085346737,0.08739760986939993,1.6316683783489538,0.21039041580342546,0.06305843176249684,-13.685843771677396,3.63992829796099,4.3028827e-05,1.805063490720795,4.4029497e-05,3.983349054009803,45954
460,0.08245287138274648,-3.9973215330479657,0.1110203584550962,0.04009247665021477,-7.703534797170967,0.08034510912502418,1.5193358852664767,0.25314645370348365,0.07607357172503018,-13.341203234261625,3.0491666304284726,5.896482e-05,3.492708485284941,4.5283858e-05,4.276325639006857,46059
461,0.08212910366000935,-4.2432046141843776,0.12748487066929723,0.034557674017867114,-7.550806019059787,0.08918715546955738,1.4246633477046102,0.29173186427084946,0.05305807995507843,-13.407502139394813,2.1919735097659276,5.2178806e-05,1.5232728075021578,5.4473345e-05,4.475986042441207,46149
462,0.0828863808583353,-3.9001997519681715,0.12221516844543365,0.03551860508345117,-7.80958450832956,0.08681013038919591,1.583014980941355,0.25969528502912037,0.06091418314425124,-13.498147077044184,5.751419661927053,3.3854296e-05,1.6531156595599887,5.138686e-05,4.209215429879699,46254
463,0.08220324540062623,-3.840086302944311,0.11766058502368916,0.0349333735858432,-8.167322941442965,0.09487387003735699,1.5007720347466726,0.2880947648686526,0.04743748118635293,-13.59607065769534,5.1459682088833025,3.4401433e-05,2.685052985619621,4.3795335e-05,4.12293336283018,46359
464,0.08211512966203087,-3.7719227984308894,0.08556557653172897,0.04358006390457886,-8.597822442201371,0.08842629368280594,1.795885466962045,0.4256799771173549,0.04020435852202482,-14.005926219306076,0.35271878305111687,0.00021169099,0.2986725190767685,0.00015700681,4.177631650560901,46449
465,0.0815039551253881,-3.481913407941612,0.12037083843747849,0.03185957410140423,-8.839859698301277,0.09481046503197825,1.7012439123534235,0.2604226162479978,0.04142504710710439,-13.929422211315345,5.2995227767418855,3.3553126e-05,2.873559408263652,5.118696e-05,3.8753002244630226,46554
466,0.08086316013481683,-3.2675607552480628,0.11214850320918753,0.03188324728697995,-9.201585236815749,0.08724580287151687,1.7403382536352072,0.19481795791900441,0.058374268305325216,-13.9886994358371,1.449243516541558,6.32034e-05,1.5376242230801835,5.4983502e-05,3.7021251364997556,46659
467,0.08153981176439258,-3.2322604364046725,0.08944460985140601,0.03772167241497238,-9.398677395461235,0.0883997834881197,1.783069983806017,0.207195652681433,0.06432934104015486,-14.113667604582382,2.543023093302939,4.9367292e-05,3.388007879314598,3.4427114e-05,3.6914558233706267,46749
468,0.08264786853285876,-3.1922521193685247,0.08916533130837648,0.03939279274275289,-9.230051620021603,0.08724487926441067,1.834167446897359,0.2291865142986823,0.05911748384823136,-13.945543360506177,2.6865673775721506,4.984856e-05,1.4379592544933957,4.8823716e-05,3.681663186234017,46854
469,0.08320996157378002,-3.589998036660547,0.12392148973930377,0.03246236461466354,-8.39311154319747,0.09494847668335608,1.6626982491510323,0.248974342613952,0.044811652135470816,-13.770813512575058,1.9765425912564305,5.0753413e-05,1.0699627695069898,6.762989e-05,3.9563431816459613,46958
470,0.08198846164297534,-4.097454622480167,0.1444849191384541,0.031104623791222513,-7.664514872978563,0.09184269694886495,1.4106272582128667,0.143050379024675,0.09063523026512078,-13.32596664268084,3.0470608085025854,5.7776637e-05,1.4459858439365982,6.2801926e-05,4.333474777230997,47048
471,0.08244049670137531,-4.204401132740605,0.1381439669100324,0.03331205142523792,-7.467785211011643,0.0891212542712707,1.4000090526789712,0.25199544407968016,0.058650617647718464,-13.18490117954809,1.7392126798569538,6.3390704e-05,1.1810897694860312,5.1029696e-05,4.4313670839339805,47153
472,0.08169645407442774,-4.132350853708435,0.12155302039868995,0.03702675199461529,-7.765361003341928,0.09348887744822973,1.4842090842974192,0.3847506939047177,0.034010721636246466,-13.658227948341809,4.490626898823381,3.092093e-05,4.31411721125628,3.3093314e-05,4.390808602530497,47258
473,0.08263317417445892,-3.7551856701474686,0.13246809201310647,0.03087520172935277,-8.158636992022723,0.08806725989810077,1.6167195386282949,0.19561497145387935,0.07019805544542386,-13.619114234307055,3.489815785850204,4.7510275e-05,1.2542636958103324,5.5818695e-05,4.088422860207023,47348
474,0.08222557917578048,-3.60465699648276,0.12769734334204574,0.031192536431001224,-8.55547539205402,0.08917553003886781,1.625874785697587,0.14520671310255545,0.07972298935467173,-13.718589449759438,2.9766578143447666,4.6416535e-05,0.9311460527397016,5.8889753e-05,3.9543673174174514,47453
475,0.08203055643151994,-3.4784888385523858,0.11679505769142859,0.03262251987248416,-8.90012209545137,0.08955667901372065,1.6194843510829386,0.23688519603417627,0.04905396832655947,-13.988278618690174,2.052711901965968,5.0817645e-05,1.0610042661938255,5.2466057e-05,3.837005885236046,47558
476,0.08245018017017035,-3.3412372851526233,0.12045752166686648,0.027806907301638616,-9.231917107248204,0.08963067280816209,1.6260369163517814,0.1471031026091336,0.07125285665031267,-13.895573152500516,4.181327839931517,4.71614e-05,3.470562643674878,4.4694076e-05,3.7158932504894273,47648
477,0.08161167540854343,-3.080021246860677,0.09555150389060757,0.030814252636853598,-9.457351915172179,0.08794430504655082,1.9388966947736828,0.2061576855547528,0.056121548394841424,-14.175053019569981,1.4080794903598282,6.421262e-05,2.2781852020635505,4.5749595e-05,3.639485028698086,47753
478,0.08154968948549426,-3.3702129669427614,0.11870612435808933,0.03223461695011515,-9.271234770997081,0.09005326131909469,1.640632995448928,0.21928631404384932,0.04533778347893604,-14.01804032435537,6.78813957502528,4.0073577e-05,4.288584057324887,4.0076455e-05,3.748334572620866,47858
479,0.08183762491264507,-3.6316873760821577,0.13150099632875079,0.03211592211593958,-8.327656205089964,0.08923255047642945,1.5863701010091427,0.24527952054601385,0.04641511680311902,-13.616999338517022,5.393163816583757,4.6070076e-05,2.570904364439267,5.6933786e-05,3.963044700097422,47948
480,0.082517502621595,-4.135335765435601,0.12441737611447105,0.03493002372167315,-7.793565117760925,0.09091438811776174,1.49126533919281,0.33520918972165853,0.043912416784212684,-13.509655673837043,2.0070155644895307,6.082939e-05,2.0378761510446335,5.2319174e-05,4.396006620191637,48053
481,0.0822977835390943,-4.213731196408758,0.1339503760930501,0.03443957439679776,-7.5918262849433775,0.09459653883184996,1.3684878213436855,0.274057967252237,0.04834997746903478,-13.209574190102911,2.59508505023804,5.426631e-05,3.3309427576611643,4.762211e-05,4.430382546999116,48158
482,0.08257565969207205,-4.088511290214435,0.14541270979521081,0.029473525499690803,-7.769174148074687,0.08872018747449228,1.4236945760411162,0.13253436966396062,0.101489433977079,-13.395762891599672,3.026716507488046,5.366544e-05,1.0280865107644837,6.066033e-05,4.3292991137203485,48248
483,0.08318923160729343,-3.706979484706329,0.12196080651528966,0.032934249059055516,-8.20421543210064,0.08897639899091302,1.6238052425280747,0.21184656770427723,0.06372138197154545,-13.690809409561234,1.0409044147908602,8.9288544e-05,1.4801314972634985,5.6298763e-05,4.047028584739087,48353
484,0.08292526157994594,-3.541040866375681,0.12926593048170412,0.029636121727340217,-8.550026477082422,0.08873302271446061,1.6858157300639065,0.19241550249527617,0.06769048046777197,-13.721655680014138,3.95156252636993,4.175253e-05,2.144563649595609,4.288656e-05,3.921854802650595,48457
485,0.08268648047833568,-3.3688274103697626,0.12656245934460716,0.03054961843733018,-8.881226840603821,0.08710905006121002,1.711625098821794,0.20625299887842694,0.053990271851401435,-14.02584079550592,3.4680498524692775,5.0034734e-05,1.3748202901424431,6.9778784e-05,3.778711235299061,48562
486,0.0828005810512671,-3.1970549823178165,0.11547964554335877,0.030782840806977275,-9.25042235817201,0.08933771792146653,1.6886369527169043,0.16022013585832612,0.0735257115162495,-13.97492328870223,1.4285148969133434,6.879986e-05,1.2130957112075103,5.684402e-05,3.6156127168218952,48652
487,0.08063296097397323,-3.093756324656221,0.10763445604090288,0.032806757670210164,-9.4389001392451,0.09033567490339835,1.7439293814418138,0.21719471245720182,0.048899908838289374,-14.104309886092738,2.9941805334465226,4.288404e-05,3.1459197733428415,4.2295964e-05,3.551424768146778,48757
488,0.08142504392147372,-3.3256290004983295,0.10537626390767445,0.03303228625520595,-9.321956905863308,0.08985385337790522,1.816698960508529,0.2554856405378548,0.043489604210334834,-14.102570051548899,5.792070555813999,4.9783986e-05,6.686116868129911,3.7729933e-05,3.7894858968029275,48862
489,0.08214774202683274,-3.801613262543779,0.1254151933037097,0.03310568281561899,-8.387497334293638,0.09474363284110189,1.5609765534891342,0.2493038123268975,0.046438844813464636,-13.574508240100155,3.5970193127893926,4.5048553e-05,2.685696580929017,5.2973915e-05,4.109612049633343,48952
490,0.08168847586197533,-4.188526257073894,0.12877828095205457,0.03460685792785597,-7.7602899781362025,0.08951228745450834,1.5149230610698161,0.32036736158744955,0.04301884863556108,-13.464869918949278,2.3668647982537188,4.4556113e-05,1.1010282404854923,4.8397713e-05,4.454070507654609,49058
491,0.08243564457997082,-4.26560583774518,0.13048704096340283,0.03516429792812903,-7.610143609233317,0.08960372390176978,1.4366096880426311,0.2924931203496966,0.046827554691089186,-13.323077399949996,4.117723062869233,3.6550755e-05,2.4333461628740634,3.969471e-05,4.501026611650246,49148
492,0.08306264105314098,-3.998530642127408,0.140702815720647,0.031223401749116995,-7.776464567877977,0.08824076954632118,1.4793879198719435,0.20418825133833254,0.06344978176735679,-13.320946724996892,3.214548579251906,6.416497e-05,4.32221671943801,4.5618774e-05,4.263430064337265,49253
493,0.08162388608953197,-3.875226174906177,0.127169068958814,0.031594554043130454,-8.220608986350813,0.0904199627877278,1.6144037763092671,0.2651981663474173,0.050443297831387866,-13.78172201786385,1.8344065944526031,5.7633133e-05,3.5677506602301,3.3403547e-05,4.198056390716969,49358
494,0.08215692722736043,-3.614041578339832,0.1214027012426844,0.033855563250376704,-8.490482403657753,0.08993084542456986,1.5554545998161742,0.31904570640383334,0.03995262193105001,-13.754227197492908,2.5969212784489972,6.1075356e-05,4.761790968517213,4.1487187e-05,3.9345565877311204,49462
495,0.0874212223273433,-3.4976078020431305,0.10844875297598203,0.030480950068928335,-8.898314369904261,0.08973859164977464,1.5939452544958186,0.27988853967492333,0.04422617945346988,-13.923713856306737,0.3687555601032366,0.00018667085,0.48317408924591737,0.00014369875,3.84368596678276,49552
496,0.0825526526451379,-3.1347662154346936,0.11910864222075014,0.030147046379694117,-9.252038727353014,0.09490856076011064,1.797818815781898,0.2084691249823322,0.048427763252098945,-14.098643307286947,1.8907571266122942,6.687698e-05,1.3617776744507835,7.564242e-05,3.6137116265427403,49657
497,0.08191803210173637,-3.1671864712982583,0.10726070853244354,0.03134159209145252,-9.375714417873493,0.090089244783939,1.6894095067697736,0.2123186213004964,0.05396934602887942,-13.961676262737264,3.618939983549955,3.6801444e-05,3.0293905040323685,3.725974e-05,3.5895925431083127,49763
498,0.08118119928438175,-3.2413008198764874,0.10091555559471004,0.03299736241438268,-9.277503810734782,0.09152415405139125,1.842789909360443,0.19202657797371026,0.059836404482777245,-14.109557949746458,1.8157826223754878,5.71379e-05,3.5306501023814447,4.690449e-05,3.728525935939384,49853
499,0.08273224882287658,-3.7270021375770717,0.12136571406024271,0.0341801490607023,-8.37869804001558,0.08988512945652906,1.5708690956015439,0.22831973210586998,0.05864502566854554,-13.60367774502636,1.0925279211104504,9.670258e-05,0.8806114790049366,7.8379395e-05,4.044524032444371,49957
