,ch0_t0,ch0_k,ch0_tau,ch0_rise,ch0_ped,ch1_t0,ch1_k,ch1_tau,ch1_rise,ch1_ped,ch0_chi2,ch0_pedrms,ch1_chi2,ch1_pedrms,absk,dt_ms
0,0.0718432569163755,-0.5525063449452527,0.13684221292572465,0.03860251821179896,14.161678840309278,0.0725188750893781,-0.44287846205151365,0.09733352197745959,0.04582554902653434,-0.6006661874080683,4.708316339711634,4.4015578e-05,0.9147658989653259,5.208953e-05,0.7080992821306039,54
1,0.08197195667006724,-0.6268939439545553,0.06336737781886313,0.0633550658419602,14.302191209216975,0.07342539696770621,-0.4400502620216896,0.11894209258541487,0.0429660070696039,-0.6192658494016425,3.335330524821163,4.5821962e-05,1.3019236303602606,4.0069277e-05,0.7659244414903176,144
2,0.06494768712498807,-0.5992048177026309,0.1842111492137365,0.0362024324485395,14.16501783771207,0.06702825683262101,-0.3948093235961964,0.10993317035435647,0.04926455223919009,-0.6828977074202848,3.7365576487277883,5.500649e-05,1.2836948283068152,4.670798e-05,0.7175798321835204,249
3,0.07057799023334417,-0.6271063885703965,0.39790172019046466,0.018791998208635287,14.26945539869672,0.08193278618360784,-0.3992983994000476,0.12145943662835193,0.03034930636676874,-0.6842110497611795,2.916057892207504,5.196891e-05,0.7238916307833074,5.3938536e-05,0.7434390589343857,354
4,0.08171778879963215,-0.6288287617754723,0.14494933118351688,0.0239694072916763,14.248793386307566,0.07874290679186909,-0.4398993056071235,0.06117781613303106,0.06116797445528514,-0.6866167673462976,2.3899650350717003,5.0846276e-05,1.5169404251673044,4.039524e-05,0.7674223157490947,444
5,0.07185159644869674,-0.5500511547158159,0.3789738199936143,0.02683344209205556,14.184298922776883,0.07253831501715707,-0.41403247650990443,0.0653695310806608,0.06534671374141217,-0.6633577546429094,0.2165641462396417,0.00032927672,0.8770147996502514,5.4287626e-05,0.6884614472932576,549
6,0.09121478797242279,-0.39312193581283045,0.03502349014523739,0.035018286760203375,14.220592271433283,0.07349548724812537,-0.43175006744268607,0.07173679891097881,0.07173079379057287,-0.5238886814003422,3.482083979874082,7.735668e-05,0.8997391129837627,5.1077244e-05,0.5839117888465613,654
7,0.06618053453459054,-0.5051481099818399,0.1933621043492511,0.05275103521199153,14.237081847169714,0.07187920091375097,-0.4405106346777685,0.06465499536109741,0.06460438743712155,-0.5637471071300234,0.18263721224436383,0.00032025282,1.328916216187118,4.25742e-05,0.6702419207140325,744
8,0.08943428857148507,-0.2221767988143277,1.9999999398545665,0.005243491332773321,14.273267159187082,0.07580040921219627,-0.498106305007405,0.099894378621921,0.04384980969190857,-0.5243791781138202,0.8435500646608506,0.0001370236,1.1856939292264537,4.193341e-05,0.545410323535879,849
9,0.2424254341994842,0.48710123488819024,0.29764060430707673,0.2976094717885231,14.08300351365057,0.07527459085458836,-0.44566607171511685,0.06719073766254523,0.06716528951460966,-0.5276569803153296,2.2162662733744534,6.6935514e-05,1.3529835603182692,4.0352264e-05,0.660216525472957,954
10,0.07301663934442391,-0.46618246502660227,0.06783737809337975,0.06783605107415039,14.146549770732012,0.08231950811733629,-0.45227638819000887,0.11927529398380804,0.0317550144291096,-0.5721439901017892,4.34010225668088,5.0128852e-05,0.7679695622315813,5.7865203e-05,0.6495229187738326,1044
11,0.07466785604445529,-0.840250428799771,0.06283578816534241,0.06282820223214534,14.280796737020191,0.08000721999624624,-0.4505235302685733,0.08776504511674514,0.044524784622461525,-0.6126380870036959,0.5260645574667155,0.00016553272,1.015906641009635,4.464605e-05,0.953410842409429,1149
12,0.07087367649201495,-0.7281447847828891,0.1491887080146196,0.03596369332090522,14.260939067286744,0.07607900119095662,-0.38610353734023545,0.10126973071544303,0.04888219140533559,-0.7155133882563839,4.077899935752603,4.6097335e-05,1.19990989028477,4.12178e-05,0.8241788453686266,1254
13,0.07776038842629812,-0.6802109264461957,0.19816551559276419,0.021092135883205552,14.207429461705889,0.07965467625929785,-0.4261011133795541,0.06000866853978141,0.059992391786668785,-0.6953197713993483,4.466064372616063,5.8314952e-05,1.6584238942752054,4.1267584e-05,0.8026512712754447,1344
14,0.0844004597933172,-0.6602566069890574,0.1512336265013073,0.02671648044498154,14.32160117566989,0.08081200082203324,-0.440119245817394,0.0729916531515556,0.04720376636587622,-0.7069790508309213,15.841262859140793,3.55468e-05,1.621534599531256,4.1809722e-05,0.7935009373728391,1449
15,0.08380017203546522,-0.4357035772922815,0.07091596774027087,0.045076277509456746,14.148546940443104,0.07476709652945965,-0.41357279732716157,0.06534059233835432,0.0652910572054205,-0.6228525553501864,1.8811297279026324,5.361015e-05,0.7203283149436982,5.4524757e-05,0.6007329406269516,1554
16,0.0733053038006036,-0.47753689159982654,0.28966255032487004,0.025920767655415282,14.236525600941114,0.07356788758214318,-0.503613372243886,0.10912244142042524,0.04237844166907207,-0.564017274134324,2.255253219889254,6.5256405e-05,2.6562439275969347,2.9680657e-05,0.6940229906434536,1643
17,0.059514693847443574,-0.5313405550248037,0.08149505414314241,0.0814549909053389,14.211328303283866,0.0756155195851377,-0.46194434272292795,0.06561467571107892,0.06560713726027134,-0.5246826867211312,5.062320440743796,5.062217e-05,1.029130858127708,4.713848e-05,0.7040705654888467,1748
18,0.07124440654442235,-0.6366788477024923,0.07287967994993819,0.06179865906728858,14.193891309977667,0.07576855064882909,-0.43740585722111713,0.0662328211914176,0.06621453904040876,-0.5205130862972227,3.0272675313653625,5.485993e-05,1.1062054749239214,4.772607e-05,0.7724531306449043,1853
19,0.07354961031982814,-0.5954137357455697,0.1068384876190877,0.10680806679471079,14.32563006802106,0.08103098311830677,-0.48829974513675317,0.11694706336208405,0.029140256780259173,-0.6554587322091983,11.664498707781178,4.4648456e-05,0.8260911513812922,5.5868677e-05,0.7700351666093654,1943
20,0.07562800310533868,-0.6695557508266068,0.1963001207664654,0.0630230345921757,14.301836310532835,0.07397106179783434,-0.43009314356756356,0.08653467702856946,0.05064907325735645,-0.6855088768943158,0.38117735906629774,0.00018929673,0.7446495844586415,5.85676e-05,0.7957920680735704,2049
21,0.07105840482357133,-0.6928560313710186,0.2756337852692454,0.04607476655821598,14.26193759873904,0.07420794658275046,-0.4525670670724205,0.14884256892263031,0.03216810583227532,-0.672361646211399,0.36584167646726734,0.00015396946,1.0489157679467707,4.470833e-05,0.8275665715854711,2154
22,0.08945414867605861,-0.5887435580997558,0.11602546778249209,0.026471940207255216,14.238230126714754,0.07286870636112869,-0.45728213121994404,0.14501820755153427,0.036298558381371554,-0.7078408927929298,4.808013905472597,3.7921855e-05,1.2478481350663848,4.2279145e-05,0.7454702708606257,2244
23,0.07506005179181022,-0.6255631439876855,0.19955831814065128,0.02970513640872061,14.174104325006729,0.07343668876018822,-0.41081794235287283,0.06461384145431956,0.06457427623966443,-0.7691125804443432,3.473699275941258,5.1390343e-05,1.693161275657505,3.754861e-05,0.7483987098297312,2349
24,0.07527568461397016,-0.554671161436506,0.08001260496031123,0.07994389799524158,14.255481690010212,0.06759700931716627,-0.4341463031042064,0.07112445513918642,0.07109622511830892,-0.749768923056595,4.57322698953467,4.9623326e-05,1.1140594447854801,4.387147e-05,0.7043742682895024,2454
25,0.08998624360067835,-0.4687843664877538,0.14568058839979453,0.028966574776434686,14.25034335777339,0.08759866029551198,-0.46086117852757347,0.12386521823981153,0.023091796992335458,-0.6702394705622108,8.066776817289346,5.2649666e-05,2.3923748869005044,3.2080654e-05,0.6573825432251366,2543
26,0.080860907826247,-0.4728876197424152,0.6406254336950056,0.017737748794584014,14.228590817881246,0.08305829525546002,-0.44136702111598797,0.12544098786945312,0.026942188030346526,-0.5684610894798772,2.9811156947241213,6.9256595e-05,1.2232723318632048,4.1936248e-05,0.6468597593253487,2648
27,0.08095829331759952,-0.5615249596098388,0.0539320889985326,0.053915628217296986,14.297786162761074,0.07427894928966423,-0.4450618028999196,0.06537434210747474,0.06517252183313157,-0.5224033903988304,2.6416484787081784,5.3079257e-05,1.0828309236369336,4.5110643e-05,0.7165125879322415,2753
28,0.07851713747113351,-0.5172802368289188,0.33745496764525434,0.022839980731241754,14.207899257123147,0.07327248510710427,-0.43082211120138264,0.09196611922248055,0.0519471296780762,-0.5632528166607249,3.611717753409441,5.5938406e-05,1.9640051820045477,3.220017e-05,0.6731913063266628,2843
29,0.07378707502582842,-0.637947029445719,0.08688783352098611,0.0487797341787041,14.184082750302196,0.07843141925983621,-0.4411442576320614,0.16748885776294206,0.024164505291203876,-0.5985996872835232,2.280653188011575,4.7736317e-05,1.452414677911588,3.8714083e-05,0.7756188938005312,2948
30,0.0482908593084885,-0.4892488662871839,1.0098343196431434,0.02063019182368745,14.514868748789084,0.08103397133080811,-0.4146800783099902,0.10658249415087459,0.04052441273774592,-0.6404747507062543,2.110826605151736,9.0928304e-05,1.3334772946935058,4.025036e-05,0.6413454767209903,3053
31,0.08017234222048794,-0.7579361127874291,0.5231876030238599,0.017707109112221717,14.294729931651057,0.07711950281730137,-0.42563884916055006,0.06835064402570634,0.06816164451520203,-0.6740424521191603,3.538179009322394,8.608974e-05,0.8444797471306784,4.9993898e-05,0.8692730186667684,3143
32,0.07572994400983282,-0.6701674005812279,0.05783237525613282,0.057823763706602374,14.161064832244785,0.0756681761864923,-0.47942814602751443,0.09306854579645452,0.046345575965716916,-0.8538477989187555,8.194536138592794,5.335124e-05,1.5466267535968905,4.1999378e-05,0.823999813109918,3248
33,0.07332532999112695,-0.521480912346938,0.0678650804933995,0.06784629465571279,14.173754038465212,0.0806508247027394,-0.425501357307344,0.12402531881620754,0.037817076456676105,-0.8016685360304895,4.37252227826489,8.440586e-05,1.731514373186959,3.4830846e-05,0.6730481015593068,3353
34,0.08169654424428704,-0.5820172043221582,0.05575361242268392,0.05574573935985297,14.225509751054533,0.08264487236722112,-0.4356692786032096,0.1432095074116162,0.030981484966608568,-0.6445351188581886,5.4320070677943075,4.159312e-05,1.5460444497945762,3.803718e-05,0.7270156438795673,3443
35,0.07997671657502506,-0.5590161732641421,0.11468519255202901,0.04534749700582075,14.288590223961858,0.07530364836008621,-0.45800505291921856,0.06604983562434837,0.06604057901170411,-0.6425842184095202,3.161596230697387,5.641945e-05,1.2746547986521377,4.00329e-05,0.7226809188503744,3548
36,0.07980168784215061,-0.6953286344270406,0.16715435867379683,0.037277157526209886,14.18177394670816,0.07738631188990369,-0.42506793346266714,0.10909673016775247,0.039294863322679126,-0.6147314626385215,6.715406329309015,4.2655665e-05,1.0620681591690346,4.3170818e-05,0.8149629794735437,3653
37,0.07520919782266809,-0.7817241315402171,0.0754884704548851,0.07548037573343455,14.138552574099757,0.07415260919962635,-0.4502209193156005,0.12274609642234174,0.03946322738062267,-0.5206895701311323,0.884967781724501,0.000104843726,1.444264955429783,4.0135346e-05,0.9021039263974474,3743
38,0.499999999999978,0.413290301351266,0.34642674073881946,0.04034378650181657,14.134691424504942,0.08216769367155824,-0.41897308615769335,0.09786280873408745,0.037180199463615164,-0.6201345444820974,2.7624134234323092,9.783466e-05,1.8900288923330448,3.4531e-05,0.5885128036971856,3848
39,0.07811705934986274,-0.39662050826795064,0.07925792011473885,0.07921489714851881,14.198773763426672,0.076868597651095,-0.43807949987629274,0.06932513776070072,0.0693076889815672,-0.5889126361889221,13.984353638963764,4.3873704e-05,1.6546088211927832,3.9003502e-05,0.5909496389630763,3953
40,0.08357539623722818,-0.622646168115045,0.1231868786880984,0.04307779795506384,14.31878939289768,0.07965448789673273,-0.433702351993477,0.08483332708352898,0.05374032545772097,-0.6961578532038192,0.4889680396374059,0.000117979274,0.685591777549933,5.740254e-05,0.7588056278079537,4042
41,0.0031170402728070384,-0.5239822901253519,0.40038560523596456,0.07412101805113366,14.323101790129462,0.07059926535029606,-0.4217431728285026,0.06837801050272727,0.06836544522129728,-0.639198275484378,1.2209571504821284,0.000121275,1.0312452034612842,4.4494187e-05,0.6726252628265316,4148
42,0.007166958353701765,-0.41298887981159116,0.13631920565848682,0.13631892799709466,14.147486416820168,0.07127978969718392,-0.4467270726130847,0.1620374066897867,0.02927606284027315,-0.7432480023846044,3.001221513328952,6.842003e-05,1.368393027442718,4.5341443e-05,0.6083789051680615,4253
43,0.09025346892233799,-0.7544541897234135,0.09129369715420979,0.09129011227688433,14.345111184814408,0.0741671306134739,-0.4340466067609633,0.08804391311714489,0.05150768044633335,-0.7381500554527135,0.7575315677605797,0.0001236154,0.6462550893017203,5.8347337e-05,0.8704008164242028,4342
44,0.07455078216431182,-0.5948381672971844,0.06292526838968573,0.06292149073951188,14.202487993248239,0.07157012575979659,-0.3864780978163546,0.10440584280129234,0.04977401512556115,-0.6835691018664722,1.4928261952849962,6.781707e-05,1.1828492218090167,4.2748383e-05,0.7093643389438329,4448
45,0.0824521833574542,-0.5784427548773093,0.06511727856947684,0.06510868283773115,14.247066471753087,0.08041034636877899,-0.4137804890671104,0.10742183323882855,0.04352395444651926,-0.6843439492570588,0.5349114911663845,0.00012965678,0.9728540620848175,4.7106143e-05,0.7112034264559389,4553
46,0.0014276057563757058,0.12040670066220106,1.0257750562058785,0.0001418104722522787,14.19103158793417,0.07868684364561224,-0.46274398479236,0.06107759407107786,0.06105820479411616,-0.5765609536522102,0.7719289375561132,0.00014205514,0.765589973660482,5.6872104e-05,0.47815245374866455,4643
47,0.08113824471101638,-0.6980424268558559,0.06583902894767878,0.06582910440005518,14.10510659410849,0.08189498322387699,-0.4416123444501846,0.09855740468164388,0.04246081980884046,-0.5489365764007906,0.5239372786695341,0.00012444865,1.4733564167528868,3.98239e-05,0.8260052617638712,4748
48,0.0958010507753216,-0.5585429117653671,0.0702106728648843,0.07019939338618209,14.188944916973542,0.07437658014551925,-0.44522661120466794,0.09317794189066865,0.05841613883739748,-0.6215092823157067,2.4667178883543923,7.2759045e-05,1.0117663985463847,4.4174787e-05,0.714280700850952,4853
49,0.08643670665061598,-0.5156419716979216,0.05731578885523926,0.05730472418503235,14.187734184035712,0.07484895306618669,-0.4378162808089822,0.06338300984666913,0.06335442064945193,-0.6050244841284071,0.7697365329484999,7.459976e-05,0.7471868706256729,5.204018e-05,0.6764390133026995,4944
50,0.08379999972491783,-0.6070139890367192,0.06357799490333617,0.04990321026078514,14.190189437782132,0.08070346260917538,-0.4376308374299936,0.06705418455534436,0.06703985298573598,-0.6296656390517186,3.280679307797373,5.6367477e-05,0.8488234744553487,4.7523303e-05,0.7483226127519785,5049
51,0.07897704872391602,-0.5451976292915544,1.1684447905408981,0.024421231064868643,14.543318206112685,0.07490512791294897,-0.48229719291116135,0.08944359427090949,0.045620316967439054,-0.6813138618585861,1.990102944548577,0.00010255329,1.6065423930296945,3.612276e-05,0.7279086737188376,5154
52,0.08023610589466455,-0.468915033487891,0.08142358034400257,0.081412459898775,14.107268098440873,0.08197331773940911,-0.4664506061035265,0.16534837955782847,0.023033665349009462,-0.7721047870653313,1.840626438251056,6.3242325e-05,1.0059470743772934,4.6934856e-05,0.6614056822898463,5244
53,0.08655928799678733,-0.4480433716648781,0.4128789086649416,0.013291554636117354,14.27990401780923,0.07322469002684388,-0.4620582627916626,0.07393848742403235,0.061995524467321386,-0.7914699243253588,4.340056090497388,4.7088142e-05,1.936829276104544,3.376488e-05,0.6436153362893718,5349
54,0.07462946167254758,-0.6796159341816164,0.08144355473078393,0.052256230081262116,14.23816312167534,0.07516307826751252,-0.45163698324784524,0.14668592271229527,0.03159970354698564,-0.6866111304391123,0.5389680539064841,0.00011319933,1.118732639706727,4.170823e-05,0.8159986413167399,5454
55,0.08180751371195856,-0.48757461997334794,0.07173948765416442,0.07172877869673154,14.145361651907262,0.07408240045951583,-0.4026131587614803,0.06619051971383405,0.06618851354121551,-0.6290750237930972,2.994533903216487,4.959834e-05,1.9049558283691748,3.336193e-05,0.6323182471272291,5544
56,0.08947619454005817,-0.4256649862236281,0.2564159382440179,0.013324693217502797,14.352537641582023,0.08034092470205172,-0.4811820479461421,0.10264237854321778,0.03431370701298538,-0.5890977647356175,3.8169262541587687,8.825366e-05,1.7644234945272739,3.639638e-05,0.6424382022906211,5649
57,0.05728574421151287,-0.31758332314405846,1.2197222422273208,0.018190609596114172,14.218181151090276,0.08068339204979412,-0.4308348670291331,0.06668001901339131,0.05144854978608096,-0.5504014995183774,1.014791714400833,0.00016589387,0.9502992678856651,5.2127925e-05,0.5352362560470229,5754
58,0.0802953918983614,-0.7140282112959322,0.05918227716810592,0.059174904425357916,14.184314003465317,0.0743749883793958,-0.4533277075486239,0.07087163315278062,0.07085517018169796,-0.6178410595701991,2.335168217116759,5.925793e-05,0.6218234818669285,5.422879e-05,0.8457791064797943,5844
59,0.08675091366571268,-0.45338526705372584,0.11143756782361085,0.04532307668688582,14.24469463048885,0.07576077128725636,-0.429883451919258,0.0676428942099655,0.06761073647324085,-0.563516741626383,1.8508645298790514,7.311543e-05,0.9443401180983626,4.9943785e-05,0.624786349575113,5949
60,0.08296441224998508,-0.598352798981214,0.08724843148092555,0.08722217737799622,14.128808436552493,0.07401934321156095,-0.4403199278183046,0.07610960388936754,0.05848620797138304,-0.6144990499932929,6.845804518842322,5.6650148e-05,0.9607161999717725,4.9009413e-05,0.7429049137558387,6054
61,0.07580000481192221,-0.44074066144045676,0.21589751101472063,0.05558080522023058,14.322904703835336,0.07271287940255476,-0.44738327013640117,0.11453596294943016,0.03512762333538084,-0.6792897880184413,0.4194739554545847,0.00018342455,0.9647293566770097,5.0486935e-05,0.6280160197358913,6144
62,0.08618583565053049,-0.6747094052121264,0.05792423656077936,0.05790626709930038,14.190645944241776,0.06472654986621533,-0.4207072538112752,0.10064680324572707,0.05487061556779992,-0.7313263007249106,0.9573478017169863,0.00012940622,0.8364572228083071,5.3096e-05,0.7951272696185977,6249
63,0.07390288116836319,-0.5807737140553492,0.07361136650030346,0.07357646850237211,14.186933903930408,0.07795062393962122,-0.471831570957366,0.13401377944428805,0.028653768632335697,-0.7514812284516357,2.2607186964067396,6.114983e-05,1.18078085119126,4.458668e-05,0.7482801202021475,6354
64,0.08278650778115204,-0.4956601638335047,0.2740861521761465,0.01764255917568621,14.299264476601492,0.07435243746032368,-0.4056615496961768,0.08105284197936799,0.06010175169054676,-0.7359725230110953,2.3632705254379807,4.7944213e-05,0.9547708510369296,4.4608943e-05,0.6405000319386099,6443
65,0.08043127043564609,-0.4378941057207485,0.5724844328961799,0.020066655378970736,14.223916378983313,0.07884637597525643,-0.4512185124699966,0.1646028283345365,0.021451911149425584,-0.6637196896326671,0.8768897407037849,7.5703385e-05,1.491007200657854,4.4829336e-05,0.6287681558576346,6548
66,0.08551310408953688,-0.5638766010378254,0.16556604688841556,0.02091054108790717,14.2957992885458,0.0737461777242326,-0.484558380169753,0.0636579680669072,0.06363503922077263,-0.6156704743175904,3.8525109257614507,5.394154e-05,0.9673093410425646,4.643035e-05,0.7434740378726791,6653
67,0.08767410977756032,-0.7628375733350818,0.06416211523207967,0.06413901733590353,14.240964898811598,0.08053554397376791,-0.40271713405747933,0.14810851225777344,0.027527347042856972,-0.5958488601748788,12.281463630971725,5.5407698e-05,1.363333244161816,4.0529452e-05,0.8626136176500033,6743
68,0.05783449922542051,-0.6793798824944255,0.16549554706103997,0.11385219900534926,14.143203965088638,0.08084780616103801,-0.41775116509616494,0.07121571248993316,0.07120184096882348,-0.6216133183839618,3.8107678692464937,7.944768e-05,2.0160266268264597,3.1267653e-05,0.7975418864720163,6848
69,0.05771136937255695,-0.791608086915008,0.08595224786659367,0.08593392923897047,14.281123407610526,0.07457845468758183,-0.4602035440885865,0.06365558481402957,0.06362452762835549,-0.5984654626791684,3.367824683197774,7.529559e-05,0.6721054430487903,5.9825852e-05,0.9156585964544506,6953
70,0.07502781018910412,-0.4963440419916572,0.37873064315040983,0.030848529361339475,14.151316116198004,0.07572911125062581,-0.4270450684373616,0.06915061332180303,0.0690823694711196,-0.6351316195628576,4.156483557576018,6.1979e-05,1.359172781467107,3.9786286e-05,0.6547708748083461,7043
71,0.04338042293618674,-0.6631183373118377,0.0716547325144759,0.07164240234312973,14.159363760177229,0.07255752620684361,-0.43152228861344577,0.1175368188087149,0.04296706629879187,-0.6043581793098155,1.2009792896297502,0.00014330412,1.2408836555762148,4.7263344e-05,0.7911620661087095,7148
72,0.07366303798210458,-0.582689473080404,0.07832475822201306,0.0783048754928646,14.352690668070041,0.0675511877699737,-0.4504031850522484,0.10199630130724475,0.0542613424299725,-0.6726580536966086,11.84141613256572,2.8044395e-05,1.018153415756029,4.2169668e-05,0.7364713512037849,7253
73,0.0819479258137899,-0.5305796794423899,0.052694949016386015,0.05268256446960361,14.090411947707507,0.07485962151032596,-0.37225869490649743,0.07578141858534546,0.059950048003704876,-0.699463044076554,0.9048996994880341,0.000109154294,1.7063897920322428,3.633666e-05,0.6481445303099287,7343
74,0.06635043810054449,-0.5303273511317769,0.3054249146199076,0.023576489187322313,14.2356475189553,0.06999660141091502,-0.4726303448278984,0.09008537887427141,0.04442106288254911,-0.7003022014035447,0.6553640261099469,9.844937e-05,1.2640967901858777,4.2457363e-05,0.7103707075961009,7447
75,2.355100083021509e-08,-0.4899713856543417,0.13014882917193252,0.1301283417815068,14.249942073849015,0.07154731154171483,-0.39806704120091896,0.12541075422840484,0.04316105919341845,-0.6518118966218445,12.07584339930416,4.597234e-05,0.8294075296341786,5.5661072e-05,0.6312917931119411,7553
76,4.917256554926505e-31,0.043046660721302074,1.999999999186467,9.470176135476138e-17,14.086028189990525,0.07381675892211223,-0.4260341784945832,0.0709303489559516,0.07082958122004449,-0.6032775690262464,16.75843334992773,4.983597e-05,1.69588798185733,3.625232e-05,0.42820338186988816,7643
77,0.007073018814211624,-0.4164899082721873,0.18015618710070067,0.18012463362463763,14.364256745506477,0.07431370778156429,-0.45908602863523057,0.1516349198240761,0.031378319574204526,-0.5237866946938404,6.921180775183652,5.4143195e-05,1.6721398795755522,3.649851e-05,0.6198579074115638,7747
78,0.07911925230822653,-0.5548615933292879,0.14736737588506138,0.03755262859963092,14.159647971954591,0.07803053966473641,-0.4182818317493486,0.14498064676592087,0.032845794468731156,-0.5515778813045034,3.010105559129439,4.2552907e-05,0.733219339350316,5.4769112e-05,0.6948604741410367,7852
79,0.07224637363488737,-0.6250747348638667,0.07820563748595438,0.0782008200851216,14.204493391925306,0.07982902243629961,-0.40810225049780413,0.13366610812709676,0.034579736687320665,-0.5533353212931074,2.0977786672803473,5.9452614e-05,0.9217369747434135,4.8696253e-05,0.7465024253319649,7942
80,0.06641388167522877,-0.6598822138026252,0.07925714801531202,0.07924563913520208,14.214884594351483,0.07274835946745134,-0.5037389433187054,0.10661521846764561,0.047411419926157244,-0.6362394973948517,3.06007483671831,5.477576e-05,1.3450207840462267,4.1633506e-05,0.8301791728951645,8047
81,0.08079854126559212,-0.5491751547567918,0.1997890005561582,0.022592653844793722,14.162132870599278,0.07188309214604564,-0.4468986101439929,0.10916669025841005,0.0397174663395882,-0.6653188001187853,5.774245017342468,4.8104288e-05,1.04301848072588,4.471572e-05,0.7080336985982932,8152
82,0.07515971038889618,-0.5429121558943444,0.16349373795069272,0.03805321983187035,14.373285838299525,0.0737595812548838,-0.4005465766438057,0.0699316633228239,0.06990255513108924,-0.7165502709091194,1.864317997831889,5.0243343e-05,0.746042872646915,5.33151e-05,0.674678567229549,8242
83,0.07514841261022007,-0.6075667288767044,0.42418836388830483,0.018432927171235323,14.318470379866287,0.07267148624573039,-0.3898512966048501,0.10210446921594446,0.05256528961826141,-0.6839576765166231,7.560091024761211,3.7286827e-05,1.1189751280193332,4.5545476e-05,0.7218873620603297,8347
84,0.08751240203581485,-0.512942683978298,0.4402296560114403,0.004754739512518848,14.22126994331557,0.07226809685605967,-0.39847922330457797,0.09770962641285168,0.06250223351415721,-0.6950886431836133,5.530761495387892,6.731145e-05,0.9183400346808772,5.0706327e-05,0.6495351325773532,8452
85,0.08480374611988184,-0.5953673697017017,0.07457569523461002,0.0745553137366897,14.303604755364907,0.08114994736660816,-0.45708380177525765,0.13137907570174168,0.022600859016635597,-0.6415750125372266,0.3972398308021128,0.00018269717,0.9882169200025267,4.9441045e-05,0.7505917044244799,8557
86,0.068903302487999,-0.564423817663924,0.12645668843089852,0.04631828580825696,14.12173850120238,0.06560474169791711,-0.4449592401609685,0.09074559446634307,0.06491392320528053,-0.6131530195878279,10.125898208281592,4.8105772e-05,1.7048783097344777,3.7089645e-05,0.7187231534818849,8647
87,0.07525673090197563,-0.6823375285877331,0.1499350260626071,0.038410058142897496,14.242402734606973,0.07253040023401355,-0.45662318768197296,0.07670978932239454,0.07664918263456681,-0.5616143599708946,1.012388840341573,7.487192e-05,1.45262402355013,4.011785e-05,0.821029377335587,8752
88,0.08589191331526157,-0.7091715334449364,0.055825957466298155,0.05582223677454873,14.194450833157475,0.07290811748004408,-0.4529486407334633,0.1143448916011405,0.04293511903775443,-0.5508534657175288,1.1542071250956643,9.928413e-05,1.4618268291015302,4.057814e-05,0.841478897531563,8856
89,0.0013938343947386535,-0.6354968111325696,0.1322383057650414,0.13223673748328663,14.091453387207189,0.07485922969290199,-0.45650252015975795,0.06383489707880831,0.06383327488859614,-0.5518187647912971,5.320274958421778,5.8755628e-05,1.9629922307319083,3.396399e-05,0.7824645345776862,8946
90,0.0952320828795407,-0.42054926932305037,0.11622871227497739,0.030063109435216128,14.260517242954137,0.08662843311070204,-0.4619526663519053,0.125814773164845,0.025637058407412212,-0.6490708032578539,0.4732983385980648,9.3035356e-05,1.30506324169488,4.0869567e-05,0.6247094955879783,9051
91,0.051245359931370804,-0.6008873516496644,0.139444114727533,0.11664754367356082,14.202644853738425,0.06737063445922586,-0.3985237935631447,0.12498302312303025,0.04792949311400168,-0.6532304456287547,1.638646456183064,9.385281e-05,1.0112546435209147,4.5970173e-05,0.7210317769755418,9156
92,0.07418038685491095,-0.7672839321040789,0.061882485793270936,0.06186158981075837,14.207836920459942,0.07170442478246335,-0.4428222805137262,0.13625806527950676,0.03664678293959062,-0.7270015911961157,16.848981001854362,4.924157e-05,1.5265449321478677,4.1229043e-05,0.885898529508021,9246
93,0.07580039719662487,-0.4020937023798498,0.061283792051856856,0.058143280204134534,14.289371792417876,0.07175691845582521,-0.41593016943008354,0.0828464626668085,0.05349482379762269,-0.7212631554865494,21.161397182812482,5.3155676e-05,1.1910931118762995,3.9833532e-05,0.5785129655726596,9351
94,0.019663546526676835,-0.25766352160301226,0.10349510530660329,0.10344199131822768,14.092640945742422,0.07735643380391498,-0.39781653567243797,0.14033468788468734,0.029467912551988076,-0.7090463396244367,1.5667159922710203,0.0001012232,0.8305422081300505,5.603819e-05,0.47397097634695534,9456
95,0.06582701094843331,-0.6394510062489681,0.3108208502297041,0.03714110023251673,14.376862939451243,0.0590114795787299,-0.44110140374002865,0.0791565877787976,0.07914905930345024,-0.6506621946932548,2.5001989991022042,6.3282445e-05,0.8490994963156716,5.5063865e-05,0.7768320524889801,9546
96,0.08205453455785519,-0.41777876278518183,0.38589043917538685,0.01811375058089755,14.303276669173728,0.07389883651691503,-0.4540332986864552,0.06697592126906446,0.06697272205428347,-0.574758746027673,2.9637409467346205,5.1188777e-05,1.7662460865528846,3.9419032e-05,0.6169970266949599,9651
97,0.08514683585486685,-0.6522709045803242,0.15333725944341797,0.042732430225831425,14.234569522257003,0.07644044880637996,-0.4271766829059264,0.11032491272119993,0.04741184863806297,-0.539995424722627,2.594429303887763,4.9277518e-05,1.4013945856519163,3.789765e-05,0.7797033098432664,9756
98,7.330321519393828e-09,-0.5918706897400531,0.3458656639120108,0.34579892186732425,14.440779208528054,0.07390054762612235,-0.4726191529782457,0.07525505750869908,0.07525317437625305,-0.5741941043444594,4.416142258958357,5.0741903e-05,1.5870629449327636,3.812243e-05,0.7574165149607186,9846
99,0.08641179822953016,-0.8917610399528622,0.04116499569902512,0.04114596232195473,14.10998545226575,0.08038652513764362,-0.47216520812197543,0.06461450396044352,0.06460988723961904,-0.5446685642181196,8.734350174094207,7.8966594e-05,1.4267198319791097,3.924999e-05,1.0090479355009248,9950
100,0.08292904079388537,-0.4761296569468228,0.07621169546616074,0.07618882350497974,14.132122273207994,0.07852832368114587,-0.450618535817203,0.10207609588399999,0.05577676177341986,-0.6466869298689853,8.324794256804974,6.237695e-05,1.163869634381895,4.480895e-05,0.6555581706045155,10055
101,0.03420430941937589,-0.4732391445637542,0.2631312044997087,0.049088070662563627,14.295855280206393,0.07108317730057478,-0.4105175199040541,0.1225631404343145,0.04662287443036588,-0.6704499732512265,7.189616661147342,6.289926e-05,2.4920729949322307,2.9558109e-05,0.626482180189995,10145
102,0.09375015520857803,-0.5414644078942913,0.07888056372948081,0.03129958191809091,14.161650034123474,0.07533958669954097,-0.4190026247461877,0.10453682772514422,0.04407890243630415,-0.6607879677179758,1.3119044353544722,6.9604146e-05,0.9437282519982475,5.2688796e-05,0.684650936288347,10250
103,0.07837268151755297,-0.7669860322814332,0.08738328269197865,0.08735142982844166,14.476371496317498,0.08035946583194466,-0.43801107964291036,0.10766565006276645,0.036495955943571926,-0.7918728089573389,2.638266952465599,8.542428e-05,1.1443486042071929,4.4492983e-05,0.8832447450196145,10355
104,0.08207739204721756,-0.3961757741132485,0.8250083037442207,0.0079199205045781,14.38997003209692,0.07527298216987287,-0.4197166889655508,0.1247503020825285,0.03587013872465119,-0.7078703974280892,11.456359238265257,5.7258203e-05,0.9331573299437815,5.131348e-05,0.5771631857546327,10445
105,0.08244739302686888,-0.8985892056338028,0.046850618537076005,0.046826922675175575,14.237018829189054,0.08302443571580846,-0.36931979936339887,0.10252507011667784,0.03498194654204281,-0.6209972630954856,6.369022142897606,9.138301e-05,1.4097545080746552,4.148561e-05,0.971524407662211,10550
106,0.07285274306677393,-0.6589039021300169,0.06475688191054448,0.06474375590461483,14.282979776005599,0.0669556874060871,-0.4022089258134329,0.11512805273171044,0.04402257454029193,-0.5963982561695931,4.305205210110336,5.0356637e-05,0.9378262119716454,5.1172592e-05,0.7719626754229498,10655
107,0.08087489581406153,-0.47779419464459266,0.05187235537327082,0.05186518229848137,14.112249586853128,0.07233547369726012,-0.4557334048014961,0.13869469072594023,0.03655579650771833,-0.5155994349510655,1.400871834168463,0.000120716504,1.2413013006428657,4.5016586e-05,0.6602879892047403,10745
108,0.08181369943118891,-0.5329300148513265,0.593743726602333,0.013345084606655606,14.363392110299836,0.08060141594362144,-0.4522800078291702,0.05907547189896049,0.05906293500317614,-0.6164036660498902,1.303687903642779,7.87649e-05,0.9559181662502689,4.9246428e-05,0.6989789740839057,10850
109,0.07460522819033147,-0.5600045154203459,0.09574841126384556,0.035289092581647204,14.224686804218727,0.07580010724257877,-0.4552998512509341,0.09708636506237485,0.046396465773172316,-0.5886061272062311,2.006591180222622,7.3855386e-05,1.3644906452824712,5.0674458e-05,0.7217361095582645,10955
110,0.07742907802352726,-0.6307480239536571,0.1129170969173922,0.1129001151036952,14.181304346100553,0.07414277249299034,-0.43556486358785557,0.08899777778594861,0.059984718145271065,-0.640480265952614,1.0964459881872086,0.00016952142,1.1558624359808896,4.3156706e-05,0.7665245071840497,11045
111,0.07453753120998255,-0.7825969634820128,0.040910254644503166,0.04090762134052348,14.270060471278187,0.07539759360885635,-0.45345296777595595,0.10927886597265551,0.043917348802466186,-0.6625589445538506,1.8008587441935882,0.00020025599,1.8384964827277048,3.3585922e-05,0.9044764238144015,11150
112,0.08127523184562999,-0.40314045090677975,0.7060520857631754,0.012301101484900608,14.177641546680293,0.07324991628685945,-0.396906334925292,0.06782452275552327,0.06781981928120306,-0.6683567018547485,3.5230835912928433,5.1097715e-05,1.059354984821599,4.5827306e-05,0.5657356819762651,11255
113,0.10317062198999384,-0.3425451851427436,0.05513867807894527,0.055103459475890564,14.181025775472612,0.0732793876749398,-0.42708418907266665,0.09786407698230476,0.0470877553759835,-0.7209696234897289,4.0264420925761355,7.6971824e-05,1.1216543754036226,4.2342697e-05,0.5474834320966561,11345
114,2.058276263731519e-19,-0.47741978983230693,0.048931569976352104,0.0488924221971692,14.27416329624005,0.06616596971038168,-0.43014509422644964,0.06809265448911965,0.06807893454781785,-0.6952837243317553,1.0645023044263828,0.0002408664,0.9206208419862562,4.938958e-05,0.6426153264672462,11450
115,0.057066560071028345,-0.3393024958820377,1.5098071029647022,0.016706175092403682,14.308805238497236,0.07972122163372856,-0.4276805020446708,0.11551114423495694,0.032241104658283684,-0.5804826014855545,5.7076165182547625,4.0094143e-05,1.2578648371754209,4.508597e-05,0.5459274636258574,11555
116,0.09150802604889678,-0.9310374166896032,0.07841330593174697,0.07839696378533086,14.26096440254548,0.0685775506630902,-0.4263200088190723,0.08318473208372176,0.05879830346033157,-0.6147305440093748,2.84591610092424,0.00011856987,1.0452946558846221,4.495207e-05,1.024001670504274,11645
117,0.07938579935501651,-0.47828094160349766,0.14602222496138312,0.028063218733717366,14.140522171658851,0.07090370637915272,-0.48148283171068595,0.10519459729380091,0.051530089323873596,-0.5524364433917612,1.1545041475985331,0.0001533061,1.1005346589330216,4.0804374e-05,0.6786592490589582,11750
118,0.08354206758052772,-0.33589783963485387,0.042211247012540365,0.04217888444946859,14.046793754115688,0.0743350857526342,-0.43186937105172835,0.06899334304721175,0.06897280307947935,-0.6016057760090445,4.239053113462586,8.255683e-05,1.7410847188720064,3.6339912e-05,0.5471183714005383,11855
119,0.08770368445849834,-0.5879052246599132,0.05270775442282638,0.05268029153869155,14.295576844310126,0.0813554202990721,-0.441104799802537,0.0941854911356098,0.040363977144150145,-0.6240946883293697,1.148743700860486,0.0001813627,1.0881841030662789,4.0833584e-05,0.7349870730776557,11945
120,0.0750468867996706,-0.6012188221025967,0.05639910272089941,0.05622319465286786,14.111579472775398,0.07323642834770537,-0.4343110204673091,0.06843372920937568,0.06842803723404045,-0.63615463287246,1.3746483206907183,0.00016960582,0.9484234645911159,5.2072497e-05,0.7416806149211325,12050
121,0.08592081825101612,-0.6111580770032979,0.256551148771677,0.01726753324397317,14.231193844689814,0.07572029158339329,-0.43179681001989006,0.0684676471737475,0.06843316897510399,-0.6648743461580574,1.0697508482503217,0.0001087837,1.8899056570671589,3.658732e-05,0.7483065416189558,12155
122,0.0796619602263889,-0.49910326382340625,0.6084980416957236,0.013574179797476719,14.276173461922687,0.07326660305485726,-0.4105775560521374,0.06641124572118459,0.0663997349135249,-0.6512094456070279,3.3855602353092102,3.888441e-05,1.4300246785217021,3.7295147e-05,0.6462801230835764,12245
123,0.051042134810426666,-0.5762844397029968,0.13233024113836542,0.1323158539897068,14.195103714422837,0.0730144062705009,-0.39490657665310164,0.11157752213029727,0.03784237894517267,-0.6828839095321363,0.2682584943027432,0.000274477,1.0458395376511793,4.4952663e-05,0.6986093040660631,12350
124,0.08219067522277444,-0.4294536694952851,0.11356383290610528,0.04313933761079231,14.360729418895401,0.07339191080195341,-0.42163800385299693,0.08728459750762153,0.04845212130030118,-0.7179222211614429,10.731985182136127,5.1876403e-05,1.7999027749392782,3.337978e-05,0.6018380683673187,12455
125,0.08813294033042887,-0.6282348602684826,0.06611440176079983,0.06607129543147433,14.223994405593333,0.08123902546711742,-0.44414248715936866,0.07188960474289113,0.050902332269987347,-0.6924130488092349,2.489331578702002,0.00010054522,0.8602329885855673,5.263747e-05,0.7693774032012312,12544
126,0.08047591513312477,-0.5521901567483185,0.5672007793147934,0.018923771529959423,14.280266172618745,0.08023415771325967,-0.44887396616453246,0.11881471111188725,0.035715933589850965,-0.5586123308729696,7.526376998993897,6.0098377e-05,0.8566322545397426,5.0115104e-05,0.7116191444234834,12649
127,0.08046749929902904,-0.6262561868494795,0.05550508028133672,0.05549853758574087,14.215194152496762,0.07391357398691145,-0.4804296321892724,0.1254073303662736,0.0422082483203646,-0.5872836582433754,5.312609361089262,6.5544045e-05,1.6402487894932178,3.7387745e-05,0.7893094722938334,12754
128,0.08251493325329672,-0.541431547151109,0.07646794315905676,0.07641945444049164,14.055640538347136,0.07083797273036528,-0.43512768100088706,0.11562534680804862,0.05148308327783312,-0.6410131829418799,8.100380066513912,5.891274e-05,1.1322221415359917,4.4982145e-05,0.6946108399842701,12844
129,0.06686573830195433,-0.4676761713169759,0.10242794050733314,0.04315129147899771,14.239163672271419,0.07196122409807747,-0.4319602359125156,0.12591938467521807,0.04678144043059638,-0.5594479432665889,4.118750184636757,7.5516225e-05,1.2883866900999554,4.3429034e-05,0.6366401233250238,12949
130,0.08076870111609476,-0.753414008417574,0.08474964450868412,0.08471475408992335,14.267954798877225,0.07444663635126547,-0.4049828209391378,0.1023823247303942,0.04439339500071178,-0.6227508807066525,3.9181662628094123,5.1248666e-05,1.0781652631305927,4.5873538e-05,0.8553617675204206,13054
131,0.07465404119569785,-0.5727241336724673,0.11862714946769992,0.04371484974670779,14.093399801658736,0.07707748255447695,-0.3964484445608383,0.069711844287951,0.06966684181041587,-0.666667217316028,0.8883117604600644,6.187824e-05,1.3427174186521205,4.5587076e-05,0.6965517227640645,13144
132,0.09634304899266685,-0.5815028037504799,0.11612025106155495,0.017185485610267563,14.292250693860083,0.08819201846190786,-0.4190595171899622,0.1231172264253688,0.02056316610442573,-0.6665593477704128,0.8711825256133503,0.0001550031,2.124969029672993,3.32649e-05,0.7167680166672851,13249
133,0.06699495321082065,-0.6344868817890217,0.07937976384600422,0.07937715918162351,14.188937725750666,0.07024750664309265,-0.4261819763479871,0.067156926424818,0.06714459149103055,-0.7114646609555745,0.6499751890134648,0.00012297735,0.7074495326525946,6.0440467e-05,0.7643328333430615,13354
134,0.07380744409562612,-0.7606806461065455,0.3824666181962862,0.016106323081285994,14.33549198844198,0.07631010233843864,-0.42595317514620834,0.06264319039846686,0.062589572967012,-0.6903188078577909,13.924834230606885,4.509112e-05,0.610918429643601,5.8267146e-05,0.8718205966700994,13444
135,0.008000778635236124,0.26992968563266406,0.024429645384780367,0.024380479702956488,14.244571204852075,0.08522727897328466,-0.4659283562685392,0.08015257886533547,0.04098738450187157,-0.689656162804853,8.479517825838062,6.64189e-05,1.054531411319618,4.812957e-05,0.5384712326214388,13549
136,0.0788601066097135,-0.5148867800661171,0.3203495406991144,0.02125623072662723,14.191816985870476,0.0775028263221822,-0.45196946319998244,0.08708139628270344,0.044819213893473125,-0.6026823919322034,8.172624372686196,4.3775046e-05,0.8033711994395396,5.533168e-05,0.6851166265331285,13654
137,0.08259223255326925,-0.5683820136014499,0.06566298259855187,0.06565266233958841,14.22309040434692,0.0761228872883671,-0.47646941059116354,0.06538054375783796,0.06530172352977204,-0.5828783033782218,2.2236714405228675,5.458832e-05,0.8997560434260387,4.93292e-05,0.7416746002221793,13744
138,0.09116177942918177,-0.36711092965212505,0.11304862306297049,0.11302272332910794,14.216140714158605,0.08061462109967563,-0.46164217212072267,0.10811321071400264,0.041502010993239295,-0.6371306055548142,0.24155748174608127,0.00033459687,1.772235251059904,3.8446276e-05,0.5898168611953938,13849
139,0.07080078552588008,-0.4859207055745105,0.19582004054095592,0.017711183161695666,14.187466610291068,0.07506537279621746,-0.4326298967374804,0.11575187090977168,0.039098028987688126,-0.5654271777060913,0.5901015293610914,0.00015886876,0.7109461117485631,5.883906e-05,0.6506055330667831,13953
140,0.07284209808043647,-0.5847383638475483,0.11382862986053367,0.058526200344447936,14.305030800643404,0.07486097837295787,-0.44036479464747497,0.10227597385843497,0.050550847719146155,-0.6422380067269213,1.689211147087947,4.9880313e-05,1.4742081534342362,4.256206e-05,0.7320110016386506,14043
141,0.07315305398006808,-0.6252358148887782,0.2814279721623653,0.01983087945886905,14.162205450258755,0.080468744498125,-0.4122855392748867,0.14108198001007452,0.02463665528349289,-0.6336340098375995,5.302135481376881,6.710211e-05,1.1144189336189292,4.6368972e-05,0.7489320330409287,14148
142,0.083913171281944,-0.39150501416435746,0.0599865692608713,0.05998255712737388,14.198326130884766,0.07969279300764474,-0.4473729799582995,0.10270410055321035,0.03470424519173759,-0.6837773588684136,1.0273816473532233,6.897651e-05,1.8197722971864752,3.3864395e-05,0.5944903357604754,14253
143,0.07330048745070239,-0.6571046939073547,0.42881865113451983,0.028421399297359023,14.366901168564077,0.07133067277108103,-0.4208208351356655,0.06482632060044974,0.06481741576313527,-0.7103406043509332,0.443139360179435,0.00016181801,0.8686531175507426,5.133929e-05,0.78030555171635,14343
144,0.08229294803209102,-0.3457418201427755,0.8858305830206746,0.007913843227457832,14.237992851197344,0.07399958984981717,-0.4248120395301088,0.06829160127605526,0.06827365769098571,-0.6938764431978911,3.292727871727817,4.8847174e-05,1.0389513864133313,4.7679136e-05,0.5477249995439044,14448
145,0.07476209682456675,-0.5891926430271274,0.06527231338996327,0.0652637891673931,14.37706093240824,0.0731133389976617,-0.4700538641612651,0.06434613573798399,0.06432656928697521,-0.6814334500369668,3.611874577286755,5.0808907e-05,1.3051520716737568,4.5170793e-05,0.7537231625804192,14553
146,0.07419295807613273,-0.6355864767652032,0.08181010444885171,0.08180882271764713,14.244216336366927,0.07264025441669258,-0.47013902154441545,0.09134574270238432,0.047917870350547745,-0.6329673204635368,0.913194299478594,6.604937e-05,1.2714874997908332,4.1865434e-05,0.7905699646619169,14643
147,0.08827444953717768,-0.63700913335883,0.15663781586437645,0.031241327671707397,14.229993644855123,0.08069683959691897,-0.4610994960501313,0.09530931951298782,0.03243799731041393,-0.5582036781944063,1.8779226997249576,5.8976988e-05,0.9575003751356181,4.589403e-05,0.7863799216919598,14748
148,0.07392385923893813,-0.5437224590145403,0.5046069347022796,0.016042260883634463,14.361680367222,0.07927138121812109,-0.4801687144101048,0.12681907009021867,0.02880733907219988,-0.6362535117346703,1.7251728022434425,7.785786e-05,0.8327160951335979,4.905642e-05,0.7253937597850365,14853
149,0.08857364974445427,-0.5706984666085047,0.06377506487477143,0.0637612609546766,14.142154694707125,0.07908700672448729,-0.47478356292566254,0.09733027647706728,0.04207937507964118,-0.6065836996793639,4.5894915740604505,3.098807e-05,0.9636329693999068,4.712416e-05,0.7423719899172416,14943
150,0.08115385980506509,-0.790440107764708,0.06812735964431986,0.06812671626482622,14.293880736119558,0.0780497184822953,-0.44155094685254265,0.1052327440947889,0.04225438745708586,-0.6315949200906942,0.7149273095874638,0.00012931161,1.7836557707094727,3.954417e-05,0.9054075340030368,15048
151,0.08213023503900391,-0.5079706196621018,0.06492358330418566,0.06491464633258118,14.259363319336586,0.07886679835535697,-0.4363902438793795,0.10178855057735166,0.03859168164959763,-0.6158180345305714,3.4643412976678976,4.0185834e-05,1.1098425716027553,4.407872e-05,0.669679472130514,15153
152,0.06670388081041931,-0.4919079703716039,0.47548802210574137,0.017648580021102252,14.179194308322918,0.07455213438150053,-0.4258039462606266,0.09568198529040642,0.052560538073005904,-0.6560681451904915,2.481195101048146,4.625481e-05,0.9451576113572369,4.6445457e-05,0.6506016077187585,15243
153,0.07789870050567832,-0.6542112308889593,0.07227474845338334,0.07226060788505204,14.318319553639599,0.0794767844742499,-0.3860428362186947,0.11063558433155489,0.03461642811846273,-0.7575367598689433,4.693010570150509,6.891826e-05,1.1718383347000985,4.5161985e-05,0.7596192506888046,15348
154,0.07284381054274283,-0.4621606418705014,0.45236360170112244,0.014930151341646856,14.19713048999563,0.07272485302237788,-0.4128575363784099,0.06769355578060426,0.06730845156022874,-0.7147441122909952,2.4311122867655657,4.7674606e-05,0.9828891004892922,4.789535e-05,0.6197126787783221,15453
155,0.07491149916320944,-0.5191405579320045,0.053486488567604316,0.0534756102416879,14.21528978256972,0.07004524515441665,-0.4499474284074527,0.07085515520735935,0.07082566047196483,-0.6680025761805616,1.8562425510641951,7.0020404e-05,1.0884245609922063,4.5211826e-05,0.6869931638818779,15543
156,0.0807365468022034,-0.5438852038854821,0.04854491330158873,0.04849388940189089,14.302259743091648,0.07269398331290892,-0.4491143917714754,0.10173590243591722,0.041265168622465154,-0.6447591105641816,2.577201640373882,9.7250355e-05,1.7392650525230227,3.4083892e-05,0.7053473271387755,15648
157,0.07749578875314465,-0.6435513890859786,0.12507438900047624,0.04048812095491936,14.147546634962564,0.0793265522662755,-0.48954662487208733,0.12959199542321212,0.03620819455382955,-0.5305562057000047,2.653152591483413,5.211552e-05,0.8108048561489458,5.317927e-05,0.8085878358707511,15753
158,0.07283004777434363,-0.7240548933946994,0.0972064961507018,0.0972051310002693,14.310556036491159,0.07540358615756383,-0.47459029095643657,0.0899173661198243,0.04873065652602685,-0.555328303819734,4.189739320330183,9.6343254e-05,1.5841821171421886,3.9570285e-05,0.8657317326510128,15842
159,0.06930196688742124,-0.6032664998601097,0.13176713458800987,0.040218812211221006,14.215614361751163,0.07332054971515921,-0.4837727511117325,0.14197455637793188,0.03940781000291552,-0.6384479581737882,4.027298169580849,4.503155e-05,1.7658059809910474,3.518839e-05,0.7732829653960328,15947
160,0.06469922848402897,-0.6282369459193332,0.11496068895843055,0.04726415652152519,14.223380339716455,0.07473392607359877,-0.47507515507829384,0.10353822359998363,0.042381371362946466,-0.6108913005926747,1.3341397565423287,6.4900414e-05,1.2853667604278436,4.067921e-05,0.7876408211810229,16053
161,0.08721333993486943,-0.46804517014922775,0.09290475035280842,0.026495685205433623,14.2945212553298,0.07869537291638942,-0.40582590893117765,0.1310423451666994,0.03366294188204815,-0.6635296609855386,1.61842858965591,5.4802742e-05,1.3347143109883945,3.8232076e-05,0.6194844224513124,16143
162,0.07386393378318272,-0.5064550980460032,0.23829908187410387,0.031514021603194296,14.10745729378001,0.08334640220630632,-0.4339722375508903,0.09347293080279839,0.028432351545019423,-0.6768970541956489,0.25895224249986154,0.00017487373,0.7873150609650046,5.4838474e-05,0.6669547730556495,16248
163,0.07926212475625792,-0.7053781327008092,0.055206173224981586,0.05517379681746632,14.129453068141318,0.07580009622588905,-0.41692317125417505,0.11006406594185222,0.0363931178311918,-0.748228602154418,2.809798419270012,0.00010277519,1.0315511616327153,4.4366872e-05,0.8193797903421335,16353
164,0.07251634005087643,-0.5304099592910307,0.2928332585326156,0.020911603434319408,14.260926618697479,0.06802980716242547,-0.3822370363246373,0.07783036302096635,0.07775479043016313,-0.702507284553042,9.657352661349824,4.5174376e-05,0.8203315778505182,5.3375665e-05,0.6537888625950697,16443
165,0.06612510769998886,-0.8062242525085618,0.172446505754629,0.03038174977181063,14.190747984167686,0.07340490948473528,-0.39900079173596736,0.15663859167642752,0.03871680489009224,-0.6849660414526823,0.9925056061287386,0.00018738434,1.2676184291724684,4.2655334e-05,0.899554988390881,16548
166,0.08718610880846579,-0.4742458914350025,0.05945573677714039,0.059437111137746294,14.269747378533188,0.07442700036573612,-0.46166574426996376,0.12225476102869373,0.039188667117915126,-0.6199683770985168,1.3154296147122007,8.2102364e-05,2.0544209855448843,3.416155e-05,0.6618492464113862,16653
167,0.09093984096126605,-0.4684633882204921,0.05415602120628169,0.05415552052114417,14.137861176963957,0.07886423273384659,-0.4434444445627862,0.12010229494875577,0.037914936625642284,-0.5750147788862449,1.6183549398023045,9.805693e-05,1.121002545590502,4.7732447e-05,0.6450588512039979,16743
168,0.08110256486337476,-0.43040751848638625,0.7300177727514682,0.009455923709575749,14.323278011905197,0.07277034074754728,-0.47842078895561563,0.0719493919016747,0.07193141184789364,-0.6071602706020104,8.029544191834054,5.701499e-05,1.4697233685503661,4.0136987e-05,0.6435348345462913,16848
169,0.07188224712186701,-0.7623121252643205,0.06684226896791343,0.06681907642846446,14.284956710819868,0.07277129836851028,-0.46814820068621743,0.09272164448242287,0.06284019720523071,-0.6323330181089273,0.5848079818473498,0.00015612377,0.998690336776479,4.8448605e-05,0.8945851072596436,16953
170,0.07554016671671936,-0.5546278591529451,0.04876793531545489,0.04875997367458901,14.071586587540084,0.08548400493978486,-0.5088165484032661,0.10805460405596413,0.029024502447901977,-0.6063404665837034,6.981325266716794,6.276871e-05,0.9373946891396937,4.645318e-05,0.7526661557939166,17043
171,0.07480168766110341,-0.6503937135002291,0.05190177722855317,0.051900192738861525,14.29725336075905,0.07364275541233047,-0.4758905734436145,0.06970991484702803,0.06961424405476978,-0.6348682364715338,1.8590355760763053,7.9123325e-05,1.0680146197223788,4.6400382e-05,0.8059055902853077,17148
172,0.08154788603401678,-0.6822494898916479,0.2728067365620373,0.040213323494862833,14.31484907672668,0.07252219274697232,-0.4155923230802889,0.06429384635218731,0.06427905731428467,-0.6758397088602438,2.3455581934685297,5.5683413e-05,1.4107234073449146,3.7550366e-05,0.7988625322674014,17253
173,0.07547406169668397,-0.525441104727367,0.06623168178398381,0.06619399446575028,14.131257933087257,0.07493849207548255,-0.3768475459111592,0.06031988056177438,0.06028167871225131,-0.7704689497577036,1.7002380449224783,6.32509e-05,0.7483564292560021,5.5650118e-05,0.6466084034377988,17343
174,0.08995292989368492,-0.4522552277336994,0.49055459849962135,0.012737000626690378,14.357558104130911,0.07527376493278318,-0.4581814078074867,0.12771206155744858,0.035088314329749064,-0.7244312697642519,0.3152999979015766,0.00021471705,0.870833648334055,4.8040325e-05,0.6437895568218784,17447
175,0.06707720776440677,-0.3856380230486035,0.536651060511609,0.02217345354014796,14.192320965852966,0.06997299305221588,-0.4394136429308879,0.07559831437736438,0.07558884521371868,-0.6314101663562776,4.669117029875897,5.496288e-05,1.2517322750752904,4.678588e-05,0.5846375239536281,17552
176,0.08210420208190713,-0.5533682890100168,0.14323493420549235,0.03665418927183781,14.239746086932383,0.07248049726120942,-0.4567454334764832,0.12581934271213377,0.04212821529329243,-0.6089065900452005,1.9517932409333325,5.3171763e-05,1.3554146570360195,4.0573217e-05,0.7175185393308622,17643
177,0.06726139269731597,-0.7058527969369198,0.09274538698344936,0.09268662658242205,14.318332801993432,0.08105109889746011,-0.4982568739212964,0.19288240856968358,0.024052972343369106,-0.5933784746799571,2.2198818753807132,6.4511274e-05,0.9727554932269759,4.7040012e-05,0.8639954185952002,17748
178,0.08656169661209447,-0.4727096831229165,0.11975574211303552,0.021021028386480924,14.115283760160345,0.07943763720680132,-0.45469668913325173,0.09353401979122207,0.04000297128423919,-0.5221901556769478,1.1159924122844593,6.0344602e-05,0.9113523433230537,5.2621115e-05,0.6558990193824877,17853
179,0.07205005142994954,-0.4252550886159476,0.1390827458646259,0.0550897838705878,14.225654749830094,0.07440158526433359,-0.48322775428441916,0.06494821008786399,0.0649062216305534,-0.575379178537808,8.483774069009497,5.1467494e-05,1.1089659588690475,4.958552e-05,0.6437009809721594,17943
180,0.08965769314434187,-0.5185447841682691,0.04935095677199628,0.04933051888716074,14.153637613673496,0.06688265437979636,-0.42520189366808636,0.09891533049324537,0.07069523839479314,-0.6089891238492827,5.2989435131987,6.1673905e-05,1.5235207731248999,3.872332e-05,0.670585821179544,18047
181,0.04901898375372543,-0.5370975698740279,0.24950641418688901,0.03399560962784238,14.224697014264422,0.07437515916225579,-0.4173934962310183,0.129064261967955,0.04383700216516596,-0.6491030280995983,4.241600870280596,4.851397e-05,0.9747157403335966,5.2071733e-05,0.6802140326842275,18152
182,0.06675834424259029,-0.6552430973024628,0.21432443504762796,0.03815143634910264,14.330121963061952,0.07491990060976163,-0.43914048771140934,0.10962004653563964,0.038704889735221605,-0.741758304704132,6.842589134154785,5.5063327e-05,1.0091625012192127,5.038347e-05,0.7887888719485964,18242
183,0.06938913842566606,-0.6663720034876641,0.08202589359189806,0.08199967866197667,14.107616044020446,0.07172763346213575,-0.3779053867654359,0.10941498783402413,0.040898581273975984,-0.7444454941647467,3.675842830263601,4.3192824e-05,2.3494452179324843,3.6742305e-05,0.7660705766301804,18347
184,0.06779997608422146,-0.3052283734291594,0.0854911237318754,0.06815123065168475,14.26557058366353,0.08015026876206234,-0.4099724832174672,0.06457644360990741,0.0645709209791653,-0.648132920231339,4.865940806911313,7.161517e-05,1.2704901174104382,4.659438e-05,0.511118182949606,18452
185,3.20511981049398e-05,-0.5895032846902508,0.1590406693403423,0.15903852956034892,14.269107576460172,0.08111946011758343,-0.39418584147982855,0.0864046760765331,0.057804740329763,-0.65881037046371,3.870704696675114,4.3771935e-05,0.9661369430297877,4.6099645e-05,0.7091520290345049,18542
186,0.07841378352486596,-0.6516516027867304,0.06633336805716725,0.06632365457772338,14.141109367601581,0.0820813831283581,-0.43984319063384975,0.1345168305871774,0.026995965041759124,-0.5917038106826363,0.9414112642056642,9.810075e-05,1.134251884982698,4.374206e-05,0.7862008927503706,18648
187,0.07191231312332547,-0.6273928426079561,0.24206832572464054,0.046438326464717745,14.35192105269917,0.07269970995438102,-0.45803501730818247,0.06332048565375058,0.06331966436877177,-0.5672257192640257,1.6498236148394116,4.6178968e-05,1.7215891268010808,3.6413847e-05,0.7767997528553923,18753
188,0.0723577396788353,-0.6227859184482442,0.18083584414184803,0.04139286292018606,14.220520096231024,0.07229281273238596,-0.4825211876242318,0.08836482760395271,0.0676206623897782,-0.612216441639647,2.1264774858895965,4.7369223e-05,0.78854886108134,5.3594864e-05,0.787838179275238,18843
189,0.08748251379577146,-0.5138334334379724,0.05570097265435039,0.055677047648762926,14.175808731589926,0.07475446124201122,-0.4563186670538417,0.11262161664509553,0.04803814772748539,-0.6119792177715329,1.6285651477049845,7.3909396e-05,1.1987336086615739,4.498215e-05,0.6872055902133292,18947
190,5.370266271601085e-17,0.038911681622266825,1.9999999990633968,2.612444296877833e-19,14.204597459023379,0.07448856445383445,-0.48148527876366565,0.08736767432500732,0.05145384257372,-0.5933027268500887,12.560683605794232,5.874517e-05,1.0779435130717874,4.7301182e-05,0.48305506169876483,19052
191,0.08144269608866457,-0.5576025592469637,0.06601237429195514,0.06599183303400727,14.092291424162186,0.0784565294306902,-0.41651434279895866,0.11166507417657724,0.03144007447412587,-0.6141960937134187,2.2291934609062602,5.8750986e-05,1.3069108936133855,4.2889158e-05,0.6959919624794615,19142
192,0.08982452222822578,-0.3831564176514705,0.057113429134494506,0.05711209764343951,14.281174383139719,0.07539652714561709,-0.40354374099459334,0.14068469661495034,0.031587111417239175,-0.6848891440032219,1.3005424816926925,5.8471087e-05,0.9798473974882682,4.785716e-05,0.5564677809931313,19248
193,0.08049007841267926,-0.47624377367865944,0.1817997285534209,0.021195383534823597,14.125028911105616,0.06945502600571926,-0.4373540508115666,0.08842468380300315,0.056062319895937185,-0.7038695626648106,0.9240985535211086,7.995012e-05,1.8823233937608872,3.6307458e-05,0.6465962401135477,19353
194,0.07461969957862609,-0.48760089065238105,0.10748664954561699,0.0448946331012781,14.089230415382302,0.08471893525361293,-0.3913863754246851,0.09306587869982372,0.04179696651943989,-0.6885872145599027,3.942535293139578,5.3908825e-05,1.1350487256216977,4.3508568e-05,0.6252502886309352,19443
195,0.08388792766055804,-0.3868386332770046,0.054759484309809286,0.05472257937284416,14.219207631544586,0.07676277550858024,-0.38618271035433827,0.13262521702548555,0.026212198250294222,-0.7019043462469077,7.518091404111953,5.541525e-05,1.3109013844613526,4.1266314e-05,0.5466088308582688,19548
196,0.08261820649946841,-0.7022073198245381,0.0815808818965709,0.08152399142098413,14.144540744158174,0.07368920079423188,-0.48868199344075897,0.07307001160926326,0.07305714130505822,-0.5937634762517442,0.8279238932364845,0.0001171464,2.089101066219575,3.1170915e-05,0.8555145882615883,19653
197,0.07804529937224214,-0.6100033995238509,0.34480854883146067,0.024961770281609775,14.297976658839193,0.07432603705492445,-0.443194607028628,0.09931710666585654,0.0429842685287556,-0.5522323057599455,1.6839473708505666,6.5556196e-05,1.097689955420396,4.488132e-05,0.7540063707488915,19743
198,0.12104263563182024,-0.7248558797469837,0.04199612720435033,0.04199161124509984,14.32261041491715,0.08275041302726802,-0.5237385967560321,0.06110603741333246,0.06109563153400495,-0.5967762855816113,2.2085374497626113,0.0001584816,1.0896172738479541,4.248325e-05,0.8942696260836277,19848
199,0.0805557399224306,-0.41336362842331076,0.29218251173822507,0.01730349176747636,14.161386063629273,0.07799238780852548,-0.4336412129187562,0.12242267675259443,0.031149848708414786,-0.6475348560737765,0.7353455176172317,8.3371735e-05,1.1195475368070973,4.5668927e-05,0.5990944757256029,19953
200,0.0801712801891415,-0.8160652322678316,0.04653631971402559,0.04652205202753671,14.288584158066186,0.0784962866040402,-0.43918156395619834,0.079414711979596,0.05156094843855295,-0.6455004138566952,2.1533746950298176,8.820172e-05,1.3781510947611821,3.80243e-05,0.9267377781418875,20043
201,0.07239265520735669,-0.6394184837220009,0.06487550798049319,0.06487352451646235,14.235580494279834,0.081363756439578,-0.42508955858613906,0.1473583032451942,0.026198617921208263,-0.6505540180851062,10.899266680249928,5.6931185e-05,1.302659056710245,4.179228e-05,0.7678262369470721,20148
202,0.08699233851842787,-0.5997761387020052,0.05577122406179667,0.055709206394720795,14.10041952914928,0.08132998165373152,-0.4502069356479073,0.08397689300968943,0.050427994260490015,-0.717495890199301,1.3585138867668607,0.00010651455,0.8130108201133852,5.2329287e-05,0.7499451323008677,20253
203,0.0785751574564542,-0.6839418462557192,0.20074473158654252,0.04157881125141859,14.373802044674703,0.0830363890182984,-0.41597772912960074,0.1168115994764262,0.02723345564429703,-0.7196087103439703,2.1400697909466024,0.00010533731,1.1419104314007396,5.057501e-05,0.8005085384875674,20343
204,0.08314607162201056,-0.5790287465354496,0.05134266269575288,0.05133686708995706,14.124530878928185,0.0796328078857706,-0.37971029942704276,0.12439689070709754,0.03356341584636873,-0.6690617172981522,6.477326917777988,7.076633e-05,2.117140428890701,3.2530046e-05,0.6924263143507678,20448
205,0.07469255286126618,-0.44259618682744106,0.33724920059836716,0.013655329701863601,14.16669875042924,0.06943184740407662,-0.4234522269300388,0.07367200542817422,0.0736673719114028,-0.6446513311605974,1.048261792626945,0.000101053425,1.479035478546938,3.691136e-05,0.6125383033624919,20553
206,0.08091948823944103,-0.6900470735352315,0.0598352502723587,0.05983401003462199,14.215694972587073,0.07935283714153736,-0.4501587515973573,0.09483650422764432,0.04386708537317301,-0.5796629046063702,0.8964061471319728,0.00012937162,0.8052005071010985,5.1427978e-05,0.8238979702209664,20643
207,0.0662766166095954,-0.7103057846478973,0.10327903965855878,0.10327124128474428,14.199323417669548,0.07855326666728336,-0.44883765072905796,0.1412757483034953,0.03172578711884514,-0.6423457388996531,11.051628301613844,4.8185833e-05,1.1002573177320802,4.275583e-05,0.8402318396825038,20748
208,0.05809784773412442,-0.6917022628317034,0.3030524683431621,0.03235255274672984,14.391588286165092,0.0793842226825508,-0.461996176572439,0.14122478734790206,0.029241807029613355,-0.6736208100677404,2.0108760868554834,5.343927e-05,2.256469393822783,3.3415898e-05,0.8318007499239534,20852
209,0.07352647384244143,-0.7472865541578467,0.1731959837439521,0.03500077447620125,14.231761277546003,0.07483520955130842,-0.5298415006045274,0.11106236095445825,0.041502146344555235,-0.6261471892647201,1.2679475812016976,5.3353942e-05,1.290691926309422,4.6873578e-05,0.9160617936514796,20942
210,0.08171286434858246,-0.5809193921551,0.055852029701305636,0.055845542385448824,14.197135267997803,0.07994253869145944,-0.4567290935648243,0.11640500762177443,0.03464050404113081,-0.6762378207159345,5.179664796989175,4.961089e-05,1.5615122506157615,3.961212e-05,0.7389646846029903,21048
211,0.08176099828311174,-0.556619474989928,0.36718113850187406,0.021398344835090212,14.382142590203161,0.07333038766085222,-0.46654906677852265,0.11803757167260913,0.03722437997543694,-0.6106559609186895,0.32764488456812596,0.00020446097,1.202767180900194,4.6934023e-05,0.7262873203147453,21153
212,0.08136478193696378,-0.4171985722318919,0.09949046583488369,0.037648075147289496,14.15288155863357,0.07487123037884494,-0.4467299924392404,0.10095433266782079,0.038365432792157615,-0.6704229342508207,5.148416510049119,6.9986716e-05,1.4564168364686687,3.9218903e-05,0.6112465417628904,21243
213,0.08907726949327079,-0.44927563676849935,0.46649650293980094,0.01593781219436699,14.322921749811442,0.07936662116068657,-0.4565027318864779,0.1215971566039601,0.03271622320230429,-0.746663517805267,9.03689257244469,4.8941103e-05,1.4105632317654937,4.19918e-05,0.640502413745302,21348
214,0.06636319698008786,-0.5505876056228114,0.06953375637440969,0.06951099307745888,14.222073999279566,0.08162964345462095,-0.4237470259846789,0.1056458794552746,0.03198526498512363,-0.6872961512602037,1.7954920755987898,6.2234394e-05,1.1228457715233073,4.5891145e-05,0.6947720874476181,21453
215,0.07694699194259445,-0.5231942644736998,0.10182823189473729,0.10181570243187633,14.117353833970308,0.06656689281524615,-0.4468685644494832,0.11844328557997769,0.04315966885195075,-0.6575291693957321,5.37875027487413,5.4796063e-05,1.7326262931244623,3.8382477e-05,0.6880579570583554,21543
216,0.08036769969135425,-0.355722156233596,1.0116386330259386,0.01056293132216897,14.300373414922738,0.07342104584971572,-0.4703460989402247,0.16190439847876392,0.03307284970418343,-0.6587182330372207,0.6730810250592986,0.00015004528,0.9811945854186664,4.4561122e-05,0.5897149355610443,21648
217,0.07950646792012993,-0.5917923620058768,0.17335448410021942,0.028077101002448507,14.189523710744691,0.07180752754289182,-0.4474130853301746,0.08757906405402192,0.05791734016644708,-0.5886001783820366,2.920159936861328,4.758647e-05,1.595674960856133,3.8791673e-05,0.741887234458958,21753
218,0.07289315249069529,-0.5282495150379104,0.19563414462289355,0.0318035218596578,14.272499211671969,0.08014452934008304,-0.4591283135687209,0.12861478126410328,0.02973390968750231,-0.557862320605769,2.653498700104663,9.208003e-05,1.7607100346121036,3.764197e-05,0.6998902474375859,21843
219,0.08372764506589642,-0.5179994073515323,0.060019750586455006,0.06000898742435634,14.348715668422752,0.07166393387230796,-0.42528218461990674,0.06917119581597321,0.06913381280763015,-0.624070982434616,6.860556647627863,6.427059e-05,1.4618357929312609,4.301005e-05,0.6702151315597247,21948
220,0.0625221295764333,-0.731346899757195,0.11547445073952671,0.11547160302712241,14.190882444585348,0.07280284625270256,-0.45167809662571856,0.09194976287544393,0.04770323567311573,-0.6993335735341613,0.8278742788526531,9.7872915e-05,2.627768993843283,2.9151544e-05,0.8595821023938858,22053
221,0.08040290633023202,-0.4123884032257993,0.6563499225101527,0.012474577769477134,14.337385156146347,0.07474637568232001,-0.4247930276567146,0.08706087028653581,0.058786325178073466,-0.6779226058795516,3.870934738945198,8.1509934e-05,1.344418285651002,4.3229076e-05,0.592041646728406,22143
222,0.0843736264940213,-0.5051396593319527,0.17167427416534786,0.026379029604539174,14.200046154946893,0.0721427766474406,-0.4126890364880081,0.0775555078833853,0.07021137429528101,-0.655145459847348,3.171368000565657,4.066373e-05,1.5744024706392046,4.0661278e-05,0.6522869891906489,22247
223,3.309565131994137e-16,-0.3246906817186164,0.10293683340976567,0.10290804970248828,14.226593070983567,0.08031604599894944,-0.438488508666471,0.09761344949745059,0.04223117565950133,-0.7501223922143336,5.132174097425938,7.3703275e-05,1.422241178705856,4.227225e-05,0.5456154424385784,22352
224,0.09352030769241998,-0.48528142532520524,0.6826334362216163,0.010380997192726856,14.40680973398924,0.07309873169728312,-0.39141682712836195,0.1106997284106146,0.039514343937380465,-0.7195036155387728,9.004610853797422,5.962609e-05,1.404686441745118,4.148081e-05,0.6234622637537068,22442
225,0.07523667208880157,-0.5937913575535501,0.05076713154626462,0.05075354980068972,14.145208001762672,0.08333652363284956,-0.4354823053125671,0.09726010215232471,0.037264434339837116,-0.6396565601705737,0.24269180953943836,0.0003035393,1.5213372881787461,4.11287e-05,0.7363647292922414,22547
226,0.0868742206718219,-0.5379760468366523,0.0900622146035028,0.040673923091588016,14.216747440741141,0.07078117073899055,-0.4243948664550144,0.07102267381739884,0.07101936621947244,-0.5710827702654007,4.908051263849722,4.211949e-05,1.1144711645647658,4.4135788e-05,0.685222029449843,22652
227,0.07168141296415646,-0.7013672928376293,0.08925259196781656,0.08925163455949489,14.297466482232903,0.07699307868571263,-0.47311530450561784,0.08157850412312447,0.047648906248664705,-0.5743770427028929,1.4548909190631338,6.996594e-05,0.9347946457795984,5.0871437e-05,0.846022559285406,22742
228,0.09890280703703246,-0.7881405817703523,0.08794045453815233,0.000606286115848267,14.156614642216434,0.07240561600987493,-0.487341054826265,0.07139492505522534,0.07127313158523943,-0.5485416521195638,5.780431724998771,6.3355204e-05,0.7847331924609692,5.3786818e-05,0.9266428008420969,22847
229,0.08101079575892091,-0.7374702277590275,0.10905785810323329,0.1090378357808848,14.395653121086509,0.07315047490968878,-0.41992660554284794,0.11922974287753267,0.03878556408610411,-0.5940835153042126,0.5389387717372457,0.00012449485,1.8529793205708154,3.5084722e-05,0.8486463874156835,22952
230,0.09654191409630723,-0.29775784548570594,1.9999999999953244,0.0067663091001341075,14.302148506323677,0.07471237668206088,-0.44819473156191664,0.06168787262938426,0.06168489758939877,-0.6547113157947885,1.031311057096456,0.00011300216,1.7751017893237415,3.620407e-05,0.5380875876176183,23042
231,0.07291865714905343,-0.46868022143502186,0.366285554611133,0.02380686892173669,14.228890762912108,0.07448587114726204,-0.4253044527165706,0.0713125784124244,0.07130887423588195,-0.6458572706945421,1.4033074939500252,5.7335503e-05,1.1787543593970107,4.1389707e-05,0.6328862674011206,23147
232,0.11171927190730772,-0.600009003520061,0.08586578064773115,0.024411860758307913,14.256695700208777,0.07493355675503487,-0.47696242182336285,0.0934242358636549,0.04006627655236833,-0.6550586120956258,2.0884619898749315,7.0442096e-05,1.244530537459165,4.234272e-05,0.7664880665325091,23252
233,0.04315988566267106,-0.19727571690507217,0.0037987413292446715,0.003798742115504803,14.071170138022882,0.07416131847874897,-0.4398339725097543,0.12516040761487246,0.03479202915706365,-0.6659979808289754,2.3759591919902263,8.885061e-05,1.3178556199797469,4.0851734e-05,0.482049408104731,23357
234,0.08156689906453804,-0.8371176300284747,0.12696976269387905,0.055946171808166176,14.340929924431228,0.0744173516914141,-0.4511004378806947,0.11871249457612833,0.032490465148660524,-0.679287749405503,1.9683626579823692,0.00012074632,1.2777020208153398,4.516053e-05,0.9509245667037133,23447
235,0.09847386556966436,-0.5844862595073628,0.21532865334263632,0.004707386762938898,14.254327286375378,0.07859696703553164,-0.42749486045377233,0.05951451537027945,0.05950255045226604,-0.7066289697664039,0.20540850920265258,0.00033233778,0.8834948228154361,5.116067e-05,0.724138138249394,23552
236,0.08461195811636711,-0.5372866298136783,0.14121375789569482,0.07164183522654288,14.196024872150472,0.08081389359439756,-0.43762455267499917,0.13003397095198638,0.029421688826862344,-0.5994401600393255,7.031348161031461,5.5534525e-05,1.475429996598767,4.075598e-05,0.6929589971134898,23657
237,0.08003015321463387,-0.6639581579990198,0.0572039066239466,0.05719958428630153,14.293419655324245,0.07385504896392706,-0.4565230075838588,0.12558265382845357,0.03996627931774827,-0.5483854039287112,2.5894758569164877,5.5893117e-05,1.860049555524555,3.1904692e-05,0.8057628013422209,23747
238,0.08923924894072925,-0.44065984110812106,0.054598962792476946,0.05458794935556095,14.088883858209488,0.08578321580232295,-0.4671346515124757,0.06510864501527136,0.045792746699152044,-0.5877138190464933,1.0817716581915506,7.56868e-05,0.9690701561082533,4.447632e-05,0.642180565113206,23852
239,0.05122488572883221,-0.6656467869721682,0.09079760795374875,0.09078421984754453,14.24260576013016,0.07916768528701344,-0.4450151614071157,0.11597501085932836,0.0373369235301235,-0.6022200371759776,0.5897999372200774,0.00010983758,0.7564600820914603,5.7408295e-05,0.8007022785583743,23956
240,0.08774640103997172,-0.4414751023045341,0.09156495502490689,0.02866689016156612,14.283257414354527,0.08113089938214542,-0.4585674001690065,0.10605002739133951,0.04242873366305111,-0.6548857972878143,1.8869845809734958,5.7219087e-05,1.7890477196591863,3.1234587e-05,0.636540907132103,24046
241,0.0814352928767106,-0.462571722915076,0.33035124823163137,0.013190206120440097,14.184166253446412,0.0743993913484823,-0.4423978445601714,0.06738077176394253,0.05903016084598439,-0.6701166134300929,2.207174630181842,7.511935e-05,1.132231498158644,4.4969463e-05,0.6400690991698532,24151
242,0.07541101683650203,-0.49829819050662133,0.05731802359635813,0.057291207426373426,14.26248658015275,0.07512379006031622,-0.4313825720384213,0.11290218502639474,0.036039340963834036,-0.6998496458479696,7.7933868011708745,4.9125232e-05,1.739967059773418,3.7977952e-05,0.6590842208099484,24256
243,0.0827237017436212,-0.5232843999343878,0.07564117437250299,0.07561451168223839,14.118677016324682,0.07038054759240425,-0.4158289952332231,0.0695630905666442,0.06939349988490515,-0.7388765706988374,3.372159310813868,3.867678e-05,1.0340116047369445,5.0085484e-05,0.6683863527117861,24346
244,0.07525163570053284,-0.5405780946390625,0.05218876409509873,0.052160149450155464,14.179641176487404,0.07293009584762976,-0.45627891611148347,0.0678815338271103,0.06786460366643754,-0.6937720667796312,0.7349928402393053,0.00012788596,2.249581011142145,3.2092208e-05,0.7074002584756873,24451
245,0.07502497995655472,-0.6037755102262184,0.07135260373403136,0.07134541224234461,14.275347757460276,0.07596814248917895,-0.36777983621408794,0.09884323133905601,0.05054271452781466,-0.652852683044689,2.540944950944196,5.733687e-05,1.2526243418255705,4.2639484e-05,0.7069702077701661,24556
246,0.05861924995909326,-0.6026302459093675,0.15395936682058875,0.09145682753482219,14.161869813145744,0.07725743515061087,-0.46287793323107407,0.12096430588216744,0.036898323660981364,-0.5876833381354537,3.597847071888219,4.3383647e-05,0.8453044603947513,5.122434e-05,0.759881039608869,24646
247,0.07982854245378773,-0.6274032730173479,0.0575169241840696,0.05749753290481962,14.167182450275993,0.06977377286681002,-0.4674247215576509,0.07704232412265008,0.0726933611373489,-0.593554074885036,15.620389815501559,4.303778e-05,1.1144636006338058,4.801273e-05,0.7823814525639832,24751
248,0.08347441304631133,-0.5034639728956422,0.21266634531651096,0.022388461558408835,14.245013801047735,0.07938057891909653,-0.49881909667552377,0.13517575798999104,0.024813348699465894,-0.5522804212496931,4.157553169163391,4.1820003e-05,0.9023047656675052,4.9045633e-05,0.7087287656163319,24856
249,0.07944563973799791,-0.5980680198142361,0.11126020316442234,0.0330858751111541,14.124232026380046,0.07939140344197552,-0.4417792566586296,0.12067882355609479,0.03161116722107634,-0.5793393179770814,2.0871249152205085,6.163037e-05,1.5247425939860346,3.844971e-05,0.7435417055810473,24946
250,0.08031458385187366,-0.5034174657148522,0.3178535547015803,0.01916418993059712,14.366147668235191,0.07257006834843578,-0.422755009222028,0.09270883327020926,0.052135525858116635,-0.5998398542531689,5.791651473872025,3.4015186e-05,0.8857393195466933,4.7062545e-05,0.6573818849109561,25051
251,0.0413774225334531,-0.6958531500054128,0.12854816230113858,0.12853237460039502,14.24485280574807,0.07390470204334518,-0.43161257472318837,0.083106614472268,0.05564772480994018,-0.6191636203364128,2.9612179799320844,6.1476065e-05,1.1507427382567241,3.9479473e-05,0.8188412672988797,25156
252,0.07220655748798686,-0.5698171396128273,0.7641470836511712,0.019686184289732258,14.358331357804673,0.07337236282563654,-0.4104437263512817,0.06552599170453793,0.06549052371071552,-0.7195820845006634,0.6153490148015356,0.0001967543,1.197954631571688,4.297923e-05,0.7022504005678246,25246
253,0.07759505137583096,-0.525949273530453,0.2675419208245205,0.02306110104817707,14.202477925057897,0.08861420929137896,-0.41836873082620923,0.14784909721361322,0.019687354358647515,-0.7460491725088437,0.9721718951132142,7.008348e-05,0.9187193990757634,4.9219783e-05,0.6720528500500124,25351
254,0.087828558309097,-0.4926190384890798,0.400135533683204,0.010988014282492147,14.245568816456457,0.07396469453657092,-0.4393723464135749,0.1304208658683648,0.03653820547676846,-0.6863106836768099,10.559365522022299,3.6954058e-05,0.9557237667042132,4.98307e-05,0.660092096509931,25457
255,0.0064857796445419846,-0.4299719810111025,0.06798222774023044,0.06797574221245786,14.321807993665836,0.07744388155835445,-0.4538618294868496,0.10329851957168311,0.038519448105120487,-0.6760746401771578,3.488510114874764,0.00010040558,1.1278551939748767,4.1925497e-05,0.6251931419327647,25547
256,0.08751386331249522,-0.5581432659005875,0.7155827878587463,0.007254185648094201,14.332696663849537,0.07284524064608223,-0.43204937906140406,0.12092445190751246,0.03805124434464029,-0.5421773305765201,3.44407366082371,4.795238e-05,0.8345052133031563,5.121788e-05,0.7058261621798378,25652
257,0.08634898941908178,-0.4895126471894961,0.7985230200865744,0.008574342916395177,14.259332229249088,0.07792051919233464,-0.4883956121179287,0.05754108174833161,0.05752470837132722,-0.556890113657876,3.9544795456027826,3.8250884e-05,1.6325257406362115,4.092593e-05,0.6914860126528333,25756
258,0.08090073448573583,-0.5426335081123072,0.1094767678827311,0.06179164787474666,14.307208007935065,0.07299670770443237,-0.45363218226088575,0.08818644814309422,0.054098913936336354,-0.5948500428622043,0.3691522057048662,0.000114948445,2.655687441150551,3.4511828e-05,0.7072717164633708,25846
259,0.08325693386102229,-0.42117622031610524,0.11571288475734329,0.11565592899843545,14.18403182648273,0.06656665252279251,-0.4157297230888853,0.11274519366587882,0.05824359062199167,-0.5298330694802302,2.2747658408134677,0.0001144869,1.0239886547228492,4.4135784e-05,0.5917943994491006,25951
260,0.08130113437204675,-0.5980012552490519,0.1913927734429151,0.018757211496863144,14.35392083010156,0.07264263409869796,-0.4184892402188739,0.07215700273722406,0.07210141899013918,-0.6128224942795948,2.732291504842146,6.8525034e-05,0.8362223248800668,5.1284813e-05,0.7298895433272161,26056
261,0.08235191268552777,-0.5733419341240287,0.05992207929999603,0.059898443340174204,14.344687736224193,0.06890147823307384,-0.4629281435970368,0.13868082598401868,0.040412291082765575,-0.6540340171527931,2.8249382208449947,5.6760695e-05,1.599871589563183,3.7899736e-05,0.7369012413880714,26146
262,0.10289147533313021,-0.4827588643980949,0.1904291000665638,0.00864969998036476,14.183879618017494,0.07918256650084066,-0.4548366075087559,0.1379394301910077,0.029053171592262433,-0.6752911761051134,1.3695077677084675,7.600492e-05,2.237439687330327,3.3157212e-05,0.6632740464431065,26252
263,0.08420071204125314,-0.4532348960504701,0.05470738147720147,0.05469184148665267,14.19634474623417,0.07117206420994572,-0.479028527419998,0.10670936546674255,0.041559105444306826,-0.8016384653022487,9.54107124624973,4.4478777e-05,0.9016024197279763,5.4537144e-05,0.6594620543140085,26357
264,0.07833974845325781,-0.5396882664504289,0.0845395504474771,0.06371692591132662,14.167547733949176,0.08078296620130887,-0.4404486531001025,0.08081629340157451,0.04421829706670023,-0.7285695667459761,2.6417727070649017,3.8251517e-05,1.3782788930444838,3.9943126e-05,0.6966049389445668,26446
265,0.08337153294801879,-0.6250458951198581,0.05685376441969905,0.05680333268436866,14.172824262495709,0.07893645879299065,-0.44305287198219584,0.06373734979768818,0.06368731752385058,-0.5926460303750214,13.02324877495987,4.342051e-05,1.4455470810759905,4.394149e-05,0.7661450374295043,26551
266,0.09682635435713444,-0.5693922641253366,0.1753083795361688,0.018422841896382526,14.2647442765921,0.08333526023714753,-0.458229139547127,0.11095353035508068,0.03840080418908664,-0.6332572975692301,1.912684578938855,5.1037798e-05,0.9204042278440497,4.6432062e-05,0.7308772090959449,26656
267,0.08218404487369184,-0.7189750944754053,0.12796270540625096,0.049720502617796467,14.12154290477977,0.07495613720495825,-0.45272770888272523,0.13613232351199198,0.03876748383526583,-0.5465091992543486,10.845192709920823,5.18587e-05,1.760911066205085,3.743165e-05,0.8496396676627802,26746
268,0.0575041894654667,-0.5737399756763104,0.16603111398003126,0.03988049341412828,14.260788473502858,0.06999513667381985,-0.4482661982093051,0.09655651962148194,0.05519571298635443,-0.5765049833378114,0.6692566450985359,0.00012023969,2.0153549841036007,3.357211e-05,0.7280934995905932,26851
269,0.07378878637213171,-0.5630777555762151,0.05859601978587273,0.05858661967580307,14.214949246133244,0.08647124777469228,-0.47176884500965277,0.14858151776226186,0.02310749487628109,-0.5775970599993298,7.269763510024573,5.6985464e-05,1.332695829982854,4.3143187e-05,0.7345899549724932,26956
270,0.08254149966835826,-0.45154424064354043,0.1229239958578387,0.030073128214065662,14.136128518461378,0.07414912955650765,-0.4474524324190872,0.07673262832583345,0.05247280705481913,-0.6275981450243863,2.3879029383708654,6.008293e-05,1.645924391460902,3.8611317e-05,0.635693228323308,27046
271,0.08804950492094162,-0.4101714296870407,0.04948256881276468,0.04945957035752324,14.293667760825976,0.07516594392359828,-0.47491351769641305,0.06353916464696309,0.06352469668512117,-0.7027648409190425,2.1450361816372854,4.6889265e-05,0.8524820151724967,5.240416e-05,0.6275216737470445,27151
272,0.08147915462116828,-0.5374194971432324,0.06129352865876851,0.05170387045275339,14.169784897082382,0.07282821224241218,-0.43646779827074283,0.09648790342320197,0.04121911935099334,-0.8006000051782778,2.7520959410161874,3.931648e-05,0.9598661617746566,5.1509276e-05,0.6923321853250755,27256
273,0.07546728021342151,-0.4045255944018605,0.07203682452926956,0.0720264180998988,14.21009260463521,0.07442013278693874,-0.36339178113688775,0.14349805612072675,0.03547434469670402,-0.7602344956843523,3.6808562767594273,7.281134e-05,1.3424231342306396,4.2726693e-05,0.5437780274376837,27346
274,0.05425032696632652,-0.5448295051070803,0.11565383676647252,0.1155841465064409,14.29670609463906,0.08194090395252052,-0.4076854934756436,0.08997736820746777,0.03708287570666263,-0.6951614680595078,0.6722267464985854,0.00016540078,1.7105819821710424,3.7661317e-05,0.6804753127231766,27451
275,0.07247425365622638,-0.370251681635225,1.044504466239283,0.009354994610729774,14.266221886034051,0.08238771002689725,-0.45472058423206835,0.05966939016502505,0.05965216232550478,-0.6654895292723392,3.4329892465190364,5.2078623e-05,0.8990524647387984,4.9846898e-05,0.5863933129547655,27556
276,0.08597728105961863,-0.43726340583308754,0.06257556363145086,0.06205750309792218,14.295929374409193,0.08225238151183971,-0.4506984116195818,0.13809918082401665,0.02531614347057407,-0.6117096024180032,4.833559401212309,6.304963e-05,1.1062326892201453,4.5070396e-05,0.627955686587171,27646
277,0.07405659100567184,-0.6790526948034623,0.08280424085711516,0.08280079052030928,14.205137509053422,0.08034059793191847,-0.45554764314210855,0.0632860995926424,0.06327164571398851,-0.615641143098057,3.3682949183842026,9.5552095e-05,1.193289497179746,4.4777902e-05,0.8177017900751924,27751
278,0.07993002407947808,-0.5831491960767534,0.04989509737037263,0.049884605139562346,14.090962452440051,0.07576545741567448,-0.3950162735187111,0.08414432522671647,0.050834916985067195,-0.5845113105052867,4.26927965681682,8.9827e-05,0.6302492117456576,6.41225e-05,0.7043442632900285,27855
279,0.080088370729063,-0.5541883830886528,0.052675976550367945,0.05265850999676114,14.274681552753544,0.08297858239878925,-0.4640220180015653,0.10250073490000614,0.03336243697152468,-0.6337701216186193,5.686145585999309,6.8709574e-05,0.9448818788748976,5.153629e-05,0.7228009388072627,27945
280,0.08099591514028696,-0.2899689631139492,0.779426063853093,0.012229051469266616,14.19660993028704,0.07565781679070951,-0.4446827518870027,0.12166096715493828,0.03401119071001851,-0.6022185330724925,2.169403945476328,5.2051793e-05,1.3072637172494426,3.9578325e-05,0.5308716882592031,28050
281,0.07936428580758106,-0.5061847918008472,0.05436779435888027,0.054347343481743755,14.258955010982513,0.07421286302071674,-0.45952697889284594,0.13852842083844416,0.03504144809005002,-0.6715640372198978,2.122853700193403,4.5593846e-05,0.9823594288954715,5.174764e-05,0.6836578733407911,28155
282,0.0746739485143883,-0.5612396875976432,0.06968307673828732,0.027717609166748054,14.327548096507245,0.07405668151315041,-0.478140983844115,0.1119487034108654,0.04178269290080961,-0.7180530576615216,6.171367562364613,5.6180346e-05,1.1214461768958395,4.71778e-05,0.7372983028368629,28245
283,0.0871458766817983,-0.5224935614826064,0.0671949255208871,0.0671938053017147,14.204427258616285,0.07978573885731033,-0.42645148088047136,0.15157919168279532,0.03513210119606411,-0.6748488923889512,1.706191310140759,5.721344e-05,1.2022674565268912,4.1584153e-05,0.6744333824299663,28350
284,0.07550972576060923,-0.6564373498630771,0.06519706859290504,0.06515106701018672,14.329049187955002,0.07278428358786038,-0.45320321885507203,0.06560877946546519,0.06560410476636151,-0.7004450890852408,1.8039846412027956,0.00011633665,1.25127973612794,4.589664e-05,0.7976861236575814,28455
285,0.08045575206922015,-0.5307290140695395,0.31431100105254384,0.0149331443857334,14.25473009077588,0.07391056835415506,-0.45769301313700494,0.06926060665822015,0.06926038429669204,-0.6694058640099944,5.8386516645781,4.2283256e-05,1.439130368967594,4.2456115e-05,0.7008253567399342,28545
286,0.113990884821786,-0.5687411050523318,0.07103461559731002,0.032297032497566415,14.310082189316272,0.0746430104486898,-0.46706193772518295,0.10151246140441986,0.040226941722741875,-0.5952098827738584,0.997343669070665,0.00013319986,1.5870588266917334,4.093239e-05,0.7359438145998308,28650
287,0.05179999976722419,-0.6128600130819619,0.1809476713356683,0.1613150034139525,14.387696115508534,0.07507709686797444,-0.44207511580834796,0.09542931505576512,0.0474084935052676,-0.6007833107891846,0.1930285408461603,0.00030494903,0.9620197975202938,4.7254955e-05,0.7556638165558721,28755
288,0.08240933251014987,-0.5285104466878178,0.059468089627125,0.05946749097541974,14.089265487623067,0.07723101179147546,-0.5143149750250625,0.08456310133777471,0.04662622794611138,-0.6394966495986408,1.6059348329737215,6.0831277e-05,1.3888480650198138,3.9145874e-05,0.7374572433661407,28845
289,0.07271875530366773,-0.54157231893286,0.18492156521380274,0.04228362305226455,14.31426002755152,0.07437798224820973,-0.4826988228818691,0.11378743435346282,0.0402786554029892,-0.5789327395846767,2.1617281286973777,5.8087768e-05,1.692474222680885,3.3849115e-05,0.7254644927533376,28950
290,0.07838488978663252,-0.4947517666381521,0.061113697472842614,0.06101510404350093,14.238282790096607,0.07195895937939853,-0.4571748600664478,0.09837672591718054,0.049770566369216646,-0.6526390244564816,2.916618864103411,5.387103e-05,1.827983777646911,3.5900946e-05,0.6736380061044275,29055
291,0.07922234484402393,-0.6016443073642193,0.08476866058635528,0.08474131810061572,14.27735305239317,0.07425249333688454,-0.4056378029690697,0.0984384326417572,0.050110144587880656,-0.6643469997980485,11.573098442374802,5.3179505e-05,0.7769858257131991,4.8734848e-05,0.7256155316566376,29145
292,0.06664868506024241,-0.6030182202583279,0.1084811853306633,0.05831480432905944,14.404350876883177,0.06738946441492161,-0.4369484192530813,0.08318700800477115,0.05464165935652066,-0.7131126510847758,7.10244755197703,6.40223e-05,1.2575084295926584,4.0482035e-05,0.744684426486339,29250
293,0.08317703208870503,-0.5184436745259295,0.09097939852407057,0.09086666715505302,14.229098915588876,0.08030547158169464,-0.47924668602745885,0.06385903998930692,0.06385139035331214,-0.7134378812215771,1.730076781957621,7.97569e-05,0.9273022842287685,5.150338e-05,0.7060178678505592,29355
294,0.09836910345293423,-0.38997277351764864,0.161500178624877,0.015706139875248593,14.155423997040893,0.07222714561678374,-0.40615226559941014,0.07311692466161841,0.07310981787393342,-0.7791987858090205,3.1459518223536236,7.276026e-05,1.0950807955464827,4.4070905e-05,0.563061654649454,29445
295,0.07468514888517509,-0.4931201996393029,0.0627649587279142,0.06276126504170033,14.25137109361335,0.08099017197644777,-0.44065029555910645,0.12594771466576296,0.031635160817194634,-0.7078189488323996,4.2891960584095505,3.9153594e-05,1.275793734193524,3.926245e-05,0.6613170300760701,29550
296,0.08118783093876,-0.4362611002110152,0.41324837243282353,0.013841033993135729,14.161694568472043,0.074063551694654,-0.4018329949748774,0.07199181566516845,0.07195729306778971,-0.6287363264357673,3.7448275316168393,5.137312e-05,0.9511002510680421,5.058131e-05,0.5931218284701764,29655
297,0.08341652536049825,-0.509053067436983,0.5626922796823295,0.015344006087033336,14.406640292287804,0.08002974051877763,-0.42289587248946875,0.1150641627179193,0.03324681878231718,-0.7079212518361265,7.353828336722667,5.015417e-05,1.411708752336462,3.9308987e-05,0.6617975101461402,29745
298,0.0972533230847112,-0.5270147788929216,0.14083639688777236,0.026310345610758228,14.187546426720456,0.07229825153430072,-0.46447349234292057,0.1452062915299363,0.038063347048063925,-0.7498941414429277,1.577200955549195,6.666484e-05,1.6606399456999887,3.8200527e-05,0.7024814604391949,29850
299,0.08930441277005367,-0.47695797081215296,1.387158705573211,0.0047996669658993876,14.369136112197522,0.07650483158569543,-0.40798351730831345,0.07292079221817883,0.0729083542595404,-0.5659352146385279,0.19367611332886617,0.0003334905,1.4745328768605088,3.715104e-05,0.6276459641521719,29955
300,0.10604796436435268,-0.24013903428507893,1.7990038553003351,0.0005393666662537816,14.321535321063493,0.0734969633125198,-0.4470757990105359,0.14450755904704976,0.02890994334816211,-0.6118637989922354,0.3367245126309596,0.00027316064,1.5022101153508136,3.928269e-05,0.507487463735095,30045
301,0.05980000985825856,-0.3707754501324133,0.2183959143236293,0.031075034165234477,14.108326511610962,0.08032494239475717,-0.47233816316899546,0.09795972146996362,0.04826102322175205,-0.7124085085263479,4.7176342609041075,6.116213e-05,1.277840953269497,3.9347044e-05,0.6004812859754701,30149
302,0.09576147397009685,-0.5161351304804328,0.05495638403222881,0.054948623582343564,14.253457868472335,0.07370316545417341,-0.45404638663822966,0.07165141777294944,0.071647904842525,-0.642444548321272,9.143295435843697,3.5163008e-05,0.9499477107848738,4.812434e-05,0.6874253371350856,30254
303,0.07354113022885118,-0.41088333749815115,1.190464168469319,0.009038848645427856,14.443902939885417,0.07477219284816844,-0.4446366409737773,0.11143923102208982,0.04359432000101706,-0.7170988874436595,1.4369222884417119,8.151766e-05,0.8081472027866632,4.8503254e-05,0.6054146178694922,30344
304,0.0744917787168101,-0.6329874293717538,0.6492970553729231,0.015298744363204445,14.295309524943493,0.07237623564198555,-0.4142872079084942,0.07150280778652648,0.07148859568156841,-0.7131569065306779,2.3316614867518184,6.9149726e-05,0.7804013510048495,5.1946936e-05,0.7565097331688977,30449
305,0.03524580428172384,-0.7438894786169423,0.14203310071280925,0.14198322101878474,14.415737361418326,0.08180975820162571,-0.4457098096997907,0.10155421234814614,0.04257524797622,-0.6726423383953374,0.43345285981544135,0.00018738484,1.1864091307370246,3.9247607e-05,0.8671959356798266,30554
306,0.08283963707477515,-0.5978848644812104,0.057092627561322704,0.05708063001993964,14.216139890921088,0.08010380944678691,-0.4334042487866661,0.10038784765138997,0.044769064202728526,-0.5910060578879126,2.0284901768930883,7.305206e-05,1.8025131798985723,3.356184e-05,0.738448071323942,30644
307,0.05790760251153245,-0.7389740536745816,0.1439472122131038,0.06826067980208807,14.252225008072463,0.08111878250387866,-0.46979215779847056,0.12780978753817193,0.029017620802238263,-0.5775253747003223,0.5020076471543985,0.0001771709,0.7589781258356618,5.55014e-05,0.8756639329863862,30749
308,0.08941447126230781,-0.4552633167937501,0.41851681097526905,0.00980768133115173,14.328114177789738,0.07512846335903643,-0.4393825170157619,0.08458899554187393,0.04804188236262853,-0.6078266202579394,1.3619059885999039,6.9843714e-05,1.3344754983048421,3.4094377e-05,0.6327097943584822,30855
309,0.08222359125319431,-0.5892180550925765,0.09426398719438292,0.06255951708186124,14.1018552291722,0.0738880150498615,-0.439295996262792,0.06840152938246168,0.068377131102614,-0.6060083960877874,3.00382520559335,6.221114e-05,0.8390845922045682,5.2710908e-05,0.734955025004658,30945
310,0.05881101608828044,-0.8317603603792354,0.10099712905123476,0.1009925705701994,14.29948244428646,0.08181333419655652,-0.4816262439155558,0.09637704819116973,0.030569693796377962,-0.6536419614032842,0.9729267232581118,0.00011275883,1.1647867474049458,4.9968716e-05,0.9611394986818521,31050
311,0.05716043428355474,-0.7410559363823119,0.09232121890338338,0.0922970837960892,14.252959094558921,0.07108471185293377,-0.4236048986389245,0.07656136816994172,0.07655252070740383,-0.6427929249196834,0.9398099087143759,0.00010163984,1.1262233600958542,4.445398e-05,0.8535836285908713,31155
312,0.05707801573586156,-0.5829307589946396,0.09627013200778357,0.09626841923084982,14.209248386540729,0.07370130532047307,-0.42899196799706635,0.11314062001384338,0.03697283981724095,-0.6684297144982717,3.7522203176614726,5.870643e-05,1.1725794476245177,4.0805353e-05,0.7237695616617644,31244
313,0.08289453919991993,-0.47807222848778586,0.15270675642650006,0.031083381784797123,14.365581674359783,0.07553497763898022,-0.4082499312834143,0.10166660323815874,0.04260863874283448,-0.7100497399320735,1.6187461814697672,7.2877854e-05,0.914241204043723,5.3330976e-05,0.6286660974191229,31350
314,0.07456932944548739,-0.40872534939277777,0.03930710663864458,0.03929697644266596,14.152905789994673,0.0734711476737312,-0.42900226256308294,0.08984820552757332,0.056907684108503435,-0.7765008975710342,1.5947639857068512,9.596009e-05,1.4387411599552293,4.2060812e-05,0.5925363723186051,31455
315,0.06713367499214677,-0.6685316048622755,0.05990324206144099,0.05988961563837571,14.242416684438295,0.08743983646990236,-0.4679777584528825,0.140155706010138,0.023578190148225205,-0.627013063148596,1.4765105240351868,7.615181e-05,1.920232041590994,3.375509e-05,0.8160500530643412,31545
316,0.09628454110031483,-0.4020376832078493,0.17048394406376435,0.008985402901224501,14.235007043728764,0.07532124284072836,-0.4678945266049265,0.07389047344646243,0.07388898303440199,-0.5728865681800556,0.5233119097122537,0.00020459441,2.2370975286490657,3.4265293e-05,0.6168951181084052,31650
317,0.07399003738926345,-0.5304898074093625,0.2247265797278507,0.024812496650578584,14.240946205459414,0.07579791837051537,-0.46484190038326767,0.11256690384659238,0.047728289153326844,-0.5717855873082672,0.514084335235085,0.00011468691,1.246265201532613,4.2382733e-05,0.7053349758215243,31754
318,0.08277327473966463,-0.620426862438675,0.616488621316512,0.009488673358673465,14.455453885299816,0.0768829520144712,-0.4388026555128633,0.06651025719331981,0.06650089491305711,-0.5220983230377964,2.429373176558161,9.457738e-05,0.9685757732033914,4.4158e-05,0.7599192471050059,31844
319,0.08138168298299052,-0.33528712249961024,1.0771035905889197,0.005869834063815946,14.322283862797114,0.0740817464230125,-0.3925259041404573,0.06155613985077961,0.06145663140936388,-0.5735990926555092,4.247084265397403,5.6542412e-05,1.5382371260295487,3.9413982e-05,0.5162306073213327,31949
320,0.09396965247611207,-0.45423136475969433,0.16181057401722887,0.026194085762697245,14.145859715384093,0.07368726427122803,-0.4476600546234706,0.07597083542228496,0.05829343191215786,-0.5795238588542087,1.1714761234656135,5.583883e-05,1.6250924328768273,3.857149e-05,0.6377504662773232,32054
321,0.08472565015746454,-0.5186810477831089,0.24077749396623505,0.02036937435995284,14.339451857227678,0.07465371304676197,-0.46004589425401726,0.07182214045340207,0.05166513844012819,-0.7099611485103353,6.388414617632733,5.713799e-05,1.9767708128739587,3.2039752e-05,0.693305310919628,32144
322,0.06711605785240392,-0.6637209936576283,0.6055881821816558,0.0443178951214444,14.354587455259033,0.07221852112082634,-0.4066500673564955,0.11519811626190343,0.043731205345790926,-0.7082477350612442,0.18212547582548558,0.0002857372,1.0460006714841665,4.9248574e-05,0.7783892565438656,32249
323,0.07516432175757126,-0.5200879951918077,0.0739284934018454,0.07386811455486188,14.243204181710786,0.07938373313441126,-0.3986391935172057,0.14003272297130423,0.03356496778337733,-0.7228026440483591,0.9405680512953498,7.926702e-05,1.1387534119237999,4.7473084e-05,0.6552898056209039,32354
324,0.09684208793367904,-0.523493628374117,0.03782247496170468,0.03781221306420123,14.245903818791396,0.07269257432313347,-0.36450571934774667,0.08155638723617038,0.0625526198674352,-0.748002493195765,4.249337692970184,6.256814e-05,0.8881259508906777,5.0915398e-05,0.6378949744162563,32444
325,0.08274274412504011,-0.42685123599074043,0.42021332810134715,0.014238220577355975,14.238559123824329,0.07299261770338071,-0.42146744085228405,0.08115119973725092,0.050873810675852615,-0.6898567910501423,4.378492005541911,7.100951e-05,1.477279890717587,4.1606454e-05,0.5998639690508143,32549
326,0.0755393710206416,-0.701024873780104,0.07296007678406528,0.07294445250272151,14.339878757869009,0.07854164623008658,-0.47660571785810124,0.1160080134750082,0.03535381767488465,-0.6030148632518416,2.049424520617725,7.282287e-05,1.5068279166994636,4.5986886e-05,0.8476962215047598,32654
327,0.08165528830383556,-0.6143331003004354,0.4721796488658815,0.018490744149062606,14.301578800001717,0.08094205540266408,-0.4353664856572946,0.1500348206728338,0.028047181738990373,-0.5610951622180773,0.18888813368077764,0.00029409362,1.2202783234952586,4.0828716e-05,0.7529602479270258,32744
328,0.0787789815474048,-0.7461907497143139,0.3158773673828739,0.02628034639554768,14.319872557996678,0.08159847298558227,-0.4700813613142926,0.10193879421985484,0.04032079191879866,-0.6252700025207868,5.2523617818768376,4.5823537e-05,1.0306061494177443,4.6017693e-05,0.8819167314516198,32848
329,0.08845118577629352,-0.557461178109573,0.04736070740687832,0.04735063931686073,14.27045042647405,0.07220211986083105,-0.44203462516429176,0.09962235735021191,0.051953788203167595,-0.5902733050677831,0.9948260742976373,0.00010231313,1.1861043543070824,4.2169664e-05,0.7114475208639418,32953
330,0.08821918437722379,-0.5359390283245336,0.0981967593205305,0.029205371468267415,14.12868699128552,0.07512764709880018,-0.4311389039724428,0.1696087161502292,0.02526407071479623,-0.556328407032001,1.0701642146565793,9.8559576e-05,1.9939779142412966,3.1824045e-05,0.6878309360591485,33043
331,0.09088283401169064,-0.45860967959228965,0.05116950114091062,0.05115117949721959,14.2695217127054,0.07451443111480104,-0.44332512853424405,0.09635930092784945,0.04361048184837394,-0.6630798879265188,5.304207919938322,4.2038744e-05,1.1793213149206765,4.2596286e-05,0.6378557891919195,33148
332,0.07705383592418949,-0.5222113795049559,0.11201025667087341,0.05006291287498342,14.215223842857394,0.07271552495126168,-0.4060255382129307,0.12056802711487648,0.045564034019963756,-0.6691455109075942,0.32674985444069377,0.00015780717,1.635578002556376,3.7589143e-05,0.6614842874668824,33253
333,0.08543873394426135,-0.6901881199716541,0.04768554563130553,0.04767408327936793,14.199742174569474,0.07238592154255176,-0.4335258526427049,0.06435465447019018,0.06433867125838401,-0.681129749058522,3.1293192188292815,8.192892e-05,1.907249552521205,3.5492e-05,0.8150486524494048,33343
334,0.07315302145652279,-0.5854315798516277,0.1528021469406743,0.05650546279410305,14.30575701373417,0.07378066731715978,-0.415194058469823,0.062364566780856105,0.06233963562665525,-0.7946628988364935,0.45338986676284765,0.00016828,0.8938962515482624,5.1510582e-05,0.7177159890069439,33449
335,0.016566504276403004,-0.3216602632073378,0.16576233688326364,0.1655320844527811,14.192925297330437,0.06620042739764093,-0.39905562396274064,0.10168530390405064,0.05628678388619578,-0.699870696637812,6.307878691404143,6.547175e-05,1.2593765003892585,4.313676e-05,0.5125531347508335,33554
336,0.05928688988432885,-0.7429138508948473,0.09657022310663958,0.096560490122263,14.309904642802369,0.07218961504592994,-0.4342731499720937,0.1285549964841734,0.03865547010774796,-0.6240909179672419,4.176756769118531,5.506332e-05,1.0998413563939284,5.1774776e-05,0.8605313234497022,33644
337,0.05175667754027474,-0.5520375635740997,0.094579294187471,0.09455215460566034,14.259800433860386,0.07402819064963402,-0.44871657477513055,0.09074064206744735,0.051417168851836406,-0.5765844930005577,3.0920070451070942,5.3996344e-05,1.143864560464646,4.1973504e-05,0.711401459145786,33749
338,0.07379867088238713,-0.6628857756403901,0.1725797037131786,0.035147239155563906,14.140607180832328,0.07737189975297025,-0.4783400577903841,0.06748649034073265,0.06748505369360304,-0.5856657936639021,1.078437417450366,5.8971556e-05,1.7085802905696896,3.2967713e-05,0.8174513823055592,33854
339,0.07288829127638241,-0.7834245631904091,0.11479282563912288,0.04395976317105837,14.367130263967434,0.06748460971720133,-0.43395982914649484,0.07060680967470859,0.07058389806500673,-0.6478500782664713,9.910935510108802,5.6033772e-05,1.4660272142289725,3.9178016e-05,0.8955865003018627,33944
340,0.06065949961649667,-0.6148185130611281,0.07476801485605909,0.07474922357828857,14.082393382131299,0.08032887413711495,-0.4730651337573773,0.08536124863062168,0.05150656769244488,-0.6524433273625924,6.098310506321612,6.273304e-05,0.9800321032325616,4.56254e-05,0.775752811647874,34048
341,0.0825150173532594,-0.48505586985498456,0.22431947607948133,0.023314519220894593,14.180208096465147,0.08577037859590698,-0.398046418789127,0.11945584640344178,0.026403392997488687,-0.6485902117484809,1.8192392168728422,5.3618085e-05,1.5833922513800103,3.7018148e-05,0.6274712331187978,34153
342,0.08151915857241789,-0.684179476071369,0.09535079464068569,0.03360160062724015,14.252481354686024,0.06663497988620266,-0.3845999728667825,0.07836509990318591,0.07833044303807522,-0.6763375613817275,2.0006701698461593,5.5071505e-05,1.5225481215401448,4.57414e-05,0.7848685842906586,34244
343,0.07415001090809996,-0.6443628390874897,0.39960996701149887,0.03287232408181189,14.180074685797292,0.08167084731071964,-0.36935486257071065,0.14842119158188624,0.019374919452194602,-0.7318742919363802,3.9594275371225773,5.8769863e-05,1.2615532270256837,4.206272e-05,0.7427156137456103,34349
344,0.0744669464271602,-0.5874132264725933,0.389919348564494,0.020621413060442052,14.415863717775748,0.06785524832547071,-0.36563710782305664,0.09585791956448457,0.057799160853483654,-0.7144763672751718,2.049365820773479,5.274026e-05,1.4408551449693974,3.827604e-05,0.6919138625957365,34454
345,0.08089773609362463,-0.5941304720868695,0.05640628087599112,0.056384262958787755,14.252851126941241,0.07735485201066841,-0.41832227288970003,0.11768966624465607,0.03465616891334967,-0.6950329507931301,12.29139694416892,4.534479e-05,1.0757163953495452,4.3901655e-05,0.7266254481215003,34544
346,0.07579996638130711,-0.3685881659066938,0.08492662448593005,0.08063653884153134,14.135193672881135,0.0709092366794923,-0.42101122740151126,0.1533007232482148,0.03762005612728059,-0.6311470189993617,3.4636398262613723,7.107204e-05,1.2519045415966035,4.455667e-05,0.5595602645333096,34649
347,0.09140092479978715,-0.40880891089798194,0.060143860159031726,0.06012908139614192,14.221813398263636,0.07955097556829076,-0.4744391269040036,0.12019836829354097,0.03307133253335505,-0.5433560424438241,0.4120366001160611,0.0001492582,1.7004214396608723,3.6347203e-05,0.6262724732630577,34754
348,0.08688985551146483,-0.40271150761353575,0.47718394431517963,0.012443317552665333,14.209114785033272,0.07430212245176226,-0.4723190905495471,0.10003276276086358,0.05508387943104352,-0.5984848197075732,2.4359204947954702,5.1283096e-05,1.1205972145281191,4.1216193e-05,0.6206946766824395,34844
349,0.06672884898410535,-0.711162696512373,0.1263168872091803,0.047404907766219244,14.310203574804593,0.07342577594835133,-0.4123779938214807,0.129255335343859,0.0442112486713032,-0.6036567897239348,5.971820098086719,6.303163e-05,1.3517528016525844,4.404114e-05,0.8220754166735426,34948
350,0.07633652643804892,-0.6139893829866025,0.07695694482281228,0.07694707558016858,14.314584742793556,0.0736365885820581,-0.480224491454608,0.09002082115189189,0.051388967510425536,-0.6533389745234671,4.627733899193524,3.8004808e-05,1.054682963804851,4.8768266e-05,0.7794860644123831,35053
351,0.08814255157711681,-0.4521832038130511,0.6107872941069963,0.021525449333214465,14.21500386601629,0.08148459174891812,-0.36634661924151296,0.059667058979803046,0.059623808639069506,-0.6305910539335531,1.3365244909938165,7.86016e-05,1.2831038689389183,4.130641e-05,0.5819617644143998,35143
352,0.0732271797012254,-0.5159738895189527,0.6368722944949587,0.022794683847402707,14.383730021132633,0.08048756537664817,-0.4334942379966981,0.1417200911971589,0.021866511013244345,-0.7413464535586056,0.8124971640028567,7.6838165e-05,1.1510753668998572,4.2186606e-05,0.6739037832225416,35248
353,0.08314048013208476,-0.5005078757874576,0.04156738060723955,0.04156351871936614,14.141335246160773,0.08057005114840325,-0.41982193003241186,0.09300304942006273,0.0395230664515026,-0.765166044024401,4.489645605612957,6.827135e-05,0.6315464550675063,5.8462792e-05,0.6532676225417975,35353
354,0.08788203360582389,-0.5201285233781993,0.16318175306828003,0.027265311892517807,14.21590184851874,0.0795016700481412,-0.4356386207099219,0.10974053869200968,0.03425064707673428,-0.7232229219862044,1.5210618720976894,5.3549353e-05,1.0016299894775347,4.508862e-05,0.6784649502263393,35443
355,0.08252091162721258,-0.49352412750932,0.5021138630052436,0.01301840270111755,14.40182080817073,0.07383604881390927,-0.4182330976042688,0.136340305218915,0.028571511161452016,-0.7462927000123145,1.6917783253822447,5.554817e-05,3.2030396430767007,3.0649364e-05,0.6469041570167078,35548
356,0.10631857385631835,-0.2678250522563232,0.563233156558682,0.004371194458260184,14.211116224451567,0.06997361966417497,-0.4319007269357029,0.11971347647495584,0.039259571935566,-0.6189385907153359,0.6276136846545468,0.00020030476,0.9001023537264659,4.918588e-05,0.5082012362673776,35653
357,0.08682881051071431,-0.5946457221112609,0.07534334854690151,0.0753211922632215,14.218389277439798,0.07285700545490742,-0.5251711857318684,0.07511060353514709,0.06247385327365767,-0.5709505688356076,2.3571554399186585,7.3403586e-05,1.419751024231325,3.9928203e-05,0.7933525755603492,35743
358,0.04313346091792619,-0.9557082058383152,0.09046906078576224,0.09046045721103951,14.315147971127113,0.06709471016387149,-0.47162124539793776,0.07345429028884437,0.07333864438716481,-0.6201137969388761,3.722556727221517,8.631426e-05,1.2723173977203561,4.656168e-05,1.0657414197718849,35848
359,0.09939546893137913,-0.5545764860083295,0.16376970100913404,0.004304269736420313,14.206466993852803,0.07296234635576951,-0.45875868760999355,0.10139771592192702,0.04567061661473114,-0.6546389071907831,3.6978977000176947,7.158083e-05,1.3077337382125218,4.131731e-05,0.7197323198877417,35953
360,7.934314166953542e-11,-0.46394947604455655,0.45270218811535196,0.057144148241884477,14.369453647385738,0.08207293308872032,-0.426365027910745,0.1338248819979142,0.026586454414795797,-0.6837843813849253,2.8265676460767586,6.5581255e-05,1.5368847757567032,3.7534483e-05,0.6301081282981111,36044
361,0.07667218537930183,-0.45540429078196204,0.059419330014931826,0.059386341684913226,14.16743140888465,0.06547246377412536,-0.4393900572135447,0.098407747766285,0.0683887156905726,-0.6019062616508422,4.024971575662744,7.32054e-05,1.8199016363146494,3.907237e-05,0.6328164745332915,36149
362,2.282317797655945e-32,-0.6201563020919778,0.15439382784011135,0.059640967499508625,14.216197423980478,0.074325248902565,-0.42877283767798974,0.12008614389324358,0.03843523728305245,-0.6874301116565001,0.5877870285532574,0.00017123573,1.3443383299806617,3.984452e-05,0.7539495907252899,36254
363,0.07580001219687285,-0.5234160283315441,0.12292145138108776,0.056133546058216945,14.224122291312677,0.0788005554372911,-0.36016867376371364,0.1268273008191479,0.03361019592198986,-0.8007058551081675,1.3267642309354548,5.5770968e-05,1.0889553073470686,4.644916e-05,0.6353627407041431,36344
364,0.07374473399049251,-0.5758475361665923,0.055510569954023495,0.055507099413743856,14.102618116444619,0.07349766317208957,-0.3916982014471794,0.07619776827801314,0.056152347348471854,-0.7317027190931804,1.7436120832726678,8.870557e-05,1.1206343540745713,4.6969275e-05,0.696439420140826,36449
365,0.08617245578155423,-0.5663162411584979,0.062455873970459146,0.06239867896908978,14.244759169285045,0.07516143771385048,-0.4515972982044282,0.06617346226716035,0.06616503936923013,-0.6861114392835086,5.776048407802625,4.2222273e-05,1.8732273396385422,3.5614587e-05,0.7243301766083124,36553
366,0.025707905197698805,-0.3655560987574725,0.6174265869809754,0.054751850814168466,14.35522009578269,0.07345742272944171,-0.42988176259865696,0.11575722838424071,0.04281836722712571,-0.6020293838093781,0.22269417938538869,0.00030130192,1.4005660905529251,3.9294835e-05,0.5642956593433189,36643
367,0.027248493126045503,-0.5936795463825153,0.14258990831445345,0.14257146348264238,14.232313368098806,0.08164172239906141,-0.4847521936900595,0.14253026527486373,0.02662644749403733,-0.6136983393707216,9.749211733767236,5.5557284e-05,0.9154534124277259,5.2102496e-05,0.7664464058760235,36748
368,0.07378454492072335,-0.6767540796665782,0.1141138121619008,0.028232430472847615,14.301404147790421,0.07440464420632673,-0.474941819602394,0.07017106862353818,0.07017042719218863,-0.6270376824422161,6.312229721895454,3.8074275e-05,0.8785246111427766,4.973622e-05,0.826780391852994,36853
369,0.07810987407986195,-0.6377349537137783,0.2501849339971635,0.026346633919497958,14.260467016408818,0.0749820616890295,-0.47554374205597705,0.0756510285590647,0.07560972683746282,-0.5768874921290381,3.750747793927751,4.4337306e-05,0.8794648619125511,5.12843e-05,0.7955172668125542,36943
370,0.08488529359282079,-0.6103671865263772,0.0735005220483745,0.07348565659747659,14.278672812545356,0.07459231271996421,-0.43697654170056943,0.07233658669152597,0.07232591045886996,-0.6352487306937443,0.7165577654331199,9.13038e-05,0.8957873132933386,5.110317e-05,0.7506641062317518,37048
371,0.0725667397647386,-0.6206638348928886,0.09723153132839978,0.050060292008389386,14.264891163946102,0.07513575236131903,-0.45703722052854284,0.08102986539450246,0.05211405892158234,-0.6384551661939265,1.369429947681056,9.206206e-05,0.6814517236682238,6.0163013e-05,0.770783119231605,37153
372,0.051800012613742584,-0.31016464977315555,0.23941436268615449,0.038880897916371344,14.104365806417766,0.08105128298229401,-0.4061661465927644,0.05571569048419111,0.05571551373377679,-0.7533989248199753,11.976367805463672,5.0627117e-05,0.6925985897717329,5.672305e-05,0.5110509256492148,37243
373,0.08838127300109225,-0.5641659669300453,0.10095208651320937,0.03861954249394249,14.177047072826904,0.07489978149599989,-0.44883419872395897,0.06786667467452447,0.06785231474023855,-0.797559085509168,1.2356810195515684,7.230452e-05,1.3422166522995087,4.093111e-05,0.7209267481417868,37348
374,0.09055135106784504,-0.6361688771714472,0.07232919120110731,0.07232572511978236,14.17472141731135,0.07355485032698533,-0.41303039954989473,0.06399023830922373,0.06393051334883534,-0.7213968409355161,4.9963022860351005,6.0226084e-05,1.1374524353447208,4.190243e-05,0.7584885966406651,37453
375,0.07424597050451082,-0.73979659275119,0.1112145780070676,0.06056890693986383,14.184465238312043,0.07329964570868407,-0.3738771640279749,0.06956705086825056,0.06955154226062545,-0.7415316466861582,0.45956134683141364,0.00014145146,1.1301939455072703,4.7737165e-05,0.8289047788665905,37543
376,0.06779999922423971,-0.3451017084501244,0.05557397815603937,0.052932376520135084,14.338029198993787,0.0807411085754773,-0.49910519057170305,0.08928524877839002,0.04196279311396237,-0.647930023662688,4.922554478619518,7.5357515e-05,1.1641721523284074,4.6251967e-05,0.606795830927348,37648
377,0.08095972966640644,-0.5110888277494782,0.0630318208864932,0.06291836898792405,14.17299245614569,0.07269303938398855,-0.49289879378881957,0.12967325658419107,0.0393837256649667,-0.5842057169400257,0.6271060986851392,9.248666e-05,1.1879039147664776,4.6907495e-05,0.710042964030212,37753
378,0.07028839599043513,-0.6535803170048556,0.23900426705208896,0.020356459132763533,14.255466105993083,0.0731262337236841,-0.4712523437304224,0.12616190138560243,0.035032545125764605,-0.5677009919711312,2.400243337387087,0.00012509193,1.3659147408098762,3.656194e-05,0.8057580295892706,37843
379,0.08327330476958614,-0.45053831599724,0.1806405544937492,0.027775410466747915,14.350471682064798,0.07386782437824548,-0.4726003781193991,0.11365878194652104,0.048479929068692564,-0.5696479723389981,1.694421362182259,7.393147e-05,1.2038863413897987,4.512562e-05,0.6529440187184716,37948
380,0.07812616720220907,-0.6634572523016905,0.13097633952138815,0.06365066351606423,14.213269789522252,0.08000734149526097,-0.48669469479452676,0.13285526308380366,0.031106259035627467,-0.6674690253961318,4.515591672589143,3.320349e-05,1.204701418855217,4.0314484e-05,0.8228288106118105,38053
381,0.08178501109632214,-0.28719422078853923,0.0963019711976444,0.09625986199200816,14.325383421558262,0.0870778916752806,-0.43997658203804463,0.1062018238890594,0.024371253086106687,-0.6866965051844851,2.0844287756245032,8.4337626e-05,1.3094964321441231,3.9673927e-05,0.5254140397783603,38143
382,0.07153932974637493,-0.6519737887588918,0.10511610304155843,0.10510636214635827,14.178242787064786,0.061909584293363934,-0.4136863377092459,0.08544295818845497,0.08542598523579595,-0.7003288408182903,5.827054551921242,3.3726872e-05,0.9490986436776225,4.7557853e-05,0.7721439031915698,38248
383,0.040816644960550645,-0.42169650551833887,0.15494396213926484,0.15492761748546965,14.157649996069843,0.0816342225402296,-0.3844201894105857,0.060844509720688895,0.06083361866044596,-0.8287201767832233,1.8761932077032808,8.704884e-05,1.4409428616709663,3.9600072e-05,0.5706196848977864,38353
384,0.07715470077970743,-0.484974645781262,0.1662047758344253,0.03263089450820596,14.237958858154059,0.08533881003787237,-0.42013063189963645,0.11880541662231234,0.021656914957904512,-0.7015574702957638,2.3340855021500078,6.504395e-05,1.2689133851472791,4.2213305e-05,0.6416464407374581,38443
385,0.07991683999297425,-0.549626979407738,0.6566445620263719,0.022443522420121643,14.2436678263729,0.07401020578467649,-0.3690182181029989,0.11883647384100264,0.034347349729245025,-0.651971365025891,0.729167796696823,0.00015324863,0.9026403818688086,4.8630904e-05,0.6620153032859486,38548
386,0.07952768748902866,-0.6277788161212207,0.12836291763024882,0.0383248160898754,14.329692077959717,0.07858786633050677,-0.4663802439780216,0.13416051684529462,0.028142167661599934,-0.5694175048626763,10.421192925408107,5.0751903e-05,0.7899458461893356,5.3086034e-05,0.7820593161286171,38653
387,0.08049682606836071,-0.6989660329649267,0.07765793876749538,0.07763181445621778,14.325206297723208,0.07403936915715509,-0.510021465792585,0.12637527659429043,0.034914419744051337,-0.5634761324779641,2.557794070042912,9.6874406e-05,1.2120042641315876,4.1438987e-05,0.8652603138986231,38743
388,0.08109309148898755,-0.5412254232315595,0.06219991608631313,0.062156891286182965,14.145474697331396,0.07691167921446408,-0.39609325687305985,0.15455035308044288,0.035738655107637275,-0.5526922518272841,1.4073462544749933,6.093925e-05,1.3739425369670935,3.8000628e-05,0.6706823591630307,38848
389,0.05947460727468305,-0.6008927279629876,0.24966526811649398,0.048190642219932474,14.384311769937192,0.07288831389726189,-0.4943148643161212,0.09273758530288664,0.05185791741214033,-0.6036298582610607,6.802909184908534,4.1264633e-05,1.3967578133726355,4.5976205e-05,0.7780869203390238,38953
390,0.08667328329450437,-0.6040459644302584,0.09270212062497639,0.0388699563204249,14.157505751909294,0.06598313835845467,-0.482414478657792,0.09938904824136038,0.048165124970866925,-0.6643571494510735,0.7980574992372604,8.608267e-05,0.9295011544412266,5.6269364e-05,0.7730428554505566,39042
391,0.08067340434645066,-0.513163388424164,0.2161521927434952,0.01841430608361096,14.135322728377895,0.07043157658497098,-0.3979449587896592,0.07208259565072694,0.07207849194472883,-0.6653260617277993,3.3629529874230086,5.0036477e-05,1.4353891247398738,3.91716e-05,0.6493819010759947,39147
392,0.07448871715440092,-0.5245542854766411,0.18725113882312763,0.020076255515557383,14.26358133164085,0.07434801345624419,-0.3987313656743826,0.1090174135783499,0.044903256618834785,-0.6930750780593729,4.395807620714453,4.4052078e-05,1.3279227573113979,4.0133687e-05,0.6588959708364194,39252
393,0.06481381771809644,-0.7076494519492371,0.051646981126237945,0.05158995401422334,14.038685665422854,0.08124934392877141,-0.3656706192798739,0.13592538422483952,0.02062058319052319,-0.7400921452714874,1.1658248923818797,7.022944e-05,0.7947000071437399,5.013941e-05,0.7965442540427883,39342
394,0.0828604721302413,-0.4610464128119436,0.08437190664109508,0.08436871052073955,14.242829790799771,0.07538032633582657,-0.433431052636355,0.06428917680775457,0.0642879464072585,-0.6938319354670226,0.6251114154947164,0.00011345242,2.2197955529996642,3.3237826e-05,0.6327924400277075,39447
395,0.07376301244521097,-0.6546226718011329,0.051843483341707894,0.05183638106269544,14.198898171351258,0.07764558971924848,-0.43537233392045077,0.11518411164879978,0.03836940000608788,-0.6401162231542559,16.217966671395008,4.624947e-05,2.6914473187587835,2.9194667e-05,0.7861805845856245,39552
396,0.07917410862469462,-0.5943832020137296,0.14177401480461285,0.0383823384090031,14.27415022261141,0.07436843912866517,-0.4526318561808408,0.08926296776118765,0.0431006996222863,-0.6627021953916691,1.0245960431324177,6.8397414e-05,2.0557039477231345,3.2927506e-05,0.7471057408866615,39657
397,0.05614632446319015,-0.6396585548098009,0.051899157852790624,0.051883173078279374,14.39188904923345,0.0660641458518215,-0.4578542200853407,0.10680862473670108,0.051801099410714035,-0.5935387339443715,0.3121266961532747,0.00026845463,1.0066722074943657,4.8732938e-05,0.7866343201204221,39747
398,0.08302819094924169,-0.5091030921278611,0.11725698654492742,0.03448359536760625,14.175401350539259,0.0794462542932626,-0.47332766954893407,0.11436513745803134,0.03723458400860384,-0.5885306127761095,3.272536635180783,7.184771e-05,1.996260191156157,3.4929202e-05,0.695143899617032,39852
399,0.09024253190357254,-0.4516786772496242,0.04476717116935829,0.04475312849174608,14.219147836112842,0.07558654691651578,-0.4852565346334347,0.06946559020552602,0.06944829590990952,-0.6140509241770563,0.7281798739914971,0.00012826771,1.0503043829783312,5.0402912e-05,0.6629385581533329,39957
400,0.08064703075308133,-0.5265824257194962,0.1835065532156838,0.0351962483241845,14.239014759360614,0.07349043991939448,-0.43490326222530346,0.0841285335266937,0.05720809323818001,-0.7122278981840406,1.5960351774531567,7.173471e-05,1.3614619110191897,4.531601e-05,0.6829567325759661,40047
401,0.07327218028409267,-0.5533881337110417,0.1391646653218322,0.04608017550333327,14.218993994839858,0.07856984182800335,-0.4222538518979091,0.10855729838009796,0.04690413672396651,-0.6469042780189564,1.0365793922675357,5.56593e-05,0.9520547296346837,4.7418383e-05,0.6960867345200676,40152
402,0.07836073595616924,-0.5396284482860408,0.07551748004550292,0.07551419530811532,14.317191074155563,0.07413409725998246,-0.46249629220854066,0.10133085175681153,0.05219187190512557,-0.6750993441597141,4.4311498616419716,4.851972e-05,1.3961114150545593,3.9805265e-05,0.7107050601383447,40257
403,0.04945112324002875,-0.6111386455359605,0.14670422911982178,0.07193904339606436,14.20239980363255,0.08917359764273207,-0.4103687126837219,0.14156042494760918,0.015230205008060231,-0.7291403897417162,1.2727169789835184,5.9021746e-05,1.8748681627772033,3.599195e-05,0.7361337680185739,40347
404,0.018594148184469275,-0.5633522033362384,0.10943052912900847,0.10941791384721511,14.202112485646156,0.06510319114652967,-0.4088790584112118,0.07025791043745548,0.07024565906229159,-0.777553270434405,1.0912165763459947,8.829383e-05,1.0458522902007343,4.88971e-05,0.6960946698625364,40452
405,0.07082578167664183,-0.490261382558193,0.11618137541480704,0.11616447515076271,14.327869863031239,0.07219179669161514,-0.39835425703142363,0.11492047006317317,0.039619997400098986,-0.7580175471343662,2.681299401875405,0.00011800823,0.9236828285451383,4.5701403e-05,0.6316979795146794,40557
406,0.08346155488835118,-0.5450991833544018,0.0900101164236546,0.09000553685661368,14.151630947373713,0.0812930804728227,-0.41887979092730804,0.10872231170443437,0.03427208083147168,-0.652202503367877,2.1000255996962682,5.5672594e-05,1.1399245930848556,4.229826e-05,0.6874542886192078,40647
407,0.08903624975798437,-0.37136777364492896,0.2270741492105114,0.012791453937064053,14.310979066197898,0.06591717374488244,-0.47480859261703684,0.08619347008754387,0.05473724500384912,-0.5884793160303843,8.0773334645108,5.052676e-05,1.7283468694176694,3.7918613e-05,0.6027911934699797,40752
408,0.07528083050292002,-0.7909287383791439,0.06477570638245786,0.06476941477377757,14.303583412070111,0.0822768950122962,-0.4705500529238152,0.08266684292108366,0.05058603660475444,-0.5788978476232719,1.7155420081104216,0.00015427227,1.0106708682086372,4.4458448e-05,0.9203182175207821,40857
409,0.07980102998607641,-0.4500715243198175,0.10249504402031163,0.03122853347260766,14.171054092990081,0.07286550811755846,-0.47672522064373163,0.06944692529412351,0.06940112830598515,-0.6300532452228979,4.749157624109884,5.939724e-05,0.8050604826438932,5.6256195e-05,0.6556152171825931,40947
410,0.06779997319716233,-0.5278597015243405,0.23409687928762749,0.028800024594942804,14.371315109875535,0.08220351507470941,-0.4768610661895764,0.09855695335052198,0.037700367187713496,-0.6297227888390065,4.310044036347001,7.645278e-05,1.026789189489241,4.2350537e-05,0.7113595018981791,41052
411,0.06717271408128689,-0.6766387083582199,0.23585979995916043,0.047333263711523445,14.229126071040742,0.07952911600631846,-0.4292134069705467,0.1301777045476322,0.030700502230716256,-0.7196610604162796,2.4798580492604296,4.9103022e-05,0.9522403695781452,5.115551e-05,0.8012890180028329,41142
412,0.08843273078875559,-0.44109496960951705,0.06733116593031122,0.06731160975757867,14.288758874719328,0.07369833062660977,-0.40490192562574756,0.06297193840904045,0.06296307700258451,-0.7015440431187802,0.9718805776547543,9.625465e-05,2.071512376245724,3.2587002e-05,0.5987573311369634,41247
413,0.08028897725212637,-0.5275797181544066,0.06223471648733488,0.06222407567491831,14.177789494089478,0.07224048253158727,-0.42233474821291134,0.12926424612315063,0.03562899401425326,-0.6899158307318043,1.4147939830686416,5.273705e-05,0.9861718204464907,4.8681002e-05,0.6758010051457058,41352
414,0.08345408240757737,-0.5246923994418964,0.07233456556371748,0.07230116302961907,14.021850268487126,0.08315013417504762,-0.41003344223518445,0.11695979528744428,0.029283369511471154,-0.7329032025693059,3.434136556913546,4.8649003e-05,0.7775987278994292,5.283015e-05,0.6659050516277294,41442
415,0.07425243668553828,-0.5068164733834444,0.26004475981749,0.02101034175591471,14.317146399983422,0.07166503290559995,-0.39462379746368365,0.11641969614969705,0.045333977789015704,-0.6425548874866853,1.757745859582856,6.657573e-05,0.6600635178322775,6.034438e-05,0.6423323744117916,41547
416,0.0987413693534968,-0.5571300881214841,0.05886541548882195,0.05884064697915626,14.205031703935004,0.0661663511670121,-0.4242729229603595,0.0721804963766619,0.07214338984189281,-0.6044176106893757,2.506770700087037,8.568313e-05,0.6504116328310695,5.9218306e-05,0.7002866900402861,41652
417,0.08967406396192584,-0.4945026902541319,0.06251493602528689,0.06250901453823673,14.23093667684693,0.0812923206406361,-0.4888743344339423,0.12348971543089168,0.03392417808599596,-0.5834753136084486,3.9207252077044044,4.9310544e-05,1.3037683907393878,4.3610136e-05,0.6953639518531314,41757
418,0.07531959217882891,-0.45577134967453237,0.057235599267290965,0.0572292194245375,14.373477995692127,0.07169791073516851,-0.488429333017055,0.06905004520372808,0.0690289212694387,-0.6157560676526679,3.3522742246450825,8.061552e-05,1.7950211106784526,3.8007594e-05,0.6680499506291652,41847
419,0.0818692350028574,-0.46860699120434,1.2485329043089715,0.014193655587571113,14.346782804204157,0.07386307502085568,-0.473270046275386,0.07237097902404328,0.06856372559599522,-0.601253923893872,1.7382601014255263,0.00010261567,0.9594449396109068,5.255815e-05,0.6660158022953288,41952
420,0.07468740586253252,-0.6286780136120786,0.1451377108891428,0.032124670613597216,14.329191915617729,0.07305652740827279,-0.4466185751140762,0.1177522671501981,0.03463051898989178,-0.6564560512342533,4.726964417448453,4.7493533e-05,0.9050749278024587,4.9560138e-05,0.771170666218676,42057
421,0.08808904290923879,-0.5946150527937436,0.17176829503460414,0.020846248858553268,14.298516684827266,0.0792673795099696,-0.44047088164866177,0.09633569561440324,0.04077699961761488,-0.6268108222454636,4.614325675787529,3.8816168e-05,1.1994857836922233,4.1366966e-05,0.7399876070511289,42147
422,2.6123152606279733e-29,0.04274751991033555,1.9999999997807392,1.124152327655499e-17,14.147941938362463,0.08010288453008607,-0.4728822299770761,0.08830358390975317,0.045311178780618175,-0.6691027176383934,6.678442917465724,7.116339e-05,1.1796269296094135,4.3759006e-05,0.4748104399511207,42252
423,0.08013789124643513,-0.3939593208832434,0.9062622844454783,0.00830521978477628,14.387746651339835,0.07527597366926764,-0.439954627379831,0.0824413909382362,0.051750182440415744,-0.7625898691827987,1.7718746194872759,6.82895e-05,2.6811946889097937,3.1046147e-05,0.590562461272059,42357
424,0.05144742958851517,-0.6297533606007638,0.11805664697852152,0.059132312336491924,14.181529048505835,0.07000082515311039,-0.4079845661976382,0.0738354743350531,0.0737723441953648,-0.7113974513152796,0.9875383335090475,9.279883e-05,0.8573174042742705,5.2135296e-05,0.7503603810459549,42447
425,0.06919205699994246,-0.5797887989494003,0.07813564946910062,0.0780925942711489,14.306253632211268,0.07455616629555922,-0.4376028969764757,0.0685006964895334,0.0568773002280014,-0.6911680148002703,2.934463497792298,4.870206e-05,0.8803099847975675,5.2635467e-05,0.7263961362985021,42552
426,0.04368131027206347,-0.6558871571890198,0.07480120375182121,0.07478129624127107,14.286388956745778,0.07053132668041505,-0.4133538579785962,0.07047875674673293,0.07044841630745222,-0.6942904937065267,5.619776422054251,6.470768e-05,1.0152813358151938,4.645174e-05,0.7752737418946184,42657
427,0.07282337914019482,-0.5447840284496805,0.3141976034496157,0.028134422310787183,14.269230083032712,0.07858747958760459,-0.4290783205675608,0.11085002232256994,0.0348838181657116,-0.5272494013645965,3.3018729496866417,3.6092384e-05,1.8565963574301414,3.2807413e-05,0.6934679825593543,42747
428,0.08206985512467717,-0.5652450450466384,0.15816639558787157,0.018379344210960193,14.38851931509079,0.07383258562375067,-0.46242837358130034,0.07981206173516406,0.05265171874246159,-0.567514451220534,2.904934016472827,5.5211684e-05,1.2346314730792163,4.0690604e-05,0.7303026507160049,42852
429,0.08866283001966747,-0.5140701888139814,0.12089766861831402,0.022724181159381546,14.249860861116943,0.07360044999447245,-0.4499987228446019,0.1115302828220915,0.04663698062869574,-0.5905442896877963,2.61214209638893,7.2416384e-05,2.0509792104915587,3.5103592e-05,0.6832034906153622,42942
430,0.049212224388697996,-0.7187373906798483,0.31341263890604487,0.11550566852219211,14.341630937065677,0.08323289219203826,-0.4109645654018804,0.13887946252868286,0.022269108926655914,-0.6107946927192415,2.566672347705138,6.149946e-05,0.9389896854352804,4.4555174e-05,0.8279343638098574,43047
431,0.08944380925962585,-0.538513396591832,0.19727878734268706,0.01386114247116274,14.278816118530024,0.0756269475312745,-0.4392682079478849,0.15061092850235322,0.030218001346047747,-0.6796629598192925,0.5621280148164222,0.0001754729,0.9162137007122355,4.739183e-05,0.6949483698970866,43152
432,0.06530890323764217,-0.6910077330272373,0.24505088471945882,0.0437627185675571,14.278893759064484,0.07424127932421583,-0.43379166358406585,0.11332939262197776,0.04137432082934183,-0.6694737168773136,7.487864884820063,3.211593e-05,1.6456740343389489,3.8703492e-05,0.8158841183026381,43257
433,0.05647075549941423,-0.7599839184659956,0.1135283139558783,0.11350331416753054,14.369208624362736,0.08050481311280673,-0.39936362411147813,0.07104706472012431,0.06166386992903823,-0.7410209918914695,1.4603473267022993,0.00010214507,0.6315156811780741,5.7228503e-05,0.8585259813135436,43347
434,0.08062338409168522,-0.5681077730793985,0.06065162740671363,0.06063853812105533,14.24613348755023,0.07439399990218619,-0.4294294837420249,0.11035538439483794,0.0431484221144955,-0.7358740911337069,2.701053205281311,6.0942653e-05,1.042961392325908,4.8126825e-05,0.7121489474401934,43452
435,0.07652349390965059,-0.4029260154769105,0.0893697386208949,0.08936392612351855,14.113793108985817,0.07946689432587567,-0.37989884980729327,0.06180376863298572,0.061670287208268657,-0.707966231959742,3.8213442451483584,7.745779e-05,1.23761881023336,4.3148415e-05,0.5537802001092165,43556
436,0.08903882489868072,-0.6794937883308875,0.20875343621451448,0.028203722495532834,14.294358722374598,0.07808185296581995,-0.46794701249751436,0.06627012006874788,0.06623644297612155,-0.6351869216252203,1.1706563482884493,0.000119517616,1.104220477859699,4.5066863e-05,0.8250370990965253,43646
437,0.07483763480878625,-0.5472628355176962,0.7171653908953521,0.014606504541472292,14.287756059645803,0.07450708915288702,-0.4406534483941855,0.09954564333999924,0.04114439434914621,-0.5729290796913321,1.8555671779115677,6.0701037e-05,1.888531465089281,3.4311663e-05,0.7026180133760849,43751
438,0.07783243400887617,-0.6422878672169953,0.23804586678549444,0.02096899487795516,14.309556375700494,0.08222635369495916,-0.45612740337926533,0.12727710742121687,0.025703879952740396,-0.5737676484094185,1.2910550344726828,6.72832e-05,1.3645758906596763,3.7601123e-05,0.7877727543445937,43856
439,0.07976275787825776,-0.6009186174195399,0.0800299297256243,0.056407466180673126,14.366447913563823,0.08084699985060678,-0.45683785789101977,0.09913227844644573,0.04663122018305892,-0.6454296121903507,0.8573906418473004,6.374759e-05,1.4071319935030404,4.4102453e-05,0.7548536369150426,43946
440,0.07433798184907744,-0.599774541464734,0.05180727978811427,0.05180475549849635,14.191636840172626,0.06753676472505951,-0.43233004335337044,0.06883751320956452,0.06878766097338382,-0.5946634322400427,8.280012971120536,4.013453e-05,0.9939463279405466,4.471632e-05,0.7393502329580744,44051
441,0.08222754885855119,-0.6273990546919668,0.054135769020241,0.054124243906736404,14.256385601757044,0.07580000340107376,-0.4371433242839901,0.11024955442419512,0.0435159736882071,-0.6650030980455056,5.83017337978032,4.6719135e-05,2.273859670901519,3.1786567e-05,0.764672387231572,44156
442,0.0774814188987808,-0.588613230354289,0.21150712336307936,0.03576629146802062,14.292558943007377,0.07463077309929331,-0.4191296322820522,0.1400126225104883,0.030469023838072016,-0.6973133012944509,0.7273160203875499,9.41772e-05,1.1997150921703947,4.1363797e-05,0.722589221899275,44246
443,0.07941022904466204,-0.34352788871963297,0.5287642191470264,0.007560498330354323,14.251490526881996,0.08831435804727628,-0.4119369532137379,0.11094658974050185,0.031115579729211855,-0.6949747529314093,0.6281878731293172,0.00013229155,1.1535995362119467,4.0034563e-05,0.5363799621081923,44351
444,0.09604973836652068,-0.2619084836603129,0.057746308699063956,0.05771032919921508,14.322232958735327,0.07530818388089647,-0.4186466983399366,0.06068581243282483,0.060650678764366896,-0.6980336774531632,10.400294760925846,4.8287726e-05,1.2210117480749927,4.598774e-05,0.49382295597124104,44456
445,0.08221009433727705,-0.7221375475865407,0.430799134296606,0.01909024428801686,14.316540242189324,0.08242347837971566,-0.4166895192302713,0.15563196134104673,0.022173788175910605,-0.6540116050511288,2.894545939414177,5.8166817e-05,1.190744089132242,4.4016764e-05,0.8337342460704478,44546
446,0.07380851984322277,-0.4301971960063965,0.11960740828436395,0.11935821949248034,14.274637364548806,0.0721146517276282,-0.42834976164292643,0.1047772124128293,0.046942496650968474,-0.6089667063731187,1.5504336923078914,0.000118186115,0.6648793020895839,6.0002512e-05,0.607085781213263,44651
447,0.07504806409371181,-0.42642826280873347,0.6817584196375603,0.015603147265281165,14.368998544075774,0.07388435714877468,-0.45333347121790674,0.08951956867977777,0.05701099234578174,-0.5952715993701108,3.6535019226087164,5.9620314e-05,0.8513257090221275,5.3231808e-05,0.6223763326545692,44756
448,0.10526665321440505,-0.4990830776897898,0.08265534253798666,0.0826466462187329,14.196931139321995,0.07425258751306797,-0.45728944472222527,0.1181096391961495,0.05179872353996801,-0.526368446648464,2.8270761473640595,0.00011526338,2.1268124795424845,3.2634558e-05,0.6769029137850375,44846
449,0.07317780274119495,-0.5863238074936286,0.21507984834092245,0.029179141007419945,14.406662067933544,0.06582326416257064,-0.44097755865748234,0.13971969921591654,0.0463005155962726,-0.5575948912433527,1.1658597231390788,7.98158e-05,1.3823757855185872,3.892804e-05,0.7336462461386543,44951
450,0.07372597509860622,-0.59845085043928,0.22981336540399244,0.023396001941781562,14.294795833661611,0.07687734320356505,-0.43852166857226854,0.0687217749905442,0.06871384759034416,-0.6475799162222448,5.131420544198476,3.8306964e-05,0.7081404727605399,5.7977017e-05,0.7419195874209712,45056
451,0.012141810824877414,-0.4183898873095755,0.131504366828618,0.13146139711362587,14.168372024844572,0.07511194425595462,-0.4363226439384853,0.10503509897060684,0.040158275416053005,-0.6055528527891194,2.9914768901591895,8.5275766e-05,0.8537964362855632,4.9409166e-05,0.6045060358808583,45146
452,0.079260312213325,-0.550325169938674,0.17380686014275382,0.023109173174453906,14.283041136024206,0.08117509856154892,-0.4400355233666136,0.07083839037512092,0.048332444105089266,-0.7337948998814181,1.1047020418337066,8.3724655e-05,1.7706778266622079,3.852028e-05,0.7046197942809724,45251
453,0.07133074172851553,-0.510736704718649,0.06943462006742479,0.06930689310124515,14.198622697769686,0.07753713087660126,-0.42181703118432723,0.09797961598807985,0.0365662678385999,-0.6830684524509989,0.3817821451227621,0.00020100932,1.350078351824644,3.9045946e-05,0.662405909804573,45356
454,0.09180000217827625,-0.49852175424266576,0.3471249630707549,0.014963368256167028,14.314163521912402,0.08041134185885228,-0.4590908121514028,0.08565465339401582,0.047891928001895914,-0.7388732461187271,7.031628809555429,4.0547642e-05,2.2322370280363746,3.275609e-05,0.6777081327939185,45447
455,0.09663696418143868,-0.5057221840092052,0.046955213108576366,0.046916367167408476,14.29256818496782,0.08181311416824173,-0.43544893276273555,0.08375264848889005,0.0448607109969083,-0.7403247774901967,0.8464144239281319,0.00014949842,0.5201297428842001,6.3080486e-05,0.6673609970947102,45551
456,0.08901678580760003,-0.5135651694553113,0.5931408911654983,0.009631988249999713,14.258351880309458,0.07849580086873294,-0.41282725050187963,0.11634131779542116,0.04141915374922965,-0.6097250362776323,1.7793154381540517,7.092422e-05,1.8131966118774425,3.3007065e-05,0.6589199663347624,45656
457,0.058295812846186366,-0.7435717579219732,0.1533256049231986,0.08014233236324997,14.398472481996432,0.07519917293425518,-0.4801172724974048,0.10086482044215271,0.039736036806854426,-0.6022740237560694,2.8167669622276654,5.0490326e-05,1.0476012115295534,5.1523435e-05,0.8851053917638965,45746
458,0.0438000505037457,-0.297416085263115,0.06829751521706079,0.06575877573607923,14.202114922372198,0.07234940199277837,-0.44918232914331924,0.08847171998447782,0.05395538157067584,-0.607806888628434,5.836777329422171,6.979228e-05,1.6472235719760937,3.7586346e-05,0.5387217209170739,45851
459,0.04193841121123862,-0.5751206922841245,0.15584580758912106,0.06729892760144786,14.265178639846093,0.08204098926462215,-0.44786640281866635,0.064412421720396,0.06436812799371958,-0.6025960644973589,3.4814863870437964,5.9623817e-05,1.371111312232751,4.08485e-05,0.7289362972627325,45956
460,0.07405241482538268,-0.7003312175029545,0.07090066062737183,0.07089112624443648,14.40880698736618,0.07429793565812211,-0.44347546634898016,0.09103047008961336,0.05821931297386016,-0.6080364772469282,3.6063885352385032,7.263999e-05,1.916359334776418,3.739483e-05,0.8289356449463469,46046
461,0.0708722239767685,-0.4953705398222228,0.9533119320503042,0.01445080003232195,14.369973712005864,0.07454130924649915,-0.4209479764061195,0.12160788561960628,0.03558841532907901,-0.627607922792826,0.17712223637283062,0.0003422025,1.371821836991313,3.715637e-05,0.6500685891228458,46151
462,0.06586819005888264,-0.6841401724059241,0.21340546882312764,0.036774182914292415,14.29904045678679,0.07007238552061934,-0.4121091145915655,0.10720695654432602,0.04793626616887583,-0.7364014114757146,2.774914785451852,4.9856568e-05,1.6049375662834493,3.855466e-05,0.7986749638176043,46256
463,0.04101774956518406,-0.4579484713889385,0.18394110662551547,0.1839234352832869,14.312929624240347,0.07294348299305076,-0.4085563283476447,0.1251249277449673,0.03808159838947935,-0.7006205178031853,1.1642149869392837,9.735799e-05,1.048547728496046,4.949086e-05,0.6137060174712107,46346
464,0.07673854437888955,-0.5663011017849835,0.07211404049803762,0.0720821300778323,14.234914116285575,0.07796822413813771,-0.3896228726955185,0.10439368935898556,0.03574991202545683,-0.6988192574177438,6.857386527806684,4.3349773e-05,1.3210166328755821,4.0373907e-05,0.6873884788170328,46451
465,0.08686440566306328,-0.4603132288162028,0.05065685735974744,0.050632506761481885,14.329653326984749,0.0729297363592931,-0.4554722319146244,0.07131591804550183,0.07131193511992091,-0.6996703465368923,3.4235544039207952,7.4077245e-05,2.0400281833188716,3.6334448e-05,0.6475671568791048,46556
466,0.07190122532422943,-0.5231434361661982,0.1575955243739721,0.038267160046852725,14.185747869779526,0.0755100407365397,-0.39732254695782054,0.09801509295024326,0.043703536338831984,-0.5801108508046631,1.2725128456322417,7.539528e-05,1.278634128594886,4.205233e-05,0.6569202852133785,46646
467,0.08302353685017054,-0.41559799634285916,0.3214967569995086,0.01977406906827491,14.254053448826893,0.07366766183731636,-0.4576895870277381,0.08784949422472742,0.051374755245358054,-0.641648850975488,5.9402114213912185,5.9974296e-05,1.333689830196515,3.973632e-05,0.6182244354907209,46751
468,0.07392819072476586,-0.685592369240902,0.13320984058561694,0.04293705115080412,14.312158101420346,0.07342720887598066,-0.43023638599164377,0.11405670707765918,0.03774786857224302,-0.5950993457123066,4.129157155186416,5.3106683e-05,1.5993083209612318,4.1321488e-05,0.809407341573144,46856
469,0.07149707680704515,-0.5606011603727095,0.2799464558065366,0.017913773436827273,14.311391509621208,0.08018950111057328,-0.43779336519292067,0.11862323239115594,0.03768803414406864,-0.5661513837391455,1.5013381984615226,0.00010067699,1.1922167993593333,4.1970987e-05,0.7112922687743558,46946
470,0.07515435064521318,-0.6289342952030799,0.2635120007498049,0.03139593557614717,14.41136216364119,0.07408583222429098,-0.46251227168943493,0.0856982792468339,0.05161702586083343,-0.6630391574672099,1.8274311654299324,4.711219e-05,1.0585056028316542,4.568342e-05,0.7806894063236137,47050
471,0.05766808120918643,-0.7215251632883071,0.06515281497293834,0.06515081396957574,14.290854185982308,0.07959014024860393,-0.42928879991680097,0.15809958956830028,0.024627759223587443,-0.6221737716153282,2.772101545874531,7.5027994e-05,1.3218663639742552,4.334384e-05,0.8395757470247847,47155
472,0.09179999860531139,-0.4294279985453223,0.1160113354369973,0.04596642734587458,14.22765663018987,0.07417572977840958,-0.4430753057009177,0.06897530008709861,0.06894115702160131,-0.669196810565,0.7908971233855783,0.00010952317,1.2936904213871203,4.711008e-05,0.6170284697293983,47246
473,0.08267799482812767,-0.5009970586660588,0.6767373003272027,0.018395918703136806,14.441839702484854,0.08110650992028594,-0.4274781832767856,0.11710848154928102,0.02803621911945019,-0.6963857308389835,1.5660336312377274,0.00013728955,1.4919700412990453,4.1163148e-05,0.658586099131817,47351
474,0.07366020236461067,-0.7715712011195325,0.07927911800616279,0.0792477533255125,14.203379628764747,0.08721698248254471,-0.42917571813551597,0.14626641817493807,0.018376518086475575,-0.6616451873812217,3.5263431979573934,8.4095984e-05,0.5418043217409093,6.204364e-05,0.8829008525503721,47455
475,0.08768283750331823,-0.515936199455048,0.11998228648942123,0.03132926957610113,14.378598424388011,0.07507572146055877,-0.4610785490410869,0.06463982543650869,0.06463365409788947,-0.6897048340067611,2.3720690861950313,3.9499544e-05,0.8608224214181526,5.603676e-05,0.691941898062224,47545
476,0.07041332697458588,-0.7256842308694692,0.07341120859718954,0.0733854494966035,14.256149001784959,0.07211203922775332,-0.4531265943552649,0.1716402719327715,0.032785057086494054,-0.6367161102852634,6.749697825221453,4.5361143e-05,1.0436205710169328,5.032006e-05,0.855535688001742,47650
477,0.0778432311807792,-0.5972458979487463,0.06626333047400874,0.06625956127440093,14.109895852547542,0.07632301908249188,-0.4444169637983255,0.06835900717703132,0.06830866687290278,-0.5502763464591642,1.1092971345835432,0.00010245073,0.9343075809685832,4.707492e-05,0.7444522149394993,47755
478,0.0677999936670649,-0.5989412070507963,0.06005524940628889,0.04673384598285446,14.33283105476127,0.07318454039368459,-0.4594894897712551,0.11053896573431259,0.049354367779978404,-0.5645326962878687,1.6862654933932544,0.00014568883,1.8145606145312148,3.4843004e-05,0.7548914893636788,47845
479,0.07246202438215495,-0.7897016247541246,0.2786132538960919,0.03255437470558669,14.356993108602502,0.07999815958197375,-0.4394137746381371,0.10062911059829459,0.05007827381623955,-0.5191511216140927,0.4740951878805076,0.00011219068,0.7564603179198124,5.3731375e-05,0.9037218164241914,47950
480,0.0906173429113938,-0.5636971214074252,0.05298501626732831,0.05297019954435665,14.245846016761893,0.07319090950208873,-0.42307410007629065,0.0954556430415219,0.05226179478611112,-0.6166603214492741,2.527925011686586,5.7651196e-05,1.3354632406954574,4.1044237e-05,0.7048021983779426,48055
481,0.07878351104328214,-0.6150032319958538,0.11714955415328407,0.037461400066845424,14.399914520185934,0.07467213763642416,-0.430769038217599,0.09845396900719058,0.05408179567940827,-0.7195509621673488,3.4537117074991635,3.943628e-05,1.424824828373809,4.115027e-05,0.7508601332154087,48145
482,0.07318643854398181,-0.4584549493870899,0.05125415149041139,0.0512084722420225,14.192364891028271,0.08512489070288674,-0.42256984648292817,0.11361980388405712,0.030937028834233084,-0.7204300863354954,1.9414189049062278,8.918894e-05,1.477727112079715,3.9710292e-05,0.6234951609869356,48251
483,0.09814274274015486,-0.35005005853703086,0.03695269360290746,0.03693981305204029,14.310067369752975,0.08027713521721674,-0.4887697005775785,0.05760409760052573,0.05754267830122614,-0.7110376872839597,5.590151494915391,4.6528497e-05,1.016463617433085,4.797466e-05,0.6011912039313903,48356
484,0.07306460098230341,-0.2614149140176428,0.8694594737881142,0.006873141868514291,14.346456342691567,0.07419702704385457,-0.41488115742575143,0.11497628838181562,0.04532532272576852,-0.690792502556676,2.9313737534725104,7.087514e-05,1.4424064037615698,4.3631684e-05,0.490371422554152,48446
485,0.07512191219710157,-0.5234839850553661,0.11088510516173436,0.046417728386994754,14.26659372572501,0.07282216695912706,-0.4165365744568093,0.08982592207885506,0.04795373031137051,-0.6995121296989885,0.4456922853166364,0.00012974859,0.7008340023148766,6.12038e-05,0.6689829597752546,48551
486,0.10266075547323078,-0.30920180729944474,0.8319182276847656,0.0065226048413764975,14.450507361942124,0.07989518996055009,-0.44416001893098717,0.12184909428070823,0.028089924749344908,-0.6385817331373772,1.105873046524171,9.482156e-05,2.3627743061443653,2.9249508e-05,0.5411874721887212,48656
487,0.06727853167252132,-0.5726115815734777,0.09315314306374468,0.09314814244143296,14.220992527961041,0.07517125234625317,-0.41217985555067227,0.10964393061693506,0.0435702443899987,-0.6022718700508007,5.401695763785207,3.9031176e-05,1.5866157264411251,3.834795e-05,0.7055326049686524,48746
488,0.06733980774764224,-0.5914898771105473,0.09912050837255862,0.09912005615660215,14.260584697303038,0.07298055091973833,-0.4233000225407224,0.10021571632620008,0.0542499293168238,-0.5598821196655236,9.061517269467968,6.673598e-05,2.1514332092377795,3.2950826e-05,0.7273535480130873,48850
489,0.06569385753126328,-0.7213829861443284,0.2434047544908281,0.04946279632991412,14.322407131088081,0.07493505678034874,-0.4284061080051873,0.06418842060078155,0.06418129137297855,-0.6493732416646018,2.157304017145968,5.3479147e-05,1.0834369620147992,4.3240423e-05,0.8390025065961725,48955
490,0.08793108126156318,-0.5054277798226872,0.15315618871345926,0.025987403000083616,14.151182691499647,0.07356249111831412,-0.43898161694405324,0.0923137976003188,0.046983769392808815,-0.6708629416569147,3.6000664935473465,4.497915e-05,0.9565378611306349,4.7797057e-05,0.6694491023455825,49045
491,0.05675796834002296,-0.5085214968892647,0.1048075928292685,0.10477529663238985,14.46739670332721,0.08119103361364609,-0.479886048090701,0.0921662641935095,0.03224890104618428,-0.7121223273641549,2.4267669488495636,6.0634506e-05,1.126189534918177,4.319045e-05,0.6992029261599304,49150
492,0.07167548690463658,-0.522513064187144,0.5234714184236247,0.014687367574279056,14.331743085136505,0.07912328890203142,-0.47022444988509843,0.15734682701673902,0.026910233352212955,-0.6839947817777381,3.32801470419298,7.625608e-05,1.9380529310487504,3.6104422e-05,0.7029444754146532,49255
493,0.0016140448566749831,0.2149511433516607,1.9999513142350052,1.4307238851131435e-05,13.978821364951438,0.08128804297769643,-0.47951057062998914,0.06410200424626035,0.06409917280340438,-0.9045722524036635,4.117725993928898,9.820804e-05,1.4755117377334455,4.428407e-05,0.5254849011856421,49345
494,0.07832982536602275,-0.5568691067463654,0.1783189048896563,0.033627230267936306,14.432611545833412,0.08099942425070783,-0.4205661198698946,0.15439478580069285,0.02677459417119724,-0.7504554969718197,2.5661827471570975,4.8243073e-05,0.8016878559064269,5.2038657e-05,0.697838851907024,49450
495,0.051425061538444866,-0.5594399681206303,0.20733682532129646,0.06050706713465634,14.236899375555396,0.0741378992211942,-0.45104831641993964,0.06227703437955672,0.06220352060049761,-0.6912465607126286,11.960297173984655,4.611644e-05,1.2771777662706352,4.6155936e-05,0.7186220576047425,49555
496,0.07693985008698175,-0.591586010250992,0.06885198868490518,0.0688250623261517,14.272179658582331,0.07096321111517112,-0.4240194709692261,0.0699474273561801,0.0699318659407879,-0.6195041352500968,1.849698099535196,4.0869803e-05,1.0100626986514234,4.988381e-05,0.7278506160509237,49645
497,0.08211481150586564,-0.5006427612570735,0.1412313130175616,0.036668771971697496,14.290327493944483,0.08164548793378944,-0.477537524419822,0.1391176724293611,0.023900327995502502,-0.5811121808981289,1.5927843899910363,6.209382e-05,1.1787374055123065,4.6120043e-05,0.6918708417241756,49750
498,9.675337151757532e-27,-0.5096620156878952,0.20610102832885036,0.08001903898756584,14.168155257554554,0.08766742223250508,-0.44795262446158457,0.1274183769941646,0.018347353255819425,-0.5123703933888643,11.60769044895255,3.2945125e-05,1.0664033072493742,4.479831e-05,0.6785402891480135,49855
499,0.08804679134179125,-0.45187936805049306,0.13100404979683997,0.034764178167560326,14.322651619230104,0.07316489475744391,-0.49871358066454835,0.11942503056669074,0.03319999913173832,-0.6073266292667767,1.8618928180951062,6.592704e-05,1.09207469602899,4.8596572e-05,0.6729860316596237,49945
