,ch0_t0,ch0_k,ch0_tau,ch0_rise,ch0_ped,ch1_t0,ch1_k,ch1_tau,ch1_rise,ch1_ped,ch0_chi2,ch0_pedrms,ch1_chi2,ch1_pedrms,absk,dt_ms
0,0.09004673693208767,0.34014619336538454,0.17622307453173322,0.027136651028355517,-3.6230718900431182,0.07923855668498024,-0.5082470851783134,0.2950773752278521,0.030296054025868772,10.284982634271648,1.1538669506992392,4.6104207e-05,2.331344927955508,4.490771e-05,0.6115672754924133,29
1,0.08988363605002395,0.3480806572306133,0.09560242122377396,0.03624983386456304,-3.6225906239107837,0.08577625419123763,-0.541178414989209,0.05879793430050502,0.058780332580937504,10.212821670078114,1.7126389806683322,4.2181353e-05,1.2711907095720365,6.624962e-05,0.6434549096776931,134
2,0.09725238361267076,0.333834538319288,0.14160471903529798,0.02247906505187908,-3.5661265370803528,0.08166543940166379,-0.6422239710782766,0.20630814733612887,0.032000832230989595,10.12699432990419,2.037632075714568,3.758202e-05,2.652168662727413,5.1619067e-05,0.7238073832190461,239
3,0.09079789252767502,0.34138912576007874,0.06509162879627321,0.06505707027148043,-3.5439161565220343,0.0747379067591533,-0.6844029416221155,0.14769780570035512,0.045713130539071195,10.319627175486454,0.9917006577043654,5.0788494e-05,0.4750659741207181,8.2019265e-05,0.7648228041110148,329
4,0.0858473797433908,0.34120641322864703,0.20909275639410227,0.026729710549339626,-3.5736642022602116,0.07177734064823697,-0.6310516760950009,0.2519846895958936,0.03764395168106533,10.303713398413546,0.7435272542653386,5.342565e-05,1.2584173403208925,6.526257e-05,0.7173897367056963,434
5,0.08047612338847897,0.3356638273733036,0.13988581982716491,0.033148271870159375,-3.698200289968034,0.06779999985403637,-0.516518956052893,0.13930955657107477,0.06112443443445327,10.192965577805102,1.596278235623592,4.1451065e-05,1.9283372284789118,5.7222944e-05,0.6160049001175765,539
6,0.09615772855444633,0.2980570389347367,0.1482556300991152,0.02193721444967724,-3.7340952074996223,0.07322331426989726,-0.3944159898392605,0.6269015288387969,0.013452009927935372,10.25127262314842,1.7047357761614987,3.8270948e-05,3.154572652503431,5.4901968e-05,0.4943702777265506,629
7,0.08337156663121102,0.3624106381706876,0.08828443016491601,0.05298159194428131,-3.7266829133963095,0.08291861454055414,-0.5080182059673212,0.14148813182104986,0.038331995994122604,10.073677875566396,1.1053736851847407,4.25342e-05,0.8719279104609609,5.5597604e-05,0.6240384349169052,734
8,0.07669737912614834,0.35812149063754706,0.09344478997324082,0.05302451962511771,-3.7209811690685624,0.08003018937121804,-0.5029036617002655,0.16317631061021365,0.030033109249226708,10.270069216191983,1.4050130991153054,3.9517257e-05,1.7371452797686548,4.1824158e-05,0.6173840741450931,839
9,0.08220753064547072,0.2833851712651674,0.2567772974847914,0.01791236233681938,-3.660053838889882,0.08784124681405656,-0.43413886094034315,0.061910783111475264,0.061872218879741175,10.20670584619554,1.5475005703175988,4.578265e-05,4.7505632635991395,5.03778e-05,0.5184435416432216,929
10,0.0894948652152817,0.34826418960555344,0.1660287582469322,0.024265042852785537,-3.6411707059317298,0.041194539735186594,-0.657060334782717,0.17119940322649072,0.1711906658706719,10.193862342987345,1.082971887697558,5.274236e-05,11.063757440752997,3.3884226e-05,0.743650609699467,1033
11,0.08293172420382536,0.3263778514768705,0.11291438078219491,0.03715423410362397,-3.6238452017683374,0.07533450371507257,-0.5288317562551258,0.17459582976276353,0.03443823771387756,10.261320347821092,1.7154505304776593,3.880904e-05,1.746575581890845,6.215601e-05,0.621438273972998,1138
12,0.08934690580574348,0.3621873066034374,0.13795373830768204,0.03216382528551504,-3.620666454000499,0.06707347828681075,-0.5988162648185414,0.26445806384734843,0.03816933957024084,10.127123784306647,1.0030663879584707,5.1786697e-05,1.933803985741658,4.737039e-05,0.6998289534421122,1228
13,0.09747901835440621,0.35408352066859355,0.05457080892130772,0.05456509379276835,-3.5563812611974064,0.08121202063733836,-0.5890662627465889,0.07467129009625972,0.07463014893560929,10.197617322702486,1.5250412419144062,4.3185697e-05,1.6244828276532604,6.172806e-05,0.6872948432189053,1333
14,0.08326067587201577,0.29715609544370836,0.1355265333539042,0.03291472289670233,-3.5752153715030826,0.08036367668171086,-0.5650855308216921,0.22942842118104181,0.020301042548756653,10.37148941245537,1.768733475323828,3.938829e-05,10.082585124260481,4.681968e-05,0.6384539154891165,1438
15,0.08094766245726895,0.3377253953529954,0.18640643275131166,0.02987209731685293,-3.6947579961564796,0.08928485781976143,-0.5087963345538826,0.8709469414738189,0.011152571126467356,10.27843086585659,0.5448213988135644,7.5722535e-05,0.5612021657110146,0.00012080149,0.6106817114682602,1528
16,0.08905522810143456,0.31702968998838355,0.2428385859979072,0.018264381601541046,-3.7062347832305598,0.06849071599085252,-0.49981824835549954,0.15744153616883322,0.08333362488698184,10.249572033747162,1.454646121108777,4.3971697e-05,2.1569619245956666,4.6244528e-05,0.5918835237808959,1633
17,0.0809632820941036,0.3318248788089824,0.2496662387912446,0.019367981770853342,-3.7116895966627137,0.06763533806671565,-0.485744564504783,0.10341170863148477,0.10332839654598842,10.146001440471878,1.1561943993230588,4.923616e-05,2.96601034460912,5.386499e-05,0.5882648486375309,1738
18,0.08457915078327088,0.362863714020501,0.11826492007995083,0.04653236838359518,-3.7421615282772245,0.07387839728937952,-0.6013868685986155,0.21392904343750122,0.05543790737933688,10.211391334450095,1.407911878448983,4.0650477e-05,4.4573216798993,3.7341502e-05,0.7023789864991693,1828
19,0.08315460086595186,0.33513391040230395,0.212220196957829,0.021825057634941043,-3.6507360886011884,0.08153906161497408,-0.5819294680037731,0.34243021065821605,0.026556561185302648,10.36977099627901,1.0920035142380082,5.205114e-05,7.192158200204287,5.6220808e-05,0.6715330547580617,1933
20,0.08582072732717848,0.3037552689510994,0.33487920116533904,0.016320095853328092,-3.6947029718889257,0.0726342935825207,-0.5688287677649491,0.7019541942703905,0.02663647668771957,10.311921583532014,1.9362147402724852,3.2739576e-05,1.3492088626837966,5.606035e-05,0.6448514793753249,2038
21,0.08962591992907426,0.33007984900805437,0.21233797697911236,0.01756983665872247,-3.65248388319512,0.08742228141853085,-0.512028272984557,0.7158317255113626,0.011936091957179751,10.345414283790772,1.3086968614345207,4.0626917e-05,1.2719242109555295,6.237019e-05,0.6092008363887299,2128
22,0.08623749511558391,0.33845168599429093,0.1761188989256789,0.03405304052796575,-3.5932115054250247,0.07245973848595824,-0.6608632981923063,0.21098945888687987,0.04537458611774742,10.299675482673152,1.110986694817826,4.3945358e-05,1.3582690448844426,8.197867e-05,0.7424889511972493,2233
23,0.08526960703859182,0.34704732161430707,0.11748116814878609,0.036616813926927894,-3.5707052461097155,0.08041386703722211,-0.5579266555395863,0.13132660126178688,0.03422584322667905,10.1370148182244,1.003810390233861,4.8652324e-05,2.6682570502384544,4.33954e-05,0.6570570724079092,2338
24,0.07480675848460296,0.318857377318784,0.06545747447653881,0.06544210799203312,-3.587406324238699,0.07371007848985463,-0.7742687455350356,0.06269932747446658,0.06269485266163562,10.280558750826236,0.9781781265358581,5.341731e-05,3.799609512434223,6.4170556e-05,0.8373542364991121,2427
25,0.08021001307917404,0.34995372747005754,0.11445832393385577,0.03605161454053788,-3.7266168814352043,0.08191146712622234,-0.46595165115261483,0.19000395401979983,0.03330979745943278,10.172913796165995,0.818126115875472,5.3231965e-05,1.3000766199917488,4.8307098e-05,0.5827336892458127,2532
26,0.08212491481452151,0.3145482618605333,0.1276375817401053,0.04179110004842113,-3.7511442853348744,0.0889224534016218,-0.4363716224285279,0.29030384721308977,0.014549395821789563,10.196345686650975,1.1929798689087328,4.5179306e-05,1.7050603732353302,6.3535495e-05,0.5379226727889319,2637
27,0.08057090822238987,0.32900113434722567,0.12951981301493817,0.045992329911127554,-3.723149748638705,0.07365177172690744,-0.6084751027201744,0.2610454393062583,0.045112504238679504,10.236971327368064,1.8666983744479972,3.5894736e-05,1.1249925624668717,5.4200667e-05,0.6917251600398008,2727
28,0.08320815928769822,0.31061669157019556,0.06737500979872298,0.06732563866403603,-3.7275065044027973,0.07133560490290716,-0.4151750458555892,0.04587706606378105,0.0458689934558046,10.064191584365457,0.8379096678272775,6.321403e-05,5.244599010317521,5.3422427e-05,0.5185104124154158,2832
29,0.08324990992623525,0.3205674595376204,0.11743204758481238,0.035644588876345445,-3.671438711742673,0.08751421255348912,-0.5396181355712917,0.37873709392851257,0.009710483379102422,10.363076608362784,1.3620377869775318,4.2332937e-05,1.7025550244286922,4.8764163e-05,0.6276553420085269,2938
30,0.09329266994410368,0.33802880978994937,0.06726890105486258,0.06722013033589166,-3.64735820866165,0.0712175511152751,-0.5532747733850636,0.08747345192714637,0.08744616194518823,10.195920565740414,1.4201199349475262,4.000185e-05,1.7351422117302036,4.525344e-05,0.6483644431277082,3028
31,0.08122418738671841,0.372871727475614,0.1739939969174769,0.029790568107772974,-3.6781948901748756,0.07726839784001371,-0.6774173646572067,0.1997703191270871,0.03316992343413768,10.190839537670232,0.9146254967261962,4.821148e-05,0.9717166663734925,5.937339e-05,0.773257790836771,3133
32,0.09135294564106836,0.35449015032940895,0.06016613481780861,0.06010992179527537,-3.607566572594953,0.07370339234793086,-0.47532439060730186,0.055764506814729616,0.05576295251375047,10.281537585104667,2.2163735026948714,3.6153615e-05,4.364446780821668,5.2416566e-05,0.5929557681537214,3238
33,0.07855177392839094,0.2769550412577985,0.07287303472264942,0.07286548591276014,-3.5320492143784135,0.08207553375652359,-0.4814922108732134,0.5219836969411824,0.008807826404594642,10.181727005096072,2.382040297415634,3.1887677e-05,1.4103055781892617,5.4869543e-05,0.5554627296315063,3328
34,0.09902864274936948,0.3233604540847831,0.14839397670908555,0.01753835187330702,-3.558163009239507,0.07555451490572851,-0.5892204176885196,0.20870842646707963,0.03207360740626782,10.239362172905446,1.2236150381540327,4.6133762e-05,2.474565239727913,5.2211384e-05,0.6721180579979611,3433
35,0.08278807526988348,0.35647369467100426,0.06473761664632867,0.06463068333567815,-3.649646271447577,0.07944539689496229,-0.6423428032115016,0.06377237639184528,0.06375114340836112,10.250641994766445,1.2631526924892955,5.0502105e-05,2.2708831975098183,5.827451e-05,0.7346276416185319,3538
36,0.08148503433669517,0.32914314490322094,0.06927110942184946,0.06924544964303779,-3.7394293819387143,0.0675986687644505,-0.5702423419794415,0.09058803562906138,0.0905645240919726,10.105214416150115,2.8073501121121827,2.78822e-05,1.61505428144347,4.9141112e-05,0.6584159311734346,3627
37,0.08998722371989268,0.3306628012606188,0.17631081103209162,0.02181110867730139,-3.7097615178739534,0.08843806858874796,-0.5589267339889985,0.4248123978322504,0.014202238859311564,10.29284368557131,1.3423996937325935,5.1409228e-05,2.4018308330009916,5.2179636e-05,0.6494127979221908,3732
38,0.0825054304529337,0.31583172897026174,0.13925676458721964,0.02874430427340396,-3.752311121811108,0.07312341055098123,-0.5249123534701821,0.12653655297306896,0.041771419087665525,10.098537634048824,1.3490758911735978,4.8900994e-05,3.5952106880664427,5.0758696e-05,0.6126031830230318,3837
39,0.08961560142588823,0.3737672187581512,0.06689092640761429,0.06687672733370378,-3.678568103737326,0.0832395784443901,-0.6010054531532754,0.07109945525917903,0.07108556153075929,10.17160520066906,1.6799226169398516,3.6448502e-05,0.47421788624604116,0.000112169364,0.7077495945164346,3927
40,0.08649044659194993,0.3510300184721466,0.156728408412085,0.030664762939847386,-3.6555245967859875,0.05550668451883587,-0.47022562151087133,0.117805824875115,0.1177676298610282,10.336167001497463,1.4138230195349062,4.5657132e-05,1.4168130601078355,7.8850506e-05,0.5867999735803,4032
41,0.0970918622157158,0.3491166234926111,0.1542347580466557,0.01933524315926249,-3.664320193572421,0.08005999055387311,-0.5650794165167112,0.16589069949728738,0.03498301050610971,10.120405610981566,0.4631907058832197,8.184653e-05,0.253690826240912,0.00014883974,0.6642267412335553,4137
42,0.08006076744207637,0.35770894709872336,0.1062192173960518,0.038534280469878536,-3.5920601031180563,0.07953079959386856,-0.642924969016657,0.2619922816415891,0.028028561386716264,10.281656521922066,1.2075511055756603,4.3331063e-05,0.8137442396692675,6.5202395e-05,0.7357365062436052,4227
43,0.09006999302263131,0.34622350159544385,0.19257916615717777,0.027381612866417042,-3.5930252119133614,0.05051623716583481,-0.6932463301126226,0.12012639124986224,0.12011708549342416,10.246281985042986,1.6214127098236377,3.8273854e-05,2.624240554542668,5.025395e-05,0.774894307161712,4332
44,0.09493087452779568,0.3553332598533986,0.13350771840106676,0.023983264561203595,-3.62748909211577,0.08134574048255407,-0.6377163630414471,0.06458767798338333,0.0645810389276406,10.117581543579886,0.8682520506829767,4.676537e-05,2.300412435000249,3.9914965e-05,0.730030057770811,4437
45,0.0936202910363907,0.3087020802133213,0.2916535719770033,0.00951097835721621,-3.710092096028678,0.07587445685648435,-0.5314427963639998,0.9958348782317459,0.015820631477807993,10.47892633926745,0.7270216499251834,7.4118565e-05,0.6879995734533223,0.00011392968,0.614596143931297,4527
46,0.08746513113861236,0.34845288072530667,0.05697246776923387,0.05689638044866305,-3.6857356400149306,0.0649040762760424,-0.5912106520267834,0.08626829284725322,0.08619390346523155,10.10332690931268,2.7487454982202117,3.4321853e-05,1.6169720484211083,6.325401e-05,0.6862575647347715,4632
47,0.08380008573378547,0.30779367747417524,0.13875683897568758,0.02718663590390253,-3.735215134706467,0.07140150896613336,-0.5876239477101906,0.06657490911805636,0.06657420762844314,10.131920737125748,1.1340776251204405,4.5106084e-05,2.274281330572849,5.5137556e-05,0.6633542430825218,4737
48,0.08223067642059113,0.3421961779876077,0.11306979236002376,0.032639935581882384,-3.733339293721142,0.07452127468981784,-0.5500977495374985,0.06503462462994244,0.06500603159511424,10.18726259241685,1.6585315452085463,4.2261443e-05,2.5287973207548915,5.7172205e-05,0.6478470176481071,4827
49,0.08522995638108652,0.363774899865544,0.20185012790272042,0.022167321273355012,-3.726537551304129,0.059263552464679826,-0.5975675520828707,0.11069259211858566,0.07828606229949345,10.045439090154781,1.6434389490342247,3.447495e-05,3.380208556127559,3.7295453e-05,0.6995849891717953,4931
50,0.0819374421090709,0.3919706125247153,0.09452760421673324,0.05291516960289288,-3.6389528079316036,0.07496521803125013,-0.5839575056134954,0.07633634308999628,0.07632939908525384,10.27370865687354,0.9964936592398045,5.11119e-05,0.576566431711354,0.00012258207,0.7033116872662759,5036
51,0.09443193421289266,0.3815296077246492,0.13745036568084357,0.021465039132849355,-3.583717812299197,0.0658203387034657,-0.6338693265068612,0.18080276079343555,0.04501247885327736,10.255635971739284,1.154874384501579,4.5708228e-05,2.0585974429552363,5.526845e-05,0.7398345522187961,5141
52,0.08335231789795773,0.3560609140124124,0.1813524602102443,0.02689813612068718,-3.5832147946806305,0.07460839132787238,-0.6083659745928454,0.40935049982061383,0.019164921369674813,10.234600005916304,0.8478580912446859,5.6072022e-05,2.3798857528047006,4.385694e-05,0.7049032086248843,5232
53,0.09466289256676477,0.35595283511574216,0.06406838356087227,0.0640582975425527,-3.5684770980234064,0.07828674040336614,-0.6538491913558111,0.07620296757551323,0.07619029051527108,10.33659525468637,0.9880157552914655,4.865792e-05,5.1021682247856965,3.8019927e-05,0.7444603319610675,5337
54,0.08944441916671944,0.295346166251404,0.1405133143079086,0.03317195829870507,-3.5787194127816955,0.08731582642063639,-0.5839200295219418,0.05759684514988464,0.0575903610793354,10.094963439908947,0.9745990547815386,4.8582806e-05,1.8046001619710472,5.3842043e-05,0.6543637816966242,5427
55,0.09006600904035261,0.34011034143567054,0.13876705540941123,0.028197457964337397,-3.683816367819604,0.07907237862900994,-0.5793234202427852,0.212787720343899,0.02748112723914025,10.185789849851952,2.0055588156799113,3.566932e-05,2.8395508832833123,5.1292758e-05,0.6717817127559272,5532
56,0.08323700792841539,0.31382813786818725,0.13848657051131893,0.04254852810850385,-3.753296108005019,0.06682209556774751,-0.5485910242272638,0.18742156374227176,0.0330655390799963,10.186713184885695,1.3956661306861322,4.0565308e-05,0.7322501938225818,9.2528586e-05,0.632012825803822,5637
57,0.08898454881388895,0.35924831498992826,0.05959822469595057,0.05956298009574131,-3.754707168304539,0.08102408957828881,-0.5479974169036972,0.22968296794113344,0.027503118615325728,10.11823557308002,1.4189913774553282,4.521494e-05,2.0395452082888763,5.677035e-05,0.6552560726587944,5727
58,0.08216991036484543,0.35943235746628394,0.1446618682375583,0.03648369033272625,-3.6794674592716956,0.07947015683950914,-0.5700955833457477,0.17835179071724347,0.035383306959465614,10.224563621527368,0.9551591530234075,4.7150897e-05,1.1709219668822275,5.816307e-05,0.6739440583194565,5832
59,0.09009050028487617,0.32682384577052936,0.13442030990012493,0.026976053029452197,-3.6478260246585013,0.08209209089287636,-0.5062159879887307,0.15445940556853827,0.045203835735692866,10.188014971326474,1.0660810274276395,5.034267e-05,2.1423595329129825,3.8854294e-05,0.6025516182532792,5937
60,0.08035176807182226,0.29476349511381816,0.06691629952188226,0.06689742838808319,-3.6438091540723176,0.08193035611025482,-0.49154592683870446,0.1895193338635854,0.02480655407531693,10.19927609985541,1.116319999972757,4.4422402e-05,0.7152265588757762,7.963473e-05,0.5731517392832678,6027
61,0.0855150011728234,0.37213481007646804,0.15258285056435114,0.022760375893853622,-3.611053860036787,0.09169141038428488,-0.5422555959964797,0.15396706328777265,0.020333190143011978,10.347905162902245,1.2711076877557845,4.6502406e-05,5.042762637280996,4.3459317e-05,0.6576666695676058,6132
62,0.08890355860193824,0.33089170816755836,0.10499770627137707,0.054737892661968254,-3.627870517539785,0.0753008144942784,-0.6853648549900122,0.080181589145519,0.08017483422197826,10.181207515261686,0.8991827299456584,6.0391376e-05,2.1248549393704046,7.562909e-05,0.7610613030430105,6237
63,0.09472732932413287,0.26913543825719616,0.516821367459026,0.010415519099273398,-3.685591362392346,0.08702300964147329,-0.5499451522377434,0.1942807117929264,0.030277156505377597,10.2481862676261,2.193598189216109,3.987335e-05,1.9077529606819785,6.152353e-05,0.6122691847510275,6341
64,0.07875023234637842,0.3269613547261876,0.11832916018519035,0.04158383327957551,-3.6300312006878026,0.06782804039604448,-0.6239284348691364,0.08446104014893524,0.0844584832121762,10.166609642839397,1.3804749472914624,3.991671e-05,2.392857314925646,4.631629e-05,0.704407850128485,6431
65,0.08306885362256963,0.33558930542278786,0.22686148240361056,0.019855088253628014,-3.677552956104551,0.08232909876904386,-0.5501113606962349,0.2531679489717769,0.019829305217322405,10.142890661123298,2.1258409422802167,3.5347886e-05,1.4172897132672508,5.0210678e-05,0.6443932736157418,6537
66,0.09380732666783279,0.3569231696582823,0.11916791914141957,0.023904248865761257,-3.717098523582628,0.08800683769357304,-0.5211606508299004,0.17114538242336252,0.019056777154176398,10.23111368665952,1.4011947595224474,3.588006e-05,2.508521175649344,5.4514734e-05,0.631666504583202,6627
67,0.08801058606621043,0.3640721087095928,0.20465761602273894,0.035038600652255454,-3.7129392216716983,0.0791868576866398,-0.590086453998637,0.3980946354163599,0.027933964562685036,10.234307206293202,1.3255938885329939,3.8533413e-05,0.7728880704192055,8.516557e-05,0.6933617551703692,6732
68,0.10536043032870637,0.3377688006910155,0.12825834718161613,0.01445622657418141,-3.7379223123158543,0.08598303615796372,-0.5225146236327405,0.1875982661014614,0.028843611978222352,10.236198435005273,1.7051839743218775,4.1643325e-05,1.5508060444531413,4.8242993e-05,0.622181078650188,6837
69,0.0817881211719359,0.3544265820407649,0.08671169527627538,0.06276402198040822,-3.6843041535122314,0.08749201324860363,-0.5301592446932838,0.23045433183761385,0.017974336548262273,10.201525791554955,1.4869332869546774,4.3646523e-05,3.3524935209777333,5.3697167e-05,0.637720179068259,6927
70,0.08983474201440347,0.34429945855640826,0.14754650916976894,0.02814963521141789,-3.624887403954419,0.07335624424327275,-0.5916685846767155,0.12610837048925827,0.04892111312588083,10.182887508843526,1.9234826184788614,3.5401667e-05,1.5851473959034583,7.2783354e-05,0.6845537460678917,7032
71,0.07430621083382243,0.34743711946616584,0.09890389239984958,0.056467965748506925,-3.6837940483522513,0.08202115827717554,-0.6191799834935603,0.17054396873097633,0.02864287534447393,10.349597457174887,1.217760901379442,4.7158363e-05,1.2196197011934276,5.565856e-05,0.7099974675602951,7137
72,0.0797615245855426,0.2966624393718081,0.18143905616482472,0.028217355661486743,-3.5290202843694405,0.08678057173300832,-0.4304041745043404,0.8521058040818676,0.006294802965708358,10.35704623954115,0.5476287194464677,8.3026265e-05,0.3347397293086634,0.00016692017,0.522739281444196,7241
73,0.08132944568036965,0.36597918602894475,0.1709363140530321,0.03326637218872189,-3.5730865766192696,0.07518076965858526,-0.7654031114777815,0.08462457098819556,0.08458714565844898,10.201018111471242,1.3998643383210292,3.690563e-05,1.0903299823028747,6.184049e-05,0.8484000752394345,7331
74,0.09483353069040684,0.33302344255139477,0.2799590774443287,0.009486512243129588,-3.6677601590941067,0.07826701280326274,-0.7176840803569619,0.46822466783898026,0.017858947121861823,10.402761083637653,1.2439836910228093,4.5418783e-05,3.4451441092484174,4.497693e-05,0.7911858520515898,7436
75,0.08307226625965353,0.34339215276267454,0.1493378328959902,0.02875453027911924,-3.7012498414945676,0.07348787530217021,-0.5943733136450449,0.07196585242561286,0.0719299013412606,10.03303100262978,1.243308447672597,4.728979e-05,3.7841975106901944,5.192658e-05,0.6864384943695793,7541
76,0.07687549165876399,0.3280057886261074,0.11362185364536945,0.06536640152415092,-3.7370588628456454,0.07651553396802296,-0.5737007271200105,0.08327326595774628,0.08320858587340836,10.163556603938918,1.678515103117021,4.2024618e-05,2.949963255909728,5.944246e-05,0.6608481835264916,7631
77,0.09367028479572531,0.3555551473650548,0.21010248250239885,0.013382955090526612,-3.7126079810788237,0.05247091915811569,-0.5854352556962769,0.31790617663234016,0.0417947563239944,10.190397677948544,2.695945591480747,3.2722768e-05,8.321225709357837,4.817344e-05,0.6849481012674982,7736
78,0.0950758882905086,0.36949930756479277,0.08283297320355916,0.026508207221640753,-3.679196873880515,0.08004528607435159,-0.5344832116166057,0.05473011244269352,0.054665944745076765,10.079242545929644,1.146807754065354,4.6342917e-05,1.6118093171504038,7.302538e-05,0.6497707609540943,7841
79,0.08919331662847338,0.3492275946712519,0.1473321595410654,0.021100667028635972,-3.6877081293814284,0.0716898710622226,-0.6127642692992141,0.19986053710859497,0.03609440600450684,10.306575615082847,1.9017377587673339,3.8752903e-05,1.911848731574316,5.28657e-05,0.7052942383216158,7931
80,0.07717137733827557,0.3474002195472028,0.23779682111754855,0.022236473009888826,-3.6470776803150335,0.08677883133752437,-0.6020659862249708,0.5976028047056458,0.01905095670985198,10.275341996729946,0.8921160660286087,5.4431533e-05,0.6646228840633168,8.828466e-05,0.6951045707737012,8036
81,0.08275224702787129,0.3672243577638637,0.1752606293395531,0.0217704270205535,-3.72204806480822,0.0896457139109715,-0.5216896401359185,0.5557361542112489,0.010460829387409136,10.328755580511382,0.3736892468649391,8.0928e-05,0.2602728492447015,0.00013849835,0.6379763393420059,8127
82,0.09648482300493116,0.297134938208998,0.25051182370606834,0.0205992812935328,-3.5754511715235813,0.06407356571372695,-0.6106540587100823,0.24178204323827665,0.04127700490928689,10.288807049224072,1.2317694892132023,4.782246e-05,1.9388268346249906,5.240291e-05,0.679107908158609,8232
83,0.08380003564906939,0.34108286063910664,0.11768360127517227,0.040695607847422405,-3.557568117280329,0.07297351105634473,-0.7251429368952709,0.07917565614458923,0.0791523449418448,10.126554725684862,2.138210379579989,3.7518177e-05,1.0498045296383034,6.110247e-05,0.8013549754951641,8337
84,0.0805498401827465,0.3082478696310414,0.14492387451042127,0.03903614667588227,-3.5962476909828403,0.08265942334477662,-0.5342898662939709,0.13941698624542612,0.038076928245553324,10.242213986336681,1.5108824230566074,4.0986215e-05,2.0240259670647416,5.5198623e-05,0.6168325626590289,8442
85,0.08977665212670155,0.3825833525105185,0.06171773902531061,0.06169253965295017,-3.713569391987265,0.07048993728545938,-0.5720053977159,0.08606886902529336,0.08606375212445937,10.190072211432387,0.8409036963282437,5.3998796e-05,0.8253444411346095,6.838619e-05,0.6881571017102945,8531
86,0.08922650759117084,0.3302730417978245,0.2324843016350677,0.02063965344167261,-3.79205922443302,0.08048378508687555,-0.5275072117260753,0.20334292257925185,0.030084681216666163,10.115558617826514,1.6329399239207183,4.4178276e-05,6.511179668138444,4.085167e-05,0.6223697779948878,8636
87,0.08566909058043148,0.35864075039161514,0.17294886856203476,0.02106107619388689,-3.7225228916298514,0.07967085179268117,-0.6079747181149374,0.2924864517543694,0.01737884589323364,10.281040791939944,1.366096136883993,4.477202e-05,1.3938370607043449,4.5624354e-05,0.7058728254497395,8741
88,0.08116539679206315,0.3305786494853619,0.23474847437716836,0.02058986629530026,-3.7261526510501275,0.07412376331176597,-0.5566303594994839,0.24180714971629272,0.030182740197767326,10.242099487776084,0.6551616828718548,5.7929046e-05,2.1423180519996854,5.9932216e-05,0.6473944706375631,8831
89,0.09387459427551209,0.29729410065491896,0.18745266015774206,0.019919777521430784,-3.6773919376146655,0.019033425723745643,-0.43408045214294616,0.1504925962787673,0.1504862103685645,10.225899482105818,1.1467710719589517,5.1973835e-05,4.042064516958432,4.5246677e-05,0.5261270010338204,8936
90,0.09510837352658044,0.3965999968809184,0.10313837951422344,0.02643460067846015,-3.668127972611396,0.08137583850221947,-0.5449064045335758,0.19629051629250854,0.02260372323739383,10.253088907204075,0.8827229190578721,4.671074e-05,6.8287035211914855,3.767012e-05,0.6739544103480987,9041
91,0.08980673309391941,0.3625101842118072,0.1582557406645982,0.02227897063654161,-3.693185807106764,0.05936799714463988,-0.5425481133322351,0.11075516965202253,0.11073962432349349,10.123897476781798,1.7495576394812746,3.5863883e-05,1.3873791345001882,4.9351613e-05,0.6525121370040914,9131
92,0.08813076594897216,0.3609407677785829,0.1390905560888278,0.029372876220418648,-3.5838040914268903,0.08063870249452451,-0.5811248679053821,0.36444580298039153,0.015392028218818864,10.349075674250695,1.2588713053248848,4.526297e-05,4.0174914954318695,4.7892405e-05,0.6840938166235978,9236
93,0.0885508483251746,0.33267642752617704,0.18456321653747723,0.027889214423587282,-3.526673894838939,0.08144655807851262,-0.5482615592770704,0.06591685134581367,0.06591145474575565,10.163669406261624,2.646498452662543,2.872666e-05,1.1351851255077705,5.9704857e-05,0.6412989496424459,9341
94,0.08012666483624761,0.28631537622867825,0.24898709986656714,0.0267786523259244,-3.6483250330857735,0.0739283034276022,-0.5119244203401816,0.3483803662275302,0.025215543147825478,10.18380822046224,1.4265081189542579,4.3246164e-05,3.877896832994197,5.490987e-05,0.5865518790402094,9431
95,0.081897765518991,0.34948280626892203,0.14169010305912874,0.030605397579763556,-3.6989818174955573,0.06975515777183322,-0.693509200884069,0.08665273483311739,0.08662170314422775,10.235588758072502,1.1951966004684211,4.8000507e-05,2.6928471113760457,4.444897e-05,0.7765907825801571,9536
96,0.08379999851585405,0.309822762437925,0.18551463538089472,0.02633298104858271,-3.7344284718236995,0.07977887184570737,-0.5764722457610639,0.1513530826237497,0.04404965804228374,10.000634326486198,0.953642999983232,5.146278e-05,1.4079987037763542,4.484566e-05,0.6544542720904734,9641
97,0.08836461442685095,0.3553898105771679,0.06697733048500999,0.04453002337223944,-3.708922671104162,0.07411273909550525,-0.582923726375712,0.06968673917484443,0.06968413307385239,10.152299586450017,0.7642145270601785,5.2690277e-05,3.1773354150742263,4.7279478e-05,0.6827166236688698,9731
98,0.08470009401703626,0.3267181665421031,0.13156012501633985,0.030851394762075924,-3.7284735692474853,0.08209226049964506,-0.5580945104613584,0.19564269191182568,0.02393924017913345,10.298407114186952,1.1271562989743187,5.0468116e-05,3.08502859358157,5.4593365e-05,0.6466948607772731,9836
99,0.07460127524736088,0.3599000951198537,0.07413992231595216,0.07413102712929036,-3.713231824035145,0.0752812724289776,-0.7183953179459408,0.07924116534049042,0.07921928974334859,10.186607437267021,1.8885659749294388,4.0321127e-05,4.286177484061893,4.94841e-05,0.8035047674494092,9941
100,0.08940046182645356,0.33551875612457605,0.22035402587017092,0.015699455823585968,-3.644325599335711,0.06625153863582528,-0.5953147079616363,0.21394988695489947,0.0421300858085223,10.311675540831867,1.3555271103432605,4.0779967e-05,2.6866315543575645,5.7609963e-05,0.6833538155500641,10031
101,0.08866415337450669,0.2805106309949971,0.3972869559611858,0.01326893829012606,-3.6091513553421852,0.08003096235738728,-0.5053020866641921,0.38589797632505163,0.01438751268141715,10.153275520887107,1.5250981645376585,3.941374e-05,4.840811451707995,3.8998893e-05,0.5779415306831636,10136
102,0.08609955940376224,0.3399035975695388,0.2164706983853107,0.020570900939019678,-3.562685756260245,0.08915415939263982,-0.6339745401763118,0.16913718928576446,0.025310496733864173,10.263296509453497,1.662491341731644,4.0264647e-05,2.333701904076838,6.932853e-05,0.7193456562963879,10241
103,0.08878930947210378,0.37309129022495763,0.14390899746017138,0.03678550882426849,-3.6017778834938876,0.08207945948663457,-0.6111828104826005,0.14004956395173176,0.03763010401651106,10.272636111809119,1.5191754813903418,3.7487127e-05,2.7576556591851684,3.359913e-05,0.7160597312173992,10331
104,0.0957783640637675,0.37061393958406375,0.10833916560804814,0.02862584603791385,-3.616203607497817,0.07964727617022067,-0.6274040057872136,0.09082355203622688,0.06298186865129782,10.09590316399237,0.9009277071819989,5.3665484e-05,2.5598313807568283,4.2927983e-05,0.7286909349593023,10435
105,0.07293702601433254,0.33914100631089894,0.10278081436267227,0.043126801325383234,-3.6359562289272396,0.08516059223676714,-0.518472789935028,0.10818374600422889,0.037965149020665875,10.212864360882776,1.5599145011046038,3.7347843e-05,1.1323776964426324,5.3833926e-05,0.6195406815250963,10540
106,0.09741959033382197,0.3751414491980811,0.08866883397841488,0.03645483871486217,-3.739719293616214,0.07280004235385021,-0.48076896165454913,0.07351370963305125,0.07339402265961718,10.14924870115529,2.11315847350997,3.7758342e-05,5.831642039190492,4.7372272e-05,0.6098113654211684,10630
107,0.08188640563931884,0.3479328378417967,0.11851531088193513,0.03290181067233812,-3.7768921994784073,0.0801391973281832,-0.4563622801643171,0.0618192974258996,0.06180914007409887,9.990967438023574,0.9060494522837431,4.8588605e-05,1.8240459547298529,4.3040804e-05,0.5738673979286684,10735
108,0.08583816415334987,0.35386763173990177,0.13640119767317713,0.027657982070569315,-3.7279730258960826,0.08686993234913654,-0.523307168663486,0.3338050398353046,0.017667743821957693,10.270843361570833,1.5021277292642665,4.2677566e-05,1.14738540805891,8.161489e-05,0.631722006556524,10840
109,0.08299771394245416,0.3176668777217334,0.05700645317516323,0.05700316989270634,-3.652980057408734,0.08176148075369347,-0.49326372763406345,0.15457569628068848,0.03240853808520637,10.158489468873883,1.17814510327299,4.933588e-05,1.1619786748221599,4.7850906e-05,0.5867038010793234,10930
110,0.08324304789225588,0.3566944328452063,0.2120603181526664,0.02495573536278968,-3.7027464244198725,0.08145851030729132,-0.5459377317762701,0.5231505235278401,0.013888390409672885,10.325523008584529,2.3238270706185093,3.694723e-05,2.092549629848559,7.281244e-05,0.6521341314482643,11035
111,0.081526599253691,0.3267423597799309,0.13320411157052436,0.032723181416252155,-3.5952121243762214,0.08243938465011141,-0.6321985224820235,0.17793489608887184,0.028389536223329886,10.265877761681146,1.19169705645496,4.2944004e-05,4.1012545502860345,3.907649e-05,0.7116428468712457,11140
112,0.08905610409251323,0.3612579147802749,0.1354840228093625,0.029325647273815852,-3.599136923981384,0.06562615733703388,-0.711012727236235,0.11122656527701005,0.11121070286059982,10.147602677944006,1.7555737650837988,3.8650345e-05,3.6704480165402495,4.8788523e-05,0.7975251590284166,11230
113,0.10082803377744184,0.318945551664361,0.1417848429186423,0.01667721286784701,-3.5781510240246726,0.08381880638108732,-0.49650303460248885,0.10180828188104983,0.06547540391713501,10.347085568006282,0.5551646088215327,7.1365e-05,0.5551650835357026,0.00013313528,0.5901199270453116,11335
114,0.08162438944194424,0.2863921569421424,0.2283164541627383,0.02045420630853919,-3.6287846531144043,0.0896119801899127,-0.478150320929154,0.9634370131122935,0.008300474341075328,10.346149280928572,1.2447556913648148,4.6183548e-05,1.1804631981923894,9.116684e-05,0.5573582303712986,11440
115,0.08548789626555266,0.30351110882284615,0.19124390827894483,0.024669174552404163,-3.7205535170730646,0.0791817123603102,-0.5698730449024241,0.4235685739002708,0.01635194717997858,10.23757387673002,0.4736097572251407,8.330278e-05,0.8623849895513804,0.00010327299,0.6456580213125473,11530
116,0.0758000122744946,0.2702295434552928,0.12169796844578817,0.0450882261711626,-3.7074194363495883,0.08839469799858832,-0.4118046846023207,0.16278657152322656,0.02209177451740051,10.255679647213116,1.1964369169626725,4.8435177e-05,0.6754096313677083,9.3317954e-05,0.4925516261433646,11635
117,0.08263518897087212,0.3460542926100926,0.19985566644651354,0.028671361441192592,-3.75349858450591,0.08087303192104976,-0.5492535425753888,0.3144111189100295,0.028691298215265913,10.09203201308763,0.6421710104385905,6.176348e-05,0.3467134604182521,0.00014174927,0.6491787330662381,11739
118,0.09727083115356125,0.3635594667632891,0.16221031866687605,0.013184059918816089,-3.734629809545013,0.08204156512157386,-0.5626094580460457,0.15198166296476795,0.033269592518495844,10.183812306690369,0.35575465498238823,9.514571e-05,0.4138651290767149,0.00015590579,0.6698543783211933,11829
119,0.08243164750048597,0.32554405110520573,0.10523794625303731,0.041866360646455464,-3.6860258893984614,0.05915109319624878,-0.6132837946543309,0.08253021781107982,0.08251446253222756,10.29733857148804,0.9685058779016018,4.664251e-05,1.592285303706094,6.623148e-05,0.6943312912404311,11934
120,0.09760027174040163,0.353317549977973,0.13612754213597472,0.023527260149601742,-3.659299557995164,0.08095962122307215,-0.5289785486005327,0.07286325110531647,0.07285044648072206,10.160170284646481,1.5839354932914615,3.623171e-05,1.3853641272945412,4.7941012e-05,0.6361223121397045,12039
121,0.0971661501529162,0.313860043443379,0.21333810773528694,0.019636473501189328,-3.597468813665722,0.08793378927892462,-0.5234912101554731,0.36600974478557263,0.020958784088127642,10.347746146968959,1.831080386152799,3.7118127e-05,0.4990772479592449,0.0001020938,0.6103697027051076,12129
122,0.09146423134710183,0.30044770915180524,0.2098048626481203,0.0226270911912132,-3.598121749430921,0.08197094701476329,-0.6038568337767396,0.4219868756510507,0.0215017191139225,10.276429437876876,0.8380104372134114,5.2184852e-05,1.3572743935357614,5.2999047e-05,0.6744715721462519,12234
123,0.0890862733699187,0.3588684718025983,0.07444049008600043,0.07441100943263725,-3.5704242140293143,0.07990360709136163,-0.6561763961823357,0.07917347140737453,0.07916814551536115,10.260605938382657,1.4828861168577299,4.4748784e-05,1.832388326524437,5.5620996e-05,0.747899754620076,12339
124,0.08804570420893376,0.3406782468740728,0.1428546080899963,0.0331730508559911,-3.625685676177019,0.07953525015230004,-0.562779458229027,0.07275751242095527,0.07269996301396306,10.278289289416373,0.6932878579493615,6.250432e-05,0.857508249111624,6.782925e-05,0.6578619813439205,12429
125,0.08506936888500302,0.3202230638922027,0.14882442387251305,0.027923722964070582,-3.6585883032239375,0.06719322389696618,-0.5198620718860368,0.09343055694718137,0.09343028926949708,10.074768979025913,1.694275243280982,3.604162e-05,1.2659270381130663,7.103242e-05,0.6105729968104983,12533
126,0.0824391886033172,0.3515328607766795,0.06013228482884278,0.06012000820559322,-3.6888578231633318,0.07486972223419341,-0.462775463889361,0.3194581092352519,0.02195877893188004,10.245095529790522,1.2055717570866749,5.47946e-05,1.2688124160068366,8.700099e-05,0.5811509977483044,12638
127,0.09554133633225101,0.3694446828537427,0.11367155965573042,0.01726985332495531,-3.7785023089058636,0.074952308910688,-0.5150177000595987,0.1668739090792133,0.0453569891299202,10.140062552595731,2.061035046781449,3.2865195e-05,1.491295085418424,6.247753e-05,0.6338237965425259,12728
128,0.08818020896559266,0.3362263352499271,0.13201012645149904,0.023507585379668676,-3.7047768486501385,0.07498812328243659,-0.5690750524524959,0.15721892513084101,0.03538427818974283,10.063847715680925,0.8325869799026997,5.1246192e-05,0.7300652575667022,9.655795e-05,0.6609800026017484,12833
129,0.08195248766673566,0.3889906138503719,0.11832996870757388,0.03125958842273897,-3.6511941296280743,0.07440841040214494,-0.5264217311519006,0.08743479558256802,0.05267765160894993,10.28706356300544,1.4949746290044514,4.5330806e-05,2.878679920171201,5.974309e-05,0.6545483455732305,12938
130,0.07552788739696631,0.29357490656365315,0.07574593303924367,0.0757176218666338,-3.629169852117483,0.07956545273884683,-0.6178032497120634,0.1020484122014847,0.05893405230353106,10.212360712238487,1.7549234042287458,3.4750014e-05,2.369247401569382,4.2837943e-05,0.684008100184964,13028
131,0.07724215137283838,0.2829576739036851,0.15658282104362584,0.03539873137088652,-3.5744145372314917,0.07759839540413989,-0.6557710525258758,0.19297027759598345,0.02320197531267838,10.240957903254573,1.2147087661117368,5.096958e-05,1.873543761900985,7.8621975e-05,0.7142133564642145,13133
132,0.0866520545464928,0.37650712793943264,0.08757231125353708,0.04970151279494102,-3.579504743652419,0.07382346010408257,-0.7378678193968502,0.11061120657087903,0.05193916869422282,10.281978571799648,1.0910861058132117,4.2939442e-05,0.9933010081989301,6.0748633e-05,0.8283758424113195,13238
133,0.09164318486742783,0.3774433294348435,0.061869340639338195,0.061862809219665485,-3.5564630924705196,0.04203605358400525,-0.6631275382058195,0.10952937176526172,0.10948501562822908,10.227931899508585,1.4764513413713,4.0702413e-05,1.112451552460406,7.4912394e-05,0.7630213619956983,13328
134,0.08197996827956193,0.3282897446966436,0.12664288647909613,0.030290199369170157,-3.5651654698603736,0.08239973397691254,-0.5958896060920914,0.0635834603874771,0.06357747481333323,10.343979426375109,1.0973488168482526,4.252701e-05,2.1727826961897807,4.1312596e-05,0.6803371069709305,13433
135,0.08840944084252496,0.3842979424200988,0.14520238736325133,0.03026299882468225,-3.6645739831259885,0.0625103881848477,-0.5860202265297633,0.11250738403161535,0.11246893665584488,10.216940977136256,1.1971363200565983,4.241042e-05,5.889211390961452,3.4011147e-05,0.700788566152671,13538
136,0.08748906656871236,0.31375409384112285,0.1442942955975735,0.030258285089988294,-3.6986854168747856,0.08193242248471108,-0.40173567716463426,0.5577530148411535,0.021122089886044255,10.196544857121038,1.4393570570950507,4.3373715e-05,1.5623599339999614,6.2704676e-05,0.5097383502435258,13628
137,0.08359121439331439,0.3789178591025719,0.10385479041387155,0.03772172731285131,-3.77734826643994,0.07817425505753538,-0.6273375418002062,0.08550416485544907,0.08549679801774018,10.290481349465708,1.0022619397818489,4.8862243e-05,2.0502193456810667,5.4960117e-05,0.732892308118186,13733
138,0.08188388032971108,0.3342388490355011,0.11482065288481673,0.03056192509996504,-3.734257656309254,0.07852528428391208,-0.5266781647323107,0.08334818931671739,0.08331418739328386,10.070641727843741,1.042379655215423,4.3399377e-05,1.5658741184880682,5.011607e-05,0.6237832134727348,13838
139,0.08130567000219573,0.3825356938128561,0.06418484619836771,0.06418029379239218,-3.692343978764417,0.04846209546407243,-0.7940626335783547,0.0848890417817475,0.08488785909480888,10.25673218460902,1.1504317752566882,4.322777e-05,1.7625898459287899,5.977448e-05,0.8814017376238124,13928
140,0.088249332795983,0.31679424009079593,0.14242167860786364,0.029124919025663488,-3.6428530927672074,0.08169703931088086,-0.4846173791033282,0.07128326043818997,0.07125272372849711,10.233707994261875,1.9069579105859809,3.8766753e-05,2.0392733475700062,4.73974e-05,0.5789754698462481,14033
141,0.0811635592503028,0.3571505194107835,0.08459443529366621,0.05371381949197842,-3.6127299404957163,0.09110022598518197,-0.5422145897422627,0.058207976667733405,0.05820644966607104,10.126345928684929,0.9863643564149036,5.337701e-05,0.9079002498149336,0.00010368216,0.6492712490513981,14138
142,0.08864651712632812,0.3292914263122717,0.1515541293711063,0.03755395620234808,-3.619287502634741,0.07196998321543743,-0.7717148443284348,0.1652152911941409,0.06481052759223165,10.336981364205784,0.8636923642825304,5.4023545e-05,1.2621176469793591,5.3478045e-05,0.8390331604886846,14228
143,0.095992487070322,0.33354369548826496,0.1888538959172395,0.018592876989342106,-3.596433735835393,0.08975539191667779,-0.43504334058423194,0.863024235193926,0.010431763297166077,10.236756476702034,0.9130720011624304,4.9428658e-05,5.009271570731508,3.8082904e-05,0.5481916681113062,14333
144,0.08582984972719797,0.3668574230033937,0.11143977282853526,0.03796244699627932,-3.5777536915298325,0.06489137217826924,-0.7054905009733279,0.09326356648872486,0.09322531469326788,10.327357837999095,1.2209242245890948,4.088709e-05,2.0485769725793044,5.249597e-05,0.7951737016377541,14438
145,0.08998760208187105,0.3446844708517144,0.13295607383084446,0.01920500906838565,-3.7159984453173904,0.08745824427810577,-0.5067179731602685,0.056318101348801025,0.056270786530237225,10.283922628521571,1.5451234188137124,4.7387464e-05,1.0241615444361178,7.927163e-05,0.6128380608039752,14527
146,0.08443508817344993,0.2901268837533666,0.2234691005099459,0.017239095542016483,-3.7497345664785935,0.0793052661620293,-0.5246460807268758,0.20838637352996503,0.03211960581354953,10.085901215466153,1.1710397653566829,4.616413e-05,0.6873718156672944,6.192115e-05,0.5995224088376605,14632
147,0.08911101085147202,0.37249568410180234,0.15697543330961886,0.01827252927591223,-3.7311884165480764,0.08206496662520076,-0.5734872701654,0.20159368895905785,0.028844492462485,10.227717375208885,1.2744753601646792,4.1927393e-05,1.0979189853012248,5.413934e-05,0.6838425869425158,14737
148,0.08093829210819556,0.3604898010539938,0.0713146712125158,0.07129336378299767,-3.716848112414021,0.07359056791705096,-0.539710713067039,0.08040816914466381,0.08039968029646063,10.154801095758701,1.0221036338001601,4.853523e-05,0.8450104057792894,6.2166146e-05,0.6490304695954419,14827
149,0.08379998754191466,0.3540894145653185,0.0963554319792624,0.03621613626577037,-3.656807512794423,0.07380389097988867,-0.6024962559317045,0.06810693293635978,0.06810608968587153,10.19033142098086,1.1267033538034947,4.388917e-05,1.6655092997865244,6.747895e-05,0.698842651759988,14932
150,0.08023703406157873,0.3027576782296131,0.18854693246671095,0.02462064939646426,-3.6494836091189558,0.08138168736778124,-0.5170494150987368,0.220450835909057,0.017469759228133718,10.260693042366618,1.1640873714460582,4.4925593e-05,1.1811947840176122,7.361911e-05,0.5991680143172963,15037
151,0.09441866768306016,0.3770626057645274,0.05776922724358683,0.057727102795979146,-3.6062673946401858,0.08231820897601387,-0.6476085638015954,0.07730112743306604,0.06052302451891365,10.165656920208749,1.5354900875834254,4.0262807e-05,1.559060943791837,5.856729e-05,0.7493817855906965,15127
152,0.08753260125832012,0.3378385786847102,0.14618223049444834,0.03188006868217419,-3.5832312988987813,0.0813496402487761,-0.6552700074907598,0.28650708015678583,0.019042163376343957,10.318199713595543,1.4638194623787744,4.516458e-05,4.735412752492314,4.3749882e-05,0.7372338082078477,15232
153,0.08231619944241966,0.3186673066843977,0.09561497968683252,0.06696830858375372,-3.5948638288138244,0.08291204496060722,-0.6558407979206371,0.0770900035227628,0.07707154388916496,10.239328422660392,0.9039423600740726,4.9836115e-05,0.9621638972881259,7.6090786e-05,0.7291611650154347,15337
154,0.08806394307324637,0.30065210047774266,0.11407568996705748,0.04255759996985695,-3.5423463710597085,0.07580011306541884,-0.565116190428047,0.1789842155258173,0.051462553787651424,10.239105371873997,1.717964888250966,3.9325885e-05,1.5269738164635211,7.3271876e-05,0.6401156100311781,15427
155,0.08370556707746372,0.3389276220641457,0.1396220267424506,0.031215349616894855,-3.6748871851612277,0.07210188730783565,-0.5661496231322071,0.07207992502370647,0.07207811377677426,10.31089013507953,0.8851777166918544,4.8498398e-05,1.4840888383570283,4.8323098e-05,0.6598464433266247,15532
156,0.0823441239828434,0.36697850780417546,0.13369198733768983,0.03027112059093963,-3.729373300745817,0.08641452095923662,-0.5621415961954019,0.37388155067454276,0.014383422692308336,10.162607816815235,1.8380428972318472,3.6835e-05,2.586809335923134,5.626137e-05,0.671324362259626,15637
157,0.08896992979488695,0.33789378484802385,0.09938562165965943,0.022446935731806273,-3.732961037858788,0.07850313306482239,-0.5478849005255725,0.13770774251526155,0.04450746871544271,10.135270382964862,2.13675083179077,3.3562595e-05,2.369069573716298,4.265208e-05,0.643700298324336,15727
158,0.08929307745867589,0.4018340087156733,0.1612404494203438,0.017157209811761612,-3.7991527878478664,0.07208409188881511,-0.6321536750360208,0.11470342719749564,0.047272290335176645,10.227131373331737,1.0023819513363652,4.872811e-05,1.2849114185614872,6.3555046e-05,0.7490586355032928,15832
159,0.08185221178156835,0.3278446507875579,0.103187922042073,0.048921120104005865,-3.620321320671324,0.0778290046534593,-0.523954410836085,0.36504969807228826,0.02852957632767279,10.223303962403522,1.6229117077057837,4.3249656e-05,2.520979102406738,5.452569e-05,0.6180698501663099,15937
160,0.07858846327731399,0.3637969655980422,0.17453924031999482,0.03645508032564375,-3.6594546573938906,0.07004735489851112,-0.6376431152423595,0.13488049661537718,0.04869828103103882,10.277982930163105,0.7762714809922611,5.2935608e-05,1.012830116649142,5.639834e-05,0.7341232693453628,16027
161,0.07995885754815013,0.2971443448062582,0.36634963860000264,0.020149253387527315,-3.6584021443117414,0.08041642349778443,-0.5720226015616603,0.2660569702611728,0.015068590374704404,10.253521397252113,2.63501329820982,3.1839023e-05,3.3447631572959833,4.16162e-05,0.6445964771449736,16132
162,0.09829770680800075,0.36634437423305766,0.15281975210013102,0.02947046431973788,-3.595415586992804,0.08344324653056076,-0.6962921898997397,0.23799319937034974,0.02701119834560495,10.185752901293753,1.048437779772551,4.5492434e-05,1.9027570818104134,4.4441615e-05,0.7867852402324194,16237
163,0.0888272580620527,0.3159448515821601,0.2249107697490687,0.022789013304440022,-3.627155473632582,0.08557161742199966,-0.5913023313565171,0.20388086445411668,0.018072375865731988,10.269460901737126,1.9884456489418807,3.941455e-05,3.7072462003889592,4.76345e-05,0.6704174791194853,16327
164,0.08746306340094706,0.35967558728002813,0.06872590427440635,0.0687219248270597,-3.6397722489848796,0.09180000045605678,-0.5866119613339209,0.18336233187364318,0.0231212781895396,10.143990799155873,1.0903169649759765,5.3704145e-05,1.8900772659320377,5.9299935e-05,0.688098918227069,16432
165,0.07538697695261608,0.3038572680776997,0.23916955285720112,0.023822164846943158,-3.6837456619081115,0.07061671948174969,-0.5700056122497646,0.07581998680850116,0.07560997829414376,10.236986717287161,0.8946004958272348,6.0630886e-05,2.5639758113685573,6.371224e-05,0.645937796819378,16537
166,0.08742561640938674,0.3301003924205581,0.13622732891761297,0.02753237938529295,-3.7092459333241163,0.03308425481766629,-0.535551133718663,0.2711670552509059,0.08619070872993334,10.318990107165435,1.618415326101437,3.69439e-05,4.26467815675629,3.2978358e-05,0.6291115051432072,16627
167,0.08928154890838046,0.31385968032684247,0.17744384617737927,0.0167488581568338,-3.758276428927755,0.07414099121727578,-0.4632847437285936,0.328751282424144,0.023883941008759877,10.168849294565357,1.303453025935068,5.2093175e-05,5.502853832636473,4.332563e-05,0.5595897181922987,16732
168,0.08175429992244512,0.37261870270736885,0.21952768888718538,0.01641988660704508,-3.728793347984416,0.08573227397899598,-0.6046706423406941,0.06217677696855611,0.062139174427884095,10.246489647670446,2.210131887265873,3.929891e-05,5.304071686149246,4.680051e-05,0.7102614189972803,16837
169,0.0809390596028434,0.3029420646725368,0.17422560410563465,0.02356511658026145,-3.610018178238786,0.0852639900997973,-0.6156802600973906,0.2290822320408595,0.024812064221755546,10.187290343348527,1.497915034224959,3.6088986e-05,1.3010308611239605,4.8584756e-05,0.6861749610862015,16927
170,0.0828835669876573,0.28273120418323777,0.1736297585937538,0.028053916965161248,-3.584629921482036,0.07500451928676546,-0.5731149792058314,0.4551175242973187,0.020589632160799586,10.274130597577932,1.6771358937032115,4.1446856e-05,1.2821608665560955,4.8529542e-05,0.6390600231660594,17032
171,0.07267401312186884,0.30925800968225,0.1142152000454777,0.05064768222870506,-3.684641503076505,0.07326752068478047,-0.5890725670073219,0.20358337103147928,0.030062643942116853,10.336945344338154,1.3045141951749888,4.444871e-05,0.7918565802162931,9.5712836e-05,0.6653172218973611,17137
172,0.07835445673514671,0.3385417265402644,0.1818329338159722,0.033004715407244395,-3.568968433485993,0.07136089170260315,-0.6832086879670496,0.3064297757012331,0.021835387626724132,10.245670394290999,1.3009674185798132,4.420467e-05,3.691958478925688,4.1720195e-05,0.7624858109647159,17227
173,0.08185124629116915,0.3369644075366024,0.25935645567624416,0.024490989144054308,-3.5616918437247014,0.07346431038336669,-0.6779327140412275,0.23963639669269415,0.03283408107496739,10.302713079535707,0.8439494081957669,5.644776e-05,1.514661142054204,4.7159414e-05,0.7570586349245335,17332
174,0.086541383619147,0.27530692899834663,0.10521791221600583,0.02779433382019393,-3.5797419881845274,0.08497423429517402,-0.4670992136482879,0.06302555790420998,0.06300541188690807,10.191621930554938,2.0163694952870754,4.4240838e-05,4.820998649905657,5.2716656e-05,0.5421951498725801,17437
175,0.08119876091776534,0.37390182628488444,0.16383989279285094,0.02750821906436459,-3.714807177928904,0.05841434468934415,-0.5992424911383145,0.1770249921383817,0.052659021801309575,10.146406485547276,0.8153619823896475,5.0534924e-05,0.832619917839154,8.184965e-05,0.706324386443527,17527
176,0.0909434653575329,0.34996118307819757,0.16313033188024045,0.014794533877521585,-3.7479838199541415,0.08133706510100763,-0.5053707940577568,0.48078977623361346,0.017691478192542964,10.337126474243325,1.3715401922330948,4.6018828e-05,2.7654632642240653,4.3194264e-05,0.6147133227351261,17632
177,0.09006973376418712,0.3758209707083601,0.1735837321548903,0.01582568778371597,-3.7168096108180144,0.08800069319883183,-0.4545049543660083,0.35130843379072724,0.017375709852951577,10.179971888282392,0.7956878052008229,5.306098e-05,1.7716731490495505,4.6847865e-05,0.5897594048147272,17737
178,0.08639017168367084,0.33505470208073396,0.15719943730716182,0.020374276027944813,-3.6957060810344604,0.08143091786240311,-0.5535436181808004,0.1701454772468879,0.026214613268521474,10.139123022124606,1.5633425962787864,3.774715e-05,4.241520572881208,3.338562e-05,0.6470488317083195,17827
179,0.08176323328319966,0.36857255003582096,0.06431231483654994,0.06428999594807261,-3.676467650529958,0.0804620383487938,-0.6696839790394418,0.13975554762070347,0.04077473628921571,10.265567099388731,1.7756150194534983,4.230823e-05,3.2471846217583806,4.5788085e-05,0.7644098092136228,17932
180,0.08875800507090327,0.31502092593783515,0.11060600448231485,0.0343919172071632,-3.6518417117377657,0.07949270018921084,-0.6511548425224685,0.3358966610221352,0.023090160846996204,10.172975146356373,1.14381918757655,4.7063433e-05,2.527101017229283,4.698063e-05,0.7233538641074586,18037
181,0.08770773015606483,0.3087699239812543,0.18066829383248606,0.024395382592172554,-3.627236637712416,0.08517717335205541,-0.6352825857983124,0.10521404008166954,0.02346811086325254,10.19886899963539,2.0925360608386443,3.8511083e-05,1.8084965001516151,6.237115e-05,0.7063446961462794,18127
182,0.08156694407974414,0.385232929935213,0.14630655561971928,0.038915800873884604,-3.6093776371235373,0.04336901616102164,-0.757068026615818,0.11293572452281866,0.11292715751082172,10.319336441896553,1.4980317307134634,3.924291e-05,2.0804962602525383,6.136119e-05,0.849444764084421,18232
183,0.0907804014622297,0.32628961996033723,0.15239317986458897,0.02983295008002314,-3.5862049887626837,0.06723841567777808,-0.7375672915716178,0.12843799030757927,0.05992690464954698,10.156746472157852,1.1468605301346182,4.2943113e-05,1.090088712964665,6.421548e-05,0.806517467690659,18337
184,0.08563488357240165,0.3760135669230059,0.16551761874946305,0.027297196652783226,-3.6264640456956587,0.07445235645951005,-0.819252259140436,0.1609710168421419,0.053293849545514596,10.284670456715578,1.5658497469863686,4.1973377e-05,3.2976915510193234,5.0607337e-05,0.9014213590862322,18427
185,0.08188450208914264,0.29088733105687775,0.2951654302035675,0.017422983584126642,-3.7389529607308205,0.0648965039669022,-0.6615737371548392,0.2892381407193471,0.03457308615159851,10.201990320277506,1.3983962931513776,4.5449422e-05,0.8568747793357544,7.986726e-05,0.7226999716773302,18532
186,0.08666591091071804,0.37205932142099185,0.20288161268783558,0.013695301376132413,-3.7291924459873362,0.08207808554918399,-0.4975558861144388,0.3611959928282152,0.017598268300465604,10.274955906511094,1.9919748502009156,3.4218985e-05,2.01417443386127,6.266854e-05,0.6212809336068292,18637
187,0.08979204103191969,0.26870756883674435,0.46916678215244817,0.011000678643009323,-3.7208030893416906,0.08419045836369395,-0.47625615518756187,0.08141741402139452,0.08141123701596178,10.144692736329638,2.0485554842085363,3.5054265e-05,1.1992372796853306,5.9046837e-05,0.5468305797083707,18727
188,0.0876414717179833,0.3215287750778658,0.061874241774975046,0.06184695660583929,-3.7546241235901308,0.08932082847771614,-0.4173391703342302,0.2733454215444298,0.016121071696608334,10.057728155942579,1.5390842359874861,3.7051163e-05,0.5573678368003647,8.790796e-05,0.5268327403439695,18832
189,0.07457500399033049,0.3725624302474558,0.10840098319435483,0.049433512597554144,-3.656282017637825,0.07670227603797133,-0.541653785014326,0.07813466783019876,0.07813308980599795,10.19818559571216,0.8681017481833576,5.1657058e-05,2.304118496105397,5.2239247e-05,0.6574127982114709,18937
190,0.08180253201837275,0.34019360695744133,0.12757660267516185,0.03954911824894543,-3.635795772918923,0.06508700855231889,-0.7109214754990608,0.15685127954318306,0.04217321686963337,10.21322100411497,1.090386909247442,4.249483e-05,2.3426025909138937,4.4819695e-05,0.7881250120003017,19027
191,0.08138131922192467,0.3497994447291671,0.14603377733016848,0.03946931258100464,-3.6177343310188967,0.06876376848063907,-0.6609403244592914,0.22324905479517637,0.03445502280737106,10.170295037066454,1.2979951296392616,4.498297e-05,1.9978333167994582,5.6776877e-05,0.7477979433170346,19132
192,0.08891425743742645,0.32254319237514595,0.10238736487364941,0.04357177131530486,-3.5312295625608465,0.07918370415282251,-0.6846376466399662,0.07304952883422795,0.07304256591956407,10.33642900113735,1.1462000071835579,4.6721427e-05,2.347722408261288,4.478097e-05,0.7568109527116145,19237
193,0.09787217749429335,0.374583769229524,0.2086828233523355,0.016509314406719634,-3.5460446905702416,0.078657693858227,-0.757671385463323,0.14383923423781944,0.0437051981993692,10.19364287164657,1.1615122769762805,4.5446708e-05,0.571703485544462,8.784499e-05,0.8452093992142472,19327
194,0.08921795745591604,0.33019425913733513,0.26082459016683035,0.019328914930595735,-3.577730449739084,0.07391901938907874,-0.5447505131690755,0.8342120463983247,0.025614676141053803,10.393791002987664,0.7049826199192856,6.410588e-05,0.6007211059235639,0.00012400295,0.6370097097888107,19432
195,0.0650249888840263,0.32980614145560766,0.1767703726461658,0.039802843063501604,-3.7013381896213033,0.08110638760235757,-0.5932665566270438,0.23016560558236998,0.023637140646744575,10.229875473905949,2.127275103992101,4.025716e-05,3.1755157704165744,5.523857e-05,0.6787763240964917,19537
196,0.08006021080546627,0.3616518652815976,0.2517218408778172,0.02348767635628938,-3.7755140094266064,0.04301107749696006,-0.5821115337119523,0.15639010269151532,0.08846614699654175,10.129806542534286,1.12739053631082,4.4434062e-05,4.245571035932879,3.6816135e-05,0.6853071642279397,19627
197,0.0893510097812412,0.3367514070094504,0.11835299276896348,0.02898717363146241,-3.699450793751078,0.07507522239360478,-0.5505237794616509,0.1292989790283415,0.048607732085614405,10.221637298610018,1.3109862123245022,4.8775477e-05,0.8070933430481844,6.159855e-05,0.6453510222162703,19732
198,0.0826742327856443,0.34106565677676187,0.1452292109637203,0.030467634651504885,-3.7215152341996838,0.06989589310476113,-0.5406403730752664,0.08526991589837286,0.08525189852619705,10.148304823654803,1.504823416293555,3.94568e-05,1.999935630345813,6.174435e-05,0.6392321919549477,19837
199,0.0829330160470959,0.3305529304226129,0.07734626195639965,0.050445252862686876,-3.701461363512093,0.07460110266786507,-0.4872117837630839,0.07476137095611171,0.07476124153937645,10.11390922874147,1.1712006618921162,5.1272084e-05,2.8890273608316726,5.3082134e-05,0.5887618890931908,19927
200,0.08187350763584439,0.2796814992152456,0.09999512765394396,0.05358237491790021,-3.625807072090451,0.08387116937669872,-0.5115889771856481,0.2642533730178567,0.023711521628007697,10.245607179814597,1.6105256217434925,3.7487098e-05,1.7354827778485942,5.9631715e-05,0.5830480448309084,20032
201,0.08679720847070185,0.3310523944068192,0.34108645952140326,0.019319703336269763,-3.646996756804272,0.08743954605516482,-0.544061804904306,0.38477443244715637,0.017318799585101113,10.178633977504036,0.7652675384507064,5.5115834e-05,0.9131426642556901,6.8634035e-05,0.6368664973118144,20137
202,0.0838000029180322,0.30790903959942545,0.11606988765135616,0.0532340330647993,-3.5481470195927227,0.07414342840002408,-0.666279067313135,0.35823716556386503,0.03278465489593179,10.404493468035856,1.0363481673244785,5.016955e-05,2.726859701956317,5.684718e-05,0.7339862207199136,20227
203,0.08283323634515159,0.31972602996458993,0.07751602010704733,0.07742785829991798,-3.559961003255652,0.08939107648957177,-0.6426860990131411,0.2002572557848228,0.01915368043818407,10.305561026229563,1.4788393400718889,4.080863e-05,1.1551768382851721,6.920092e-05,0.7178232067171184,20331
204,0.08235240689602989,0.30875398884852373,0.25989515732879087,0.020790085571209534,-3.6217387040677016,0.0748081113251782,-0.6481732069065178,0.12064480263221929,0.05266357663755066,10.161595319556207,1.5376610785895353,4.1095198e-05,1.0384611075147052,5.623443e-05,0.7179537114475792,20436
205,0.09376708896944791,0.31696454667694496,0.143974471526076,0.022776785866395276,-3.6978824256517253,0.08222351779569335,-0.5544749427401326,0.08609307569961436,0.08608005039287762,10.225735611536836,1.212805885380986,5.097706e-05,2.3702252474706347,4.6419333e-05,0.6386775289430454,20541
206,0.08065820328466206,0.3140555090778135,0.06968844111062018,0.06952586549163425,-3.6966355379469715,0.07388514601484543,-0.525407637733213,0.07218895767475379,0.07218339477434772,10.055635732522587,2.389165393730657,3.9389903e-05,5.756095214048634,3.6630972e-05,0.6121144080729678,20631
207,0.08623593568372205,0.3447560094315633,0.12946140752360807,0.0313636785854106,-3.677999711863537,0.0652887345646987,-0.5311508596072902,0.1287917321094179,0.06057473102354251,10.257847593580925,0.8520906810635086,5.15701e-05,1.7057605630053034,5.0379193e-05,0.6332281908607192,20736
208,0.08839583955041884,0.35452578583840233,0.14245770318793088,0.02486790600764455,-3.682132502401431,0.07973713333371185,-0.47556116943481147,0.2515203156234741,0.023708952074300717,10.266617609621246,1.066880881690297,5.306095e-05,2.2986594861167635,4.6275753e-05,0.5931668894152321,20842
209,0.0815731676174478,0.3174304945407506,0.07746221798643671,0.07745217459586567,-3.6743038228960576,0.0748925456363411,-0.581002025355622,0.23299416816132054,0.02977237674120149,10.124529460311571,0.7840395193038278,5.7390935e-05,1.1010326803367545,6.96555e-05,0.6620615321340761,20932
210,0.08941095790097218,0.3582706715542445,0.186545844502455,0.023569811055682836,-3.6600649975481896,0.07992863530064576,-0.6533286597390623,0.5979424250472598,0.016320184646468946,10.372865907859321,0.7602624063876505,5.5618777e-05,0.8917118463760301,7.5134405e-05,0.7451148983427782,21037
211,0.09603400090859168,0.3433997076103079,0.1709832433385629,0.02176244644920305,-3.6148039158792606,0.07940198882021612,-0.720689648301067,0.1940252657715053,0.043950583505243904,10.211687101359113,0.8161839896362975,5.464217e-05,2.398243357303172,4.6664125e-05,0.7983213189907686,21142
212,0.09070013691386884,0.3069709145546017,0.06373765259082394,0.06370474676108798,-3.583446079251719,0.08541877009703487,-0.5723467485793426,0.1752045005321683,0.02704656856746634,10.189454855016926,3.1478014830289616,3.8158436e-05,2.0294998188788074,5.785264e-05,0.6494705097168261,21232
213,0.08702875433122863,0.2938799723313899,0.19912079592127543,0.02330971800462752,-3.5276824390830788,0.06532619739581841,-0.6139295578296885,0.12206084391279691,0.12204850313986837,10.416510454809432,2.734502254189131,2.9963776e-05,4.925595059011797,4.2150772e-05,0.6806430342804187,21336
214,0.08053178985184362,0.3218887390027733,0.12982239195312467,0.04267758476454654,-3.5969153434947687,0.07289572206096215,-0.626826060026445,0.08649302398632824,0.08648284525740844,10.153677822294103,0.617023677911957,6.288315e-05,3.8893862083718824,3.5120498e-05,0.7046440731497513,21441
215,0.09309113281487827,0.3514155413412712,0.13873836113755084,0.024869410287653885,-3.6611849538435624,0.08707007950128882,-0.49800744255686913,0.06493013815075262,0.06489360590415544,10.256038609449096,1.9308506710960738,3.5528203e-05,1.4231052744620512,5.210355e-05,0.6095115220717423,21531
216,0.07901675793189016,0.34635066147585114,0.1504071153702035,0.024521503485563347,-3.692097834825516,0.06694875368248843,-0.549817861406082,0.0898114280112962,0.08980591595439744,10.214051934402129,2.369071064211555,3.0217494e-05,1.3102685127664961,4.6701352e-05,0.649814174534472,21637
217,0.08130656431132366,0.32118346593961317,0.15459602085383872,0.026153984330019645,-3.6903102423320453,0.08907671898587942,-0.3813330335060023,1.7249547766364837,0.0057777254183020346,10.26468310391578,0.45925807414483477,8.319812e-05,0.6308355256854491,0.00013003593,0.498571661083813,21742
218,0.07736637522324188,0.3379207326518532,0.08347952627006959,0.07115005916142586,-3.7443836923091034,0.08101014397566493,-0.5790277087206143,0.18762163146050456,0.03165525359776173,10.30669017144829,0.9593611687629209,5.0496332e-05,1.9220485749947138,4.0649742e-05,0.6704203972301334,21831
219,0.08247194403436364,0.3469830899108116,0.15345170584856158,0.03426617165413563,-3.6997651201403605,0.07008138607411879,-0.669817946741036,0.3136582213999895,0.026759344297757514,10.272217817241721,1.6052477187721828,3.411799e-05,2.9703441518777542,3.896184e-05,0.7543562463852419,21936
220,0.08662077246839163,0.3474216191601105,0.1679207291406619,0.0309308306061883,-3.689114788228895,0.07738344003428457,-0.6422270930912992,0.07147361566708918,0.07143821068760603,10.159904897978022,0.9604020236917652,4.529356e-05,1.005671140479816,5.6008706e-05,0.7301762941648635,22041
221,0.09130477965088915,0.3314388069700988,0.16207613742634977,0.021840628549583862,-3.5908256974275603,0.05945478992251948,-0.6711038343924212,0.1600724925988914,0.07839823690580869,10.309051579320672,1.5684161459467714,4.406548e-05,1.0951494316669605,7.23154e-05,0.7484864990779544,22131
222,0.08064380333621429,0.35068296587710235,0.13356450824648258,0.03946898854877048,-3.5425381565248983,0.07297525637602453,-0.5490983167703612,0.18163688933389424,0.061370388216521486,10.102182725692913,1.1594311327097502,4.7033947e-05,4.579148083754415,4.1637206e-05,0.6515270554907178,22236
223,0.08860523067374479,0.37449804971464185,0.15031695128873332,0.02883259355516949,-3.5699955419794596,0.07501046595990521,-0.6438506561324602,0.13084581546746002,0.048174298868428514,10.321034128938576,1.321676572984953,3.5313074e-05,0.7543953254320269,6.716806e-05,0.7448439142815559,22341
224,0.07545613021134236,0.33447585691409326,0.10528146055186453,0.05644883215661455,-3.6071492914290317,0.07911880014322825,-0.6324923451437011,0.06016913938473701,0.06012911749825872,10.235517393627578,0.6627981794137262,6.455784e-05,0.41681654293888387,0.00013393402,0.7154863140017395,22431
225,0.08704953701486791,0.3213278167305147,0.12937830051252244,0.021257841613135292,-3.6875906700836425,0.081322579376282,-0.5649031233194504,0.07666886291267899,0.07666279369105708,10.16157211812043,2.386835025585785,3.6512625e-05,1.9457087235613577,4.8106693e-05,0.6498977646836995,22536
226,0.09640879644081975,0.32355403503709385,0.07477241769899119,0.033290885557443785,-3.743015054710624,0.08161677786413639,-0.48559778973073153,0.31379210496119725,0.01848007966445629,10.207076213853327,1.6977317287526954,3.565903e-05,1.3441754275654432,5.9101578e-05,0.5835172893583845,22641
227,0.08536240193922615,0.35117201139649135,0.1130388106615906,0.03066821471305978,-3.7402710899432603,0.07970330401747593,-0.4646939091942292,0.316209595691837,0.020300086060375432,10.103804988303553,0.9574838452503164,4.5873003e-05,1.3388240141433327,4.952368e-05,0.5824621969110716,22731
228,0.0780804673104221,0.2987204461123076,0.19162441614199832,0.025671057999487983,-3.6887448522078836,0.08081117559816949,-0.5314838231778095,0.3734034353177611,0.02136753327481092,10.298366402734421,1.2766919339417961,4.3301286e-05,1.910992006690751,5.2601987e-05,0.6096793905203268,22836
229,0.09086855429155762,0.34707737034439573,0.0725739734520601,0.034081680813578014,-3.686418152776632,0.08212952581844225,-0.5166592995676377,0.06411096339183985,0.06410660977284986,10.290013373706712,1.5850431191289787,3.6608973e-05,1.2474531515485339,5.8519265e-05,0.6224142774992415,22941
230,0.08803409555207821,0.3689891233827412,0.12248581258615165,0.03345864281617827,-3.6966848818944147,0.06774467098260054,-0.8102950224995287,0.10018096082570514,0.10016664086273941,10.139345105482601,1.0293817535690695,5.5695462e-05,2.326217284382944,6.210429e-05,0.8903544219367227,23031
231,0.07348580379862642,0.3483525773212265,0.15587425619782586,0.03304735663926292,-3.6494279481126086,0.08038311064796876,-0.5647085341623134,0.2098812160606256,0.025865427724876704,10.291933226010237,0.9315422361677705,5.2033865e-05,1.4723126426964763,6.124846e-05,0.6635097939609406,23136
232,0.08380000730415689,0.27746131056758044,0.07380117919095629,0.06773578577817542,-3.569774010776843,0.07367853703123188,-0.6482206253297915,0.0676733856926315,0.06765817602665003,10.114270249780848,1.8173103726295752,3.6676087e-05,3.238954075876377,6.370326e-05,0.7051062033231769,23241
233,0.0817241705126665,0.3223458406353475,0.15432530419497884,0.04026450639539165,-3.542641715346921,0.07461397885884823,-0.7606320830954608,0.08073887080269553,0.08073056802031726,10.28420137788775,1.2766976390736804,4.932045e-05,2.2584254437976607,7.085413e-05,0.8261162187059693,23331
234,0.09125564558865715,0.3186180043728074,0.18738126331979163,0.024531407659763974,-3.6290042686968755,0.08151735411281624,-0.6075986554740163,0.4410093530185121,0.018212054860742424,10.397558796086964,2.611300283296828,3.7730573e-05,2.843766516080181,5.7192367e-05,0.6860711033445023,23436
235,0.08934656707781545,0.3790515824400431,0.08312373843015937,0.031317381143965935,-3.6844526322094953,0.08059302077507338,-0.6475658709199255,0.10361214858934882,0.04413031756152229,10.179581768088653,1.1283024840827351,4.9708164e-05,2.4878446366061278,4.9723873e-05,0.7503476922937675,23541
236,0.08566086934740384,0.3864256523588555,0.14576225662375142,0.026292245233854976,-3.7175887398809575,0.0829564217816293,-0.535098454994056,0.1767155304494237,0.028668018246061945,10.267166558310544,0.9036034417539379,4.5458582e-05,1.201118539761454,8.670897e-05,0.6600417724189832,23631
237,0.0959835891889443,0.293888473461193,0.17448262437919013,0.014532522223894171,-3.749435549854901,0.09088427019596453,-0.4863975047780773,0.19308165916532605,0.0230636909217549,10.155511219233805,1.219333883079176,4.5694374e-05,0.6911629609179423,7.326291e-05,0.5682895102742,23735
238,0.09636054352669919,0.29354226754570745,0.170716428323502,0.01472292697441097,-3.6938684827107706,0.07176574671108944,-0.5909968070834205,0.1930003515465391,0.038182444325474886,10.114200266236589,1.5724902736057143,3.9436596e-05,2.6500334325098334,4.121824e-05,0.6598820264400853,23840
239,0.0887378903591775,0.3228973265645846,0.14370919624315587,0.02417375748111884,-3.684826164129146,0.07860305688558183,-0.5499542132694635,0.10476648487498752,0.04560907439464613,10.310900963445645,1.4854764741809245,3.844082e-05,1.4479559103670714,6.397596e-05,0.6377400098750199,23930
240,0.08301884836947178,0.3027379103622419,0.30594987791352485,0.015021196015775957,-3.7187071833231458,0.08524844857070402,-0.5388147667870553,0.06765229084708484,0.06762483201309104,10.095696771019439,1.4983710452501353,4.4042903e-05,1.5400619735523182,5.3651205e-05,0.6180385063070792,24035
241,0.07824384310862847,0.3161269384787156,0.20373785350285542,0.02730961202666714,-3.5903067513816453,0.05425657638325174,-0.6167052411216433,0.18550009585031607,0.07510093023286615,10.263199229782922,1.6635611307082816,3.694551e-05,2.3340730072528726,4.5668316e-05,0.6930090877173471,24140
242,0.08663902377115049,0.39468750083795817,0.12063058489198508,0.032012871516615506,-3.5731805829252985,0.0822424849082327,-0.5882990686530815,0.17989430426608083,0.02900606107631082,10.242724282872405,1.4018311925395603,3.9029364e-05,0.9858447712205202,5.4599655e-05,0.70843067232849,24230
243,0.08967345587831244,0.30659173524560357,0.12587584833596333,0.03525562155575317,-3.5331176804870523,0.0841590631321713,-0.5023351313039507,0.1107614397921244,0.029237687383508612,10.156480770669722,0.9558687563775705,4.8500988e-05,1.895104051292639,5.775395e-05,0.5885057996851583,24335
244,0.08777695088777292,0.36691811474665637,0.21994459853777643,0.019931266659909883,-3.5832793703844583,0.07903020987689757,-0.6930226537496739,0.2789410803953434,0.02186484999573117,10.371239921561624,1.0925333093165581,4.5446413e-05,1.817375422802584,4.7145844e-05,0.7841615277093622,24441
245,0.08182418194134787,0.30343246375977045,0.30128758938766925,0.01945130765000717,-3.699222941769208,0.07225600191013855,-0.6187510617771217,0.24321509218406556,0.03415202765955732,10.28789792051545,2.4004317486615796,3.3631746e-05,0.9648157186586394,5.519482e-05,0.6891473982491988,24531
246,0.08913866955109397,0.3462316568846379,0.09129578688741968,0.036115581763987104,-3.7010697482804407,0.08029357972893474,-0.5718466711489618,0.11264454783559792,0.05277036168396006,10.189219518283672,1.0607621564730376,4.6117515e-05,1.0842124544394325,5.9724884e-05,0.6684945590902222,24636
247,0.08569426889987153,0.3167550372327648,0.15202055575017684,0.022092734990425623,-3.742070692058463,0.08021884639177125,-0.5044987517090773,0.07030350607933696,0.07029955897771088,10.193346830103977,1.6006511027938015,3.9423892e-05,1.7318026320276165,5.226323e-05,0.5956951771571997,24740
248,0.10664600539436252,0.3525822785243657,0.12356259863854274,0.010347029285139477,-3.704822676864081,0.07984028222491643,-0.4774556899559189,0.06332481842594048,0.063308975064358,10.108705463518184,1.8460254813904402,4.08116e-05,3.9761201802593007,4.4162472e-05,0.5935302848218581,24830
249,0.07484649574822347,0.3417393914850797,0.08961705510568387,0.06454998343549642,-3.6715902831318084,0.06284627647257392,-0.6048874610877145,0.09474647150779883,0.0947403899162976,10.306204145683132,2.578679435968251,3.0652456e-05,0.5846226559934816,8.111847e-05,0.6947479055554856,24935
250,0.08598663072496207,0.3375083696243491,0.11382893809884877,0.0371862239566202,-3.6420033536215164,0.07232953358105487,-0.6180891061640836,0.08568941786590914,0.08562907026071534,10.272944633871504,1.3304205654279921,4.5221666e-05,3.932390929677586,3.98278e-05,0.7042343663335396,25040
251,0.0901169372012415,0.33156339498349874,0.1676207217524021,0.021007821596852223,-3.6404709239080555,0.07579992379078736,-0.5702756084372401,0.10093598944014709,0.048207050493158266,10.145530391750073,1.1221157387046723,4.4259978e-05,0.6520144090299896,8.084304e-05,0.6596579071544948,25130
252,0.09001920400267606,0.3435190694552272,0.18809528404837914,0.02089381807944758,-3.5510624524133103,0.07511355948371169,-0.5647103973027368,0.13471724888795586,0.06801425442754461,10.259975515351172,1.618116951491898,3.8621023e-05,2.7878612902115574,4.637378e-05,0.6609865232371989,25235
253,0.08304619523790718,0.35319845797241256,0.12751466113141938,0.04115716618947744,-3.5742898231856306,0.08022462838651523,-0.6723562786078071,0.22375015947426538,0.02598317373319544,10.186782751804445,0.8259046540063245,4.8406164e-05,1.3920732477331716,5.3220258e-05,0.7594814784426472,25340
254,0.08631258587084945,0.31815656404212916,0.21995079616898042,0.02471451043484111,-3.5736166330928283,0.0804118180624087,-0.646636342007475,0.23134172085684865,0.025330675597285787,10.253583200968102,1.641859464372704,3.6157027e-05,1.3859537370058057,4.6326262e-05,0.720667855567252,25430
255,0.08804563679327529,0.32433490482034805,0.29875471914978535,0.015060729441415385,-3.6561466506002063,0.08087911116376785,-0.6620727317707819,0.19127043611106762,0.03199065139604908,10.250923669117869,0.7608949504164838,5.68436e-05,0.5115738868428642,9.1047346e-05,0.737247199139644,25535
256,0.0891049842931621,0.33411711189315163,0.17496052037740092,0.026852251673378402,-3.670947053877217,0.07336561864198636,-0.5873723790917736,0.38299072865084105,0.021333020126203667,10.205609994026714,2.2244834480059343,3.2687047e-05,1.7359987222029127,6.791227e-05,0.6757518451175335,25640
257,0.08256947584633108,0.3615623376802938,0.08906873016286414,0.052237626820812906,-3.7021206834874567,0.07188303982362984,-0.5580211847560513,0.13528648752183192,0.047869625067761636,10.241107105494295,1.4736374162163925,3.9178634e-05,1.1224585401467055,5.520878e-05,0.6649172630225403,25730
258,0.08719659126558454,0.3632386889626865,0.14105350275037068,0.02267602423472975,-3.6980285893443723,0.026699288004101228,-0.5227639647203339,0.6551726171268331,0.03815456345677868,10.342793519661443,1.2968277508323796,4.6951143e-05,1.4191043736499538,7.668261e-05,0.636572468749202,25835
259,0.08946469908508213,0.32098328036336615,0.14806237925529836,0.0258173479778209,-3.7150752461535315,0.07434573732651073,-0.6277964548599156,0.07682160562270932,0.07671696356110873,10.154611609458287,0.9160969989039033,4.9531554e-05,0.8110592508826773,7.212908e-05,0.7050947844137733,25940
260,0.08960774053545499,0.35574433522529636,0.18680472874961332,0.020463782638817055,-3.6040990600719747,0.08154942058722749,-0.5891119916094842,0.3909597887077698,0.019411297820395083,10.434136499087527,1.3853723276416088,4.3228953e-05,1.1857719014321506,6.726342e-05,0.6881910858932867,26030
261,0.081040525016826,0.35316892401180894,0.19473589871837546,0.023709678477356992,-3.609786687491961,0.07512136793764046,-0.6067958368726599,0.17679625175544111,0.03989696327791614,10.193992699475228,1.1478146544727328,4.5804933e-05,1.892779728232568,4.4343964e-05,0.7020893650623478,26135
262,0.08724449334350019,0.31336295019628807,0.12522650652237516,0.0310962913870568,-3.5905255721287093,0.08106997942740314,-0.5463962091551832,0.1180696465992501,0.04423417888793124,10.239971557058324,1.21512355520149,4.2701107e-05,1.0964048125566035,5.3548036e-05,0.6298770958963946,26240
263,0.08901105483786596,0.30586976575149566,0.19575364087569858,0.0263211906183594,-3.521547173199935,0.07253261004614767,-0.6785890145199294,0.1611878657764419,0.057121233155691106,10.277655694537364,1.817390164996345,4.4599597e-05,1.4221343757218134,7.154036e-05,0.7443382055410052,26330
264,0.08205421500877338,0.34513893290537756,0.16486811310215907,0.0326184189497821,-3.59320889804884,0.07969776012840886,-0.5609847320769364,0.22985358903312675,0.025533603076935023,10.190776245814856,1.5396443459308533,4.053844e-05,2.9765159939489485,5.539854e-05,0.6586537425920351,26435
265,0.08734038527271937,0.3746947626165178,0.17068937327342057,0.025687450262210972,-3.6580415928998455,0.07876246691944565,-0.5959092332622489,0.20568432009653947,0.030290372833840118,10.259285121780588,0.9768284442756259,4.7505062e-05,1.5831839330355348,5.0111707e-05,0.7039204354324784,26540
266,0.08718430944649837,0.3015217617421609,0.27933955861972526,0.016528422390824186,-3.7299103906581603,0.07873956269925489,-0.6597931935664123,0.28594441407467036,0.027257180665894682,10.297182095082295,2.000796430841217,4.312643e-05,3.3659121541406636,4.853107e-05,0.7254256895648662,26630
267,0.08753291464335411,0.3574001392592644,0.1637022744415887,0.021610781581780286,-3.703323557504314,0.07218076965361589,-0.5947412961017995,0.23011516208126895,0.04343345507109285,10.211415721310194,1.3180186264811105,4.30993e-05,0.5629873445244581,7.743794e-05,0.6938674720949166,26734
268,0.07087832040058752,0.3076693683611368,0.06285321421310293,0.06284719524579577,-3.7122515806844127,0.08168180793990375,-0.4858641077273446,0.05614292378805076,0.056116465667271374,10.2192891004255,0.9084125929210143,5.616938e-05,2.6463459967158203,5.5082175e-05,0.5750864034259805,26839
269,0.08808976645512256,0.30856112957574106,0.13666032045958226,0.027883845388949575,-3.6562931938991197,0.0011305238685074357,-0.2896867382319982,0.10888056884244222,0.10888004513949749,10.116507326425111,1.0683175859107112,5.300275e-05,3.0069937254292274,9.646531e-05,0.4232356045898685,26929
270,0.08217289786110613,0.33463091766865355,0.12490906105353809,0.04495883829555567,-3.692173451674661,0.079025715041429,-0.6431511470607051,0.15785806075463502,0.03644879958120497,10.321346199733165,1.1216007205995797,4.471603e-05,1.145396905092769,6.354892e-05,0.7249974131162579,27034
271,0.0796707255284798,0.3798958366846336,0.11346570723515068,0.04158015158503538,-3.6101661089338477,0.07580000005857436,-0.7311314735301015,0.25984611871063373,0.02896210302081815,10.319102074916325,1.5524472310560868,4.4201803e-05,2.6677937184632627,5.0882154e-05,0.823938151997233,27139
272,0.0898401382127588,0.2913174726341665,0.12785794222494393,0.03535650327170429,-3.566827547879824,0.074359507517496,-0.6242807551005868,0.09195336954391299,0.09195244318380087,10.16684044235265,0.8382282145908244,5.2191903e-05,1.685327695441385,5.2119656e-05,0.6889066199790195,27229
273,0.08590533307805003,0.32947206829613684,0.09740606009060526,0.05432403398518282,-3.533887860814499,0.07201584419386729,-0.6446534895222165,0.1497983711728102,0.05678048120441606,10.271621120928515,0.7752795826763527,5.469527e-05,0.5197092090495269,0.0001183904,0.7239682074100386,27334
274,0.08004004067680726,0.3547146427116372,0.12231353565120501,0.039705730848330935,-3.5680482285795625,0.08037688698065533,-0.578867836909321,0.3209386789526844,0.0150687767709669,10.181036553756966,1.343516687755222,4.354897e-05,2.281318384150503,7.408748e-05,0.6789038594397006,27439
275,0.08164189891693276,0.351942757889451,0.17567935087067496,0.023002411086554226,-3.711401505758708,0.06336423345040063,-0.6294763924756526,0.22459881590776662,0.0479270894082084,10.233867756677938,1.5650156915724753,3.623042e-05,0.9353568179731202,6.0927083e-05,0.7211825244104259,27529
276,0.08863831480217098,0.3235280405437744,0.18170485034658146,0.022193496663053574,-3.759616832691456,0.08000216994359005,-0.5272749362633532,0.16346167209305562,0.031808862079937335,10.277863776755611,1.2870614120706378,4.713838e-05,1.1203305443886866,5.6207446e-05,0.6186188256346692,27634
277,0.08215769702095171,0.31514520457294176,0.13325813894721186,0.04200670502546218,-3.6990315573645964,0.08539677934060008,-0.5031820230871816,0.055849275673056586,0.05584478155318899,10.128256666133725,1.6240147874421929,3.6634283e-05,2.101176995896163,4.879389e-05,0.5937243875094153,27739
278,0.0728852372787149,0.3467702106239268,0.12815907071108154,0.05778659541522883,-3.707065510652998,0.06417424351159871,-0.6187894576607637,0.11474206208197894,0.11470972243279032,10.332797368722968,1.217548325467551,4.974472e-05,4.5636642133055085,6.349716e-05,0.7093306506053891,27829
279,0.0837411779346742,0.38745762297800046,0.09926676044598647,0.03826049982872748,-3.6823307478257377,0.06555122178787362,-0.5840616506026443,0.08891796364190305,0.07587122701758543,10.144553038532866,1.2428204066206048,4.2718748e-05,2.440964292060368,4.071061e-05,0.700893302370944,27934
280,0.08510866356202446,0.34028293432682083,0.11861873183360426,0.03614101477623008,-3.66239447977644,0.08202886827847698,-0.47664017621540694,0.0579973873853706,0.05796061434173014,10.182876044346271,1.1446487870514537,5.133026e-05,1.2725322031766688,6.55935e-05,0.5856435203916506,28039
281,0.09135643390150451,0.3218956936145367,0.1352866783341117,0.03051804009326433,-3.6061694793143864,0.08103851368642075,-0.5994926018931697,0.11940351388477415,0.04236633932379329,10.326469040135798,1.5958370040481353,3.8458056e-05,3.087198906262524,4.1031795e-05,0.6804470716317516,28129
282,0.07947291714986217,0.3512990856958999,0.07404977162901201,0.07404914746914017,-3.594027408543022,0.05943635937049067,-0.6829718467429922,0.16070869236844784,0.07382864728966837,10.206986416686869,1.4973664922964098,4.174646e-05,3.523615369617618,5.0805837e-05,0.7680244729527232,28234
283,0.08981766849066732,0.3727363661031085,0.09869771222044604,0.03763320451329471,-3.5094822557950085,0.06629456769839542,-0.6388194645636909,0.11461651029482851,0.07927474357198913,10.23928964184588,1.927033806636422,3.3522247e-05,1.4913393218514415,4.5301706e-05,0.7396098342512701,28339
284,0.07138069613653177,0.31145597283168575,0.284541962078147,0.02714714239910283,-3.6155640234006383,0.0745609643814477,-0.6449724956556236,0.80970505551456,0.02030357781085459,10.429046700713533,1.8231639105526027,3.856972e-05,0.7841932613558282,8.102865e-05,0.7162362341886755,28429
285,0.08301888980908387,0.3256959783638512,0.12732153857865433,0.04065619427840155,-3.6333033099412972,0.07102725957722099,-0.666164364254919,0.08660898422157193,0.08654643567619227,10.173026507232224,1.7066146510497884,4.3366625e-05,2.557656153210464,5.400174e-05,0.7415206204317899,28534
286,0.0793448042687083,0.33650099002555434,0.06308275372475937,0.06308124369279156,-3.7571728710026653,0.08821912195066423,-0.4920346997002895,0.24513801228270016,0.011734916283876878,10.232681862918554,1.1606271452173693,4.6408753e-05,2.3018198285618965,4.9883285e-05,0.5960965207056088,28639
287,0.09363587422014794,0.3458394895270854,0.12463162735822497,0.023510938590829467,-3.722982903217054,0.06609926735032438,-0.5770057878913318,0.14179795632981024,0.04625045375521498,10.161649387760852,1.1220356296603748,4.931905e-05,1.8681290281612264,5.1834988e-05,0.6727114030373289,28729
288,0.0815813488136594,0.34420096371456604,0.15937162677693595,0.02623466819554618,-3.7118529022090647,0.07900917902572903,-0.5367021919890609,0.8163538141233043,0.01218166991754601,10.285712795514268,1.5354152683692757,3.8649636e-05,1.2105128803834426,5.7943987e-05,0.6375919904671786,28834
289,0.08715510699779778,0.38208507919302626,0.1458366813996983,0.025031969880219305,-3.6193849394919444,0.07132606955577098,-0.6508705178430279,0.32157097947414337,0.03272485493010434,10.341283425629204,0.8442540704902862,4.910071e-05,0.8327741551907465,6.471873e-05,0.7547326935671943,28938
290,0.07887501184792002,0.31004187811669304,0.074528744530917,0.0744954574876728,-3.6412719773947537,0.0809750031314038,-0.48986910958359925,0.27253716776149933,0.02410800230778521,10.129783399231139,0.7363944489867824,5.44699e-05,1.285003699131529,5.7756435e-05,0.5797393472159318,29028
291,0.08108296694140399,0.36046775352393307,0.12038985424146299,0.03844113130703149,-3.624240052710265,0.08063423806595588,-0.593199304396706,0.1400383294845501,0.02846479100483813,10.353203103222123,0.9721393234819232,4.7461384e-05,0.6832116543517981,7.415378e-05,0.6941342925308667,29133
292,0.08106114514256635,0.30975421182176316,0.07847766099826047,0.056773990929404924,-3.570463303212365,0.08022523496229525,-0.6196077941801474,0.06317673469393777,0.06315219702747817,10.278138453612065,1.0810927491501119,4.7740217e-05,2.9572627864876675,4.9161827e-05,0.692720355085737,29238
293,0.09761204447081606,0.37721751924813796,0.2064852620193994,0.013503158437073068,-3.5912194556329293,0.07458750405683201,-0.6993199628769311,0.22765397342254667,0.031991391624627726,10.113645739403962,1.0945942523372125,4.6228066e-05,1.7235882552427926,5.678987e-05,0.7945699889285472,29328
294,0.08917239954103572,0.3410604631237171,0.1246395063809314,0.03262841996259177,-3.5209533038054928,0.06763652078001942,-0.7386274048490257,0.10017333930029024,0.10016334978157834,10.362884974254078,1.7603550491179991,4.0372677e-05,5.23454181144276,4.078646e-05,0.8135678722148331,29433
295,0.08301903959757291,0.329135481435202,0.29362553062219443,0.022195027768890215,-3.6318156335235106,0.08148256100110211,-0.5930660278296545,0.4337240640251927,0.010570662941302747,10.215072668761563,1.959501506550692,4.03155e-05,4.4088874354661876,5.5746008e-05,0.6782753707051633,29538
296,0.09084216587169824,0.27925969187429533,0.2154765674953597,0.02205963028576756,-3.713711449488505,0.05648875962342984,-0.6834920638344952,0.13626210821888937,0.13621381767869645,10.212378447022104,1.4770643220203814,4.691039e-05,4.0054912871672395,5.2575568e-05,0.738340962449236,29629
297,0.09597267077137814,0.3350522014671791,0.09495507554744771,0.027227732524817243,-3.72981602013742,0.09025817466387594,-0.4813945663483573,0.10667501000877878,0.037587875027946124,10.20631029033409,1.7721692048551387,3.530161e-05,1.6088692744975805,5.7627763e-05,0.5865157339899129,29734
298,0.07465685172823981,0.37767019370459887,0.2045702976383897,0.02696305018988411,-3.747222496621824,0.07901877204609921,-0.5980417236005786,0.37356512302551725,0.018706234719400767,10.17127122560695,2.1816567577226103,3.428716e-05,3.0552534220641623,4.1855816e-05,0.707310878171699,29838
299,0.09569400747090138,0.298895325940456,0.18452720936852554,0.016723100021540368,-3.686717209271534,0.08155107818888968,-0.5710261127604243,0.15308777046589353,0.03085416088334604,10.237687547275385,1.119993373442729,4.7710557e-05,1.2733499554775132,4.9196762e-05,0.6445224878336924,29928
300,0.08168745640662668,0.3085676128563391,0.1869651452793381,0.03172833770157416,-3.65285517785546,0.07461275499079413,-0.48075222049348726,0.2624888250485493,0.029701128247115315,10.254130018466796,0.6643225522406794,6.669593e-05,0.5209213162618234,0.000120314195,0.571258846070044,30033
301,0.08026893742106833,0.35742980680021347,0.17402403685408985,0.03402660512662346,-3.656025918572677,0.058629132587305725,-0.6813249917395144,0.11463345608299126,0.11460731532016159,10.2325418225211,2.000299929470898,3.845358e-05,3.6567519042846475,5.8865902e-05,0.7693892455435593,30139
302,0.08931872244000622,0.33708661887723673,0.15153873962428782,0.03256678082595432,-3.5334058818851943,0.07924495503947361,-0.5914930689949736,0.4176336008950815,0.017962214213709443,10.429060831223559,1.658063602596496,3.7735466e-05,3.4259270073345047,3.9459428e-05,0.6808020558834851,30228
303,0.08898181923704279,0.33281916697467345,0.09592245995567186,0.05704576455367479,-3.6084851249873138,0.09127293911423301,-0.6921791680302657,0.057289757655920315,0.05727633726529836,10.12347475319351,2.7357906042178097,3.3993416e-05,3.6051974852793602,5.150558e-05,0.7680368471374185,30333
304,0.08575196718106334,0.3320673328728688,0.15031965074817333,0.03065602796637587,-3.5680374332829645,0.07378996996031591,-0.6423693846476817,0.07200672197234452,0.07197140931190309,10.248364037785487,2.382461308378845,3.546935e-05,1.4425727771257069,7.082616e-05,0.7231231844533419,30438
305,0.09638429843066389,0.32892074015206685,0.19033677059414322,0.014077774344924741,-3.668311364888005,0.0815650205534038,-0.5981031855851607,0.18118438139263796,0.024567771296953245,10.213987536064263,1.1419295139665022,4.422831e-05,1.2368098642027172,7.351206e-05,0.6825805988374565,30528
306,0.08758931023711712,0.28111559360799837,0.16261413636603103,0.021865552725536506,-3.6864057307590516,0.0650712582163727,-0.43954250331864975,0.09530712151716264,0.09526938971767958,10.079709748225794,1.4320721067174802,4.5910572e-05,1.9787299318504674,0.00010136393,0.5217505047368929,30633
307,0.08655864386883252,0.39160464978631976,0.13695707473304727,0.030474367884470936,-3.716512346242992,0.06857782061518657,-0.5506255402797171,0.12743867344991777,0.08963369492827154,10.293595717074908,1.1570371740109158,4.4162953e-05,1.572582188533522,5.742354e-05,0.6756794264609487,30738
308,0.08370578392888853,0.334322719695049,0.06179669772323374,0.06178862404487718,-3.7417009999896442,0.08133167286067651,-0.5022108184817348,0.06205012142686922,0.06203847058654066,10.249001655922855,1.154417675006895,4.493253e-05,1.1061524951615045,5.4191143e-05,0.6033136722339286,30828
309,0.08936097076877371,0.3648278133711483,0.1536393950268397,0.025162729319771576,-3.66433063648403,0.0721821932988731,-0.516878811440579,0.3227572017079212,0.020889432123537586,10.2278933706876,1.1877126256295876,4.4527154e-05,4.796507895183126,3.198572e-05,0.6326634485454324,30933
310,0.09831924741178433,0.33061588406422027,0.05843734980751313,0.05837481333402952,-3.604984706860499,0.087097011042222,-0.48592638331131793,0.05502495376686266,0.05502446954022248,10.212192317727503,1.4815042470296664,4.2814714e-05,1.789710064283952,7.476231e-05,0.5877340493740207,31038
311,0.08634512884701315,0.33031734189958634,0.06987784400651113,0.06985699203449719,-3.6124360279395913,0.07840124747404588,-0.7277235212283384,0.13044064985469908,0.055240637287286565,10.198722326606749,2.88134633374308,3.188569e-05,0.9809692460837989,8.537478e-05,0.7991814998538067,31128
312,0.10251427270470605,0.3132384134844907,0.0530842023295298,0.05308419455844776,-3.5632979044638327,0.07483151726349747,-0.6028012632310042,0.18616250115319258,0.02823738649634629,10.383091471385665,1.2424816541165191,5.2886906e-05,1.6270562675240292,6.736169e-05,0.6793288354215322,31233
313,0.08006680959840308,0.3393488329598079,0.14148833278579584,0.03881786364264459,-3.5651048688485045,0.07476867790531397,-0.6828270338557901,0.11298190896428906,0.055894411786116475,10.231446758627705,1.2047814390643399,4.830372e-05,3.893069289249957,4.186509e-05,0.7625027138282722,31338
314,0.07944508701457965,0.34395762903077715,0.2031010828987481,0.03284185223483254,-3.5962509569575865,0.069870463309929,-0.6897987335829748,0.19167507888076044,0.03765366957075259,10.214870556705831,1.0823537536621282,5.1222443e-05,1.500926240569203,4.678648e-05,0.7707977318474346,31428
315,0.08345410504986983,0.3426776353515197,0.14544959236822708,0.02934110930124116,-3.6019191830743087,0.08379993867031614,-0.554029833077765,0.07074155152576533,0.0533910324893522,10.210889366643654,1.2494926588242778,4.5235338e-05,5.292702434501142,4.92571e-05,0.6514422596902086,31533
316,0.09397738327234646,0.3261702251713851,0.16508989486592862,0.02136155145176794,-3.7247952725696702,0.0749874922071277,-0.5611174919880357,0.08338986519298645,0.0833859626739848,10.15311167252232,0.9929673493428042,4.662065e-05,3.827634941771637,3.9355094e-05,0.6490299342890861,31638
317,0.08216662914978325,0.32764172673273384,0.0830782904550404,0.040780491008478505,-3.7089033552315027,0.0805025362863813,-0.42308197557990435,0.05407688978541067,0.05407359425842778,10.085429283496026,1.197310518198591,5.0499184e-05,0.9278027255002695,9.61874e-05,0.5351144355714974,31728
318,0.07994385739417792,0.33969401682798916,0.17430174714715777,0.024388146472970607,-3.7365956646378717,0.0781459931685033,-0.5326079818541002,0.39582477254295517,0.01805499660844351,10.269400325267409,2.485113103462987,2.8375362e-05,1.8469082217727628,3.914749e-05,0.6317145616522004,31833
319,0.08828635171021512,0.3282822481287194,0.14955263895185797,0.02484959214567288,-3.658710736654517,0.08132581337696301,-0.5071366778362293,0.13327354350048176,0.043695680151444746,10.070328166421366,1.1255388813447094,4.5182e-05,8.000164555942906,2.6522937e-05,0.6041165818310349,31938
320,0.08897445375446385,0.3249135315171206,0.21621724805653422,0.020308827086150234,-3.614724808812423,0.07234362327813555,-0.6394776392148599,0.31749535491090125,0.0257377523216749,10.298015487604072,1.8863748866452443,4.1681655e-05,2.886904965918073,5.783353e-05,0.7172868701006156,32029
321,0.09010589837393505,0.35929411769727015,0.06359837010509761,0.06359201169283503,-3.6320376514800143,0.07451555793967654,-0.7114499077013641,0.08315453521685635,0.0831529953002014,10.200698159527194,1.72841044894638,3.7083733e-05,3.821416723826404,6.183049e-05,0.7970277499435884,32134
322,0.08956321359034493,0.31793687158476774,0.1452584807558515,0.030413518180813608,-3.5597769655859683,0.07263476552716817,-0.6968669772656559,0.29122492357837854,0.029317138815784502,10.26798386856032,0.6392364971786876,5.7326975e-05,0.5612985219146478,9.98152e-05,0.765968301117273,32239
323,0.10164712307910648,0.33614238811916164,0.17380800807949193,0.016025182171919,-3.550421019217981,0.09633378358443573,-0.6922222826623453,0.05455477445044028,0.05454893414287896,10.324330183785651,1.083533328296033,4.9922033e-05,2.433932671541347,6.085874e-05,0.769521535569162,32329
324,0.08829173646992125,0.3675222836248047,0.0949815634352927,0.036001143845847176,-3.5215444163946543,0.0805005613096104,-0.6215154721848203,0.13380336482627092,0.03173553473013823,10.186475017321563,1.5598013961185622,4.395515e-05,2.4572358512714234,5.2037056e-05,0.722048551778834,32433
325,0.07605264353487966,0.36393160373224465,0.22655396465920247,0.029678548811340202,-3.7006513747229617,0.09576989170969964,-0.49160086167210915,0.318798674205525,0.0075619456073010224,10.201927739351273,1.7558256132891408,3.5284156e-05,2.1291571975926544,4.938078e-05,0.6116515506331066,32538
326,0.08915126130358622,0.3428298159077044,0.1511281562453915,0.022064428618489954,-3.765360778152338,0.08797739092442407,-0.471942376833028,0.17908927937470018,0.01707822604194154,10.191303238761186,1.654556526557647,4.068833e-05,5.09720502911205,4.786888e-05,0.583319714844371,32628
327,0.08048216410382981,0.34446995005742864,0.09997049014042218,0.057955361395471874,-3.721554746450509,0.06877994379589804,-0.6377457991444987,0.08935149003538453,0.08934559673510012,10.094191714012483,1.3348302743082887,4.162738e-05,2.226625998802801,6.138208e-05,0.7248304979917876,32734
328,0.07359870176777723,0.39835397869140426,0.11289520262665147,0.049813846650249086,-3.7192130321645216,0.07995007334889413,-0.6360929985615054,0.0756169700149892,0.07558615462340469,10.289392475226428,1.3408374976770336,4.098824e-05,4.26506319916043,3.9961255e-05,0.7505332738514923,32839
329,0.08320280311243348,0.3470031757534622,0.09804088132436335,0.04122915508074852,-3.657651862211623,0.0668644796074428,-0.6603638871064825,0.08208605824805253,0.08205888879171126,10.184885726053464,1.0024503050592992,4.3124946e-05,1.336661911034617,6.4708634e-05,0.7459836910934255,32928
330,0.07352238972314813,0.3498214829107435,0.14550188685472934,0.042636737044921526,-3.596091461991819,0.07037027431578599,-0.8227449986208277,0.12969349178723402,0.06539035702102917,10.302169620579818,1.2774659390782266,4.0331724e-05,1.8187671821833888,5.861992e-05,0.8940270704298934,33033
331,0.08966075459191124,0.32515855006288497,0.11702603795722316,0.043848073341173015,-3.671068258637434,0.08539986425711237,-0.5975296642424642,0.20980558525552864,0.023545663078198373,10.299506717122751,1.915944464675109,3.8690643e-05,2.726425621387214,4.2921612e-05,0.680271844433319,33138
332,0.09543139250701584,0.2908148797702024,0.09432705441762229,0.04336046482342045,-3.568789656368195,0.08302906288729353,-0.6641250171198182,0.08065980102558393,0.08064820881372364,10.179000652805145,1.319947367665506,4.6502566e-05,1.3924828334497947,5.7765814e-05,0.7250071259375014,33228
333,0.08277758636629112,0.383665887327041,0.1515005335857843,0.032670804265838654,-3.5481508536743047,0.06720382853775891,-0.8248506665147538,0.09964339602895012,0.08417300537745397,10.396245370316748,1.6165689177466906,4.0521783e-05,2.9354020214125205,5.1226252e-05,0.9097132158808507,33333
334,0.08037420417757646,0.3279746412154032,0.15152344440764212,0.04036142911376087,-3.605123507231206,0.07512404643919866,-0.6928280500108611,0.4619701041090493,0.019441590864022838,10.31770110015336,0.824540856935566,5.073586e-05,1.4405237149938157,6.003596e-05,0.7665364128090881,33438
335,0.08949470738429173,0.3158563258008796,0.06751766285844893,0.06751244453590172,-3.6253837057702225,0.07971533012941427,-0.6421590195659332,0.07458078972043274,0.07456242071759499,10.135732947385545,1.345216247732129,3.7895566e-05,0.7760188781947341,7.7583834e-05,0.7156349802506248,33528
336,0.08631440637100334,0.3654870607055604,0.10916940323496209,0.03356104879481315,-3.7050890067432767,0.08001763029709849,-0.45221015468505815,0.2733919424394736,0.012711577247027716,10.285464848271765,1.1391114586265985,4.450788e-05,1.7836277762547852,5.0498933e-05,0.5814420139132312,33633
337,0.0736650371986974,0.3513987924863741,0.15984005414770028,0.03309381772840589,-3.754124894721869,0.07881963549827914,-0.5460552400842515,0.09738740800657297,0.05082414480780038,10.100728298635525,1.0844395300959542,4.291225e-05,1.4629134655779543,5.821025e-05,0.6493515508446495,33738
338,0.08754635338125306,0.2799635332419397,0.32944272477279424,0.012906653180770087,-3.6861768468036633,0.09687217916268126,-0.4541796141648012,0.14332994371904006,0.01568865343622325,10.173709541081024,2.078610236391814,3.8408496e-05,2.4803852523339778,5.845618e-05,0.5335341618567627,33828
339,0.08192963146810171,0.2929317962291575,0.2298228865312976,0.02138395013735469,-3.677249189744158,0.06875095602644228,-0.6674682794366714,0.29237912680110667,0.03665971953550451,10.325305076847291,1.9541305376369853,3.920032e-05,2.1062981235727465,6.461764e-05,0.7289190224546147,33933
340,0.08055191383163984,0.3136314648391754,0.27930411665655175,0.020372544914274156,-3.6492935203439507,0.08020125476899487,-0.6284075908912093,0.18362976629987884,0.021614763027271503,10.189480989397794,1.3565351625796185,4.5133773e-05,2.076852505714929,6.333826e-05,0.7023252779352744,34038
341,0.08028064464368717,0.3203987824421298,0.22728734013706742,0.024444425130262473,-3.620880003839573,0.07942051099251622,-0.6460923768090406,0.3499690408256428,0.01501156263541526,10.35685211477667,2.2630937668990105,3.460439e-05,4.350096413057868,5.775137e-05,0.7211731686364619,34128
342,0.08335256922303652,0.2626432230186095,0.21083695114655698,0.027782994002965675,-3.576913236700891,0.08134528570889651,-0.4981496211062418,0.7066635429977525,0.018068776515224982,10.300266184719316,0.832428253634268,5.980281e-05,0.5413424541307646,0.00012312461,0.5631469680340073,34233
343,0.08945138872155944,0.3065428221551077,0.2010390460437348,0.024213054357799295,-3.5700597635833,0.08179666193969073,-0.6047774745977771,0.5620933989303003,0.018024425400952993,10.390262549568522,0.5978389488480061,7.1114235e-05,0.32310038109223943,0.00014363232,0.6780297158647863,34338
344,0.08133825794881679,0.3490906198805572,0.125928544097293,0.03511145080295431,-3.602941240113815,0.07892830328721015,-0.6764956014058288,0.07101574197385406,0.07100945750955137,10.378266716736395,1.2315159158936078,4.201785e-05,1.0590587565969471,7.004751e-05,0.7612559094089356,34428
345,0.08903315818775824,0.32073094950515113,0.12891261011515048,0.027465888159926687,-3.6008682648559787,0.07835102458344641,-0.5435835234713166,0.11619778170393227,0.050712871598253065,10.185182214466405,1.5442618161609276,3.6649966e-05,1.4770344753655225,4.2239e-05,0.6311508448540389,34533
346,0.08313188501767849,0.32714329018625987,0.07108889863508998,0.07108517328528532,-3.708975988571128,0.07308701316341278,-0.5708413411226158,0.24936791688005935,0.024324803638977533,10.22977099938784,1.7343338603179854,3.91127e-05,2.2009668740308226,4.353229e-05,0.6579381194675971,34638
347,0.0849108834562413,0.3267663148303998,0.22274563386839435,0.020309833572277055,-3.7685650282976995,0.10598001415573526,-0.37505335219506647,0.2009306722138095,0.0018811459612306264,10.099474681087061,1.3111824480321344,3.910766e-05,1.1937009757650872,5.6022767e-05,0.49743466053402086,34727
348,0.08380001991891962,0.28962177106239934,0.24781723161434077,0.01451936211842349,-3.734152144878047,0.07460622371590024,-0.4748461211305108,0.1324131843594782,0.06103977678567504,10.139133211191208,1.844302331757329,4.3761505e-05,4.085147991992508,5.104078e-05,0.5562010509033695,34832
349,0.08113655369605764,0.34092032365366176,0.14871444245917922,0.02995914839964931,-3.642308970670494,0.08020450936311942,-0.6023970014259676,0.1041598606996628,0.03971567868009933,10.304420067106319,1.7871942551215139,3.815429e-05,1.5108772760686142,5.4331944e-05,0.6921768664200753,34937
350,0.07888782245877458,0.2963526557778565,0.22186526178370083,0.03238087932197534,-3.6656834380207197,0.07365078611604825,-0.6912651087640619,0.261082725086016,0.029786551021190676,10.335089100362099,3.4853419753081925,3.161942e-05,5.898976207257788,4.0100113e-05,0.7521119246370045,35027
351,0.09837560886288285,0.30921395975974153,0.181986823625997,0.01980538920279748,-3.61512896732721,0.08107932357769694,-0.6168793991718282,0.262198735296742,0.021267488827033373,10.266482458168824,1.0149835948540344,5.0487415e-05,1.7536166422735593,4.9951854e-05,0.6900387424144349,35132
352,0.08935792918337097,0.33245951046897243,0.18374257506229638,0.03191738199879499,-3.584179223386825,0.07946194633872233,-0.768570020173365,0.19368763335856584,0.029801137396273044,10.334547191990229,1.164202841080098,4.710397e-05,2.895425788244503,3.4293633e-05,0.8373942930367722,35237
353,0.0830703121788652,0.36652389253191076,0.20936710243773293,0.024558206660304293,-3.5373842150529153,0.07299695768432185,-0.7007918158817932,0.36860625579344153,0.03326576630751905,10.34510891806448,1.7053905936361546,3.932549e-05,2.943747551148981,3.2897107e-05,0.7908532942358176,35327
354,0.08105180278981876,0.327340541525645,0.20425172970285743,0.027687185701494265,-3.618462960980201,0.07311266352925534,-0.68254746303674,0.21412964148517458,0.02898405318007649,10.321567487893693,2.2892098174208093,3.392462e-05,1.6128458386818747,6.581954e-05,0.7569827405061442,35432
355,0.07578311236382246,0.2885160475375669,0.10071291507588555,0.04481321172930299,-3.669275178070746,0.07462326575218504,-0.5437006980144427,0.058223547463984754,0.05819197791484909,10.229847985125314,1.01621065331185,4.8892223e-05,4.782128795901509,4.2492135e-05,0.6155095114684189,35537
356,0.09050043180964104,0.3083430383513489,0.24285284226586262,0.009595352977624214,-3.7777754203881093,0.07365611186366378,-0.4941284807004619,0.3710409215965741,0.013313057777904059,10.191421857383581,2.402640856585489,3.9930525e-05,4.552611043703836,5.035141e-05,0.5824417436440216,35627
357,0.08594953254695577,0.32677113543627856,0.064182098299115,0.06415853851604428,-3.730635437783378,0.07668966554186796,-0.502378295407384,0.07240065358263928,0.07239232523064135,10.174731887561652,1.0730507263879492,4.170106e-05,2.4865778210901084,7.3409276e-05,0.5993023666320229,35732
358,0.08745874119587785,0.32718872573225677,0.12287189273601058,0.020877950769775624,-3.714643836800293,0.07888498070937,-0.544665537108794,0.06901363728231698,0.0689884938916867,10.155914417757273,0.6848114719863808,5.6796292e-05,0.9958794843727662,7.6965815e-05,0.6353841433025449,35837
359,0.08774743296001315,0.36294482913565274,0.134928814612744,0.027798870107555697,-3.7360550386110254,0.07952388089322146,-0.6367966431670588,0.20850016490492992,0.03485685175659094,10.260554126352591,1.68192022554131,3.9137638e-05,1.0194927364817703,5.448387e-05,0.7329658339548594,35927
360,0.08298584447628032,0.34902586530291124,0.061084522624592165,0.06106090449585222,-3.6319189798059806,0.07363103374146054,-0.6801556126134085,0.06712523989041398,0.06711398806831317,10.215695897330741,1.1950445812604622,4.7662717e-05,6.0711573183488,4.2751668e-05,0.7644806812601395,36032
361,0.08877255304500858,0.3354623044039109,0.18976821406010802,0.02130935001809921,-3.624469592529793,0.08003653169892004,-0.6572818931318078,0.1551758384866732,0.02877274282730207,10.173670946608421,0.9675993268927108,5.3402593e-05,2.2511407383136834,5.309071e-05,0.7379393231932524,36137
362,0.08079996146076744,0.3425991884954911,0.14916724018149655,0.03369229317026794,-3.5940103384606243,0.07703521571117854,-0.7701777495861766,0.23624092319309226,0.028197971724950678,10.342046687625512,1.0409729560695133,4.8570106e-05,1.0433276457168283,5.9073896e-05,0.8429400749254933,36241
363,0.09898636320766187,0.36541670353857697,0.09784708754182721,0.03664287391931123,-3.546122753300716,0.08127856561322062,-0.6703848514273031,0.07378122862643148,0.07376848777176191,10.22553529368886,0.7894289641116502,5.0543476e-05,2.35978095789377,5.5618286e-05,0.7635084912744635,36331
364,0.07417322075309665,0.34669913250388645,0.1103283834371477,0.07244887986211815,-3.58987714187219,0.08034162149766373,-0.6425622812876087,0.20260883801928936,0.03774004634235955,10.320017234510143,1.185511713536681,4.1271574e-05,1.7885923637978522,4.8272534e-05,0.7301277790993049,36436
365,0.08157996211178904,0.35142025466695115,0.16534549405557997,0.02840173026504842,-3.6980719785570235,0.057191259613530644,-0.5332536669598599,0.45916369811364943,0.031562591297295856,10.476163192030691,1.1403074117444678,5.288346e-05,2.903608004591189,6.263724e-05,0.6386357872186008,36541
366,0.08108188277041468,0.3647838271734616,0.07237412701782243,0.0723615794868033,-3.6823485565331135,0.00916038753714682,-0.5272821108080711,0.14124510992657943,0.14123774785363682,10.142654518977018,1.398358550422148,4.048191e-05,5.926323268417294,4.900121e-05,0.6411658638336362,36632
367,0.08857431672772166,0.3162465497191992,0.12766639862456533,0.03117708515102521,-3.7133523358797396,0.0745500856495986,-0.5364544979185198,0.08699196459229629,0.04506514931445111,10.142607703880937,1.812834737474916,4.1145435e-05,0.8634163460031358,0.00010607569,0.6227321322577702,36737
368,0.07661823296762951,0.3497711816220036,0.15557557779185804,0.03592591111573729,-3.702485404761155,0.0845459853701037,-0.5658371053802392,0.275590458976298,0.0198230514342953,10.179387361202943,0.7821173654876872,5.0629988e-05,0.9714853501576289,6.319932e-05,0.6652153856596679,36827
369,0.08848734282990975,0.32163441264792136,0.19301412176565666,0.018267256720741802,-3.690173066930276,0.08257800846558888,-0.4864293381883084,0.0758584811814835,0.07580759984091244,10.07183935850519,1.287414596396902,5.0694023e-05,4.1867213299388935,4.888937e-05,0.583148520061304,36932
370,0.08060563540662213,0.33052284165235707,0.11855713532372943,0.0495561613380947,-3.6700253918672434,0.08942238220161138,-0.6451388659920455,0.32990887815691317,0.021170068828904084,10.393948691722347,3.26560010329946,2.9598588e-05,5.211459856974354,4.8451922e-05,0.724878959045889,37036
371,0.09120987112824441,0.3345754024949207,0.15750738970807368,0.025098678539666488,-3.628382569590683,0.06689740972378513,-0.7688827654483287,0.14490842071636023,0.050031159056991285,10.228004212033957,1.0922772243543766,4.9775335e-05,2.9579783522415863,4.1026193e-05,0.8385233490834395,37141
372,0.08308900927436409,0.3327430688780798,0.129173023295567,0.03649906194628745,-3.6193635099275667,0.08078322299963674,-0.6114787684919282,0.10485539137069737,0.04252675711373208,10.213016069499124,0.9329873746142627,5.603385e-05,1.2892495694433437,7.075509e-05,0.6961495774636423,37231
373,0.07742541111153878,0.30662376249519757,0.07947601252106301,0.07947313108832882,-3.540057732308546,0.08108119230731438,-0.7920485290400329,0.06877123068448829,0.06876282720677246,10.355537222827225,0.9716133147824376,5.133962e-05,5.391234880695573,6.2322e-05,0.8493285607355914,37336
374,0.08324508715332626,0.36015326679322157,0.14032871657283486,0.027307179854000378,-3.6179682829559763,0.07279467970011924,-0.671523806869534,0.12535692998526596,0.038093213117423246,10.223194460751044,1.2465922911826957,4.339496e-05,3.146243126747299,4.4818007e-05,0.7620069545446292,37441
375,0.08893550419253693,0.3188221065587565,0.11967877021412013,0.02763112830032187,-3.672240599173317,0.0833384691989603,-0.567213438875483,0.05403925310791081,0.05402494205983421,10.31727119156174,2.206846505301517,3.5382607e-05,2.4389295772471558,6.638171e-05,0.6506755111970285,37531
376,0.08812493469676073,0.32456796164185525,0.2003918732847701,0.017551697999730654,-3.7435316740305344,0.08979692445855485,-0.4509601064868026,0.2775705860001094,0.021236868126921583,10.24754753577665,1.3264781686423677,4.612415e-05,3.0618331551466995,5.506396e-05,0.5556162158963119,37636
377,0.07167357587841594,0.30360792834130235,0.23174546593234754,0.029599703858301765,-3.7488263923799137,0.06604885794104838,-0.3797362330712358,0.3357044332614358,0.027214389688194195,10.09861284903708,0.8611149351178377,4.9516922e-05,2.1118694449339257,6.0654977e-05,0.48618657001076165,37741
378,0.07317255046067186,0.36699390162403206,0.19201461397207178,0.03534201899581965,-3.750765099017366,0.05491779108227886,-0.5672252833964941,0.14893247892908798,0.14891764106616878,10.304601811615553,0.9325454839475035,4.570675e-05,3.5466130495628483,5.0074683e-05,0.675595327066035,37831
379,0.09397613149744759,0.35946132038918294,0.21109931587004183,0.018018640118072422,-3.7035943232567297,0.08150272552406068,-0.545203341070336,0.08274950994757209,0.06114351898860184,10.086164366960052,0.9719820413963604,5.098053e-05,1.8404435439025282,4.3565182e-05,0.6530383786349712,37936
380,0.08957676047715725,0.31073085089104013,0.053792897345478215,0.05379127109853007,-3.6570885421184043,0.0879342554585048,-0.44152951917262573,0.0642836086440284,0.06426099479277185,10.2001812023412,1.0417716172914966,5.552264e-05,2.5049923252998947,7.1603594e-05,0.5399092312567733,38041
381,0.07858354286018789,0.31874255729759365,0.1528026557831771,0.034979290410404096,-3.6271879452994913,0.07262664157427282,-0.6363027754671086,0.21071436227628365,0.038646249169772565,10.376366972661739,1.738611278942135,3.802773e-05,3.276007967814396,3.56703e-05,0.7116727056026214,38131
382,0.07743632135337188,0.3722172794654877,0.163092187567091,0.03368182437951839,-3.5722810717500235,0.06571368264160528,-0.7099014740076258,0.13969975437682158,0.05373325907538713,10.224937102972095,1.5308994128667954,4.1658324e-05,3.6189753210577025,4.6448797e-05,0.801564598726072,38236
383,0.09572935143307265,0.364878765120319,0.17421483009310654,0.01834511665904941,-3.4909744967408063,0.07296716246032907,-0.6383473552840431,0.09782176852333141,0.0564249730331181,10.324408611470611,4.073314155473924,2.6033438e-05,6.217163565294497,3.7546135e-05,0.7352712827479809,38341
384,0.08770953355858202,0.34553206760843647,0.23756826775071868,0.013595991176369242,-3.5666692695339774,0.08817878085336676,-0.655868182676801,0.47653022133472067,0.015056904546211987,10.308003726138235,0.3404830500238486,9.9447374e-05,0.2641499645124755,0.00014503639,0.7413200946915783,38431
385,0.0959514605349401,0.35803324714161344,0.13264524054778926,0.025950360863007553,-3.674233695244657,0.07518645076489892,-0.6350849282529856,0.14517599210365922,0.04453298134538346,10.15764266358761,1.1556862026560086,4.3836186e-05,4.8829063593988336,3.97071e-05,0.7290546427757438,38536
386,0.07460278106541593,0.31394379369954617,0.1618166353145304,0.03163010370445873,-3.730082386796874,0.08086606815328125,-0.59304473004538,0.06510893002444493,0.06510603492883447,10.308502868673884,0.9427476925250071,5.8791036e-05,5.778991313651143,3.5836365e-05,0.6710162124994157,38641
387,0.08908240104515232,0.3151478690553332,0.21789312692019433,0.01618113484651058,-3.730560700244338,0.03129399317397533,-0.44671859303813444,1.4635039679805675,0.030194184025584457,10.343334384645138,2.3691150923667976,3.7239068e-05,0.9365662018416675,0.00012243143,0.546695235699094,38731
388,0.09245058021385862,0.3551465903337075,0.1609016930489495,0.01853882748300639,-3.758646355109746,0.06306979714304708,-0.5875069194818092,0.10218559041781826,0.10215679368577645,10.259681514251742,1.4746667461361553,4.3132182e-05,3.380291513663318,5.3799093e-05,0.6865081798963967,38836
389,0.09748609042101883,0.2887805864531421,0.11703897053654605,0.027699792398208994,-3.6856129623069522,0.08135121671480113,-0.5283074396421696,0.06830487501946232,0.06829910364455129,10.207056008610328,1.7255675870199685,3.4678847e-05,4.255492769580096,3.7884067e-05,0.6020822019404705,38941
390,0.08770475169076061,0.3202289422474871,0.2706236038224622,0.018394581425144396,-3.6514745414186045,0.06432721249394072,-0.5921607657707446,0.15754019703579847,0.08175797158354631,10.160395078864838,2.7311002041225922,3.468091e-05,3.0312217760998554,5.658751e-05,0.6732020112649242,39032
391,0.08209605841159334,0.3627038339877012,0.11909563893593464,0.05710905139442685,-3.601675418739908,0.08192193349786746,-0.8535123856291805,0.08386764679578837,0.08385259575803132,10.35862604854933,1.8737211137013363,3.772432e-05,1.8193174653271242,0.000105581945,0.9273820483553652,39137
392,0.08888098035260447,0.39884808847036346,0.16850747081091336,0.029302541091855122,-3.588863297250141,0.07409100555765818,-0.6757854496101475,0.4199637947077336,0.023912649247615197,10.370144269246612,1.2436953289467514,4.417525e-05,3.2849198195297817,6.0227307e-05,0.7847074433069002,39227
393,0.08255757944124167,0.29783804676417275,0.12309089896920838,0.05700384946923999,-3.5568196767805627,0.07241134799087079,-0.6968044848882746,0.10192771431256227,0.1019251296991969,10.265090943824323,1.0751749808048385,4.6864607e-05,4.697149557091566,5.3292468e-05,0.7577888837009364,39332
394,0.08379999975859838,0.36077919397821595,0.15040174800122735,0.038712063206518516,-3.622348590062362,0.07058282985861995,-0.6157635327375174,0.1808694124257918,0.04580457818112923,10.349523410811033,1.0958526565397684,4.5134337e-05,2.7740057416396997,5.7861376e-05,0.7136710412066324,39437
395,0.08927507246226252,0.33096676054449653,0.17734175284643777,0.022728178273400994,-3.705647221864834,0.0772136602786739,-0.5952129162207389,0.1663026797205549,0.0330579182266956,10.160937729715467,0.6418003108320337,6.449925e-05,0.5948962150588638,8.978747e-05,0.6810414174052225,39527
396,0.07613014619401173,0.3345490591122494,0.0748047555405337,0.07470136009383803,-3.6953650337901576,0.07104740931412108,-0.6209430440809697,0.18697258200332129,0.04400779299860456,10.329695016856967,1.217696607466204,4.4962486e-05,8.644492271619168,4.1100724e-05,0.7053320756533282,39632
397,0.08764340756158703,0.3106604532869306,0.11022212119911268,0.03564321253149759,-3.755339562096782,0.06608155473722155,-0.43827450092827014,0.10047093080289707,0.10039280844597961,10.226418524399108,2.033546206072025,4.003945e-05,8.728509572917373,4.427065e-05,0.537209880214768,39737
398,0.09383507292275488,0.338211093548149,0.15910368019413573,0.021247166433797596,-3.6765678054183892,0.07378543541775835,-0.39307778173501084,0.07577401554811324,0.07575263607203438,10.092902640128662,1.7417065917740044,4.2463333e-05,3.466005282324454,5.6241042e-05,0.5185526842016649,39842
399,0.08929334764920738,0.37102760961608805,0.14406701655949464,0.021133885358443752,-3.7029067196399237,0.08096359412147343,-0.5820079283131063,0.1538179926564507,0.03787030101324515,10.287577516410828,0.8596748145135741,5.8203714e-05,3.425135144691019,3.738209e-05,0.6902135290739687,39932
400,0.08197235190410163,0.3345605412292296,0.06561363246897517,0.0656078241578044,-3.665916550746038,0.0666754783396273,-0.7608229005400043,0.09337828995066214,0.0933708938703363,10.144115144865083,1.8541893518749366,3.605934e-05,1.453899383659469,7.3077965e-05,0.8311331071096256,40037
401,0.08806080019644363,0.327907843262453,0.15742162071247195,0.0237886899219159,-3.6443187540544297,0.07465884245452387,-0.656582997248173,0.1482025673343066,0.041412551562333644,10.240266713520368,1.2071181893848577,4.1833562e-05,1.4850441439487296,6.146894e-05,0.7339106116881182,40141
402,0.09631039359827011,0.371955316074772,0.10700589032468993,0.025929682811647998,-3.5684033391443117,0.08645529367999437,-0.5713922073816831,0.18996065507143178,0.022125434830177922,10.336361324080533,0.7926658546628282,5.1003273e-05,2.7775471034535526,3.8153426e-05,0.6817916190543822,40231
403,0.08938835049027184,0.3142857564899704,0.2849754107178475,0.01850109349607254,-3.596685060921083,0.08299955096228497,-0.5240469335256264,0.2593055379446542,0.018266516762948472,10.247678046474451,1.1248647394602294,4.6643498e-05,2.2703512517320057,5.6499262e-05,0.6110652381457198,40337
404,0.08137676965162426,0.33459135651945127,0.11910794423664844,0.04133102362482277,-3.565787189954344,0.057985909417782325,-0.8448293255519997,0.09325454375503993,0.09325223262964669,10.408978182556359,0.8089387883257073,5.2169013e-05,3.5270080659269984,4.6473266e-05,0.9086737396723717,40442
405,0.07992771226032439,0.35433281304726844,0.07975056635924994,0.07970992015810566,-3.69022366729889,0.07343878747856569,-0.648478986643536,0.09003278789628995,0.0900215134581687,10.19779940502191,1.2682270415809676,4.8721202e-05,4.270779692510574,4.5165263e-05,0.7389700525191922,40533
406,0.08925101373182145,0.29815638056131416,0.1892596915791852,0.01924204235028919,-3.6955438847937097,0.08479550952761654,-0.42929275714665005,0.08564388130089311,0.04683414622907341,10.144074269411096,1.5523826388595237,3.8485672e-05,1.211865459298291,6.223727e-05,0.522675328103399,40637
407,0.09765620068958411,0.3496192151720838,0.1079559673722346,0.04088127507690443,-3.7728402973030866,0.08622435348187757,-0.6029877705496914,0.07143357444516814,0.07142105978915694,10.242525213063493,1.0018483214794789,4.7009646e-05,2.0954196973590866,5.601767e-05,0.6970135199908472,40727
408,0.07445964850795118,0.34455719541623103,0.14392587657203063,0.04428065570719609,-3.788200373927365,0.06367320655104107,-0.6974839098498901,0.31181091671013184,0.05681343574598472,10.238427704678529,2.587512910631951,3.5962858e-05,2.2119214149447304,6.13783e-05,0.7779482408313476,40832
409,0.08216062958746902,0.3275879581834379,0.1401262058389952,0.023453703993335347,-3.675218536064675,0.0500528882463945,-0.7359293900216658,0.14911498344107388,0.06926294932300464,10.311022039078566,1.0155123576366647,4.758934e-05,0.852841392537602,0.000105247535,0.8055469802838658,40937
410,0.08832474955933842,0.36535362648466146,0.09547132991781446,0.04205464447785342,-3.6410659105849534,0.07317591900511511,-0.5511535603748935,0.21158404243306678,0.03158048242884781,10.224621072483593,1.93497430874456,3.2620726e-05,3.0311878715622065,4.6180212e-05,0.6612514797710587,41027
411,0.09436229690662849,0.3031089191724238,0.12520413399388616,0.029853226794605316,-3.5708201780894533,0.08353178160924768,-0.5645790682421791,0.10001964443709732,0.037731358333640254,10.133376058345828,1.6673599609292593,4.0354254e-05,3.058096828450465,5.403199e-05,0.6407999228925375,41132
412,0.07901778071898422,0.3520340932362532,0.08108814482480473,0.08106902619323773,-3.5323755027526444,0.07351431356537658,-0.6480440819209693,0.08903760133994584,0.08902518899252604,10.284522959418949,0.8903940269402624,5.2533404e-05,0.983690435208759,7.0923285e-05,0.7374883964602175,41237
413,0.09203978460242014,0.2911406076610688,0.18511436846186924,0.020320104460779406,-3.6025563940154974,0.07837763860988006,-0.6256797835771387,0.22461665957601998,0.032351025043492125,10.249534044562765,1.6561997224703047,3.679755e-05,3.028640144988292,5.7367266e-05,0.6901000253632741,41327
414,0.07982823814297202,0.3043415822027753,0.17393971566459204,0.03340967470407006,-3.591915011950324,0.08290870995794906,-0.601772025656494,0.24817374517112403,0.02299848821550549,10.247803800592562,2.2183261443944655,3.790637e-05,2.662599947648031,5.616566e-05,0.6743540387069753,41432
415,0.08158369372580344,0.34625030501969306,0.07202474574251305,0.06952631574094607,-3.675101998801792,0.07580001607655695,-0.5932441991926506,0.11406277111220715,0.06017812643457494,10.308379402245937,0.9078349183750313,5.234268e-05,1.554350371155278,5.019503e-05,0.6868973384734868,41537
416,0.0834248905360232,0.3444680483924137,0.13257301676215913,0.028131459397870845,-3.730985209856439,0.07926413177051628,-0.5547897869088695,0.23011190279602667,0.01883912152492762,10.14196796741602,0.977493645136191,5.120928e-05,1.880312255487595,7.7795055e-05,0.6530313499531757,41642
417,0.09594486025837934,0.35423350993703573,0.07624345333704032,0.032396406057867005,-3.747527502670183,0.07356710820319119,-0.6002110394387855,0.10560685507214258,0.06125249939398408,10.258331127280096,1.9035464754596036,3.7675094e-05,1.4680041963880044,5.508187e-05,0.6969466776063282,41732
418,0.08835335974558177,0.3287355895700325,0.10212512554841538,0.03378196837676523,-3.692252980626699,0.08548222720058213,-0.5671439787488791,0.2413455897235563,0.019277831998885605,10.17038680208527,1.2158091092548111,4.7137855e-05,1.5725401105253438,5.8897356e-05,0.655529847132124,41836
419,0.09264026592854778,0.36423330817852484,0.13676104375735015,0.024018062625128678,-3.681364215216216,0.07998286988269147,-0.627667827385057,0.42161039249406096,0.02288974948201051,10.239911229820084,1.3603638894586731,4.479982e-05,2.3780151526628095,5.909758e-05,0.7256947046251268,41941
420,0.08322482003819892,0.2932695291866404,0.13710022477131295,0.027229196870570453,-3.671406476646248,0.08129414652534682,-0.5933077503601605,0.06717700788873777,0.0671741833368221,10.307781334029077,1.844835523830824,4.127296e-05,3.957436025860144,6.428505e-05,0.6618316276718635,42031
421,0.08861472452113485,0.2983140362932677,0.20643365562858026,0.018229974348448783,-3.6375455203120386,0.07530840034767297,-0.611166393419511,0.25729459665178356,0.02712941135765836,10.157003098122589,2.1582380131354024,3.912998e-05,3.4821035093992925,4.873732e-05,0.6800850128439778,42137
422,0.08830693215681922,0.2844969592452694,0.24769591944390196,0.015678628418181094,-3.596284211252659,0.08648751081438927,-0.5046273112620535,0.2246842264091358,0.018661995299590298,10.250441700033855,1.1704960409980598,4.747268e-05,1.0510294870850305,5.920854e-05,0.5792989237788846,42242
423,0.0902266396480626,0.35799828802859596,0.11591815704090913,0.03169531760767929,-3.563653383086734,0.07047338836627746,-0.6283409800981125,0.09930957995932853,0.08276943675897304,10.281586299966323,2.1851996419017294,3.2463297e-05,1.553834617791539,4.817604e-05,0.7231702161331467,42332
424,0.07548547533100272,0.3145009203913046,0.13262659990916423,0.05198056359508169,-3.587052455270489,0.08581202372375131,-0.5702138000072801,0.15275876644096334,0.031213503416956747,10.1889531616087,1.1146143057932922,4.281356e-05,1.1935700365301518,4.7680493e-05,0.6511947532387835,42437
425,0.09146201339251603,0.33267011781501327,0.06068874650661896,0.06063827519680012,-3.673466904091473,0.07565446784797747,-0.6906512917761664,0.08046454848126387,0.060504289107475476,10.311458225413507,1.1896459779749278,4.6325156e-05,1.5160444894110061,7.4512944e-05,0.7665954696703745,42542
426,0.07945743508809401,0.3176222501850983,0.18476694570925367,0.02897342228927562,-3.736067194592974,0.06747924232191871,-0.6308891546013936,0.09093575460656202,0.09092873113151226,10.187163701698573,0.814123787417313,5.9297796e-05,1.6672164429607434,6.568908e-05,0.706332088472771,42631
427,0.08349769889421109,0.2504233086822164,0.47187334130231295,0.012630506491404639,-3.7670755335406554,0.07424602564870432,-0.32233320275531396,0.7106655951161637,0.011187261576331332,10.231689726716327,1.4302715396189407,4.345718e-05,1.4765778910509708,9.122593e-05,0.4081795280631391,42736
428,0.08456386256468826,0.3608145727619562,0.14097638603733925,0.03292039058658722,-3.7161998696863754,0.07311374326906116,-0.6382204829035034,0.14418758031926326,0.0449753821803789,10.329495305917987,1.3692859152183148,4.050954e-05,3.0831877638569636,4.3023043e-05,0.7331524675774979,42841
429,0.08758466832215353,0.34027885729724455,0.32816343965912076,0.012156539332337627,-3.6989773455893817,0.07910971012644356,-0.6059127716300076,0.5052911194383042,0.01866153569119875,10.246962712249381,1.4190892200081062,4.408506e-05,1.1603082887251999,5.3659976e-05,0.6949244473666732,42931
430,0.08178364374076447,0.3136140685889599,0.07815051474180289,0.05971329762370064,-3.653294747266063,0.07073582801518953,-0.6176374888373902,0.08449076891932782,0.08446802475361186,10.202553246963625,1.0248930209892027,5.0748746e-05,3.3652513644867073,4.519995e-05,0.6926975181378076,43036
431,0.08119664113555143,0.3646542112404623,0.14235078537294985,0.039455561675779814,-3.6529674873385827,0.07967795783851109,-0.6868335229186832,0.26372936568648775,0.023090395510427734,10.310240384762855,1.3671865107630172,4.176057e-05,3.4301301786316576,3.5182504e-05,0.7776329352466322,43141
432,0.08899318166059583,0.3102142289933847,0.12679925549428614,0.042838357867152975,-3.5845114178206803,0.07515001761033213,-0.6744099888375467,0.20913915691427207,0.04246577038773114,10.206094394710254,1.7446492598211443,4.082306e-05,2.5439697918935473,4.7807778e-05,0.7423353022144508,43231
433,0.09712692211589807,0.37266103596937583,0.14166953687284914,0.02282731306293939,-3.5941978841809235,0.08519231692960255,-0.5510862209395023,0.08330476271177721,0.08325365413957196,10.332499640589493,2.1438287601535495,3.7749433e-05,2.767595356338666,5.2603755e-05,0.6652610545035312,43336
434,0.09326221125904767,0.32766281775883127,0.14445733927541626,0.02317070868057592,-3.6189905838099143,0.08176327265273028,-0.6008951763719745,0.09991169533354301,0.0727966650548551,10.228352967165051,0.8878104371321427,5.2221512e-05,1.7264659031075102,5.8054917e-05,0.6844252589792135,43441
435,0.08183534317422898,0.28806073261477677,0.08410272563036451,0.08402688360856067,-3.7095922137025856,0.07100125918604565,-0.5697278062353143,0.1878600654558872,0.04194180781455594,10.207142128669165,1.8661693685183722,3.7249065e-05,0.7384478608464351,8.395618e-05,0.638411120573777,43531
436,0.0790985474378262,0.380055722903885,0.20034754228306842,0.02370440740418335,-3.729665181773588,0.06353784847053522,-0.6730539500204608,0.12879934904163584,0.128729123572681,10.263859279439714,2.0428254442535567,4.0307965e-05,2.1669740070084327,6.357015e-05,0.7729449994340732,43636
437,0.08680220256451388,0.3282682650654174,0.15441758554796337,0.02010659466704176,-3.7386466008799997,0.08115213178458801,-0.4977660392477193,0.08990529230700581,0.04967689599206768,10.074256525477283,1.2859864850759373,4.6402e-05,1.1405627402503051,6.014115e-05,0.5962642733532013,43741
438,0.08710928118199422,0.29517771653859665,0.1313298275744183,0.02192766756882508,-3.7180707969433207,0.07491025164220073,-0.49436430249285973,0.0456583373797155,0.04564865524917669,10.250940768643858,2.232199593651724,3.856851e-05,1.5319912682842205,7.490017e-05,0.5757828999893899,43831
439,0.0825297354294747,0.3128722277827323,0.1469735712092209,0.03924872692095696,-3.689375606098122,0.07091914408382687,-0.5575005871059477,0.11929941592785917,0.05302665116612883,10.177628945604221,0.9896644935629034,4.0792027e-05,1.8100355883841603,4.5856275e-05,0.639293309476336,43936
440,0.0892978776770683,0.3260770038089874,0.2735121750700446,0.018079470499523957,-3.6722209694625056,0.0786359614069673,-0.6291883723621388,0.4247209373324491,0.016388865299365164,10.237004962303153,1.4779744310505736,4.3383585e-05,2.0320302350958417,4.826432e-05,0.7086636863341904,44041
441,0.08584912315428525,0.3315862040486998,0.1385181503350265,0.025653085515729347,-3.62342598890133,0.07817497314434117,-0.6028966696613827,0.264088004708506,0.01765642422827384,10.304440320453825,0.9621867104342864,5.408502e-05,0.5679269300297883,0.00010052594,0.6880652621693761,44131
442,0.09464099695504886,0.29726797060983623,0.3265668808334163,0.01671518679445176,-3.5819863045547073,0.059267567732724125,-0.6481843559177175,0.14881882304405977,0.06418665557422161,10.120090853485461,0.5008861542504671,7.329308e-05,0.515729761583726,0.00011953004,0.7130997164541273,44236
443,0.0809893465807819,0.3195783848437609,0.1878666846758857,0.027287221253488692,-3.605754451530397,0.06493629280990049,-0.7316934828489456,0.115093410397504,0.06857508119709431,10.267518506723825,1.39258135272515,4.6817833e-05,1.441158195481076,5.7193476e-05,0.7984395386646175,44341
444,0.08054517444139997,0.33823728298420946,0.1284094389906938,0.04321606493587838,-3.585094548765194,0.0723111976395597,-0.8126098660237226,0.31487625876390757,0.03464401156799933,10.427636269423505,1.4991208183636213,4.549995e-05,2.0107014873620064,6.114838e-05,0.8801927368250847,44430
445,0.08746711893997083,0.3278796480276899,0.16430517750342086,0.02638895940424393,-3.685426751368566,0.08181650641190094,-0.5681112918672985,0.1750413577270292,0.026973028283997405,10.234825872119844,1.3325286755827286,4.3557753e-05,2.2233772025245324,4.713563e-05,0.6559386431198367,44535
446,0.0808731628113189,0.34584856175604267,0.18959098874650396,0.028519049834233055,-3.755296971024518,0.07925682203742941,-0.5647126380044453,0.1842388352129906,0.05489035575647042,10.291516070053081,0.9456734443669335,4.3847485e-05,2.9221338697746484,3.4587883e-05,0.6622020773077225,44640
447,0.08202404377448023,0.3368787385459459,0.18409108987903125,0.019613208678020053,-3.7436190808449026,0.0737278056795152,-0.6521295437206809,0.29142090574250246,0.026017411763199785,10.222835589025701,1.4324942694158511,4.45239e-05,9.946447241851645,3.8743285e-05,0.7340028789300839,44730
448,0.08379999170238962,0.3472213723259057,0.1059480540423553,0.03508914136651543,-3.7255733217880547,0.08865656226209535,-0.5198277161964693,0.07437714616924879,0.07432908162779779,10.192549247452432,1.8032363807774976,3.938268e-05,1.5553640119378491,8.593634e-05,0.6251268158749249,44835
449,0.08927836726463495,0.3486319818853433,0.1236834056618789,0.03034908107429313,-3.667833790785914,0.08201894215401088,-0.5876512460784212,0.2610466756074075,0.02883356343616855,10.338337904637088,2.1791809982750636,4.01424e-05,1.206353374024537,4.895498e-05,0.6832848935918483,44940
450,0.07905306309783415,0.3874422346643984,0.1576956779805975,0.028712745735101318,-3.5710480418722708,0.0678662533087708,-0.6286143166480344,0.0957501248443223,0.09569543104739223,10.11087497539829,1.4393978786798916,3.7011963e-05,0.5328247048775885,9.279118e-05,0.738422266929037,45030
451,0.08363474009929513,0.3308553974500867,0.1494086532622978,0.03314061077453451,-3.5556874509663157,0.08248818651915384,-0.5850582980051203,0.26689726535194286,0.03217311164631257,10.374278269443225,0.6816027424669742,6.2222694e-05,0.6072884125315663,7.1302464e-05,0.6721298282969616,45135
452,0.08758310616319047,0.34726276413074303,0.1343000100014662,0.03151661211191061,-3.6431928088505754,0.07901051892895905,-0.6733187836647441,0.23387335406061527,0.02834684875570263,10.297197314483743,2.290532386632388,3.6263296e-05,2.240140116352058,5.6484063e-05,0.757594622332745,45240
453,0.0806509041255078,0.3238740045902118,0.08318601258916669,0.08312349183218119,-3.6395707884435957,0.026898218265271674,-0.653196350645438,0.12063570160783522,0.12061975939396016,10.202872301704728,1.0187153517735905,4.5992056e-05,1.9533347375858245,6.496794e-05,0.7290815066546529,45330
454,0.08862750350956865,0.2802638764070334,0.3724658689119892,0.014363928809317486,-3.6087945093056564,0.08120866658546898,-0.5561914797686556,0.37059801952223537,0.015771189346374646,10.353816240481354,1.5943635327601173,3.722586e-05,5.178191523401016,3.9289764e-05,0.6228136178552486,45435
455,0.08953847481751148,0.3414630999878821,0.16245734158245295,0.02437061174570019,-3.6448116339240832,0.07795096904526773,-0.6929701385843601,0.23237505057191232,0.03595456585667619,10.290656107358092,2.2513070428430377,3.4025263e-05,1.0000762632681248,5.3806856e-05,0.7725313337483223,45540
456,0.09934464371978007,0.3490697092177016,0.0989884085501274,0.022096633295593582,-3.6793719165670753,0.07528024764969897,-0.509435248401707,0.06945367284668857,0.06945148716229775,10.260363473667015,1.5747777005467516,3.9304003e-05,2.7885712740759248,4.746453e-05,0.6175548025944253,45630
457,0.08608060373554002,0.38935569215135873,0.16921152746554294,0.020721221884921027,-3.7255189692514223,0.07872141604686457,-0.6282773800598541,0.08561435685478662,0.08559027765118937,10.302355583599537,2.0993545972134044,3.8785216e-05,5.098651501546,4.1042338e-05,0.7391416111311404,45735
458,0.08928238053099087,0.3099300608220374,0.20140025347563045,0.018226792427441966,-3.7298343521636976,0.08267065645296442,-0.48730408646409273,0.3834189493654128,0.025116563797376226,10.233007234593261,1.6913483972593477,4.318631e-05,3.0621151176966186,6.246662e-05,0.5775135628587053,45840
459,0.0877008234326604,0.3427144272516876,0.17110615948684124,0.018689250587298433,-3.743626460085724,0.06896236797687677,-0.5681270058565512,0.12744935762584744,0.06631391441743607,10.369161040370004,2.5114974905757794,3.4483397e-05,1.1764495334174192,5.637423e-05,0.6634918789480261,45930
460,0.08306754010641092,0.3141188023620702,0.16161270741139513,0.03058098556185469,-3.5855573904788107,0.08941942766995893,-0.2998353946670922,1.3870105213984425,0.005803389679688922,10.288998190097201,1.0229242070773312,5.2882748e-05,2.7562308056728657,8.296145e-05,0.4342486452397431,46035
461,0.07579999981052972,0.29716661452972654,0.15157604649360654,0.038279359221185465,-3.6826403395062792,0.07242506409232888,-0.5925104002146944,0.2058116075806013,0.024976884051502817,10.154391246618065,1.2046406410665789,4.2192532e-05,3.760011030613419,3.8816608e-05,0.6628548643207172,46139
462,0.08858856806308717,0.33801546319766596,0.07231609939990634,0.07226035292690011,-3.600637933823048,0.0716398941052697,-0.6947661448862935,0.15196646114557197,0.04033389596659524,10.24874513665748,2.0606303259901506,3.269074e-05,1.7970433361244604,4.4951794e-05,0.7726282737778205,46229
463,0.09670802720501641,0.3883020569632391,0.09022108155534901,0.03768919749227484,-3.5037864607113094,0.06755305839048321,-0.7133712179552306,0.08142024343240965,0.08140913285851462,10.189554990748595,1.3497503997190314,3.9437255e-05,1.2098035892131158,5.8205263e-05,0.8122050123268212,46334
464,0.10203808721506023,0.35052815095452244,0.18594494922583946,0.01384154971678607,-3.559681868840024,0.07513649135477488,-0.6020604136293629,0.08551153281998995,0.0854955406005563,10.288185933861122,1.4217142373039346,4.17753e-05,2.9857308946639676,5.3912863e-05,0.6966683043394152,46439
465,0.08847850848971349,0.30715702313957155,0.09408703095059019,0.05449915445453812,-3.6115615014180706,0.07508839244618044,-0.560195155132843,0.08608515981091142,0.08608064987673786,10.238027301905937,1.2148258403264178,4.334898e-05,1.8969306712671532,5.4519845e-05,0.6388771781009815,46529
466,0.08478684029431037,0.32335665083368736,0.19126701700608587,0.019302996740167513,-3.6974622840194495,0.07840940377754786,-0.5638819352406996,0.2167981868226105,0.03246298713468545,10.172678057226916,1.5038904102763244,3.946433e-05,1.1302640581672998,6.07563e-05,0.6500172001794843,46634
467,0.09532741066738089,0.39692352463943487,0.12858284841059817,0.016058804295500266,-3.7164887035700755,0.09941602426025434,-0.5976197406477959,0.16399032514566808,0.014390878084979299,10.283589147352469,1.2256683039807108,4.5514025e-05,2.124041263249192,5.429537e-05,0.7174243087769824,46739
468,0.07138846062655771,0.33130946011340234,0.17493425514682784,0.03578812099656888,-3.7181292270478465,0.07654156026547275,-0.5431321642469031,0.22291714843420057,0.02790065039488494,10.145474771238915,1.275367375452689,4.421305e-05,1.5304256135166379,5.387871e-05,0.6362063393272336,46829
469,0.0789280702515892,0.3267859651585584,0.09623881774395772,0.0512362006372205,-3.6735024343273466,0.0824341379520629,-0.5157080571680234,0.2065797724855991,0.027554467727873497,10.20058238011159,0.8093657119993986,5.2367046e-05,1.6961465082574738,4.3564647e-05,0.6105275319366259,46934
470,0.08328304213687773,0.32557356137976823,0.14447629823026634,0.032601291579690425,-3.707810276513669,0.07992437137726426,-0.747070081309199,0.06829104918805137,0.06827620100011847,10.28683717203221,1.495337086124318,4.6167115e-05,4.158548814455035,4.6547215e-05,0.8149305800231323,47039
471,0.08901092139610933,0.3394199345433339,0.1211344367326406,0.033897317222842296,-3.688651366690651,0.07339814412996398,-0.6703713076933505,0.2646693562156998,0.027402274561425764,10.172405568153204,2.2957327451754694,3.318852e-05,2.7752484460947677,4.1493415e-05,0.7514010794135805,47129
472,0.09684540832543062,0.32707619817504047,0.3031756560957634,0.01562314298423395,-3.6449687081642876,0.07371814526539325,-0.692889471556547,0.20094371513352124,0.0530562182428008,10.30568649634924,1.000415241094125,5.020955e-05,1.7477284557173292,5.5125514e-05,0.7662079738599367,47234
473,0.10142626768007133,0.3713583902434143,0.17847118077849747,0.017007603882897022,-3.5949459405735067,0.07894865905977343,-0.6663111883631183,0.19082427378982336,0.03410390182880355,10.195297371694183,0.9182653454030216,4.5648285e-05,1.2719682820683003,4.93888e-05,0.762809054575292,47339
474,0.0943702543717113,0.3528050344787406,0.0599136911266903,0.05986780056028545,-3.5666100852533873,0.09032282734274355,-0.5466599230020144,0.052232011474353295,0.05221547394866347,10.102875986327337,1.6595287187837997,4.446089e-05,2.882544984635294,7.83819e-05,0.6506215979892719,47429
475,0.07858204278913071,0.35193365668480564,0.11989380593505122,0.033381907990385505,-3.657245421579401,0.07573826111438217,-0.5902492993808818,0.11415603199966069,0.0422675483643698,10.250707896474518,1.4833712238876224,4.3290012e-05,1.3413709258364315,5.089443e-05,0.6872055981488804,47534
476,0.08587919925647158,0.3390684880418885,0.09636407451053156,0.043112085982510734,-3.7106620752594957,0.07873125329418813,-0.5305333522304864,0.07498406145223226,0.07497841270901257,10.178382458777714,0.927307751062415,5.023074e-05,5.424677208796398,4.223104e-05,0.6296293174653874,47639
477,0.07450072204461285,0.345294054844798,0.13057565762597065,0.04168321622776438,-3.6682291820600614,0.05905384457040971,-0.6357293623434108,0.11267246805797512,0.11263199174332593,10.212968172957481,0.9379596196957019,4.8150025e-05,2.491228554591383,4.6333527e-05,0.7234499336213406,47729
478,0.08324461334963557,0.3543923722905484,0.12363106595329912,0.030683518672616657,-3.680487470020761,0.0668120119051355,-0.6007183341989288,0.29772733548433805,0.033661219118270115,10.31152558364449,0.9421236088984021,5.077778e-05,1.1432708429345648,6.489805e-05,0.697464314915436,47834
479,0.08671271603047659,0.34591088380583496,0.11855337244604014,0.03257742350383722,-3.7177499153052436,0.07799788814748605,-0.5844593638144998,0.2779127590251106,0.022245214235362295,10.167484980863284,1.1421664274438428,4.740049e-05,1.2675887473398122,5.7193964e-05,0.6791517411343239,47939
480,0.08839484145977995,0.3374289944339884,0.24027946175249018,0.022282939708286136,-3.672348539219054,0.07157229039470459,-0.6385952926304382,0.19342600676268612,0.03761087374163097,10.35642609823809,2.1802226324524145,3.194115e-05,3.1903742422940073,4.484404e-05,0.7222619151350067,48029
481,0.08119083739100885,0.3110042933185165,0.14167753782363826,0.05092830714043031,-3.6765382328030025,0.08305575593010338,-0.5426111678767164,0.41709952927781124,0.018776972412304273,10.246515217150794,1.269933006094378,4.074977e-05,1.4429732892003646,5.027113e-05,0.6254202986529009,48134
482,0.09718378473142912,0.3573197286709618,0.14326146430976042,0.029472944259378304,-3.5754138665602695,0.07361856827153904,-0.6506518361324091,0.21583756922974148,0.036656636381766104,10.177177205950937,0.9972769005679555,4.843765e-05,1.6760261029965162,4.8660666e-05,0.7423107168564691,48239
483,0.08538532830213698,0.3584461303710904,0.09859296517637277,0.03983090884532416,-3.542580056714437,0.08040360757855902,-0.7206425492782335,0.2868248373012785,0.02042443094065987,10.336429671504478,2.3033867097058294,3.4508306e-05,3.0295776653866096,4.1921998e-05,0.8048660212782248,48329
484,0.08946658843497195,0.3443179492505996,0.09373948500385552,0.048530328432557265,-3.616779103568212,0.057022723091656444,-0.533222641262144,0.1743714928888514,0.0703742070755656,10.10724251664778,1.2548447565462928,4.2816093e-05,1.8772957432259378,5.0919753e-05,0.6347292614420069,48434
485,0.08977352219937901,0.2810464132047916,0.2320016066586238,0.013381817734304979,-3.666726753667689,0.08320648031918983,-0.5190774784679915,0.39091671647515835,0.013352285808775847,10.277996488858037,1.336699419438997,4.9739006e-05,3.095726573311601,3.965751e-05,0.5902783369123135,48539
486,0.06941775266112793,0.32832912701271566,0.11393022913261312,0.050240885982484614,-3.7083738815878426,0.07709003309429688,-0.45000489555008033,0.09520024580198387,0.06189430643856709,10.231341472341875,2.071977886036862,3.712572e-05,4.540661360009761,4.3672837e-05,0.5570497479255966,48629
487,0.08876071102347213,0.3140425173766255,0.13699124316176356,0.02780766762393609,-3.697973944031377,0.0714571446639904,-0.5298388274543733,0.12783576344987235,0.06132908682731325,10.204566720944216,1.3362933831016715,4.363525e-05,2.070692572275228,4.512563e-05,0.6159154859219512,48734
488,0.08504617448191287,0.3545210922017275,0.14433341358290291,0.02521654264966394,-3.6951299328254277,0.07901082445223387,-0.47675991554476493,0.08530285212761068,0.08527845603086932,10.27486631206666,1.711691395280165,3.8331695e-05,2.9399674912673777,4.2382777e-05,0.5941255943705482,48838
489,0.09275544423994607,0.3764676240221574,0.1165943690492833,0.026396390293921657,-3.6896758711441575,0.06966410918994351,-0.5750103882054647,0.15461213988652056,0.04704580456783448,10.181435772574783,2.2081436522628315,3.420247e-05,2.000707648192253,5.643742e-05,0.6872880171231619,48928
490,0.08817052236893828,0.34923196307109183,0.19315064387545722,0.019740781952485496,-3.6447180185087853,0.03502678619354729,-0.6710798879838515,0.10714054165875314,0.10712015944045339,10.261751916873271,1.9867378717865243,3.967805e-05,3.6617554140667323,5.122391e-05,0.7565125115204026,49033
491,0.08838288576887576,0.34455072315144414,0.14382030298727372,0.028671909457555305,-3.6236883044385193,0.07976841843337634,-0.5048089040110526,0.07521709875306164,0.07518057550460676,10.25878203442799,2.31601679154123,2.9689829e-05,1.6078845088366487,5.3063686e-05,0.6111851032158941,49139
492,0.07982704140031982,0.33264467753467547,0.14310592032723843,0.03836860117502291,-3.6094840286000327,0.07228584620615587,-0.633689654979246,0.17334783004425464,0.044707849277293155,10.163219463857942,1.342615263649043,4.260896e-05,1.9557417626804794,4.8553295e-05,0.7156920149895932,49229
493,0.08142288991537901,0.36701293857870243,0.1693624857856968,0.03778573483176099,-3.614731434821936,0.07436042805705055,-0.6755427052880765,0.1491415931468173,0.057149325590313535,10.27703467096089,1.0285401339104325,5.1368297e-05,2.421452243444542,5.4344822e-05,0.7688019535303662,49334
494,0.09064490770519089,0.33186212453890607,0.1630114304081127,0.02840754129908285,-3.5756439800206725,0.07451161585098975,-0.6880359036745597,0.23125384862981502,0.0408019873798916,10.34566790457061,1.0879687385887662,4.4935994e-05,1.7028417036687773,5.0516905e-05,0.7638886531744953,49439
495,0.08292607378583153,0.31555887802308813,0.23768288151413042,0.016328322950616942,-3.6667322389801633,0.08212196818457014,-0.528198778636746,0.059967237825154215,0.05992241458688901,10.09576686555122,1.4065144220309382,4.2377877e-05,1.5536306469831473,4.861229e-05,0.6152815252000831,49529
496,0.08927720104876323,0.3639645202408006,0.14623029283277625,0.030198332171556735,-3.7083956424271647,0.07448878867575388,-0.642524002971885,0.13591210887534907,0.052701623971885846,10.27234970557108,1.172021849027451,4.3007472e-05,1.954388524907873,4.6780162e-05,0.7384492307458457,49633
497,0.08333672913645927,0.29220411625351855,0.2294633220784988,0.01875321315904177,-3.7397065930203897,0.07983046924348595,-0.5346302110916381,0.24610928135781354,0.02408194810167863,10.165689199556311,0.8609419309599752,5.3710126e-05,0.8165051331278856,7.4347576e-05,0.6092722775306533,49738
498,0.08994515077456244,0.3158352945274278,0.1366640006929205,0.0189266731044805,-3.6391016069033286,0.07117972891743442,-0.6358135183785857,0.08224728739316998,0.08222850005308706,10.26487023479793,1.2882567838366707,4.5399316e-05,2.7059995091887394,5.2641626e-05,0.7099371545581927,49828
499,0.08060070392840181,0.3540956943666876,0.06335340345255683,0.06333707590305762,-3.7368023815850937,0.07348394507840451,-0.7345792092669383,0.06796768129479368,0.06796485382568453,10.256464542991553,0.9732686023149747,5.039251e-05,0.7091717622598895,0.00011530191,0.8154694203072651,49933
